{"type": "FeatureCollection", "features": [{"type": "Feature", "geometry": {"type": "LineString", "coordinates": [[-95.3356621789483, 29.7660440242754], [-95.3346702809242, 29.7660478774677]]}, "properties": {"centerlineid": 1088490, "roadclass": "LOCAL", "fullname": "BARON ST", "fromleft": 11801, "toleft": 11899, "fromright": 11800, "toright": 11898, "onewaydir": " "}}, {"type": "Feature", "geometry": {"type": "LineString", "coordinates": [[-95.3554380858955, 29.7410515901977], [-95.355033282193, 29.7407680052071], [-95.3529046541307, 29.7394462257469], [-95.3526579825134, 29.7392858498683], [-95.3508430294653, 29.7381058198976], [-95.3503637772353, 29.737794215506], [-95.3480599223435, 29.7363524362744], [-95.3474162980833, 29.7359411889719], [-95.3472277666422, 29.7358207221958], [-95.3469747338872, 29.73566436724], [-95.3467371203494, 29.7355076412822], [-95.3461297962756, 29.7351202914016]]}, "properties": {"centerlineid": 10125978, "roadclass": "RAMP", "fullname": "NB I 45 S TO NB US 59 N / PEASE ST RAMP", "fromleft": 0, "toleft": 0, "fromright": 0, "toright": 0, "onewaydir": "TF"}}, {"type": "Feature", "geometry": {"type": "LineString", "coordinates": [[-95.3232719550253, 29.7694104485076], [-95.3226388053803, 29.7694143350839], [-95.321799562392, 29.7694200499091]]}, "properties": {"centerlineid": 10142188, "roadclass": "LOCAL", "fullname": "HARE ST", "fromleft": 4701, "toleft": 4799, "fromright": 4700, "toright": 4798, "onewaydir": " "}}, {"type": "Feature", "geometry": {"type": "LineString", "coordinates": [[-95.3232644115815, 29.7687277749706], [-95.3226312537968, 29.7687334756043], [-95.3217920163677, 29.7687391915106]]}, "properties": {"centerlineid": 10142189, "roadclass": "LOCAL", "fullname": "GUNTER ST", "fromleft": 4701, "toleft": 4799, "fromright": 4700, "toright": 4798, "onewaydir": " "}}, {"type": "Feature", "geometry": {"type": "LineString", "coordinates": [[-95.3232338709604, 29.7673429801456], [-95.3226007077655, 29.7673505398209], [-95.321776752617, 29.7673601151322]]}, "properties": {"centerlineid": 10142190, "roadclass": "LOCAL", "fullname": "EDMUND ST", "fromleft": 4701, "toleft": 4799, "fromright": 4700, "toright": 4798, "onewaydir": " "}}, {"type": "Feature", "geometry": {"type": "LineString", "coordinates": [[-95.3130258724039, 29.7566827955195], [-95.3130259028922, 29.7576938256174]]}, "properties": {"centerlineid": 10142191, "roadclass": "LOCAL", "fullname": "PLASTICS AVE", "fromleft": 727, "toleft": 749, "fromright": 726, "toright": 748, "onewaydir": " "}}, {"type": "Feature", "geometry": {"type": "LineString", "coordinates": [[-95.3240655356488, 29.7680352835651], [-95.3233406681768, 29.7680352603108], [-95.3232491240731, 29.7680277250617]]}, "properties": {"centerlineid": 10142213, "roadclass": "LOCAL", "fullname": "COKE ST", "fromleft": 4601, "toleft": 4699, "fromright": 4600, "toright": 4698, "onewaydir": " "}}, {"type": "Feature", "geometry": {"type": "LineString", "coordinates": [[-95.3093790013206, 29.7577376306095], [-95.307441138437, 29.7577529013846], [-95.3069681694328, 29.7577681966758], [-95.3041224187027, 29.7577910025286]]}, "properties": {"centerlineid": 10142256, "roadclass": "LOCAL", "fullname": "ARMOUR DR", "fromleft": 5801, "toleft": 5999, "fromright": 5800, "toright": 5998, "onewaydir": " "}}, {"type": "Feature", "geometry": {"type": "LineString", "coordinates": [[-95.308455860608, 29.7710222881363], [-95.3084558337559, 29.7697118715995], [-95.3084558302139, 29.769213986423]]}, "properties": {"centerlineid": 10142262, "roadclass": "LOCAL", "fullname": "WOOLWORTH ST", "fromleft": 1001, "toleft": 1099, "fromright": 1000, "toright": 1098, "onewaydir": " "}}, {"type": "Feature", "geometry": {"type": "LineString", "coordinates": [[-95.3232491240731, 29.7680277250617], [-95.3227302723002, 29.7680352589907], [-95.322615961905, 29.7680277485137], [-95.3218889325548, 29.7680465324682], [-95.3215934839616, 29.768029812115], [-95.3213671198032, 29.7679821675787]]}, "properties": {"centerlineid": 10142269, "roadclass": "LOCAL", "fullname": "COKE ST", "fromleft": 4701, "toleft": 4799, "fromright": 4700, "toright": 4798, "onewaydir": " "}}, {"type": "Feature", "geometry": {"type": "LineString", "coordinates": [[-95.3241114210863, 29.7625764835686], [-95.324157064495, 29.7626547238849], [-95.3241647810266, 29.76277499966]]}, "properties": {"centerlineid": 10142297, "roadclass": "LOCAL", "fullname": "EMILE ST", "fromleft": 101, "toleft": 135, "fromright": 100, "toright": 134, "onewaydir": " "}}, {"type": "Feature", "geometry": {"type": "LineString", "coordinates": [[-95.3240577961921, 29.7673505114316], [-95.3240655356488, 29.7680352835651]]}, "properties": {"centerlineid": 10142310, "roadclass": "LOCAL", "fullname": "N EMILE ST", "fromleft": 511, "toleft": 599, "fromright": 510, "toright": 598, "onewaydir": " "}}, {"type": "Feature", "geometry": {"type": "LineString", "coordinates": [[-95.3504632638978, 29.7528472073523], [-95.3505928452573, 29.7526792724558], [-95.3511575686132, 29.7519621358162]]}, "properties": {"centerlineid": 10140020, "roadclass": "MAJOR", "fullname": "EMANCIPATION AVE", "fromleft": 601, "toleft": 699, "fromright": 600, "toright": 698, "onewaydir": " "}}, {"type": "Feature", "geometry": {"type": "LineString", "coordinates": [[-95.353270912792, 29.7476916470273], [-95.3536752326163, 29.7471880694931], [-95.3538581942041, 29.7469610638849]]}, "properties": {"centerlineid": 10140028, "roadclass": "LOCAL", "fullname": "ST CHARLES ST", "fromleft": 1201, "toleft": 1299, "fromright": 1200, "toright": 1298, "onewaydir": " "}}, {"type": "Feature", "geometry": {"type": "LineString", "coordinates": [[-95.3494485534388, 29.7509282855101], [-95.3500283284931, 29.7501883030981]]}, "properties": {"centerlineid": 10140046, "roadclass": "LOCAL", "fullname": "LIVE OAK ST", "fromleft": 701, "toleft": 799, "fromright": 700, "toright": 798, "onewaydir": " "}}, {"type": "Feature", "geometry": {"type": "LineString", "coordinates": [[-95.3489221835071, 29.7483839236632], [-95.3495094798295, 29.747655406042]]}, "properties": {"centerlineid": 10140070, "roadclass": "LOCAL", "fullname": "DELANO ST", "fromleft": 901, "toleft": 999, "fromright": 900, "toright": 998, "onewaydir": " "}}, {"type": "Feature", "geometry": {"type": "LineString", "coordinates": [[-95.3518822646715, 29.7446722726052], [-95.3524011039196, 29.7440084934561], [-95.3524697858759, 29.7439302588002]]}, "properties": {"centerlineid": 10140074, "roadclass": "LOCAL", "fullname": "DELANO ST", "fromleft": 1401, "toleft": 1499, "fromright": 1400, "toright": 1498, "onewaydir": " "}}, {"type": "Feature", "geometry": {"type": "LineString", "coordinates": [[-95.3501657075956, 29.7436423146187], [-95.3502649689537, 29.7435259331886], [-95.3507607953905, 29.7429080504909]]}, "properties": {"centerlineid": 10140089, "roadclass": "LOCAL", "fullname": "ENNIS ST", "fromleft": 1401, "toleft": 1499, "fromright": 1400, "toright": 1498, "onewaydir": " "}}, {"type": "Feature", "geometry": {"type": "LineString", "coordinates": [[-95.3495553488599, 29.7428201778262], [-95.3498987652484, 29.7423948722828]]}, "properties": {"centerlineid": 10140097, "roadclass": "LOCAL", "fullname": "PALMER ST", "fromleft": 1411, "toleft": 1499, "fromright": 1410, "toright": 1498, "onewaydir": " "}}, {"type": "Feature", "geometry": {"type": "LineString", "coordinates": [[-95.3012154678084, 29.7693896915752], [-95.3012079634267, 29.7691893620821]]}, "properties": {"centerlineid": 10142372, "roadclass": "MAJOR", "fullname": "LATHROP ST", "fromleft": 1083, "toleft": 1099, "fromright": 1082, "toright": 1098, "onewaydir": " "}}, {"type": "Feature", "geometry": {"type": "LineString", "coordinates": [[-95.3012688768147, 29.7585519669049], [-95.3005058469629, 29.7581476358006]]}, "properties": {"centerlineid": 10142377, "roadclass": "MAJOR", "fullname": "CLINTON DR", "fromleft": 6939, "toleft": 6999, "fromright": 6938, "toright": 6998, "onewaydir": " "}}, {"type": "Feature", "geometry": {"type": "LineString", "coordinates": [[-95.2994608456356, 29.7673372870518], [-95.2986213873874, 29.7673448047534]]}, "properties": {"centerlineid": 10142439, "roadclass": "LOCAL", "fullname": "PALESTINE ST", "fromleft": 7011, "toleft": 7099, "fromright": 7010, "toright": 7098, "onewaydir": " "}}, {"type": "Feature", "geometry": {"type": "LineString", "coordinates": [[-95.3022529601639, 29.7673792861044], [-95.3013603670826, 29.7673714925148], [-95.3012079485801, 29.7673297463915]]}, "properties": {"centerlineid": 10142447, "roadclass": "LOCAL", "fullname": "LARIMER ST", "fromleft": 6801, "toleft": 6899, "fromright": 6800, "toright": 6898, "onewaydir": " "}}, {"type": "Feature", "geometry": {"type": "LineString", "coordinates": [[-95.3530801477298, 29.7542853881313], [-95.3537210705006, 29.7534899807224]]}, "properties": {"centerlineid": 10140146, "roadclass": "LOCAL", "fullname": "ST EMANUEL ST", "fromleft": 601, "toleft": 699, "fromright": 600, "toright": 698, "onewaydir": " "}}, {"type": "Feature", "geometry": {"type": "LineString", "coordinates": [[-95.3507913346506, 29.7540469549493], [-95.3514092331417, 29.7532533479868]]}, "properties": {"centerlineid": 10140173, "roadclass": "LOCAL", "fullname": "BASTROP ST", "fromleft": 501, "toleft": 599, "fromright": 500, "toright": 598, "onewaydir": " "}}, {"type": "Feature", "geometry": {"type": "LineString", "coordinates": [[-95.3495781423693, 29.7555574636313], [-95.3501885449306, 29.7547964992308]]}, "properties": {"centerlineid": 10140175, "roadclass": "LOCAL", "fullname": "BASTROP ST", "fromleft": 301, "toleft": 399, "fromright": 300, "toright": 398, "onewaydir": " "}}, {"type": "Feature", "geometry": {"type": "LineString", "coordinates": [[-95.3458322345548, 29.7443384396012], [-95.3464043111102, 29.7435927734085]]}, "properties": {"centerlineid": 10140192, "roadclass": "LOCAL", "fullname": "ROBERTS ST", "fromleft": 1101, "toleft": 1199, "fromright": 1100, "toright": 1198, "onewaydir": " "}}, {"type": "Feature", "geometry": {"type": "LineString", "coordinates": [[-95.3012079383805, 29.768018170366], [-95.3012230126239, 29.7674422243648], [-95.3012079485801, 29.7673297463915]]}, "properties": {"centerlineid": 10142510, "roadclass": "MAJOR", "fullname": "LATHROP ST", "fromleft": 1133, "toleft": 1199, "fromright": 1132, "toright": 1198, "onewaydir": " "}}, {"type": "Feature", "geometry": {"type": "LineString", "coordinates": [[-95.2998040167683, 29.7471536504148], [-95.2978280391699, 29.746520463442], [-95.2977746161249, 29.7464766555251]]}, "properties": {"centerlineid": 10142598, "roadclass": "LOCAL", "fullname": "AVENUE Q", "fromleft": 6901, "toleft": 6999, "fromright": 6900, "toright": 6998, "onewaydir": " "}}, {"type": "Feature", "geometry": {"type": "LineString", "coordinates": [[-95.3520807616536, 29.7682089102635], [-95.352080771065, 29.7685828656362]]}, "properties": {"centerlineid": 10140289, "roadclass": "LOCAL", "fullname": "MCKEE ST", "fromleft": 901, "toleft": 907, "fromright": 900, "toright": 906, "onewaydir": "FT"}}, {"type": "Feature", "geometry": {"type": "LineString", "coordinates": [[-95.3512184755068, 29.7598566643817], [-95.3510422415159, 29.7602490455145], [-95.3510135205578, 29.7603167616833], [-95.3509877763547, 29.7603853831625], [-95.3509650462713, 29.7604548103726], [-95.3509453632982, 29.7605249425647], [-95.3505926067118, 29.7618942174445], [-95.3505166140953, 29.7622389855456]]}, "properties": {"centerlineid": 10140309, "roadclass": "LOCAL", "fullname": "N HAMILTON ST", "fromleft": 101, "toleft": 199, "fromright": 100, "toright": 198, "onewaydir": "FT"}}, {"type": "Feature", "geometry": {"type": "LineString", "coordinates": [[-95.3512796281004, 29.7705720689371], [-95.3504557041166, 29.7705951187047]]}, "properties": {"centerlineid": 10140320, "roadclass": "LOCAL", "fullname": "PROVIDENCE ST", "fromleft": 1701, "toleft": 1799, "fromright": 1700, "toright": 1798, "onewaydir": "TF"}}, {"type": "Feature", "geometry": {"type": "LineString", "coordinates": [[-95.3512718743792, 29.7695918614695], [-95.3504479749242, 29.7695936621963]]}, "properties": {"centerlineid": 10140377, "roadclass": "LOCAL", "fullname": "ROTHWELL ST", "fromleft": 1701, "toleft": 1799, "fromright": 1700, "toright": 1798, "onewaydir": " "}}, {"type": "Feature", "geometry": {"type": "LineString", "coordinates": [[-95.3461067258794, 29.7576995169361], [-95.34577111187, 29.7574973604755]]}, "properties": {"centerlineid": 10140391, "roadclass": "MAJOR", "fullname": "CANAL ST", "fromleft": 2401, "toleft": 2409, "fromright": 2400, "toright": 2408, "onewaydir": " "}}, {"type": "Feature", "geometry": {"type": "LineString", "coordinates": [[-95.3047097197988, 29.7509282842868], [-95.3029473301821, 29.7503886617341]]}, "properties": {"centerlineid": 10142655, "roadclass": "LOCAL", "fullname": "AVENUE T", "fromleft": 6601, "toleft": 6699, "fromright": 6600, "toright": 6698, "onewaydir": " "}}, {"type": "Feature", "geometry": {"type": "LineString", "coordinates": [[-95.3029016667274, 29.7451128499735], [-95.3009026501113, 29.7444644171978]]}, "properties": {"centerlineid": 10142662, "roadclass": "MAJOR", "fullname": "NAVIGATION BLVD", "fromleft": 6801, "toleft": 6899, "fromright": 6800, "toright": 6898, "onewaydir": " "}}, {"type": "Feature", "geometry": {"type": "LineString", "coordinates": [[-95.3031686141478, 29.7390359505939], [-95.3012079461477, 29.7384180702675]]}, "properties": {"centerlineid": 10142689, "roadclass": "LOCAL", "fullname": "AVENUE E", "fromleft": 6901, "toleft": 6999, "fromright": 6900, "toright": 6998, "onewaydir": " "}}, {"type": "Feature", "geometry": {"type": "LineString", "coordinates": [[-95.2995142187624, 29.7478212811011], [-95.2974771220771, 29.7471650509068]]}, "properties": {"centerlineid": 10142694, "roadclass": "LOCAL", "fullname": "J W PEAVY DR", "fromleft": 6901, "toleft": 6999, "fromright": 6900, "toright": 6998, "onewaydir": " "}}, {"type": "Feature", "geometry": {"type": "LineString", "coordinates": [[-95.3055336335085, 29.7497210109826], [-95.3051140449169, 29.7503256716782]]}, "properties": {"centerlineid": 10142763, "roadclass": "LOCAL", "fullname": "TERMINAL ST", "fromleft": 1801, "toleft": 1899, "fromright": 1800, "toright": 1898, "onewaydir": " "}}, {"type": "Feature", "geometry": {"type": "LineString", "coordinates": [[-95.3447564422748, 29.7576554769112], [-95.3439172208453, 29.7571443754469]]}, "properties": {"centerlineid": 10140393, "roadclass": "LOCAL", "fullname": "SALTUS ST", "fromleft": 2501, "toleft": 2599, "fromright": 2500, "toright": 2598, "onewaydir": " "}}, {"type": "Feature", "geometry": {"type": "LineString", "coordinates": [[-95.3462212914969, 29.7557958716817], [-95.3454126605717, 29.7568240061693], [-95.3451760275638, 29.7571254537128]]}, "properties": {"centerlineid": 10140444, "roadclass": "LOCAL", "fullname": "N ST CHARLES ST", "fromleft": 1, "toleft": 99, "fromright": 2, "toright": 98, "onewaydir": " "}}, {"type": "Feature", "geometry": {"type": "LineString", "coordinates": [[-95.3457635724948, 29.759261579169], [-95.3455190811028, 29.7593801156221], [-95.3454480984246, 29.7594163647857], [-95.3453790428165, 29.7594553449397], [-95.3453120522003, 29.7594969782315], [-95.3452472603743, 29.7595411815102], [-95.3451847967455, 29.7595878664913], [-95.3451247860718, 29.759636939934], [-95.3450673482122, 29.759688303827], [-95.3450125978877, 29.7597418555842], [-95.3449396613207, 29.7598164860451], [-95.3447564248832, 29.7600321231501]]}, "properties": {"centerlineid": 10140497, "roadclass": "MAJOR", "fullname": "S JENSEN DR", "fromleft": 201, "toleft": 299, "fromright": 200, "toright": 298, "onewaydir": " "}}, {"type": "Feature", "geometry": {"type": "LineString", "coordinates": [[-95.3023447015802, 29.7464766599026], [-95.3020775197146, 29.7471326407825]]}, "properties": {"centerlineid": 10142829, "roadclass": "MAJOR", "fullname": "WAYSIDE DR", "fromleft": 1501, "toleft": 1599, "fromright": 1500, "toright": 1598, "onewaydir": "TF"}}, {"type": "Feature", "geometry": {"type": "LineString", "coordinates": [[-95.3029016667274, 29.7451128499735], [-95.3026116475917, 29.7458108572086]]}, "properties": {"centerlineid": 10142853, "roadclass": "MAJOR", "fullname": "WAYSIDE DR", "fromleft": 1301, "toleft": 1399, "fromright": 1300, "toright": 1398, "onewaydir": "TF"}}, {"type": "Feature", "geometry": {"type": "MultiLineString", "coordinates": [[[-95.3518288347192, 29.7580045703658], [-95.3516594606662, 29.7579074175075]], [[-95.3516594606662, 29.7579074175075], [-95.3516227952127, 29.7578863871696]]]}, "properties": {"centerlineid": 10140589, "roadclass": "LOCAL", "fullname": "FRANKLIN ST", "fromleft": 0, "toleft": 0, "fromright": 0, "toright": 0, "onewaydir": " "}}, {"type": "Feature", "geometry": {"type": "MultiLineString", "coordinates": [[[-95.3524164020108, 29.7572664662505], [-95.3522494968225, 29.7571635419796]], [[-95.3522494968225, 29.7571635419796], [-95.3522028492644, 29.757134774725]]]}, "properties": {"centerlineid": 10140590, "roadclass": "LOCAL", "fullname": "CONGRESS ST", "fromleft": 0, "toleft": 0, "fromright": 0, "toright": 0, "onewaydir": "TF"}}, {"type": "Feature", "geometry": {"type": "LineString", "coordinates": [[-95.3442072275052, 29.7701944482439], [-95.3442909573221, 29.7702058496388], [-95.3443596189311, 29.7702478678782], [-95.3443826973212, 29.7703165528767], [-95.3443902048252, 29.770879203168]]}, "properties": {"centerlineid": 10140593, "roadclass": "LOCAL", "fullname": "MCCALL ST", "fromleft": 1001, "toleft": 1099, "fromright": 1000, "toright": 1098, "onewaydir": " "}}, {"type": "Feature", "geometry": {"type": "LineString", "coordinates": [[-95.3434775053667, 29.7688302210198], [-95.3434816819229, 29.7688640529859], [-95.343499934234, 29.7690424444576], [-95.343503746856, 29.7691229765621], [-95.3435051411347, 29.7691911637382], [-95.3434768853798, 29.7698174084878], [-95.3434755825432, 29.7698462829424], [-95.3434745330414, 29.769869533736]]}, "properties": {"centerlineid": 10140600, "roadclass": "MAJOR", "fullname": "JENSEN DR", "fromleft": 0, "toleft": 0, "fromright": 0, "toright": 0, "onewaydir": " "}}, {"type": "Feature", "geometry": {"type": "LineString", "coordinates": [[-95.350722663808, 29.7573332931274], [-95.3509821058079, 29.7569764494785], [-95.3512796376647, 29.7565741716595]]}, "properties": {"centerlineid": 10140656, "roadclass": "LOCAL", "fullname": "ST EMANUEL ST", "fromleft": 201, "toleft": 299, "fromright": 200, "toright": 298, "onewaydir": " "}}, {"type": "Feature", "geometry": {"type": "LineString", "coordinates": [[-95.3533165148416, 29.737588434656], [-95.3535759679916, 29.7369417776963]]}, "properties": {"centerlineid": 10138436, "roadclass": "LOCAL", "fullname": "NETTLETON ST", "fromleft": 2201, "toleft": 2299, "fromright": 2200, "toright": 2298, "onewaydir": " "}}, {"type": "Feature", "geometry": {"type": "LineString", "coordinates": [[-95.3450539805489, 29.7345156514827], [-95.3443062511965, 29.7339301466614]]}, "properties": {"centerlineid": 10138485, "roadclass": "FRONTAGE", "fullname": "GULF FWY", "fromleft": 3701, "toleft": 3799, "fromright": 0, "toright": 0, "onewaydir": "FT"}}, {"type": "Feature", "geometry": {"type": "LineString", "coordinates": [[-95.3545372714357, 29.7360720034343], [-95.3539118143053, 29.7358755615001], [-95.3536904880608, 29.7358029698127], [-95.3536371257757, 29.7357897483396]]}, "properties": {"centerlineid": 10138490, "roadclass": "LOCAL", "fullname": "MCILHENNY ST", "fromleft": 3123, "toleft": 3199, "fromright": 3122, "toright": 3198, "onewaydir": " "}}, {"type": "Feature", "geometry": {"type": "LineString", "coordinates": [[-95.3503301905821, 29.7700078213061], [-95.3503265720646, 29.7700079213496], [-95.3482353822431, 29.7700361021327], [-95.347747059731, 29.7699980017269], [-95.347144482811, 29.7699254300199], [-95.3466333803745, 29.7698206937811], [-95.3460761103025, 29.7696755840241], [-95.3456564341479, 29.7695541139182]]}, "properties": {"centerlineid": 10140693, "roadclass": "HIGHWAY", "fullname": "E IH 10 HWY", "fromleft": 0, "toleft": 0, "fromright": 1606, "toright": 2398, "onewaydir": "FT"}}, {"type": "Feature", "geometry": {"type": "LineString", "coordinates": [[-95.3356393320223, 29.7654051262521], [-95.3351282482546, 29.7654165490611], [-95.3346627663035, 29.7654260995769]]}, "properties": {"centerlineid": 10140746, "roadclass": "LOCAL", "fullname": "MELVA ST", "fromleft": 3401, "toleft": 3499, "fromright": 3400, "toright": 3498, "onewaydir": " "}}, {"type": "Feature", "geometry": {"type": "LineString", "coordinates": [[-95.3245766610301, 29.7348761702631], [-95.3248436184641, 29.7341932537902]]}, "properties": {"centerlineid": 10143226, "roadclass": "LOCAL", "fullname": "BAIRD ST", "fromleft": 1301, "toleft": 1399, "fromright": 1300, "toright": 1398, "onewaydir": " "}}, {"type": "Feature", "geometry": {"type": "LineString", "coordinates": [[-95.3536371257757, 29.7357897483396], [-95.3539118134849, 29.7351565786702]]}, "properties": {"centerlineid": 10138542, "roadclass": "LOCAL", "fullname": "NETTLETON ST", "fromleft": 2301, "toleft": 2499, "fromright": 2300, "toright": 2498, "onewaydir": " "}}, {"type": "Feature", "geometry": {"type": "LineString", "coordinates": [[-95.3542931246831, 29.7367186601078], [-95.3533343105555, 29.7364238285299]]}, "properties": {"centerlineid": 10138559, "roadclass": "LOCAL", "fullname": "HADLEY ST", "fromleft": 3121, "toleft": 3199, "fromright": 3120, "toright": 3198, "onewaydir": " "}}, {"type": "Feature", "geometry": {"type": "LineString", "coordinates": [[-95.3518441402332, 29.7377314881155], [-95.3520730032001, 29.7372087622676]]}, "properties": {"centerlineid": 10138654, "roadclass": "LOCAL", "fullname": "TIERWESTER ST", "fromleft": 2113, "toleft": 2199, "fromright": 2112, "toright": 2198, "onewaydir": " "}}, {"type": "Feature", "geometry": {"type": "LineString", "coordinates": [[-95.3431236590426, 29.7680281255902], [-95.3431932737703, 29.7681775610675], [-95.3432778923541, 29.7683562290535], [-95.3432993287311, 29.7684014896338], [-95.3433830674216, 29.7685999860958], [-95.3434032663148, 29.7686348521766], [-95.3434670213309, 29.7687449008553]]}, "properties": {"centerlineid": 10140822, "roadclass": "MAJOR", "fullname": "JENSEN DR", "fromleft": 717, "toleft": 799, "fromright": 716, "toright": 798, "onewaydir": " "}}, {"type": "Feature", "geometry": {"type": "LineString", "coordinates": [[-95.339330276087, 29.7699212492653], [-95.3383149513064, 29.7699890435868]]}, "properties": {"centerlineid": 10140825, "roadclass": "LOCAL", "fullname": "BUCK ST", "fromleft": 3001, "toleft": 3099, "fromright": 3000, "toright": 3098, "onewaydir": " "}}, {"type": "Feature", "geometry": {"type": "LineString", "coordinates": [[-95.3301614142961, 29.7654108197712], [-95.3297189617847, 29.7654204264092], [-95.3290474445498, 29.765431803033], [-95.3288414349957, 29.7654375107345], [-95.3286431258738, 29.7654336573489]]}, "properties": {"centerlineid": 10140832, "roadclass": "MAJOR", "fullname": "CLINTON DR", "fromleft": 4051, "toleft": 4199, "fromright": 4050, "toright": 4198, "onewaydir": " "}}, {"type": "Feature", "geometry": {"type": "LineString", "coordinates": [[-95.3258126574364, 29.7647011981231], [-95.325736457344, 29.7646555680122], [-95.3241876000548, 29.7646688179768]]}, "properties": {"centerlineid": 10140837, "roadclass": "LOCAL", "fullname": "BILLY ST", "fromleft": 4401, "toleft": 4599, "fromright": 4400, "toright": 4598, "onewaydir": " "}}, {"type": "Feature", "geometry": {"type": "LineString", "coordinates": [[-95.3347620247625, 29.7693171524432], [-95.334746732513, 29.7693228285304], [-95.3346627808836, 29.7693591418999], [-95.3345559847878, 29.7693858056253], [-95.3343424285011, 29.7694410441446], [-95.3338411692067, 29.7696009715199]]}, "properties": {"centerlineid": 10140844, "roadclass": "FRONTAGE", "fullname": "EAST FWY", "fromleft": 0, "toleft": 0, "fromright": 3500, "toright": 3598, "onewaydir": "FT"}}, {"type": "Feature", "geometry": {"type": "LineString", "coordinates": [[-95.3426125235538, 29.757329449852], [-95.3421395016666, 29.7579473209275]]}, "properties": {"centerlineid": 10140857, "roadclass": "LOCAL", "fullname": "N NAGLE ST", "fromleft": 213, "toleft": 299, "fromright": 212, "toright": 298, "onewaydir": " "}}, {"type": "Feature", "geometry": {"type": "LineString", "coordinates": [[-95.3328388399147, 29.7557898344223], [-95.332869319029, 29.7558384701318], [-95.3328820368212, 29.7558880256863], [-95.3328707640355, 29.7559327078906], [-95.3328562705746, 29.7559772996899], [-95.332833627437, 29.7560244814861], [-95.3325086614475, 29.7564584543512], [-95.3324273540974, 29.7565474909818]]}, "properties": {"centerlineid": 10140884, "roadclass": "LOCAL", "fullname": "N HUTCHESON ST", "fromleft": 501, "toleft": 599, "fromright": 500, "toright": 598, "onewaydir": " "}}, {"type": "Feature", "geometry": {"type": "LineString", "coordinates": [[-95.3282846729828, 29.756125803337], [-95.3281092182401, 29.7563510279533], [-95.328048058778, 29.7564386665878], [-95.3280099520157, 29.7564635332691], [-95.3279718461933, 29.7564824455028]]}, "properties": {"centerlineid": 10140887, "roadclass": "LOCAL", "fullname": "N DRENNAN ST", "fromleft": 751, "toleft": 767, "fromright": 750, "toright": 766, "onewaydir": " "}}, {"type": "Feature", "geometry": {"type": "LineString", "coordinates": [[-95.3365928794529, 29.7687373656192], [-95.3363259392731, 29.7687811436777], [-95.3359216183275, 29.7688747074012], [-95.3357232972937, 29.7689452027684]]}, "properties": {"centerlineid": 10140892, "roadclass": "FRONTAGE", "fullname": "EAST FWY", "fromleft": 0, "toleft": 0, "fromright": 3300, "toright": 3398, "onewaydir": "FT"}}, {"type": "Feature", "geometry": {"type": "LineString", "coordinates": [[-95.3374704605622, 29.764741370589], [-95.3364785776047, 29.7647584956352]]}, "properties": {"centerlineid": 10140899, "roadclass": "MAJOR", "fullname": "CLINTON DR", "fromleft": 3201, "toleft": 3299, "fromright": 3200, "toright": 3298, "onewaydir": " "}}, {"type": "Feature", "geometry": {"type": "LineString", "coordinates": [[-95.3347161782775, 29.7680334479173], [-95.3338082852871, 29.7680448500264]]}, "properties": {"centerlineid": 10140910, "roadclass": "LOCAL", "fullname": "BAER ST", "fromleft": 3501, "toleft": 3599, "fromright": 3500, "toright": 3598, "onewaydir": " "}}, {"type": "Feature", "geometry": {"type": "LineString", "coordinates": [[-95.3346550028321, 29.7647815204502], [-95.3337320509407, 29.7647929279792]]}, "properties": {"centerlineid": 10140912, "roadclass": "MAJOR", "fullname": "CLINTON DR", "fromleft": 3501, "toleft": 3599, "fromright": 3500, "toright": 3598, "onewaydir": " "}}, {"type": "Feature", "geometry": {"type": "LineString", "coordinates": [[-95.339565483686, 29.769577084316], [-95.3395760171682, 29.7716020443799]]}, "properties": {"centerlineid": 10140914, "roadclass": "LOCAL", "fullname": "MEADOW ST", "fromleft": 901, "toleft": 1199, "fromright": 900, "toright": 1198, "onewaydir": " "}}, {"type": "Feature", "geometry": {"type": "LineString", "coordinates": [[-95.3270867610091, 29.7679458238628], [-95.3265507189735, 29.7679613416545]]}, "properties": {"centerlineid": 10140921, "roadclass": "LOCAL", "fullname": "COKE ST", "fromleft": 4301, "toleft": 4399, "fromright": 4300, "toright": 4398, "onewaydir": " "}}, {"type": "Feature", "geometry": {"type": "LineString", "coordinates": [[-95.3317483190212, 29.7561602938502], [-95.3311304357464, 29.7557805809817]]}, "properties": {"centerlineid": 10140945, "roadclass": "LOCAL", "fullname": "FREUND ST", "fromleft": 3711, "toleft": 3799, "fromright": 3710, "toright": 3798, "onewaydir": " "}}, {"type": "Feature", "geometry": {"type": "LineString", "coordinates": [[-95.3287576927079, 29.7674842395212], [-95.3288186272484, 29.7675052142963], [-95.3288491722504, 29.7675394510516], [-95.3288644915292, 29.7675775494846], [-95.3288644731975, 29.7682032156659], [-95.328872018123, 29.768458760379], [-95.3288872797721, 29.7692331903405]]}, "properties": {"centerlineid": 10140962, "roadclass": "LOCAL", "fullname": "PRESS ST", "fromleft": 601, "toleft": 799, "fromright": 600, "toright": 798, "onewaydir": " "}}, {"type": "Feature", "geometry": {"type": "LineString", "coordinates": [[-95.3227836851897, 29.7343324270163], [-95.3219369059052, 29.7340731909557], [-95.3209679054794, 29.7337756578427]]}, "properties": {"centerlineid": 10143355, "roadclass": "LOCAL", "fullname": "CLAY ST", "fromleft": 5201, "toleft": 5299, "fromright": 5200, "toright": 5298, "onewaydir": " "}}, {"type": "Feature", "geometry": {"type": "LineString", "coordinates": [[-95.3240883577399, 29.7354844438253], [-95.3233253721638, 29.7352498933417]]}, "properties": {"centerlineid": 10143380, "roadclass": "MAJOR", "fullname": "POLK ST", "fromleft": 5121, "toleft": 5133, "fromright": 5120, "toright": 5132, "onewaydir": " "}}, {"type": "Feature", "geometry": {"type": "LineString", "coordinates": [[-95.3442909758753, 29.7388091613043], [-95.3450083159344, 29.7369570765039]]}, "properties": {"centerlineid": 10138780, "roadclass": "LOCAL", "fullname": "MILLER ST", "fromleft": 1601, "toleft": 1799, "fromright": 1600, "toright": 1798, "onewaydir": " "}}, {"type": "Feature", "geometry": {"type": "LineString", "coordinates": [[-95.3287576927079, 29.7674842395212], [-95.3286203197797, 29.7674878724201], [-95.3272775263313, 29.7675166204825], [-95.3272163964653, 29.7675202946838]]}, "properties": {"centerlineid": 10140964, "roadclass": "LOCAL", "fullname": "GILLESPIE ST", "fromleft": 4201, "toleft": 4299, "fromright": 4200, "toright": 4298, "onewaydir": " "}}, {"type": "Feature", "geometry": {"type": "LineString", "coordinates": [[-95.3288872797721, 29.7692331903405], [-95.3288720160522, 29.7692884090246], [-95.3288338822862, 29.7693627691926], [-95.328811049862, 29.769410475415], [-95.3288033133983, 29.7694239393867], [-95.3287729557342, 29.7695193062802], [-95.3287880040646, 29.7701011469219]]}, "properties": {"centerlineid": 10140973, "roadclass": "LOCAL", "fullname": "PRESS ST", "fromleft": 801, "toleft": 899, "fromright": 800, "toright": 898, "onewaydir": " "}}, {"type": "Feature", "geometry": {"type": "LineString", "coordinates": [[-95.334753341402, 29.7700290047503], [-95.3347695618169, 29.7706713554644]]}, "properties": {"centerlineid": 10141025, "roadclass": "LOCAL", "fullname": "CAGE ST", "fromleft": 1001, "toleft": 1099, "fromright": 1000, "toright": 1098, "onewaydir": " "}}, {"type": "Feature", "geometry": {"type": "LineString", "coordinates": [[-95.3265185768202, 29.7661133924526], [-95.3265298234232, 29.7662290672264], [-95.3265373317253, 29.7665343389741]]}, "properties": {"centerlineid": 10141027, "roadclass": "LOCAL", "fullname": "WACO ST", "fromleft": 401, "toleft": 413, "fromright": 400, "toright": 412, "onewaydir": " "}}, {"type": "Feature", "geometry": {"type": "LineString", "coordinates": [[-95.3265507189735, 29.7679613416545], [-95.3265601413061, 29.7684710700781], [-95.3265583086285, 29.7685314026751], [-95.3265603379538, 29.7686173029638]]}, "properties": {"centerlineid": 10141035, "roadclass": "LOCAL", "fullname": "WACO ST", "fromleft": 601, "toleft": 699, "fromright": 600, "toright": 698, "onewaydir": " "}}, {"type": "Feature", "geometry": {"type": "LineString", "coordinates": [[-95.3429865187184, 29.7646535265863], [-95.342994031656, 29.7650046613121]]}, "properties": {"centerlineid": 10141085, "roadclass": "MAJOR", "fullname": "JENSEN DR", "fromleft": 301, "toleft": 349, "fromright": 300, "toright": 348, "onewaydir": " "}}, {"type": "Feature", "geometry": {"type": "LineString", "coordinates": [[-95.3375160608188, 29.7666906472177], [-95.3375313570668, 29.7673486884781]]}, "properties": {"centerlineid": 10141111, "roadclass": "LOCAL", "fullname": "BAYOU ST", "fromleft": 501, "toleft": 599, "fromright": 500, "toright": 598, "onewaydir": " "}}, {"type": "Feature", "geometry": {"type": "LineString", "coordinates": [[-95.3535759679916, 29.7369417776963], [-95.3532957770437, 29.736859210578]]}, "properties": {"centerlineid": 10138837, "roadclass": "LOCAL", "fullname": "TRULLEY ST", "fromleft": 3135, "toleft": 3199, "fromright": 3134, "toright": 3198, "onewaydir": " "}}, {"type": "Feature", "geometry": {"type": "LineString", "coordinates": [[-95.3526146807103, 29.739406047198], [-95.3526567983362, 29.7392891361886], [-95.3526579825134, 29.7392858498683], [-95.3527202805956, 29.7391129136357], [-95.352761462097, 29.7389986005838], [-95.3527945766258, 29.7389066794693], [-95.3527958253683, 29.7389032143649], [-95.3528814934888, 29.7386688523589], [-95.3529656212827, 29.7384429552052]]}, "properties": {"centerlineid": 10138940, "roadclass": "LOCAL", "fullname": "NETTLETON ST", "fromleft": 2001, "toleft": 2015, "fromright": 2000, "toright": 2014, "onewaydir": " "}}, {"type": "Feature", "geometry": {"type": "LineString", "coordinates": [[-95.3346627663035, 29.7654260995769], [-95.3346664411405, 29.7657318690981], [-95.3346702809242, 29.7660478774677]]}, "properties": {"centerlineid": 10141119, "roadclass": "LOCAL", "fullname": "CAGE ST", "fromleft": 301, "toleft": 399, "fromright": 300, "toright": 398, "onewaydir": " "}}, {"type": "Feature", "geometry": {"type": "LineString", "coordinates": [[-95.3365547966481, 29.7691815920939], [-95.3363297307164, 29.769221178851], [-95.3361476481761, 29.7692634592345], [-95.3360208456028, 29.7693036637379], [-95.3358987777677, 29.7693324227251], [-95.3357233305698, 29.7693897649641], [-95.3356774625179, 29.769404754812], [-95.3353265549534, 29.7695268052901], [-95.3351823736137, 29.769543230579], [-95.3314201997576, 29.7710318592953]]}, "properties": {"centerlineid": 10141125, "roadclass": "HIGHWAY", "fullname": "E IH 10 HWY", "fromleft": 3301, "toleft": 3899, "fromright": 0, "toright": 0, "onewaydir": "TF"}}, {"type": "Feature", "geometry": {"type": "LineString", "coordinates": [[-95.3435128942766, 29.7440466155046], [-95.343352697412, 29.7439473453392], [-95.3432306194893, 29.7438939606238], [-95.3431313942102, 29.7438693413632]]}, "properties": {"centerlineid": 10141167, "roadclass": "MAJOR", "fullname": "MCKINNEY ST", "fromleft": 3501, "toleft": 3515, "fromright": 3500, "toright": 3514, "onewaydir": " "}}, {"type": "Feature", "geometry": {"type": "LineString", "coordinates": [[-95.3300927085043, 29.7503256817079], [-95.3295051804453, 29.7511229101155], [-95.3294976504162, 29.7511514516035], [-95.3295051540271, 29.751185894521]]}, "properties": {"centerlineid": 10141182, "roadclass": "LOCAL", "fullname": "N JENKINS ST", "fromleft": 201, "toleft": 299, "fromright": 200, "toright": 298, "onewaydir": " "}}, {"type": "Feature", "geometry": {"type": "LineString", "coordinates": [[-95.334365221641, 29.7503293243655], [-95.3335794141615, 29.7500719755133]]}, "properties": {"centerlineid": 10141187, "roadclass": "MAJOR", "fullname": "CANAL ST", "fromleft": 3901, "toleft": 3999, "fromright": 3900, "toright": 3998, "onewaydir": " "}}, {"type": "Feature", "geometry": {"type": "LineString", "coordinates": [[-95.3353345135808, 29.7551217733796], [-95.3348329625941, 29.7549418252459]]}, "properties": {"centerlineid": 10141213, "roadclass": "MAJOR", "fullname": "NAVIGATION BLVD", "fromleft": 3401, "toleft": 3499, "fromright": 3400, "toright": 3498, "onewaydir": " "}}, {"type": "Feature", "geometry": {"type": "LineString", "coordinates": [[-95.3365875985403, 29.7399880053599], [-95.3368294806861, 29.7393241412077]]}, "properties": {"centerlineid": 10141231, "roadclass": "LOCAL", "fullname": "SIDNEY ST", "fromleft": 1201, "toleft": 1299, "fromright": 1200, "toright": 1298, "onewaydir": " "}}, {"type": "Feature", "geometry": {"type": "LineString", "coordinates": [[-95.3341408254011, 29.7531392872099], [-95.3335056315866, 29.7527527357441]]}, "properties": {"centerlineid": 10141247, "roadclass": "LOCAL", "fullname": "ENGELKE ST", "fromleft": 3701, "toleft": 3799, "fromright": 3700, "toright": 3798, "onewaydir": " "}}, {"type": "Feature", "geometry": {"type": "LineString", "coordinates": [[-95.3374323491971, 29.753308813763], [-95.3365778316457, 29.7527995249391]]}, "properties": {"centerlineid": 10141249, "roadclass": "MAJOR", "fullname": "SALTUS ST", "fromleft": 3401, "toleft": 3499, "fromright": 3400, "toright": 3498, "onewaydir": " "}}, {"type": "Feature", "geometry": {"type": "LineString", "coordinates": [[-95.3465799990994, 29.7374301006468], [-95.3468011011336, 29.7368806566972]]}, "properties": {"centerlineid": 10139011, "roadclass": "MAJOR", "fullname": "SCOTT ST", "fromleft": 1901, "toleft": 1925, "fromright": 1900, "toright": 1924, "onewaydir": " "}}, {"type": "Feature", "geometry": {"type": "LineString", "coordinates": [[-95.3384086900942, 29.7353395761222], [-95.3387139794306, 29.734589998493]]}, "properties": {"centerlineid": 10139028, "roadclass": "LOCAL", "fullname": "SIDNEY ST", "fromleft": 1801, "toleft": 1899, "fromright": 1800, "toright": 1898, "onewaydir": " "}}, {"type": "Feature", "geometry": {"type": "LineString", "coordinates": [[-95.3309930856392, 29.7349829349862], [-95.3308098769401, 29.7348779961425], [-95.3299172622595, 29.7342771813469], [-95.3297798661151, 29.734189357863]]}, "properties": {"centerlineid": 10139030, "roadclass": "MAJOR", "fullname": "TELEPHONE RD", "fromleft": 711, "toleft": 799, "fromright": 710, "toright": 798, "onewaydir": " "}}, {"type": "Feature", "geometry": {"type": "LineString", "coordinates": [[-95.3284752210033, 29.737132550938], [-95.3285591663143, 29.7370008805636], [-95.3286431551579, 29.7367969190087]]}, "properties": {"centerlineid": 10139065, "roadclass": "LOCAL", "fullname": "DUMBLE ST", "fromleft": 1117, "toleft": 1199, "fromright": 1116, "toright": 1198, "onewaydir": " "}}, {"type": "Feature", "geometry": {"type": "LineString", "coordinates": [[-95.3322213550885, 29.7371688355455], [-95.3319085265102, 29.737075279142]]}, "properties": {"centerlineid": 10139099, "roadclass": "MAJOR", "fullname": "CLAY ST", "fromleft": 4501, "toleft": 4599, "fromright": 4500, "toright": 4598, "onewaydir": " "}}, {"type": "Feature", "geometry": {"type": "LineString", "coordinates": [[-95.3402322277973, 29.7364306720855], [-95.3405069605215, 29.7357496143927]]}, "properties": {"centerlineid": 10139101, "roadclass": "MAJOR", "fullname": "CULLEN BLVD", "fromleft": 1701, "toleft": 1799, "fromright": 1700, "toright": 1798, "onewaydir": " "}}, {"type": "Feature", "geometry": {"type": "LineString", "coordinates": [[-95.3388588355628, 29.7523835738485], [-95.338393615706, 29.7529786189265]]}, "properties": {"centerlineid": 10141261, "roadclass": "LOCAL", "fullname": "NOLAN ST", "fromleft": 101, "toleft": 121, "fromright": 100, "toright": 120, "onewaydir": " "}}, {"type": "Feature", "geometry": {"type": "LineString", "coordinates": [[-95.3391716956029, 29.7481322766056], [-95.3384698078666, 29.7476935026404]]}, "properties": {"centerlineid": 10141272, "roadclass": "LOCAL", "fullname": "PRESTON ST", "fromleft": 3601, "toleft": 3699, "fromright": 3600, "toright": 3698, "onewaydir": " "}}, {"type": "Feature", "geometry": {"type": "LineString", "coordinates": [[-95.3336709039995, 29.7426162163193], [-95.3340752278501, 29.7420820415795], [-95.3341133570855, 29.7420400551786]]}, "properties": {"centerlineid": 10141275, "roadclass": "LOCAL", "fullname": "EASTWOOD ST", "fromleft": 701, "toleft": 799, "fromright": 700, "toright": 798, "onewaydir": " "}}, {"type": "Feature", "geometry": {"type": "LineString", "coordinates": [[-95.3304666924614, 29.7454505816354], [-95.3300621125301, 29.745328506235]]}, "properties": {"centerlineid": 10141304, "roadclass": "LOCAL", "fullname": "GARROW ST", "fromleft": 4501, "toleft": 4515, "fromright": 4500, "toright": 4514, "onewaydir": " "}}, {"type": "Feature", "geometry": {"type": "LineString", "coordinates": [[-95.3324414517855, 29.7541384620077], [-95.3317979129051, 29.7549525625259]]}, "properties": {"centerlineid": 10141325, "roadclass": "LOCAL", "fullname": "N MILBY ST", "fromleft": 401, "toleft": 499, "fromright": 400, "toright": 498, "onewaydir": " "}}, {"type": "Feature", "geometry": {"type": "LineString", "coordinates": [[-95.337394001243, 29.7542299394553], [-95.3369591011394, 29.754817482212]]}, "properties": {"centerlineid": 10141327, "roadclass": "LOCAL", "fullname": "NOLAN ST", "fromleft": 221, "toleft": 299, "fromright": 220, "toright": 298, "onewaydir": " "}}, {"type": "Feature", "geometry": {"type": "LineString", "coordinates": [[-95.3293105052853, 29.7391928123292], [-95.32939354218, 29.7389774028177]]}, "properties": {"centerlineid": 10141334, "roadclass": "LOCAL", "fullname": "EDDINGTON ST", "fromleft": 951, "toleft": 999, "fromright": 950, "toright": 998, "onewaydir": " "}}, {"type": "Feature", "geometry": {"type": "LineString", "coordinates": [[-95.3440164389768, 29.7394822771082], [-95.3431847662799, 29.7392287540568]]}, "properties": {"centerlineid": 10141336, "roadclass": "LOCAL", "fullname": "BELL ST", "fromleft": 3719, "toleft": 3799, "fromright": 3718, "toright": 3798, "onewaydir": " "}}, {"type": "Feature", "geometry": {"type": "LineString", "coordinates": [[-95.3363030954309, 29.7464631755557], [-95.335235029329, 29.746121826637]]}, "properties": {"centerlineid": 10141348, "roadclass": "LOCAL", "fullname": "WILMER ST", "fromleft": 4001, "toleft": 4021, "fromright": 4000, "toright": 4020, "onewaydir": " "}}, {"type": "Feature", "geometry": {"type": "LineString", "coordinates": [[-95.3310387225558, 29.7456449705211], [-95.3304666924614, 29.7454505816354]]}, "properties": {"centerlineid": 10141383, "roadclass": "LOCAL", "fullname": "GARROW ST", "fromleft": 4401, "toleft": 4499, "fromright": 4400, "toright": 4498, "onewaydir": " "}}, {"type": "Feature", "geometry": {"type": "LineString", "coordinates": [[-95.3296731212248, 29.7452043471222], [-95.3290855767919, 29.7450250164705]]}, "properties": {"centerlineid": 10141389, "roadclass": "LOCAL", "fullname": "GARROW ST", "fromleft": 4521, "toleft": 4599, "fromright": 4520, "toright": 4598, "onewaydir": " "}}, {"type": "Feature", "geometry": {"type": "LineString", "coordinates": [[-95.3291925908969, 29.7354769445612], [-95.3294748179433, 29.7347807621533]]}, "properties": {"centerlineid": 10139144, "roadclass": "LOCAL", "fullname": "DUMBLE ST", "fromleft": 1401, "toleft": 1499, "fromright": 1400, "toright": 1498, "onewaydir": " "}}, {"type": "Feature", "geometry": {"type": "LineString", "coordinates": [[-95.3273384646611, 29.7385533692281], [-95.3255141061161, 29.7379545035063]]}, "properties": {"centerlineid": 10139216, "roadclass": "LOCAL", "fullname": "CURTIN ST", "fromleft": 4901, "toleft": 4999, "fromright": 4900, "toright": 4998, "onewaydir": " "}}, {"type": "Feature", "geometry": {"type": "LineString", "coordinates": [[-95.3361885529535, 29.7355093262264], [-95.3345178835876, 29.7349925326871], [-95.3342737381977, 29.7349160749665]]}, "properties": {"centerlineid": 10139229, "roadclass": "LOCAL", "fullname": "PEASE ST", "fromleft": 4401, "toleft": 4499, "fromright": 4400, "toright": 4498, "onewaydir": " "}}, {"type": "Feature", "geometry": {"type": "LineString", "coordinates": [[-95.3367913849386, 29.7339967554132], [-95.3371042224883, 29.7332643199174]]}, "properties": {"centerlineid": 10139256, "roadclass": "LOCAL", "fullname": "EASTWOOD ST", "fromleft": 1901, "toleft": 2199, "fromright": 1900, "toright": 2198, "onewaydir": " "}}, {"type": "Feature", "geometry": {"type": "LineString", "coordinates": [[-95.3276056452067, 29.7364630878193], [-95.3267358297039, 29.7361959023588], [-95.3265222619967, 29.7361673914791]]}, "properties": {"centerlineid": 10139258, "roadclass": "MAJOR", "fullname": "POLK ST", "fromleft": 4901, "toleft": 4999, "fromright": 4900, "toright": 4998, "onewaydir": " "}}, {"type": "Feature", "geometry": {"type": "LineString", "coordinates": [[-95.3265222619967, 29.7361673914791], [-95.326346837571, 29.7361349963475], [-95.3259881188173, 29.73603570237]]}, "properties": {"centerlineid": 10139260, "roadclass": "MAJOR", "fullname": "POLK ST", "fromleft": 5001, "toleft": 5009, "fromright": 5000, "toright": 5008, "onewaydir": " "}}, {"type": "Feature", "geometry": {"type": "LineString", "coordinates": [[-95.3401710734136, 29.7498335335682], [-95.3393165730337, 29.7493242132411]]}, "properties": {"centerlineid": 10141416, "roadclass": "LOCAL", "fullname": "GARROW ST", "fromleft": 3401, "toleft": 3499, "fromright": 3400, "toright": 3498, "onewaydir": " "}}, {"type": "Feature", "geometry": {"type": "LineString", "coordinates": [[-95.3305200794056, 29.7491373567332], [-95.3302453395269, 29.7490494943495]]}, "properties": {"centerlineid": 10141417, "roadclass": "MAJOR", "fullname": "CANAL ST", "fromleft": 4323, "toleft": 4399, "fromright": 4322, "toright": 4398, "onewaydir": " "}}, {"type": "Feature", "geometry": {"type": "LineString", "coordinates": [[-95.327926012687, 29.742053514488], [-95.3278650537778, 29.7420973389553], [-95.327468296066, 29.7426084438631]]}, "properties": {"centerlineid": 10141438, "roadclass": "LOCAL", "fullname": "STILES ST", "fromleft": 607, "toleft": 699, "fromright": 606, "toright": 698, "onewaydir": " "}}, {"type": "Feature", "geometry": {"type": "LineString", "coordinates": [[-95.3315575603751, 29.7507566882561], [-95.3311304603967, 29.7506346524694], [-95.3308098802602, 29.7505317213582]]}, "properties": {"centerlineid": 10141454, "roadclass": "LOCAL", "fullname": "LOVEJOY ST", "fromleft": 4201, "toleft": 4299, "fromright": 4200, "toright": 4298, "onewaydir": " "}}, {"type": "Feature", "geometry": {"type": "LineString", "coordinates": [[-95.3291303619856, 29.7538248139113], [-95.3284471226249, 29.7535913069061]]}, "properties": {"centerlineid": 10141476, "roadclass": "LOCAL", "fullname": "FOX ST", "fromleft": 4201, "toleft": 4299, "fromright": 4200, "toright": 4298, "onewaydir": " "}}, {"type": "Feature", "geometry": {"type": "LineString", "coordinates": [[-95.3336966124574, 29.7537142522667], [-95.3331673492235, 29.754378697797]]}, "properties": {"centerlineid": 10141479, "roadclass": "LOCAL", "fullname": "N EVERTON ST", "fromleft": 319, "toleft": 399, "fromright": 318, "toright": 398, "onewaydir": " "}}, {"type": "Feature", "geometry": {"type": "LineString", "coordinates": [[-95.3336966124574, 29.7537142522667], [-95.3330613169941, 29.7533414825717]]}, "properties": {"centerlineid": 10141486, "roadclass": "LOCAL", "fullname": "MERKEL ST", "fromleft": 3701, "toleft": 3799, "fromright": 3700, "toright": 3798, "onewaydir": " "}}, {"type": "Feature", "geometry": {"type": "LineString", "coordinates": [[-95.3378975628619, 29.7536081740597], [-95.3374323491971, 29.753308813763]]}, "properties": {"centerlineid": 10141487, "roadclass": "LOCAL", "fullname": "SALTUS ST", "fromleft": 3301, "toleft": 3399, "fromright": 3300, "toright": 3398, "onewaydir": " "}}, {"type": "Feature", "geometry": {"type": "LineString", "coordinates": [[-95.3434213678954, 29.75410396827], [-95.342170114763, 29.7533601368602]]}, "properties": {"centerlineid": 10141490, "roadclass": "LOCAL", "fullname": "COMMERCE ST", "fromleft": 2901, "toleft": 2999, "fromright": 2900, "toright": 2998, "onewaydir": " "}}, {"type": "Feature", "geometry": {"type": "LineString", "coordinates": [[-95.3406977077768, 29.7524390196911], [-95.3403315043451, 29.7522254537396], [-95.339804850812, 29.7519030259443]]}, "properties": {"centerlineid": 10141501, "roadclass": "LOCAL", "fullname": "COMMERCE ST", "fromleft": 3201, "toleft": 3299, "fromright": 3200, "toright": 3298, "onewaydir": " "}}, {"type": "Feature", "geometry": {"type": "LineString", "coordinates": [[-95.3319696328134, 29.7422136897374], [-95.332282495467, 29.7414926628711]]}, "properties": {"centerlineid": 10141528, "roadclass": "LOCAL", "fullname": "FASHION ST", "fromleft": 801, "toleft": 899, "fromright": 800, "toright": 898, "onewaydir": " "}}, {"type": "Feature", "geometry": {"type": "LineString", "coordinates": [[-95.3335641044806, 29.7427401034614], [-95.3319696328134, 29.7422136897374]]}, "properties": {"centerlineid": 10141529, "roadclass": "LOCAL", "fullname": "RUSK ST", "fromleft": 4401, "toleft": 4499, "fromright": 4400, "toright": 4498, "onewaydir": " "}}, {"type": "Feature", "geometry": {"type": "LineString", "coordinates": [[-95.3344414353592, 29.7480672313389], [-95.3336633586463, 29.7478251667738]]}, "properties": {"centerlineid": 10141543, "roadclass": "LOCAL", "fullname": "SHERMAN ST", "fromleft": 4001, "toleft": 4099, "fromright": 4000, "toright": 4098, "onewaydir": " "}}, {"type": "Feature", "geometry": {"type": "LineString", "coordinates": [[-95.3280099430841, 29.7377027677358], [-95.3269188646973, 29.7373746261615]]}, "properties": {"centerlineid": 10139317, "roadclass": "LOCAL", "fullname": "PARK DR", "fromleft": 4801, "toleft": 4913, "fromright": 4800, "toright": 4912, "onewaydir": " "}}, {"type": "Feature", "geometry": {"type": "LineString", "coordinates": [[-95.3267586782237, 29.7340006735257], [-95.3265603628107, 29.7339395066177], [-95.3253318792599, 29.7335828809721]]}, "properties": {"centerlineid": 10139372, "roadclass": "LOCAL", "fullname": "LEELAND ST", "fromleft": 5001, "toleft": 5031, "fromright": 5000, "toright": 5030, "onewaydir": " "}}, {"type": "Feature", "geometry": {"type": "LineString", "coordinates": [[-95.3276380287596, 29.7382049460257], [-95.327750005005, 29.7380483049356]]}, "properties": {"centerlineid": 10139408, "roadclass": "LOCAL", "fullname": "DUMBLE ST", "fromleft": 1019, "toleft": 1023, "fromright": 1018, "toright": 1022, "onewaydir": " "}}, {"type": "Feature", "geometry": {"type": "LineString", "coordinates": [[-95.3368219462876, 29.7435811423838], [-95.3357767045849, 29.743268564925]]}, "properties": {"centerlineid": 10141568, "roadclass": "LOCAL", "fullname": "RUSK ST", "fromleft": 4101, "toleft": 4199, "fromright": 4100, "toright": 4198, "onewaydir": " "}}, {"type": "Feature", "geometry": {"type": "LineString", "coordinates": [[-95.3305309439002, 29.7520326217384], [-95.3298278948752, 29.7517956315421]]}, "properties": {"centerlineid": 10141585, "roadclass": "LOCAL", "fullname": "BASIL ST", "fromleft": 4201, "toleft": 4299, "fromright": 4200, "toright": 4298, "onewaydir": " "}}, {"type": "Feature", "geometry": {"type": "LineString", "coordinates": [[-95.3260492816867, 29.7485021552216], [-95.3255073920651, 29.7490648180343]]}, "properties": {"centerlineid": 10141604, "roadclass": "MAJOR", "fullname": "LOCKWOOD DR", "fromleft": 101, "toleft": 199, "fromright": 100, "toright": 198, "onewaydir": " "}}, {"type": "Feature", "geometry": {"type": "LineString", "coordinates": [[-95.3372872209379, 29.742988103125], [-95.3362497039163, 29.7426638788141]]}, "properties": {"centerlineid": 10141615, "roadclass": "LOCAL", "fullname": "WALKER ST", "fromleft": 4101, "toleft": 4199, "fromright": 4100, "toright": 4198, "onewaydir": " "}}, {"type": "Feature", "geometry": {"type": "LineString", "coordinates": [[-95.3425135078852, 29.7409033168738], [-95.3420492599987, 29.7407678624536], [-95.3420184302802, 29.7407573613226], [-95.3419889397876, 29.7407442542039], [-95.3419610769093, 29.7407286692727], [-95.3419351141165, 29.7407107589347], [-95.3419113052994, 29.7406906983357], [-95.3418898832837, 29.7406686836486], [-95.3418710575543, 29.7406449301558], [-95.3418550122063, 29.740619670143], [-95.3418419041454, 29.7405931506281], [-95.3418318615528, 29.7405656309454], [-95.3418249826326, 29.7405373802099], [-95.3418213346511, 29.740508674685], [-95.341820953279, 29.7404797950815], [-95.3418238422429, 29.7404510238123], [-95.3418299732891, 29.7404226422303], [-95.3418392864597, 29.7403949278779], [-95.342665886951, 29.7383208820124]]}, "properties": {"centerlineid": 10141616, "roadclass": "LOCAL", "fullname": "HUSSION ST", "fromleft": 1301, "toleft": 1599, "fromright": 1300, "toright": 1598, "onewaydir": " "}}, {"type": "Feature", "geometry": {"type": "LineString", "coordinates": [[-95.3316187107849, 29.749471158284], [-95.3315651200792, 29.7495665433166], [-95.3308098802602, 29.7505317213582]]}, "properties": {"centerlineid": 10141628, "roadclass": "LOCAL", "fullname": "N SIDNEY ST", "fromleft": 101, "toleft": 199, "fromright": 100, "toright": 198, "onewaydir": " "}}, {"type": "Feature", "geometry": {"type": "LineString", "coordinates": [[-95.3387215183097, 29.7500719665865], [-95.3379890733207, 29.7496331939944]]}, "properties": {"centerlineid": 10141629, "roadclass": "LOCAL", "fullname": "SHERMAN ST", "fromleft": 3501, "toleft": 3599, "fromright": 3500, "toright": 3598, "onewaydir": " "}}, {"type": "Feature", "geometry": {"type": "LineString", "coordinates": [[-95.3424600795718, 29.7501139305988], [-95.3421548024544, 29.7499288744383], [-95.3416131439279, 29.7496103687929]]}, "properties": {"centerlineid": 10141634, "roadclass": "LOCAL", "fullname": "PRESTON ST", "fromleft": 3201, "toleft": 3299, "fromright": 3200, "toright": 3298, "onewaydir": " "}}, {"type": "Feature", "geometry": {"type": "LineString", "coordinates": [[-95.3435204111808, 29.749633173998], [-95.3430855378535, 29.7493529880874]]}, "properties": {"centerlineid": 10141641, "roadclass": "MAJOR", "fullname": "HARRISBURG BLVD", "fromleft": 3151, "toleft": 3199, "fromright": 3150, "toright": 3198, "onewaydir": " "}}, {"type": "Feature", "geometry": {"type": "LineString", "coordinates": [[-95.3291085928286, 29.7396636670889], [-95.3293105052853, 29.7391928123292]]}, "properties": {"centerlineid": 10141646, "roadclass": "LOCAL", "fullname": "EDDINGTON ST", "fromleft": 901, "toleft": 949, "fromright": 900, "toright": 948, "onewaydir": " "}}, {"type": "Feature", "geometry": {"type": "LineString", "coordinates": [[-95.3323358555173, 29.7442106500304], [-95.332923172102, 29.7434590839222], [-95.3329724540086, 29.7434004243281], [-95.3331139486005, 29.7432322729697], [-95.3331903688676, 29.7431483051143]]}, "properties": {"centerlineid": 10141650, "roadclass": "LOCAL", "fullname": "EASTWOOD ST", "fromleft": 401, "toleft": 599, "fromright": 400, "toright": 598, "onewaydir": " "}}, {"type": "Feature", "geometry": {"type": "LineString", "coordinates": [[-95.3438562863908, 29.7510350906643], [-95.3440851578395, 29.7507357127535]]}, "properties": {"centerlineid": 10141675, "roadclass": "LOCAL", "fullname": "ENNIS ST", "fromleft": 401, "toleft": 499, "fromright": 400, "toright": 498, "onewaydir": " "}}, {"type": "Feature", "geometry": {"type": "LineString", "coordinates": [[-95.3431694835578, 29.7506250371861], [-95.3434136545811, 29.7503257055733]]}, "properties": {"centerlineid": 10141677, "roadclass": "LOCAL", "fullname": "PALMER ST", "fromleft": 401, "toleft": 499, "fromright": 400, "toright": 498, "onewaydir": " "}}, {"type": "Feature", "geometry": {"type": "LineString", "coordinates": [[-95.3391716956029, 29.7481322766056], [-95.3397133669563, 29.7474664692595], [-95.3397286759353, 29.7474379535934], [-95.3397363874234, 29.7473998332164], [-95.3397364323281, 29.7473941124302], [-95.3397439578298, 29.7473596621037]]}, "properties": {"centerlineid": 10141679, "roadclass": "LOCAL", "fullname": "HUTCHESON ST", "fromleft": 401, "toleft": 499, "fromright": 400, "toright": 498, "onewaydir": " "}}, {"type": "Feature", "geometry": {"type": "LineString", "coordinates": [[-95.3399269163695, 29.7445882735036], [-95.3404001857466, 29.7439799993664]]}, "properties": {"centerlineid": 10141683, "roadclass": "LOCAL", "fullname": "MILBY ST", "fromleft": 801, "toleft": 899, "fromright": 800, "toright": 898, "onewaydir": " "}}, {"type": "Feature", "geometry": {"type": "LineString", "coordinates": [[-95.3350442565526, 29.7482657475707], [-95.3351510569204, 29.7482294544223], [-95.3355478802422, 29.7476953018169]]}, "properties": {"centerlineid": 10141694, "roadclass": "LOCAL", "fullname": "DRENNAN ST", "fromleft": 201, "toleft": 219, "fromright": 200, "toright": 218, "onewaydir": " "}}, {"type": "Feature", "geometry": {"type": "LineString", "coordinates": [[-95.3347236979235, 29.7429422746031], [-95.3352044522824, 29.7423414804368]]}, "properties": {"centerlineid": 10141698, "roadclass": "LOCAL", "fullname": "SIDNEY ST", "fromleft": 801, "toleft": 899, "fromright": 800, "toright": 898, "onewaydir": " "}}, {"type": "Feature", "geometry": {"type": "LineString", "coordinates": [[-95.339804850812, 29.7519030259443], [-95.339827914284, 29.7518649526256], [-95.3404458189995, 29.7511133526755]]}, "properties": {"centerlineid": 10141704, "roadclass": "LOCAL", "fullname": "ROBERTS ST", "fromleft": 101, "toleft": 199, "fromright": 100, "toright": 198, "onewaydir": " "}}, {"type": "Feature", "geometry": {"type": "LineString", "coordinates": [[-95.3594165551062, 29.7433667289452], [-95.3592910577453, 29.7432925446619], [-95.3587786758745, 29.7429535178069], [-95.3584510621384, 29.7427471091134], [-95.3575584825282, 29.7422290141518], [-95.3565563155405, 29.741584202781], [-95.3554410730377, 29.7408666142664], [-95.3553752851609, 29.7408242830649], [-95.3546559168335, 29.7403614039753], [-95.3536752390366, 29.7397302605743], [-95.3527202805956, 29.7391129136357], [-95.3516839523056, 29.7384429467487], [-95.3511550313394, 29.7381134743311], [-95.350919895058, 29.7379670107064], [-95.3490289447853, 29.7367891384024], [-95.3483421487879, 29.7363467324708], [-95.3474268181399, 29.7357549442946], [-95.3473000953218, 29.7356730123936], [-95.3470910607412, 29.7355378635244], [-95.3469360378054, 29.7354374383313], [-95.3459696033107, 29.7348113672272], [-95.3449471521173, 29.7340711387651], [-95.3437342083403, 29.7331155820896], [-95.3427498567738, 29.7323468389499], [-95.3422576294288, 29.7319680434698], [-95.3420754500571, 29.7318278873543], [-95.3419005028625, 29.7316937001535], [-95.3411706861948, 29.7311339209889]]}, "properties": {"centerlineid": 10139428, "roadclass": "HIGHWAY", "fullname": "S IH 45 HWY", "fromleft": 2295, "toleft": 4219, "fromright": 0, "toright": 0, "onewaydir": "FT"}}, {"type": "Feature", "geometry": {"type": "LineString", "coordinates": [[-95.34126971357, 29.7429023376354], [-95.3417427453939, 29.7423166143893]]}, "properties": {"centerlineid": 10141727, "roadclass": "LOCAL", "fullname": "MILBY ST", "fromleft": 1101, "toleft": 1199, "fromright": 1100, "toright": 1198, "onewaydir": " "}}, {"type": "Feature", "geometry": {"type": "LineString", "coordinates": [[-95.3410255814386, 29.7503503362694], [-95.3416131439279, 29.7496103687929]]}, "properties": {"centerlineid": 10141743, "roadclass": "LOCAL", "fullname": "ROBERTS ST", "fromleft": 301, "toleft": 399, "fromright": 300, "toright": 398, "onewaydir": " "}}, {"type": "Feature", "geometry": {"type": "LineString", "coordinates": [[-95.3375238106605, 29.7515883777702], [-95.337066127972, 29.7521604115045]]}, "properties": {"centerlineid": 10141754, "roadclass": "MAJOR", "fullname": "N YORK ST", "fromleft": 101, "toleft": 129, "fromright": 100, "toright": 128, "onewaydir": "TF"}}, {"type": "Feature", "geometry": {"type": "LineString", "coordinates": [[-95.3429100822355, 29.744819201469], [-95.3435128942766, 29.7440466155046]]}, "properties": {"centerlineid": 10141758, "roadclass": "MAJOR", "fullname": "YORK ST", "fromleft": 901, "toleft": 999, "fromright": 900, "toright": 998, "onewaydir": "TF"}}, {"type": "Feature", "geometry": {"type": "LineString", "coordinates": [[-95.3411401272971, 29.7470450059045], [-95.341750494163, 29.7462705870582]]}, "properties": {"centerlineid": 10141761, "roadclass": "MAJOR", "fullname": "YORK ST", "fromleft": 601, "toleft": 699, "fromright": 600, "toright": 698, "onewaydir": "TF"}}, {"type": "Feature", "geometry": {"type": "LineString", "coordinates": [[-95.3213724289252, 29.7502875876804], [-95.3213265475654, 29.7502722806784], [-95.3206246885395, 29.750073773198]]}, "properties": {"centerlineid": 10141767, "roadclass": "MAJOR", "fullname": "NAVIGATION BLVD", "fromleft": 5101, "toleft": 5199, "fromright": 5100, "toright": 5198, "onewaydir": " "}}, {"type": "Feature", "geometry": {"type": "LineString", "coordinates": [[-95.3068077389035, 29.7478785584379], [-95.3068002370102, 29.7478899356877], [-95.3063805977679, 29.7484831998548]]}, "properties": {"centerlineid": 10141771, "roadclass": "LOCAL", "fullname": "TERMINAL ST", "fromleft": 1501, "toleft": 1599, "fromright": 1500, "toright": 1598, "onewaydir": " "}}, {"type": "Feature", "geometry": {"type": "LineString", "coordinates": [[-95.319167361988, 29.7445006632159], [-95.3192666203691, 29.744277543643], [-95.3195870099946, 29.7434554342508]]}, "properties": {"centerlineid": 10141804, "roadclass": "LOCAL", "fullname": "ALTIC ST", "fromleft": 101, "toleft": 199, "fromright": 100, "toright": 198, "onewaydir": " "}}, {"type": "Feature", "geometry": {"type": "LineString", "coordinates": [[-95.3167565269179, 29.7425838095389], [-95.317313461448, 29.7412503623935]]}, "properties": {"centerlineid": 10141823, "roadclass": "LOCAL", "fullname": "NORWOOD ST", "fromleft": 201, "toleft": 299, "fromright": 200, "toright": 298, "onewaydir": " "}}, {"type": "Feature", "geometry": {"type": "LineString", "coordinates": [[-95.3116678238399, 29.7385800708032], [-95.3113085734999, 29.7394501775563]]}, "properties": {"centerlineid": 10141843, "roadclass": "LOCAL", "fullname": "65TH ST", "fromleft": 101, "toleft": 199, "fromright": 100, "toright": 198, "onewaydir": " "}}, {"type": "Feature", "geometry": {"type": "LineString", "coordinates": [[-95.3257058690106, 29.7391637212614], [-95.3248285634917, 29.7388835261621]]}, "properties": {"centerlineid": 10141851, "roadclass": "LOCAL", "fullname": "WALKER ST", "fromleft": 4921, "toleft": 4999, "fromright": 4920, "toright": 4998, "onewaydir": " "}}, {"type": "Feature", "geometry": {"type": "LineString", "coordinates": [[-95.3238289396811, 29.7470756133223], [-95.3242409939185, 29.7460684481449]]}, "properties": {"centerlineid": 10141859, "roadclass": "LOCAL", "fullname": "BRYAN ST", "fromleft": 1, "toleft": 99, "fromright": 2, "toright": 98, "onewaydir": " "}}, {"type": "Feature", "geometry": {"type": "LineString", "coordinates": [[-95.3535912416365, 29.7456944657666], [-95.352744482808, 29.7451929322178], [-95.3527214671639, 29.7451776536817]]}, "properties": {"centerlineid": 10139653, "roadclass": "LOCAL", "fullname": "CLAY ST", "fromleft": 2601, "toleft": 2699, "fromright": 2600, "toright": 2698, "onewaydir": " "}}, {"type": "Feature", "geometry": {"type": "LineString", "coordinates": [[-95.3507913346506, 29.7540469549493], [-95.3499140201304, 29.7535262469181]]}, "properties": {"centerlineid": 10139654, "roadclass": "MAJOR", "fullname": "PRAIRIE ST", "fromleft": 2301, "toleft": 2399, "fromright": 2300, "toright": 2398, "onewaydir": "TF"}}, {"type": "Feature", "geometry": {"type": "LineString", "coordinates": [[-95.3535225825184, 29.7489637372744], [-95.3526605276233, 29.7484658355492]]}, "properties": {"centerlineid": 10139668, "roadclass": "LOCAL", "fullname": "LAMAR ST", "fromleft": 2401, "toleft": 2499, "fromright": 2400, "toright": 2498, "onewaydir": " "}}, {"type": "Feature", "geometry": {"type": "LineString", "coordinates": [[-95.3470071012922, 29.7428525957553], [-95.3460813481923, 29.7422620444585]]}, "properties": {"centerlineid": 10139678, "roadclass": "MAJOR", "fullname": "POLK ST", "fromleft": 3301, "toleft": 3399, "fromright": 3300, "toright": 3398, "onewaydir": " "}}, {"type": "Feature", "geometry": {"type": "LineString", "coordinates": [[-95.3237068592175, 29.7470372813264], [-95.3229744137624, 29.7467990575398]]}, "properties": {"centerlineid": 10141875, "roadclass": "MAJOR", "fullname": "CANAL ST", "fromleft": 5005, "toleft": 5095, "fromright": 5004, "toright": 5094, "onewaydir": " "}}, {"type": "Feature", "geometry": {"type": "LineString", "coordinates": [[-95.3232872543461, 29.749833519718], [-95.3225473113938, 29.7495971331887]]}, "properties": {"centerlineid": 10141878, "roadclass": "LOCAL", "fullname": "AVENUE J", "fromleft": 4901, "toleft": 4999, "fromright": 4900, "toright": 4998, "onewaydir": " "}}, {"type": "Feature", "geometry": {"type": "LineString", "coordinates": [[-95.3178476080825, 29.7452196705945], [-95.3168938548529, 29.7449239263838]]}, "properties": {"centerlineid": 10141881, "roadclass": "MAJOR", "fullname": "CANAL ST", "fromleft": 5601, "toleft": 5699, "fromright": 5600, "toright": 5698, "onewaydir": " "}}, {"type": "Feature", "geometry": {"type": "LineString", "coordinates": [[-95.3118813694674, 29.7464232498563], [-95.3114389544326, 29.746341106682], [-95.3109887867592, 29.7462286036522], [-95.310248558431, 29.7460207499282]]}, "properties": {"centerlineid": 10141959, "roadclass": "LOCAL", "fullname": "ESPERSON ST", "fromleft": 6031, "toleft": 6299, "fromright": 6030, "toright": 6298, "onewaydir": " "}}, {"type": "Feature", "geometry": {"type": "LineString", "coordinates": [[-95.3198464095127, 29.7410787709962], [-95.3195641497564, 29.7409948191537]]}, "properties": {"centerlineid": 10141972, "roadclass": "MAJOR", "fullname": "HARRISBURG BLVD", "fromleft": 5601, "toleft": 5611, "fromright": 5600, "toright": 5610, "onewaydir": " "}}, {"type": "Feature", "geometry": {"type": "LineString", "coordinates": [[-95.3195641497564, 29.7409948191537], [-95.3189310086292, 29.7407965126312]]}, "properties": {"centerlineid": 10141974, "roadclass": "MAJOR", "fullname": "HARRISBURG BLVD", "fromleft": 5613, "toleft": 5699, "fromright": 5612, "toright": 5698, "onewaydir": " "}}, {"type": "Feature", "geometry": {"type": "LineString", "coordinates": [[-95.3252709731428, 29.7507681142363], [-95.3244240176155, 29.7505068472569]]}, "properties": {"centerlineid": 10142006, "roadclass": "LOCAL", "fullname": "SUBURBAN ST", "fromleft": 4621, "toleft": 4699, "fromright": 4620, "toright": 4698, "onewaydir": " "}}, {"type": "Feature", "geometry": {"type": "LineString", "coordinates": [[-95.3244240176155, 29.7505068472569], [-95.3239893451732, 29.7510923557697]]}, "properties": {"centerlineid": 10142007, "roadclass": "MAJOR", "fullname": "LOCKWOOD DR", "fromleft": 401, "toleft": 499, "fromright": 400, "toright": 498, "onewaydir": " "}}, {"type": "Feature", "geometry": {"type": "LineString", "coordinates": [[-95.3255685236097, 29.7428487199148], [-95.3245691398606, 29.7425589427341]]}, "properties": {"centerlineid": 10142010, "roadclass": "MAJOR", "fullname": "HARRISBURG BLVD", "fromleft": 5001, "toleft": 5099, "fromright": 5000, "toright": 5098, "onewaydir": " "}}, {"type": "Feature", "geometry": {"type": "LineString", "coordinates": [[-95.3122400507171, 29.7423433104599], [-95.3113168599826, 29.7420688342909]]}, "properties": {"centerlineid": 10142015, "roadclass": "LOCAL", "fullname": "BRADY ST", "fromleft": 6301, "toleft": 6399, "fromright": 6300, "toright": 6398, "onewaydir": " "}}, {"type": "Feature", "geometry": {"type": "LineString", "coordinates": [[-95.3255073920651, 29.7490648180343], [-95.3245994691071, 29.7502417150157]]}, "properties": {"centerlineid": 10142024, "roadclass": "MAJOR", "fullname": "LOCKWOOD DR", "fromleft": 201, "toleft": 335, "fromright": 200, "toright": 334, "onewaydir": " "}}, {"type": "Feature", "geometry": {"type": "LineString", "coordinates": [[-95.3460813481923, 29.7422620444585], [-95.3462436502694, 29.7418307304]]}, "properties": {"centerlineid": 10139685, "roadclass": "LOCAL", "fullname": "SAMPSON ST", "fromleft": 1301, "toleft": 1311, "fromright": 1300, "toright": 1310, "onewaydir": " "}}, {"type": "Feature", "geometry": {"type": "LineString", "coordinates": [[-95.3105157465583, 29.7413535092728], [-95.3103555896476, 29.7417788368941]]}, "properties": {"centerlineid": 10142043, "roadclass": "LOCAL", "fullname": "65TH ST", "fromleft": 501, "toleft": 505, "fromright": 500, "toright": 504, "onewaydir": " "}}, {"type": "Feature", "geometry": {"type": "LineString", "coordinates": [[-95.3091043183192, 29.7409090355271], [-95.3088143187967, 29.7415784964629]]}, "properties": {"centerlineid": 10142051, "roadclass": "LOCAL", "fullname": "N 66TH ST", "fromleft": 501, "toleft": 599, "fromright": 500, "toright": 598, "onewaydir": " "}}, {"type": "Feature", "geometry": {"type": "LineString", "coordinates": [[-95.3189310086292, 29.7407965126312], [-95.3195413687969, 29.7400068381073]]}, "properties": {"centerlineid": 10142068, "roadclass": "LOCAL", "fullname": "CLIFTON ST", "fromleft": 401, "toleft": 499, "fromright": 400, "toright": 498, "onewaydir": " "}}, {"type": "Feature", "geometry": {"type": "LineString", "coordinates": [[-95.3144905128297, 29.7394345686351], [-95.3145516895348, 29.7393316792518], [-95.3147135224023, 29.7391041004574]]}, "properties": {"centerlineid": 10142070, "roadclass": "LOCAL", "fullname": "CAYLOR ST", "fromleft": 401, "toleft": 413, "fromright": 400, "toright": 412, "onewaydir": " "}}, {"type": "Feature", "geometry": {"type": "LineString", "coordinates": [[-95.3249047717077, 29.7481359278434], [-95.3246147659041, 29.7487768552716]]}, "properties": {"centerlineid": 10142118, "roadclass": "LOCAL", "fullname": "N BURR ST", "fromleft": 201, "toleft": 299, "fromright": 200, "toright": 298, "onewaydir": " "}}, {"type": "Feature", "geometry": {"type": "LineString", "coordinates": [[-95.3105310377806, 29.7673888711802], [-95.3100349952347, 29.7673849824306], [-95.309493324752, 29.7673792755627]]}, "properties": {"centerlineid": 10142177, "roadclass": "LOCAL", "fullname": "LARIMER ST", "fromleft": 6001, "toleft": 6099, "fromright": 6000, "toright": 6098, "onewaydir": " "}}, {"type": "Feature", "geometry": {"type": "LineString", "coordinates": [[-95.3452447118909, 29.7428870508261], [-95.3446954932262, 29.7425570933043]]}, "properties": {"centerlineid": 10139891, "roadclass": "LOCAL", "fullname": "DALLAS ST", "fromleft": 3407, "toleft": 3499, "fromright": 3406, "toright": 3498, "onewaydir": " "}}, {"type": "Feature", "geometry": {"type": "LineString", "coordinates": [[-95.3451531936492, 29.7418303610498], [-95.3441919160698, 29.7415574949233]]}, "properties": {"centerlineid": 10139894, "roadclass": "MAJOR", "fullname": "POLK ST", "fromleft": 3501, "toleft": 3599, "fromright": 3500, "toright": 3598, "onewaydir": " "}}, {"type": "Feature", "geometry": {"type": "LineString", "coordinates": [[-95.3455650452041, 29.7430814436796], [-95.3452447118909, 29.7428870508261]]}, "properties": {"centerlineid": 10139907, "roadclass": "LOCAL", "fullname": "DALLAS ST", "fromleft": 3401, "toleft": 3405, "fromright": 3400, "toright": 3404, "onewaydir": " "}}, {"type": "Feature", "geometry": {"type": "LineString", "coordinates": [[-95.352179768992, 29.7426714007297], [-95.3513483380689, 29.7421699043184]]}, "properties": {"centerlineid": 10139949, "roadclass": "MAJOR", "fullname": "LEELAND ST", "fromleft": 2901, "toleft": 2999, "fromright": 2900, "toright": 2998, "onewaydir": " "}}, {"type": "Feature", "geometry": {"type": "LineString", "coordinates": [[-95.3493340305028, 29.7400565580422], [-95.3489221888273, 29.7398142323499], [-95.3483957665892, 29.7394804447452]]}, "properties": {"centerlineid": 10139962, "roadclass": "LOCAL", "fullname": "PEASE ST", "fromleft": 3301, "toleft": 3399, "fromright": 3300, "toright": 3398, "onewaydir": " "}}, {"type": "Feature", "geometry": {"type": "LineString", "coordinates": [[-95.3469462041574, 29.7461047327255], [-95.3461949697627, 29.7456556325909]]}, "properties": {"centerlineid": 10139983, "roadclass": "MAJOR", "fullname": "MCKINNEY ST", "fromleft": 3101, "toleft": 3199, "fromright": 3100, "toright": 3198, "onewaydir": " "}}, {"type": "Feature", "geometry": {"type": "LineString", "coordinates": [[-95.3105004761695, 29.7374051973638], [-95.3097452133592, 29.7371859452432]]}, "properties": {"centerlineid": 10143406, "roadclass": "LOCAL", "fullname": "TEXAS ST", "fromleft": 6601, "toleft": 6699, "fromright": 6600, "toright": 6698, "onewaydir": " "}}, {"type": "Feature", "geometry": {"type": "LineString", "coordinates": [[-95.3240808290101, 29.7384009431628], [-95.3231957644362, 29.7381262450327]]}, "properties": {"centerlineid": 10143443, "roadclass": "LOCAL", "fullname": "WALKER ST", "fromleft": 5101, "toleft": 5199, "fromright": 5100, "toright": 5198, "onewaydir": " "}}, {"type": "Feature", "geometry": {"type": "LineString", "coordinates": [[-95.3227836851897, 29.7343324270163], [-95.3230661533833, 29.7336572412747]]}, "properties": {"centerlineid": 10143479, "roadclass": "LOCAL", "fullname": "HENNINGER ST", "fromleft": 1301, "toleft": 1399, "fromright": 1300, "toright": 1398, "onewaydir": " "}}, {"type": "Feature", "geometry": {"type": "LineString", "coordinates": [[-95.3048698991327, 29.7350993079617], [-95.3053581590895, 29.73472350636], [-95.3055870528683, 29.734572911445]]}, "properties": {"centerlineid": 10143534, "roadclass": "MAJOR", "fullname": "S 69TH ST", "fromleft": 301, "toleft": 321, "fromright": 300, "toright": 320, "onewaydir": "FT"}}, {"type": "Feature", "geometry": {"type": "LineString", "coordinates": [[-95.3093790013206, 29.7577376306095], [-95.309363702161, 29.7566211093087]]}, "properties": {"centerlineid": 10142196, "roadclass": "LOCAL", "fullname": "KRESS ST", "fromleft": 1801, "toleft": 1899, "fromright": 1800, "toright": 1898, "onewaydir": " "}}, {"type": "Feature", "geometry": {"type": "LineString", "coordinates": [[-95.3256294593875, 29.7453588461552], [-95.3259956583749, 29.7444623392315], [-95.3262157070625, 29.7440234266465]]}, "properties": {"centerlineid": 10141241, "roadclass": "LOCAL", "fullname": "STILES ST", "fromleft": 201, "toleft": 299, "fromright": 200, "toright": 298, "onewaydir": " "}}, {"type": "Feature", "geometry": {"type": "LineString", "coordinates": [[-95.3286431551579, 29.7367969190087], [-95.3283836891186, 29.736703329469], [-95.3282082314564, 29.7366481413749], [-95.3279653457544, 29.7365735516134], [-95.3276056452067, 29.7364630878193]]}, "properties": {"centerlineid": 10139175, "roadclass": "MAJOR", "fullname": "POLK ST", "fromleft": 4801, "toleft": 4899, "fromright": 4800, "toright": 4898, "onewaydir": " "}}, {"type": "Feature", "geometry": {"type": "LineString", "coordinates": [[-95.3518288675211, 29.7590993667516], [-95.3513195822879, 29.7587826670963], [-95.3513048454386, 29.7587735017352], [-95.3512663895665, 29.7587495892136]]}, "properties": {"centerlineid": 10140383, "roadclass": "LOCAL", "fullname": "COMMERCE ST", "fromleft": 1901, "toleft": 1999, "fromright": 1900, "toright": 1998, "onewaydir": "TF"}}, {"type": "Feature", "geometry": {"type": "LineString", "coordinates": [[-95.3518288675211, 29.7590993667516], [-95.3513024340199, 29.7597555883384], [-95.3512184755068, 29.7598566643817]]}, "properties": {"centerlineid": 10140612, "roadclass": "LOCAL", "fullname": "N HAMILTON ST", "fromleft": 1, "toleft": 99, "fromright": 2, "toright": 98, "onewaydir": "TF"}}, {"type": "Feature", "geometry": {"type": "LineString", "coordinates": [[-95.3416055982474, 29.7600663356257], [-95.3408272974804, 29.75962391196]]}, "properties": {"centerlineid": 10140724, "roadclass": "LOCAL", "fullname": "BAYOU PARKVIEW DR", "fromleft": 2601, "toleft": 2699, "fromright": 2600, "toright": 2698, "onewaydir": " "}}, {"type": "Feature", "geometry": {"type": "LineString", "coordinates": [[-95.3365416183222, 29.7553436816244], [-95.3363165068487, 29.7553377837668], [-95.3361093048072, 29.75531492151], [-95.335896639494, 29.7552779368199], [-95.3357200597304, 29.755239315177], [-95.3355097178204, 29.7551819742677], [-95.3353345135808, 29.7551217733796]]}, "properties": {"centerlineid": 10141403, "roadclass": "MAJOR", "fullname": "NAVIGATION BLVD", "fromleft": 3351, "toleft": 3399, "fromright": 3350, "toright": 3398, "onewaydir": " "}}, {"type": "Feature", "geometry": {"type": "LineString", "coordinates": [[-95.3447564248832, 29.7600321231501], [-95.3438812455283, 29.7611372477901]]}, "properties": {"centerlineid": 10140422, "roadclass": "MAJOR", "fullname": "S JENSEN DR", "fromleft": 301, "toleft": 399, "fromright": 300, "toright": 398, "onewaydir": " "}}, {"type": "Feature", "geometry": {"type": "LineString", "coordinates": [[-95.3376259198286, 29.7552169070579], [-95.3369591011394, 29.754817482212]]}, "properties": {"centerlineid": 10141408, "roadclass": "LOCAL", "fullname": "ENGELKE ST", "fromleft": 3301, "toleft": 3349, "fromright": 3300, "toright": 3348, "onewaydir": " "}}, {"type": "Feature", "geometry": {"type": "LineString", "coordinates": [[-95.3395160334053, 29.7684617068335], [-95.3395147857412, 29.7686808140734], [-95.3395184587167, 29.7688503824789], [-95.3395267453676, 29.7690355480218], [-95.3395293540798, 29.7691775065218], [-95.3395554683276, 29.7693695568876], [-95.339565483686, 29.769577084316]]}, "properties": {"centerlineid": 10140990, "roadclass": "LOCAL", "fullname": "MEADOW ST", "fromleft": 0, "toleft": 0, "fromright": 0, "toright": 0, "onewaydir": " "}}, {"type": "Feature", "geometry": {"type": "LineString", "coordinates": [[-95.349570652271, 29.7443918361237], [-95.3501657075956, 29.7436423146187]]}, "properties": {"centerlineid": 10140093, "roadclass": "LOCAL", "fullname": "ENNIS ST", "fromleft": 1301, "toleft": 1399, "fromright": 1300, "toright": 1398, "onewaydir": " "}}, {"type": "Feature", "geometry": {"type": "LineString", "coordinates": [[-95.3498987652484, 29.7423948722828], [-95.3504938342003, 29.7416624682882]]}, "properties": {"centerlineid": 10140101, "roadclass": "LOCAL", "fullname": "PALMER ST", "fromleft": 1501, "toleft": 1599, "fromright": 1500, "toright": 1598, "onewaydir": " "}}, {"type": "Feature", "geometry": {"type": "LineString", "coordinates": [[-95.3042825848384, 29.7691836682922], [-95.30326012634, 29.7691836554832]]}, "properties": {"centerlineid": 10142375, "roadclass": "LOCAL", "fullname": "LESLIE ST", "fromleft": 6601, "toleft": 6699, "fromright": 6600, "toright": 6698, "onewaydir": " "}}, {"type": "Feature", "geometry": {"type": "LineString", "coordinates": [[-95.3532709188027, 29.7397932643301], [-95.3526146807103, 29.739406047198]]}, "properties": {"centerlineid": 10140205, "roadclass": "FRONTAGE", "fullname": "GULF FWY", "fromleft": 3101, "toleft": 3131, "fromright": 0, "toright": 0, "onewaydir": "FT"}}, {"type": "Feature", "geometry": {"type": "LineString", "coordinates": [[-95.352088260106, 29.7695765476741], [-95.3520027237419, 29.7695784054482], [-95.3512718743792, 29.7695918614695]]}, "properties": {"centerlineid": 10140294, "roadclass": "LOCAL", "fullname": "ROTHWELL ST", "fromleft": 1601, "toleft": 1699, "fromright": 1600, "toright": 1698, "onewaydir": "FT"}}, {"type": "Feature", "geometry": {"type": "LineString", "coordinates": [[-95.3442528723709, 29.7636694329756], [-95.342994008777, 29.7636847178111]]}, "properties": {"centerlineid": 10140338, "roadclass": "LOCAL", "fullname": "SHILOH ST", "fromleft": 2701, "toleft": 2799, "fromright": 2700, "toright": 2798, "onewaydir": " "}}, {"type": "Feature", "geometry": {"type": "LineString", "coordinates": [[-95.3498647988596, 29.7599649732693], [-95.3495325138768, 29.7597421294354], [-95.3488076323539, 29.7593093009538], [-95.348235393677, 29.7589658951278], [-95.3475563373979, 29.7585444502001], [-95.3474420201319, 29.7584718814869]]}, "properties": {"centerlineid": 10140354, "roadclass": "MAJOR", "fullname": "CANAL ST", "fromleft": 2001, "toleft": 2099, "fromright": 2000, "toright": 2098, "onewaydir": " "}}, {"type": "Feature", "geometry": {"type": "LineString", "coordinates": [[-95.3528131602448, 29.7563567253365], [-95.3527214509974, 29.7563108746413]]}, "properties": {"centerlineid": 10140369, "roadclass": "LOCAL", "fullname": "PRESTON ST", "fromleft": 1991, "toleft": 1999, "fromright": 1990, "toright": 1998, "onewaydir": " "}}, {"type": "Feature", "geometry": {"type": "LineString", "coordinates": [[-95.3470604912573, 29.7600683942458], [-95.3463739291043, 29.7609133258201], [-95.3463052659677, 29.7609667156666]]}, "properties": {"centerlineid": 10140500, "roadclass": "LOCAL", "fullname": "LOTTMAN ST", "fromleft": 201, "toleft": 299, "fromright": 200, "toright": 298, "onewaydir": " "}}, {"type": "Feature", "geometry": {"type": "LineString", "coordinates": [[-95.3034584232759, 29.7383283973852], [-95.3031686141478, 29.7390359505939]]}, "properties": {"centerlineid": 10142813, "roadclass": "MAJOR", "fullname": "SSGT MACARIO GARCIA DR", "fromleft": 401, "toleft": 499, "fromright": 400, "toright": 498, "onewaydir": "FT"}}, {"type": "Feature", "geometry": {"type": "LineString", "coordinates": [[-95.3014977191612, 29.7430835207866], [-95.3012154619983, 29.7437452227421]]}, "properties": {"centerlineid": 10142822, "roadclass": "MAJOR", "fullname": "SSGT MACARIO GARCIA DR", "fromleft": 1101, "toleft": 1199, "fromright": 1100, "toright": 1198, "onewaydir": "FT"}}, {"type": "Feature", "geometry": {"type": "LineString", "coordinates": [[-95.3347008732876, 29.7673658224428], [-95.3337854482786, 29.7673792512741]]}, "properties": {"centerlineid": 10140785, "roadclass": "LOCAL", "fullname": "GILLESPIE ST", "fromleft": 3501, "toleft": 3599, "fromright": 3500, "toright": 3598, "onewaydir": " "}}, {"type": "Feature", "geometry": {"type": "LineString", "coordinates": [[-95.3403771387451, 29.7602057438268], [-95.339362439547, 29.7596164160721]]}, "properties": {"centerlineid": 10140810, "roadclass": "LOCAL", "fullname": "FREUND ST", "fromleft": 2701, "toleft": 2799, "fromright": 2700, "toright": 2798, "onewaydir": " "}}, {"type": "Feature", "geometry": {"type": "LineString", "coordinates": [[-95.3365928794529, 29.7687373656192], [-95.3357080288747, 29.7686800969173]]}, "properties": {"centerlineid": 10140919, "roadclass": "LOCAL", "fullname": "NANCE ST", "fromleft": 3301, "toleft": 3399, "fromright": 3300, "toright": 3398, "onewaydir": " "}}, {"type": "Feature", "geometry": {"type": "LineString", "coordinates": [[-95.3376000253606, 29.769360926509], [-95.3376000465051, 29.7700018972418]]}, "properties": {"centerlineid": 10141024, "roadclass": "LOCAL", "fullname": "BAYOU ST", "fromleft": 901, "toleft": 999, "fromright": 900, "toright": 998, "onewaydir": " "}}, {"type": "Feature", "geometry": {"type": "LineString", "coordinates": [[-95.3384623089511, 29.7653460426764], [-95.3384622828276, 29.7660136660228]]}, "properties": {"centerlineid": 10141083, "roadclass": "LOCAL", "fullname": "SYDNOR ST", "fromleft": 301, "toleft": 399, "fromright": 300, "toright": 398, "onewaydir": " "}}, {"type": "Feature", "geometry": {"type": "LineString", "coordinates": [[-95.3550255592949, 29.7373614205746], [-95.3535759679916, 29.7369417776963]]}, "properties": {"centerlineid": 10138848, "roadclass": "LOCAL", "fullname": "TRULLEY ST", "fromleft": 3101, "toleft": 3133, "fromright": 3100, "toright": 3132, "onewaydir": " "}}, {"type": "Feature", "geometry": {"type": "LineString", "coordinates": [[-95.3512109792593, 29.7343191663602], [-95.3514778979586, 29.7336382937256]]}, "properties": {"centerlineid": 10138858, "roadclass": "LOCAL", "fullname": "SAMPSON ST", "fromleft": 2501, "toleft": 2599, "fromright": 2500, "toright": 2598, "onewaydir": " "}}, {"type": "Feature", "geometry": {"type": "LineString", "coordinates": [[-95.3476727958447, 29.7370817817177], [-95.3476208869961, 29.7371135972883], [-95.3473886209025, 29.7376780885408]]}, "properties": {"centerlineid": 10138883, "roadclass": "LOCAL", "fullname": "NAPOLEON ST", "fromleft": 1901, "toleft": 1999, "fromright": 1900, "toright": 1998, "onewaydir": " "}}, {"type": "Feature", "geometry": {"type": "LineString", "coordinates": [[-95.3265604082477, 29.7692676245515], [-95.3265298158162, 29.7694449035796], [-95.3264305477701, 29.7699464380537]]}, "properties": {"centerlineid": 10141149, "roadclass": "MAJOR", "fullname": "WACO ST", "fromleft": 801, "toleft": 899, "fromright": 800, "toright": 898, "onewaydir": " "}}, {"type": "Feature", "geometry": {"type": "LineString", "coordinates": [[-95.3404001857466, 29.7439799993664], [-95.3393624114243, 29.7436327184982]]}, "properties": {"centerlineid": 10141207, "roadclass": "LOCAL", "fullname": "WALKER ST", "fromleft": 3801, "toleft": 3899, "fromright": 3800, "toright": 3898, "onewaydir": " "}}, {"type": "Feature", "geometry": {"type": "LineString", "coordinates": [[-95.3428644238219, 29.7378038094822], [-95.3431389227424, 29.7371631186585]]}, "properties": {"centerlineid": 10139096, "roadclass": "LOCAL", "fullname": "HUSSION ST", "fromleft": 1701, "toleft": 1799, "fromright": 1700, "toright": 1798, "onewaydir": " "}}, {"type": "Feature", "geometry": {"type": "LineString", "coordinates": [[-95.329355008762, 29.7524194598042], [-95.3290364678319, 29.7523266625603]]}, "properties": {"centerlineid": 10141257, "roadclass": "LOCAL", "fullname": "BERING ST", "fromleft": 4301, "toleft": 4399, "fromright": 4300, "toright": 4398, "onewaydir": " "}}, {"type": "Feature", "geometry": {"type": "LineString", "coordinates": [[-95.3356927370477, 29.7417386563746], [-95.3360589627884, 29.7413076332085]]}, "properties": {"centerlineid": 10141281, "roadclass": "LOCAL", "fullname": "SIDNEY ST", "fromleft": 1001, "toleft": 1049, "fromright": 1000, "toright": 1048, "onewaydir": " "}}, {"type": "Feature", "geometry": {"type": "LineString", "coordinates": [[-95.338385847503, 29.746552863184], [-95.3383304246274, 29.7465300434954], [-95.3365700838489, 29.7458033131969]]}, "properties": {"centerlineid": 10141298, "roadclass": "MAJOR", "fullname": "HARRISBURG BLVD", "fromleft": 3801, "toleft": 3899, "fromright": 3800, "toright": 3898, "onewaydir": " "}}, {"type": "Feature", "geometry": {"type": "LineString", "coordinates": [[-95.3325722669456, 29.7407584430839], [-95.3306802404823, 29.7401651613476]]}, "properties": {"centerlineid": 10141308, "roadclass": "MAJOR", "fullname": "MCKINNEY ST", "fromleft": 4501, "toleft": 4599, "fromright": 4500, "toright": 4598, "onewaydir": " "}}, {"type": "Feature", "geometry": {"type": "LineString", "coordinates": [[-95.3260796078268, 29.7510218570438], [-95.3252709731428, 29.7507681142363]]}, "properties": {"centerlineid": 10141365, "roadclass": "LOCAL", "fullname": "SUBURBAN ST", "fromleft": 4601, "toleft": 4619, "fromright": 4600, "toright": 4618, "onewaydir": " "}}, {"type": "Feature", "geometry": {"type": "LineString", "coordinates": [[-95.3269875306158, 29.7406495879098], [-95.3272850708417, 29.7399285700978]]}, "properties": {"centerlineid": 10141439, "roadclass": "LOCAL", "fullname": "TOMWOOD", "fromleft": 701, "toleft": 799, "fromright": 700, "toright": 798, "onewaydir": " "}}, {"type": "Feature", "geometry": {"type": "LineString", "coordinates": [[-95.3347928418494, 29.7535303973396], [-95.3341408254011, 29.7531392872099]]}, "properties": {"centerlineid": 10141489, "roadclass": "LOCAL", "fullname": "ENGELKE ST", "fromleft": 3601, "toleft": 3699, "fromright": 3600, "toright": 3698, "onewaydir": " "}}, {"type": "Feature", "geometry": {"type": "LineString", "coordinates": [[-95.3404229775404, 29.7419104708349], [-95.3383171713057, 29.7412791297556]]}, "properties": {"centerlineid": 10141533, "roadclass": "LOCAL", "fullname": "WOODLEIGH ST", "fromleft": 3901, "toleft": 4099, "fromright": 3900, "toright": 4098, "onewaydir": " "}}, {"type": "Feature", "geometry": {"type": "LineString", "coordinates": [[-95.337394001243, 29.7542299394553], [-95.3369210153151, 29.7539495293909]]}, "properties": {"centerlineid": 10141621, "roadclass": "LOCAL", "fullname": "RUNNELS ST", "fromleft": 3301, "toleft": 3399, "fromright": 3300, "toright": 3398, "onewaydir": " "}}, {"type": "Feature", "geometry": {"type": "LineString", "coordinates": [[-95.3357767045849, 29.743268564925], [-95.3362497039163, 29.7426638788141]]}, "properties": {"centerlineid": 10141725, "roadclass": "LOCAL", "fullname": "OAKHURST ST", "fromleft": 801, "toleft": 899, "fromright": 800, "toright": 898, "onewaydir": " "}}, {"type": "Feature", "geometry": {"type": "LineString", "coordinates": [[-95.3362497039163, 29.7426638788141], [-95.3367302424067, 29.7420688406677]]}, "properties": {"centerlineid": 10141740, "roadclass": "LOCAL", "fullname": "OAKHURST ST", "fromleft": 901, "toleft": 999, "fromright": 900, "toright": 998, "onewaydir": " "}}, {"type": "Feature", "geometry": {"type": "LineString", "coordinates": [[-95.3206246885395, 29.750073773198], [-95.3199228289456, 29.7497897134421]]}, "properties": {"centerlineid": 10141769, "roadclass": "MAJOR", "fullname": "NAVIGATION BLVD", "fromleft": 5201, "toleft": 5299, "fromright": 5200, "toright": 5298, "onewaydir": " "}}, {"type": "Feature", "geometry": {"type": "LineString", "coordinates": [[-95.3130487098334, 29.7478479558448], [-95.3124305920403, 29.7478230816627], [-95.3122095188271, 29.7478098799431], [-95.3119042222331, 29.7477906842376], [-95.3114006407448, 29.7477163008164], [-95.3110268812242, 29.7476533515982]]}, "properties": {"centerlineid": 10141772, "roadclass": "MAJOR", "fullname": "NAVIGATION BLVD", "fromleft": 6021, "toleft": 6199, "fromright": 6020, "toright": 6198, "onewaydir": " "}}, {"type": "Feature", "geometry": {"type": "LineString", "coordinates": [[-95.3109276426593, 29.7430604522662], [-95.3113168599826, 29.7420688342909]]}, "properties": {"centerlineid": 10141778, "roadclass": "LOCAL", "fullname": "OLDHAM ST", "fromleft": 1, "toleft": 99, "fromright": 2, "toright": 98, "onewaydir": " "}}, {"type": "Feature", "geometry": {"type": "LineString", "coordinates": [[-95.3218607305555, 29.7473425702639], [-95.3211282698575, 29.7471269431316]]}, "properties": {"centerlineid": 10141813, "roadclass": "LOCAL", "fullname": "AVENUE H", "fromleft": 5201, "toleft": 5215, "fromright": 5200, "toright": 5214, "onewaydir": " "}}, {"type": "Feature", "geometry": {"type": "LineString", "coordinates": [[-95.3113085734999, 29.7394501775563], [-95.3111108499851, 29.7399306125663]]}, "properties": {"centerlineid": 10141844, "roadclass": "LOCAL", "fullname": "65TH ST", "fromleft": 201, "toleft": 299, "fromright": 200, "toright": 298, "onewaydir": " "}}, {"type": "Feature", "geometry": {"type": "LineString", "coordinates": [[-95.3466256132328, 29.7481322702258], [-95.3463661860154, 29.748000620684]]}, "properties": {"centerlineid": 10139672, "roadclass": "LOCAL", "fullname": "RUSK ST", "fromleft": 2991, "toleft": 2999, "fromright": 2990, "toright": 2998, "onewaydir": " "}}, {"type": "Feature", "geometry": {"type": "LineString", "coordinates": [[-95.3243783841463, 29.7394480495176], [-95.3234857761554, 29.73917538089]]}, "properties": {"centerlineid": 10141908, "roadclass": "LOCAL", "fullname": "RUSK ST", "fromleft": 5001, "toleft": 5021, "fromright": 5000, "toright": 5020, "onewaydir": " "}}, {"type": "Feature", "geometry": {"type": "LineString", "coordinates": [[-95.3154290218507, 29.7433390485435], [-95.315856387931, 29.7422994844925]]}, "properties": {"centerlineid": 10141920, "roadclass": "LOCAL", "fullname": "LINWOOD ST", "fromleft": 101, "toleft": 199, "fromright": 100, "toright": 198, "onewaydir": " "}}, {"type": "Feature", "geometry": {"type": "LineString", "coordinates": [[-95.3213190654284, 29.7405656011719], [-95.3212044883159, 29.7405352878373], [-95.320426192221, 29.7402854147725]]}, "properties": {"centerlineid": 10141925, "roadclass": "LOCAL", "fullname": "TEXAS ST", "fromleft": 5501, "toleft": 5599, "fromright": 5500, "toright": 5598, "onewaydir": " "}}, {"type": "Feature", "geometry": {"type": "LineString", "coordinates": [[-95.3461601757019, 29.7401297007346], [-95.3455650476721, 29.7399516118624]]}, "properties": {"centerlineid": 10139755, "roadclass": "LOCAL", "fullname": "BELL ST", "fromleft": 3401, "toleft": 3599, "fromright": 3400, "toright": 3598, "onewaydir": " "}}, {"type": "Feature", "geometry": {"type": "LineString", "coordinates": [[-95.3171457956492, 29.7402452811296], [-95.3177483584536, 29.7394519121565]]}, "properties": {"centerlineid": 10142085, "roadclass": "LOCAL", "fullname": "LINWOOD ST", "fromleft": 401, "toleft": 499, "fromright": 400, "toright": 498, "onewaydir": " "}}, {"type": "Feature", "geometry": {"type": "LineString", "coordinates": [[-95.3076928227766, 29.7442889300035], [-95.307441154487, 29.7448915253371], [-95.3074028126064, 29.744944941591]]}, "properties": {"centerlineid": 10142093, "roadclass": "LOCAL", "fullname": "N 66TH ST", "fromleft": 1001, "toleft": 1099, "fromright": 1000, "toright": 1098, "onewaydir": " "}}, {"type": "Feature", "geometry": {"type": "LineString", "coordinates": [[-95.3221351908922, 29.7505239559096], [-95.3217767633631, 29.7513098109762]]}, "properties": {"centerlineid": 10142124, "roadclass": "LOCAL", "fullname": "N BRYAN ST", "fromleft": 501, "toleft": 599, "fromright": 500, "toright": 598, "onewaydir": " "}}, {"type": "Feature", "geometry": {"type": "LineString", "coordinates": [[-95.3080362048116, 29.7627692754808], [-95.3073877543812, 29.7625842214593]]}, "properties": {"centerlineid": 10142150, "roadclass": "LOCAL", "fullname": "OLD CLINTON RD", "fromleft": 5801, "toleft": 5807, "fromright": 5800, "toright": 5806, "onewaydir": " "}}, {"type": "Feature", "geometry": {"type": "LineString", "coordinates": [[-95.3241114210863, 29.7625764835686], [-95.3225091844782, 29.7625878777072], [-95.3211950768332, 29.7625958299504]]}, "properties": {"centerlineid": 10142172, "roadclass": "LOCAL", "fullname": "DICK ST", "fromleft": 4601, "toleft": 4799, "fromright": 4600, "toright": 4798, "onewaydir": " "}}, {"type": "Feature", "geometry": {"type": "LineString", "coordinates": [[-95.3131936254487, 29.7382426189422], [-95.3139794360398, 29.7372183196657]]}, "properties": {"centerlineid": 10143407, "roadclass": "LOCAL", "fullname": "HUGHES ST", "fromleft": 201, "toleft": 299, "fromright": 200, "toright": 298, "onewaydir": " "}}, {"type": "Feature", "geometry": {"type": "LineString", "coordinates": [[-95.3037483963096, 29.7376265227373], [-95.301917327197, 29.7370410694581], [-95.301803030048, 29.7370047461658]]}, "properties": {"centerlineid": 10143605, "roadclass": "LOCAL", "fullname": "AVENUE C", "fromleft": 6901, "toleft": 6999, "fromright": 6900, "toright": 6998, "onewaydir": " "}}, {"type": "Feature", "geometry": {"type": "LineString", "coordinates": [[-95.3014977082399, 29.7377047974668], [-95.3012079461477, 29.7384180702675]]}, "properties": {"centerlineid": 10143813, "roadclass": "LOCAL", "fullname": "70TH ST", "fromleft": 401, "toleft": 499, "fromright": 400, "toright": 498, "onewaydir": " "}}, {"type": "Feature", "geometry": {"type": "LineString", "coordinates": [[-95.3122934758284, 29.7515883714423], [-95.3122857324896, 29.7518571735775], [-95.3119668080405, 29.7536992929541], [-95.3119422939971, 29.7538408929974]]}, "properties": {"centerlineid": 10141928, "roadclass": "LOCAL", "fullname": "N GREENWOOD ST", "fromleft": 601, "toleft": 799, "fromright": 600, "toright": 798, "onewaydir": " "}}, {"type": "Feature", "geometry": {"type": "LineString", "coordinates": [[-95.3241876000548, 29.7646688179768], [-95.3241885507164, 29.7647238694508], [-95.3242011028536, 29.765477452849]]}, "properties": {"centerlineid": 10142292, "roadclass": "LOCAL", "fullname": "EMILE ST", "fromleft": 301, "toleft": 399, "fromright": 300, "toright": 398, "onewaydir": " "}}, {"type": "Feature", "geometry": {"type": "LineString", "coordinates": [[-95.343001758083, 29.7659372298069], [-95.3417198983766, 29.765950665112]]}, "properties": {"centerlineid": 1087946, "roadclass": "LOCAL", "fullname": "BARON ST", "fromleft": 2701, "toleft": 2799, "fromright": 2700, "toright": 2798, "onewaydir": " "}}, {"type": "Feature", "geometry": {"type": "LineString", "coordinates": [[-95.3093943265737, 29.7591604919196], [-95.3093790013206, 29.7577376306095]]}, "properties": {"centerlineid": 10142215, "roadclass": "LOCAL", "fullname": "KRESS ST", "fromleft": 1701, "toleft": 1799, "fromright": 1700, "toright": 1798, "onewaydir": " "}}, {"type": "Feature", "geometry": {"type": "LineString", "coordinates": [[-95.3520654406905, 29.7492174596752], [-95.3526605276233, 29.7484658355492]]}, "properties": {"centerlineid": 10140048, "roadclass": "LOCAL", "fullname": "ST CHARLES ST", "fromleft": 1001, "toleft": 1099, "fromright": 1000, "toright": 1098, "onewaydir": " "}}, {"type": "Feature", "geometry": {"type": "LineString", "coordinates": [[-95.3480676677172, 29.7478860571029], [-95.3485406731672, 29.7472663530058], [-95.3486321666022, 29.7471422234864]]}, "properties": {"centerlineid": 10140077, "roadclass": "LOCAL", "fullname": "PAIGE ST", "fromleft": 901, "toleft": 999, "fromright": 900, "toright": 998, "onewaydir": " "}}, {"type": "Feature", "geometry": {"type": "LineString", "coordinates": [[-95.3487161337411, 29.7438636425773], [-95.3487770527675, 29.7437835236525], [-95.3493104307316, 29.7431519215967]]}, "properties": {"centerlineid": 10140099, "roadclass": "LOCAL", "fullname": "PALMER ST", "fromleft": 1301, "toleft": 1399, "fromright": 1300, "toright": 1398, "onewaydir": " "}}, {"type": "Feature", "geometry": {"type": "LineString", "coordinates": [[-95.3012154923197, 29.768706756727], [-95.298659725804, 29.7687391795648]]}, "properties": {"centerlineid": 10142358, "roadclass": "LOCAL", "fullname": "BOYCE ST", "fromleft": 6901, "toleft": 7099, "fromright": 6900, "toright": 7098, "onewaydir": " "}}, {"type": "Feature", "geometry": {"type": "LineString", "coordinates": [[-95.3007043634663, 29.7578234411863], [-95.3005058469629, 29.7581476358006]]}, "properties": {"centerlineid": 10142378, "roadclass": "LOCAL", "fullname": "HOUBELT ST", "fromleft": 1, "toleft": 99, "fromright": 2, "toright": 98, "onewaydir": " "}}, {"type": "Feature", "geometry": {"type": "LineString", "coordinates": [[-95.3455650476721, 29.7399516118624], [-95.3458322419938, 29.7392764322361]]}, "properties": {"centerlineid": 10140241, "roadclass": "MAJOR", "fullname": "SCOTT ST", "fromleft": 1501, "toleft": 1599, "fromright": 1500, "toright": 1598, "onewaydir": " "}}, {"type": "Feature", "geometry": {"type": "LineString", "coordinates": [[-95.3524163692711, 29.7583498180824], [-95.3520576927342, 29.7581362593524], [-95.3518770326085, 29.7580323034782], [-95.3518288347192, 29.7580045703658]]}, "properties": {"centerlineid": 10140284, "roadclass": "LOCAL", "fullname": "FRANKLIN ST", "fromleft": 1901, "toleft": 1989, "fromright": 1900, "toright": 1988, "onewaydir": " "}}, {"type": "Feature", "geometry": {"type": "LineString", "coordinates": [[-95.3520120986093, 29.7638106529722], [-95.3520120911998, 29.7641940043004]]}, "properties": {"centerlineid": 10140463, "roadclass": "LOCAL", "fullname": "MCKEE ST", "fromleft": 501, "toleft": 549, "fromright": 500, "toright": 548, "onewaydir": " "}}, {"type": "Feature", "geometry": {"type": "LineString", "coordinates": [[-95.3020775197146, 29.7471326407825], [-95.301787733529, 29.7477753918955]]}, "properties": {"centerlineid": 10142830, "roadclass": "MAJOR", "fullname": "WAYSIDE DR", "fromleft": 1601, "toleft": 1699, "fromright": 1600, "toright": 1698, "onewaydir": "TF"}}, {"type": "Feature", "geometry": {"type": "LineString", "coordinates": [[-95.3484707832586, 29.7632141417001], [-95.3477244405024, 29.7627601408583], [-95.3476639317181, 29.7627220530762], [-95.3476156414036, 29.7626883457767], [-95.347579422013, 29.7626630669373], [-95.3475562456865, 29.7626390756447], [-95.3475378920025, 29.7626133494734]]}, "properties": {"centerlineid": 10140551, "roadclass": "LOCAL", "fullname": "FELIX ST", "fromleft": 2003, "toleft": 2005, "fromright": 2002, "toright": 2004, "onewaydir": " "}}, {"type": "Feature", "geometry": {"type": "LineString", "coordinates": [[-95.3512796376647, 29.7565741716595], [-95.3518822308735, 29.7558093584321]]}, "properties": {"centerlineid": 10140655, "roadclass": "LOCAL", "fullname": "ST EMANUEL ST", "fromleft": 301, "toleft": 399, "fromright": 300, "toright": 398, "onewaydir": " "}}, {"type": "Feature", "geometry": {"type": "LineString", "coordinates": [[-95.3518441402332, 29.7377314881155], [-95.3512415332013, 29.7373460952604]]}, "properties": {"centerlineid": 10138431, "roadclass": "FRONTAGE", "fullname": "GULF FWY", "fromleft": 0, "toleft": 0, "fromright": 3212, "toright": 3298, "onewaydir": "TF"}}, {"type": "Feature", "geometry": {"type": "LineString", "coordinates": [[-95.3457788768738, 29.7350171697675], [-95.3450539805489, 29.7345156514827]]}, "properties": {"centerlineid": 10138483, "roadclass": "FRONTAGE", "fullname": "GULF FWY", "fromleft": 3601, "toleft": 3699, "fromright": 0, "toright": 0, "onewaydir": "FT"}}, {"type": "Feature", "geometry": {"type": "LineString", "coordinates": [[-95.3491985501736, 29.7701994208108], [-95.3477929348152, 29.7701716454999], [-95.3473886233116, 29.7701296454012], [-95.3459924337603, 29.7699083488024], [-95.3456643283139, 29.7698645138048], [-95.3453515009857, 29.7698378408127], [-95.3453371749287, 29.7698361671547], [-95.3453185650948, 29.7698339930211], [-95.3451073591553, 29.7698093190499], [-95.3447695092138, 29.7698120321861], [-95.3446909603563, 29.7698126631761], [-95.3436883346813, 29.7698207090413]]}, "properties": {"centerlineid": 10140692, "roadclass": "HIGHWAY", "fullname": "E IH 10", "fromleft": 1651, "toleft": 2699, "fromright": 0, "toright": 0, "onewaydir": "TF"}}, {"type": "Feature", "geometry": {"type": "LineString", "coordinates": [[-95.3280480719349, 29.7654375417051], [-95.3275138923043, 29.765443230569]]}, "properties": {"centerlineid": 10140739, "roadclass": "MAJOR", "fullname": "CLINTON DR", "fromleft": 4223, "toleft": 4299, "fromright": 4222, "toright": 4298, "onewaydir": " "}}, {"type": "Feature", "geometry": {"type": "LineString", "coordinates": [[-95.328467679653, 29.7692503035589], [-95.3272088384505, 29.769259859482], [-95.3265604082477, 29.7692676245515]]}, "properties": {"centerlineid": 10140794, "roadclass": "LOCAL", "fullname": "HARE ST", "fromleft": 4201, "toleft": 4399, "fromright": 4200, "toright": 4398, "onewaydir": " "}}, {"type": "Feature", "geometry": {"type": "LineString", "coordinates": [[-95.3458931550134, 29.73722585264], [-95.3450083159344, 29.7369570765039]]}, "properties": {"centerlineid": 10138670, "roadclass": "LOCAL", "fullname": "COYLE ST", "fromleft": 3601, "toleft": 3699, "fromright": 3600, "toright": 3698, "onewaydir": " "}}, {"type": "Feature", "geometry": {"type": "LineString", "coordinates": [[-95.3324273540974, 29.7565474909818], [-95.3323587205114, 29.7566236701888], [-95.3318932276765, 29.7572454794509]]}, "properties": {"centerlineid": 10140814, "roadclass": "LOCAL", "fullname": "N HUTCHESON ST", "fromleft": 601, "toleft": 699, "fromright": 600, "toright": 698, "onewaydir": " "}}, {"type": "Feature", "geometry": {"type": "LineString", "coordinates": [[-95.3258735866597, 29.7639288541356], [-95.3254561787857, 29.7639339088458]]}, "properties": {"centerlineid": 10140829, "roadclass": "LOCAL", "fullname": "URSA ST", "fromleft": 4401, "toleft": 4499, "fromright": 4400, "toright": 4498, "onewaydir": " "}}, {"type": "Feature", "geometry": {"type": "LineString", "coordinates": [[-95.3333141205251, 29.7698004946934], [-95.3330530225531, 29.7698054013551], [-95.3328775383242, 29.7698798191207], [-95.3326256652741, 29.7699922914676], [-95.3325188492544, 29.7700342583265], [-95.3324045592601, 29.7700438754126], [-95.3315956827798, 29.7700591362855]]}, "properties": {"centerlineid": 10140947, "roadclass": "LOCAL", "fullname": "BUCK ST", "fromleft": 3701, "toleft": 3899, "fromright": 3700, "toright": 3898, "onewaydir": "FT"}}, {"type": "Feature", "geometry": {"type": "LineString", "coordinates": [[-95.3476480324586, 29.7362132352291], [-95.3471672862954, 29.7359442308051]]}, "properties": {"centerlineid": 10138707, "roadclass": "FRONTAGE", "fullname": "GULF FWY", "fromleft": 3477, "toleft": 3499, "fromright": 0, "toright": 0, "onewaydir": "FT"}}, {"type": "Feature", "geometry": {"type": "LineString", "coordinates": [[-95.3504860400027, 29.7362264796798], [-95.3491940274882, 29.7358608178935], [-95.3491421501018, 29.7358422087017], [-95.349105652517, 29.7358221060352], [-95.349084803924, 29.7357928781077]]}, "properties": {"centerlineid": 10138711, "roadclass": "LOCAL", "fullname": "WEBSTER ST", "fromleft": 3401, "toleft": 3499, "fromright": 3400, "toright": 3498, "onewaydir": " "}}, {"type": "Feature", "geometry": {"type": "LineString", "coordinates": [[-95.3250574058773, 29.766551443737], [-95.3250726915779, 29.7671942304313]]}, "properties": {"centerlineid": 10141042, "roadclass": "LOCAL", "fullname": "EGAN ST", "fromleft": 501, "toleft": 599, "fromright": 500, "toright": 598, "onewaydir": " "}}, {"type": "Feature", "geometry": {"type": "LineString", "coordinates": [[-95.327468296066, 29.7426084438631], [-95.3272775077012, 29.742860368035], [-95.3271248891303, 29.7430604453543], [-95.3270180898556, 29.7432359149967]]}, "properties": {"centerlineid": 10141208, "roadclass": "LOCAL", "fullname": "STILES ST", "fromleft": 601, "toleft": 605, "fromright": 600, "toright": 604, "onewaydir": " "}}, {"type": "Feature", "geometry": {"type": "LineString", "coordinates": [[-95.3350976976756, 29.7519126029709], [-95.3348535263752, 29.7517674851673], [-95.3344492297219, 29.7515254161867]]}, "properties": {"centerlineid": 10141214, "roadclass": "LOCAL", "fullname": "SALTUS ST", "fromleft": 3701, "toleft": 3799, "fromright": 3700, "toright": 3798, "onewaydir": " "}}, {"type": "Feature", "geometry": {"type": "LineString", "coordinates": [[-95.3371651326509, 29.7384867325561], [-95.3374932764432, 29.7376742389507]]}, "properties": {"centerlineid": 10139094, "roadclass": "LOCAL", "fullname": "SIDNEY ST", "fromleft": 1401, "toleft": 1499, "fromright": 1400, "toright": 1498, "onewaydir": " "}}, {"type": "Feature", "geometry": {"type": "LineString", "coordinates": [[-95.3272850708417, 29.7399285700978], [-95.327597862103, 29.7391924803226]]}, "properties": {"centerlineid": 10141316, "roadclass": "LOCAL", "fullname": "TOMWOOD", "fromleft": 801, "toleft": 899, "fromright": 800, "toright": 898, "onewaydir": " "}}, {"type": "Feature", "geometry": {"type": "LineString", "coordinates": [[-95.3281701395661, 29.7472852779624], [-95.328574449708, 29.7462610484376]]}, "properties": {"centerlineid": 10141342, "roadclass": "LOCAL", "fullname": "HAGERMAN ST", "fromleft": 101, "toleft": 199, "fromright": 100, "toright": 198, "onewaydir": " "}}, {"type": "Feature", "geometry": {"type": "LineString", "coordinates": [[-95.3335794141615, 29.7500719755133], [-95.3330833429571, 29.7499288929266], [-95.3328469834474, 29.7498469700769]]}, "properties": {"centerlineid": 10141376, "roadclass": "MAJOR", "fullname": "CANAL ST", "fromleft": 4001, "toleft": 4099, "fromright": 4000, "toright": 4098, "onewaydir": " "}}, {"type": "Feature", "geometry": {"type": "LineString", "coordinates": [[-95.3256294593875, 29.7453588461552], [-95.324645357801, 29.7450555799501]]}, "properties": {"centerlineid": 10141388, "roadclass": "LOCAL", "fullname": "SHERMAN ST", "fromleft": 4901, "toleft": 4999, "fromright": 4900, "toright": 4998, "onewaydir": " "}}, {"type": "Feature", "geometry": {"type": "LineString", "coordinates": [[-95.3411476474757, 29.7546285362311], [-95.3401710570503, 29.7558627354565]]}, "properties": {"centerlineid": 10141451, "roadclass": "LOCAL", "fullname": "N ENNIS ST", "fromleft": 101, "toleft": 219, "fromright": 100, "toright": 218, "onewaydir": " "}}, {"type": "Feature", "geometry": {"type": "LineString", "coordinates": [[-95.3378975628619, 29.7536081740597], [-95.337394001243, 29.7542299394553]]}, "properties": {"centerlineid": 10141483, "roadclass": "LOCAL", "fullname": "NOLAN ST", "fromleft": 201, "toleft": 219, "fromright": 200, "toright": 218, "onewaydir": " "}}, {"type": "Feature", "geometry": {"type": "LineString", "coordinates": [[-95.3316109859705, 29.7518535154825], [-95.3309243788596, 29.7516570601962], [-95.3301307964868, 29.751418645032]]}, "properties": {"centerlineid": 10141504, "roadclass": "LOCAL", "fullname": "ENGELKE ST", "fromleft": 4101, "toleft": 4217, "fromright": 4100, "toright": 4216, "onewaydir": " "}}, {"type": "Feature", "geometry": {"type": "LineString", "coordinates": [[-95.3301307964868, 29.751418645032], [-95.3298278948752, 29.7517956315421]]}, "properties": {"centerlineid": 10141505, "roadclass": "LOCAL", "fullname": "N SIDNEY ST", "fromleft": 301, "toleft": 317, "fromright": 300, "toright": 316, "onewaydir": " "}}, {"type": "Feature", "geometry": {"type": "LineString", "coordinates": [[-95.3346322100075, 29.7414144395223], [-95.3345787852355, 29.7413954867532], [-95.334502589762, 29.7413724219786], [-95.3325722669456, 29.7407584430839]]}, "properties": {"centerlineid": 10141540, "roadclass": "MAJOR", "fullname": "MCKINNEY ST", "fromleft": 4401, "toleft": 4499, "fromright": 4400, "toright": 4498, "onewaydir": " "}}, {"type": "Feature", "geometry": {"type": "LineString", "coordinates": [[-95.3297493149513, 29.7381223468007], [-95.3293374416889, 29.7379756478068], [-95.3290474419811, 29.7378535448695], [-95.3288033189695, 29.7377408398166], [-95.3286050560944, 29.7376379510833], [-95.3283531485329, 29.7375120057436], [-95.3282235130178, 29.7374262079709]]}, "properties": {"centerlineid": 10139391, "roadclass": "LOCAL", "fullname": "WOODSIDE ST", "fromleft": 4701, "toleft": 4799, "fromright": 4700, "toright": 4798, "onewaydir": " "}}, {"type": "Feature", "geometry": {"type": "LineString", "coordinates": [[-95.3312981632997, 29.7493719031254], [-95.3308938404684, 29.7492555610132]]}, "properties": {"centerlineid": 10141590, "roadclass": "MAJOR", "fullname": "CANAL ST", "fromleft": 4309, "toleft": 4313, "fromright": 4308, "toright": 4312, "onewaydir": " "}}, {"type": "Feature", "geometry": {"type": "LineString", "coordinates": [[-95.325217582232, 29.7463659750661], [-95.3256294593875, 29.7453588461552]]}, "properties": {"centerlineid": 10141593, "roadclass": "LOCAL", "fullname": "STILES ST", "fromleft": 101, "toleft": 199, "fromright": 100, "toright": 198, "onewaydir": " "}}, {"type": "Feature", "geometry": {"type": "LineString", "coordinates": [[-95.3288185881344, 29.7485975118511], [-95.3288338703439, 29.7486394720054], [-95.328826347221, 29.7486796439033], [-95.3288033194432, 29.7487195760076], [-95.32799468396, 29.7497458897876]]}, "properties": {"centerlineid": 10141602, "roadclass": "LOCAL", "fullname": "N SUPER ST", "fromleft": 101, "toleft": 199, "fromright": 100, "toright": 198, "onewaydir": " "}}, {"type": "Feature", "geometry": {"type": "LineString", "coordinates": [[-95.3272469325343, 29.7495188536915], [-95.3265603794578, 29.7492993509582], [-95.3264383321438, 29.7492555814209]]}, "properties": {"centerlineid": 10141632, "roadclass": "LOCAL", "fullname": "SCHROEDER ST", "fromleft": 4601, "toleft": 4619, "fromright": 4600, "toright": 4618, "onewaydir": " "}}, {"type": "Feature", "geometry": {"type": "LineString", "coordinates": [[-95.3260415064324, 29.7491355213451], [-95.3257667773183, 29.7490534182656], [-95.3255073920651, 29.7490648180343]]}, "properties": {"centerlineid": 10141638, "roadclass": "LOCAL", "fullname": "SCHROEDER ST", "fromleft": 4633, "toleft": 4699, "fromright": 4632, "toright": 4698, "onewaydir": " "}}, {"type": "Feature", "geometry": {"type": "LineString", "coordinates": [[-95.3424600795718, 29.7501139305988], [-95.3426583587277, 29.7498679598495]]}, "properties": {"centerlineid": 10141673, "roadclass": "LOCAL", "fullname": "VELASCO ST", "fromleft": 401, "toleft": 407, "fromright": 400, "toright": 406, "onewaydir": " "}}, {"type": "Feature", "geometry": {"type": "LineString", "coordinates": [[-95.3343491532507, 29.7491535421571], [-95.334792350616, 29.7485765295254], [-95.3350442565526, 29.7482657475707]]}, "properties": {"centerlineid": 10141678, "roadclass": "LOCAL", "fullname": "DRENNAN ST", "fromleft": 101, "toleft": 199, "fromright": 100, "toright": 198, "onewaydir": " "}}, {"type": "Feature", "geometry": {"type": "LineString", "coordinates": [[-95.3363031219338, 29.7442298388798], [-95.3368219462876, 29.7435811423838]]}, "properties": {"centerlineid": 10141684, "roadclass": "LOCAL", "fullname": "CULLEN BLVD", "fromleft": 701, "toleft": 799, "fromright": 700, "toright": 798, "onewaydir": " "}}, {"type": "Feature", "geometry": {"type": "LineString", "coordinates": [[-95.3387215183097, 29.7500719665865], [-95.3393165730337, 29.7493242132411]]}, "properties": {"centerlineid": 10141751, "roadclass": "MAJOR", "fullname": "YORK ST", "fromleft": 201, "toleft": 299, "fromright": 200, "toright": 298, "onewaydir": "TF"}}, {"type": "Feature", "geometry": {"type": "LineString", "coordinates": [[-95.3126672175748, 29.7413115189946], [-95.3117668653966, 29.7410292541823]]}, "properties": {"centerlineid": 10141825, "roadclass": "LOCAL", "fullname": "SHERMAN ST", "fromleft": 6301, "toleft": 6399, "fromright": 6300, "toright": 6398, "onewaydir": " "}}, {"type": "Feature", "geometry": {"type": "LineString", "coordinates": [[-95.3168480281535, 29.7391676361051], [-95.3159859712097, 29.7388967791508]]}, "properties": {"centerlineid": 10141909, "roadclass": "LOCAL", "fullname": "TEXAS ST", "fromleft": 6001, "toleft": 6099, "fromright": 6000, "toright": 6098, "onewaydir": " "}}, {"type": "Feature", "geometry": {"type": "LineString", "coordinates": [[-95.3234857761554, 29.73917538089], [-95.3225931641506, 29.738891075766]]}, "properties": {"centerlineid": 10141911, "roadclass": "LOCAL", "fullname": "RUSK ST", "fromleft": 5023, "toleft": 5099, "fromright": 5022, "toright": 5098, "onewaydir": " "}}, {"type": "Feature", "geometry": {"type": "LineString", "coordinates": [[-95.3082345249327, 29.7429689624182], [-95.3075173734991, 29.742745818225], [-95.306281344052, 29.7423489943574]]}, "properties": {"centerlineid": 10141939, "roadclass": "LOCAL", "fullname": "AVENUE H", "fromleft": 6601, "toleft": 6699, "fromright": 6600, "toright": 6698, "onewaydir": " "}}, {"type": "Feature", "geometry": {"type": "LineString", "coordinates": [[-95.3140939571524, 29.7403958485891], [-95.3144905128297, 29.7394345686351]]}, "properties": {"centerlineid": 10142025, "roadclass": "LOCAL", "fullname": "CAYLOR ST", "fromleft": 301, "toleft": 399, "fromright": 300, "toright": 398, "onewaydir": " "}}, {"type": "Feature", "geometry": {"type": "LineString", "coordinates": [[-95.3053278174815, 29.7691893699077], [-95.3053200580449, 29.7675547365589], [-95.3053278276024, 29.7673888346379]]}, "properties": {"centerlineid": 10142160, "roadclass": "LOCAL", "fullname": "ROUSE ST", "fromleft": 1101, "toleft": 1199, "fromright": 1100, "toright": 1198, "onewaydir": " "}}, {"type": "Feature", "geometry": {"type": "LineString", "coordinates": [[-95.3181070698006, 29.7590612546798], [-95.3173134879167, 29.7604745330409]]}, "properties": {"centerlineid": 10142170, "roadclass": "MAJOR", "fullname": "LOCKWOOD DR", "fromleft": 801, "toleft": 899, "fromright": 800, "toright": 898, "onewaydir": " "}}, {"type": "Feature", "geometry": {"type": "LineString", "coordinates": [[-95.349570652271, 29.7443918361237], [-95.3487770413163, 29.7439074474543], [-95.3487161337411, 29.7438636425773]]}, "properties": {"centerlineid": 10139860, "roadclass": "MAJOR", "fullname": "POLK ST", "fromleft": 3001, "toleft": 3099, "fromright": 3000, "toright": 3098, "onewaydir": " "}}, {"type": "Feature", "geometry": {"type": "LineString", "coordinates": [[-95.3248436184641, 29.7341932537902], [-95.3251108230641, 29.733531554981]]}, "properties": {"centerlineid": 10143424, "roadclass": "LOCAL", "fullname": "BAIRD ST", "fromleft": 1401, "toleft": 1599, "fromright": 1400, "toright": 1598, "onewaydir": " "}}, {"type": "Feature", "geometry": {"type": "LineString", "coordinates": [[-95.3249035041473, 29.7417045472124], [-95.3255760367186, 29.740773696141]]}, "properties": {"centerlineid": 10142079, "roadclass": "LOCAL", "fullname": "DUMBLE ST", "fromleft": 501, "toleft": 599, "fromright": 500, "toright": 598, "onewaydir": " "}}, {"type": "Feature", "geometry": {"type": "LineString", "coordinates": [[-95.3461297962756, 29.7351202914016], [-95.3458703587398, 29.7349601216397], [-95.3451151380077, 29.7344049794978], [-95.3443368258215, 29.7338117076211], [-95.34345171956, 29.7331080576887], [-95.342166913094, 29.7321315696734], [-95.3421014269259, 29.7320817033148]]}, "properties": {"centerlineid": 10125981, "roadclass": "RAMP", "fullname": "45 PEASE RAMP", "fromleft": 0, "toleft": 0, "fromright": 0, "toright": 0, "onewaydir": "TF"}}, {"type": "Feature", "geometry": {"type": "LineString", "coordinates": [[-95.3526605276233, 29.7484658355492], [-95.353270912792, 29.7476916470273]]}, "properties": {"centerlineid": 10140045, "roadclass": "LOCAL", "fullname": "ST CHARLES ST", "fromleft": 1101, "toleft": 1199, "fromright": 1100, "toright": 1198, "onewaydir": " "}}, {"type": "Feature", "geometry": {"type": "LineString", "coordinates": [[-95.3042061241569, 29.7592271481062], [-95.3025735468606, 29.7592177877593]]}, "properties": {"centerlineid": 10142484, "roadclass": "LOCAL", "fullname": "HARVEY WILSON ST", "fromleft": 6001, "toleft": 6199, "fromright": 6000, "toright": 6198, "onewaydir": " "}}, {"type": "Feature", "geometry": {"type": "LineString", "coordinates": [[-95.3446954932262, 29.7425570933043], [-95.3448403965868, 29.7423318988722], [-95.3449090820458, 29.7422269197834], [-95.3449547019374, 29.7421126138243], [-95.3450158618798, 29.7419677498936], [-95.3450692705718, 29.7419008723101], [-95.3451531936492, 29.7418303610498]]}, "properties": {"centerlineid": 10140243, "roadclass": "MAJOR", "fullname": "YORK ST", "fromleft": 1201, "toleft": 1299, "fromright": 1200, "toright": 1298, "onewaydir": "TF"}}, {"type": "Feature", "geometry": {"type": "LineString", "coordinates": [[-95.3442375897112, 29.7582925272284], [-95.3437645536415, 29.7589049600587]]}, "properties": {"centerlineid": 10140516, "roadclass": "LOCAL", "fullname": "N ST CHARLES ST", "fromleft": 251, "toleft": 299, "fromright": 250, "toright": 298, "onewaydir": " "}}, {"type": "Feature", "geometry": {"type": "LineString", "coordinates": [[-95.3006890653011, 29.750434298145], [-95.3004143743252, 29.7510866255191]]}, "properties": {"centerlineid": 10142847, "roadclass": "MAJOR", "fullname": "WAYSIDE DR", "fromleft": 2101, "toleft": 2199, "fromright": 2100, "toright": 2198, "onewaydir": "TF"}}, {"type": "Feature", "geometry": {"type": "LineString", "coordinates": [[-95.3513405851717, 29.7685922526645], [-95.3513330314676, 29.7686990378548], [-95.3513252601145, 29.7687583240489], [-95.3513099939187, 29.7688154021904], [-95.3512871739206, 29.7689242371925], [-95.3512718684471, 29.7690271362084], [-95.3512718806184, 29.7690730024953], [-95.3512718743792, 29.7695918614695]]}, "properties": {"centerlineid": 10140641, "roadclass": "LOCAL", "fullname": "HARDY ST", "fromleft": 901, "toleft": 999, "fromright": 900, "toright": 998, "onewaydir": "FT"}}, {"type": "Feature", "geometry": {"type": "LineString", "coordinates": [[-95.3515312914217, 29.7578272829165], [-95.3521188379077, 29.7570852730449]]}, "properties": {"centerlineid": 10140653, "roadclass": "LOCAL", "fullname": "CHARTRES ST", "fromleft": 201, "toleft": 299, "fromright": 200, "toright": 298, "onewaydir": "TF"}}, {"type": "Feature", "geometry": {"type": "LineString", "coordinates": [[-95.3442834468859, 29.7649645322791], [-95.3442909478118, 29.7656567824987]]}, "properties": {"centerlineid": 10140663, "roadclass": "LOCAL", "fullname": "MCCALL ST", "fromleft": 301, "toleft": 499, "fromright": 300, "toright": 498, "onewaydir": " "}}, {"type": "Feature", "geometry": {"type": "LineString", "coordinates": [[-95.3512415332013, 29.7373460952604], [-95.3512337664023, 29.7372755947144], [-95.3512415163204, 29.7372258445482], [-95.3513330324729, 29.7369874202527]]}, "properties": {"centerlineid": 10138434, "roadclass": "LOCAL", "fullname": "ROBERTS ST", "fromleft": 2101, "toleft": 2199, "fromright": 2100, "toright": 2198, "onewaydir": " "}}, {"type": "Feature", "geometry": {"type": "LineString", "coordinates": [[-95.3509923140198, 29.7589005389906], [-95.3504500337004, 29.7595429252801], [-95.350397723411, 29.7596067941412], [-95.3503475384105, 29.7596719483374], [-95.3502995201611, 29.7597383340445], [-95.3502537083351, 29.7598058964209], [-95.3502101407823, 29.7598745796529], [-95.3501688534988, 29.7599443270006], [-95.3501298805972, 29.760015080845], [-95.3500932542782, 29.7600867827355], [-95.3500590048043, 29.7601593734382], [-95.3500271604747, 29.7602327929848], [-95.3499977476015, 29.7603069807221], [-95.3499707904887, 29.7603818753623], [-95.3499463114116, 29.7604574150333], [-95.3499243305983, 29.7605335373301], [-95.3499048662133, 29.7606101793662], [-95.3498879343424, 29.7606872778258], [-95.3498064930886, 29.7610892930427], [-95.3497098211449, 29.7616521511946], [-95.3497095744603, 29.7616535876624], [-95.3494576435887, 29.7631203703084], [-95.3493552423411, 29.7634575228283], [-95.3489946487069, 29.7640494454733], [-95.3485673153223, 29.7646345148987], [-95.348083658471, 29.7651315651318], [-95.3474186592899, 29.7657101537392], [-95.3467088204593, 29.7661709672114], [-95.3463251180751, 29.7664234277328], [-95.3460452663306, 29.7665464806042], [-95.3458661595397, 29.7666723839661], [-95.3457133698375, 29.7668020840945], [-95.345545219347, 29.76696675314], [-95.3453746424716, 29.7671498193541], [-95.3453169401603, 29.7672344115016], [-95.3452649641644, 29.7673068515223], [-95.3451682174887, 29.7674573509769], [-95.3451057837329, 29.7675656237603], [-95.3450566135524, 29.7676581428728], [-95.3450256153238, 29.7677357711327], [-95.3449555214069, 29.7679200394904], [-95.3449069012386, 29.7680956611874], [-95.3448474852193, 29.7684248587685], [-95.3448333339254, 29.7685737247201], [-95.3448321742653, 29.7686552427457], [-95.344840486725, 29.7688662672968], [-95.3448663606293, 29.7690300745851], [-95.3448976897195, 29.7691894133569], [-95.3449376607901, 29.7693043663872], [-95.3449873238446, 29.7694442014183], [-95.3451010108879, 29.7695718675496], [-95.3453371749287, 29.7698361671547], [-95.3453829988715, 29.769893265574], [-95.3456923955016, 29.7700619090603], [-95.3461580673366, 29.7702425828191], [-95.3467390219406, 29.7703630702062], [-95.3473733406739, 29.7703852153993], [-95.3477929323454, 29.7703489236378], [-95.3485100963707, 29.7702859459431], [-95.3491985501736, 29.7701994208108]]}, "properties": {"centerlineid": 10140709, "roadclass": "RAMP", "fullname": "N US 59 IH 10 W RAMP", "fromleft": 0, "toleft": 0, "fromright": 0, "toright": 0, "onewaydir": "FT"}}, {"type": "Feature", "geometry": {"type": "LineString", "coordinates": [[-95.3357233093348, 29.7695192791359], [-95.335440836836, 29.7696242693258], [-95.3352119987723, 29.7697709612799], [-95.3351433268516, 29.7698168100763], [-95.334753341402, 29.7700290047503]]}, "properties": {"centerlineid": 10140745, "roadclass": "FRONTAGE", "fullname": "EAST FWY", "fromleft": 3401, "toleft": 3499, "fromright": 0, "toright": 0, "onewaydir": "TF"}}, {"type": "Feature", "geometry": {"type": "LineString", "coordinates": [[-95.3346474990197, 29.7640719154893], [-95.333800733398, 29.7640776395141]]}, "properties": {"centerlineid": 10140767, "roadclass": "LOCAL", "fullname": "RICHARDSON ST", "fromleft": 3501, "toleft": 3599, "fromright": 3500, "toright": 3598, "onewaydir": " "}}, {"type": "Feature", "geometry": {"type": "LineString", "coordinates": [[-95.3318704014305, 29.7562211777816], [-95.3317483190212, 29.7561602938502]]}, "properties": {"centerlineid": 10140943, "roadclass": "LOCAL", "fullname": "FREUND", "fromleft": 3701, "toleft": 3709, "fromright": 3700, "toright": 3708, "onewaydir": " "}}, {"type": "Feature", "geometry": {"type": "LineString", "coordinates": [[-95.3515085069347, 29.7365297173315], [-95.3507683086902, 29.7363104589377], [-95.3504860400027, 29.7362264796798]]}, "properties": {"centerlineid": 10138831, "roadclass": "LOCAL", "fullname": "WEBSTER ST", "fromleft": 3301, "toleft": 3399, "fromright": 3300, "toright": 3398, "onewaydir": " "}}, {"type": "Feature", "geometry": {"type": "LineString", "coordinates": [[-95.3383149513064, 29.7699890435868], [-95.3383279851144, 29.7716086821823]]}, "properties": {"centerlineid": 10141012, "roadclass": "LOCAL", "fullname": "SYDNOR CT", "fromleft": 1001, "toleft": 1199, "fromright": 1000, "toright": 1198, "onewaydir": " "}}, {"type": "Feature", "geometry": {"type": "LineString", "coordinates": [[-95.3325722657708, 29.7539715162918], [-95.3307717519319, 29.7529272929259]]}, "properties": {"centerlineid": 10141243, "roadclass": "LOCAL", "fullname": "BERING ST", "fromleft": 3801, "toleft": 4099, "fromright": 3800, "toright": 4098, "onewaydir": " "}}, {"type": "Feature", "geometry": {"type": "LineString", "coordinates": [[-95.338393615706, 29.7529786189265], [-95.3380196680045, 29.7534575836776], [-95.3378975628619, 29.7536081740597]]}, "properties": {"centerlineid": 10141244, "roadclass": "LOCAL", "fullname": "NOLAN ST", "fromleft": 123, "toleft": 199, "fromright": 122, "toright": 198, "onewaydir": " "}}, {"type": "Feature", "geometry": {"type": "LineString", "coordinates": [[-95.3265984761201, 29.747931921658], [-95.3257898360927, 29.7476685976181]]}, "properties": {"centerlineid": 10141263, "roadclass": "MAJOR", "fullname": "CANAL ST", "fromleft": 4701, "toleft": 4799, "fromright": 4700, "toright": 4798, "onewaydir": " "}}, {"type": "Feature", "geometry": {"type": "LineString", "coordinates": [[-95.3406671442416, 29.7412542559474], [-95.3409418683304, 29.7405751983713]]}, "properties": {"centerlineid": 10141288, "roadclass": "LOCAL", "fullname": "ST JOSEPH ST", "fromleft": 1205, "toleft": 1299, "fromright": 1204, "toright": 1298, "onewaydir": " "}}, {"type": "Feature", "geometry": {"type": "LineString", "coordinates": [[-95.3362268974586, 29.7516607025937], [-95.3355859768427, 29.7512755884372]]}, "properties": {"centerlineid": 10141363, "roadclass": "MAJOR", "fullname": "CANAL ST", "fromleft": 3601, "toleft": 3699, "fromright": 3600, "toright": 3698, "onewaydir": " "}}, {"type": "Feature", "geometry": {"type": "LineString", "coordinates": [[-95.3352448035624, 29.7529347815374], [-95.3347928418494, 29.7535303973396]]}, "properties": {"centerlineid": 10141395, "roadclass": "LOCAL", "fullname": "N HUTCHESON ST", "fromleft": 223, "toleft": 299, "fromright": 222, "toright": 298, "onewaydir": " "}}, {"type": "Feature", "geometry": {"type": "LineString", "coordinates": [[-95.3305200794056, 29.7491373567332], [-95.330955000218, 29.7480960023076]]}, "properties": {"centerlineid": 10141413, "roadclass": "LOCAL", "fullname": "JENKINS ST", "fromleft": 1, "toleft": 49, "fromright": 2, "toright": 48, "onewaydir": " "}}, {"type": "Feature", "geometry": {"type": "LineString", "coordinates": [[-95.3345941093816, 29.7395415953341], [-95.3335335422309, 29.7392191822159], [-95.333411488878, 29.7392114229731]]}, "properties": {"centerlineid": 10141429, "roadclass": "LOCAL", "fullname": "DALLAS ST", "fromleft": 4401, "toleft": 4499, "fromright": 4400, "toright": 4498, "onewaydir": " "}}, {"type": "Feature", "geometry": {"type": "LineString", "coordinates": [[-95.3323358555173, 29.7442106500304], [-95.3312981385862, 29.744018074412]]}, "properties": {"centerlineid": 10141457, "roadclass": "MAJOR", "fullname": "HARRISBURG BLVD", "fromleft": 4401, "toleft": 4499, "fromright": 4400, "toright": 4498, "onewaydir": " "}}, {"type": "Feature", "geometry": {"type": "LineString", "coordinates": [[-95.3303064685247, 29.753544158293], [-95.3295663026955, 29.753310613249]]}, "properties": {"centerlineid": 10141484, "roadclass": "MAJOR", "fullname": "NAVIGATION BLVD", "fromleft": 4101, "toleft": 4199, "fromright": 4100, "toright": 4198, "onewaydir": " "}}, {"type": "Feature", "geometry": {"type": "LineString", "coordinates": [[-95.332282495467, 29.7414926628711], [-95.3325722669456, 29.7407584430839]]}, "properties": {"centerlineid": 10141541, "roadclass": "LOCAL", "fullname": "FASHION ST", "fromleft": 901, "toleft": 999, "fromright": 900, "toright": 998, "onewaydir": " "}}, {"type": "Feature", "geometry": {"type": "LineString", "coordinates": [[-95.3424523620685, 29.7410388315354], [-95.3425135078852, 29.7409033168738]]}, "properties": {"centerlineid": 10141542, "roadclass": "LOCAL", "fullname": "MILBY ST", "fromleft": 1301, "toleft": 1307, "fromright": 1300, "toright": 1306, "onewaydir": " "}}, {"type": "Feature", "geometry": {"type": "LineString", "coordinates": [[-95.3407738889215, 29.7490800778359], [-95.3399041022962, 29.7485689962748]]}, "properties": {"centerlineid": 10141558, "roadclass": "LOCAL", "fullname": "PRESTON ST", "fromleft": 3401, "toleft": 3499, "fromright": 3400, "toright": 3498, "onewaydir": " "}}, {"type": "Feature", "geometry": {"type": "LineString", "coordinates": [[-95.3306649573361, 29.7438864399065], [-95.329749311237, 29.7437280826744], [-95.3296808631981, 29.7437148570643]]}, "properties": {"centerlineid": 10141565, "roadclass": "MAJOR", "fullname": "HARRISBURG BLVD", "fromleft": 4521, "toleft": 4599, "fromright": 4520, "toright": 4598, "onewaydir": " "}}, {"type": "Feature", "geometry": {"type": "LineString", "coordinates": [[-95.3303182779963, 29.7523636865957], [-95.3300912769231, 29.7526478917493]]}, "properties": {"centerlineid": 10141583, "roadclass": "LOCAL", "fullname": "N ESTELLE ST", "fromleft": 301, "toleft": 399, "fromright": 300, "toright": 398, "onewaydir": " "}}, {"type": "Feature", "geometry": {"type": "LineString", "coordinates": [[-95.3302453395269, 29.7490494943495], [-95.3294367266419, 29.7501214510501]]}, "properties": {"centerlineid": 10141591, "roadclass": "LOCAL", "fullname": "CHRISTENSEN ST", "fromleft": 101, "toleft": 199, "fromright": 100, "toright": 198, "onewaydir": " "}}, {"type": "Feature", "geometry": {"type": "LineString", "coordinates": [[-95.3316187107849, 29.749471158284], [-95.3312981632997, 29.7493719031254]]}, "properties": {"centerlineid": 10141633, "roadclass": "MAJOR", "fullname": "CANAL ST", "fromleft": 4301, "toleft": 4307, "fromright": 4300, "toright": 4306, "onewaydir": " "}}, {"type": "Feature", "geometry": {"type": "LineString", "coordinates": [[-95.3291086028569, 29.7422842316864], [-95.3289100953483, 29.7422308314095], [-95.3285972561674, 29.742169877773], [-95.3281929391929, 29.7420898120447], [-95.3280327658341, 29.7420629061675], [-95.327926012687, 29.742053514488]]}, "properties": {"centerlineid": 10141651, "roadclass": "LOCAL", "fullname": "N CAPITOL ST", "fromleft": 4751, "toleft": 4799, "fromright": 4750, "toright": 4798, "onewaydir": " "}}, {"type": "Feature", "geometry": {"type": "LineString", "coordinates": [[-95.3344492182431, 29.7503847917128], [-95.3335869305463, 29.7514930299303]]}, "properties": {"centerlineid": 10141658, "roadclass": "LOCAL", "fullname": "N KENDALL ST", "fromleft": 101, "toleft": 199, "fromright": 100, "toright": 198, "onewaydir": " "}}, {"type": "Feature", "geometry": {"type": "LineString", "coordinates": [[-95.3422234803156, 29.7488341327565], [-95.34285667914, 29.7480578670212]]}, "properties": {"centerlineid": 10141693, "roadclass": "LOCAL", "fullname": "ROBERTS ST", "fromleft": 501, "toleft": 599, "fromright": 500, "toright": 598, "onewaydir": " "}}, {"type": "Feature", "geometry": {"type": "LineString", "coordinates": [[-95.3393165730337, 29.7493242132411], [-95.3399041022962, 29.7485689962748]]}, "properties": {"centerlineid": 10141763, "roadclass": "MAJOR", "fullname": "YORK ST", "fromleft": 301, "toleft": 399, "fromright": 300, "toright": 398, "onewaydir": "TF"}}, {"type": "Feature", "geometry": {"type": "LineString", "coordinates": [[-95.3141092553795, 29.7440580181753], [-95.3127817723283, 29.7436345501243]]}, "properties": {"centerlineid": 10141776, "roadclass": "MAJOR", "fullname": "CANAL ST", "fromleft": 6001, "toleft": 6199, "fromright": 6000, "toright": 6198, "onewaydir": " "}}, {"type": "Feature", "geometry": {"type": "LineString", "coordinates": [[-95.3214333702381, 29.7415748391812], [-95.3207467952095, 29.7413592136343]]}, "properties": {"centerlineid": 10141822, "roadclass": "MAJOR", "fullname": "HARRISBURG BLVD", "fromleft": 5405, "toleft": 5499, "fromright": 5404, "toright": 5498, "onewaydir": " "}}, {"type": "Feature", "geometry": {"type": "LineString", "coordinates": [[-95.3122934758284, 29.7515883714423], [-95.3116831027378, 29.7516760024193], [-95.3114083810063, 29.751683744926], [-95.310477653832, 29.7516817027668]]}, "properties": {"centerlineid": 10141857, "roadclass": "LOCAL", "fullname": "INDUSTRIAL WAY", "fromleft": 6101, "toleft": 6299, "fromright": 6100, "toright": 6298, "onewaydir": " "}}, {"type": "Feature", "geometry": {"type": "LineString", "coordinates": [[-95.3458322345548, 29.7443384396012], [-95.3449472036597, 29.7438024587266]]}, "properties": {"centerlineid": 10139622, "roadclass": "LOCAL", "fullname": "LAMAR ST", "fromleft": 3301, "toleft": 3399, "fromright": 3300, "toright": 3398, "onewaydir": " "}}, {"type": "Feature", "geometry": {"type": "LineString", "coordinates": [[-95.3472512620492, 29.7528394583781], [-95.3470129317658, 29.7527681783927], [-95.3468108414684, 29.752679076064], [-95.3466103223308, 29.7525934860159]]}, "properties": {"centerlineid": 10139667, "roadclass": "MAJOR", "fullname": "HARRISBURG BLVD", "fromleft": 2601, "toleft": 2699, "fromright": 2600, "toright": 2698, "onewaydir": " "}}, {"type": "Feature", "geometry": {"type": "LineString", "coordinates": [[-95.3154823862864, 29.7477907028983], [-95.3136590651262, 29.7478383749267]]}, "properties": {"centerlineid": 10141874, "roadclass": "MAJOR", "fullname": "NAVIGATION BLVD", "fromleft": 5801, "toleft": 5999, "fromright": 5800, "toright": 5998, "onewaydir": " "}}, {"type": "Feature", "geometry": {"type": "LineString", "coordinates": [[-95.318259468764, 29.7442163767695], [-95.3173059493242, 29.7439188271625]]}, "properties": {"centerlineid": 10141914, "roadclass": "LOCAL", "fullname": "BRADY ST", "fromleft": 5601, "toleft": 5699, "fromright": 5600, "toright": 5698, "onewaydir": " "}}, {"type": "Feature", "geometry": {"type": "LineString", "coordinates": [[-95.3251870229484, 29.7533754367158], [-95.3240502711829, 29.754846002274]]}, "properties": {"centerlineid": 10141942, "roadclass": "LOCAL", "fullname": "N SUPER ST", "fromleft": 601, "toleft": 799, "fromright": 600, "toright": 798, "onewaydir": " "}}, {"type": "Feature", "geometry": {"type": "LineString", "coordinates": [[-95.3441919160698, 29.7415574949233], [-95.3445503766152, 29.7406726389479]]}, "properties": {"centerlineid": 10139728, "roadclass": "LOCAL", "fullname": "EDMUNDSON ST", "fromleft": 1301, "toleft": 1399, "fromright": 1300, "toright": 1398, "onewaydir": " "}}, {"type": "Feature", "geometry": {"type": "LineString", "coordinates": [[-95.3088143187967, 29.7415784964629], [-95.3085167479528, 29.7422803552334]]}, "properties": {"centerlineid": 10142050, "roadclass": "LOCAL", "fullname": "N 66TH ST", "fromleft": 601, "toleft": 699, "fromright": 600, "toright": 698, "onewaydir": " "}}, {"type": "Feature", "geometry": {"type": "LineString", "coordinates": [[-95.3203118799013, 29.7489103189303], [-95.3199228289456, 29.7497897134421]]}, "properties": {"centerlineid": 10142127, "roadclass": "LOCAL", "fullname": "ENGEL ST", "fromleft": 401, "toleft": 499, "fromright": 400, "toright": 498, "onewaydir": " "}}, {"type": "Feature", "geometry": {"type": "LineString", "coordinates": [[-95.3028786010725, 29.7359022622847], [-95.3023293915453, 29.73572675439]]}, "properties": {"centerlineid": 10143579, "roadclass": "MAJOR", "fullname": "HARRISBURG BLVD", "fromleft": 6937, "toleft": 6999, "fromright": 6936, "toright": 6998, "onewaydir": " "}}, {"type": "Feature", "geometry": {"type": "LineString", "coordinates": [[-95.3381499317203, 29.7574259738263], [-95.3373940207844, 29.7569764565847]]}, "properties": {"centerlineid": 1089485, "roadclass": "LOCAL", "fullname": "FOX ST", "fromleft": 3101, "toleft": 3199, "fromright": 3100, "toright": 3198, "onewaydir": " "}}, {"type": "Feature", "geometry": {"type": "LineString", "coordinates": [[-95.3074180959612, 29.7691911635638], [-95.3074105754436, 29.7676138484191], [-95.3074180949731, 29.7673810919112]]}, "properties": {"centerlineid": 10142248, "roadclass": "MAJOR", "fullname": "KRESS ST", "fromleft": 1101, "toleft": 1199, "fromright": 1100, "toright": 1198, "onewaydir": " "}}, {"type": "Feature", "geometry": {"type": "LineString", "coordinates": [[-95.3073877543812, 29.7625842214593], [-95.3072351224422, 29.7624984217256], [-95.3056404368452, 29.7620272875536], [-95.3043359750613, 29.7616382410125]]}, "properties": {"centerlineid": 10142252, "roadclass": "LOCAL", "fullname": "OLD CLINTON RD", "fromleft": 5809, "toleft": 5999, "fromright": 5808, "toright": 5998, "onewaydir": " "}}, {"type": "Feature", "geometry": {"type": "LineString", "coordinates": [[-95.3105233118495, 29.7692121721072], [-95.3100731421808, 29.769217873047], [-95.3094933499044, 29.7692235842313]]}, "properties": {"centerlineid": 10142263, "roadclass": "LOCAL", "fullname": "LESLIE ST", "fromleft": 6001, "toleft": 6099, "fromright": 6000, "toright": 6098, "onewaydir": " "}}, {"type": "Feature", "geometry": {"type": "LineString", "coordinates": [[-95.3059532640345, 29.7609151454517], [-95.3053811940828, 29.760720742796], [-95.3043206662856, 29.7601580701469]]}, "properties": {"centerlineid": 10142387, "roadclass": "MAJOR", "fullname": "CLINTON DR", "fromleft": 5911, "toleft": 5999, "fromright": 5910, "toright": 5998, "onewaydir": " "}}, {"type": "Feature", "geometry": {"type": "LineString", "coordinates": [[-95.3093943265737, 29.7591604919196], [-95.3072273674916, 29.7591853591622], [-95.3066170166379, 29.7592120777761], [-95.3042061241569, 29.7592271481062]]}, "properties": {"centerlineid": 10142485, "roadclass": "LOCAL", "fullname": "HARVEY WILSON ST", "fromleft": 5801, "toleft": 5999, "fromright": 5800, "toright": 5998, "onewaydir": " "}}, {"type": "Feature", "geometry": {"type": "LineString", "coordinates": [[-95.299605732558, 29.7616856754269], [-95.3004755343184, 29.7604535564119]]}, "properties": {"centerlineid": 10142528, "roadclass": "LOCAL", "fullname": "BOYLES ST", "fromleft": 1501, "toleft": 1599, "fromright": 1500, "toright": 1598, "onewaydir": " "}}, {"type": "Feature", "geometry": {"type": "LineString", "coordinates": [[-95.3042747880088, 29.7515500566728], [-95.3039308373736, 29.7521083166257]]}, "properties": {"centerlineid": 10142594, "roadclass": "LOCAL", "fullname": "TERMINAL ST", "fromleft": 2101, "toleft": 2199, "fromright": 2100, "toright": 2198, "onewaydir": " "}}, {"type": "Feature", "geometry": {"type": "LineString", "coordinates": [[-95.3512184755068, 29.7598566643817], [-95.350914738169, 29.759675552306], [-95.3505600539595, 29.7594694982804], [-95.3503402566935, 29.759339319642]]}, "properties": {"centerlineid": 10140334, "roadclass": "LOCAL", "fullname": "RUIZ ST", "fromleft": 1901, "toleft": 1999, "fromright": 1900, "toright": 1998, "onewaydir": "FT"}}, {"type": "Feature", "geometry": {"type": "LineString", "coordinates": [[-95.34577111187, 29.7574973604755], [-95.3452753093232, 29.7581191331807]]}, "properties": {"centerlineid": 10140341, "roadclass": "LOCAL", "fullname": "MCALPINE ST", "fromleft": 1, "toleft": 199, "fromright": 2, "toright": 198, "onewaydir": " "}}, {"type": "Feature", "geometry": {"type": "LineString", "coordinates": [[-95.3519967766988, 29.7620252092839], [-95.3519967944321, 29.7622543097591]]}, "properties": {"centerlineid": 10140495, "roadclass": "LOCAL", "fullname": "MCKEE ST", "fromleft": 101, "toleft": 199, "fromright": 100, "toright": 198, "onewaydir": " "}}, {"type": "Feature", "geometry": {"type": "LineString", "coordinates": [[-95.3025963603973, 29.7404093452763], [-95.3023141014373, 29.7410979369289]]}, "properties": {"centerlineid": 10142809, "roadclass": "MAJOR", "fullname": "SSGT MACARIO GARCIA DR", "fromleft": 701, "toleft": 799, "fromright": 700, "toright": 798, "onewaydir": "FT"}}, {"type": "Feature", "geometry": {"type": "LineString", "coordinates": [[-95.3023141014373, 29.7410979369289], [-95.3020393916829, 29.7417502689451]]}, "properties": {"centerlineid": 10142866, "roadclass": "MAJOR", "fullname": "SSGT MACARIO GARCIA DR", "fromleft": 801, "toleft": 899, "fromright": 800, "toright": 898, "onewaydir": "FT"}}, {"type": "Feature", "geometry": {"type": "LineString", "coordinates": [[-95.3445734127597, 29.7357075932591], [-95.3448251276454, 29.7350477165899]]}, "properties": {"centerlineid": 10138482, "roadclass": "LOCAL", "fullname": "MILBY ST", "fromleft": 2001, "toleft": 2023, "fromright": 2000, "toright": 2022, "onewaydir": " "}}, {"type": "Feature", "geometry": {"type": "LineString", "coordinates": [[-95.3465799990994, 29.7374301006468], [-95.3458931550134, 29.73722585264]]}, "properties": {"centerlineid": 10138669, "roadclass": "LOCAL", "fullname": "COYLE ST", "fromleft": 3519, "toleft": 3599, "fromright": 3518, "toright": 3598, "onewaydir": " "}}, {"type": "Feature", "geometry": {"type": "LineString", "coordinates": [[-95.3337320509407, 29.7647929279792], [-95.3336317066611, 29.7648109502708], [-95.3335788699936, 29.7648218193562], [-95.3335268296233, 29.7648352993215], [-95.3334757548856, 29.7648513463041], [-95.333425811974, 29.7648699080882], [-95.3333771633993, 29.7648909242755], [-95.3333299674609, 29.7649143264807], [-95.3332843777319, 29.7649400385548], [-95.3332405425591, 29.7649679768327], [-95.3331751078831, 29.7650122319216], [-95.333014916913, 29.7651360972953], [-95.3328469621781, 29.765256355861], [-95.3327999737388, 29.7652863790979], [-95.3327492493176, 29.7653113493301], [-95.3326954992186, 29.7653309168934], [-95.3326394761166, 29.7653448077783], [-95.3324285526158, 29.765385512847]]}, "properties": {"centerlineid": 10140838, "roadclass": "MAJOR", "fullname": "CLINTON DR", "fromleft": 3601, "toleft": 3699, "fromright": 3600, "toright": 3698, "onewaydir": " "}}, {"type": "Feature", "geometry": {"type": "LineString", "coordinates": [[-95.3397667577558, 29.7565055013791], [-95.3396980878114, 29.7564521297505], [-95.3389428107366, 29.7560094368988]]}, "properties": {"centerlineid": 10140866, "roadclass": "LOCAL", "fullname": "ENGELKE ST", "fromleft": 3001, "toleft": 3099, "fromright": 3000, "toright": 3098, "onewaydir": " "}}, {"type": "Feature", "geometry": {"type": "LineString", "coordinates": [[-95.3394922770691, 29.7679761587382], [-95.3385232175565, 29.7679953167379]]}, "properties": {"centerlineid": 10140906, "roadclass": "LOCAL", "fullname": "BAER ST", "fromleft": 3001, "toleft": 3099, "fromright": 3000, "toright": 3098, "onewaydir": " "}}, {"type": "Feature", "geometry": {"type": "LineString", "coordinates": [[-95.3492500741686, 29.7383628250958], [-95.3498756834209, 29.7376493527728]]}, "properties": {"centerlineid": 10138757, "roadclass": "LOCAL", "fullname": "SAMPSON ST", "fromleft": 1901, "toleft": 1999, "fromright": 1900, "toright": 1998, "onewaydir": " "}}, {"type": "Feature", "geometry": {"type": "LineString", "coordinates": [[-95.3265603379538, 29.7686173029638], [-95.3265607365006, 29.7689097666041], [-95.3265266323296, 29.769097973622], [-95.3265169496307, 29.7691644640898], [-95.3265204097257, 29.7692201890421], [-95.3265604082477, 29.7692676245515]]}, "properties": {"centerlineid": 10141034, "roadclass": "LOCAL", "fullname": "WACO ST", "fromleft": 701, "toleft": 799, "fromright": 700, "toright": 798, "onewaydir": " "}}, {"type": "Feature", "geometry": {"type": "LineString", "coordinates": [[-95.3437110897665, 29.7669833010759], [-95.3437079044217, 29.7671268627178], [-95.3437087848704, 29.7674030682376]]}, "properties": {"centerlineid": 10141044, "roadclass": "LOCAL", "fullname": "HOLLYWOOD CT", "fromleft": 701, "toleft": 799, "fromright": 700, "toright": 798, "onewaydir": " "}}, {"type": "Feature", "geometry": {"type": "LineString", "coordinates": [[-95.3429940304484, 29.7643637396644], [-95.3429865187184, 29.7646535265863]]}, "properties": {"centerlineid": 10141061, "roadclass": "MAJOR", "fullname": "JENSEN DR", "fromleft": 201, "toleft": 299, "fromright": 200, "toright": 298, "onewaydir": " "}}, {"type": "Feature", "geometry": {"type": "LineString", "coordinates": [[-95.3364479871371, 29.76340426671], [-95.3364632620102, 29.7639765280952], [-95.3364632868416, 29.764060494571]]}, "properties": {"centerlineid": 10141065, "roadclass": "LOCAL", "fullname": "GROVE ST", "fromleft": 77, "toleft": 99, "fromright": 76, "toright": 98, "onewaydir": " "}}, {"type": "Feature", "geometry": {"type": "LineString", "coordinates": [[-95.3385004214662, 29.7673277223882], [-95.3385232175565, 29.7679953167379]]}, "properties": {"centerlineid": 10141098, "roadclass": "LOCAL", "fullname": "SYDNOR ST", "fromleft": 601, "toleft": 699, "fromright": 600, "toright": 698, "onewaydir": " "}}, {"type": "Feature", "geometry": {"type": "LineString", "coordinates": [[-95.3300912769231, 29.7526478917493], [-95.3295663026955, 29.753310613249]]}, "properties": {"centerlineid": 10141245, "roadclass": "LOCAL", "fullname": "N ESTELLE ST", "fromleft": 401, "toleft": 499, "fromright": 400, "toright": 498, "onewaydir": " "}}, {"type": "Feature", "geometry": {"type": "LineString", "coordinates": [[-95.333411488878, 29.7392114229731], [-95.3333427791303, 29.739118087996], [-95.3330986577227, 29.7387099067139], [-95.3329309257966, 29.738408482638], [-95.3328622737924, 29.7382348564896], [-95.3327171536729, 29.7380785361825]]}, "properties": {"centerlineid": 10139092, "roadclass": "MAJOR", "fullname": "TELEPHONE RD", "fromleft": 301, "toleft": 399, "fromright": 300, "toright": 398, "onewaydir": " "}}, {"type": "Feature", "geometry": {"type": "LineString", "coordinates": [[-95.3436958905874, 29.7485938658362], [-95.3433908334359, 29.7483878395455], [-95.34285667914, 29.7480578670212]]}, "properties": {"centerlineid": 10141265, "roadclass": "LOCAL", "fullname": "TEXAS ST", "fromleft": 3201, "toleft": 3299, "fromright": 3200, "toright": 3298, "onewaydir": " "}}, {"type": "Feature", "geometry": {"type": "LineString", "coordinates": [[-95.3380577614117, 29.7419200373719], [-95.3383171713057, 29.7412791297556]]}, "properties": {"centerlineid": 10141287, "roadclass": "LOCAL", "fullname": "CULLEN BLVD", "fromleft": 1001, "toleft": 1099, "fromright": 1000, "toright": 1098, "onewaydir": " "}}, {"type": "Feature", "geometry": {"type": "LineString", "coordinates": [[-95.3296391312075, 29.7543818607029], [-95.3294214339787, 29.7546477159926], [-95.3293755633354, 29.754697256786]]}, "properties": {"centerlineid": 10141317, "roadclass": "LOCAL", "fullname": "N DRENNAN ST", "fromleft": 531, "toleft": 599, "fromright": 530, "toright": 598, "onewaydir": " "}}, {"type": "Feature", "geometry": {"type": "LineString", "coordinates": [[-95.3262094698381, 29.7466769842889], [-95.325217582232, 29.7463659750661]]}, "properties": {"centerlineid": 10141373, "roadclass": "LOCAL", "fullname": "BRADY ST", "fromleft": 4801, "toleft": 4899, "fromright": 4800, "toright": 4898, "onewaydir": " "}}, {"type": "Feature", "geometry": {"type": "LineString", "coordinates": [[-95.3270409264893, 29.7389501557944], [-95.3269722469065, 29.7388604922322], [-95.3252709974327, 29.7383073899189]]}, "properties": {"centerlineid": 10139128, "roadclass": "LOCAL", "fullname": "MCKINNEY ST", "fromleft": 4901, "toleft": 4999, "fromright": 4900, "toright": 4998, "onewaydir": " "}}, {"type": "Feature", "geometry": {"type": "LineString", "coordinates": [[-95.3280405388906, 29.7507986916022], [-95.3279079534835, 29.7507544011003], [-95.3278801332758, 29.7507453111552], [-95.3273537216258, 29.7505773727427]]}, "properties": {"centerlineid": 10141441, "roadclass": "LOCAL", "fullname": "ENGELKE ST", "fromleft": 4401, "toleft": 4499, "fromright": 4400, "toright": 4498, "onewaydir": " "}}, {"type": "Feature", "geometry": {"type": "LineString", "coordinates": [[-95.3288491784331, 29.7530568857409], [-95.3284471226249, 29.7535913069061]]}, "properties": {"centerlineid": 10141475, "roadclass": "LOCAL", "fullname": "N SIDNEY ST", "fromleft": 501, "toleft": 519, "fromright": 500, "toright": 518, "onewaydir": " "}}, {"type": "Feature", "geometry": {"type": "LineString", "coordinates": [[-95.3264992475917, 29.7346776592027], [-95.3267586782237, 29.7340006735257]]}, "properties": {"centerlineid": 10139307, "roadclass": "LOCAL", "fullname": "GUSTAV ST", "fromleft": 1401, "toleft": 1499, "fromright": 1400, "toright": 1498, "onewaydir": " "}}, {"type": "Feature", "geometry": {"type": "LineString", "coordinates": [[-95.3284904878912, 29.7344907731094], [-95.3288566940788, 29.7335849067076]]}, "properties": {"centerlineid": 10139376, "roadclass": "LOCAL", "fullname": "HAUSER ST", "fromleft": 1501, "toleft": 1599, "fromright": 1500, "toright": 1598, "onewaydir": " "}}, {"type": "Feature", "geometry": {"type": "LineString", "coordinates": [[-95.32939354218, 29.7389774028177], [-95.3292547050887, 29.7389335285653], [-95.3289988472779, 29.7388116841036], [-95.3288125478262, 29.738707055268], [-95.3282950052862, 29.7383815453392], [-95.327750005005, 29.7380483049356]]}, "properties": {"centerlineid": 10139390, "roadclass": "LOCAL", "fullname": "PARK DR", "fromleft": 0, "toleft": 0, "fromright": 4700, "toright": 4798, "onewaydir": "FT"}}, {"type": "Feature", "geometry": {"type": "LineString", "coordinates": [[-95.3372872112479, 29.7492099052607], [-95.3366081871901, 29.748792121863]]}, "properties": {"centerlineid": 10141603, "roadclass": "LOCAL", "fullname": "SHERMAN ST", "fromleft": 3701, "toleft": 3799, "fromright": 3700, "toright": 3798, "onewaydir": " "}}, {"type": "Feature", "geometry": {"type": "LineString", "coordinates": [[-95.328574449708, 29.7462610484376], [-95.3288719800984, 29.7455552858067]]}, "properties": {"centerlineid": 10141610, "roadclass": "LOCAL", "fullname": "HAGERMAN ST", "fromleft": 201, "toleft": 209, "fromright": 200, "toright": 208, "onewaydir": " "}}, {"type": "Feature", "geometry": {"type": "LineString", "coordinates": [[-95.3404001857466, 29.7439799993664], [-95.3408884695313, 29.7433810174327]]}, "properties": {"centerlineid": 10141682, "roadclass": "LOCAL", "fullname": "MILBY ST", "fromleft": 901, "toleft": 999, "fromright": 900, "toright": 998, "onewaydir": " "}}, {"type": "Feature", "geometry": {"type": "LineString", "coordinates": [[-95.3370889304427, 29.7482009496208], [-95.337546629786, 29.7476115638937]]}, "properties": {"centerlineid": 10141696, "roadclass": "LOCAL", "fullname": "MILBY ST", "fromleft": 223, "toleft": 315, "fromright": 222, "toright": 314, "onewaydir": " "}}, {"type": "Feature", "geometry": {"type": "LineString", "coordinates": [[-95.3419640497323, 29.7521147595746], [-95.3426125175026, 29.7513250949839]]}, "properties": {"centerlineid": 10141703, "roadclass": "LOCAL", "fullname": "PALMER ST", "fromleft": 201, "toleft": 299, "fromright": 200, "toright": 298, "onewaydir": " "}}, {"type": "Feature", "geometry": {"type": "LineString", "coordinates": [[-95.3360131157241, 29.7495398632933], [-95.3366081871901, 29.748792121863]]}, "properties": {"centerlineid": 10141737, "roadclass": "LOCAL", "fullname": "MILBY ST", "fromleft": 101, "toleft": 199, "fromright": 100, "toright": 198, "onewaydir": " "}}, {"type": "Feature", "geometry": {"type": "LineString", "coordinates": [[-95.3408884695313, 29.7433810174327], [-95.34126971357, 29.7429023376354]]}, "properties": {"centerlineid": 10141739, "roadclass": "LOCAL", "fullname": "MILBY ST", "fromleft": 1001, "toleft": 1099, "fromright": 1000, "toright": 1098, "onewaydir": " "}}, {"type": "Feature", "geometry": {"type": "LineString", "coordinates": [[-95.3348329625941, 29.7549418252459], [-95.334690346768, 29.7550716707047], [-95.3345375451417, 29.7551802201845], [-95.3343852245564, 29.7552754091108], [-95.3342393980853, 29.7553726836299], [-95.3340017892874, 29.7555104380339]]}, "properties": {"centerlineid": 10141746, "roadclass": "MAJOR", "fullname": "N YORK ST", "fromleft": 401, "toleft": 449, "fromright": 400, "toright": 448, "onewaydir": "TF"}}, {"type": "Feature", "geometry": {"type": "LineString", "coordinates": [[-95.3405069422244, 29.7478251256217], [-95.3408654291299, 29.7473824808629], [-95.3411401272971, 29.7470450059045]]}, "properties": {"centerlineid": 10141752, "roadclass": "MAJOR", "fullname": "YORK ST", "fromleft": 501, "toleft": 599, "fromright": 500, "toright": 598, "onewaydir": "TF"}}, {"type": "Feature", "geometry": {"type": "LineString", "coordinates": [[-95.3435128942766, 29.7440466155046], [-95.3441079743641, 29.7432932127648]]}, "properties": {"centerlineid": 10141753, "roadclass": "MAJOR", "fullname": "YORK ST", "fromleft": 1001, "toleft": 1099, "fromright": 1000, "toright": 1098, "onewaydir": "TF"}}, {"type": "Feature", "geometry": {"type": "LineString", "coordinates": [[-95.3212197936198, 29.7451224689672], [-95.3215325999818, 29.7443402907075], [-95.3216394182733, 29.7440847215907]]}, "properties": {"centerlineid": 10141803, "roadclass": "LOCAL", "fullname": "LENOX ST", "fromleft": 101, "toleft": 199, "fromright": 100, "toright": 198, "onewaydir": " "}}, {"type": "Feature", "geometry": {"type": "LineString", "coordinates": [[-95.3239893536205, 29.7414030098474], [-95.3231117856192, 29.7411207499844]]}, "properties": {"centerlineid": 10141832, "roadclass": "LOCAL", "fullname": "TEXAS ST", "fromleft": 5201, "toleft": 5299, "fromright": 5200, "toright": 5298, "onewaydir": " "}}, {"type": "Feature", "geometry": {"type": "LineString", "coordinates": [[-95.353270912792, 29.7476916470273], [-95.352416390266, 29.7472070193601], [-95.3524086520352, 29.7472013191348]]}, "properties": {"centerlineid": 10139635, "roadclass": "LOCAL", "fullname": "DALLAS ST", "fromleft": 2501, "toleft": 2599, "fromright": 2500, "toright": 2598, "onewaydir": " "}}, {"type": "Feature", "geometry": {"type": "LineString", "coordinates": [[-95.3512031819818, 29.7486910751346], [-95.3503564435991, 29.7481721779156]]}, "properties": {"centerlineid": 10139670, "roadclass": "MAJOR", "fullname": "MCKINNEY ST", "fromleft": 2601, "toleft": 2699, "fromright": 2600, "toright": 2698, "onewaydir": " "}}, {"type": "Feature", "geometry": {"type": "LineString", "coordinates": [[-95.3137658352705, 29.7412008485152], [-95.3140939571524, 29.7403958485891]]}, "properties": {"centerlineid": 10141924, "roadclass": "LOCAL", "fullname": "CAYLOR ST", "fromleft": 209, "toleft": 299, "fromright": 208, "toright": 298, "onewaydir": " "}}, {"type": "Feature", "geometry": {"type": "LineString", "coordinates": [[-95.3091118141189, 29.7440142159791], [-95.3090662174664, 29.7439970968893], [-95.3079597933212, 29.7436404681824]]}, "properties": {"centerlineid": 10141937, "roadclass": "LOCAL", "fullname": "AVENUE I", "fromleft": 6517, "toleft": 6599, "fromright": 6516, "toright": 6598, "onewaydir": " "}}, {"type": "Feature", "geometry": {"type": "LineString", "coordinates": [[-95.3180459146005, 29.7405238743388], [-95.3176490975932, 29.7404017886557]]}, "properties": {"centerlineid": 10141979, "roadclass": "MAJOR", "fullname": "HARRISBURG BLVD", "fromleft": 5801, "toleft": 5811, "fromright": 5800, "toright": 5810, "onewaydir": " "}}, {"type": "Feature", "geometry": {"type": "LineString", "coordinates": [[-95.3210824067873, 29.7424101628093], [-95.3214333702381, 29.7415748391812]]}, "properties": {"centerlineid": 10142012, "roadclass": "LOCAL", "fullname": "DELMAR ST", "fromleft": 301, "toleft": 399, "fromright": 300, "toright": 398, "onewaydir": " "}}, {"type": "Feature", "geometry": {"type": "LineString", "coordinates": [[-95.3453820851491, 29.7552905001817], [-95.3447717022846, 29.7549204079071], [-95.3446571469006, 29.7548516913864]]}, "properties": {"centerlineid": 10139706, "roadclass": "LOCAL", "fullname": "COMMERCE ST", "fromleft": 2601, "toleft": 2699, "fromright": 2600, "toright": 2698, "onewaydir": " "}}, {"type": "Feature", "geometry": {"type": "LineString", "coordinates": [[-95.3511575686132, 29.7519621358162], [-95.3503030810414, 29.7514624251938]]}, "properties": {"centerlineid": 10139734, "roadclass": "LOCAL", "fullname": "CAPITOL ST", "fromleft": 2401, "toleft": 2499, "fromright": 2400, "toright": 2498, "onewaydir": " "}}, {"type": "Feature", "geometry": {"type": "LineString", "coordinates": [[-95.3113085734999, 29.7394501775563], [-95.3098848036365, 29.7390144989021]]}, "properties": {"centerlineid": 10142029, "roadclass": "LOCAL", "fullname": "AVENUE B", "fromleft": 6501, "toleft": 6599, "fromright": 6500, "toright": 6598, "onewaydir": " "}}, {"type": "Feature", "geometry": {"type": "LineString", "coordinates": [[-95.3108055262092, 29.7406705963682], [-95.3105157465583, 29.7413535092728]]}, "properties": {"centerlineid": 10142042, "roadclass": "LOCAL", "fullname": "65TH ST", "fromleft": 401, "toleft": 499, "fromright": 400, "toright": 498, "onewaydir": " "}}, {"type": "Feature", "geometry": {"type": "LineString", "coordinates": [[-95.3079597933212, 29.7436404681824], [-95.3078301668072, 29.7439626655147], [-95.3076928227766, 29.7442889300035]]}, "properties": {"centerlineid": 10142097, "roadclass": "LOCAL", "fullname": "N 66TH ST", "fromleft": 901, "toleft": 999, "fromright": 900, "toright": 998, "onewaydir": " "}}, {"type": "Feature", "geometry": {"type": "LineString", "coordinates": [[-95.3074028304042, 29.7660574601486], [-95.3073952772522, 29.7644648384213]]}, "properties": {"centerlineid": 10142181, "roadclass": "MAJOR", "fullname": "KRESS ST", "fromleft": 1235, "toleft": 1399, "fromright": 1234, "toright": 1398, "onewaydir": " "}}, {"type": "Feature", "geometry": {"type": "LineString", "coordinates": [[-95.3495553488599, 29.7428201778262], [-95.3488229365468, 29.7425952152844], [-95.3486321707627, 29.7425322408769], [-95.3484795258904, 29.7424884461651]]}, "properties": {"centerlineid": 10139861, "roadclass": "LOCAL", "fullname": "CLAY ST", "fromleft": 3101, "toleft": 3199, "fromright": 3100, "toright": 3198, "onewaydir": " "}}, {"type": "Feature", "geometry": {"type": "LineString", "coordinates": [[-95.3449472036597, 29.7438024587266], [-95.3450539401268, 29.7435831995943], [-95.3451379339692, 29.743375323639], [-95.3451988504592, 29.7431405336031], [-95.3452447118909, 29.7428870508261]]}, "properties": {"centerlineid": 10139886, "roadclass": "MAJOR", "fullname": "SCOTT ST", "fromleft": 1101, "toleft": 1199, "fromright": 1100, "toright": 1198, "onewaydir": "FT"}}, {"type": "Feature", "geometry": {"type": "LineString", "coordinates": [[-95.347960873572, 29.7512029955412], [-95.3475487911679, 29.7509855484135]]}, "properties": {"centerlineid": 10139919, "roadclass": "LOCAL", "fullname": "TEXAS ST", "fromleft": 2701, "toleft": 2799, "fromright": 2700, "toright": 2798, "onewaydir": " "}}, {"type": "Feature", "geometry": {"type": "LineString", "coordinates": [[-95.3520891722216, 29.7704775873592], [-95.3521188495613, 29.7713809624697]]}, "properties": {"centerlineid": 10140607, "roadclass": "LOCAL", "fullname": "MCKEE ST", "fromleft": 1101, "toleft": 1199, "fromright": 1100, "toright": 1198, "onewaydir": "FT"}}, {"type": "Feature", "geometry": {"type": "LineString", "coordinates": [[-95.3496257569275, 29.7696055732337], [-95.3488128394306, 29.7696087666094], [-95.3481363660487, 29.7696146522204]]}, "properties": {"centerlineid": 10140390, "roadclass": "LOCAL", "fullname": "ROTHWELL ST", "fromleft": 1901, "toleft": 2199, "fromright": 1900, "toright": 2198, "onewaydir": " "}}, {"type": "Feature", "geometry": {"type": "LineString", "coordinates": [[-95.3105233118495, 29.7692121721072], [-95.3105157585375, 29.7676977964614], [-95.3105310377806, 29.7673888711802]]}, "properties": {"centerlineid": 10142270, "roadclass": "LOCAL", "fullname": "HOFFMAN ST", "fromleft": 1101, "toleft": 1199, "fromright": 1100, "toright": 1198, "onewaydir": " "}}, {"type": "Feature", "geometry": {"type": "LineString", "coordinates": [[-95.3492349854312, 29.7463984071978], [-95.3498222951032, 29.7456527247975]]}, "properties": {"centerlineid": 10140085, "roadclass": "LOCAL", "fullname": "PAIGE ST", "fromleft": 1101, "toleft": 1199, "fromright": 1100, "toright": 1198, "onewaydir": " "}}, {"type": "Feature", "geometry": {"type": "LineString", "coordinates": [[-95.3053278276024, 29.7673888346379], [-95.3042978631638, 29.7673831338377]]}, "properties": {"centerlineid": 10142445, "roadclass": "LOCAL", "fullname": "LARIMER ST", "fromleft": 6501, "toleft": 6599, "fromright": 6500, "toright": 6598, "onewaydir": " "}}, {"type": "Feature", "geometry": {"type": "LineString", "coordinates": [[-95.3449472036597, 29.7438024587266], [-95.3450920797882, 29.7436747191765], [-95.3452828392958, 29.7434476576047], [-95.3455650452041, 29.7430814436796]]}, "properties": {"centerlineid": 10140201, "roadclass": "LOCAL", "fullname": "SAMPSON ST", "fromleft": 1101, "toleft": 1199, "fromright": 1100, "toright": 1198, "onewaydir": "FT"}}, {"type": "Feature", "geometry": {"type": "LineString", "coordinates": [[-95.3040384008917, 29.7477582769876], [-95.3020775197146, 29.7471326407825]]}, "properties": {"centerlineid": 10142595, "roadclass": "LOCAL", "fullname": "AVENUE P", "fromleft": 6701, "toleft": 6799, "fromright": 6700, "toright": 6798, "onewaydir": " "}}, {"type": "Feature", "geometry": {"type": "LineString", "coordinates": [[-95.3037712445987, 29.7484049116678], [-95.3023599825706, 29.7479567915804], [-95.301787733529, 29.7477753918955]]}, "properties": {"centerlineid": 10142678, "roadclass": "LOCAL", "fullname": "AVENUE Q", "fromleft": 6701, "toleft": 6799, "fromright": 6700, "toright": 6798, "onewaydir": " "}}, {"type": "Feature", "geometry": {"type": "LineString", "coordinates": [[-95.3015055098157, 29.748437327283], [-95.3012383093031, 29.7491067980784]]}, "properties": {"centerlineid": 10142869, "roadclass": "MAJOR", "fullname": "WAYSIDE DR", "fromleft": 1801, "toleft": 1899, "fromright": 1800, "toright": 1898, "onewaydir": "TF"}}, {"type": "Feature", "geometry": {"type": "LineString", "coordinates": [[-95.3539118134849, 29.7351565786702], [-95.3530189996794, 29.7348722855785]]}, "properties": {"centerlineid": 10138342, "roadclass": "LOCAL", "fullname": "BREMOND ST", "fromleft": 3221, "toleft": 3299, "fromright": 3220, "toright": 3298, "onewaydir": " "}}, {"type": "Feature", "geometry": {"type": "LineString", "coordinates": [[-95.3484707832586, 29.7632141417001], [-95.3482330594634, 29.7635768971922], [-95.3481732399811, 29.7636574248602], [-95.3480906542446, 29.7637621709032], [-95.3480147001327, 29.7638651872997], [-95.3479303160532, 29.7639669448264], [-95.347836385333, 29.764062943552], [-95.3477143639043, 29.7641799022534], [-95.3476282909442, 29.7642597152504], [-95.3475469331222, 29.7643301027898], [-95.3474606535585, 29.7644156421808], [-95.347403225437, 29.7644905025697], [-95.3473658282105, 29.7645563561491], [-95.347354138193, 29.7646381953845], [-95.3473442955541, 29.7649130613827]]}, "properties": {"centerlineid": 10140550, "roadclass": "LOCAL", "fullname": "WEST DR", "fromleft": 501, "toleft": 699, "fromright": 500, "toright": 698, "onewaydir": " "}}, {"type": "Feature", "geometry": {"type": "LineString", "coordinates": [[-95.3530267738813, 29.7565016285867], [-95.3528560382439, 29.7563858106672], [-95.3528560142614, 29.7563857942172], [-95.3528131602448, 29.7563567253365]]}, "properties": {"centerlineid": 10140591, "roadclass": "LOCAL", "fullname": "PRESTON ST", "fromleft": 0, "toleft": 0, "fromright": 0, "toright": 0, "onewaydir": " "}}, {"type": "Feature", "geometry": {"type": "LineString", "coordinates": [[-95.3441919543019, 29.763003820381], [-95.3442222678652, 29.7630134396924], [-95.3442528776452, 29.7630667938015], [-95.3442528723709, 29.7636694329756]]}, "properties": {"centerlineid": 10140662, "roadclass": "LOCAL", "fullname": "MCCALL ST", "fromleft": 1, "toleft": 99, "fromright": 2, "toright": 98, "onewaydir": " "}}, {"type": "Feature", "geometry": {"type": "MultiLineString", "coordinates": [[[-95.3488381789041, 29.7358431577709], [-95.3485256596244, 29.7356477989705]], [[-95.3485256596244, 29.7356477989705], [-95.3479836838595, 29.7353090024359]]]}, "properties": {"centerlineid": 10138459, "roadclass": "FRONTAGE", "fullname": "GULF FWY", "fromleft": 0, "toleft": 0, "fromright": 3450, "toright": 3488, "onewaydir": "TF"}}, {"type": "Feature", "geometry": {"type": "LineString", "coordinates": [[-95.3258354889632, 29.7654528117807], [-95.3242011028536, 29.765477452849]]}, "properties": {"centerlineid": 10140737, "roadclass": "MAJOR", "fullname": "CLINTON DR", "fromleft": 4451, "toleft": 4599, "fromright": 4450, "toright": 4598, "onewaydir": " "}}, {"type": "Feature", "geometry": {"type": "LineString", "coordinates": [[-95.3421395016666, 29.7579473209275], [-95.3418647789657, 29.7582907051265], [-95.3417046137506, 29.7584946868829]]}, "properties": {"centerlineid": 10140742, "roadclass": "LOCAL", "fullname": "N NAGLE ST", "fromleft": 301, "toleft": 399, "fromright": 300, "toright": 398, "onewaydir": " "}}, {"type": "Feature", "geometry": {"type": "LineString", "coordinates": [[-95.3419184132124, 29.7569020747725], [-95.34143012049, 29.7575219920707]]}, "properties": {"centerlineid": 10140850, "roadclass": "LOCAL", "fullname": "N DELANO ST", "fromleft": 301, "toleft": 399, "fromright": 300, "toright": 398, "onewaydir": " "}}, {"type": "Feature", "geometry": {"type": "LineString", "coordinates": [[-95.3419184132124, 29.7569020747725], [-95.3416284397649, 29.7567208776452], [-95.3410486509106, 29.7563987247438]]}, "properties": {"centerlineid": 10140882, "roadclass": "MAJOR", "fullname": "NAVIGATION BLVD", "fromleft": 2801, "toleft": 2899, "fromright": 2800, "toright": 2898, "onewaydir": " "}}, {"type": "Feature", "geometry": {"type": "LineString", "coordinates": [[-95.3189070893428, 29.7338955724259], [-95.3191655108329, 29.7332203551033]]}, "properties": {"centerlineid": 10143364, "roadclass": "LOCAL", "fullname": "LANSING ST", "fromleft": 1201, "toleft": 1299, "fromright": 1200, "toright": 1298, "onewaydir": " "}}, {"type": "Feature", "geometry": {"type": "LineString", "coordinates": [[-95.3450083159344, 29.7369570765039], [-95.3452294189455, 29.7363944238111], [-95.3457788768738, 29.7350171697675]]}, "properties": {"centerlineid": 10138680, "roadclass": "LOCAL", "fullname": "MILLER ST", "fromleft": 1801, "toleft": 2099, "fromright": 1800, "toright": 2098, "onewaydir": " "}}, {"type": "Feature", "geometry": {"type": "LineString", "coordinates": [[-95.3406307814001, 29.7661022425786], [-95.3406442844712, 29.7666354393812]]}, "properties": {"centerlineid": 10141059, "roadclass": "LOCAL", "fullname": "SCHWARTZ ST", "fromleft": 401, "toleft": 499, "fromright": 400, "toright": 498, "onewaydir": " "}}, {"type": "Feature", "geometry": {"type": "LineString", "coordinates": [[-95.3364632868416, 29.764060494571], [-95.3364785776047, 29.7647584956352]]}, "properties": {"centerlineid": 10141064, "roadclass": "LOCAL", "fullname": "GROVE ST", "fromleft": 101, "toleft": 199, "fromright": 100, "toright": 198, "onewaydir": " "}}, {"type": "Feature", "geometry": {"type": "LineString", "coordinates": [[-95.3365472327395, 29.7673657943183], [-95.336562521589, 29.7680238344011]]}, "properties": {"centerlineid": 10141099, "roadclass": "LOCAL", "fullname": "GROVE ST", "fromleft": 601, "toleft": 699, "fromright": 600, "toright": 698, "onewaydir": " "}}, {"type": "Feature", "geometry": {"type": "LineString", "coordinates": [[-95.3337320509407, 29.7647929279792], [-95.333739589172, 29.7654242890025]]}, "properties": {"centerlineid": 10141102, "roadclass": "LOCAL", "fullname": "BRINGHURST ST", "fromleft": 201, "toleft": 299, "fromright": 200, "toright": 298, "onewaydir": " "}}, {"type": "Feature", "geometry": {"type": "LineString", "coordinates": [[-95.3533165148416, 29.737588434656], [-95.3526034849524, 29.7373677858002]]}, "properties": {"centerlineid": 10138836, "roadclass": "LOCAL", "fullname": "WEBSTER ST", "fromleft": 3141, "toleft": 3199, "fromright": 3140, "toright": 3198, "onewaydir": " "}}, {"type": "Feature", "geometry": {"type": "LineString", "coordinates": [[-95.3405069422244, 29.7478251256217], [-95.3398354574352, 29.7474169615982], [-95.3398048538782, 29.7473977961282], [-95.3397439578298, 29.7473596621037]]}, "properties": {"centerlineid": 10141197, "roadclass": "MAJOR", "fullname": "HARRISBURG BLVD", "fromleft": 3501, "toleft": 3599, "fromright": 3500, "toright": 3598, "onewaydir": " "}}, {"type": "Feature", "geometry": {"type": "LineString", "coordinates": [[-95.3340142936878, 29.7448267174528], [-95.3336022533762, 29.7446704436947], [-95.3332590381114, 29.7445540585136]]}, "properties": {"centerlineid": 10141238, "roadclass": "MAJOR", "fullname": "HARRISBURG BLVD", "fromleft": 4201, "toleft": 4299, "fromright": 4200, "toright": 4298, "onewaydir": " "}}, {"type": "Feature", "geometry": {"type": "LineString", "coordinates": [[-95.3473421044776, 29.7351728824645], [-95.3458397792898, 29.7341932268722], [-95.3454430213509, 29.7339071087283], [-95.3449243521202, 29.7334875052453], [-95.3444894682508, 29.7331365664859], [-95.3439934074459, 29.732743672159]]}, "properties": {"centerlineid": 10139004, "roadclass": "RAMP", "fullname": "PIERCE IH 45 RAMP", "fromleft": 0, "toleft": 0, "fromright": 0, "toright": 0, "onewaydir": "FT"}}, {"type": "Feature", "geometry": {"type": "LineString", "coordinates": [[-95.3468011011336, 29.7368806566972], [-95.3469995733049, 29.7363677190069], [-95.347158765115, 29.7359663911713], [-95.3471672862954, 29.7359442308051]]}, "properties": {"centerlineid": 10139008, "roadclass": "MAJOR", "fullname": "SCOTT ST", "fromleft": 1927, "toleft": 1999, "fromright": 1926, "toright": 1998, "onewaydir": " "}}, {"type": "Feature", "geometry": {"type": "LineString", "coordinates": [[-95.3316721292703, 29.7377810032676], [-95.3316721172851, 29.7377027584628], [-95.3317177598803, 29.7375674308119], [-95.3318017015307, 29.7373556983735], [-95.3318628650829, 29.7372126543664], [-95.3319085265102, 29.737075279142]]}, "properties": {"centerlineid": 10139060, "roadclass": "MAJOR", "fullname": "S LOCKWOOD DR", "fromleft": 1301, "toleft": 1399, "fromright": 1300, "toright": 1398, "onewaydir": "TF"}}, {"type": "Feature", "geometry": {"type": "LineString", "coordinates": [[-95.3439705852212, 29.7533526177339], [-95.3439579684236, 29.7533355373812], [-95.3439444624757, 29.7533190899557], [-95.3439291689117, 29.7533038807739], [-95.3439122358976, 29.7532900571836], [-95.3438938274824, 29.7532777531089], [-95.3419640497323, 29.7521147595746]]}, "properties": {"centerlineid": 10141258, "roadclass": "LOCAL", "fullname": "SHERMAN ST", "fromleft": 2901, "toleft": 3099, "fromright": 2900, "toright": 3098, "onewaydir": " "}}, {"type": "Feature", "geometry": {"type": "LineString", "coordinates": [[-95.3319696328134, 29.7422136897374], [-95.3300165271897, 29.7416165877519]]}, "properties": {"centerlineid": 10141280, "roadclass": "LOCAL", "fullname": "RUSK ST", "fromleft": 4501, "toleft": 4599, "fromright": 4500, "toright": 4598, "onewaydir": " "}}, {"type": "Feature", "geometry": {"type": "LineString", "coordinates": [[-95.3413917929185, 29.7528928702533], [-95.3403923933079, 29.7541690118484]]}, "properties": {"centerlineid": 10141331, "roadclass": "LOCAL", "fullname": "N PALMER ST", "fromleft": 1, "toleft": 99, "fromright": 2, "toright": 98, "onewaydir": " "}}, {"type": "Feature", "geometry": {"type": "LineString", "coordinates": [[-95.3411401272971, 29.7470450059045], [-95.340972175591, 29.7469478017133], [-95.3407663709046, 29.7468581684672], [-95.340278079345, 29.7465756775716]]}, "properties": {"centerlineid": 10141343, "roadclass": "LOCAL", "fullname": "TEXAS ST", "fromleft": 3501, "toleft": 3599, "fromright": 3500, "toright": 3598, "onewaydir": " "}}, {"type": "Feature", "geometry": {"type": "LineString", "coordinates": [[-95.3395760209499, 29.7505887796228], [-95.3387215183097, 29.7500719665865]]}, "properties": {"centerlineid": 10141375, "roadclass": "LOCAL", "fullname": "SHERMAN ST", "fromleft": 3401, "toleft": 3499, "fromright": 3400, "toright": 3498, "onewaydir": " "}}, {"type": "Feature", "geometry": {"type": "LineString", "coordinates": [[-95.3398279252159, 29.7430415380586], [-95.3399960561363, 29.7428532222552], [-95.340016394566, 29.7428294418527], [-95.3400355870395, 29.7428049468233], [-95.3400536006278, 29.7427797791947], [-95.3400704044247, 29.7427539821487], [-95.3400859695998, 29.7427275999467], [-95.3401002694479, 29.7427006778545], [-95.340113279435, 29.7426732620637], [-95.3401249772401, 29.7426453996135], [-95.3401560037071, 29.7425664796968]]}, "properties": {"centerlineid": 10141428, "roadclass": "LOCAL", "fullname": "ST JOSEPH ST", "fromleft": 1001, "toleft": 1099, "fromright": 1000, "toright": 1098, "onewaydir": " "}}, {"type": "Feature", "geometry": {"type": "LineString", "coordinates": [[-95.3329156491612, 29.7454065036205], [-95.3332132154989, 29.7446588192939], [-95.3332339518594, 29.744611333542], [-95.3332590381114, 29.7445540585136]]}, "properties": {"centerlineid": 10141442, "roadclass": "LOCAL", "fullname": "SIDNEY ST", "fromleft": 401, "toleft": 499, "fromright": 400, "toright": 498, "onewaydir": " "}}, {"type": "Feature", "geometry": {"type": "LineString", "coordinates": [[-95.3286508685645, 29.7544683960481], [-95.3277580578332, 29.7541899859544], [-95.3275673311042, 29.7541345646663]]}, "properties": {"centerlineid": 10141463, "roadclass": "LOCAL", "fullname": "CRITES ST", "fromleft": 4117, "toleft": 4299, "fromright": 4116, "toright": 4298, "onewaydir": " "}}, {"type": "Feature", "geometry": {"type": "LineString", "coordinates": [[-95.32799468396, 29.7497458897876], [-95.3279184417218, 29.7497210068605], [-95.3272469325343, 29.7495188536915]]}, "properties": {"centerlineid": 10141469, "roadclass": "LOCAL", "fullname": "SCHROEDER ST", "fromleft": 4501, "toleft": 4599, "fromright": 4500, "toright": 4598, "onewaydir": " "}}, {"type": "Feature", "geometry": {"type": "LineString", "coordinates": [[-95.3362268974586, 29.7516607025937], [-95.3357461610537, 29.7522941105684]]}, "properties": {"centerlineid": 10141503, "roadclass": "LOCAL", "fullname": "N HUTCHESON ST", "fromleft": 131, "toleft": 199, "fromright": 130, "toright": 198, "onewaydir": " "}}, {"type": "Feature", "geometry": {"type": "LineString", "coordinates": [[-95.3344492297219, 29.7515254161867], [-95.334189781747, 29.7518514821875]]}, "properties": {"centerlineid": 10141506, "roadclass": "LOCAL", "fullname": "N MILBY ST", "fromleft": 201, "toleft": 203, "fromright": 200, "toright": 202, "onewaydir": " "}}, {"type": "Feature", "geometry": {"type": "LineString", "coordinates": [[-95.3330148906608, 29.7381871668042], [-95.3327171536729, 29.7380785361825]]}, "properties": {"centerlineid": 10139325, "roadclass": "MAJOR", "fullname": "POLK ST", "fromleft": 4501, "toleft": 4529, "fromright": 4500, "toright": 4528, "onewaydir": " "}}, {"type": "Feature", "geometry": {"type": "LineString", "coordinates": [[-95.3308098802602, 29.7505317213582], [-95.3303701797483, 29.7511136037252]]}, "properties": {"centerlineid": 10141601, "roadclass": "LOCAL", "fullname": "N SIDNEY ST", "fromleft": 201, "toleft": 299, "fromright": 200, "toright": 298, "onewaydir": " "}}, {"type": "Feature", "geometry": {"type": "LineString", "coordinates": [[-95.3288719800984, 29.7455552858067], [-95.3290855767919, 29.7450250164705]]}, "properties": {"centerlineid": 10141609, "roadclass": "LOCAL", "fullname": "HAGERMAN ST", "fromleft": 211, "toleft": 299, "fromright": 210, "toright": 298, "onewaydir": " "}}, {"type": "Feature", "geometry": {"type": "LineString", "coordinates": [[-95.3439934225394, 29.7544587867496], [-95.3434213678954, 29.75410396827]]}, "properties": {"centerlineid": 10141623, "roadclass": "LOCAL", "fullname": "COMMERCE ST", "fromleft": 2801, "toleft": 2899, "fromright": 2800, "toright": 2898, "onewaydir": " "}}, {"type": "Feature", "geometry": {"type": "LineString", "coordinates": [[-95.3355859601939, 29.7540202486001], [-95.3349990053891, 29.7547725584912], [-95.3349144588325, 29.7548676282991], [-95.3348329625941, 29.7549418252459]]}, "properties": {"centerlineid": 10141747, "roadclass": "MAJOR", "fullname": "N YORK ST", "fromleft": 301, "toleft": 399, "fromright": 300, "toright": 398, "onewaydir": "TF"}}, {"type": "Feature", "geometry": {"type": "LineString", "coordinates": [[-95.3078760403511, 29.7458414184857], [-95.3075173527989, 29.7463888245394], [-95.3073800046484, 29.7465663215985], [-95.3073418888437, 29.7465987187744]]}, "properties": {"centerlineid": 10141793, "roadclass": "LOCAL", "fullname": "TERMINAL ST", "fromleft": 1201, "toleft": 1299, "fromright": 1200, "toright": 1298, "onewaydir": " "}}, {"type": "Feature", "geometry": {"type": "LineString", "coordinates": [[-95.3150247072088, 29.7443423108184], [-95.3144218372468, 29.7441438389407], [-95.3141092553795, 29.7440580181753]]}, "properties": {"centerlineid": 10141801, "roadclass": "MAJOR", "fullname": "CANAL ST", "fromleft": 5901, "toleft": 5999, "fromright": 5900, "toright": 5998, "onewaydir": " "}}, {"type": "Feature", "geometry": {"type": "LineString", "coordinates": [[-95.3136056740067, 29.7416015242322], [-95.3127739752919, 29.7413325070651], [-95.3126672175748, 29.7413115189946]]}, "properties": {"centerlineid": 10141820, "roadclass": "LOCAL", "fullname": "SHERMAN ST", "fromleft": 6201, "toleft": 6299, "fromright": 6200, "toright": 6298, "onewaydir": " "}}, {"type": "Feature", "geometry": {"type": "LineString", "coordinates": [[-95.3236765151737, 29.7447505393687], [-95.3226999334541, 29.7444356495318]]}, "properties": {"centerlineid": 10141838, "roadclass": "LOCAL", "fullname": "SHERMAN ST", "fromleft": 5101, "toleft": 5199, "fromright": 5100, "toright": 5198, "onewaydir": " "}}, {"type": "Feature", "geometry": {"type": "LineString", "coordinates": [[-95.3093865542606, 29.740197587032], [-95.3076241335857, 29.7396426684588], [-95.3074333739975, 29.7395833561128]]}, "properties": {"centerlineid": 10141846, "roadclass": "LOCAL", "fullname": "SHERMAN ST", "fromleft": 6601, "toleft": 6699, "fromright": 6600, "toright": 6698, "onewaydir": " "}}, {"type": "Feature", "geometry": {"type": "LineString", "coordinates": [[-95.3236153891541, 29.7509780345025], [-95.322875415597, 29.7507585355302]]}, "properties": {"centerlineid": 10141869, "roadclass": "MAJOR", "fullname": "NAVIGATION BLVD", "fromleft": 4801, "toleft": 4899, "fromright": 4800, "toright": 4898, "onewaydir": " "}}, {"type": "Feature", "geometry": {"type": "LineString", "coordinates": [[-95.3539268747559, 29.7547944517344], [-95.3530801477298, 29.7542853881313]]}, "properties": {"centerlineid": 10139739, "roadclass": "LOCAL", "fullname": "TEXAS ST", "fromleft": 2001, "toleft": 2099, "fromright": 2000, "toright": 2098, "onewaydir": "FT"}}, {"type": "Feature", "geometry": {"type": "LineString", "coordinates": [[-95.3149332020551, 29.7420172657939], [-95.3151392005715, 29.7414851791162], [-95.315375627064, 29.7409090371628], [-95.3153908807592, 29.7408232116662]]}, "properties": {"centerlineid": 10142032, "roadclass": "LOCAL", "fullname": "GREENWOOD ST", "fromleft": 201, "toleft": 299, "fromright": 200, "toright": 298, "onewaydir": " "}}, {"type": "Feature", "geometry": {"type": "LineString", "coordinates": [[-95.3136209730157, 29.745255926462], [-95.3135903719395, 29.7454389248367], [-95.31361320617, 29.7464976617361]]}, "properties": {"centerlineid": 10142092, "roadclass": "LOCAL", "fullname": "N GREENWOOD ST", "fromleft": 201, "toleft": 249, "fromright": 200, "toright": 248, "onewaydir": " "}}, {"type": "Feature", "geometry": {"type": "LineString", "coordinates": [[-95.323684053827, 29.7489409281695], [-95.3232872543461, 29.749833519718]]}, "properties": {"centerlineid": 10142117, "roadclass": "LOCAL", "fullname": "N STILES ST", "fromleft": 309, "toleft": 399, "fromright": 308, "toright": 398, "onewaydir": " "}}, {"type": "Feature", "geometry": {"type": "LineString", "coordinates": [[-95.3206933979263, 29.7344469632508], [-95.3209679054794, 29.7337756578427]]}, "properties": {"centerlineid": 10143476, "roadclass": "LOCAL", "fullname": "COLLIER ST", "fromleft": 1201, "toleft": 1299, "fromright": 1200, "toright": 1298, "onewaydir": " "}}, {"type": "Feature", "geometry": {"type": "LineString", "coordinates": [[-95.3231957644362, 29.7381262450327], [-95.323501047205, 29.7376894893339], [-95.3236459356159, 29.7374243564282], [-95.3237755446272, 29.7371631303073], [-95.3238823037098, 29.7369798929262]]}, "properties": {"centerlineid": 10143509, "roadclass": "LOCAL", "fullname": "ALTIC ST", "fromleft": 801, "toleft": 999, "fromright": 800, "toright": 998, "onewaydir": " "}}, {"type": "Feature", "geometry": {"type": "LineString", "coordinates": [[-95.3245691398606, 29.7425589427341], [-95.3248894987882, 29.7417482185806], [-95.3249035041473, 29.7417045472124]]}, "properties": {"centerlineid": 10141922, "roadclass": "LOCAL", "fullname": "ADAMS ST", "fromleft": 401, "toleft": 499, "fromright": 400, "toright": 498, "onewaydir": " "}}, {"type": "Feature", "geometry": {"type": "LineString", "coordinates": [[-95.3409112474565, 29.7734025539343], [-95.3408340420017, 29.7729073634943], [-95.3408226711125, 29.7724694559581], [-95.3408300813046, 29.7721512499358], [-95.3408577604474, 29.7718129887519], [-95.3409554501153, 29.7712562794394], [-95.340995775942, 29.7710382010667], [-95.3411403162234, 29.7703570328847], [-95.3412968836269, 29.769910318758], [-95.3413720844159, 29.7697250655106], [-95.3414203322722, 29.7696062066107], [-95.341503080019, 29.7695092423128], [-95.3417489613409, 29.7692211067031], [-95.3419156196561, 29.7690547958494], [-95.3420674890094, 29.7689032430422], [-95.3421431277181, 29.7688277625938]]}, "properties": {"centerlineid": 10141139, "roadclass": "RAMP", "fullname": "LYONS SB 59 N ENT RAMP", "fromleft": 0, "toleft": 0, "fromright": 0, "toright": 0, "onewaydir": " "}}, {"type": "Feature", "geometry": {"type": "LineString", "coordinates": [[-95.3094933499044, 29.7692235842313], [-95.3094933242996, 29.7676710842772], [-95.309493324752, 29.7673792755627]]}, "properties": {"centerlineid": 10142247, "roadclass": "LOCAL", "fullname": "HAHLO ST", "fromleft": 1101, "toleft": 1199, "fromright": 1100, "toright": 1198, "onewaydir": " "}}, {"type": "Feature", "geometry": {"type": "LineString", "coordinates": [[-95.3095086322382, 29.763308885724], [-95.308822031028, 29.7630551967695], [-95.3085245107713, 29.7629274021955], [-95.3080362048116, 29.7627692754808]]}, "properties": {"centerlineid": 10142251, "roadclass": "LOCAL", "fullname": "OLD CLINTON RD", "fromleft": 5701, "toleft": 5799, "fromright": 5700, "toright": 5798, "onewaydir": " "}}, {"type": "Feature", "geometry": {"type": "LineString", "coordinates": [[-95.3232338709604, 29.7673429801456], [-95.3232491240731, 29.7680277250617]]}, "properties": {"centerlineid": 10142316, "roadclass": "LOCAL", "fullname": "SCHWEIKHARDT ST", "fromleft": 511, "toleft": 599, "fromright": 510, "toright": 598, "onewaydir": " "}}, {"type": "Feature", "geometry": {"type": "LineString", "coordinates": [[-95.3466256132328, 29.7481322702258], [-95.3471978869448, 29.7473845606328]]}, "properties": {"centerlineid": 10140088, "roadclass": "LOCAL", "fullname": "ENNIS ST", "fromleft": 801, "toleft": 899, "fromright": 800, "toright": 898, "onewaydir": " "}}, {"type": "Feature", "geometry": {"type": "LineString", "coordinates": [[-95.3442375897112, 29.7582925272284], [-95.3441766635348, 29.7582564878696], [-95.3434364412607, 29.7578063234306]]}, "properties": {"centerlineid": 10140264, "roadclass": "MAJOR", "fullname": "NAVIGATION BLVD", "fromleft": 2501, "toleft": 2599, "fromright": 2500, "toright": 2598, "onewaydir": " "}}, {"type": "Feature", "geometry": {"type": "LineString", "coordinates": [[-95.352080771065, 29.7685828656362], [-95.3519895018082, 29.768584009904], [-95.3513405851717, 29.7685922526645]]}, "properties": {"centerlineid": 10140348, "roadclass": "LOCAL", "fullname": "NANCE ST", "fromleft": 1601, "toleft": 1699, "fromright": 1600, "toright": 1698, "onewaydir": " "}}, {"type": "Feature", "geometry": {"type": "LineString", "coordinates": [[-95.3034889675828, 29.7490686649188], [-95.3015055098157, 29.748437327283]]}, "properties": {"centerlineid": 10142774, "roadclass": "LOCAL", "fullname": "AVENUE R", "fromleft": 6701, "toleft": 6799, "fromright": 6700, "toright": 6798, "onewaydir": " "}}, {"type": "Feature", "geometry": {"type": "LineString", "coordinates": [[-95.3527367648995, 29.769339932911], [-95.3525079068034, 29.7694506029069], [-95.352317159208, 29.7695154205291], [-95.352088260106, 29.7695765476741]]}, "properties": {"centerlineid": 10140515, "roadclass": "LOCAL", "fullname": "ROTHWELL ST", "fromleft": 1501, "toleft": 1599, "fromright": 1500, "toright": 1598, "onewaydir": "FT"}}, {"type": "Feature", "geometry": {"type": "LineString", "coordinates": [[-95.3003609680151, 29.7404932796533], [-95.3000787243983, 29.741139910369]]}, "properties": {"centerlineid": 10142807, "roadclass": "LOCAL", "fullname": "70TH ST", "fromleft": 801, "toleft": 899, "fromright": 800, "toright": 898, "onewaydir": " "}}, {"type": "Feature", "geometry": {"type": "LineString", "coordinates": [[-95.3026116475917, 29.7458108572086], [-95.3023447015802, 29.7464766599026]]}, "properties": {"centerlineid": 10142854, "roadclass": "MAJOR", "fullname": "WAYSIDE DR", "fromleft": 1401, "toleft": 1499, "fromright": 1400, "toright": 1498, "onewaydir": "TF"}}, {"type": "Feature", "geometry": {"type": "LineString", "coordinates": [[-95.3517448993224, 29.7359423986408], [-95.3517298486169, 29.7358773754856], [-95.3516762040576, 29.7358392568699], [-95.35073798216, 29.7355741345176]]}, "properties": {"centerlineid": 10138491, "roadclass": "LOCAL", "fullname": "HADLEY ST", "fromleft": 3301, "toleft": 3399, "fromright": 3300, "toright": 3398, "onewaydir": " "}}, {"type": "Feature", "geometry": {"type": "LineString", "coordinates": [[-95.3314049236769, 29.7554296759936], [-95.3311304357464, 29.7557805809817], [-95.3310006250109, 29.7559524003248]]}, "properties": {"centerlineid": 10140719, "roadclass": "LOCAL", "fullname": "N MILBY ST", "fromleft": 539, "toleft": 599, "fromright": 538, "toright": 598, "onewaydir": " "}}, {"type": "Feature", "geometry": {"type": "LineString", "coordinates": [[-95.3356163244488, 29.7647870523902], [-95.3351129736285, 29.7647851618145], [-95.3346550028321, 29.7647815204502]]}, "properties": {"centerlineid": 10140747, "roadclass": "MAJOR", "fullname": "CLINTON DR", "fromleft": 3401, "toleft": 3499, "fromright": 3400, "toright": 3498, "onewaydir": " "}}, {"type": "Feature", "geometry": {"type": "LineString", "coordinates": [[-95.3373483573401, 29.7627177134934], [-95.3365013827093, 29.7627444273188]]}, "properties": {"centerlineid": 10140774, "roadclass": "LOCAL", "fullname": "SWINEY ST", "fromleft": 3201, "toleft": 3299, "fromright": 3200, "toright": 3298, "onewaydir": " "}}, {"type": "Feature", "geometry": {"type": "LineString", "coordinates": [[-95.3479836838595, 29.7353090024359], [-95.3476099621284, 29.7350402191251]]}, "properties": {"centerlineid": 10138536, "roadclass": "FRONTAGE", "fullname": "GULF FWY", "fromleft": 0, "toleft": 0, "fromright": 3490, "toright": 3498, "onewaydir": "TF"}}, {"type": "Feature", "geometry": {"type": "LineString", "coordinates": [[-95.3526034849524, 29.7373677858002], [-95.3520730032001, 29.7372087622676]]}, "properties": {"centerlineid": 10138560, "roadclass": "LOCAL", "fullname": "WEBSTER ST", "fromleft": 3201, "toleft": 3211, "fromright": 3200, "toright": 3210, "onewaydir": " "}}, {"type": "Feature", "geometry": {"type": "MultiLineString", "coordinates": [[[-95.3471672862954, 29.7359442308051], [-95.347098602962, 29.7359003991044], [-95.3469231331594, 29.7357783415963], [-95.3466041271467, 29.7355573077982]], [[-95.3466041271467, 29.7355573077982], [-95.3465569209842, 29.7355245994784]]]}, "properties": {"centerlineid": 10138596, "roadclass": "FRONTAGE", "fullname": "GULF FWY", "fromleft": 3501, "toleft": 3549, "fromright": 0, "toright": 0, "onewaydir": "FT"}}, {"type": "Feature", "geometry": {"type": "LineString", "coordinates": [[-95.3257821102603, 29.7665439159617], [-95.3250574058773, 29.766551443737]]}, "properties": {"centerlineid": 10140923, "roadclass": "LOCAL", "fullname": "CLINE ST", "fromleft": 4417, "toleft": 4499, "fromright": 4416, "toright": 4498, "onewaydir": " "}}, {"type": "Feature", "geometry": {"type": "LineString", "coordinates": [[-95.3406899496648, 29.757901694478], [-95.3404763544616, 29.7581668281104]]}, "properties": {"centerlineid": 10140960, "roadclass": "LOCAL", "fullname": "MIDDLE ST", "fromleft": 501, "toleft": 507, "fromright": 500, "toright": 506, "onewaydir": " "}}, {"type": "Feature", "geometry": {"type": "LineString", "coordinates": [[-95.3243019565015, 29.7355342183287], [-95.3240883577399, 29.7354844438253]]}, "properties": {"centerlineid": 10143379, "roadclass": "LOCAL", "fullname": "POLK ST", "fromleft": 5115, "toleft": 5119, "fromright": 5114, "toright": 5118, "onewaydir": " "}}, {"type": "Feature", "geometry": {"type": "LineString", "coordinates": [[-95.3346933547997, 29.7667040855414], [-95.3337854597969, 29.7667173478126]]}, "properties": {"centerlineid": 10140987, "roadclass": "LOCAL", "fullname": "CLINE ST", "fromleft": 3501, "toleft": 3599, "fromright": 3500, "toright": 3598, "onewaydir": " "}}, {"type": "Feature", "geometry": {"type": "LineString", "coordinates": [[-95.3495553561835, 29.7393277886325], [-95.3489524865391, 29.7389615903066], [-95.3488535051063, 29.7389063733795]]}, "properties": {"centerlineid": 10138879, "roadclass": "LOCAL", "fullname": "JEFFERSON ST", "fromleft": 3305, "toleft": 3399, "fromright": 3304, "toright": 3398, "onewaydir": " "}}, {"type": "Feature", "geometry": {"type": "LineString", "coordinates": [[-95.3507682966163, 29.7382407727943], [-95.3498756834209, 29.7376493527728]]}, "properties": {"centerlineid": 10138984, "roadclass": "FRONTAGE", "fullname": "GULF FWY", "fromleft": 3301, "toleft": 3399, "fromright": 0, "toright": 0, "onewaydir": "FT"}}, {"type": "Feature", "geometry": {"type": "LineString", "coordinates": [[-95.327559762392, 29.7433312871571], [-95.3270180898556, 29.7432359149967]]}, "properties": {"centerlineid": 10141209, "roadclass": "MAJOR", "fullname": "HARRISBURG BLVD", "fromleft": 4801, "toleft": 4845, "fromright": 4800, "toright": 4844, "onewaydir": " "}}, {"type": "Feature", "geometry": {"type": "LineString", "coordinates": [[-95.328574449708, 29.7462610484376], [-95.3280480633272, 29.7461122782284], [-95.3275978907733, 29.7459787587563]]}, "properties": {"centerlineid": 10141233, "roadclass": "LOCAL", "fullname": "SHERMAN ST", "fromleft": 4601, "toleft": 4699, "fromright": 4600, "toright": 4698, "onewaydir": " "}}, {"type": "Feature", "geometry": {"type": "LineString", "coordinates": [[-95.3342737381977, 29.7349160749665], [-95.334578785516, 29.7341532869898]]}, "properties": {"centerlineid": 10139029, "roadclass": "MAJOR", "fullname": "ERNESTINE ST", "fromleft": 1701, "toleft": 1799, "fromright": 1700, "toright": 1798, "onewaydir": "FT"}}, {"type": "Feature", "geometry": {"type": "LineString", "coordinates": [[-95.3352197174029, 29.7379126631619], [-95.3355628922594, 29.7371019785357]]}, "properties": {"centerlineid": 10139061, "roadclass": "LOCAL", "fullname": "EASTWOOD ST", "fromleft": 1401, "toleft": 1499, "fromright": 1400, "toright": 1498, "onewaydir": " "}}, {"type": "Feature", "geometry": {"type": "LineString", "coordinates": [[-95.3439019279053, 29.7373956481405], [-95.3431389227424, 29.7371631186585]]}, "properties": {"centerlineid": 10139066, "roadclass": "LOCAL", "fullname": "JEFFERSON ST", "fromleft": 3801, "toleft": 3899, "fromright": 3800, "toright": 3898, "onewaydir": " "}}, {"type": "Feature", "geometry": {"type": "LineString", "coordinates": [[-95.337775474397, 29.7423873641254], [-95.3379281570561, 29.7421849513962], [-95.3379740152593, 29.7421087516682], [-95.338004372317, 29.7420382214718], [-95.3380577614117, 29.7419200373719]]}, "properties": {"centerlineid": 10141277, "roadclass": "LOCAL", "fullname": "CULLEN BLVD", "fromleft": 911, "toleft": 999, "fromright": 910, "toright": 998, "onewaydir": " "}}, {"type": "Feature", "geometry": {"type": "LineString", "coordinates": [[-95.3423302623839, 29.7455420337671], [-95.3421406541897, 29.7454259114444], [-95.3419565232456, 29.7453131937644]]}, "properties": {"centerlineid": 10141303, "roadclass": "LOCAL", "fullname": "RUSK ST", "fromleft": 3501, "toleft": 3599, "fromright": 3500, "toright": 3598, "onewaydir": " "}}, {"type": "Feature", "geometry": {"type": "LineString", "coordinates": [[-95.3321220906746, 29.7473558034602], [-95.3326409161603, 29.7460780089473]]}, "properties": {"centerlineid": 10141347, "roadclass": "LOCAL", "fullname": "SIDNEY ST", "fromleft": 201, "toleft": 299, "fromright": 200, "toright": 298, "onewaydir": " "}}, {"type": "Feature", "geometry": {"type": "LineString", "coordinates": [[-95.3267280780116, 29.7355036353043], [-95.3262397734728, 29.7353587369438]]}, "properties": {"centerlineid": 10139266, "roadclass": "LOCAL", "fullname": "CLAY ST", "fromleft": 4901, "toleft": 4999, "fromright": 4900, "toright": 4998, "onewaydir": " "}}, {"type": "Feature", "geometry": {"type": "LineString", "coordinates": [[-95.338851325537, 29.7399306045597], [-95.3368294806861, 29.7393241412077]]}, "properties": {"centerlineid": 10141435, "roadclass": "MAJOR", "fullname": "POLK ST", "fromleft": 4101, "toleft": 4299, "fromright": 4100, "toright": 4298, "onewaydir": " "}}, {"type": "Feature", "geometry": {"type": "LineString", "coordinates": [[-95.3441919160698, 29.7415574949233], [-95.3426964810511, 29.7411150393641]]}, "properties": {"centerlineid": 10141538, "roadclass": "MAJOR", "fullname": "POLK ST", "fromleft": 3601, "toleft": 3719, "fromright": 3600, "toright": 3718, "onewaydir": " "}}, {"type": "Feature", "geometry": {"type": "LineString", "coordinates": [[-95.3312981632997, 29.7493719031254], [-95.3317177458136, 29.7483344075557]]}, "properties": {"centerlineid": 10141559, "roadclass": "LOCAL", "fullname": "SIDNEY ST", "fromleft": 1, "toleft": 99, "fromright": 2, "toright": 98, "onewaydir": " "}}, {"type": "Feature", "geometry": {"type": "LineString", "coordinates": [[-95.3260492816867, 29.7485021552216], [-95.3254617540771, 29.7483056920737], [-95.3249047717077, 29.7481359278434]]}, "properties": {"centerlineid": 10141560, "roadclass": "LOCAL", "fullname": "AVENUE H", "fromleft": 4701, "toleft": 4799, "fromright": 4700, "toright": 4798, "onewaydir": " "}}, {"type": "Feature", "geometry": {"type": "LineString", "coordinates": [[-95.342665886951, 29.7383208820124], [-95.3428644238219, 29.7378038094822]]}, "properties": {"centerlineid": 10139295, "roadclass": "LOCAL", "fullname": "HUSSION ST", "fromleft": 1601, "toleft": 1699, "fromright": 1600, "toright": 1698, "onewaydir": " "}}, {"type": "Feature", "geometry": {"type": "LineString", "coordinates": [[-95.3267586782237, 29.7340006735257], [-95.3268885191464, 29.7336305512731], [-95.3269113079769, 29.7335141815064]]}, "properties": {"centerlineid": 10139308, "roadclass": "LOCAL", "fullname": "GUSTAV ST", "fromleft": 1501, "toleft": 1599, "fromright": 1500, "toright": 1598, "onewaydir": " "}}, {"type": "Feature", "geometry": {"type": "LineString", "coordinates": [[-95.3269188646973, 29.7373746261615], [-95.3258813457382, 29.7370410612743]]}, "properties": {"centerlineid": 10139318, "roadclass": "LOCAL", "fullname": "PARK DR", "fromleft": 4915, "toleft": 4999, "fromright": 4914, "toright": 4998, "onewaydir": " "}}, {"type": "Feature", "geometry": {"type": "LineString", "coordinates": [[-95.3258813457382, 29.7370410612743], [-95.3261560625015, 29.7366784947055], [-95.3263084779127, 29.7364705975688]]}, "properties": {"centerlineid": 10139411, "roadclass": "LOCAL", "fullname": "ELM ST", "fromleft": 1101, "toleft": 1115, "fromright": 1100, "toright": 1114, "onewaydir": " "}}, {"type": "Feature", "geometry": {"type": "LineString", "coordinates": [[-95.3440773673174, 29.7488035586754], [-95.3436958905874, 29.7485938658362]]}, "properties": {"centerlineid": 10141561, "roadclass": "LOCAL", "fullname": "TEXAS ST", "fromleft": 3101, "toleft": 3199, "fromright": 3100, "toright": 3198, "onewaydir": " "}}, {"type": "Feature", "geometry": {"type": "LineString", "coordinates": [[-95.3380807724504, 29.7508730809915], [-95.3375238106605, 29.7515883777702]]}, "properties": {"centerlineid": 10141748, "roadclass": "MAJOR", "fullname": "N YORK ST", "fromleft": 1, "toleft": 99, "fromright": 2, "toright": 98, "onewaydir": "TF"}}, {"type": "Feature", "geometry": {"type": "LineString", "coordinates": [[-95.3399041022962, 29.7485689962748], [-95.3405069422244, 29.7478251256217]]}, "properties": {"centerlineid": 10141762, "roadclass": "MAJOR", "fullname": "YORK ST", "fromleft": 401, "toleft": 499, "fromright": 400, "toright": 498, "onewaydir": "TF"}}, {"type": "Feature", "geometry": {"type": "LineString", "coordinates": [[-95.3245994691071, 29.7502417150157], [-95.3244240176155, 29.7505068472569]]}, "properties": {"centerlineid": 10141766, "roadclass": "MAJOR", "fullname": "LOCKWOOD DR", "fromleft": 337, "toleft": 399, "fromright": 336, "toright": 398, "onewaydir": " "}}, {"type": "Feature", "geometry": {"type": "LineString", "coordinates": [[-95.3145135581584, 29.743056808323], [-95.3131860470918, 29.742644738679]]}, "properties": {"centerlineid": 10141788, "roadclass": "LOCAL", "fullname": "BRADY ST", "fromleft": 6001, "toleft": 6199, "fromright": 6000, "toright": 6198, "onewaydir": " "}}, {"type": "Feature", "geometry": {"type": "LineString", "coordinates": [[-95.3113168599826, 29.7420688342909], [-95.3117668653966, 29.7410292541823]]}, "properties": {"centerlineid": 10141826, "roadclass": "LOCAL", "fullname": "OLDHAM ST", "fromleft": 101, "toleft": 199, "fromright": 100, "toright": 198, "onewaydir": " "}}, {"type": "Feature", "geometry": {"type": "LineString", "coordinates": [[-95.3167336959641, 29.7401213767162], [-95.3162835224253, 29.7399801425565]]}, "properties": {"centerlineid": 10141867, "roadclass": "MAJOR", "fullname": "HARRISBURG BLVD", "fromleft": 5951, "toleft": 5999, "fromright": 5950, "toright": 5998, "onewaydir": " "}}, {"type": "Feature", "geometry": {"type": "LineString", "coordinates": [[-95.3537210705006, 29.7534899807224], [-95.3529428127692, 29.7530359028987], [-95.3528588364431, 29.7529825400734]]}, "properties": {"centerlineid": 10139663, "roadclass": "LOCAL", "fullname": "CAPITOL ST", "fromleft": 2101, "toleft": 2199, "fromright": 2100, "toright": 2198, "onewaydir": " "}}, {"type": "Feature", "geometry": {"type": "LineString", "coordinates": [[-95.3085167479528, 29.7422803552334], [-95.3075401621116, 29.7419791686821], [-95.3065635904408, 29.7416777427724]]}, "properties": {"centerlineid": 10141940, "roadclass": "MAJOR", "fullname": "CANAL ST", "fromleft": 6601, "toleft": 6699, "fromright": 6600, "toright": 6698, "onewaydir": " "}}, {"type": "Feature", "geometry": {"type": "LineString", "coordinates": [[-95.3117668653966, 29.7410292541823], [-95.3108055262092, 29.7406705963682]]}, "properties": {"centerlineid": 10141973, "roadclass": "LOCAL", "fullname": "SHERMAN ST", "fromleft": 6401, "toleft": 6499, "fromright": 6400, "toright": 6498, "onewaydir": " "}}, {"type": "Feature", "geometry": {"type": "LineString", "coordinates": [[-95.3464043111102, 29.7435927734085], [-95.3455650452041, 29.7430814436796]]}, "properties": {"centerlineid": 10139688, "roadclass": "LOCAL", "fullname": "DALLAS ST", "fromleft": 3301, "toleft": 3399, "fromright": 3300, "toright": 3398, "onewaydir": " "}}, {"type": "Feature", "geometry": {"type": "LineString", "coordinates": [[-95.3240577961921, 29.7673505114316], [-95.3232338709604, 29.7673429801456]]}, "properties": {"centerlineid": 10142155, "roadclass": "LOCAL", "fullname": "EDMUND ST", "fromleft": 4601, "toleft": 4699, "fromright": 4600, "toright": 4698, "onewaydir": " "}}, {"type": "Feature", "geometry": {"type": "LineString", "coordinates": [[-95.3516152971645, 29.7434113882583], [-95.3507607953905, 29.7429080504909]]}, "properties": {"centerlineid": 10139888, "roadclass": "LOCAL", "fullname": "BELL ST", "fromleft": 2901, "toleft": 2999, "fromright": 2900, "toright": 2998, "onewaydir": " "}}, {"type": "Feature", "geometry": {"type": "LineString", "coordinates": [[-95.3520654406905, 29.7492174596752], [-95.3512031819818, 29.7486910751346]]}, "properties": {"centerlineid": 10139904, "roadclass": "MAJOR", "fullname": "MCKINNEY ST", "fromleft": 2501, "toleft": 2599, "fromright": 2500, "toright": 2598, "onewaydir": " "}}, {"type": "Feature", "geometry": {"type": "LineString", "coordinates": [[-95.3523399451717, 29.7504648687002], [-95.3520803336061, 29.7503060814592]]}, "properties": {"centerlineid": 10139952, "roadclass": "LOCAL", "fullname": "WALKER ST", "fromleft": 2401, "toleft": 2499, "fromright": 2400, "toright": 2498, "onewaydir": " "}}, {"type": "Feature", "geometry": {"type": "LineString", "coordinates": [[-95.3475334914575, 29.7453645477053], [-95.3472893644054, 29.7452196408671], [-95.3469842873931, 29.7450366465015], [-95.3466714573454, 29.7448438589251], [-95.3462366000868, 29.7445844316102], [-95.3458322345548, 29.7443384396012]]}, "properties": {"centerlineid": 10139958, "roadclass": "LOCAL", "fullname": "LAMAR ST", "fromleft": 3101, "toleft": 3299, "fromright": 3100, "toright": 3298, "onewaydir": " "}}, {"type": "Feature", "geometry": {"type": "LineString", "coordinates": [[-95.3043053897354, 29.7363409953808], [-95.3048698991327, 29.7350993079617]]}, "properties": {"centerlineid": 10143533, "roadclass": "MAJOR", "fullname": "S 69TH ST", "fromleft": 101, "toleft": 299, "fromright": 100, "toright": 298, "onewaydir": "FT"}}, {"type": "Feature", "geometry": {"type": "LineString", "coordinates": [[-95.3196470008387, 29.7482011529797], [-95.3192187234061, 29.7480684652463], [-95.3191314640574, 29.7480487957319]]}, "properties": {"centerlineid": 10142128, "roadclass": "PRIVATE", "fullname": "JONATHAN LN", "fromleft": 5401, "toleft": 5419, "fromright": 5400, "toright": 5420, "onewaydir": " "}}, {"type": "Feature", "geometry": {"type": "LineString", "coordinates": [[-95.3526605617775, 29.7596317052187], [-95.3518288675211, 29.7590993667516]]}, "properties": {"centerlineid": 10140382, "roadclass": "LOCAL", "fullname": "COMMERCE ST", "fromleft": 1801, "toleft": 1899, "fromright": 1800, "toright": 1898, "onewaydir": "TF"}}, {"type": "Feature", "geometry": {"type": "LineString", "coordinates": [[-95.3496282162489, 29.7368905514495], [-95.3490364588373, 29.7365240045953], [-95.3487542165419, 29.7363410318428], [-95.3475457153818, 29.7355662292988], [-95.3473985792564, 29.7354718951685], [-95.3472255760679, 29.7353572239668], [-95.3465263813764, 29.7349142386794], [-95.3456034114798, 29.7342714888853], [-95.3447641615026, 29.7336458538367], [-95.3423729651082, 29.731760135328], [-95.3421685343763, 29.7315988780505], [-95.3420227938405, 29.7314839026118], [-95.3415597340982, 29.7311185883332], [-95.3403465688695, 29.730132430053]]}, "properties": {"centerlineid": 10126002, "roadclass": "HIGHWAY", "fullname": "S IH 45", "fromleft": 0, "toleft": 0, "fromright": 3400, "toright": 4198, "onewaydir": "TF"}}, {"type": "Feature", "geometry": {"type": "LineString", "coordinates": [[-95.3074180949731, 29.7673810919112], [-95.306624759407, 29.767394535603], [-95.3063728624264, 29.7673906629592]]}, "properties": {"centerlineid": 10142250, "roadclass": "LOCAL", "fullname": "LARIMER ST", "fromleft": 6301, "toleft": 6399, "fromright": 6300, "toright": 6398, "onewaydir": " "}}, {"type": "Feature", "geometry": {"type": "LineString", "coordinates": [[-95.3503030810414, 29.7514624251938], [-95.3508981338449, 29.7506975978326]]}, "properties": {"centerlineid": 10140026, "roadclass": "LOCAL", "fullname": "ST CHARLES ST", "fromleft": 701, "toleft": 799, "fromright": 700, "toright": 798, "onewaydir": " "}}, {"type": "Feature", "geometry": {"type": "LineString", "coordinates": [[-95.3488304449509, 29.7517083885264], [-95.3494485534388, 29.7509282855101]]}, "properties": {"centerlineid": 10140047, "roadclass": "LOCAL", "fullname": "LIVE OAK ST", "fromleft": 601, "toleft": 699, "fromright": 600, "toright": 698, "onewaydir": " "}}, {"type": "Feature", "geometry": {"type": "LineString", "coordinates": [[-95.3527214671639, 29.7451776536817], [-95.3533242975479, 29.7444338200383]]}, "properties": {"centerlineid": 10140052, "roadclass": "LOCAL", "fullname": "NAGLE ST", "fromleft": 1401, "toleft": 1499, "fromright": 1400, "toright": 1498, "onewaydir": " "}}, {"type": "Feature", "geometry": {"type": "LineString", "coordinates": [[-95.3507607953905, 29.7429080504909], [-95.3513483380689, 29.7421699043184]]}, "properties": {"centerlineid": 10140083, "roadclass": "LOCAL", "fullname": "ENNIS ST", "fromleft": 1501, "toleft": 1599, "fromright": 1500, "toright": 1598, "onewaydir": " "}}, {"type": "Feature", "geometry": {"type": "LineString", "coordinates": [[-95.3053278174815, 29.7691893699077], [-95.3042825848384, 29.7691836682922]]}, "properties": {"centerlineid": 10142376, "roadclass": "LOCAL", "fullname": "LESLIE ST", "fromleft": 6501, "toleft": 6599, "fromright": 6500, "toright": 6598, "onewaydir": " "}}, {"type": "Feature", "geometry": {"type": "LineString", "coordinates": [[-95.3043359750613, 29.7616382410125], [-95.3031608603225, 29.761321506094], [-95.3017646879664, 29.7608905037778], [-95.3012460525291, 29.7607474259693]]}, "properties": {"centerlineid": 10142473, "roadclass": "LOCAL", "fullname": "OLD CLINTON RD", "fromleft": 6001, "toleft": 6999, "fromright": 6000, "toright": 6998, "onewaydir": " "}}, {"type": "Feature", "geometry": {"type": "LineString", "coordinates": [[-95.3447564226542, 29.7511361728286], [-95.3449699910719, 29.7509246207083]]}, "properties": {"centerlineid": 10140188, "roadclass": "LOCAL", "fullname": "MIDDLETON ST", "fromleft": 401, "toleft": 449, "fromright": 400, "toright": 448, "onewaydir": " "}}, {"type": "Feature", "geometry": {"type": "LineString", "coordinates": [[-95.3042825848384, 29.7691836682922], [-95.3042978367831, 29.7675280379331], [-95.3042978631638, 29.7673831338377]]}, "properties": {"centerlineid": 10142514, "roadclass": "LOCAL", "fullname": "GAZIN ST", "fromleft": 1101, "toleft": 1199, "fromright": 1100, "toright": 1198, "onewaydir": " "}}, {"type": "Feature", "geometry": {"type": "LineString", "coordinates": [[-95.3023141014373, 29.7410979369289], [-95.3003609680151, 29.7404932796533]]}, "properties": {"centerlineid": 10142736, "roadclass": "LOCAL", "fullname": "AVENUE H", "fromleft": 6901, "toleft": 6999, "fromright": 6900, "toright": 6998, "onewaydir": " "}}, {"type": "Feature", "geometry": {"type": "LineString", "coordinates": [[-95.3012383093031, 29.7491067980784], [-95.2992623065767, 29.7484774934185]]}, "properties": {"centerlineid": 10142778, "roadclass": "LOCAL", "fullname": "AVENUE S", "fromleft": 6801, "toleft": 6899, "fromright": 6800, "toright": 6898, "onewaydir": " "}}, {"type": "Feature", "geometry": {"type": "LineString", "coordinates": [[-95.3003534587486, 29.7458396009414], [-95.3000862657519, 29.7464955779669]]}, "properties": {"centerlineid": 10142852, "roadclass": "MAJOR", "fullname": "SSGT MACARIO GARCIA DR", "fromleft": 1501, "toleft": 1599, "fromright": 1500, "toright": 1598, "onewaydir": "FT"}}, {"type": "Feature", "geometry": {"type": "LineString", "coordinates": [[-95.3465569209842, 29.7355245994784], [-95.3457788768738, 29.7350171697675]]}, "properties": {"centerlineid": 10138420, "roadclass": "FRONTAGE", "fullname": "GULF FWY", "fromleft": 3551, "toleft": 3599, "fromright": 0, "toright": 0, "onewaydir": "FT"}}, {"type": "Feature", "geometry": {"type": "LineString", "coordinates": [[-95.3434364412607, 29.7578063234306], [-95.3430780074841, 29.7582735846626], [-95.3429864825546, 29.7583936124726], [-95.3429178339603, 29.7584109528181]]}, "properties": {"centerlineid": 10140777, "roadclass": "LOCAL", "fullname": "N LIVE OAK ST", "fromleft": 301, "toleft": 399, "fromright": 300, "toright": 398, "onewaydir": " "}}, {"type": "Feature", "geometry": {"type": "LineString", "coordinates": [[-95.3398201524973, 29.7590306977782], [-95.339362439547, 29.7596164160721]]}, "properties": {"centerlineid": 10140807, "roadclass": "LOCAL", "fullname": "MIDDLE ST", "fromleft": 629, "toleft": 699, "fromright": 628, "toright": 698, "onewaydir": " "}}, {"type": "Feature", "geometry": {"type": "LineString", "coordinates": [[-95.3530217204984, 29.7367825318707], [-95.3523324120114, 29.736554572065]]}, "properties": {"centerlineid": 10138561, "roadclass": "LOCAL", "fullname": "TRULLEY ST", "fromleft": 3201, "toleft": 3223, "fromright": 3200, "toright": 3222, "onewaydir": " "}}, {"type": "Feature", "geometry": {"type": "LineString", "coordinates": [[-95.3429025351992, 29.7569728055484], [-95.3426125235538, 29.757329449852]]}, "properties": {"centerlineid": 10140860, "roadclass": "LOCAL", "fullname": "N NAGLE ST", "fromleft": 201, "toleft": 211, "fromright": 200, "toright": 210, "onewaydir": " "}}, {"type": "Feature", "geometry": {"type": "LineString", "coordinates": [[-95.3338411692067, 29.7696009715199], [-95.3333141205251, 29.7698004946934]]}, "properties": {"centerlineid": 10140948, "roadclass": "LOCAL", "fullname": "BUCK ST", "fromleft": 3601, "toleft": 3699, "fromright": 3600, "toright": 3698, "onewaydir": "FT"}}, {"type": "Feature", "geometry": {"type": "LineString", "coordinates": [[-95.3102410476289, 29.7381510943989], [-95.3094552057675, 29.7379106243418], [-95.3082803512121, 29.7375539725474]]}, "properties": {"centerlineid": 10143289, "roadclass": "MAJOR", "fullname": "HARRISBURG BLVD", "fromleft": 6601, "toleft": 6699, "fromright": 6600, "toright": 6698, "onewaydir": " "}}, {"type": "Feature", "geometry": {"type": "LineString", "coordinates": [[-95.3545219507831, 29.7386774802306], [-95.3544520020028, 29.7386487371678], [-95.354369352377, 29.7386221692337], [-95.3530573114111, 29.7382369111908]]}, "properties": {"centerlineid": 10138751, "roadclass": "LOCAL", "fullname": "GRAY ST", "fromleft": 3101, "toleft": 3199, "fromright": 3100, "toright": 3198, "onewaydir": " "}}, {"type": "Feature", "geometry": {"type": "LineString", "coordinates": [[-95.3265373261808, 29.7668661043828], [-95.3265373428314, 29.7671809853298]]}, "properties": {"centerlineid": 10141036, "roadclass": "LOCAL", "fullname": "WACO ST", "fromleft": 501, "toleft": 505, "fromright": 500, "toright": 504, "onewaydir": " "}}, {"type": "Feature", "geometry": {"type": "LineString", "coordinates": [[-95.3408654073255, 29.7679533725906], [-95.3408731842992, 29.7681764983711]]}, "properties": {"centerlineid": 10141077, "roadclass": "LOCAL", "fullname": "SCHWARTZ ST", "fromleft": 801, "toleft": 899, "fromright": 800, "toright": 898, "onewaydir": " "}}, {"type": "Feature", "geometry": {"type": "LineString", "coordinates": [[-95.3347008732876, 29.7673658224428], [-95.3347161782775, 29.7680334479173]]}, "properties": {"centerlineid": 10141100, "roadclass": "LOCAL", "fullname": "CAGE ST", "fromleft": 601, "toleft": 699, "fromright": 600, "toright": 698, "onewaydir": " "}}, {"type": "Feature", "geometry": {"type": "LineString", "coordinates": [[-95.3338310821138, 29.7693627665246], [-95.3338411692067, 29.7696009715199]]}, "properties": {"centerlineid": 10141104, "roadclass": "LOCAL", "fullname": "BRINGHURST ST", "fromleft": 891, "toleft": 899, "fromright": 890, "toright": 898, "onewaydir": " "}}, {"type": "Feature", "geometry": {"type": "LineString", "coordinates": [[-95.3356393320223, 29.7654051262521], [-95.3356507404414, 29.7657242730279], [-95.3356621789483, 29.7660440242754]]}, "properties": {"centerlineid": 10141118, "roadclass": "LOCAL", "fullname": "GREGG ST", "fromleft": 301, "toleft": 399, "fromright": 300, "toright": 398, "onewaydir": " "}}, {"type": "Feature", "geometry": {"type": "LineString", "coordinates": [[-95.3418953976782, 29.7508997878006], [-95.3418191569986, 29.750827184819], [-95.3415750439412, 29.7506861747529], [-95.3410255814386, 29.7503503362694]]}, "properties": {"centerlineid": 10141185, "roadclass": "LOCAL", "fullname": "GARROW ST", "fromleft": 3201, "toleft": 3299, "fromright": 3200, "toright": 3298, "onewaydir": " "}}, {"type": "Feature", "geometry": {"type": "LineString", "coordinates": [[-95.3465569209842, 29.7355245994784], [-95.3468158789313, 29.7356525518705], [-95.3468182784018, 29.7356537129631], [-95.3468206998305, 29.7356548385463], [-95.3468231445898, 29.7356559264007], [-95.346825610056, 29.7356569775832], [-95.3468280963098, 29.7356579898391], [-95.3468306019789, 29.7356589653879], [-95.3468331271439, 29.735659901975], [-95.3468356704728, 29.7356608006924], [-95.3468382307144, 29.7356616603776], [-95.3468408091602, 29.7356624810659], [-95.3468434019354, 29.7356632626515], [-95.3468460103718, 29.7356640040425], [-95.3468486344292, 29.735664706366], [-95.3468512702729, 29.7356653683892], [-95.346853920446, 29.7356659913098], [-95.3468565824456, 29.7356665728027], [-95.3468592549399, 29.7356671139601], [-95.3468619379289, 29.7356676147818], [-95.3468646301612, 29.7356680741054], [-95.3468673315964, 29.7356684930583], [-95.3468700409833, 29.7356688704778], [-95.3468727582816, 29.7356692074914], [-95.3468754809481, 29.7356695029011], [-95.346878208983, 29.7356697567071], [-95.3468809423862, 29.7356699689093], [-95.3468836785744, 29.7356701394373], [-95.3468864188393, 29.7356702683263], [-95.3468891605975, 29.7356703555059], [-95.3468919038086, 29.7356704021033], [-95.3468946472617, 29.7356704058288], [-95.3468973908762, 29.7356703689369], [-95.3469001334409, 29.7356702891379], [-95.3469028735837, 29.7356701686511], [-95.3469056113447, 29.7356700063491], [-95.3469083441407, 29.7356698021615], [-95.346911073223, 29.735669557251], [-95.3469137973403, 29.7356692704549], [-95.3469165152009, 29.735668941738], [-95.3469192267645, 29.7356685722276], [-95.3469219294476, 29.7356681618532], [-95.346924624542, 29.7356677106502], [-95.3469273094643, 29.7356672185481], [-95.3469299842147, 29.7356666855466], [-95.3469326475013, 29.7356661116109], [-95.3469353005754, 29.7356654979033], [-95.3469379396025, 29.7356648431909], [-95.3469405657934, 29.7356641497634], [-95.3469431766457, 29.7356634152958], [-95.3469457733701, 29.735662642078], [-95.3469483547155, 29.7356618289475], [-95.3469509193498, 29.7356609769962], [-95.3469534659812, 29.735660086189], [-95.3469559945695, 29.7356591576532], [-95.3469585038634, 29.7356581902261], [-95.346960995114, 29.7356571850704], [-95.346963464487, 29.7356561409532], [-95.3469659131527, 29.7356550612915], [-95.3469683399003, 29.7356539437954], [-95.3469707433976, 29.7356527895571], [-95.3469731236449, 29.7356515985765], [-95.3469754806016, 29.7356503719809], [-95.3469778116844, 29.7356491097], [-95.3469801181446, 29.735647812896], [-95.346982398731, 29.7356464804068], [-95.3469846507795, 29.7356451144161], [-95.3469868769137, 29.7356437138675], [-95.3469890745504, 29.7356422786902], [-95.3469912422768, 29.7356408122309], [-95.3469933814653, 29.7356393122704], [-95.3469954894922, 29.7356377798654], [-95.3469975663574, 29.735636215016], [-95.346999613272, 29.735634620012], [-95.3470016264013, 29.7356329936202], [-95.3470036082883, 29.7356313370386], [-95.3470055563497, 29.7356296501967], [-95.3470074705046, 29.7356279353491], [-95.3470093495423, 29.7356261902058], [-95.3470111933819, 29.7356244170216], [-95.3470130019832, 29.7356226169237], [-95.3470147753864, 29.7356207887848], [-95.3470165109275, 29.7356189347891], [-95.3470910607412, 29.7355378635244], [-95.347162396113, 29.7354470806065], [-95.3472255760679, 29.7353572239668], [-95.3473421044776, 29.7351728824645], [-95.3473575975274, 29.735143085732], [-95.3473588759978, 29.735139877624], [-95.3473600904905, 29.7351366508459], [-95.3473612422972, 29.7351334054329], [-95.3473623287539, 29.735130143569], [-95.347363351112, 29.7351268664168], [-95.3473643093714, 29.7351235739762], [-95.3473652021598, 29.7351202684667], [-95.3473660308092, 29.7351169487962], [-95.3473667926152, 29.735113618276], [-95.3473674889099, 29.7351102758141], [-95.3473681195721, 29.7351069247923], [-95.3473686846827, 29.7351035629562], [-95.3473691827885, 29.7351001947795], [-95.3473696152215, 29.7350968191702], [-95.3473699806497, 29.7350934372205], [-95.3473702790329, 29.7350900500575], [-95.3473705115819, 29.7350866599711], [-95.3473706757539, 29.7350832657635], [-95.3473707740513, 29.7350798697597], [-95.3473708064339, 29.7350764730871], [-95.347370770278, 29.7350730768024], [-95.3473706681669, 29.7350696809761], [-95.3473705000199, 29.7350662878628], [-95.3473702632538, 29.735062897392], [-95.3473699604114, 29.7350595107614], [-95.3473695914525, 29.7350561290983], [-95.3473691563366, 29.7350527535301], [-95.3473686537318, 29.7350493851487], [-95.3473680848894, 29.7350460251167], [-95.3473674511011, 29.7350426734693], [-95.3473667497028, 29.7350393323905], [-95.3473659845695, 29.7350360019861], [-95.3473651530372, 29.7350326844402], [-95.3473642551462, 29.7350293786254], [-95.3473632933992, 29.7350260868669], [-95.3473622677559, 29.7350228102919], [-95.3473611768841, 29.7350195499924], [-95.3473600220756, 29.7350163060036], [-95.3473588032497, 29.7350130805801], [-95.3473575217384, 29.7350098726299], [-95.3473561761289, 29.7350066854996], [-95.347354769045, 29.7350035181323], [-95.3473532991143, 29.7350003727474], [-95.3473517688797, 29.7349972505425], [-95.3473501757983, 29.73499415032], [-95.3473485223324, 29.7349910755322], [-95.3473468084819, 29.734988026179], [-95.3473450355384, 29.7349850022956], [-95.3472740908242, 29.7348665726477]]}, "properties": {"centerlineid": 10139001, "roadclass": "RAMP", "fullname": "NB 45 S SCOTT UTURN RAMP", "fromleft": 0, "toleft": 0, "fromright": 0, "toright": 0, "onewaydir": "TF"}}, {"type": "Feature", "geometry": {"type": "LineString", "coordinates": [[-95.3428644238219, 29.7378038094822], [-95.342078601329, 29.7375653939746], [-95.3420252057286, 29.7375501200734], [-95.34199462507, 29.7375749625049]]}, "properties": {"centerlineid": 10139095, "roadclass": "LOCAL", "fullname": "PEASE ST", "fromleft": 3901, "toleft": 3999, "fromright": 3900, "toright": 3998, "onewaydir": " "}}, {"type": "Feature", "geometry": {"type": "LineString", "coordinates": [[-95.3399041022962, 29.7485689962748], [-95.3391716956029, 29.7481322766056]]}, "properties": {"centerlineid": 10141262, "roadclass": "LOCAL", "fullname": "PRESTON ST", "fromleft": 3501, "toleft": 3599, "fromright": 3500, "toright": 3598, "onewaydir": " "}}, {"type": "Feature", "geometry": {"type": "LineString", "coordinates": [[-95.3322518882648, 29.7510140564649], [-95.3321985248852, 29.7509606810907], [-95.3315575603751, 29.7507566882561]]}, "properties": {"centerlineid": 10141341, "roadclass": "LOCAL", "fullname": "LOVEJOY ST", "fromleft": 4101, "toleft": 4199, "fromright": 4100, "toright": 4198, "onewaydir": " "}}, {"type": "Feature", "geometry": {"type": "LineString", "coordinates": [[-95.3413689587035, 29.7360185903963], [-95.3405818073761, 29.7357731039201], [-95.3405069605215, 29.7357496143927]]}, "properties": {"centerlineid": 10139163, "roadclass": "LOCAL", "fullname": "COYLE ST", "fromleft": 4033, "toleft": 4099, "fromright": 4032, "toright": 4098, "onewaydir": " "}}, {"type": "Feature", "geometry": {"type": "LineString", "coordinates": [[-95.3301307964868, 29.751418645032], [-95.3295663439583, 29.7512335772024], [-95.3295282038853, 29.7512164845092], [-95.3295051540271, 29.751185894521]]}, "properties": {"centerlineid": 10141512, "roadclass": "LOCAL", "fullname": "ENGELKE ST", "fromleft": 4219, "toleft": 4299, "fromright": 4218, "toright": 4298, "onewaydir": " "}}, {"type": "Feature", "geometry": {"type": "LineString", "coordinates": [[-95.3313515429477, 29.7471269550357], [-95.3318704156655, 29.7458585153916]]}, "properties": {"centerlineid": 10141513, "roadclass": "LOCAL", "fullname": "JENKINS ST", "fromleft": 101, "toleft": 199, "fromright": 100, "toright": 198, "onewaydir": " "}}, {"type": "Feature", "geometry": {"type": "LineString", "coordinates": [[-95.3248285333388, 29.7473710760365], [-95.325217582232, 29.7463659750661]]}, "properties": {"centerlineid": 10141519, "roadclass": "LOCAL", "fullname": "STILES ST", "fromleft": 1, "toleft": 99, "fromright": 2, "toright": 98, "onewaydir": " "}}, {"type": "Feature", "geometry": {"type": "LineString", "coordinates": [[-95.3442909758753, 29.7388091613043], [-95.3434364302781, 29.7385515276417]]}, "properties": {"centerlineid": 10139321, "roadclass": "MAJOR", "fullname": "LEELAND ST", "fromleft": 3701, "toleft": 3799, "fromright": 3700, "toright": 3798, "onewaydir": " "}}, {"type": "Feature", "geometry": {"type": "LineString", "coordinates": [[-95.3296808631981, 29.7437148570643], [-95.32961217758, 29.743705252664], [-95.3285972542938, 29.7435030932412]]}, "properties": {"centerlineid": 10141567, "roadclass": "MAJOR", "fullname": "HARRISBURG BLVD", "fromleft": 4601, "toleft": 4699, "fromright": 4600, "toright": 4698, "onewaydir": " "}}, {"type": "Feature", "geometry": {"type": "LineString", "coordinates": [[-95.3364404702434, 29.7545046568401], [-95.3362562821297, 29.7546368324539], [-95.3361015025947, 29.7547395974202], [-95.3359784429494, 29.7548126584748], [-95.3358286555674, 29.7548983642923], [-95.3356949324807, 29.7549634920997], [-95.3355590919555, 29.7550266492654], [-95.3353345135808, 29.7551217733796]]}, "properties": {"centerlineid": 10141574, "roadclass": "MAJOR", "fullname": "N SAMPSON ST", "fromleft": 301, "toleft": 399, "fromright": 300, "toright": 398, "onewaydir": "FT"}}, {"type": "Feature", "geometry": {"type": "LineString", "coordinates": [[-95.3396446808382, 29.7461923692922], [-95.3389809261236, 29.7457994371226]]}, "properties": {"centerlineid": 10141611, "roadclass": "LOCAL", "fullname": "TEXAS ST", "fromleft": 3701, "toleft": 3799, "fromright": 3700, "toright": 3798, "onewaydir": " "}}, {"type": "Feature", "geometry": {"type": "LineString", "coordinates": [[-95.335298318573, 29.7438420602806], [-95.3357767045849, 29.743268564925]]}, "properties": {"centerlineid": 10141671, "roadclass": "LOCAL", "fullname": "OAKHURST ST", "fromleft": 701, "toleft": 799, "fromright": 700, "toright": 798, "onewaydir": " "}}, {"type": "Feature", "geometry": {"type": "LineString", "coordinates": [[-95.3419946299032, 29.7475465452426], [-95.3421395244935, 29.7473635457896], [-95.3426125079103, 29.7467721415697]]}, "properties": {"centerlineid": 10141687, "roadclass": "MAJOR", "fullname": "SAMPSON ST", "fromleft": 601, "toleft": 699, "fromright": 600, "toright": 698, "onewaydir": "FT"}}, {"type": "Feature", "geometry": {"type": "LineString", "coordinates": [[-95.3378288770136, 29.7439113175237], [-95.3383249438986, 29.7433141866523]]}, "properties": {"centerlineid": 10141715, "roadclass": "LOCAL", "fullname": "ST AUGUSTINE ST", "fromleft": 801, "toleft": 899, "fromright": 800, "toright": 898, "onewaydir": " "}}, {"type": "Feature", "geometry": {"type": "LineString", "coordinates": [[-95.3397439578298, 29.7473596621037], [-95.3397363910005, 29.7473254516571], [-95.3397286479533, 29.7473005861492], [-95.3397439190369, 29.7472567629755], [-95.340278079345, 29.7465756775716]]}, "properties": {"centerlineid": 10141721, "roadclass": "LOCAL", "fullname": "HUTCHESON ST", "fromleft": 501, "toleft": 599, "fromright": 500, "toright": 598, "onewaydir": " "}}, {"type": "Feature", "geometry": {"type": "LineString", "coordinates": [[-95.3388741502744, 29.7442412305447], [-95.3391410878947, 29.7439149440129], [-95.339248097687, 29.7437835241644], [-95.3393624114243, 29.7436327184982]]}, "properties": {"centerlineid": 10141732, "roadclass": "LOCAL", "fullname": "ST JOSEPH ST", "fromleft": 801, "toleft": 899, "fromright": 800, "toright": 898, "onewaydir": " "}}, {"type": "Feature", "geometry": {"type": "LineString", "coordinates": [[-95.3136056740067, 29.7416015242322], [-95.3137658352705, 29.7412008485152]]}, "properties": {"centerlineid": 10141821, "roadclass": "LOCAL", "fullname": "CAYLOR ST", "fromleft": 201, "toleft": 207, "fromright": 200, "toright": 206, "onewaydir": " "}}, {"type": "Feature", "geometry": {"type": "LineString", "coordinates": [[-95.3077309369128, 29.7388757758171], [-95.3076547111499, 29.7388433911162], [-95.3057555135969, 29.7382354631914]]}, "properties": {"centerlineid": 10141847, "roadclass": "LOCAL", "fullname": "AVENUE C", "fromleft": 6701, "toleft": 6799, "fromright": 6700, "toright": 6798, "onewaydir": " "}}, {"type": "Feature", "geometry": {"type": "LineString", "coordinates": [[-95.3173059493242, 29.7439188271625], [-95.3163446840145, 29.7436174298483]]}, "properties": {"centerlineid": 10141916, "roadclass": "LOCAL", "fullname": "BRADY ST", "fromleft": 5701, "toleft": 5799, "fromright": 5700, "toright": 5798, "onewaydir": " "}}, {"type": "Feature", "geometry": {"type": "LineString", "coordinates": [[-95.3073418888437, 29.7465987187744], [-95.3048698995376, 29.7457670526788]]}, "properties": {"centerlineid": 10141960, "roadclass": "MAJOR", "fullname": "NAVIGATION BLVD", "fromleft": 6601, "toleft": 6699, "fromright": 6600, "toright": 6698, "onewaydir": " "}}, {"type": "Feature", "geometry": {"type": "LineString", "coordinates": [[-95.3176490975932, 29.7404017886557], [-95.3171457956492, 29.7402452811296]]}, "properties": {"centerlineid": 10141981, "roadclass": "MAJOR", "fullname": "HARRISBURG BLVD", "fromleft": 5813, "toleft": 5899, "fromright": 5812, "toright": 5898, "onewaydir": " "}}, {"type": "Feature", "geometry": {"type": "LineString", "coordinates": [[-95.323241621857, 29.7430928780186], [-95.3235925344192, 29.7422422447444]]}, "properties": {"centerlineid": 10141994, "roadclass": "LOCAL", "fullname": "EDGEWOOD ST", "fromleft": 301, "toleft": 399, "fromright": 300, "toright": 398, "onewaydir": " "}}, {"type": "Feature", "geometry": {"type": "LineString", "coordinates": [[-95.3495781423693, 29.7555574636313], [-95.3489654163657, 29.7551676595377], [-95.3489477733281, 29.7551556803952], [-95.3489310231799, 29.7551427621568], [-95.3489152314652, 29.7551289553723], [-95.3489004599773, 29.7551143140684], [-95.3488867665176, 29.7550988955373], [-95.3488742046686, 29.7550827601126], [-95.3488628235851, 29.7550659709331], [-95.3488526678013, 29.7550485936956], [-95.3488153554822, 29.7549794885606]]}, "properties": {"centerlineid": 10139705, "roadclass": "LOCAL", "fullname": "CONGRESS ST", "fromleft": 2301, "toleft": 2399, "fromright": 2300, "toright": 2398, "onewaydir": "TF"}}, {"type": "Feature", "geometry": {"type": "LineString", "coordinates": [[-95.3462212914969, 29.7557958716817], [-95.3453820851491, 29.7552905001817]]}, "properties": {"centerlineid": 10139770, "roadclass": "LOCAL", "fullname": "COMMERCE ST", "fromleft": 2501, "toleft": 2599, "fromright": 2500, "toright": 2598, "onewaydir": " "}}, {"type": "Feature", "geometry": {"type": "LineString", "coordinates": [[-95.3500283284931, 29.7501883030981], [-95.3491738629691, 29.7496676525714]]}, "properties": {"centerlineid": 10139775, "roadclass": "LOCAL", "fullname": "RUSK ST", "fromleft": 2601, "toleft": 2699, "fromright": 2600, "toright": 2698, "onewaydir": " "}}, {"type": "Feature", "geometry": {"type": "LineString", "coordinates": [[-95.3180459146005, 29.7405238743388], [-95.3186562816534, 29.7397341575689]]}, "properties": {"centerlineid": 10142059, "roadclass": "LOCAL", "fullname": "NORWOOD ST", "fromleft": 401, "toleft": 499, "fromright": 400, "toright": 498, "onewaydir": " "}}, {"type": "Feature", "geometry": {"type": "LineString", "coordinates": [[-95.3225473113938, 29.7495971331887], [-95.3222572614571, 29.7502417308402], [-95.3221351908922, 29.7505239559096]]}, "properties": {"centerlineid": 10142114, "roadclass": "LOCAL", "fullname": "N BRYAN ST", "fromleft": 401, "toleft": 499, "fromright": 400, "toright": 498, "onewaydir": " "}}, {"type": "Feature", "geometry": {"type": "LineString", "coordinates": [[-95.3073952772522, 29.7644648384213], [-95.3080362048116, 29.7627692754808]]}, "properties": {"centerlineid": 10142136, "roadclass": "LOCAL", "fullname": "KRESS ST", "fromleft": 0, "toleft": 0, "fromright": 1400, "toright": 1498, "onewaydir": " "}}, {"type": "Feature", "geometry": {"type": "LineString", "coordinates": [[-95.3130259028922, 29.7576938256174], [-95.3121560999716, 29.7576995189336], [-95.3098442626808, 29.7577319315065], [-95.3093790013206, 29.7577376306095]]}, "properties": {"centerlineid": 10142153, "roadclass": "LOCAL", "fullname": "ARMOUR DR", "fromleft": 5601, "toleft": 5799, "fromright": 5600, "toright": 5798, "onewaydir": " "}}, {"type": "Feature", "geometry": {"type": "LineString", "coordinates": [[-95.3249035041473, 29.7417045472124], [-95.3239893536205, 29.7414030098474]]}, "properties": {"centerlineid": 10141923, "roadclass": "LOCAL", "fullname": "TEXAS ST", "fromleft": 5101, "toleft": 5199, "fromright": 5100, "toright": 5198, "onewaydir": " "}}, {"type": "Feature", "geometry": {"type": "LineString", "coordinates": [[-95.3178551479352, 29.7679782372411], [-95.317855162799, 29.7695745064799], [-95.3178551640153, 29.7698225411884]]}, "properties": {"centerlineid": 10142267, "roadclass": "LOCAL", "fullname": "CARROLL OLIVER WAY", "fromleft": 1101, "toleft": 1169, "fromright": 1100, "toright": 1168, "onewaydir": " "}}, {"type": "Feature", "geometry": {"type": "LineString", "coordinates": [[-95.3154901329159, 29.7636313267863], [-95.3154214570238, 29.7676462364117], [-95.3154215000343, 29.7698207278974]]}, "properties": {"centerlineid": 10142278, "roadclass": "MAJOR", "fullname": "LOCKWOOD DR", "fromleft": 1001, "toleft": 1199, "fromright": 1000, "toright": 1198, "onewaydir": " "}}, {"type": "Feature", "geometry": {"type": "LineString", "coordinates": [[-95.3232491240731, 29.7680277250617], [-95.3232491670641, 29.7680487061752], [-95.3232644115815, 29.7687277749706]]}, "properties": {"centerlineid": 10142321, "roadclass": "LOCAL", "fullname": "SCHWEIKHARDT ST", "fromleft": 601, "toleft": 699, "fromright": 600, "toright": 698, "onewaydir": " "}}, {"type": "Feature", "geometry": {"type": "LineString", "coordinates": [[-95.3471978869448, 29.7473845606328], [-95.3472740994719, 29.7472852752281], [-95.3473274465338, 29.7472186738362], [-95.3478004547627, 29.7466272527984]]}, "properties": {"centerlineid": 10140078, "roadclass": "LOCAL", "fullname": "ENNIS ST", "fromleft": 901, "toleft": 999, "fromright": 900, "toright": 998, "onewaydir": " "}}, {"type": "Feature", "geometry": {"type": "LineString", "coordinates": [[-95.3012079383805, 29.768018170366], [-95.2986444429728, 29.768058334227]]}, "properties": {"centerlineid": 10142365, "roadclass": "LOCAL", "fullname": "CORSICANA ST", "fromleft": 6901, "toleft": 7099, "fromright": 6900, "toright": 7098, "onewaydir": " "}}, {"type": "Feature", "geometry": {"type": "LineString", "coordinates": [[-95.3012460525291, 29.7607474259693], [-95.3004755343184, 29.7604535564119]]}, "properties": {"centerlineid": 10142478, "roadclass": "LOCAL", "fullname": "OLD CLINTON RD", "fromleft": 7001, "toleft": 7029, "fromright": 7000, "toright": 7028, "onewaydir": " "}}, {"type": "Feature", "geometry": {"type": "LineString", "coordinates": [[-95.3042061241569, 29.7592271481062], [-95.3041833046965, 29.7588533939174], [-95.3041224187027, 29.7577910025286]]}, "properties": {"centerlineid": 10142542, "roadclass": "LOCAL", "fullname": "GAZIN ST", "fromleft": 1701, "toleft": 1749, "fromright": 1700, "toright": 1748, "onewaydir": " "}}, {"type": "Feature", "geometry": {"type": "LineString", "coordinates": [[-95.3041224187027, 29.7577910025286], [-95.3040840665942, 29.7571749701982], [-95.3038857690743, 29.7569461190598]]}, "properties": {"centerlineid": 10142543, "roadclass": "LOCAL", "fullname": "GAZIN ST", "fromleft": 1751, "toleft": 1775, "fromright": 1750, "toright": 1774, "onewaydir": " "}}, {"type": "Feature", "geometry": {"type": "LineString", "coordinates": [[-95.3443215404423, 29.7669692325096], [-95.3441079450147, 29.7669767562618], [-95.3437110897665, 29.7669833010759]]}, "properties": {"centerlineid": 10140370, "roadclass": "LOCAL", "fullname": "GRAYSON ST", "fromleft": 2601, "toleft": 2611, "fromright": 2600, "toright": 2610, "onewaydir": " "}}, {"type": "Feature", "geometry": {"type": "LineString", "coordinates": [[-95.3474420201319, 29.7584718814869], [-95.3469155984473, 29.7587772021954], [-95.3467171082367, 29.7589067858175], [-95.3465035307087, 29.7590423297074], [-95.3463358130594, 29.7591299548669], [-95.3461678822927, 29.7591833368876], [-95.3459846723719, 29.7592271385126], [-95.3457635724948, 29.759261579169]]}, "properties": {"centerlineid": 10140423, "roadclass": "MAJOR", "fullname": "NAVIGATION BLVD", "fromleft": 2301, "toleft": 2399, "fromright": 2300, "toright": 2398, "onewaydir": " "}}, {"type": "Feature", "geometry": {"type": "LineString", "coordinates": [[-95.3451760275638, 29.7571254537128], [-95.344359620814, 29.7565817172017]]}, "properties": {"centerlineid": 10140445, "roadclass": "MAJOR", "fullname": "CANAL ST", "fromleft": 2501, "toleft": 2599, "fromright": 2500, "toright": 2598, "onewaydir": " "}}, {"type": "Feature", "geometry": {"type": "LineString", "coordinates": [[-95.3493793827281, 29.7614681961049], [-95.3484987515151, 29.7609264123661]]}, "properties": {"centerlineid": 10140506, "roadclass": "LOCAL", "fullname": "RUNNELS ST", "fromleft": 1919, "toleft": 2099, "fromright": 1918, "toright": 2098, "onewaydir": " "}}, {"type": "Feature", "geometry": {"type": "LineString", "coordinates": [[-95.3536371257757, 29.7357897483396], [-95.3527597937595, 29.7355150398031]]}, "properties": {"centerlineid": 10138495, "roadclass": "LOCAL", "fullname": "MCILHENNY ST", "fromleft": 3201, "toleft": 3299, "fromright": 3200, "toright": 3298, "onewaydir": " "}}, {"type": "Feature", "geometry": {"type": "LineString", "coordinates": [[-95.3293755633354, 29.754697256786], [-95.3292306905833, 29.7548994102468], [-95.3288719705804, 29.7553552760192], [-95.3285591593445, 29.7557634598403]]}, "properties": {"centerlineid": 10140720, "roadclass": "LOCAL", "fullname": "N DRENNAN ST", "fromleft": 609, "toleft": 719, "fromright": 608, "toright": 718, "onewaydir": " "}}, {"type": "Feature", "geometry": {"type": "LineString", "coordinates": [[-95.3409879523444, 29.7672795596231], [-95.3408544657044, 29.7673012195645]]}, "properties": {"centerlineid": 10140788, "roadclass": "LOCAL", "fullname": "GILLESPIE ST", "fromleft": 2801, "toleft": 2899, "fromright": 2800, "toright": 2898, "onewaydir": " "}}, {"type": "Feature", "geometry": {"type": "LineString", "coordinates": [[-95.3408272974804, 29.75962391196], [-95.3405907058889, 29.7599385627411]]}, "properties": {"centerlineid": 10140805, "roadclass": "LOCAL", "fullname": "N NAGLE ST", "fromleft": 601, "toleft": 649, "fromright": 600, "toright": 648, "onewaydir": " "}}, {"type": "Feature", "geometry": {"type": "LineString", "coordinates": [[-95.3279718461933, 29.7564824455028], [-95.3279335462366, 29.7564845124574], [-95.3278878707208, 29.7564767487967], [-95.3269188221221, 29.7561830794681], [-95.3264680762671, 29.7560352319087]]}, "properties": {"centerlineid": 10140903, "roadclass": "LOCAL", "fullname": "N DRENNAN ST", "fromleft": 769, "toleft": 799, "fromright": 768, "toright": 798, "onewaydir": " "}}, {"type": "Feature", "geometry": {"type": "LineString", "coordinates": [[-95.3416055982474, 29.7600663356257], [-95.3410025220808, 29.7608150018386]]}, "properties": {"centerlineid": 10140939, "roadclass": "LOCAL", "fullname": "N LIVE OAK ST", "fromleft": 601, "toleft": 699, "fromright": 600, "toright": 698, "onewaydir": " "}}, {"type": "Feature", "geometry": {"type": "LineString", "coordinates": [[-95.3529656212827, 29.7384429552052], [-95.3521722600873, 29.7379316122916]]}, "properties": {"centerlineid": 10138754, "roadclass": "FRONTAGE", "fullname": "GULF FWY", "fromleft": 0, "toleft": 0, "fromright": 3150, "toright": 3198, "onewaydir": "TF"}}, {"type": "Feature", "geometry": {"type": "LineString", "coordinates": [[-95.3365472327395, 29.7673657943183], [-95.3356774852082, 29.7673678763472]]}, "properties": {"centerlineid": 10140979, "roadclass": "LOCAL", "fullname": "GILLESPIE ST", "fromleft": 3301, "toleft": 3399, "fromright": 3300, "toright": 3398, "onewaydir": " "}}, {"type": "Feature", "geometry": {"type": "LineString", "coordinates": [[-95.3458322419938, 29.7392764322361], [-95.3460764061392, 29.738709897388]]}, "properties": {"centerlineid": 10139012, "roadclass": "MAJOR", "fullname": "SCOTT ST", "fromleft": 1601, "toleft": 1699, "fromright": 1600, "toright": 1698, "onewaydir": " "}}, {"type": "Feature", "geometry": {"type": "LineString", "coordinates": [[-95.329355008762, 29.7524194598042], [-95.3288491784331, 29.7530568857409]]}, "properties": {"centerlineid": 10141255, "roadclass": "LOCAL", "fullname": "N SIDNEY ST", "fromleft": 401, "toleft": 499, "fromright": 400, "toright": 498, "onewaydir": " "}}, {"type": "Feature", "geometry": {"type": "LineString", "coordinates": [[-95.3413917929185, 29.7528928702533], [-95.3406977077768, 29.7524390196911]]}, "properties": {"centerlineid": 10141260, "roadclass": "LOCAL", "fullname": "COMMERCE ST", "fromleft": 3101, "toleft": 3199, "fromright": 3100, "toright": 3198, "onewaydir": " "}}, {"type": "Feature", "geometry": {"type": "LineString", "coordinates": [[-95.3272469325343, 29.7495188536915], [-95.3260796078268, 29.7510218570438]]}, "properties": {"centerlineid": 10141359, "roadclass": "LOCAL", "fullname": "N HAGERMAN ST", "fromleft": 201, "toleft": 399, "fromright": 200, "toright": 398, "onewaydir": " "}}, {"type": "Feature", "geometry": {"type": "LineString", "coordinates": [[-95.3344567480616, 29.7458872959311], [-95.3336937205913, 29.7456392695874]]}, "properties": {"centerlineid": 10141381, "roadclass": "LOCAL", "fullname": "WILMER ST", "fromleft": 4101, "toleft": 4199, "fromright": 4100, "toright": 4198, "onewaydir": " "}}, {"type": "Feature", "geometry": {"type": "LineString", "coordinates": [[-95.327468261173, 29.7349562187193], [-95.3264992475917, 29.7346776592027]]}, "properties": {"centerlineid": 10139145, "roadclass": "LOCAL", "fullname": "BELL ST", "fromleft": 4901, "toleft": 4999, "fromright": 4900, "toright": 4998, "onewaydir": " "}}, {"type": "Feature", "geometry": {"type": "LineString", "coordinates": [[-95.3343496352345, 29.7541074997847], [-95.3339303571978, 29.7546171409259]]}, "properties": {"centerlineid": 10141409, "roadclass": "LOCAL", "fullname": "N HUTCHESON ST", "fromleft": 323, "toleft": 399, "fromright": 322, "toright": 398, "onewaydir": " "}}, {"type": "Feature", "geometry": {"type": "LineString", "coordinates": [[-95.3316721292703, 29.7377810032676], [-95.3317636105798, 29.7377257789578], [-95.3318551177115, 29.7375749596425], [-95.3319543525711, 29.7374300738993], [-95.3320534231532, 29.7373194221749], [-95.3322213550885, 29.7371688355455]]}, "properties": {"centerlineid": 10139298, "roadclass": "MAJOR", "fullname": "ERNESTINE ST", "fromleft": 1301, "toleft": 1399, "fromright": 1300, "toright": 1398, "onewaydir": "FT"}}, {"type": "Feature", "geometry": {"type": "LineString", "coordinates": [[-95.3378060834878, 29.736859649589], [-95.3379509671538, 29.7365030003284], [-95.3381111520024, 29.7360987158231]]}, "properties": {"centerlineid": 10139366, "roadclass": "LOCAL", "fullname": "SIDNEY ST", "fromleft": 1601, "toleft": 1699, "fromright": 1600, "toright": 1698, "onewaydir": " "}}, {"type": "Feature", "geometry": {"type": "LineString", "coordinates": [[-95.3318245349969, 29.735242344226], [-95.3318245667904, 29.7351392140198], [-95.3318628950238, 29.7349448395249], [-95.3319313080137, 29.7347216573784], [-95.3322519098589, 29.7338632868675]]}, "properties": {"centerlineid": 10139369, "roadclass": "MAJOR", "fullname": "S LOCKWOOD DR", "fromleft": 1601, "toleft": 1699, "fromright": 1600, "toright": 1698, "onewaydir": "TF"}}, {"type": "Feature", "geometry": {"type": "LineString", "coordinates": [[-95.3282235130178, 29.7374262079709], [-95.3283609144551, 29.737262135492], [-95.3284752210033, 29.737132550938]]}, "properties": {"centerlineid": 10139412, "roadclass": "LOCAL", "fullname": "DUMBLE ST", "fromleft": 1111, "toleft": 1115, "fromright": 1110, "toright": 1114, "onewaydir": " "}}, {"type": "Feature", "geometry": {"type": "LineString", "coordinates": [[-95.3307717519319, 29.7529272929259], [-95.3303064685247, 29.753544158293]]}, "properties": {"centerlineid": 10141579, "roadclass": "LOCAL", "fullname": "N DRENNAN ST", "fromleft": 401, "toleft": 499, "fromright": 400, "toright": 498, "onewaydir": " "}}, {"type": "Feature", "geometry": {"type": "LineString", "coordinates": [[-95.3306802404823, 29.7401651613476], [-95.3291085928286, 29.7396636670889]]}, "properties": {"centerlineid": 10141647, "roadclass": "LOCAL", "fullname": "MCKINNEY ST", "fromleft": 4601, "toleft": 4699, "fromright": 4600, "toright": 4698, "onewaydir": " "}}, {"type": "Feature", "geometry": {"type": "LineString", "coordinates": [[-95.3325338363532, 29.7506865652989], [-95.3330833429571, 29.7499288929266]]}, "properties": {"centerlineid": 10141656, "roadclass": "LOCAL", "fullname": "N DRENNAN ST", "fromleft": 101, "toleft": 121, "fromright": 100, "toright": 120, "onewaydir": " "}}, {"type": "Feature", "geometry": {"type": "LineString", "coordinates": [[-95.319167361988, 29.7445006632159], [-95.3183740489893, 29.7442526448291], [-95.318259468764, 29.7442163767695]]}, "properties": {"centerlineid": 10141805, "roadclass": "LOCAL", "fullname": "BRADY ST", "fromleft": 5501, "toleft": 5599, "fromright": 5500, "toright": 5598, "onewaydir": " "}}, {"type": "Feature", "geometry": {"type": "LineString", "coordinates": [[-95.3072122900335, 29.7472528714574], [-95.3045953995251, 29.7464328372935]]}, "properties": {"centerlineid": 10141809, "roadclass": "LOCAL", "fullname": "AVENUE N", "fromleft": 6501, "toleft": 6699, "fromright": 6500, "toright": 6698, "onewaydir": " "}}, {"type": "Feature", "geometry": {"type": "LineString", "coordinates": [[-95.3098848036365, 29.7390144989021], [-95.3079286857388, 29.7384110012821]]}, "properties": {"centerlineid": 10141858, "roadclass": "LOCAL", "fullname": "AVENUE B", "fromleft": 6601, "toleft": 6699, "fromright": 6600, "toright": 6698, "onewaydir": " "}}, {"type": "Feature", "geometry": {"type": "LineString", "coordinates": [[-95.3242334609117, 29.7434056711609], [-95.3245691398606, 29.7425589427341]]}, "properties": {"centerlineid": 10141993, "roadclass": "LOCAL", "fullname": "ADAMS ST", "fromleft": 301, "toleft": 399, "fromright": 300, "toright": 398, "onewaydir": " "}}, {"type": "Feature", "geometry": {"type": "LineString", "coordinates": [[-95.3548881668853, 29.7408670483761], [-95.3532709188027, 29.7397932643301]]}, "properties": {"centerlineid": 10139700, "roadclass": "FRONTAGE", "fullname": "GULF FWY", "fromleft": 2901, "toleft": 3099, "fromright": 0, "toright": 0, "onewaydir": "FT"}}, {"type": "Feature", "geometry": {"type": "LineString", "coordinates": [[-95.3524086520352, 29.7472013191348], [-95.3515390605554, 29.7466940880597]]}, "properties": {"centerlineid": 10139721, "roadclass": "LOCAL", "fullname": "DALLAS ST", "fromleft": 2601, "toleft": 2699, "fromright": 2600, "toright": 2698, "onewaydir": " "}}, {"type": "Feature", "geometry": {"type": "LineString", "coordinates": [[-95.3093865542606, 29.740197587032], [-95.3091043183192, 29.7409090355271]]}, "properties": {"centerlineid": 10142052, "roadclass": "LOCAL", "fullname": "N 66TH ST", "fromleft": 401, "toleft": 499, "fromright": 400, "toright": 498, "onewaydir": " "}}, {"type": "Feature", "geometry": {"type": "LineString", "coordinates": [[-95.3085167479528, 29.7422803552334], [-95.3082345249327, 29.7429689624182]]}, "properties": {"centerlineid": 10142095, "roadclass": "LOCAL", "fullname": "N 66TH ST", "fromleft": 701, "toleft": 799, "fromright": 700, "toright": 798, "onewaydir": " "}}, {"type": "Feature", "geometry": {"type": "LineString", "coordinates": [[-95.3242011028536, 29.765477452849], [-95.3232185522993, 29.7654870472529]]}, "properties": {"centerlineid": 10142134, "roadclass": "MAJOR", "fullname": "CLINTON DR", "fromleft": 4601, "toleft": 4699, "fromright": 4600, "toright": 4698, "onewaydir": " "}}, {"type": "Feature", "geometry": {"type": "LineString", "coordinates": [[-95.3530495740191, 29.743180682874], [-95.352179768992, 29.7426714007297]]}, "properties": {"centerlineid": 10139892, "roadclass": "MAJOR", "fullname": "LEELAND ST", "fromleft": 2801, "toleft": 2899, "fromright": 2800, "toright": 2898, "onewaydir": " "}}, {"type": "Feature", "geometry": {"type": "LineString", "coordinates": [[-95.3494485534388, 29.7509282855101], [-95.3485940726409, 29.7504228889662]]}, "properties": {"centerlineid": 10139920, "roadclass": "LOCAL", "fullname": "CAPITOL ST", "fromleft": 2601, "toleft": 2699, "fromright": 2600, "toright": 2698, "onewaydir": " "}}, {"type": "Feature", "geometry": {"type": "LineString", "coordinates": [[-95.3517373572689, 29.7512201010281], [-95.3523399451717, 29.7504648687002]]}, "properties": {"centerlineid": 10140011, "roadclass": "MAJOR", "fullname": "EMANCIPATION AVE", "fromleft": 801, "toleft": 899, "fromright": 800, "toright": 898, "onewaydir": " "}}, {"type": "Feature", "geometry": {"type": "LineString", "coordinates": [[-95.3512871513735, 29.7454161228971], [-95.3514857017221, 29.7451587041142], [-95.3518822646715, 29.7446722726052]]}, "properties": {"centerlineid": 10140055, "roadclass": "LOCAL", "fullname": "DELANO ST", "fromleft": 1301, "toleft": 1399, "fromright": 1300, "toright": 1398, "onewaydir": " "}}, {"type": "Feature", "geometry": {"type": "LineString", "coordinates": [[-95.3501885449306, 29.7547964992308], [-95.3507913346506, 29.7540469549493]]}, "properties": {"centerlineid": 10140174, "roadclass": "LOCAL", "fullname": "BASTROP ST", "fromleft": 401, "toleft": 499, "fromright": 400, "toright": 498, "onewaydir": " "}}, {"type": "Feature", "geometry": {"type": "LineString", "coordinates": [[-95.3520891722216, 29.7704775873592], [-95.3520229809547, 29.7704917485502], [-95.3519319470919, 29.7705147952261], [-95.351823633249, 29.7705437523466], [-95.3516717821248, 29.7705630173332], [-95.3515084767644, 29.7705645685965], [-95.3512796281004, 29.7705720689371]]}, "properties": {"centerlineid": 10140248, "roadclass": "LOCAL", "fullname": "PROVIDENCE ST", "fromleft": 1601, "toleft": 1699, "fromright": 1600, "toright": 1698, "onewaydir": "TF"}}, {"type": "Feature", "geometry": {"type": "LineString", "coordinates": [[-95.3474420201319, 29.7584718814869], [-95.3469918557825, 29.7582124606031], [-95.3461067258794, 29.7576995169361]]}, "properties": {"centerlineid": 10140282, "roadclass": "MAJOR", "fullname": "CANAL ST", "fromleft": 2101, "toleft": 2399, "fromright": 2100, "toright": 2398, "onewaydir": " "}}, {"type": "Feature", "geometry": {"type": "LineString", "coordinates": [[-95.3529961968603, 29.757605966197], [-95.3524573333523, 29.7572904345643], [-95.3524164020108, 29.7572664662505]]}, "properties": {"centerlineid": 10140397, "roadclass": "LOCAL", "fullname": "CONGRESS ST", "fromleft": 1901, "toleft": 1989, "fromright": 1900, "toright": 1988, "onewaydir": "TF"}}, {"type": "Feature", "geometry": {"type": "LineString", "coordinates": [[-95.350722663808, 29.7573332931274], [-95.3505471859371, 29.757336978879], [-95.3504326473378, 29.7573465590301], [-95.3502952963316, 29.7573693786486], [-95.3501351453105, 29.7574095351271], [-95.3499749451504, 29.7574496878219], [-95.3497613885929, 29.7575297427959], [-95.3493951650559, 29.7576746708557]]}, "properties": {"centerlineid": 10140465, "roadclass": "MAJOR", "fullname": "NAVIGATION BLVD", "fromleft": 2001, "toleft": 2099, "fromright": 2000, "toright": 2098, "onewaydir": " "}}, {"type": "Feature", "geometry": {"type": "LineString", "coordinates": [[-95.3452752708713, 29.7603716672386], [-95.3447564248832, 29.7600321231501]]}, "properties": {"centerlineid": 10140498, "roadclass": "LOCAL", "fullname": "ANN ST", "fromleft": 2301, "toleft": 2399, "fromright": 2300, "toright": 2398, "onewaydir": " "}}, {"type": "Feature", "geometry": {"type": "LineString", "coordinates": [[-95.3020393916829, 29.7417502689451], [-95.30175713869, 29.7424311402073]]}, "properties": {"centerlineid": 10142867, "roadclass": "MAJOR", "fullname": "SSGT MACARIO GARCIA DR", "fromleft": 901, "toleft": 999, "fromright": 900, "toright": 998, "onewaydir": "FT"}}, {"type": "Feature", "geometry": {"type": "LineString", "coordinates": [[-95.3497919675292, 29.7394843046066], [-95.3495553561835, 29.7393277886325]]}, "properties": {"centerlineid": 10138472, "roadclass": "LOCAL", "fullname": "JEFFERSON ST", "fromleft": 3301, "toleft": 3303, "fromright": 3300, "toright": 3302, "onewaydir": " "}}, {"type": "Feature", "geometry": {"type": "LineString", "coordinates": [[-95.3411095420744, 29.7573408428613], [-95.3406899496648, 29.757901694478]]}, "properties": {"centerlineid": 10140811, "roadclass": "LOCAL", "fullname": "MIDDLE ST", "fromleft": 401, "toleft": 499, "fromright": 400, "toright": 498, "onewaydir": " "}}, {"type": "Feature", "geometry": {"type": "LineString", "coordinates": [[-95.3323509546174, 29.7575277223466], [-95.3318932276765, 29.7572454794509]]}, "properties": {"centerlineid": 10140852, "roadclass": "LOCAL", "fullname": "BALL ST", "fromleft": 3501, "toleft": 3599, "fromright": 3500, "toright": 3598, "onewaydir": " "}}, {"type": "Feature", "geometry": {"type": "LineString", "coordinates": [[-95.3408654073255, 29.7679533725906], [-95.3394922770691, 29.7679761587382]]}, "properties": {"centerlineid": 10140905, "roadclass": "LOCAL", "fullname": "BAER ST", "fromleft": 2901, "toleft": 2999, "fromright": 2900, "toright": 2998, "onewaydir": " "}}, {"type": "Feature", "geometry": {"type": "LineString", "coordinates": [[-95.3429178339603, 29.7584109528181], [-95.3424981928564, 29.7589316631159]]}, "properties": {"centerlineid": 10140959, "roadclass": "LOCAL", "fullname": "N LIVE OAK ST", "fromleft": 401, "toleft": 413, "fromright": 400, "toright": 412, "onewaydir": " "}}, {"type": "Feature", "geometry": {"type": "LineString", "coordinates": [[-95.3337548538965, 29.7660631664077], [-95.3337854597969, 29.7667173478126]]}, "properties": {"centerlineid": 10141053, "roadclass": "LOCAL", "fullname": "BRINGHURST ST", "fromleft": 401, "toleft": 499, "fromright": 400, "toright": 498, "onewaydir": " "}}, {"type": "Feature", "geometry": {"type": "LineString", "coordinates": [[-95.333800733398, 29.7640776395141], [-95.333739606907, 29.7640872237727], [-95.3337242769112, 29.7641309960638], [-95.3337320509407, 29.7647929279792]]}, "properties": {"centerlineid": 10141062, "roadclass": "LOCAL", "fullname": "BRINGHURST ST", "fromleft": 101, "toleft": 199, "fromright": 100, "toright": 198, "onewaydir": " "}}, {"type": "Feature", "geometry": {"type": "LineString", "coordinates": [[-95.3338082852871, 29.7680448500264], [-95.3338082779624, 29.7683387485962], [-95.3338157992178, 29.7687124937977]]}, "properties": {"centerlineid": 10141076, "roadclass": "LOCAL", "fullname": "BRINGHURST ST", "fromleft": 701, "toleft": 799, "fromright": 700, "toright": 798, "onewaydir": " "}}, {"type": "Feature", "geometry": {"type": "LineString", "coordinates": [[-95.3514607484985, 29.7386806215126], [-95.3507682966163, 29.7382407727943]]}, "properties": {"centerlineid": 10138982, "roadclass": "FRONTAGE", "fullname": "GULF FWY", "fromleft": 3201, "toleft": 3299, "fromright": 0, "toright": 0, "onewaydir": "FT"}}, {"type": "Feature", "geometry": {"type": "LineString", "coordinates": [[-95.342170114763, 29.7533601368602], [-95.3411476474757, 29.7546285362311]]}, "properties": {"centerlineid": 10141242, "roadclass": "LOCAL", "fullname": "N ENNIS ST", "fromleft": 1, "toleft": 99, "fromright": 2, "toright": 98, "onewaydir": " "}}, {"type": "Feature", "geometry": {"type": "LineString", "coordinates": [[-95.3413689728396, 29.7483323628023], [-95.3405069422244, 29.7478251256217]]}, "properties": {"centerlineid": 10141268, "roadclass": "MAJOR", "fullname": "HARRISBURG BLVD", "fromleft": 3401, "toleft": 3499, "fromright": 3400, "toright": 3498, "onewaydir": " "}}, {"type": "Feature", "geometry": {"type": "LineString", "coordinates": [[-95.3341133570855, 29.7420400551786], [-95.3340677119267, 29.7420553663067], [-95.3339990334584, 29.7420514863569], [-95.332282495467, 29.7414926628711]]}, "properties": {"centerlineid": 10141284, "roadclass": "LOCAL", "fullname": "WALKER ST", "fromleft": 4401, "toleft": 4499, "fromright": 4400, "toright": 4498, "onewaydir": " "}}, {"type": "Feature", "geometry": {"type": "LineString", "coordinates": [[-95.3409418683304, 29.7405751983713], [-95.338851325537, 29.7399306045597]]}, "properties": {"centerlineid": 10141289, "roadclass": "MAJOR", "fullname": "POLK ST", "fromleft": 3901, "toleft": 4099, "fromright": 3900, "toright": 4098, "onewaydir": " "}}, {"type": "Feature", "geometry": {"type": "LineString", "coordinates": [[-95.3270792667017, 29.7520422424409], [-95.3258736094812, 29.7536006211146]]}, "properties": {"centerlineid": 10141368, "roadclass": "LOCAL", "fullname": "N EASTWOOD ST", "fromleft": 501, "toleft": 599, "fromright": 500, "toright": 598, "onewaydir": " "}}, {"type": "Feature", "geometry": {"type": "LineString", "coordinates": [[-95.3350976976756, 29.7519126029709], [-95.3348610782024, 29.7522101734207], [-95.3346017582557, 29.7525491489479]]}, "properties": {"centerlineid": 10141397, "roadclass": "LOCAL", "fullname": "N EVERTON ST", "fromleft": 201, "toleft": 219, "fromright": 200, "toright": 218, "onewaydir": " "}}, {"type": "Feature", "geometry": {"type": "LineString", "coordinates": [[-95.3352044522824, 29.7423414804368], [-95.3346627989906, 29.7421698960324], [-95.3342278800376, 29.7420304889326], [-95.3341591746142, 29.7420229331837], [-95.3341133570855, 29.7420400551786]]}, "properties": {"centerlineid": 10141446, "roadclass": "LOCAL", "fullname": "WALKER ST", "fromleft": 4301, "toleft": 4399, "fromright": 4300, "toright": 4398, "onewaydir": " "}}, {"type": "Feature", "geometry": {"type": "LineString", "coordinates": [[-95.3394005424362, 29.7554257683401], [-95.3389428107366, 29.7560094368988]]}, "properties": {"centerlineid": 10141450, "roadclass": "LOCAL", "fullname": "N PALMER ST", "fromleft": 221, "toleft": 399, "fromright": 220, "toright": 398, "onewaydir": " "}}, {"type": "Feature", "geometry": {"type": "LineString", "coordinates": [[-95.3418114033702, 29.7380557503519], [-95.34199462507, 29.7375749625049]]}, "properties": {"centerlineid": 10139297, "roadclass": "LOCAL", "fullname": "KEATING ST", "fromleft": 1601, "toleft": 1699, "fromright": 1600, "toright": 1698, "onewaydir": " "}}, {"type": "Feature", "geometry": {"type": "LineString", "coordinates": [[-95.3259881188173, 29.73603570237], [-95.3262397734728, 29.7353587369438]]}, "properties": {"centerlineid": 10139306, "roadclass": "LOCAL", "fullname": "GUSTAV ST", "fromleft": 1201, "toleft": 1299, "fromright": 1200, "toright": 1298, "onewaydir": " "}}, {"type": "Feature", "geometry": {"type": "LineString", "coordinates": [[-95.3365218465726, 29.7401308186075], [-95.3346093631214, 29.7395472686961], [-95.3345941093816, 29.7395415953341]]}, "properties": {"centerlineid": 10141573, "roadclass": "LOCAL", "fullname": "DALLAS ST", "fromleft": 4301, "toleft": 4399, "fromright": 4300, "toright": 4398, "onewaydir": "FT"}}, {"type": "Feature", "geometry": {"type": "LineString", "coordinates": [[-95.32617133436, 29.7400278191993], [-95.3252634249409, 29.7397341816498]]}, "properties": {"centerlineid": 10141643, "roadclass": "LOCAL", "fullname": "RUSK ST", "fromleft": 4901, "toleft": 4921, "fromright": 4900, "toright": 4920, "onewaydir": " "}}, {"type": "Feature", "geometry": {"type": "LineString", "coordinates": [[-95.3259347487408, 29.7403274215161], [-95.32617133436, 29.7400278191993]]}, "properties": {"centerlineid": 10141660, "roadclass": "LOCAL", "fullname": "DUMBLE ST", "fromleft": 617, "toleft": 699, "fromright": 616, "toright": 698, "onewaydir": " "}}, {"type": "Feature", "geometry": {"type": "LineString", "coordinates": [[-95.3395760209499, 29.7505887796228], [-95.3401710734136, 29.7498335335682]]}, "properties": {"centerlineid": 10141741, "roadclass": "MAJOR", "fullname": "SAMPSON ST", "fromleft": 201, "toleft": 299, "fromright": 200, "toright": 298, "onewaydir": "FT"}}, {"type": "Feature", "geometry": {"type": "LineString", "coordinates": [[-95.3540338812961, 29.7515005495385], [-95.3536065465722, 29.7512411190284], [-95.3534082614975, 29.7511211033359], [-95.3531793994844, 29.7509780181979]]}, "properties": {"centerlineid": 10139610, "roadclass": "LOCAL", "fullname": "WALKER ST", "fromleft": 2201, "toleft": 2299, "fromright": 2200, "toright": 2298, "onewaydir": " "}}, {"type": "Feature", "geometry": {"type": "LineString", "coordinates": [[-95.3086847140953, 29.744617052373], [-95.3082725910858, 29.7452330904459]]}, "properties": {"centerlineid": 10141883, "roadclass": "LOCAL", "fullname": "TERMINAL ST", "fromleft": 1001, "toleft": 1099, "fromright": 1000, "toright": 1098, "onewaydir": " "}}, {"type": "Feature", "geometry": {"type": "LineString", "coordinates": [[-95.3183359007987, 29.7484355078253], [-95.318328185723, 29.7477201677163], [-95.3183206085778, 29.7466272438618]]}, "properties": {"centerlineid": 10141890, "roadclass": "LOCAL", "fullname": "BAYWOOD ST", "fromleft": 201, "toleft": 299, "fromright": 200, "toright": 298, "onewaydir": " "}}, {"type": "Feature", "geometry": {"type": "LineString", "coordinates": [[-95.3118355094304, 29.743344742325], [-95.3122400507171, 29.7423433104599]]}, "properties": {"centerlineid": 10141906, "roadclass": "LOCAL", "fullname": "MARSDEN ST", "fromleft": 1, "toleft": 99, "fromright": 2, "toright": 98, "onewaydir": " "}}, {"type": "Feature", "geometry": {"type": "LineString", "coordinates": [[-95.3205407392038, 29.7437472513152], [-95.3195870099946, 29.7434554342508]]}, "properties": {"centerlineid": 10141917, "roadclass": "LOCAL", "fullname": "SHERMAN ST", "fromleft": 5401, "toleft": 5499, "fromright": 5400, "toright": 5498, "onewaydir": " "}}, {"type": "Feature", "geometry": {"type": "LineString", "coordinates": [[-95.3249047717077, 29.7481359278434], [-95.3241648126962, 29.7479091339529]]}, "properties": {"centerlineid": 10141988, "roadclass": "LOCAL", "fullname": "AVENUE H", "fromleft": 4801, "toleft": 4899, "fromright": 4800, "toright": 4898, "onewaydir": " "}}, {"type": "Feature", "geometry": {"type": "LineString", "coordinates": [[-95.3232719606453, 29.745767026354], [-95.3236765151737, 29.7447505393687]]}, "properties": {"centerlineid": 10142001, "roadclass": "LOCAL", "fullname": "ADAMS ST", "fromleft": 101, "toleft": 199, "fromright": 100, "toright": 198, "onewaydir": " "}}, {"type": "Feature", "geometry": {"type": "LineString", "coordinates": [[-95.3110268812242, 29.7476533515982], [-95.3098214584923, 29.7473501152156], [-95.3080743199806, 29.7468275851665]]}, "properties": {"centerlineid": 10142005, "roadclass": "MAJOR", "fullname": "NAVIGATION BLVD", "fromleft": 6201, "toleft": 6499, "fromright": 6200, "toright": 6498, "onewaydir": " "}}, {"type": "Feature", "geometry": {"type": "LineString", "coordinates": [[-95.3125376271232, 29.7692370521433], [-95.3125298542276, 29.7677530022956], [-95.3125298419214, 29.7673831365536]]}, "properties": {"centerlineid": 10142158, "roadclass": "LOCAL", "fullname": "ZINDLER ST", "fromleft": 1101, "toleft": 1199, "fromright": 1100, "toright": 1198, "onewaydir": " "}}, {"type": "Feature", "geometry": {"type": "LineString", "coordinates": [[-95.3478235346501, 29.7433333365898], [-95.3484795258904, 29.7424884461651]]}, "properties": {"centerlineid": 10139836, "roadclass": "LOCAL", "fullname": "VELASCO ST", "fromleft": 1301, "toleft": 1399, "fromright": 1300, "toright": 1398, "onewaydir": " "}}, {"type": "Feature", "geometry": {"type": "LineString", "coordinates": [[-95.3112251762885, 29.7357039657243], [-95.3117668414495, 29.7343839822497]]}, "properties": {"centerlineid": 10143423, "roadclass": "LOCAL", "fullname": "S 66TH ST", "fromleft": 321, "toleft": 399, "fromright": 320, "toright": 398, "onewaydir": " "}}, {"type": "Feature", "geometry": {"type": "LineString", "coordinates": [[-95.3079286857388, 29.7384110012821], [-95.3059227771984, 29.7378033232869]]}, "properties": {"centerlineid": 10143493, "roadclass": "LOCAL", "fullname": "AVENUE B", "fromleft": 6701, "toleft": 6799, "fromright": 6700, "toright": 6798, "onewaydir": " "}}, {"type": "Feature", "geometry": {"type": "LineString", "coordinates": [[-95.3225931641506, 29.738891075766], [-95.3231957644362, 29.7381262450327]]}, "properties": {"centerlineid": 10143512, "roadclass": "LOCAL", "fullname": "ALTIC ST", "fromleft": 701, "toleft": 799, "fromright": 700, "toright": 798, "onewaydir": " "}}, {"type": "Feature", "geometry": {"type": "LineString", "coordinates": [[-95.3434975845331, 29.7592462796863], [-95.3424477519477, 29.7605552781683]]}, "properties": {"centerlineid": 10140819, "roadclass": "LOCAL", "fullname": "N ST CHARLES ST", "fromleft": 317, "toleft": 499, "fromright": 316, "toright": 498, "onewaydir": " "}}, {"type": "Feature", "geometry": {"type": "LineString", "coordinates": [[-95.3394539399468, 29.7660001949241], [-95.3384622828276, 29.7660136660228]]}, "properties": {"centerlineid": 1087245, "roadclass": "LOCAL", "fullname": "BARON ST", "fromleft": 3001, "toleft": 3099, "fromright": 3000, "toright": 3098, "onewaydir": " "}}, {"type": "Feature", "geometry": {"type": "LineString", "coordinates": [[-95.3173134879167, 29.7604745330409], [-95.3166421725657, 29.7616475985565], [-95.3154901329159, 29.7636313267863]]}, "properties": {"centerlineid": 10142217, "roadclass": "MAJOR", "fullname": "LOCKWOOD DR", "fromleft": 901, "toleft": 999, "fromright": 900, "toright": 998, "onewaydir": " "}}, {"type": "Feature", "geometry": {"type": "LineString", "coordinates": [[-95.3232644115815, 29.7687277749706], [-95.3232719550253, 29.7694104485076]]}, "properties": {"centerlineid": 10142314, "roadclass": "LOCAL", "fullname": "SCHWEIKHARDT ST", "fromleft": 701, "toleft": 799, "fromright": 700, "toright": 798, "onewaydir": " "}}, {"type": "Feature", "geometry": {"type": "LineString", "coordinates": [[-95.3515390605554, 29.7466940880597], [-95.3521494488854, 29.7459272072609]]}, "properties": {"centerlineid": 10140061, "roadclass": "LOCAL", "fullname": "NAGLE ST", "fromleft": 1201, "toleft": 1299, "fromright": 1200, "toright": 1298, "onewaydir": " "}}, {"type": "Feature", "geometry": {"type": "LineString", "coordinates": [[-95.3489755511461, 29.7451527966984], [-95.3490211743727, 29.7450918912224], [-95.349570652271, 29.7443918361237]]}, "properties": {"centerlineid": 10140082, "roadclass": "LOCAL", "fullname": "ENNIS ST", "fromleft": 1201, "toleft": 1299, "fromright": 1200, "toright": 1298, "onewaydir": " "}}, {"type": "Feature", "geometry": {"type": "LineString", "coordinates": [[-95.3464043111102, 29.7435927734085], [-95.3470071012922, 29.7428525957553]]}, "properties": {"centerlineid": 10140199, "roadclass": "LOCAL", "fullname": "ROBERTS ST", "fromleft": 1201, "toleft": 1299, "fromright": 1200, "toright": 1298, "onewaydir": " "}}, {"type": "Feature", "geometry": {"type": "LineString", "coordinates": [[-95.3441079743641, 29.7432932127648], [-95.3446954932262, 29.7425570933043]]}, "properties": {"centerlineid": 10140242, "roadclass": "MAJOR", "fullname": "YORK ST", "fromleft": 1101, "toleft": 1199, "fromright": 1100, "toright": 1198, "onewaydir": "TF"}}, {"type": "Feature", "geometry": {"type": "LineString", "coordinates": [[-95.3034736842794, 29.7437127926329], [-95.3014977191612, 29.7430835207866]]}, "properties": {"centerlineid": 10142575, "roadclass": "LOCAL", "fullname": "AVENUE K", "fromleft": 6801, "toleft": 6899, "fromright": 6800, "toright": 6898, "onewaydir": " "}}, {"type": "Feature", "geometry": {"type": "LineString", "coordinates": [[-95.352080771065, 29.7685828656362], [-95.3520807679209, 29.7688363864072], [-95.3520807311279, 29.7690595305492], [-95.352088260106, 29.7695765476741]]}, "properties": {"centerlineid": 10140299, "roadclass": "LOCAL", "fullname": "MCKEE ST", "fromleft": 909, "toleft": 999, "fromright": 908, "toright": 998, "onewaydir": "FT"}}, {"type": "Feature", "geometry": {"type": "LineString", "coordinates": [[-95.3054498777687, 29.7389501627487], [-95.3034584232759, 29.7383283973852]]}, "properties": {"centerlineid": 10142692, "roadclass": "LOCAL", "fullname": "SHERMAN ST", "fromleft": 6801, "toleft": 6899, "fromright": 6800, "toright": 6898, "onewaydir": " "}}, {"type": "Feature", "geometry": {"type": "LineString", "coordinates": [[-95.3047097197988, 29.7509282842868], [-95.3042747880088, 29.7515500566728]]}, "properties": {"centerlineid": 10142717, "roadclass": "LOCAL", "fullname": "TERMINAL ST", "fromleft": 2001, "toleft": 2099, "fromright": 2000, "toright": 2098, "onewaydir": " "}}, {"type": "Feature", "geometry": {"type": "LineString", "coordinates": [[-95.3020393916829, 29.7417502689451], [-95.3000787243983, 29.741139910369]]}, "properties": {"centerlineid": 10142735, "roadclass": "LOCAL", "fullname": "AVENUE I", "fromleft": 6901, "toleft": 6999, "fromright": 6900, "toright": 6998, "onewaydir": " "}}, {"type": "Feature", "geometry": {"type": "LineString", "coordinates": [[-95.3006357025165, 29.7397875500942], [-95.3003609680151, 29.7404932796533]]}, "properties": {"centerlineid": 10142805, "roadclass": "LOCAL", "fullname": "70TH ST", "fromleft": 701, "toleft": 799, "fromright": 700, "toright": 798, "onewaydir": " "}}, {"type": "Feature", "geometry": {"type": "LineString", "coordinates": [[-95.3493265071963, 29.7351659506132], [-95.3494638610156, 29.7348188993561]]}, "properties": {"centerlineid": 10138341, "roadclass": "LOCAL", "fullname": "CANFIELD ST", "fromleft": 2301, "toleft": 2349, "fromright": 2300, "toright": 2348, "onewaydir": " "}}, {"type": "Feature", "geometry": {"type": "LineString", "coordinates": [[-95.3512663895665, 29.7587495892136], [-95.3511385123746, 29.758669728535], [-95.3509515104056, 29.7585501513062]]}, "properties": {"centerlineid": 10140588, "roadclass": "LOCAL", "fullname": "COMMERCE ST", "fromleft": 0, "toleft": 0, "fromright": 0, "toright": 0, "onewaydir": " "}}, {"type": "Feature", "geometry": {"type": "LineString", "coordinates": [[-95.3498647988596, 29.7599649732693], [-95.3499674409361, 29.75984524496], [-95.3503402566935, 29.759339319642]]}, "properties": {"centerlineid": 10140652, "roadclass": "LOCAL", "fullname": "CHARTRES ST", "fromleft": 1, "toleft": 19, "fromright": 2, "toright": 18, "onewaydir": "TF"}}, {"type": "Feature", "geometry": {"type": "LineString", "coordinates": [[-95.3250726915779, 29.7671942304313], [-95.3247598800907, 29.7671999311107]]}, "properties": {"centerlineid": 10140781, "roadclass": "LOCAL", "fullname": "EDMUND ST", "fromleft": 4501, "toleft": 4599, "fromright": 4500, "toright": 4598, "onewaydir": " "}}, {"type": "Feature", "geometry": {"type": "LineString", "coordinates": [[-95.3357080288747, 29.7686800969173], [-95.3351891793204, 29.768687586668], [-95.3347314757683, 29.76869534881]]}, "properties": {"centerlineid": 10140847, "roadclass": "LOCAL", "fullname": "NANCE ST", "fromleft": 3401, "toleft": 3499, "fromright": 3400, "toright": 3498, "onewaydir": " "}}, {"type": "Feature", "geometry": {"type": "LineString", "coordinates": [[-95.3368726454335, 29.7700547109968], [-95.3368812150576, 29.7716455698881]]}, "properties": {"centerlineid": 10141013, "roadclass": "LOCAL", "fullname": "GROVE CT", "fromleft": 1001, "toleft": 1199, "fromright": 1000, "toright": 1198, "onewaydir": " "}}, {"type": "Feature", "geometry": {"type": "LineString", "coordinates": [[-95.3365013904964, 29.7653955307432], [-95.3365166565859, 29.7660556648548]]}, "properties": {"centerlineid": 10141081, "roadclass": "LOCAL", "fullname": "GROVE ST", "fromleft": 301, "toleft": 399, "fromright": 300, "toright": 398, "onewaydir": " "}}, {"type": "Feature", "geometry": {"type": "LineString", "coordinates": [[-95.35073798216, 29.7355741345176], [-95.3493265071963, 29.7351659506132]]}, "properties": {"centerlineid": 10138851, "roadclass": "LOCAL", "fullname": "HADLEY ST", "fromleft": 3401, "toleft": 3431, "fromright": 3400, "toright": 3430, "onewaydir": " "}}, {"type": "Feature", "geometry": {"type": "LineString", "coordinates": [[-95.3294748179433, 29.7347807621533], [-95.3284904878912, 29.7344907731094]]}, "properties": {"centerlineid": 10139102, "roadclass": "LOCAL", "fullname": "LEELAND ST", "fromleft": 4701, "toleft": 4921, "fromright": 4700, "toright": 4920, "onewaydir": " "}}, {"type": "Feature", "geometry": {"type": "LineString", "coordinates": [[-95.330130823902, 29.7478938224482], [-95.3291467374192, 29.7475905920879]]}, "properties": {"centerlineid": 10141267, "roadclass": "LOCAL", "fullname": "BRADY ST", "fromleft": 4401, "toleft": 4499, "fromright": 4400, "toright": 4498, "onewaydir": " "}}, {"type": "Feature", "geometry": {"type": "LineString", "coordinates": [[-95.3335869305463, 29.7514930299303], [-95.3332818862084, 29.7513136828183], [-95.3322518882648, 29.7510140564649]]}, "properties": {"centerlineid": 10141340, "roadclass": "LOCAL", "fullname": "LOVEJOY ST", "fromleft": 3901, "toleft": 4099, "fromright": 3900, "toright": 4098, "onewaydir": " "}}, {"type": "Feature", "geometry": {"type": "LineString", "coordinates": [[-95.3296425372469, 29.7488683532337], [-95.3295891411248, 29.7488722412223], [-95.3295594690975, 29.7488820340053], [-95.3295434926025, 29.748887504527], [-95.3294976499386, 29.7489274639135], [-95.3287957631017, 29.7498392015437], [-95.3286965513223, 29.7499384977711]]}, "properties": {"centerlineid": 10141440, "roadclass": "LOCAL", "fullname": "N EASTWOOD ST", "fromleft": 101, "toleft": 199, "fromright": 100, "toright": 198, "onewaydir": " "}}, {"type": "Feature", "geometry": {"type": "LineString", "coordinates": [[-95.3280405388906, 29.7507986916022], [-95.327872616178, 29.7510104441849], [-95.3270792667017, 29.7520422424409]]}, "properties": {"centerlineid": 10141467, "roadclass": "LOCAL", "fullname": "N EASTWOOD ST", "fromleft": 301, "toleft": 399, "fromright": 300, "toright": 398, "onewaydir": " "}}, {"type": "Feature", "geometry": {"type": "LineString", "coordinates": [[-95.3404229775404, 29.7419104708349], [-95.3406671442416, 29.7412542559474]]}, "properties": {"centerlineid": 10141534, "roadclass": "LOCAL", "fullname": "ST JOSEPH ST", "fromleft": 1113, "toleft": 1203, "fromright": 1112, "toright": 1202, "onewaydir": " "}}, {"type": "Feature", "geometry": {"type": "LineString", "coordinates": [[-95.3273384646611, 29.7385533692281], [-95.3276380287596, 29.7382049460257]]}, "properties": {"centerlineid": 10139407, "roadclass": "LOCAL", "fullname": "DUMBLE ST", "fromleft": 1001, "toleft": 1017, "fromright": 1000, "toright": 1016, "onewaydir": " "}}, {"type": "Feature", "geometry": {"type": "LineString", "coordinates": [[-95.3335794141615, 29.7500719755133], [-95.3343491532507, 29.7491535421571]]}, "properties": {"centerlineid": 10141676, "roadclass": "LOCAL", "fullname": "DRENNAN ST", "fromleft": 1, "toleft": 99, "fromright": 2, "toright": 98, "onewaydir": " "}}, {"type": "Feature", "geometry": {"type": "LineString", "coordinates": [[-95.3389581240239, 29.7513727514127], [-95.3389809543945, 29.7513307654125], [-95.3395760209499, 29.7505887796228]]}, "properties": {"centerlineid": 10141702, "roadclass": "MAJOR", "fullname": "SAMPSON ST", "fromleft": 101, "toleft": 199, "fromright": 100, "toright": 198, "onewaydir": "FT"}}, {"type": "Feature", "geometry": {"type": "LineString", "coordinates": [[-95.3252098185442, 29.7474931781279], [-95.3251488945163, 29.7476172925339], [-95.3249047717077, 29.7481359278434]]}, "properties": {"centerlineid": 10141745, "roadclass": "LOCAL", "fullname": "N BURR ST", "fromleft": 101, "toleft": 199, "fromright": 100, "toright": 198, "onewaydir": " "}}, {"type": "Feature", "geometry": {"type": "LineString", "coordinates": [[-95.3095392035247, 29.7433885464919], [-95.3082345249327, 29.7429689624182]]}, "properties": {"centerlineid": 10141780, "roadclass": "LOCAL", "fullname": "AVENUE H", "fromleft": 6501, "toleft": 6599, "fromright": 6500, "toright": 6598, "onewaydir": " "}}, {"type": "Feature", "geometry": {"type": "LineString", "coordinates": [[-95.324645357801, 29.7450555799501], [-95.3248972510776, 29.7444319800989], [-95.3251870298502, 29.7437185230076]]}, "properties": {"centerlineid": 10141796, "roadclass": "LOCAL", "fullname": "BRYAN ST", "fromleft": 201, "toleft": 299, "fromright": 200, "toright": 298, "onewaydir": " "}}, {"type": "Feature", "geometry": {"type": "LineString", "coordinates": [[-95.318755536715, 29.7454943782529], [-95.319167361988, 29.7445006632159]]}, "properties": {"centerlineid": 10141864, "roadclass": "LOCAL", "fullname": "ALTIC ST", "fromleft": 1, "toleft": 99, "fromright": 2, "toright": 98, "onewaydir": " "}}, {"type": "Feature", "geometry": {"type": "LineString", "coordinates": [[-95.3474572810282, 29.7486472466168], [-95.347358023026, 29.7485861143732], [-95.3466256132328, 29.7481322702258]]}, "properties": {"centerlineid": 10139617, "roadclass": "LOCAL", "fullname": "RUSK ST", "fromleft": 2901, "toleft": 2989, "fromright": 2900, "toright": 2988, "onewaydir": " "}}, {"type": "Feature", "geometry": {"type": "LineString", "coordinates": [[-95.3533242975479, 29.7444338200383], [-95.3528633075009, 29.7441610586975]]}, "properties": {"centerlineid": 10139623, "roadclass": "LOCAL", "fullname": "BELL ST", "fromleft": 2701, "toleft": 2799, "fromright": 2700, "toright": 2798, "onewaydir": " "}}, {"type": "Feature", "geometry": {"type": "LineString", "coordinates": [[-95.3459846944759, 29.7533831859952], [-95.3453286652639, 29.7529750083296]]}, "properties": {"centerlineid": 10139661, "roadclass": "LOCAL", "fullname": "GARROW ST", "fromleft": 2701, "toleft": 2799, "fromright": 2700, "toright": 2798, "onewaydir": " "}}, {"type": "Feature", "geometry": {"type": "LineString", "coordinates": [[-95.3225473113938, 29.7495971331887], [-95.3222497548519, 29.7495035570421], [-95.3217995644573, 29.7493643906782]]}, "properties": {"centerlineid": 10141895, "roadclass": "LOCAL", "fullname": "AVENUE J", "fromleft": 5001, "toleft": 5099, "fromright": 5000, "toright": 5098, "onewaydir": " "}}, {"type": "Feature", "geometry": {"type": "LineString", "coordinates": [[-95.315856387931, 29.7422994844925], [-95.3149332020551, 29.7420172657939]]}, "properties": {"centerlineid": 10141921, "roadclass": "LOCAL", "fullname": "SHERMAN ST", "fromleft": 5901, "toleft": 5999, "fromright": 5900, "toright": 5998, "onewaydir": " "}}, {"type": "Feature", "geometry": {"type": "LineString", "coordinates": [[-95.3202279071979, 29.7509339777711], [-95.320075279457, 29.7512029868478], [-95.3199456725174, 29.751342192471]]}, "properties": {"centerlineid": 10141945, "roadclass": "LOCAL", "fullname": "N EDGEWOOD ST", "fromleft": 601, "toleft": 699, "fromright": 600, "toright": 698, "onewaydir": " "}}, {"type": "Feature", "geometry": {"type": "LineString", "coordinates": [[-95.3228523732881, 29.7467684947726], [-95.3222191688291, 29.7465663421867]]}, "properties": {"centerlineid": 10141955, "roadclass": "MAJOR", "fullname": "CANAL ST", "fromleft": 5101, "toleft": 5121, "fromright": 5100, "toright": 5120, "onewaydir": " "}}, {"type": "Feature", "geometry": {"type": "LineString", "coordinates": [[-95.3478235346501, 29.7433333365898], [-95.3470071012922, 29.7428525957553]]}, "properties": {"centerlineid": 10139689, "roadclass": "MAJOR", "fullname": "POLK ST", "fromleft": 3201, "toleft": 3299, "fromright": 3200, "toright": 3298, "onewaydir": " "}}, {"type": "Feature", "geometry": {"type": "LineString", "coordinates": [[-95.3451988507338, 29.7518382434357], [-95.3445275672492, 29.7514336904389]]}, "properties": {"centerlineid": 10139733, "roadclass": "LOCAL", "fullname": "PRESTON ST", "fromleft": 2901, "toleft": 2999, "fromright": 2900, "toright": 2998, "onewaydir": " "}}, {"type": "Feature", "geometry": {"type": "LineString", "coordinates": [[-95.3504938342003, 29.7416624682882], [-95.3495610296885, 29.7410881420848]]}, "properties": {"centerlineid": 10139765, "roadclass": "MAJOR", "fullname": "LEELAND ST", "fromleft": 3101, "toleft": 3199, "fromright": 3100, "toright": 3198, "onewaydir": " "}}, {"type": "Feature", "geometry": {"type": "LineString", "coordinates": [[-95.3082345249327, 29.7429689624182], [-95.3079597933212, 29.7436404681824]]}, "properties": {"centerlineid": 10142096, "roadclass": "LOCAL", "fullname": "N 66TH ST", "fromleft": 801, "toleft": 899, "fromright": 800, "toright": 898, "onewaydir": " "}}, {"type": "Feature", "geometry": {"type": "LineString", "coordinates": [[-95.3518213453165, 29.7479337573279], [-95.3509515077982, 29.7474169315064]]}, "properties": {"centerlineid": 10139882, "roadclass": "LOCAL", "fullname": "LAMAR ST", "fromleft": 2601, "toleft": 2699, "fromright": 2600, "toright": 2698, "onewaydir": " "}}, {"type": "Feature", "geometry": {"type": "LineString", "coordinates": [[-95.3524697858759, 29.7439302588002], [-95.3516152971645, 29.7434113882583]]}, "properties": {"centerlineid": 10139948, "roadclass": "LOCAL", "fullname": "BELL ST", "fromleft": 2801, "toleft": 2899, "fromright": 2800, "toright": 2898, "onewaydir": " "}}, {"type": "Feature", "geometry": {"type": "LineString", "coordinates": [[-95.3485787825386, 29.7530589692324], [-95.348449163008, 29.7530550643538], [-95.3479075062762, 29.7529692688903], [-95.3475641038603, 29.7529119939466], [-95.3474420310104, 29.7528835011425], [-95.3472512620492, 29.7528394583781]]}, "properties": {"centerlineid": 10139956, "roadclass": "MAJOR", "fullname": "HARRISBURG BLVD", "fromleft": 2507, "toleft": 2599, "fromright": 2506, "toright": 2598, "onewaydir": " "}}, {"type": "Feature", "geometry": {"type": "LineString", "coordinates": [[-95.3020013058254, 29.7365050736192], [-95.301803030048, 29.7370047461658]]}, "properties": {"centerlineid": 10143735, "roadclass": "LOCAL", "fullname": "70TH ST", "fromleft": 201, "toleft": 299, "fromright": 200, "toright": 298, "onewaydir": " "}}, {"type": "Feature", "geometry": {"type": "LineString", "coordinates": [[-95.3004755343184, 29.7604535564119], [-95.3000705018689, 29.7602930139643], [-95.2989038915301, 29.7597898312239]]}, "properties": {"centerlineid": 10142383, "roadclass": "LOCAL", "fullname": "OLD CLINTON RD", "fromleft": 7031, "toleft": 7099, "fromright": 7030, "toright": 7098, "onewaydir": " "}}, {"type": "Feature", "geometry": {"type": "LineString", "coordinates": [[-95.3173134879167, 29.7604745330409], [-95.3116906498741, 29.7605489324494]]}, "properties": {"centerlineid": 10142230, "roadclass": "LOCAL", "fullname": "AMERICAN", "fromleft": 5501, "toleft": 5799, "fromright": 5500, "toright": 5798, "onewaydir": " "}}, {"type": "Feature", "geometry": {"type": "LineString", "coordinates": [[-95.3453286652639, 29.7529750083296], [-95.3459924489311, 29.7521337390453]]}, "properties": {"centerlineid": 10140004, "roadclass": "LOCAL", "fullname": "DELANO ST", "fromleft": 301, "toleft": 499, "fromright": 300, "toright": 498, "onewaydir": " "}}, {"type": "Feature", "geometry": {"type": "LineString", "coordinates": [[-95.3525519033787, 29.7419746416809], [-95.3530899076636, 29.7412802497154]]}, "properties": {"centerlineid": 10140103, "roadclass": "PRIVATE", "fullname": "ADEN DR", "fromleft": 1701, "toleft": 1799, "fromright": 1700, "toright": 1798, "onewaydir": " "}}, {"type": "Feature", "geometry": {"type": "LineString", "coordinates": [[-95.2986747603321, 29.769437137765], [-95.298659725804, 29.7687391795648]]}, "properties": {"centerlineid": 10142357, "roadclass": "LOCAL", "fullname": "BOYLES ST", "fromleft": 1101, "toleft": 1107, "fromright": 1100, "toright": 1106, "onewaydir": " "}}, {"type": "Feature", "geometry": {"type": "LineString", "coordinates": [[-95.3012079485801, 29.7673297463915], [-95.3010705755404, 29.7673010205864], [-95.3003381744424, 29.7673220172836]]}, "properties": {"centerlineid": 10142393, "roadclass": "LOCAL", "fullname": "PALESTINE ST", "fromleft": 6901, "toleft": 6919, "fromright": 6900, "toright": 6918, "onewaydir": " "}}, {"type": "Feature", "geometry": {"type": "LineString", "coordinates": [[-95.3452372088872, 29.7450726844435], [-95.3452980860935, 29.7449907988507], [-95.3458322345548, 29.7443384396012]]}, "properties": {"centerlineid": 10140189, "roadclass": "LOCAL", "fullname": "ROBERTS ST", "fromleft": 1001, "toleft": 1099, "fromright": 1000, "toright": 1098, "onewaydir": " "}}, {"type": "Feature", "geometry": {"type": "LineString", "coordinates": [[-95.3442681333986, 29.764337054036], [-95.3429940304484, 29.7643637396644]]}, "properties": {"centerlineid": 10140270, "roadclass": "LOCAL", "fullname": "BRYAN ST", "fromleft": 2601, "toleft": 2699, "fromright": 2600, "toright": 2698, "onewaydir": " "}}, {"type": "Feature", "geometry": {"type": "LineString", "coordinates": [[-95.3479173011446, 29.7582645260981], [-95.3475563367874, 29.758422386093], [-95.3474420201319, 29.7584718814869]]}, "properties": {"centerlineid": 10140279, "roadclass": "MAJOR", "fullname": "NAVIGATION BLVD", "fromleft": 2211, "toleft": 2299, "fromright": 2210, "toright": 2298, "onewaydir": " "}}, {"type": "Feature", "geometry": {"type": "LineString", "coordinates": [[-95.3504479749242, 29.7695936621963], [-95.3496257569275, 29.7696055732337]]}, "properties": {"centerlineid": 10140376, "roadclass": "LOCAL", "fullname": "ROTHWELL ST", "fromleft": 1801, "toleft": 1899, "fromright": 1800, "toright": 1898, "onewaydir": " "}}, {"type": "Feature", "geometry": {"type": "LineString", "coordinates": [[-95.3045723461692, 29.741036788743], [-95.3025963603973, 29.7404093452763]]}, "properties": {"centerlineid": 10142739, "roadclass": "MAJOR", "fullname": "CANAL ST", "fromleft": 6801, "toleft": 6899, "fromright": 6800, "toright": 6898, "onewaydir": " "}}, {"type": "Feature", "geometry": {"type": "LineString", "coordinates": [[-95.3003609680151, 29.7404932796533], [-95.2989800794294, 29.7400355861588]]}, "properties": {"centerlineid": 10142746, "roadclass": "LOCAL", "fullname": "AVENUE H", "fromleft": 7001, "toleft": 7025, "fromright": 7000, "toright": 7024, "onewaydir": " "}}, {"type": "Feature", "geometry": {"type": "LineString", "coordinates": [[-95.3060066638289, 29.7430070543043], [-95.3040154006525, 29.7423909801458]]}, "properties": {"centerlineid": 10142755, "roadclass": "LOCAL", "fullname": "AVENUE I", "fromleft": 6701, "toleft": 6799, "fromright": 6700, "toright": 6798, "onewaydir": " "}}, {"type": "Feature", "geometry": {"type": "LineString", "coordinates": [[-95.3028864046479, 29.7397131492219], [-95.3009254715445, 29.739087536273]]}, "properties": {"centerlineid": 10142787, "roadclass": "LOCAL", "fullname": "AVENUE F", "fromleft": 6901, "toleft": 6999, "fromright": 6900, "toright": 6998, "onewaydir": " "}}, {"type": "Feature", "geometry": {"type": "LineString", "coordinates": [[-95.3512796376647, 29.7565741716595], [-95.3504404439007, 29.756070601302], [-95.3504098672054, 29.7560534871547]]}, "properties": {"centerlineid": 10140399, "roadclass": "LOCAL", "fullname": "CONGRESS ST", "fromleft": 2101, "toleft": 2199, "fromright": 2100, "toright": 2198, "onewaydir": "TF"}}, {"type": "Feature", "geometry": {"type": "LineString", "coordinates": [[-95.3531182662831, 29.7700228684573], [-95.3528282411499, 29.7701755072834], [-95.3525156408013, 29.7703242756983], [-95.3523018750522, 29.7704080033831], [-95.3520891722216, 29.7704775873592]]}, "properties": {"centerlineid": 10140511, "roadclass": "LOCAL", "fullname": "PROVIDENCE ST", "fromleft": 1501, "toleft": 1599, "fromright": 1500, "toright": 1598, "onewaydir": "TF"}}, {"type": "Feature", "geometry": {"type": "LineString", "coordinates": [[-95.3004143743252, 29.7510866255191], [-95.3001321043759, 29.751758141176]]}, "properties": {"centerlineid": 10142862, "roadclass": "MAJOR", "fullname": "WAYSIDE DR", "fromleft": 2201, "toleft": 2299, "fromright": 2200, "toright": 2298, "onewaydir": "TF"}}, {"type": "Feature", "geometry": {"type": "LineString", "coordinates": [[-95.3469156413113, 29.7346566301651], [-95.3469295218801, 29.7346217490246], [-95.347068268924, 29.7342732970194], [-95.3471291982431, 29.7341227048401]]}, "properties": {"centerlineid": 10138467, "roadclass": "FRONTAGE", "fullname": "EDMUNDSON ST", "fromleft": 2201, "toleft": 2299, "fromright": 2200, "toright": 2298, "onewaydir": " "}}, {"type": "Feature", "geometry": {"type": "LineString", "coordinates": [[-95.3483957665892, 29.7394804447452], [-95.3483804827342, 29.7394309041429], [-95.3483574175699, 29.7394021787883], [-95.3483040540939, 29.7393889552046], [-95.3481438468049, 29.7393391855255], [-95.3471672952543, 29.7390437353068], [-95.346877540116, 29.7389558693699]]}, "properties": {"centerlineid": 10138475, "roadclass": "LOCAL", "fullname": "PEASE ST", "fromleft": 3401, "toleft": 3499, "fromright": 3400, "toright": 3498, "onewaydir": " "}}, {"type": "Feature", "geometry": {"type": "LineString", "coordinates": [[-95.3251641767708, 29.7632060010815], [-95.3241648256971, 29.7632117119329]]}, "properties": {"centerlineid": 10140771, "roadclass": "LOCAL", "fullname": "INMAN ST", "fromleft": 4501, "toleft": 4599, "fromright": 4500, "toright": 4598, "onewaydir": " "}}, {"type": "Feature", "geometry": {"type": "LineString", "coordinates": [[-95.3265373428314, 29.7671809853298], [-95.3257898348276, 29.767192403318]]}, "properties": {"centerlineid": 10140784, "roadclass": "LOCAL", "fullname": "EDMUND ST", "fromleft": 4401, "toleft": 4417, "fromright": 4400, "toright": 4416, "onewaydir": " "}}, {"type": "Feature", "geometry": {"type": "LineString", "coordinates": [[-95.3512109792593, 29.7343191663602], [-95.3498756958196, 29.7339091553854]]}, "properties": {"centerlineid": 10138657, "roadclass": "LOCAL", "fullname": "BREMOND ST", "fromleft": 3401, "toleft": 3429, "fromright": 3400, "toright": 3428, "onewaydir": " "}}, {"type": "Feature", "geometry": {"type": "LineString", "coordinates": [[-95.3356774852082, 29.7673678763472], [-95.3355629158221, 29.7673600922526], [-95.3351663664981, 29.7673621800359], [-95.3347008732876, 29.7673658224428]]}, "properties": {"centerlineid": 10140848, "roadclass": "LOCAL", "fullname": "GILLESPIE ST", "fromleft": 3401, "toleft": 3499, "fromright": 3400, "toright": 3498, "onewaydir": " "}}, {"type": "Feature", "geometry": {"type": "LineString", "coordinates": [[-95.3089822427615, 29.7334799516307], [-95.3086921989323, 29.7334322784764], [-95.3084177248406, 29.7333711251781], [-95.3080971525444, 29.733256833096], [-95.30788792161, 29.7331926867618], [-95.3078607754524, 29.7331842620976], [-95.3077768000051, 29.7331290552053]]}, "properties": {"centerlineid": 10143288, "roadclass": "MAJOR", "fullname": "POLK ST", "fromleft": 6701, "toleft": 6799, "fromright": 6700, "toright": 6798, "onewaydir": " "}}, {"type": "Feature", "geometry": {"type": "LineString", "coordinates": [[-95.3225244990988, 29.7350077841312], [-95.3227836851897, 29.7343324270163]]}, "properties": {"centerlineid": 10143381, "roadclass": "LOCAL", "fullname": "HENNINGER ST", "fromleft": 1201, "toleft": 1299, "fromright": 1200, "toright": 1298, "onewaydir": " "}}, {"type": "Feature", "geometry": {"type": "LineString", "coordinates": [[-95.3451760589978, 29.7390626452147], [-95.3442909758753, 29.7388091613043]]}, "properties": {"centerlineid": 10138781, "roadclass": "MAJOR", "fullname": "LEELAND ST", "fromleft": 3601, "toleft": 3699, "fromright": 3600, "toright": 3698, "onewaydir": " "}}, {"type": "Feature", "geometry": {"type": "LineString", "coordinates": [[-95.3430246529179, 29.766996953053], [-95.3430093492218, 29.7673613280517]]}, "properties": {"centerlineid": 10141089, "roadclass": "MAJOR", "fullname": "JENSEN DR", "fromleft": 601, "toleft": 649, "fromright": 600, "toright": 648, "onewaydir": " "}}, {"type": "Feature", "geometry": {"type": "LineString", "coordinates": [[-95.3494638610156, 29.7348188993561], [-95.3486294165181, 29.7345611743585]]}, "properties": {"centerlineid": 10138884, "roadclass": "LOCAL", "fullname": "HADLEY ST", "fromleft": 3433, "toleft": 3449, "fromright": 3432, "toright": 3448, "onewaydir": " "}}, {"type": "Feature", "geometry": {"type": "LineString", "coordinates": [[-95.3417580180819, 29.740823240276], [-95.3416590081059, 29.7407926723538], [-95.3409418683304, 29.7405751983713]]}, "properties": {"centerlineid": 10141168, "roadclass": "MAJOR", "fullname": "POLK ST", "fromleft": 3817, "toleft": 3899, "fromright": 3816, "toright": 3898, "onewaydir": " "}}, {"type": "Feature", "geometry": {"type": "LineString", "coordinates": [[-95.3344414353592, 29.7480672313389], [-95.3346780399736, 29.7474760394281], [-95.3347620039793, 29.747268166461], [-95.334952775569, 29.7468027138255]]}, "properties": {"centerlineid": 10141217, "roadclass": "LOCAL", "fullname": "GRACE ST", "fromleft": 201, "toleft": 299, "fromright": 200, "toright": 298, "onewaydir": " "}}, {"type": "Feature", "geometry": {"type": "LineString", "coordinates": [[-95.334952775569, 29.7468027138255], [-95.3347542823022, 29.7467397418996], [-95.3341819995308, 29.7465624336645]]}, "properties": {"centerlineid": 10141218, "roadclass": "LOCAL", "fullname": "GARROW ST", "fromleft": 4021, "toleft": 4099, "fromright": 4020, "toright": 4098, "onewaydir": " "}}, {"type": "Feature", "geometry": {"type": "MultiLineString", "coordinates": [[[-95.3471672862954, 29.7359442308051], [-95.3472277666422, 29.7358207221958]], [[-95.3472277666422, 29.7358207221958], [-95.3473000953218, 29.7356730123936]], [[-95.3473000953218, 29.7356730123936], [-95.3473522714786, 29.7355664625412]], [[-95.3473522714786, 29.7355664625412], [-95.3473985792564, 29.7354718951685]], [[-95.3473985792564, 29.7354718951685], [-95.347492875412, 29.7352793273986]], [[-95.347492875412, 29.7352793273986], [-95.3475020802681, 29.7352605301726]], [[-95.3475020802681, 29.7352605301726], [-95.3476099621284, 29.7350402191251]]]}, "properties": {"centerlineid": 10139007, "roadclass": "MAJOR", "fullname": "SCOTT ST", "fromleft": 0, "toleft": 0, "fromright": 0, "toright": 0, "onewaydir": " "}}, {"type": "Feature", "geometry": {"type": "LineString", "coordinates": [[-95.3391794374632, 29.7390875431512], [-95.3371651326509, 29.7384867325561]]}, "properties": {"centerlineid": 10139090, "roadclass": "LOCAL", "fullname": "CLAY ST", "fromleft": 4101, "toleft": 4299, "fromright": 4100, "toright": 4298, "onewaydir": " "}}, {"type": "Feature", "geometry": {"type": "LineString", "coordinates": [[-95.3364938442726, 29.7347483554724], [-95.3367913849386, 29.7339967554132]]}, "properties": {"centerlineid": 10139146, "roadclass": "LOCAL", "fullname": "EASTWOOD ST", "fromleft": 1801, "toleft": 1899, "fromright": 1800, "toright": 1898, "onewaydir": " "}}, {"type": "Feature", "geometry": {"type": "LineString", "coordinates": [[-95.3255073920651, 29.7490648180343], [-95.3246147659041, 29.7487768552716]]}, "properties": {"centerlineid": 10141418, "roadclass": "LOCAL", "fullname": "AVENUE I", "fromleft": 4701, "toleft": 4799, "fromright": 4700, "toright": 4798, "onewaydir": " "}}, {"type": "Feature", "geometry": {"type": "LineString", "coordinates": [[-95.3285972542938, 29.7435030932412], [-95.3289406668817, 29.7429707981434]]}, "properties": {"centerlineid": 10141423, "roadclass": "MAJOR", "fullname": "S LOCKWOOD DR", "fromleft": 401, "toleft": 499, "fromright": 400, "toright": 498, "onewaydir": " "}}, {"type": "Feature", "geometry": {"type": "LineString", "coordinates": [[-95.3341408254011, 29.7531392872099], [-95.3336966124574, 29.7537142522667]]}, "properties": {"centerlineid": 10141477, "roadclass": "LOCAL", "fullname": "N EVERTON ST", "fromleft": 301, "toleft": 317, "fromright": 300, "toright": 316, "onewaydir": " "}}, {"type": "Feature", "geometry": {"type": "LineString", "coordinates": [[-95.3346017582557, 29.7525491489479], [-95.3339652389722, 29.7521648843606]]}, "properties": {"centerlineid": 10141493, "roadclass": "LOCAL", "fullname": "RUNNELS ST", "fromleft": 3701, "toleft": 3799, "fromright": 3700, "toright": 3798, "onewaydir": " "}}, {"type": "Feature", "geometry": {"type": "LineString", "coordinates": [[-95.334189781747, 29.7518514821875], [-95.3339652389722, 29.7521648843606]]}, "properties": {"centerlineid": 10141500, "roadclass": "LOCAL", "fullname": "N MILBY ST", "fromleft": 205, "toleft": 225, "fromright": 204, "toright": 224, "onewaydir": " "}}, {"type": "Feature", "geometry": {"type": "LineString", "coordinates": [[-95.3319085265102, 29.737075279142], [-95.3304208104377, 29.7366154989625], [-95.3303674126023, 29.7366004527372]]}, "properties": {"centerlineid": 10139358, "roadclass": "LOCAL", "fullname": "CLAY ST", "fromleft": 4601, "toleft": 4699, "fromright": 4600, "toright": 4698, "onewaydir": " "}}, {"type": "Feature", "geometry": {"type": "LineString", "coordinates": [[-95.3355628922594, 29.7371019785357], [-95.3345559933812, 29.7368101158071], [-95.3337167788106, 29.736566002114], [-95.3336709217024, 29.7365546062941]]}, "properties": {"centerlineid": 10139360, "roadclass": "LOCAL", "fullname": "BELL ST", "fromleft": 4401, "toleft": 4499, "fromright": 4400, "toright": 4498, "onewaydir": " "}}, {"type": "Feature", "geometry": {"type": "LineString", "coordinates": [[-95.3364404702434, 29.7545046568401], [-95.3361198993624, 29.7543253085531], [-95.3358910196802, 29.7541861491687], [-95.3355859601939, 29.7540202486001]]}, "properties": {"centerlineid": 10141575, "roadclass": "LOCAL", "fullname": "ENGELKE ST", "fromleft": 3401, "toleft": 3499, "fromright": 3400, "toright": 3498, "onewaydir": " "}}, {"type": "Feature", "geometry": {"type": "LineString", "coordinates": [[-95.3325338363532, 29.7506865652989], [-95.3322518882648, 29.7510140564649]]}, "properties": {"centerlineid": 10141655, "roadclass": "LOCAL", "fullname": "N DRENNAN ST", "fromleft": 123, "toleft": 199, "fromright": 122, "toright": 198, "onewaydir": " "}}, {"type": "Feature", "geometry": {"type": "LineString", "coordinates": [[-95.3366312140606, 29.7499441684347], [-95.3366846213069, 29.7499384635032], [-95.3372872112479, 29.7492099052607]]}, "properties": {"centerlineid": 10141710, "roadclass": "LOCAL", "fullname": "EVERTON ST", "fromleft": 101, "toleft": 199, "fromright": 100, "toright": 198, "onewaydir": " "}}, {"type": "Feature", "geometry": {"type": "LineString", "coordinates": [[-95.340278079345, 29.7465756775716], [-95.3407358151387, 29.7459979588602]]}, "properties": {"centerlineid": 10141728, "roadclass": "LOCAL", "fullname": "HUTCHESON ST", "fromleft": 601, "toleft": 699, "fromright": 600, "toright": 698, "onewaydir": " "}}, {"type": "Feature", "geometry": {"type": "LineString", "coordinates": [[-95.3130259049544, 29.7496295426653], [-95.3130028575173, 29.7499117860123], [-95.3129722798909, 29.7505926256019]]}, "properties": {"centerlineid": 10141768, "roadclass": "LOCAL", "fullname": "N GREENWOOD ST", "fromleft": 401, "toleft": 499, "fromright": 400, "toright": 498, "onewaydir": " "}}, {"type": "Feature", "geometry": {"type": "LineString", "coordinates": [[-95.3159400858968, 29.7446302679362], [-95.3150247072088, 29.7443423108184]]}, "properties": {"centerlineid": 10141836, "roadclass": "MAJOR", "fullname": "CANAL ST", "fromleft": 5801, "toleft": 5899, "fromright": 5800, "toright": 5898, "onewaydir": " "}}, {"type": "Feature", "geometry": {"type": "LineString", "coordinates": [[-95.3118966518964, 29.7401786539288], [-95.3111108499851, 29.7399306125663]]}, "properties": {"centerlineid": 10141866, "roadclass": "LOCAL", "fullname": "AVENUE C", "fromleft": 6401, "toleft": 6499, "fromright": 6400, "toright": 6498, "onewaydir": " "}}, {"type": "Feature", "geometry": {"type": "LineString", "coordinates": [[-95.3509515077982, 29.7474169315064], [-95.3506462115169, 29.7472337075281], [-95.3501045530418, 29.7469133756045]]}, "properties": {"centerlineid": 10139636, "roadclass": "LOCAL", "fullname": "LAMAR ST", "fromleft": 2701, "toleft": 2799, "fromright": 2700, "toright": 2798, "onewaydir": " "}}, {"type": "Feature", "geometry": {"type": "LineString", "coordinates": [[-95.3216394182733, 29.7440847215907], [-95.3205407392038, 29.7437472513152]]}, "properties": {"centerlineid": 10141915, "roadclass": "LOCAL", "fullname": "SHERMAN ST", "fromleft": 5301, "toleft": 5399, "fromright": 5300, "toright": 5398, "onewaydir": " "}}, {"type": "Feature", "geometry": {"type": "LineString", "coordinates": [[-95.3202737858954, 29.7468656742633], [-95.3198998224595, 29.7467418046346]]}, "properties": {"centerlineid": 10141949, "roadclass": "LOCAL", "fullname": "AVENUE H", "fromleft": 5301, "toleft": 5399, "fromright": 5300, "toright": 5398, "onewaydir": " "}}, {"type": "Feature", "geometry": {"type": "LineString", "coordinates": [[-95.3189310086292, 29.7407965126312], [-95.3186103905167, 29.7406972712538]]}, "properties": {"centerlineid": 10141976, "roadclass": "MAJOR", "fullname": "HARRISBURG BLVD", "fromleft": 5701, "toleft": 5711, "fromright": 5700, "toright": 5710, "onewaydir": " "}}, {"type": "Feature", "geometry": {"type": "LineString", "coordinates": [[-95.3076928227766, 29.7442889300035], [-95.3074639501179, 29.7442145642802], [-95.3065255257417, 29.743926378024], [-95.3057321214366, 29.7436728864402]]}, "properties": {"centerlineid": 10141989, "roadclass": "LOCAL", "fullname": "AVENUE J", "fromleft": 6601, "toleft": 6699, "fromright": 6600, "toright": 6698, "onewaydir": " "}}, {"type": "Feature", "geometry": {"type": "LineString", "coordinates": [[-95.3452447118909, 29.7428870508261], [-95.3452675211971, 29.742522645711], [-95.3452675426952, 29.7424044440327], [-95.3452675448221, 29.7422823793789], [-95.3452599770367, 29.7421602966515], [-95.3452446875153, 29.7420038122361], [-95.3452141595163, 29.7419200378695], [-95.3451531936492, 29.7418303610498]]}, "properties": {"centerlineid": 10139683, "roadclass": "MAJOR", "fullname": "SCOTT ST", "fromleft": 1201, "toleft": 1299, "fromright": 1200, "toright": 1298, "onewaydir": "FT"}}, {"type": "Feature", "geometry": {"type": "LineString", "coordinates": [[-95.353782017724, 29.750224594917], [-95.3529352374312, 29.7497285543387]]}, "properties": {"centerlineid": 10139776, "roadclass": "MAJOR", "fullname": "MCKINNEY ST", "fromleft": 2301, "toleft": 2399, "fromright": 2300, "toright": 2398, "onewaydir": " "}}, {"type": "Feature", "geometry": {"type": "LineString", "coordinates": [[-95.3469462041574, 29.7461047327255], [-95.3472970976012, 29.7456602373097], [-95.3475334914575, 29.7453645477053]]}, "properties": {"centerlineid": 10139804, "roadclass": "LOCAL", "fullname": "PALMER ST", "fromleft": 1001, "toleft": 1099, "fromright": 1000, "toright": 1098, "onewaydir": " "}}, {"type": "Feature", "geometry": {"type": "LineString", "coordinates": [[-95.3198464095127, 29.7410787709962], [-95.320426192221, 29.7402854147725]]}, "properties": {"centerlineid": 10142066, "roadclass": "LOCAL", "fullname": "LATHAM ST", "fromleft": 401, "toleft": 499, "fromright": 400, "toright": 498, "onewaydir": " "}}, {"type": "Feature", "geometry": {"type": "LineString", "coordinates": [[-95.3153681003421, 29.739709303898], [-95.3159859712097, 29.7388967791508]]}, "properties": {"centerlineid": 10142074, "roadclass": "LOCAL", "fullname": "BARZIZA ST", "fromleft": 401, "toleft": 499, "fromright": 400, "toright": 498, "onewaydir": " "}}, {"type": "Feature", "geometry": {"type": "LineString", "coordinates": [[-95.3226082236923, 29.7475848882433], [-95.322577843303, 29.7476572278548], [-95.3222269544057, 29.7484487346268], [-95.3222116725975, 29.7484792960594]]}, "properties": {"centerlineid": 10142106, "roadclass": "LOCAL", "fullname": "N ADAMS ST", "fromleft": 201, "toleft": 299, "fromright": 200, "toright": 298, "onewaydir": " "}}, {"type": "Feature", "geometry": {"type": "LineString", "coordinates": [[-95.3241648126962, 29.7479091339529], [-95.3238672829961, 29.7485575750197]]}, "properties": {"centerlineid": 10142123, "roadclass": "LOCAL", "fullname": "N STILES ST", "fromleft": 201, "toleft": 299, "fromright": 200, "toright": 298, "onewaydir": " "}}, {"type": "Feature", "geometry": {"type": "LineString", "coordinates": [[-95.3446421215536, 29.7525572013322], [-95.3439400395486, 29.7521357586423]]}, "properties": {"centerlineid": 10139874, "roadclass": "LOCAL", "fullname": "GARROW ST", "fromleft": 2901, "toleft": 2999, "fromright": 2900, "toright": 2998, "onewaydir": " "}}, {"type": "Feature", "geometry": {"type": "LineString", "coordinates": [[-95.3462436502694, 29.7418307304], [-95.3464882520901, 29.7411817044351]]}, "properties": {"centerlineid": 10139899, "roadclass": "LOCAL", "fullname": "SAMPSON ST", "fromleft": 1313, "toleft": 1399, "fromright": 1312, "toright": 1398, "onewaydir": " "}}, {"type": "Feature", "geometry": {"type": "LineString", "coordinates": [[-95.3117212210002, 29.7377753270165], [-95.3105004761695, 29.7374051973638]]}, "properties": {"centerlineid": 10143448, "roadclass": "LOCAL", "fullname": "TEXAS ST", "fromleft": 6501, "toleft": 6599, "fromright": 6500, "toright": 6598, "onewaydir": " "}}, {"type": "Feature", "geometry": {"type": "LineString", "coordinates": [[-95.3220055917495, 29.7369837829728], [-95.3219978422771, 29.7369798961759], [-95.3216806255619, 29.7368811726834]]}, "properties": {"centerlineid": 10143474, "roadclass": "LOCAL", "fullname": "STONEWALL DR", "fromleft": 5141, "toleft": 5199, "fromright": 5140, "toright": 5198, "onewaydir": " "}}, {"type": "Feature", "geometry": {"type": "LineString", "coordinates": [[-95.3230127558056, 29.7369169061886], [-95.323157642343, 29.7367243425853], [-95.3240883577399, 29.7354844438253]]}, "properties": {"centerlineid": 10143515, "roadclass": "LOCAL", "fullname": "WEAVER ST", "fromleft": 1101, "toleft": 1199, "fromright": 1100, "toright": 1198, "onewaydir": " "}}, {"type": "Feature", "geometry": {"type": "LineString", "coordinates": [[-95.3073877543812, 29.7625842214593], [-95.3074105745609, 29.7623190909039], [-95.3077462185882, 29.7613920197974]]}, "properties": {"centerlineid": 10142253, "roadclass": "MAJOR", "fullname": "KRESS ST", "fromleft": 1501, "toleft": 1599, "fromright": 1500, "toright": 1598, "onewaydir": " "}}, {"type": "Feature", "geometry": {"type": "LineString", "coordinates": [[-95.3063347619289, 29.7710165478695], [-95.3063424987615, 29.7697442537177], [-95.3063425177728, 29.7691989215121]]}, "properties": {"centerlineid": 10142258, "roadclass": "LOCAL", "fullname": "HENKE ST", "fromleft": 1001, "toleft": 1099, "fromright": 1000, "toright": 1098, "onewaydir": " "}}, {"type": "Feature", "geometry": {"type": "LineString", "coordinates": [[-95.3523399451717, 29.7504648687002], [-95.3529352374312, 29.7497285543387]]}, "properties": {"centerlineid": 10140010, "roadclass": "MAJOR", "fullname": "EMANCIPATION AVE", "fromleft": 901, "toleft": 999, "fromright": 900, "toright": 998, "onewaydir": " "}}, {"type": "Feature", "geometry": {"type": "LineString", "coordinates": [[-95.3483271132749, 29.7523646217422], [-95.3483727106651, 29.7522941347698], [-95.3484794904296, 29.752158606796], [-95.3488304449509, 29.7517083885264]]}, "properties": {"centerlineid": 10140043, "roadclass": "LOCAL", "fullname": "LIVE OAK ST", "fromleft": 501, "toleft": 599, "fromright": 500, "toright": 598, "onewaydir": " "}}, {"type": "Feature", "geometry": {"type": "LineString", "coordinates": [[-95.3473580650164, 29.7503865928241], [-95.3473961614174, 29.7503409753082], [-95.3477319948661, 29.7498887181182]]}, "properties": {"centerlineid": 10140062, "roadclass": "LOCAL", "fullname": "DELANO ST", "fromleft": 601, "toleft": 699, "fromright": 600, "toright": 698, "onewaydir": " "}}, {"type": "Feature", "geometry": {"type": "LineString", "coordinates": [[-95.3446421215536, 29.7525572013322], [-95.3451988507338, 29.7518382434357]]}, "properties": {"centerlineid": 10140197, "roadclass": "LOCAL", "fullname": "PAIGE ST", "fromleft": 301, "toleft": 399, "fromright": 300, "toright": 398, "onewaydir": " "}}, {"type": "Feature", "geometry": {"type": "LineString", "coordinates": [[-95.3451476286993, 29.7415042383699], [-95.3451971490217, 29.7410588626171], [-95.3452522459284, 29.740813665737]]}, "properties": {"centerlineid": 10140238, "roadclass": "MAJOR", "fullname": "SCOTT ST", "fromleft": 1305, "toleft": 1399, "fromright": 1304, "toright": 1398, "onewaydir": " "}}, {"type": "Feature", "geometry": {"type": "LineString", "coordinates": [[-95.30326012634, 29.7691836554832], [-95.3032679048918, 29.7674993043432], [-95.3032754196592, 29.7673831695817]]}, "properties": {"centerlineid": 10142509, "roadclass": "LOCAL", "fullname": "ZOE ST", "fromleft": 1101, "toleft": 1199, "fromright": 1100, "toright": 1198, "onewaydir": " "}}, {"type": "Feature", "geometry": {"type": "LineString", "coordinates": [[-95.3032067453885, 29.7443669669863], [-95.3013528296536, 29.7437835316215], [-95.3012154619983, 29.7437452227421]]}, "properties": {"centerlineid": 10142588, "roadclass": "LOCAL", "fullname": "AVENUE L", "fromleft": 6801, "toleft": 6899, "fromright": 6800, "toright": 6898, "onewaydir": " "}}, {"type": "Feature", "geometry": {"type": "LineString", "coordinates": [[-95.3434745330414, 29.769869533736], [-95.3434594825894, 29.7702001432151]]}, "properties": {"centerlineid": 10140275, "roadclass": "MAJOR", "fullname": "JENSEN DR", "fromleft": 901, "toleft": 999, "fromright": 900, "toright": 998, "onewaydir": " "}}, {"type": "Feature", "geometry": {"type": "LineString", "coordinates": [[-95.3535303355331, 29.7601370683134], [-95.3526605617775, 29.7596317052187]]}, "properties": {"centerlineid": 10140381, "roadclass": "LOCAL", "fullname": "COMMERCE ST", "fromleft": 1701, "toleft": 1799, "fromright": 1700, "toright": 1798, "onewaydir": "TF"}}, {"type": "Feature", "geometry": {"type": "LineString", "coordinates": [[-95.3025963603973, 29.7404093452763], [-95.3006357025165, 29.7397875500942]]}, "properties": {"centerlineid": 10142748, "roadclass": "MAJOR", "fullname": "CANAL ST", "fromleft": 6901, "toleft": 6999, "fromright": 6900, "toright": 6998, "onewaydir": " "}}, {"type": "Feature", "geometry": {"type": "LineString", "coordinates": [[-95.3021158608791, 29.752360756146], [-95.3020241175728, 29.7523532467036], [-95.3001321043759, 29.751758141176]]}, "properties": {"centerlineid": 10142759, "roadclass": "LOCAL", "fullname": "AVENUE W", "fromleft": 6701, "toleft": 6799, "fromright": 6700, "toright": 6798, "onewaydir": " "}}, {"type": "Feature", "geometry": {"type": "LineString", "coordinates": [[-95.3029473301821, 29.7503886617341], [-95.3009638092603, 29.7497687141878]]}, "properties": {"centerlineid": 10142777, "roadclass": "LOCAL", "fullname": "AVENUE T", "fromleft": 6701, "toleft": 6799, "fromright": 6700, "toright": 6798, "onewaydir": " "}}, {"type": "Feature", "geometry": {"type": "LineString", "coordinates": [[-95.3520729839651, 29.7603698088232], [-95.351981504329, 29.7603278241736], [-95.3512184755068, 29.7598566643817]]}, "properties": {"centerlineid": 10140455, "roadclass": "LOCAL", "fullname": "RUIZ ST", "fromleft": 1801, "toleft": 1899, "fromright": 1800, "toright": 1898, "onewaydir": "FT"}}, {"type": "Feature", "geometry": {"type": "LineString", "coordinates": [[-95.3439761026779, 29.7681262888626], [-95.3439438380628, 29.7680913170954], [-95.3438075580935, 29.7679535517121], [-95.3436661630523, 29.767827953763], [-95.3435357131018, 29.7677434336663]]}, "properties": {"centerlineid": 10140599, "roadclass": "RAMP", "fullname": "EAST FWY", "fromleft": 0, "toleft": 0, "fromright": 0, "toright": 0, "onewaydir": "FT"}}, {"type": "Feature", "geometry": {"type": "LineString", "coordinates": [[-95.328047964316, 29.7659382968455], [-95.3279946626803, 29.7659792237447], [-95.3278573134864, 29.7660325829202], [-95.3274682852062, 29.7660346677157]]}, "properties": {"centerlineid": 10140734, "roadclass": "LOCAL", "fullname": "BARON ST", "fromleft": 4201, "toleft": 4299, "fromright": 4200, "toright": 4298, "onewaydir": " "}}, {"type": "Feature", "geometry": {"type": "LineString", "coordinates": [[-95.3410020601795, 29.7666364957396], [-95.3406442844712, 29.7666354393812]]}, "properties": {"centerlineid": 10140840, "roadclass": "LOCAL", "fullname": "CLINE ST", "fromleft": 2831, "toleft": 2899, "fromright": 2830, "toright": 2898, "onewaydir": " "}}, {"type": "Feature", "geometry": {"type": "LineString", "coordinates": [[-95.3385232175565, 29.7679953167379], [-95.3375466467964, 29.7680142647108]]}, "properties": {"centerlineid": 10140907, "roadclass": "LOCAL", "fullname": "BAER ST", "fromleft": 3101, "toleft": 3199, "fromright": 3100, "toright": 3198, "onewaydir": " "}}, {"type": "Feature", "geometry": {"type": "LineString", "coordinates": [[-95.3375313570668, 29.7673486884781], [-95.3365472327395, 29.7673657943183]]}, "properties": {"centerlineid": 10140980, "roadclass": "LOCAL", "fullname": "GILLESPIE ST", "fromleft": 3201, "toleft": 3299, "fromright": 3200, "toright": 3298, "onewaydir": " "}}, {"type": "Feature", "geometry": {"type": "LineString", "coordinates": [[-95.3358835080723, 29.75888965932], [-95.3355325664122, 29.7593149590141]]}, "properties": {"centerlineid": 10141003, "roadclass": "LOCAL", "fullname": "N VELASCO ST", "fromleft": 901, "toleft": 1099, "fromright": 900, "toright": 1098, "onewaydir": " "}}, {"type": "Feature", "geometry": {"type": "LineString", "coordinates": [[-95.3374278946757, 29.763051682932], [-95.337432344816, 29.7633928898642], [-95.3374445817393, 29.7639244238818]]}, "properties": {"centerlineid": 10141069, "roadclass": "LOCAL", "fullname": "BAYOU ST", "fromleft": 1, "toleft": 99, "fromright": 2, "toright": 98, "onewaydir": " "}}, {"type": "Feature", "geometry": {"type": "LineString", "coordinates": [[-95.3385232175565, 29.7679953167379], [-95.3385307768979, 29.7684665176297], [-95.3385232406657, 29.7686704784522]]}, "properties": {"centerlineid": 10141106, "roadclass": "LOCAL", "fullname": "SYDNOR ST", "fromleft": 701, "toleft": 799, "fromright": 700, "toright": 798, "onewaydir": " "}}, {"type": "Feature", "geometry": {"type": "LineString", "coordinates": [[-95.3436349679267, 29.7561392820956], [-95.3428872373551, 29.7556909107203]]}, "properties": {"centerlineid": 10141179, "roadclass": "MAJOR", "fullname": "CANAL ST", "fromleft": 2701, "toleft": 2799, "fromright": 2700, "toright": 2798, "onewaydir": " "}}, {"type": "Feature", "geometry": {"type": "LineString", "coordinates": [[-95.3312906205004, 29.7457214142487], [-95.3311085372127, 29.7456661867852], [-95.3310387225558, 29.7456449705211]]}, "properties": {"centerlineid": 10141301, "roadclass": "LOCAL", "fullname": "GARROW ST", "fromleft": 4351, "toleft": 4399, "fromright": 4350, "toright": 4398, "onewaydir": " "}}, {"type": "Feature", "geometry": {"type": "LineString", "coordinates": [[-95.334410856129, 29.7449583750399], [-95.3340142936878, 29.7448267174528]]}, "properties": {"centerlineid": 10141306, "roadclass": "MAJOR", "fullname": "HARRISBURG BLVD", "fromleft": 4107, "toleft": 4199, "fromright": 4106, "toright": 4198, "onewaydir": " "}}, {"type": "Feature", "geometry": {"type": "LineString", "coordinates": [[-95.3310701863424, 29.7392413560054], [-95.3304127437592, 29.7391745068388], [-95.3301737541909, 29.7391526491732], [-95.329865666362, 29.7391008272376], [-95.3295869753631, 29.7390447063204], [-95.32939354218, 29.7389774028177]]}, "properties": {"centerlineid": 10141333, "roadclass": "LOCAL", "fullname": "PARK DR", "fromleft": 0, "toleft": 0, "fromright": 4600, "toright": 4698, "onewaydir": "FT"}}, {"type": "Feature", "geometry": {"type": "LineString", "coordinates": [[-95.3426125079103, 29.7467721415697], [-95.341750494163, 29.7462705870582]]}, "properties": {"centerlineid": 10141349, "roadclass": "LOCAL", "fullname": "CAPITOL ST", "fromleft": 3401, "toleft": 3499, "fromright": 3400, "toright": 3498, "onewaydir": " "}}, {"type": "Feature", "geometry": {"type": "LineString", "coordinates": [[-95.3406671442416, 29.7412542559474], [-95.3385843872281, 29.7406210815686]]}, "properties": {"centerlineid": 10141356, "roadclass": "LOCAL", "fullname": "DALLAS ST", "fromleft": 3901, "toleft": 4099, "fromright": 3900, "toright": 4098, "onewaydir": " "}}, {"type": "Feature", "geometry": {"type": "LineString", "coordinates": [[-95.3312906205004, 29.7457214142487], [-95.3318169873581, 29.7450079085182]]}, "properties": {"centerlineid": 10141391, "roadclass": "LOCAL", "fullname": "EASTWOOD ST", "fromleft": 301, "toleft": 319, "fromright": 300, "toright": 318, "onewaydir": " "}}, {"type": "Feature", "geometry": {"type": "LineString", "coordinates": [[-95.327597862103, 29.7391924803226], [-95.3271147613933, 29.7390368350283], [-95.3270816790396, 29.7390216505485], [-95.3270641180836, 29.7390045118455], [-95.3270538787038, 29.7389859873658], [-95.3270409264893, 29.7389501557944]]}, "properties": {"centerlineid": 10141437, "roadclass": "LOCAL", "fullname": "MCKINNEY ST", "fromleft": 4801, "toleft": 4899, "fromright": 4800, "toright": 4898, "onewaydir": " "}}, {"type": "Feature", "geometry": {"type": "LineString", "coordinates": [[-95.335298318573, 29.7438420602806], [-95.3342659845154, 29.7435010424338], [-95.3338233972544, 29.7433610418703]]}, "properties": {"centerlineid": 10141453, "roadclass": "LOCAL", "fullname": "CAPITOL ST", "fromleft": 4201, "toleft": 4399, "fromright": 4200, "toright": 4398, "onewaydir": " "}}, {"type": "Feature", "geometry": {"type": "LineString", "coordinates": [[-95.32799468396, 29.7497458897876], [-95.3279107296097, 29.7498716071887], [-95.3273537216258, 29.7505773727427]]}, "properties": {"centerlineid": 10141468, "roadclass": "LOCAL", "fullname": "N SUPER ST", "fromleft": 201, "toleft": 299, "fromright": 200, "toright": 298, "onewaydir": " "}}, {"type": "Feature", "geometry": {"type": "LineString", "coordinates": [[-95.3324414517855, 29.7541384620077], [-95.3303064685247, 29.753544158293]]}, "properties": {"centerlineid": 10141481, "roadclass": "MAJOR", "fullname": "NAVIGATION BLVD", "fromleft": 3801, "toleft": 4099, "fromright": 3800, "toright": 4098, "onewaydir": " "}}, {"type": "Feature", "geometry": {"type": "LineString", "coordinates": [[-95.3289406668817, 29.7429707981434], [-95.3291772703027, 29.7426810071142], [-95.3294136896564, 29.742414049136]]}, "properties": {"centerlineid": 10141523, "roadclass": "MAJOR", "fullname": "S LOCKWOOD DR", "fromleft": 501, "toleft": 599, "fromright": 500, "toright": 598, "onewaydir": " "}}, {"type": "Feature", "geometry": {"type": "LineString", "coordinates": [[-95.332442667744, 29.7392611470589], [-95.3322366261197, 29.7389177829281], [-95.3321526623193, 29.7388128180361], [-95.3321096349144, 29.7387626071543], [-95.3320626632679, 29.7387123202626], [-95.3320110448839, 29.7386656313469], [-95.3319551401939, 29.7386228664129], [-95.3318953395571, 29.7385843240665], [-95.3318320605346, 29.7385502734292], [-95.3317657449738, 29.7385209522587], [-95.3316968559237, 29.7384965652895], [-95.3316258744011, 29.7384772828027], [-95.3315270298792, 29.7384543362571], [-95.3313896699857, 29.7384408988438]]}, "properties": {"centerlineid": 10139319, "roadclass": "LOCAL", "fullname": "WOODSIDE ST", "fromleft": 4551, "toleft": 4599, "fromright": 4550, "toright": 4598, "onewaydir": " "}}, {"type": "Feature", "geometry": {"type": "LineString", "coordinates": [[-95.3269188646973, 29.7373746261615], [-95.3273537366947, 29.7367948343889]]}, "properties": {"centerlineid": 10139409, "roadclass": "LOCAL", "fullname": "EDGEWOOD ST", "fromleft": 1101, "toleft": 1115, "fromright": 1100, "toright": 1114, "onewaydir": " "}}, {"type": "Feature", "geometry": {"type": "LineString", "coordinates": [[-95.3360742317065, 29.7534251921551], [-95.3352448035624, 29.7529347815374]]}, "properties": {"centerlineid": 10141578, "roadclass": "LOCAL", "fullname": "RUNNELS ST", "fromleft": 3501, "toleft": 3599, "fromright": 3500, "toright": 3598, "onewaydir": " "}}, {"type": "Feature", "geometry": {"type": "LineString", "coordinates": [[-95.3264383321438, 29.7492555814209], [-95.3260415064324, 29.7491355213451]]}, "properties": {"centerlineid": 10141637, "roadclass": "LOCAL", "fullname": "SCHROEDER ST", "fromleft": 4621, "toleft": 4631, "fromright": 4620, "toright": 4630, "onewaydir": " "}}, {"type": "Feature", "geometry": {"type": "LineString", "coordinates": [[-95.3379890733207, 29.7496331939944], [-95.3385843480589, 29.7488779144276]]}, "properties": {"centerlineid": 10141714, "roadclass": "LOCAL", "fullname": "HUTCHESON ST", "fromleft": 201, "toleft": 299, "fromright": 200, "toright": 298, "onewaydir": " "}}, {"type": "Feature", "geometry": {"type": "LineString", "coordinates": [[-95.3426125079103, 29.7467721415697], [-95.3429634469724, 29.7463374728904], [-95.3432000623369, 29.7460225848651]]}, "properties": {"centerlineid": 10141722, "roadclass": "MAJOR", "fullname": "SAMPSON ST", "fromleft": 701, "toleft": 799, "fromright": 700, "toright": 798, "onewaydir": "FT"}}, {"type": "Feature", "geometry": {"type": "LineString", "coordinates": [[-95.3368219462876, 29.7435811423838], [-95.3372872209379, 29.742988103125]]}, "properties": {"centerlineid": 10141733, "roadclass": "LOCAL", "fullname": "CULLEN BLVD", "fromleft": 801, "toleft": 899, "fromright": 800, "toright": 898, "onewaydir": " "}}, {"type": "Feature", "geometry": {"type": "LineString", "coordinates": [[-95.3082725910858, 29.7452330904459], [-95.3078760403511, 29.7458414184857]]}, "properties": {"centerlineid": 10141863, "roadclass": "LOCAL", "fullname": "TERMINAL ST", "fromleft": 1101, "toleft": 1199, "fromright": 1100, "toright": 1198, "onewaydir": " "}}, {"type": "Feature", "geometry": {"type": "LineString", "coordinates": [[-95.3453286652639, 29.7529750083296], [-95.3446421215536, 29.7525572013322]]}, "properties": {"centerlineid": 10139666, "roadclass": "LOCAL", "fullname": "GARROW ST", "fromleft": 2801, "toleft": 2899, "fromright": 2800, "toright": 2898, "onewaydir": " "}}, {"type": "Feature", "geometry": {"type": "LineString", "coordinates": [[-95.3212197936198, 29.7451224689672], [-95.320121131643, 29.7447886238485]]}, "properties": {"centerlineid": 10141884, "roadclass": "LOCAL", "fullname": "BRADY ST", "fromleft": 5301, "toleft": 5399, "fromright": 5300, "toright": 5398, "onewaydir": " "}}, {"type": "Feature", "geometry": {"type": "LineString", "coordinates": [[-95.3225244616074, 29.7419122819306], [-95.3220895921681, 29.74177492946], [-95.3216241240798, 29.741624362637]]}, "properties": {"centerlineid": 10141934, "roadclass": "MAJOR", "fullname": "HARRISBURG BLVD", "fromleft": 5301, "toleft": 5399, "fromright": 5300, "toright": 5398, "onewaydir": " "}}, {"type": "Feature", "geometry": {"type": "LineString", "coordinates": [[-95.3183359007987, 29.7484355078253], [-95.3178095235618, 29.7481550973666], [-95.3168785809147, 29.7478824019934]]}, "properties": {"centerlineid": 10141986, "roadclass": "MAJOR", "fullname": "NAVIGATION BLVD", "fromleft": 5501, "toleft": 5699, "fromright": 5500, "toright": 5698, "onewaydir": " "}}, {"type": "Feature", "geometry": {"type": "LineString", "coordinates": [[-95.3205407392038, 29.7437472513152], [-95.3210824067873, 29.7424101628093]]}, "properties": {"centerlineid": 10142013, "roadclass": "LOCAL", "fullname": "DELMAR ST", "fromleft": 201, "toleft": 299, "fromright": 200, "toright": 298, "onewaydir": " "}}, {"type": "Feature", "geometry": {"type": "LineString", "coordinates": [[-95.323684053827, 29.7489409281695], [-95.3229516018405, 29.7487024721308]]}, "properties": {"centerlineid": 10142022, "roadclass": "LOCAL", "fullname": "AVENUE I", "fromleft": 4901, "toleft": 4999, "fromright": 4900, "toright": 4998, "onewaydir": " "}}, {"type": "Feature", "geometry": {"type": "LineString", "coordinates": [[-95.3232872543461, 29.749833519718], [-95.322875415597, 29.7507585355302]]}, "properties": {"centerlineid": 10142102, "roadclass": "LOCAL", "fullname": "N STILES ST", "fromleft": 401, "toleft": 499, "fromright": 400, "toright": 498, "onewaydir": " "}}, {"type": "Feature", "geometry": {"type": "LineString", "coordinates": [[-95.3217995644573, 29.7493643906782], [-95.3213724289252, 29.7502875876804]]}, "properties": {"centerlineid": 10142113, "roadclass": "LOCAL", "fullname": "N ADAMS ST", "fromleft": 401, "toleft": 499, "fromright": 400, "toright": 498, "onewaydir": " "}}, {"type": "Feature", "geometry": {"type": "LineString", "coordinates": [[-95.3094933499044, 29.7692235842313], [-95.3084558302139, 29.769213986423]]}, "properties": {"centerlineid": 10142165, "roadclass": "LOCAL", "fullname": "LESLIE ST", "fromleft": 6101, "toleft": 6199, "fromright": 6100, "toright": 6198, "onewaydir": " "}}, {"type": "Feature", "geometry": {"type": "LineString", "coordinates": [[-95.3388934487316, 29.7690675067254], [-95.3395267453676, 29.7690355480218], [-95.3403162088252, 29.7690253106198], [-95.3407433277662, 29.7690214379011], [-95.3410605300515, 29.7689996455954], [-95.3412812485876, 29.7689844811302], [-95.3414252686636, 29.7689745872271], [-95.3414376532616, 29.7689737360403], [-95.3417297150148, 29.7689462480685], [-95.3419031538701, 29.7689299238962], [-95.3420310176128, 29.7689091655367], [-95.3420380647311, 29.7689080207808], [-95.3420674890094, 29.7689032430422], [-95.3420849018243, 29.7689004167373], [-95.3423149879418, 29.7688630629621], [-95.3425897025875, 29.7688135759461], [-95.342974949318, 29.768769414617], [-95.3430627384507, 29.7687418340261], [-95.3434032663148, 29.7686348521766], [-95.3437657730113, 29.7685209643536], [-95.343920480291, 29.7684618893118], [-95.3441430323612, 29.768379172839], [-95.3450176347716, 29.7680504537559], [-95.3454027448137, 29.7679057055607], [-95.3454977730695, 29.7678699889379], [-95.346487613185, 29.7674619541507], [-95.3477242610827, 29.7668375692689]]}, "properties": {"centerlineid": 10125983, "roadclass": "RAMP", "fullname": "WB 10 E TO SB 59 N", "fromleft": 0, "toleft": 0, "fromright": 0, "toright": 0, "onewaydir": "TF"}}, {"type": "Feature", "geometry": {"type": "LineString", "coordinates": [[-95.3438812455283, 29.7611372477901], [-95.3436425169262, 29.7614589033338], [-95.3435281530858, 29.7616419011616], [-95.3434364384426, 29.7618326336118], [-95.3433727685801, 29.7619667749367], [-95.3433296780565, 29.7620578447349], [-95.3431847985851, 29.7623782138858]]}, "properties": {"centerlineid": 10140824, "roadclass": "MAJOR", "fullname": "S JENSEN DR", "fromleft": 401, "toleft": 499, "fromright": 400, "toright": 498, "onewaydir": " "}}, {"type": "Feature", "geometry": {"type": "LineString", "coordinates": [[-95.309493324752, 29.7673792755627], [-95.3085701720206, 29.7673849691803]]}, "properties": {"centerlineid": 10142208, "roadclass": "LOCAL", "fullname": "LARIMER ST", "fromleft": 6101, "toleft": 6195, "fromright": 6100, "toright": 6194, "onewaydir": " "}}, {"type": "Feature", "geometry": {"type": "LineString", "coordinates": [[-95.3094780507122, 29.7710183920954], [-95.3094857800996, 29.7696966055576], [-95.3094933499044, 29.7692235842313]]}, "properties": {"centerlineid": 10142259, "roadclass": "LOCAL", "fullname": "HAHLO ST", "fromleft": 1001, "toleft": 1099, "fromright": 1000, "toright": 1098, "onewaydir": " "}}, {"type": "Feature", "geometry": {"type": "LineString", "coordinates": [[-95.3210939121739, 29.7682941542172], [-95.3211056424874, 29.7708351304906]]}, "properties": {"centerlineid": 10142271, "roadclass": "LOCAL", "fullname": "SOLO ST", "fromleft": 701, "toleft": 999, "fromright": 700, "toright": 998, "onewaydir": " "}}, {"type": "Feature", "geometry": {"type": "LineString", "coordinates": [[-95.3512031819818, 29.7486910751346], [-95.3518213453165, 29.7479337573279]]}, "properties": {"centerlineid": 10140032, "roadclass": "LOCAL", "fullname": "LIVE OAK ST", "fromleft": 1001, "toleft": 1099, "fromright": 1000, "toright": 1098, "onewaydir": " "}}, {"type": "Feature", "geometry": {"type": "LineString", "coordinates": [[-95.3043206662856, 29.7601580701469], [-95.3025735468606, 29.7592177877593]]}, "properties": {"centerlineid": 10142483, "roadclass": "MAJOR", "fullname": "CLINTON DR", "fromleft": 6001, "toleft": 6499, "fromright": 6000, "toright": 6498, "onewaydir": " "}}, {"type": "Feature", "geometry": {"type": "LineString", "coordinates": [[-95.3451988507338, 29.7518382434357], [-95.3454813317948, 29.7515616767667]]}, "properties": {"centerlineid": 10140198, "roadclass": "LOCAL", "fullname": "PAIGE ST", "fromleft": 401, "toleft": 499, "fromright": 400, "toright": 498, "onewaydir": " "}}, {"type": "Feature", "geometry": {"type": "LineString", "coordinates": [[-95.344359620814, 29.7565817172017], [-95.3436349679267, 29.7561392820956]]}, "properties": {"centerlineid": 10140398, "roadclass": "MAJOR", "fullname": "CANAL ST", "fromleft": 2601, "toleft": 2699, "fromright": 2600, "toright": 2698, "onewaydir": " "}}, {"type": "Feature", "geometry": {"type": "LineString", "coordinates": [[-95.3478616226285, 29.7343380959073], [-95.3471291982431, 29.7341227048401]]}, "properties": {"centerlineid": 10138456, "roadclass": "LOCAL", "fullname": "HADLEY ST", "fromleft": 3501, "toleft": 3519, "fromright": 3500, "toright": 3518, "onewaydir": " "}}, {"type": "Feature", "geometry": {"type": "LineString", "coordinates": [[-95.3474258055426, 29.7706133812048], [-95.3469960288039, 29.7705648747751], [-95.3467558041972, 29.7705451885484], [-95.3465310911524, 29.770512788294], [-95.3463074739234, 29.7704497642267], [-95.3460257237319, 29.7703282261455], [-95.3457781902054, 29.7702136166583], [-95.3455406885931, 29.770127451173], [-95.3452832584587, 29.7700340527746], [-95.3448570534919, 29.7699840976979], [-95.3443728963521, 29.7700187577712], [-95.3439972866904, 29.7700819622297], [-95.3434594825894, 29.7702001432151]]}, "properties": {"centerlineid": 10140696, "roadclass": "RAMP", "fullname": "JENSEN PROVIDENCE RAMP", "fromleft": 0, "toleft": 0, "fromright": 0, "toright": 0, "onewaydir": "TF"}}, {"type": "Feature", "geometry": {"type": "LineString", "coordinates": [[-95.3478616226285, 29.7343380959073], [-95.3480829573973, 29.7337088321428]]}, "properties": {"centerlineid": 10138661, "roadclass": "MAJOR", "fullname": "SCOTT ST", "fromleft": 2301, "toleft": 2399, "fromright": 2300, "toright": 2398, "onewaydir": " "}}, {"type": "Feature", "geometry": {"type": "LineString", "coordinates": [[-95.3384622828276, 29.7660136660228], [-95.3379662423181, 29.7660307667406]]}, "properties": {"centerlineid": 10140827, "roadclass": "LOCAL", "fullname": "BARON ST", "fromleft": 3101, "toleft": 3149, "fromright": 3100, "toright": 3148, "onewaydir": " "}}, {"type": "Feature", "geometry": {"type": "LineString", "coordinates": [[-95.3434364412607, 29.7578063234306], [-95.3426125235538, 29.757329449852]]}, "properties": {"centerlineid": 10140856, "roadclass": "MAJOR", "fullname": "NAVIGATION BLVD", "fromleft": 2601, "toleft": 2699, "fromright": 2600, "toright": 2698, "onewaydir": " "}}, {"type": "Feature", "geometry": {"type": "LineString", "coordinates": [[-95.3265603379538, 29.7686173029638], [-95.3247751781668, 29.7686591105629]]}, "properties": {"centerlineid": 10140952, "roadclass": "LOCAL", "fullname": "GUNTER ST", "fromleft": 4401, "toleft": 4599, "fromright": 4400, "toright": 4598, "onewaydir": " "}}, {"type": "Feature", "geometry": {"type": "LineString", "coordinates": [[-95.3107065082401, 29.7368902350734], [-95.30942465835, 29.7364916163667], [-95.3087608854777, 29.7362837649599]]}, "properties": {"centerlineid": 10143354, "roadclass": "LOCAL", "fullname": "CAPITOL ST", "fromleft": 6601, "toleft": 6699, "fromright": 6600, "toright": 6698, "onewaydir": " "}}, {"type": "Feature", "geometry": {"type": "LineString", "coordinates": [[-95.3347314757683, 29.76869534881], [-95.334746745692, 29.769174065161], [-95.3347467511596, 29.7692406788839], [-95.3347620247625, 29.7693171524432]]}, "properties": {"centerlineid": 10141093, "roadclass": "LOCAL", "fullname": "CAGE ST", "fromleft": 801, "toleft": 899, "fromright": 800, "toright": 898, "onewaydir": " "}}, {"type": "Feature", "geometry": {"type": "LineString", "coordinates": [[-95.3286965513223, 29.7499384977711], [-95.3286278353083, 29.7500377449337], [-95.3280405388906, 29.7507986916022]]}, "properties": {"centerlineid": 10141186, "roadclass": "LOCAL", "fullname": "N EASTWOOD ST", "fromleft": 201, "toleft": 299, "fromright": 200, "toright": 298, "onewaydir": " "}}, {"type": "Feature", "geometry": {"type": "LineString", "coordinates": [[-95.3257898360927, 29.7476685976181], [-95.3255990736129, 29.7476115900907], [-95.3252098185442, 29.7474931781279]]}, "properties": {"centerlineid": 10141193, "roadclass": "MAJOR", "fullname": "CANAL ST", "fromleft": 4801, "toleft": 4811, "fromright": 4800, "toright": 4810, "onewaydir": " "}}, {"type": "Feature", "geometry": {"type": "LineString", "coordinates": [[-95.3443521144876, 29.74455772432], [-95.3435128942766, 29.7440466155046]]}, "properties": {"centerlineid": 10141205, "roadclass": "MAJOR", "fullname": "MCKINNEY ST", "fromleft": 3401, "toleft": 3499, "fromright": 3400, "toright": 3498, "onewaydir": " "}}, {"type": "Feature", "geometry": {"type": "LineString", "coordinates": [[-95.3496282162489, 29.7368905514495], [-95.3494704123382, 29.7365784112307], [-95.3494279792012, 29.7365074815256], [-95.3492270439023, 29.7362577949458], [-95.3488381789041, 29.7358431577709]]}, "properties": {"centerlineid": 10139003, "roadclass": "RAMP", "fullname": "SB 45 S SCOTT EXIT RAMP", "fromleft": 0, "toleft": 0, "fromright": 0, "toright": 0, "onewaydir": "FT"}}, {"type": "Feature", "geometry": {"type": "LineString", "coordinates": [[-95.3303674126023, 29.7366004527372], [-95.3306572069137, 29.735936712336]]}, "properties": {"centerlineid": 10139068, "roadclass": "LOCAL", "fullname": "EDDINGTON ST", "fromleft": 1301, "toleft": 1399, "fromright": 1300, "toright": 1398, "onewaydir": " "}}, {"type": "Feature", "geometry": {"type": "LineString", "coordinates": [[-95.3417427453939, 29.7423166143893], [-95.3404229775404, 29.7419104708349]]}, "properties": {"centerlineid": 10141278, "roadclass": "LOCAL", "fullname": "WOODLEIGH ST", "fromleft": 3801, "toleft": 3899, "fromright": 3800, "toright": 3898, "onewaydir": " "}}, {"type": "Feature", "geometry": {"type": "LineString", "coordinates": [[-95.335235029329, 29.746121826637], [-95.3355083924408, 29.7454434872665], [-95.3355401203723, 29.7453645299976]]}, "properties": {"centerlineid": 10141302, "roadclass": "LOCAL", "fullname": "GRACE ST", "fromleft": 401, "toleft": 499, "fromright": 400, "toright": 498, "onewaydir": " "}}, {"type": "Feature", "geometry": {"type": "LineString", "coordinates": [[-95.3353345135808, 29.7551217733796], [-95.3352134642607, 29.7551784426184], [-95.3350699416406, 29.7552329974307], [-95.3348947229326, 29.7552950790885], [-95.3347089782956, 29.7553454059974], [-95.3345145505757, 29.7553935870233], [-95.3342914108852, 29.7554486225102], [-95.3340017892874, 29.7555104380339]]}, "properties": {"centerlineid": 10141305, "roadclass": "MAJOR", "fullname": "N SAMPSON ST", "fromleft": 401, "toleft": 499, "fromright": 400, "toright": 498, "onewaydir": "FT"}}, {"type": "Feature", "geometry": {"type": "LineString", "coordinates": [[-95.3436805938518, 29.7403310440975], [-95.3440164389768, 29.7394822771082]]}, "properties": {"centerlineid": 10141309, "roadclass": "LOCAL", "fullname": "MILLER ST", "fromleft": 1401, "toleft": 1499, "fromright": 1400, "toright": 1498, "onewaydir": " "}}, {"type": "Feature", "geometry": {"type": "LineString", "coordinates": [[-95.3300621125301, 29.745328506235], [-95.3296731212248, 29.7452043471222]]}, "properties": {"centerlineid": 10141386, "roadclass": "LOCAL", "fullname": "GARROW ST", "fromleft": 4517, "toleft": 4519, "fromright": 4516, "toright": 4518, "onewaydir": " "}}, {"type": "Feature", "geometry": {"type": "LineString", "coordinates": [[-95.3424523620685, 29.7410388315354], [-95.3417580180819, 29.740823240276]]}, "properties": {"centerlineid": 10141394, "roadclass": "MAJOR", "fullname": "POLK ST", "fromleft": 3801, "toleft": 3815, "fromright": 3800, "toright": 3814, "onewaydir": " "}}, {"type": "Feature", "geometry": {"type": "LineString", "coordinates": [[-95.3418114033702, 29.7380557503519], [-95.3408608555501, 29.7377643563704], [-95.3406290359652, 29.737693178299], [-95.3398126408609, 29.7374453542905]]}, "properties": {"centerlineid": 10139162, "roadclass": "MAJOR", "fullname": "LEELAND ST", "fromleft": 4001, "toleft": 4099, "fromright": 4000, "toright": 4098, "onewaydir": " "}}, {"type": "Feature", "geometry": {"type": "LineString", "coordinates": [[-95.3289406668817, 29.7429707981434], [-95.3287805178117, 29.7428736056868], [-95.3286812593922, 29.7428336715407]]}, "properties": {"centerlineid": 10141426, "roadclass": "LOCAL", "fullname": "TEXAS ST", "fromleft": 4701, "toleft": 4749, "fromright": 4700, "toright": 4748, "onewaydir": " "}}, {"type": "Feature", "geometry": {"type": "LineString", "coordinates": [[-95.3281242954679, 29.7483857600195], [-95.3279640938863, 29.7483401077789], [-95.3274149057398, 29.7481817782097]]}, "properties": {"centerlineid": 10141471, "roadclass": "MAJOR", "fullname": "CANAL ST", "fromleft": 4521, "toleft": 4599, "fromright": 4520, "toright": 4598, "onewaydir": " "}}, {"type": "Feature", "geometry": {"type": "LineString", "coordinates": [[-95.3343496352345, 29.7541074997847], [-95.3336966124574, 29.7537142522667]]}, "properties": {"centerlineid": 10141478, "roadclass": "LOCAL", "fullname": "MERKEL ST", "fromleft": 3601, "toleft": 3699, "fromright": 3600, "toright": 3698, "onewaydir": " "}}, {"type": "Feature", "geometry": {"type": "LineString", "coordinates": [[-95.3297798661151, 29.734189357863], [-95.3298410149779, 29.7341875442384], [-95.3298601958555, 29.7341823520443], [-95.3298784468546, 29.7341750396541], [-95.3298954617702, 29.7341657297509], [-95.3299109551361, 29.7341545785311], [-95.3299246670137, 29.7341417730836], [-95.3299363673535, 29.7341275282509], [-95.329945859855, 29.7341120830246], [-95.3299529852594, 29.7340956965358], [-95.330123266796, 29.7336134254898]]}, "properties": {"centerlineid": 10139377, "roadclass": "LOCAL", "fullname": "DUMBLE ST", "fromleft": 1601, "toleft": 1611, "fromright": 1600, "toright": 1610, "onewaydir": " "}}, {"type": "Feature", "geometry": {"type": "LineString", "coordinates": [[-95.3266290434853, 29.7394537270138], [-95.3257058690106, 29.7391637212614]]}, "properties": {"centerlineid": 10141570, "roadclass": "LOCAL", "fullname": "WALKER ST", "fromleft": 4901, "toleft": 4919, "fromright": 4900, "toright": 4918, "onewaydir": " "}}, {"type": "Feature", "geometry": {"type": "LineString", "coordinates": [[-95.3379890733207, 29.7496331939944], [-95.3372872112479, 29.7492099052607]]}, "properties": {"centerlineid": 10141589, "roadclass": "LOCAL", "fullname": "SHERMAN ST", "fromleft": 3601, "toleft": 3699, "fromright": 3600, "toright": 3698, "onewaydir": " "}}, {"type": "Feature", "geometry": {"type": "LineString", "coordinates": [[-95.3270792667017, 29.7520422424409], [-95.3269418727541, 29.7520011682512], [-95.3263849225244, 29.7518343422567]]}, "properties": {"centerlineid": 10141617, "roadclass": "MAJOR", "fullname": "NAVIGATION BLVD", "fromleft": 4425, "toleft": 4499, "fromright": 4424, "toright": 4498, "onewaydir": " "}}, {"type": "Feature", "geometry": {"type": "LineString", "coordinates": [[-95.3264688957092, 29.7396615997304], [-95.3266290434853, 29.7394537270138]]}, "properties": {"centerlineid": 10141665, "roadclass": "LOCAL", "fullname": "DUMBLE ST", "fromleft": 751, "toleft": 799, "fromright": 750, "toright": 798, "onewaydir": " "}}, {"type": "Feature", "geometry": {"type": "LineString", "coordinates": [[-95.3355478802422, 29.7476953018169], [-95.3357386180987, 29.7474607647695], [-95.3360130947601, 29.7471269215442]]}, "properties": {"centerlineid": 10141686, "roadclass": "LOCAL", "fullname": "DRENNAN ST", "fromleft": 221, "toleft": 299, "fromright": 220, "toright": 298, "onewaydir": " "}}, {"type": "Feature", "geometry": {"type": "LineString", "coordinates": [[-95.3195870099946, 29.7434554342508], [-95.3186715618959, 29.7431635913018]]}, "properties": {"centerlineid": 10141783, "roadclass": "LOCAL", "fullname": "SHERMAN ST", "fromleft": 5501, "toleft": 5599, "fromright": 5500, "toright": 5598, "onewaydir": " "}}, {"type": "Feature", "geometry": {"type": "LineString", "coordinates": [[-95.3186715618959, 29.7431635913018], [-95.3177331104954, 29.742875623224]]}, "properties": {"centerlineid": 10141787, "roadclass": "LOCAL", "fullname": "SHERMAN ST", "fromleft": 5601, "toleft": 5699, "fromright": 5600, "toright": 5698, "onewaydir": " "}}, {"type": "Feature", "geometry": {"type": "LineString", "coordinates": [[-95.310248558431, 29.7460207499282], [-95.3089135660707, 29.7456011761726]]}, "properties": {"centerlineid": 10141790, "roadclass": "LOCAL", "fullname": "ESPERSON ST", "fromleft": 6301, "toleft": 6499, "fromright": 6300, "toright": 6498, "onewaydir": " "}}, {"type": "Feature", "geometry": {"type": "LineString", "coordinates": [[-95.3126672175748, 29.7413115189946], [-95.3127817496593, 29.741040676853], [-95.3128198700036, 29.7409225003756]]}, "properties": {"centerlineid": 10141828, "roadclass": "LOCAL", "fullname": "MARSDEN ST", "fromleft": 201, "toleft": 205, "fromright": 200, "toright": 204, "onewaydir": " "}}, {"type": "Feature", "geometry": {"type": "LineString", "coordinates": [[-95.3071435933018, 29.7403025481299], [-95.3051598941474, 29.7396672984364]]}, "properties": {"centerlineid": 10141833, "roadclass": "LOCAL", "fullname": "AVENUE E", "fromleft": 6701, "toleft": 6799, "fromright": 6700, "toright": 6798, "onewaydir": " "}}, {"type": "Feature", "geometry": {"type": "LineString", "coordinates": [[-95.3186562816534, 29.7397341575689], [-95.3177483584536, 29.7394519121565]]}, "properties": {"centerlineid": 10141850, "roadclass": "LOCAL", "fullname": "TEXAS ST", "fromleft": 5801, "toleft": 5899, "fromright": 5800, "toright": 5898, "onewaydir": " "}}, {"type": "Feature", "geometry": {"type": "LineString", "coordinates": [[-95.3514092331417, 29.7532533479868], [-95.3508158076126, 29.7529231659552], [-95.3507845112735, 29.7529070158541], [-95.3507520435404, 29.7528927345997], [-95.3507185507668, 29.7528803865669], [-95.3506841839263, 29.7528700274163], [-95.3506490979327, 29.7528617038432], [-95.350613450941, 29.7528554533673], [-95.3505774036352, 29.7528513041635], [-95.3505411185033, 29.7528492749349], [-95.3504632638978, 29.7528472073523]]}, "properties": {"centerlineid": 10139657, "roadclass": "LOCAL", "fullname": "TEXAS ST", "fromleft": 2301, "toleft": 2399, "fromright": 2300, "toright": 2398, "onewaydir": "FT"}}, {"type": "Feature", "geometry": {"type": "LineString", "coordinates": [[-95.3221351908922, 29.7505239559096], [-95.3213724289252, 29.7502875876804]]}, "properties": {"centerlineid": 10141872, "roadclass": "MAJOR", "fullname": "NAVIGATION BLVD", "fromleft": 5001, "toleft": 5099, "fromright": 5000, "toright": 5098, "onewaydir": " "}}, {"type": "Feature", "geometry": {"type": "LineString", "coordinates": [[-95.3127053124964, 29.7388871844235], [-95.3116678238399, 29.7385800708032]]}, "properties": {"centerlineid": 10141912, "roadclass": "MAJOR", "fullname": "HARRISBURG BLVD", "fromleft": 6401, "toleft": 6499, "fromright": 6400, "toright": 6498, "onewaydir": " "}}, {"type": "Feature", "geometry": {"type": "LineString", "coordinates": [[-95.3086847140953, 29.744617052373], [-95.3076928227766, 29.7442889300035]]}, "properties": {"centerlineid": 10142002, "roadclass": "LOCAL", "fullname": "AVENUE J", "fromleft": 6501, "toleft": 6599, "fromright": 6500, "toright": 6598, "onewaydir": " "}}, {"type": "Feature", "geometry": {"type": "LineString", "coordinates": [[-95.3470986227068, 29.7396501803078], [-95.3458322419938, 29.7392764322361]]}, "properties": {"centerlineid": 10139715, "roadclass": "MAJOR", "fullname": "LEELAND ST", "fromleft": 3425, "toleft": 3499, "fromright": 3424, "toright": 3498, "onewaydir": " "}}, {"type": "Feature", "geometry": {"type": "LineString", "coordinates": [[-95.3222116725975, 29.7484792960594], [-95.3217995644573, 29.7493643906782]]}, "properties": {"centerlineid": 10142112, "roadclass": "LOCAL", "fullname": "N ADAMS ST", "fromleft": 301, "toleft": 399, "fromright": 300, "toright": 398, "onewaydir": " "}}, {"type": "Feature", "geometry": {"type": "LineString", "coordinates": [[-95.3181070698006, 29.7590612546798], [-95.3177102652768, 29.7590594216137], [-95.3130334354867, 29.759124237371]]}, "properties": {"centerlineid": 10142169, "roadclass": "LOCAL", "fullname": "HARVEY WILSON ST", "fromleft": 5501, "toleft": 5599, "fromright": 5500, "toright": 5598, "onewaydir": " "}}, {"type": "Feature", "geometry": {"type": "LineString", "coordinates": [[-95.3073953087405, 29.7710165616809], [-95.3074105811347, 29.7697271717336], [-95.3074180959612, 29.7691911635638]]}, "properties": {"centerlineid": 10142178, "roadclass": "MAJOR", "fullname": "KRESS ST", "fromleft": 1001, "toleft": 1099, "fromright": 1000, "toright": 1098, "onewaydir": " "}}, {"type": "Feature", "geometry": {"type": "LineString", "coordinates": [[-95.3466103223308, 29.7525934860159], [-95.3463877568489, 29.7524555753621], [-95.3461615285005, 29.7522762523204], [-95.3459924489311, 29.7521337390453]]}, "properties": {"centerlineid": 10139875, "roadclass": "MAJOR", "fullname": "HARRISBURG BLVD", "fromleft": 2701, "toleft": 2799, "fromright": 2700, "toright": 2798, "onewaydir": " "}}, {"type": "Feature", "geometry": {"type": "LineString", "coordinates": [[-95.3462436502694, 29.7418307304], [-95.3451476286993, 29.7415042383699]]}, "properties": {"centerlineid": 10139895, "roadclass": "LOCAL", "fullname": "CLAY ST", "fromleft": 3501, "toleft": 3599, "fromright": 3500, "toright": 3598, "onewaydir": " "}}, {"type": "Feature", "geometry": {"type": "LineString", "coordinates": [[-95.3530801477298, 29.7542853881313], [-95.3523248858964, 29.7538217481207], [-95.3522103333317, 29.7537647135009]]}, "properties": {"centerlineid": 10139912, "roadclass": "LOCAL", "fullname": "TEXAS ST", "fromleft": 2101, "toleft": 2199, "fromright": 2100, "toright": 2198, "onewaydir": "FT"}}, {"type": "Feature", "geometry": {"type": "LineString", "coordinates": [[-95.3238823037098, 29.7369798929262], [-95.3241951682329, 29.7367318826477], [-95.3242181781795, 29.7367072076682], [-95.3244011707648, 29.7365354125813], [-95.3249962801509, 29.7357573446275]]}, "properties": {"centerlineid": 10143514, "roadclass": "LOCAL", "fullname": "ALTIC ST", "fromleft": 1001, "toleft": 1199, "fromright": 1000, "toright": 1198, "onewaydir": " "}}, {"type": "Feature", "geometry": {"type": "LineString", "coordinates": [[-95.3023293915453, 29.73572675439], [-95.3020013058254, 29.7365050736192]]}, "properties": {"centerlineid": 10143552, "roadclass": "LOCAL", "fullname": "70TH ST", "fromleft": 101, "toleft": 199, "fromright": 100, "toright": 198, "onewaydir": " "}}, {"type": "Feature", "geometry": {"type": "LineString", "coordinates": [[-95.3034584232759, 29.7383283973852], [-95.3037483963096, 29.7376265227373]]}, "properties": {"centerlineid": 10143814, "roadclass": "MAJOR", "fullname": "SSGT MACARIO GARCIA DR", "fromleft": 301, "toleft": 399, "fromright": 300, "toright": 398, "onewaydir": "FT"}}, {"type": "Feature", "geometry": {"type": "LineString", "coordinates": [[-95.3275502769559, 29.7707607125625], [-95.327529202923, 29.7701315020793], [-95.3275216553151, 29.7699161026182]]}, "properties": {"centerlineid": 10140917, "roadclass": "LOCAL", "fullname": "POLLARD ST", "fromleft": 901, "toleft": 999, "fromright": 900, "toright": 998, "onewaydir": " "}}, {"type": "Feature", "geometry": {"type": "LineString", "coordinates": [[-95.3459846944759, 29.7533831859952], [-95.3464261552774, 29.7528214534727]]}, "properties": {"centerlineid": 10139999, "roadclass": "LOCAL", "fullname": "NAGLE ST", "fromleft": 301, "toleft": 399, "fromright": 300, "toright": 398, "onewaydir": " "}}, {"type": "Feature", "geometry": {"type": "LineString", "coordinates": [[-95.3488153554822, 29.7549794885606], [-95.349204411542, 29.754443504117], [-95.3493340191515, 29.7542794324136]]}, "properties": {"centerlineid": 10140017, "roadclass": "MAJOR", "fullname": "EMANCIPATION AVE", "fromleft": 301, "toleft": 399, "fromright": 300, "toright": 398, "onewaydir": "FT"}}, {"type": "Feature", "geometry": {"type": "LineString", "coordinates": [[-95.3521494488854, 29.7459272072609], [-95.3527139370387, 29.7451929379065], [-95.3527214671639, 29.7451776536817]]}, "properties": {"centerlineid": 10140056, "roadclass": "LOCAL", "fullname": "NAGLE ST", "fromleft": 1301, "toleft": 1399, "fromright": 1300, "toright": 1398, "onewaydir": " "}}, {"type": "Feature", "geometry": {"type": "LineString", "coordinates": [[-95.3001321043759, 29.751758141176], [-95.2999032463704, 29.751899146045], [-95.2997887302292, 29.7520079999179], [-95.2996210300564, 29.7521472043295], [-95.2986519403712, 29.7525190987932], [-95.2983544070305, 29.7526984422929], [-95.2981636539228, 29.7529101819092], [-95.2978889640774, 29.7532914863738]]}, "properties": {"centerlineid": 10142592, "roadclass": "LOCAL", "fullname": "WAYCREST ST", "fromleft": 2301, "toleft": 2399, "fromright": 2300, "toright": 2398, "onewaydir": "FT"}}, {"type": "Feature", "geometry": {"type": "LineString", "coordinates": [[-95.3065635904408, 29.7416777427724], [-95.3045723461692, 29.741036788743]]}, "properties": {"centerlineid": 10142613, "roadclass": "MAJOR", "fullname": "CANAL ST", "fromleft": 6701, "toleft": 6799, "fromright": 6700, "toright": 6798, "onewaydir": " "}}, {"type": "Feature", "geometry": {"type": "LineString", "coordinates": [[-95.3520196245617, 29.7645677474361], [-95.3520348840323, 29.7655290322671], [-95.352073015161, 29.7673774273456]]}, "properties": {"centerlineid": 10140269, "roadclass": "LOCAL", "fullname": "MCKEE ST", "fromleft": 601, "toleft": 799, "fromright": 600, "toright": 798, "onewaydir": " "}}, {"type": "Feature", "geometry": {"type": "LineString", "coordinates": [[-95.3471520019052, 29.7563471329372], [-95.3467554243641, 29.7568602984447], [-95.3461067258794, 29.7576995169361]]}, "properties": {"centerlineid": 10140441, "roadclass": "LOCAL", "fullname": "COLBY ST", "fromleft": 1, "toleft": 99, "fromright": 2, "toright": 98, "onewaydir": " "}}, {"type": "Feature", "geometry": {"type": "LineString", "coordinates": [[-95.3034736842794, 29.7437127926329], [-95.3034127619754, 29.7438405720435], [-95.3032067453885, 29.7443669669863]]}, "properties": {"centerlineid": 10142826, "roadclass": "MAJOR", "fullname": "WAYSIDE DR", "fromleft": 1101, "toleft": 1199, "fromright": 1100, "toright": 1198, "onewaydir": "TF"}}, {"type": "Feature", "geometry": {"type": "LineString", "coordinates": [[-95.3429178339603, 29.7584109528181], [-95.3426965048574, 29.7582793123857], [-95.3421395016666, 29.7579473209275]]}, "properties": {"centerlineid": 10140776, "roadclass": "LOCAL", "fullname": "ENGELKE ST", "fromleft": 2601, "toleft": 2699, "fromright": 2600, "toright": 2698, "onewaydir": " "}}, {"type": "Feature", "geometry": {"type": "LineString", "coordinates": [[-95.3406442844712, 29.7666354393812], [-95.3394691970203, 29.7666506994038]]}, "properties": {"centerlineid": 10140830, "roadclass": "LOCAL", "fullname": "CLINE ST", "fromleft": 2901, "toleft": 2999, "fromright": 2900, "toright": 2998, "onewaydir": " "}}, {"type": "Feature", "geometry": {"type": "LineString", "coordinates": [[-95.3356699405361, 29.7666888353312], [-95.3351510465104, 29.7666963685806], [-95.3346933547997, 29.7667040855414]]}, "properties": {"centerlineid": 10140849, "roadclass": "LOCAL", "fullname": "CLINE ST", "fromleft": 3401, "toleft": 3499, "fromright": 3400, "toright": 3498, "onewaydir": " "}}, {"type": "Feature", "geometry": {"type": "LineString", "coordinates": [[-95.3421395016666, 29.7579473209275], [-95.34143012049, 29.7575219920707]]}, "properties": {"centerlineid": 10140851, "roadclass": "LOCAL", "fullname": "ENGELKE ST", "fromleft": 2701, "toleft": 2717, "fromright": 2700, "toright": 2716, "onewaydir": " "}}, {"type": "Feature", "geometry": {"type": "LineString", "coordinates": [[-95.3265507189735, 29.7679613416545], [-95.3257973864146, 29.7679818822031]]}, "properties": {"centerlineid": 10140920, "roadclass": "LOCAL", "fullname": "COKE ST", "fromleft": 4401, "toleft": 4415, "fromright": 4400, "toright": 4414, "onewaydir": " "}}, {"type": "Feature", "geometry": {"type": "LineString", "coordinates": [[-95.3437645536415, 29.7589049600587], [-95.3434975845331, 29.7592462796863]]}, "properties": {"centerlineid": 10140954, "roadclass": "LOCAL", "fullname": "N ST CHARLES ST", "fromleft": 301, "toleft": 315, "fromright": 300, "toright": 314, "onewaydir": " "}}, {"type": "Feature", "geometry": {"type": "LineString", "coordinates": [[-95.3274224240912, 29.7668508242851], [-95.3273003261527, 29.7668508280847], [-95.3265373261808, 29.7668661043828]]}, "properties": {"centerlineid": 10140965, "roadclass": "LOCAL", "fullname": "CLINE ST", "fromleft": 4301, "toleft": 4399, "fromright": 4300, "toright": 4398, "onewaydir": " "}}, {"type": "Feature", "geometry": {"type": "LineString", "coordinates": [[-95.3274682852062, 29.7660346677157], [-95.3273309154351, 29.7660383004574], [-95.3266443267757, 29.7660535782873], [-95.3265321314004, 29.7660488416911]]}, "properties": {"centerlineid": 10140966, "roadclass": "LOCAL", "fullname": "BARON ST", "fromleft": 4301, "toleft": 4399, "fromright": 4300, "toright": 4398, "onewaydir": " "}}, {"type": "Feature", "geometry": {"type": "LineString", "coordinates": [[-95.3430017731002, 29.7630323765811], [-95.342997001986, 29.7634331970224]]}, "properties": {"centerlineid": 10141070, "roadclass": "MAJOR", "fullname": "JENSEN DR", "fromleft": 51, "toleft": 79, "fromright": 50, "toright": 78, "onewaydir": " "}}, {"type": "Feature", "geometry": {"type": "LineString", "coordinates": [[-95.3337854482786, 29.7673792512741], [-95.3338082852871, 29.7680448500264]]}, "properties": {"centerlineid": 10141073, "roadclass": "LOCAL", "fullname": "BRINGHURST ST", "fromleft": 601, "toleft": 699, "fromright": 600, "toright": 698, "onewaydir": " "}}, {"type": "Feature", "geometry": {"type": "LineString", "coordinates": [[-95.3388934487316, 29.7690675067254], [-95.3379740152955, 29.7690978551166], [-95.3373711645489, 29.7691282228028], [-95.3369891827886, 29.7691357649206], [-95.3365547966481, 29.7691815920939]]}, "properties": {"centerlineid": 10141128, "roadclass": "HIGHWAY", "fullname": "E IH 10", "fromleft": 3101, "toleft": 3299, "fromright": 0, "toright": 0, "onewaydir": "TF"}}, {"type": "Feature", "geometry": {"type": "LineString", "coordinates": [[-95.3318704014305, 29.7562211777816], [-95.331786436409, 29.7562937730128], [-95.3317102527065, 29.7563738400904], [-95.3316490933238, 29.7564482218294], [-95.3315423089468, 29.7565741997784], [-95.3313134511178, 29.7568792332678]]}, "properties": {"centerlineid": 10141147, "roadclass": "MAJOR", "fullname": "N YORK ST", "fromleft": 601, "toleft": 699, "fromright": 600, "toright": 698, "onewaydir": " "}}, {"type": "Feature", "geometry": {"type": "LineString", "coordinates": [[-95.3364938442726, 29.7347483554724], [-95.334578785516, 29.7341532869898]]}, "properties": {"centerlineid": 10139032, "roadclass": "LOCAL", "fullname": "JEFFERSON ST", "fromleft": 4401, "toleft": 4499, "fromright": 4400, "toright": 4498, "onewaydir": " "}}, {"type": "Feature", "geometry": {"type": "LineString", "coordinates": [[-95.3297493149513, 29.7381223468007], [-95.3301004949894, 29.7372756122088]]}, "properties": {"centerlineid": 10139097, "roadclass": "LOCAL", "fullname": "EDDINGTON ST", "fromleft": 1101, "toleft": 1199, "fromright": 1100, "toright": 1198, "onewaydir": " "}}, {"type": "Feature", "geometry": {"type": "LineString", "coordinates": [[-95.338393615706, 29.7529786189265], [-95.337928148099, 29.7526774400155]]}, "properties": {"centerlineid": 10141252, "roadclass": "MAJOR", "fullname": "CANAL ST", "fromleft": 3301, "toleft": 3399, "fromright": 3300, "toright": 3398, "onewaydir": " "}}, {"type": "Feature", "geometry": {"type": "LineString", "coordinates": [[-95.3401560037071, 29.7425664796968], [-95.3404229775404, 29.7419104708349]]}, "properties": {"centerlineid": 10141279, "roadclass": "LOCAL", "fullname": "ST JOSEPH ST", "fromleft": 1101, "toleft": 1111, "fromright": 1100, "toright": 1110, "onewaydir": " "}}, {"type": "Feature", "geometry": {"type": "LineString", "coordinates": [[-95.3344567480616, 29.7458872959311], [-95.3347237173598, 29.7452253443173], [-95.3347483550825, 29.7451641943167], [-95.3347770748004, 29.745091854113]]}, "properties": {"centerlineid": 10141299, "roadclass": "LOCAL", "fullname": "HUNT ST", "fromleft": 401, "toleft": 499, "fromright": 400, "toright": 498, "onewaydir": " "}}, {"type": "Feature", "geometry": {"type": "LineString", "coordinates": [[-95.3411476474757, 29.7546285362311], [-95.3403923933079, 29.7541690118484]]}, "properties": {"centerlineid": 10141330, "roadclass": "MAJOR", "fullname": "CANAL ST", "fromleft": 3001, "toleft": 3099, "fromright": 3000, "toright": 3098, "onewaydir": " "}}, {"type": "Feature", "geometry": {"type": "LineString", "coordinates": [[-95.3283989955239, 29.7508979213732], [-95.3280405388906, 29.7507986916022]]}, "properties": {"centerlineid": 10141366, "roadclass": "LOCAL", "fullname": "ENGELKE ST", "fromleft": 4301, "toleft": 4399, "fromright": 4300, "toright": 4398, "onewaydir": " "}}, {"type": "Feature", "geometry": {"type": "LineString", "coordinates": [[-95.3271707438314, 29.7469781704481], [-95.3262094698381, 29.7466769842889]]}, "properties": {"centerlineid": 10141372, "roadclass": "LOCAL", "fullname": "BRADY ST", "fromleft": 4701, "toleft": 4799, "fromright": 4700, "toright": 4798, "onewaydir": " "}}, {"type": "Feature", "geometry": {"type": "LineString", "coordinates": [[-95.3399269163695, 29.7445882735036], [-95.3388741502744, 29.7442412305447]]}, "properties": {"centerlineid": 10141455, "roadclass": "LOCAL", "fullname": "RUSK ST", "fromleft": 3801, "toleft": 3899, "fromright": 3800, "toright": 3898, "onewaydir": " "}}, {"type": "Feature", "geometry": {"type": "LineString", "coordinates": [[-95.3300927085043, 29.7503256817079], [-95.3294367266419, 29.7501214510501]]}, "properties": {"centerlineid": 10141460, "roadclass": "LOCAL", "fullname": "LOVEJOY ST", "fromleft": 4317, "toleft": 4399, "fromright": 4316, "toright": 4398, "onewaydir": " "}}, {"type": "Feature", "geometry": {"type": "LineString", "coordinates": [[-95.3303749632857, 29.7409033263798], [-95.3306802404823, 29.7401651613476]]}, "properties": {"centerlineid": 10141535, "roadclass": "MAJOR", "fullname": "S LOCKWOOD DR", "fromleft": 901, "toleft": 999, "fromright": 900, "toright": 998, "onewaydir": " "}}, {"type": "Feature", "geometry": {"type": "LineString", "coordinates": [[-95.3434364302781, 29.7385515276417], [-95.342665886951, 29.7383208820124]]}, "properties": {"centerlineid": 10139326, "roadclass": "MAJOR", "fullname": "LEELAND ST", "fromleft": 3801, "toleft": 3899, "fromright": 3800, "toright": 3898, "onewaydir": " "}}, {"type": "Feature", "geometry": {"type": "LineString", "coordinates": [[-95.3294136896564, 29.742414049136], [-95.3292612483252, 29.742333722233], [-95.3291086028569, 29.7422842316864]]}, "properties": {"centerlineid": 10141653, "roadclass": "LOCAL", "fullname": "N CAPITOL ST", "fromleft": 4701, "toleft": 4749, "fromright": 4700, "toright": 4748, "onewaydir": " "}}, {"type": "Feature", "geometry": {"type": "LineString", "coordinates": [[-95.3252634249409, 29.7397341816498], [-95.3257058690106, 29.7391637212614]]}, "properties": {"centerlineid": 10141662, "roadclass": "LOCAL", "fullname": "EDGEWOOD ST", "fromleft": 701, "toleft": 799, "fromright": 700, "toright": 798, "onewaydir": " "}}, {"type": "Feature", "geometry": {"type": "LineString", "coordinates": [[-95.3372872052127, 29.7503637872182], [-95.3373711812121, 29.7503886437069], [-95.3379890733207, 29.7496331939944]]}, "properties": {"centerlineid": 10141672, "roadclass": "LOCAL", "fullname": "HUTCHESON ST", "fromleft": 101, "toleft": 199, "fromright": 100, "toright": 198, "onewaydir": " "}}, {"type": "Feature", "geometry": {"type": "LineString", "coordinates": [[-95.3404458189995, 29.7511133526755], [-95.3410255814386, 29.7503503362694]]}, "properties": {"centerlineid": 10141705, "roadclass": "LOCAL", "fullname": "ROBERTS ST", "fromleft": 201, "toleft": 299, "fromright": 200, "toright": 298, "onewaydir": " "}}, {"type": "Feature", "geometry": {"type": "LineString", "coordinates": [[-95.3413155729843, 29.7516379196879], [-95.3418953976782, 29.7508997878006]]}, "properties": {"centerlineid": 10141736, "roadclass": "LOCAL", "fullname": "VELASCO ST", "fromleft": 201, "toleft": 299, "fromright": 200, "toright": 298, "onewaydir": " "}}, {"type": "Feature", "geometry": {"type": "LineString", "coordinates": [[-95.318259468764, 29.7442163767695], [-95.3186715618959, 29.7431635913018]]}, "properties": {"centerlineid": 10141784, "roadclass": "LOCAL", "fullname": "LATHAM ST", "fromleft": 101, "toleft": 199, "fromright": 100, "toright": 198, "onewaydir": " "}}, {"type": "Feature", "geometry": {"type": "LineString", "coordinates": [[-95.3078760403511, 29.7458414184857], [-95.3074105590812, 29.7456926627495], [-95.3051904572344, 29.7449907987955]]}, "properties": {"centerlineid": 10141794, "roadclass": "LOCAL", "fullname": "AVENUE L", "fromleft": 6601, "toleft": 6699, "fromright": 6600, "toright": 6698, "onewaydir": " "}}, {"type": "Feature", "geometry": {"type": "LineString", "coordinates": [[-95.3177331104954, 29.742875623224], [-95.3182672361523, 29.7415460602819]]}, "properties": {"centerlineid": 10141818, "roadclass": "LOCAL", "fullname": "CLIFTON ST", "fromleft": 201, "toleft": 299, "fromright": 200, "toright": 298, "onewaydir": " "}}, {"type": "Feature", "geometry": {"type": "LineString", "coordinates": [[-95.3242409939185, 29.7460684481449], [-95.324645357801, 29.7450555799501]]}, "properties": {"centerlineid": 10141882, "roadclass": "LOCAL", "fullname": "BRYAN ST", "fromleft": 101, "toleft": 199, "fromright": 100, "toright": 198, "onewaydir": " "}}, {"type": "Feature", "geometry": {"type": "LineString", "coordinates": [[-95.3122400507171, 29.7423433104599], [-95.3126672175748, 29.7413115189946]]}, "properties": {"centerlineid": 10141904, "roadclass": "LOCAL", "fullname": "MARSDEN ST", "fromleft": 101, "toleft": 199, "fromright": 100, "toright": 198, "onewaydir": " "}}, {"type": "Feature", "geometry": {"type": "LineString", "coordinates": [[-95.3131860470918, 29.742644738679], [-95.3136056740067, 29.7416015242322]]}, "properties": {"centerlineid": 10141971, "roadclass": "LOCAL", "fullname": "CAYLOR ST", "fromleft": 101, "toleft": 199, "fromright": 100, "toright": 198, "onewaydir": " "}}, {"type": "Feature", "geometry": {"type": "LineString", "coordinates": [[-95.317313461448, 29.7412503623935], [-95.3176490975932, 29.7404017886557]]}, "properties": {"centerlineid": 10141996, "roadclass": "LOCAL", "fullname": "NORWOOD ST", "fromleft": 301, "toleft": 399, "fromright": 300, "toright": 398, "onewaydir": " "}}, {"type": "Feature", "geometry": {"type": "LineString", "coordinates": [[-95.3255760367186, 29.740773696141], [-95.3246759297534, 29.740491245752]]}, "properties": {"centerlineid": 10142038, "roadclass": "LOCAL", "fullname": "S CAPITOL ST", "fromleft": 5101, "toleft": 5199, "fromright": 5100, "toright": 5198, "onewaydir": " "}}, {"type": "Feature", "geometry": {"type": "LineString", "coordinates": [[-95.3229135192438, 29.7399249018461], [-95.3234857761554, 29.73917538089]]}, "properties": {"centerlineid": 10142073, "roadclass": "LOCAL", "fullname": "DELMAR ST", "fromleft": 601, "toleft": 699, "fromright": 600, "toright": 698, "onewaydir": " "}}, {"type": "Feature", "geometry": {"type": "LineString", "coordinates": [[-95.3206246885395, 29.750073773198], [-95.3202279071979, 29.7509339777711]]}, "properties": {"centerlineid": 10142100, "roadclass": "LOCAL", "fullname": "N EDGEWOOD ST", "fromleft": 501, "toleft": 599, "fromright": 500, "toright": 598, "onewaydir": " "}}, {"type": "Feature", "geometry": {"type": "LineString", "coordinates": [[-95.3238672829961, 29.7485575750197], [-95.323684053827, 29.7489409281695]]}, "properties": {"centerlineid": 10142110, "roadclass": "LOCAL", "fullname": "N STILES ST", "fromleft": 301, "toleft": 307, "fromright": 300, "toright": 306, "onewaydir": " "}}, {"type": "Feature", "geometry": {"type": "LineString", "coordinates": [[-95.3207314995017, 29.7480138496188], [-95.3203118799013, 29.7489103189303]]}, "properties": {"centerlineid": 10142126, "roadclass": "LOCAL", "fullname": "ENGEL ST", "fromleft": 301, "toleft": 399, "fromright": 300, "toright": 398, "onewaydir": " "}}, {"type": "Feature", "geometry": {"type": "LineString", "coordinates": [[-95.3057549629683, 29.7382368867078], [-95.3037483963096, 29.7376265227373]]}, "properties": {"centerlineid": 10143760, "roadclass": "LOCAL", "fullname": "AVENUE C", "fromleft": 6801, "toleft": 6899, "fromright": 6800, "toright": 6898, "onewaydir": " "}}, {"type": "Feature", "geometry": {"type": "LineString", "coordinates": [[-95.3043053897354, 29.7363409953808], [-95.3039850278725, 29.7370962736066]]}, "properties": {"centerlineid": 10143781, "roadclass": "MAJOR", "fullname": "SSGT MACARIO GARCIA DR", "fromleft": 101, "toleft": 199, "fromright": 100, "toright": 198, "onewaydir": "FT"}}, {"type": "Feature", "geometry": {"type": "LineString", "coordinates": [[-95.3394005424362, 29.7554257683401], [-95.3388969802257, 29.7551606728512], [-95.3386758833583, 29.7550748528267], [-95.3383630569183, 29.7550538841536], [-95.3380532998897, 29.7551079026055], [-95.3376259198286, 29.7552169070579]]}, "properties": {"centerlineid": 10141175, "roadclass": "MAJOR", "fullname": "NAVIGATION BLVD", "fromleft": 3101, "toleft": 3299, "fromright": 3100, "toright": 3298, "onewaydir": " "}}, {"type": "Feature", "geometry": {"type": "LineString", "coordinates": [[-95.3446571469006, 29.7548516913864], [-95.3447945318049, 29.7548918621904], [-95.3459846944759, 29.7533831859952]]}, "properties": {"centerlineid": 10139996, "roadclass": "LOCAL", "fullname": "NAGLE ST", "fromleft": 101, "toleft": 299, "fromright": 100, "toright": 298, "onewaydir": " "}}, {"type": "Feature", "geometry": {"type": "LineString", "coordinates": [[-95.3518213453165, 29.7479337573279], [-95.3524010905978, 29.7472070214469], [-95.3524086520352, 29.7472013191348]]}, "properties": {"centerlineid": 10140027, "roadclass": "LOCAL", "fullname": "LIVE OAK ST", "fromleft": 1101, "toleft": 1199, "fromright": 1100, "toright": 1198, "onewaydir": " "}}, {"type": "Feature", "geometry": {"type": "LineString", "coordinates": [[-95.3477319948661, 29.7498887181182], [-95.3483193527689, 29.7491544852297]]}, "properties": {"centerlineid": 10140071, "roadclass": "LOCAL", "fullname": "DELANO ST", "fromleft": 701, "toleft": 799, "fromright": 700, "toright": 798, "onewaydir": " "}}, {"type": "Feature", "geometry": {"type": "LineString", "coordinates": [[-95.3003381744424, 29.7673220172836], [-95.2994608456356, 29.7673372870518]]}, "properties": {"centerlineid": 10142440, "roadclass": "LOCAL", "fullname": "PALESTINE ST", "fromleft": 6921, "toleft": 7009, "fromright": 6920, "toright": 7008, "onewaydir": " "}}, {"type": "Feature", "geometry": {"type": "LineString", "coordinates": [[-95.3441154884882, 29.7596317021589], [-95.3434975845331, 29.7592462796863]]}, "properties": {"centerlineid": 10140339, "roadclass": "LOCAL", "fullname": "ANN ST", "fromleft": 2501, "toleft": 2599, "fromright": 2500, "toright": 2598, "onewaydir": " "}}, {"type": "Feature", "geometry": {"type": "LineString", "coordinates": [[-95.3055336335085, 29.7497210109826], [-95.3034889675828, 29.7490686649188]]}, "properties": {"centerlineid": 10142658, "roadclass": "LOCAL", "fullname": "AVENUE R", "fromleft": 6601, "toleft": 6699, "fromright": 6600, "toright": 6698, "onewaydir": " "}}, {"type": "Feature", "geometry": {"type": "LineString", "coordinates": [[-95.3051904572344, 29.7449907987955], [-95.3032067453885, 29.7443669669863]]}, "properties": {"centerlineid": 10142664, "roadclass": "LOCAL", "fullname": "AVENUE L", "fromleft": 6701, "toleft": 6799, "fromright": 6700, "toright": 6798, "onewaydir": " "}}, {"type": "Feature", "geometry": {"type": "LineString", "coordinates": [[-95.3001321043759, 29.751758141176], [-95.2981484014837, 29.7511267969502]]}, "properties": {"centerlineid": 10142715, "roadclass": "LOCAL", "fullname": "AVENUE W", "fromleft": 6801, "toleft": 6899, "fromright": 6800, "toright": 6898, "onewaydir": " "}}, {"type": "Feature", "geometry": {"type": "LineString", "coordinates": [[-95.3521188379077, 29.7570852730449], [-95.3519739846026, 29.7570033655488], [-95.3512796376647, 29.7565741716595]]}, "properties": {"centerlineid": 10140442, "roadclass": "LOCAL", "fullname": "CONGRESS ST", "fromleft": 2001, "toleft": 2099, "fromright": 2000, "toright": 2098, "onewaydir": "TF"}}, {"type": "Feature", "geometry": {"type": "LineString", "coordinates": [[-95.350722663808, 29.7573332931274], [-95.3501045548823, 29.7569518031407], [-95.349860416658, 29.7568048551327], [-95.3498300863912, 29.7567838862786]]}, "properties": {"centerlineid": 10140443, "roadclass": "LOCAL", "fullname": "FRANKLIN ST", "fromleft": 2101, "toleft": 2199, "fromright": 2100, "toright": 2198, "onewaydir": " "}}, {"type": "Feature", "geometry": {"type": "LineString", "coordinates": [[-95.3012079461477, 29.7384180702675], [-95.3009254715445, 29.739087536273]]}, "properties": {"centerlineid": 10142811, "roadclass": "LOCAL", "fullname": "70TH ST", "fromleft": 501, "toleft": 599, "fromright": 500, "toright": 598, "onewaydir": " "}}, {"type": "Feature", "geometry": {"type": "LineString", "coordinates": [[-95.3484987515151, 29.7609264123661], [-95.3480473759941, 29.7614940462988], [-95.34797600273, 29.7616012226017], [-95.347919781635, 29.761704446167], [-95.3478659003695, 29.761812100284], [-95.34781092612, 29.7619502786626], [-95.3477142515647, 29.7622051699102], [-95.347644909715, 29.7623953334032], [-95.3475961766502, 29.7624975231061], [-95.3475629051159, 29.7625627456113], [-95.3475378920025, 29.7626133494734]]}, "properties": {"centerlineid": 10140552, "roadclass": "LOCAL", "fullname": "EAST DR", "fromleft": 201, "toleft": 499, "fromright": 200, "toright": 498, "onewaydir": "FT"}}, {"type": "Feature", "geometry": {"type": "LineString", "coordinates": [[-95.3434517331537, 29.7673583001569], [-95.3430093492218, 29.7673613280517]]}, "properties": {"centerlineid": 10140716, "roadclass": "LOCAL", "fullname": "BAER ST", "fromleft": 2601, "toleft": 2699, "fromright": 2600, "toright": 2698, "onewaydir": " "}}, {"type": "Feature", "geometry": {"type": "LineString", "coordinates": [[-95.3408272974804, 29.75962391196], [-95.3398201524973, 29.7590306977782]]}, "properties": {"centerlineid": 10140721, "roadclass": "LOCAL", "fullname": "KENNEDY ST", "fromleft": 2701, "toleft": 2799, "fromright": 2700, "toright": 2798, "onewaydir": " "}}, {"type": "Feature", "geometry": {"type": "LineString", "coordinates": [[-95.3318932276765, 29.7572454794509], [-95.3314049353208, 29.7578576415194]]}, "properties": {"centerlineid": 10140812, "roadclass": "LOCAL", "fullname": "N HUTCHESON ST", "fromleft": 701, "toleft": 799, "fromright": 700, "toright": 798, "onewaydir": " "}}, {"type": "Feature", "geometry": {"type": "LineString", "coordinates": [[-95.3307564877627, 29.7575774293748], [-95.3301691597216, 29.757209203252], [-95.3301232687896, 29.757161474038], [-95.3301385565428, 29.7570966746793]]}, "properties": {"centerlineid": 10140853, "roadclass": "LOCAL", "fullname": "MARRON PARK WAY", "fromleft": 3701, "toleft": 3799, "fromright": 3700, "toright": 3798, "onewaydir": " "}}, {"type": "Feature", "geometry": {"type": "LineString", "coordinates": [[-95.3328928513187, 29.7568315719376], [-95.3324273540974, 29.7565474909818]]}, "properties": {"centerlineid": 10140862, "roadclass": "LOCAL", "fullname": "FREUND ST", "fromleft": 3501, "toleft": 3599, "fromright": 3500, "toright": 3598, "onewaydir": " "}}, {"type": "Feature", "geometry": {"type": "LineString", "coordinates": [[-95.3257973864146, 29.7679818822031], [-95.3248361075128, 29.76800101587]]}, "properties": {"centerlineid": 10140896, "roadclass": "LOCAL", "fullname": "COKE ST", "fromleft": 4417, "toleft": 4599, "fromright": 4416, "toright": 4598, "onewaydir": " "}}, {"type": "Feature", "geometry": {"type": "LineString", "coordinates": [[-95.3433755168755, 29.758676081225], [-95.3429178339603, 29.7584109528181]]}, "properties": {"centerlineid": 10140958, "roadclass": "LOCAL", "fullname": "ENGELKE ST", "fromleft": 2509, "toleft": 2599, "fromright": 2508, "toright": 2598, "onewaydir": " "}}, {"type": "Feature", "geometry": {"type": "LineString", "coordinates": [[-95.3524850826391, 29.736176954351], [-95.3517448993224, 29.7359423986408]]}, "properties": {"centerlineid": 10138710, "roadclass": "LOCAL", "fullname": "HADLEY ST", "fromleft": 3221, "toleft": 3299, "fromright": 3220, "toright": 3298, "onewaydir": " "}}, {"type": "Feature", "geometry": {"type": "LineString", "coordinates": [[-95.3275138923043, 29.765443230569], [-95.3273462019002, 29.7654375187136], [-95.32722411172, 29.7654432446135], [-95.326499257042, 29.7654566817799]]}, "properties": {"centerlineid": 10140967, "roadclass": "MAJOR", "fullname": "CLINTON DR", "fromleft": 4301, "toleft": 4399, "fromright": 4300, "toright": 4398, "onewaydir": " "}}, {"type": "Feature", "geometry": {"type": "LineString", "coordinates": [[-95.3386528182359, 29.7568048790876], [-95.3383705739787, 29.7566312361947], [-95.3378975824073, 29.7563357605079]]}, "properties": {"centerlineid": 10140969, "roadclass": "LOCAL", "fullname": "BERING ST", "fromleft": 3101, "toleft": 3199, "fromright": 3100, "toright": 3198, "onewaydir": " "}}, {"type": "Feature", "geometry": {"type": "LineString", "coordinates": [[-95.3265373317253, 29.7665343389741], [-95.3265373261808, 29.7668661043828]]}, "properties": {"centerlineid": 10141037, "roadclass": "LOCAL", "fullname": "WACO ST", "fromleft": 415, "toleft": 499, "fromright": 414, "toright": 498, "onewaydir": " "}}, {"type": "Feature", "geometry": {"type": "LineString", "coordinates": [[-95.3346933547997, 29.7667040855414], [-95.3347008732876, 29.7673658224428]]}, "properties": {"centerlineid": 10141116, "roadclass": "LOCAL", "fullname": "CAGE ST", "fromleft": 501, "toleft": 599, "fromright": 500, "toright": 598, "onewaydir": " "}}, {"type": "Feature", "geometry": {"type": "LineString", "coordinates": [[-95.3307564877627, 29.7575774293748], [-95.3302606389699, 29.7582334313125]]}, "properties": {"centerlineid": 10141159, "roadclass": "MAJOR", "fullname": "N YORK ST", "fromleft": 801, "toleft": 899, "fromright": 800, "toright": 898, "onewaydir": " "}}, {"type": "Feature", "geometry": {"type": "LineString", "coordinates": [[-95.3314049236769, 29.7554296759936], [-95.3296391312075, 29.7543818607029]]}, "properties": {"centerlineid": 10141178, "roadclass": "LOCAL", "fullname": "ROTMAN ST", "fromleft": 3801, "toleft": 4099, "fromright": 3800, "toright": 4098, "onewaydir": " "}}, {"type": "Feature", "geometry": {"type": "LineString", "coordinates": [[-95.3339652389722, 29.7521648843606], [-95.3335056315866, 29.7527527357441]]}, "properties": {"centerlineid": 10141246, "roadclass": "LOCAL", "fullname": "N MILBY ST", "fromleft": 227, "toleft": 299, "fromright": 226, "toright": 298, "onewaydir": " "}}, {"type": "Feature", "geometry": {"type": "LineString", "coordinates": [[-95.3398126408609, 29.7374453542905], [-95.3387748776179, 29.7371382574316]]}, "properties": {"centerlineid": 10139062, "roadclass": "MAJOR", "fullname": "LEELAND ST", "fromleft": 4101, "toleft": 4199, "fromright": 4100, "toright": 4198, "onewaydir": " "}}, {"type": "Feature", "geometry": {"type": "LineString", "coordinates": [[-95.3310701863424, 29.7392413560054], [-95.3313896699857, 29.7384408988438]]}, "properties": {"centerlineid": 10139091, "roadclass": "MAJOR", "fullname": "S LOCKWOOD DR", "fromleft": 1101, "toleft": 1199, "fromright": 1100, "toright": 1198, "onewaydir": " "}}, {"type": "Feature", "geometry": {"type": "LineString", "coordinates": [[-95.3252098185442, 29.7474931781279], [-95.3248285333388, 29.7473710760365]]}, "properties": {"centerlineid": 10141271, "roadclass": "MAJOR", "fullname": "CANAL ST", "fromleft": 4813, "toleft": 4899, "fromright": 4812, "toright": 4898, "onewaydir": " "}}, {"type": "Feature", "geometry": {"type": "LineString", "coordinates": [[-95.3445734127597, 29.7357075932591], [-95.3437876230596, 29.7354730495236], [-95.3436805811646, 29.7354406343252]]}, "properties": {"centerlineid": 10139183, "roadclass": "LOCAL", "fullname": "THARP ST", "fromleft": 3801, "toleft": 3899, "fromright": 3800, "toright": 3898, "onewaydir": " "}}, {"type": "Feature", "geometry": {"type": "LineString", "coordinates": [[-95.3368294806861, 29.7393241412077], [-95.3371651326509, 29.7384867325561]]}, "properties": {"centerlineid": 10139320, "roadclass": "LOCAL", "fullname": "SIDNEY ST", "fromleft": 1301, "toleft": 1399, "fromright": 1300, "toright": 1398, "onewaydir": " "}}, {"type": "Feature", "geometry": {"type": "LineString", "coordinates": [[-95.3330148906608, 29.7381871668042], [-95.3333505381231, 29.7373595823874]]}, "properties": {"centerlineid": 10139323, "roadclass": "LOCAL", "fullname": "FASHION ST", "fromleft": 1301, "toleft": 1399, "fromright": 1300, "toright": 1398, "onewaydir": " "}}, {"type": "Feature", "geometry": {"type": "LineString", "coordinates": [[-95.3270409264893, 29.7389501557944], [-95.3270792591601, 29.7388892425707], [-95.3273384646611, 29.7385533692281]]}, "properties": {"centerlineid": 10139403, "roadclass": "LOCAL", "fullname": "DUMBLE ST", "fromleft": 901, "toleft": 999, "fromright": 900, "toright": 998, "onewaydir": " "}}, {"type": "Feature", "geometry": {"type": "LineString", "coordinates": [[-95.3271629652486, 29.744342324198], [-95.327559762392, 29.7433312871571]]}, "properties": {"centerlineid": 10141571, "roadclass": "LOCAL", "fullname": "BURR ST", "fromleft": 301, "toleft": 399, "fromright": 300, "toright": 398, "onewaydir": " "}}, {"type": "Feature", "geometry": {"type": "LineString", "coordinates": [[-95.3432000623369, 29.7460225848651], [-95.343787634689, 29.7452901447929]]}, "properties": {"centerlineid": 10141674, "roadclass": "MAJOR", "fullname": "SAMPSON ST", "fromleft": 801, "toleft": 899, "fromright": 800, "toright": 898, "onewaydir": "FT"}}, {"type": "Feature", "geometry": {"type": "LineString", "coordinates": [[-95.3360742317065, 29.7534251921551], [-95.3355859601939, 29.7540202486001]]}, "properties": {"centerlineid": 10141755, "roadclass": "MAJOR", "fullname": "N YORK ST", "fromleft": 223, "toleft": 299, "fromright": 222, "toright": 298, "onewaydir": "TF"}}, {"type": "Feature", "geometry": {"type": "LineString", "coordinates": [[-95.3423302623839, 29.7455420337671], [-95.3428263288687, 29.7449220914723], [-95.3429100822355, 29.744819201469]]}, "properties": {"centerlineid": 10141759, "roadclass": "MAJOR", "fullname": "YORK ST", "fromleft": 801, "toleft": 899, "fromright": 800, "toright": 898, "onewaydir": "TF"}}, {"type": "Feature", "geometry": {"type": "LineString", "coordinates": [[-95.3118355094304, 29.743344742325], [-95.3109276426593, 29.7430604522662]]}, "properties": {"centerlineid": 10141779, "roadclass": "MAJOR", "fullname": "CANAL ST", "fromleft": 6301, "toleft": 6399, "fromright": 6300, "toright": 6398, "onewaydir": " "}}, {"type": "Feature", "geometry": {"type": "LineString", "coordinates": [[-95.3137658352705, 29.7412008485152], [-95.3128198700036, 29.7409225003756]]}, "properties": {"centerlineid": 10141827, "roadclass": "LOCAL", "fullname": "SHADYVIEW AVE", "fromleft": 6201, "toleft": 6299, "fromright": 6200, "toright": 6298, "onewaydir": " "}}, {"type": "Feature", "geometry": {"type": "LineString", "coordinates": [[-95.3218757611417, 29.746461366535], [-95.3214867390273, 29.7463411354338]]}, "properties": {"centerlineid": 10141958, "roadclass": "MAJOR", "fullname": "CANAL ST", "fromleft": 5201, "toleft": 5211, "fromright": 5200, "toright": 5210, "onewaydir": " "}}, {"type": "Feature", "geometry": {"type": "LineString", "coordinates": [[-95.3149332020551, 29.7420172657939], [-95.3136056740067, 29.7416015242322]]}, "properties": {"centerlineid": 10141970, "roadclass": "LOCAL", "fullname": "SHERMAN ST", "fromleft": 6001, "toleft": 6199, "fromright": 6000, "toright": 6198, "onewaydir": " "}}, {"type": "Feature", "geometry": {"type": "LineString", "coordinates": [[-95.3231117856192, 29.7411207499844], [-95.322203910595, 29.7408423970769]]}, "properties": {"centerlineid": 10141975, "roadclass": "LOCAL", "fullname": "TEXAS ST", "fromleft": 5301, "toleft": 5399, "fromright": 5300, "toright": 5398, "onewaydir": " "}}, {"type": "Feature", "geometry": {"type": "LineString", "coordinates": [[-95.348388021883, 29.7458776758558], [-95.3475334914575, 29.7453645477053]]}, "properties": {"centerlineid": 10139696, "roadclass": "LOCAL", "fullname": "LAMAR ST", "fromleft": 3001, "toleft": 3099, "fromright": 3000, "toright": 3098, "onewaydir": " "}}, {"type": "Feature", "geometry": {"type": "LineString", "coordinates": [[-95.3504098672054, 29.7560534871547], [-95.3503895622554, 29.7560413975949], [-95.3495781423693, 29.7555574636313]]}, "properties": {"centerlineid": 10139717, "roadclass": "LOCAL", "fullname": "CONGRESS ST", "fromleft": 2201, "toleft": 2299, "fromright": 2200, "toright": 2298, "onewaydir": "TF"}}, {"type": "Feature", "geometry": {"type": "LineString", "coordinates": [[-95.3145135581584, 29.743056808323], [-95.3149332020551, 29.7420172657939]]}, "properties": {"centerlineid": 10142031, "roadclass": "LOCAL", "fullname": "GREENWOOD ST", "fromleft": 101, "toleft": 199, "fromright": 100, "toright": 198, "onewaydir": " "}}, {"type": "Feature", "geometry": {"type": "LineString", "coordinates": [[-95.3218607305555, 29.7473425702639], [-95.3217233809894, 29.7476686139905], [-95.3214714642838, 29.7482447588428]]}, "properties": {"centerlineid": 10142104, "roadclass": "LOCAL", "fullname": "N EDGEWOOD ST", "fromleft": 201, "toleft": 299, "fromright": 200, "toright": 298, "onewaydir": " "}}, {"type": "Feature", "geometry": {"type": "LineString", "coordinates": [[-95.3515390605554, 29.7466940880597], [-95.3506845462695, 29.7461620007494]]}, "properties": {"centerlineid": 10139923, "roadclass": "LOCAL", "fullname": "DALLAS ST", "fromleft": 2701, "toleft": 2799, "fromright": 2700, "toright": 2798, "onewaydir": " "}}, {"type": "Feature", "geometry": {"type": "LineString", "coordinates": [[-95.3485940726409, 29.7504228889662], [-95.3491738629691, 29.7496676525714]]}, "properties": {"centerlineid": 10140064, "roadclass": "LOCAL", "fullname": "NAGLE ST", "fromleft": 701, "toleft": 799, "fromright": 700, "toright": 798, "onewaydir": " "}}, {"type": "Feature", "geometry": {"type": "LineString", "coordinates": [[-95.3524697858759, 29.7439302588002], [-95.3530495740191, 29.743180682874]]}, "properties": {"centerlineid": 10140072, "roadclass": "LOCAL", "fullname": "DELANO ST", "fromleft": 1501, "toleft": 1599, "fromright": 1500, "toright": 1598, "onewaydir": " "}}, {"type": "Feature", "geometry": {"type": "LineString", "coordinates": [[-95.3528818389228, 29.7402530177631], [-95.3532709188027, 29.7397932643301]]}, "properties": {"centerlineid": 10140087, "roadclass": "LOCAL", "fullname": "ENNIS ST", "fromleft": 1877, "toleft": 1899, "fromright": 1876, "toright": 1898, "onewaydir": " "}}, {"type": "Feature", "geometry": {"type": "LineString", "coordinates": [[-95.3445275672492, 29.7514336904389], [-95.3447564226542, 29.7511361728286]]}, "properties": {"centerlineid": 10140193, "roadclass": "LOCAL", "fullname": "MIDDLETON ST", "fromleft": 451, "toleft": 499, "fromright": 450, "toright": 498, "onewaydir": " "}}, {"type": "Feature", "geometry": {"type": "LineString", "coordinates": [[-95.3375160608188, 29.7666906472177], [-95.3365091484484, 29.7667041046065]]}, "properties": {"centerlineid": 10140729, "roadclass": "LOCAL", "fullname": "CLINE ST", "fromleft": 3201, "toleft": 3299, "fromright": 3200, "toright": 3298, "onewaydir": " "}}, {"type": "Feature", "geometry": {"type": "LineString", "coordinates": [[-95.3417427514086, 29.7679953296313], [-95.3408731842992, 29.7681764983711]]}, "properties": {"centerlineid": 10140778, "roadclass": "LOCAL", "fullname": "NANCE ST", "fromleft": 2801, "toleft": 2899, "fromright": 2800, "toright": 2898, "onewaydir": " "}}, {"type": "Feature", "geometry": {"type": "LineString", "coordinates": [[-95.3433755168755, 29.758676081225], [-95.3430551903106, 29.7590840932274]]}, "properties": {"centerlineid": 10140809, "roadclass": "LOCAL", "fullname": "NIX ST", "fromleft": 1, "toleft": 99, "fromright": 2, "toright": 98, "onewaydir": " "}}, {"type": "Feature", "geometry": {"type": "LineString", "coordinates": [[-95.3314049353208, 29.7578576415194], [-95.3313515167315, 29.7578843207087], [-95.3312906273592, 29.7578711181389], [-95.3308938203195, 29.7576575271655], [-95.3307564877627, 29.7575774293748]]}, "properties": {"centerlineid": 10140961, "roadclass": "LOCAL", "fullname": "MARRON PARK WAY", "fromleft": 3601, "toleft": 3699, "fromright": 3600, "toright": 3698, "onewaydir": " "}}, {"type": "Feature", "geometry": {"type": "LineString", "coordinates": [[-95.3097755872222, 29.7337640349077], [-95.3093712622559, 29.7336191544447], [-95.3091604173396, 29.733543612916], [-95.3089822427615, 29.7334799516307]]}, "properties": {"centerlineid": 10143333, "roadclass": "LOCAL", "fullname": "SUPPLY ROW", "fromleft": 6701, "toleft": 6749, "fromright": 6700, "toright": 6748, "onewaydir": " "}}, {"type": "Feature", "geometry": {"type": "LineString", "coordinates": [[-95.3523324120114, 29.736554572065], [-95.352439198497, 29.7362855831997], [-95.3524850826391, 29.736176954351]]}, "properties": {"centerlineid": 10138832, "roadclass": "LOCAL", "fullname": "TIERWESTER ST", "fromleft": 2301, "toleft": 2305, "fromright": 2300, "toright": 2304, "onewaydir": " "}}, {"type": "Feature", "geometry": {"type": "LineString", "coordinates": [[-95.3357385953882, 29.7700228807258], [-95.3352197651982, 29.7700132990121], [-95.3348665851898, 29.7700010548288], [-95.334753341402, 29.7700290047503]]}, "properties": {"centerlineid": 10140974, "roadclass": "LOCAL", "fullname": "BUCK ST", "fromleft": 3401, "toleft": 3499, "fromright": 3400, "toright": 3498, "onewaydir": " "}}, {"type": "Feature", "geometry": {"type": "LineString", "coordinates": [[-95.3526146807103, 29.739406047198], [-95.3514607484985, 29.7386806215126]]}, "properties": {"centerlineid": 10138983, "roadclass": "FRONTAGE", "fullname": "GULF FWY", "fromleft": 3133, "toleft": 3199, "fromright": 0, "toright": 0, "onewaydir": "FT"}}, {"type": "Feature", "geometry": {"type": "LineString", "coordinates": [[-95.3274224240912, 29.7668508242851], [-95.3272850651356, 29.7672761420148], [-95.3272163964653, 29.7675202946838]]}, "properties": {"centerlineid": 10141144, "roadclass": "MAJOR", "fullname": "HIRSCH RD", "fromleft": 501, "toleft": 599, "fromright": 500, "toright": 598, "onewaydir": " "}}, {"type": "Feature", "geometry": {"type": "LineString", "coordinates": [[-95.3317177458136, 29.7483344075557], [-95.3320534187237, 29.747516225358], [-95.3321220906746, 29.7473558034602]]}, "properties": {"centerlineid": 10141191, "roadclass": "LOCAL", "fullname": "SIDNEY ST", "fromleft": 101, "toleft": 199, "fromright": 100, "toright": 198, "onewaydir": " "}}, {"type": "Feature", "geometry": {"type": "LineString", "coordinates": [[-95.3336633586463, 29.7478251667738], [-95.3338007485773, 29.7474894833624], [-95.3341819995308, 29.7465624336645]]}, "properties": {"centerlineid": 10141216, "roadclass": "LOCAL", "fullname": "HUNT ST", "fromleft": 201, "toleft": 299, "fromright": 200, "toright": 298, "onewaydir": " "}}, {"type": "Feature", "geometry": {"type": "LineString", "coordinates": [[-95.3281701395661, 29.7472852779624], [-95.3280021814384, 29.7472300633433], [-95.3271707438314, 29.7469781704481]]}, "properties": {"centerlineid": 10141232, "roadclass": "LOCAL", "fullname": "BRADY ST", "fromleft": 4601, "toleft": 4699, "fromright": 4600, "toright": 4698, "onewaydir": " "}}, {"type": "Feature", "geometry": {"type": "MultiLineString", "coordinates": [[[-95.3468011011336, 29.7368806566972], [-95.3469995923755, 29.7369493343629], [-95.3471216474142, 29.7369837844538], [-95.3471520258456, 29.7369913108696], [-95.3473505247206, 29.7370314717764], [-95.3475259981307, 29.737018021498], [-95.3476555990474, 29.7369741990987], [-95.3477548554446, 29.7369055001234], [-95.3478235237814, 29.7368082891271], [-95.3478541039025, 29.7367015260963], [-95.3478616001881, 29.7365888303512], [-95.3478310321424, 29.7364897974172], [-95.3477776571838, 29.7363980503797], [-95.3477320323627, 29.7363562886097], [-95.3475946470605, 29.7362378757774], [-95.347158765115, 29.7359663911713]], [[-95.347158765115, 29.7359663911713], [-95.3470985944586, 29.7359289141877], [-95.3468088421765, 29.7357459185668], [-95.3466041271467, 29.7355573077982]], [[-95.3466041271467, 29.7355573077982], [-95.3465675419143, 29.7355236005247]], [[-95.3465675419143, 29.7355236005247], [-95.3461297962756, 29.7351202914016]]]}, "properties": {"centerlineid": 10139000, "roadclass": "RAMP", "fullname": "PEASE SCOTT RAMP", "fromleft": 0, "toleft": 0, "fromright": 0, "toright": 0, "onewaydir": "TF"}}, {"type": "Feature", "geometry": {"type": "LineString", "coordinates": [[-95.3479836838595, 29.7353090024359], [-95.3477436945142, 29.7353814644026], [-95.3477055635338, 29.7354141938672], [-95.3475457153818, 29.7355662292988], [-95.3474903648157, 29.7356540834115], [-95.3474607361677, 29.7357011087678], [-95.3474575532749, 29.7357062655704], [-95.3474544746841, 29.7357114703521], [-95.3474514991843, 29.735716720823], [-95.3474486281077, 29.7357220158911], [-95.3474458641182, 29.7357273533724], [-95.3474432059645, 29.7357327321041], [-95.3474406550191, 29.7357381498671], [-95.347438212614, 29.7357436055694], [-95.3474358788299, 29.7357490969562], [-95.3474336549584, 29.7357546240629], [-95.3474315411207, 29.7357601835076], [-95.3474295373571, 29.7357657741631], [-95.3474276463317, 29.7357713938452], [-95.3474258667931, 29.7357770413914], [-95.3474242000735, 29.7357827157097], [-95.3474226462536, 29.7357884145455], [-95.347421206746, 29.7357941345523], [-95.3474198802189, 29.735799876822], [-95.3474186693765, 29.7358056380432], [-95.347417571676, 29.7358114170183], [-95.347416591073, 29.7358172115983], [-95.3474157237329, 29.7358230205504], [-95.3474149736519, 29.7358288405983], [-95.3474143382467, 29.7358346716715], [-95.3474138201812, 29.7358405115861], [-95.3474134182041, 29.7358463591793], [-95.3474131311449, 29.7358522110344], [-95.3474129616274, 29.7358580660943], [-95.3474129083598, 29.7358639243238], [-95.3474129727953, 29.735869781249], [-95.3474131523505, 29.7358756367996], [-95.3474134483978, 29.7358814887562], [-95.3474138610181, 29.7358873348641], [-95.3474143902515, 29.7358931739962], [-95.3474150348873, 29.7358990038627], [-95.3474157962574, 29.7359048233714], [-95.3474166731105, 29.7359106313598], [-95.3474176642762, 29.735916424411], [-95.3474187710863, 29.7359222014329], [-95.3474199935813, 29.735927961298], [-95.3474213292586, 29.7359337016816], [-95.3474227794906, 29.7359394203642], [-95.3474243429855, 29.7359451173106], [-95.3474260199049, 29.7359507880117], [-95.3474278089168, 29.7359564335595], [-95.3474297113935, 29.7359620517347], [-95.3474317235811, 29.7359676390497], [-95.3474338467714, 29.7359731955399], [-95.3474360810449, 29.7359787189506], [-95.3474384251504, 29.7359842081192], [-95.3474408765855, 29.735989660721], [-95.3474434366819, 29.7359950756637], [-95.3474461042288, 29.7360004506575], [-95.347448879307, 29.7360057834479], [-95.347451758001, 29.7360110750566], [-95.3474547430557, 29.7360163210448], [-95.3474578318877, 29.7360215213421], [-95.3474610232458, 29.7360266747859], [-95.3474643172509, 29.7360317779945], [-95.3474677113198, 29.7360368308974], [-95.3474712054928, 29.7360418323673], [-95.347474799891, 29.7360467790223], [-95.347478490599, 29.7360516718841], [-95.34748227907, 29.7360565064788], [-95.3474861626803, 29.7360612838631], [-95.3474901402188, 29.7360660017474], [-95.3474942117663, 29.736070657877], [-95.3474983760312, 29.7360752522167], [-95.3475026292192, 29.7360797824063], [-95.3475069739135, 29.7360842485162], [-95.3475114050686, 29.7360886470237], [-95.3475159239761, 29.736092977964], [-95.3475205280932, 29.7360972401394], [-95.3476480324586, 29.7362132352291]]}, "properties": {"centerlineid": 10139002, "roadclass": "RAMP", "fullname": "SB 45 S SCOTT UTURN RAMP", "fromleft": 0, "toleft": 0, "fromright": 0, "toright": 0, "onewaydir": "FT"}}, {"type": "Feature", "geometry": {"type": "LineString", "coordinates": [[-95.3313515429477, 29.7471269550357], [-95.330580998359, 29.7468848447913], [-95.3305504243506, 29.7468752624441]]}, "properties": {"centerlineid": 10141314, "roadclass": "LOCAL", "fullname": "SHERMAN ST", "fromleft": 4325, "toleft": 4399, "fromright": 4324, "toright": 4398, "onewaydir": " "}}, {"type": "Feature", "geometry": {"type": "LineString", "coordinates": [[-95.3298477978012, 29.7541052750486], [-95.3296391312075, 29.7543818607029]]}, "properties": {"centerlineid": 10141321, "roadclass": "LOCAL", "fullname": "N DRENNAN ST", "fromleft": 525, "toleft": 529, "fromright": 524, "toright": 528, "onewaydir": " "}}, {"type": "Feature", "geometry": {"type": "LineString", "coordinates": [[-95.3367913849386, 29.7339967554132], [-95.3348763398407, 29.7334016910964]]}, "properties": {"centerlineid": 10139227, "roadclass": "LOCAL", "fullname": "COYLE ST", "fromleft": 4401, "toleft": 4499, "fromright": 4400, "toright": 4498, "onewaydir": " "}}, {"type": "Feature", "geometry": {"type": "LineString", "coordinates": [[-95.3319619101217, 29.73632574966], [-95.3319696700954, 29.7362285057452], [-95.331939068745, 29.7359766088421], [-95.3318856756543, 29.7357285991166], [-95.331855118634, 29.7355836957661], [-95.3318245666976, 29.7354253466954], [-95.3318245349969, 29.735242344226]]}, "properties": {"centerlineid": 10139257, "roadclass": "MAJOR", "fullname": "S LOCKWOOD DR", "fromleft": 1501, "toleft": 1599, "fromright": 1500, "toright": 1598, "onewaydir": "TF"}}, {"type": "Feature", "geometry": {"type": "LineString", "coordinates": [[-95.3339456468404, 29.7357192585312], [-95.3333124614967, 29.7355341843271], [-95.3329690467979, 29.7354330972222]]}, "properties": {"centerlineid": 10139268, "roadclass": "MAJOR", "fullname": "LEELAND ST", "fromleft": 4501, "toleft": 4549, "fromright": 4500, "toright": 4548, "onewaydir": " "}}, {"type": "Feature", "geometry": {"type": "LineString", "coordinates": [[-95.3347236979235, 29.7429422746031], [-95.3346780852561, 29.7429269794564], [-95.3336709039995, 29.7426162163193]]}, "properties": {"centerlineid": 10141444, "roadclass": "LOCAL", "fullname": "RUSK ST", "fromleft": 4301, "toleft": 4399, "fromright": 4300, "toright": 4398, "onewaydir": " "}}, {"type": "Feature", "geometry": {"type": "LineString", "coordinates": [[-95.3285057849454, 29.7411225701679], [-95.3282312940913, 29.7410388508204], [-95.3269875306158, 29.7406495879098]]}, "properties": {"centerlineid": 10141474, "roadclass": "LOCAL", "fullname": "RUSK ST", "fromleft": 4701, "toleft": 4799, "fromright": 4700, "toright": 4798, "onewaydir": " "}}, {"type": "Feature", "geometry": {"type": "LineString", "coordinates": [[-95.3390496132547, 29.7469514730721], [-95.338385847503, 29.746552863184]]}, "properties": {"centerlineid": 10141521, "roadclass": "MAJOR", "fullname": "HARRISBURG BLVD", "fromleft": 3701, "toleft": 3799, "fromright": 3700, "toright": 3798, "onewaydir": " "}}, {"type": "Feature", "geometry": {"type": "LineString", "coordinates": [[-95.3371651326509, 29.7384867325561], [-95.3352197174029, 29.7379126631619]]}, "properties": {"centerlineid": 10139289, "roadclass": "LOCAL", "fullname": "CLAY ST", "fromleft": 4301, "toleft": 4399, "fromright": 4300, "toright": 4398, "onewaydir": " "}}, {"type": "Feature", "geometry": {"type": "LineString", "coordinates": [[-95.3313896699857, 29.7384408988438], [-95.3316721292703, 29.7377810032676]]}, "properties": {"centerlineid": 10139292, "roadclass": "MAJOR", "fullname": "S LOCKWOOD DR", "fromleft": 1201, "toleft": 1299, "fromright": 1200, "toright": 1298, "onewaydir": " "}}, {"type": "Feature", "geometry": {"type": "LineString", "coordinates": [[-95.3308938404684, 29.7492555610132], [-95.3308632641107, 29.7493319907241], [-95.3301691642256, 29.7502512998426], [-95.3300927085043, 29.7503256817079]]}, "properties": {"centerlineid": 10141635, "roadclass": "LOCAL", "fullname": "N JENKINS ST", "fromleft": 101, "toleft": 199, "fromright": 100, "toright": 198, "onewaydir": " "}}, {"type": "Feature", "geometry": {"type": "LineString", "coordinates": [[-95.3390082102248, 29.7522038629487], [-95.3388588355628, 29.7523835738485]]}, "properties": {"centerlineid": 10141654, "roadclass": "LOCAL", "fullname": "NOLAN ST", "fromleft": 1, "toleft": 99, "fromright": 2, "toright": 98, "onewaydir": " "}}, {"type": "Feature", "geometry": {"type": "LineString", "coordinates": [[-95.32617133436, 29.7400278191993], [-95.3264688957092, 29.7396615997304]]}, "properties": {"centerlineid": 10141664, "roadclass": "LOCAL", "fullname": "DUMBLE ST", "fromleft": 701, "toleft": 749, "fromright": 700, "toright": 748, "onewaydir": " "}}, {"type": "Feature", "geometry": {"type": "LineString", "coordinates": [[-95.3374245509321, 29.7444548075509], [-95.3378288770136, 29.7439113175237]]}, "properties": {"centerlineid": 10141681, "roadclass": "LOCAL", "fullname": "ST AUGUSTINE ST", "fromleft": 701, "toleft": 799, "fromright": 700, "toright": 798, "onewaydir": " "}}, {"type": "Feature", "geometry": {"type": "LineString", "coordinates": [[-95.3342659845154, 29.7435010424338], [-95.3346780509675, 29.7429976863528], [-95.3347236979235, 29.7429422746031]]}, "properties": {"centerlineid": 10141718, "roadclass": "LOCAL", "fullname": "SIDNEY ST", "fromleft": 701, "toleft": 799, "fromright": 700, "toright": 798, "onewaydir": " "}}, {"type": "Feature", "geometry": {"type": "LineString", "coordinates": [[-95.338385847503, 29.746552863184], [-95.3389809261236, 29.7457994371226]]}, "properties": {"centerlineid": 10141723, "roadclass": "LOCAL", "fullname": "MILBY ST", "fromleft": 501, "toleft": 599, "fromright": 500, "toright": 598, "onewaydir": " "}}, {"type": "Feature", "geometry": {"type": "LineString", "coordinates": [[-95.3096840860288, 29.7394861417579], [-95.3094857797937, 29.7394231828768], [-95.3077309369128, 29.7388757758171]]}, "properties": {"centerlineid": 10141765, "roadclass": "LOCAL", "fullname": "AVENUE C", "fromleft": 6601, "toleft": 6699, "fromright": 6600, "toright": 6698, "onewaydir": " "}}, {"type": "Feature", "geometry": {"type": "LineString", "coordinates": [[-95.3244470503433, 29.7472604103501], [-95.3238289396811, 29.7470756133223]]}, "properties": {"centerlineid": 10141789, "roadclass": "MAJOR", "fullname": "CANAL ST", "fromleft": 4913, "toleft": 4999, "fromright": 4912, "toright": 4998, "onewaydir": " "}}, {"type": "Feature", "geometry": {"type": "LineString", "coordinates": [[-95.3204720903072, 29.7412830066062], [-95.3198464095127, 29.7410787709962]]}, "properties": {"centerlineid": 10141829, "roadclass": "MAJOR", "fullname": "HARRISBURG BLVD", "fromleft": 5509, "toleft": 5599, "fromright": 5508, "toright": 5598, "onewaydir": " "}}, {"type": "Feature", "geometry": {"type": "LineString", "coordinates": [[-95.3478004547627, 29.7466272527984], [-95.3473121610085, 29.7463279029109], [-95.3469462041574, 29.7461047327255]]}, "properties": {"centerlineid": 10139642, "roadclass": "MAJOR", "fullname": "MCKINNEY ST", "fromleft": 3001, "toleft": 3099, "fromright": 3000, "toright": 3098, "onewaydir": " "}}, {"type": "Feature", "geometry": {"type": "LineString", "coordinates": [[-95.3512871513735, 29.7454161228971], [-95.3508141919424, 29.7451395779977], [-95.3504173758414, 29.7449086462695]]}, "properties": {"centerlineid": 10139651, "roadclass": "MAJOR", "fullname": "POLK ST", "fromleft": 2801, "toleft": 2899, "fromright": 2800, "toright": 2898, "onewaydir": " "}}, {"type": "Feature", "geometry": {"type": "LineString", "coordinates": [[-95.3222803504341, 29.7454694911591], [-95.3221657811681, 29.7454314112556], [-95.3212197936198, 29.7451224689672]]}, "properties": {"centerlineid": 10141891, "roadclass": "LOCAL", "fullname": "BRADY ST", "fromleft": 5201, "toleft": 5299, "fromright": 5200, "toright": 5298, "onewaydir": " "}}, {"type": "Feature", "geometry": {"type": "LineString", "coordinates": [[-95.3193962355373, 29.7492918311517], [-95.3193047602905, 29.7492060501022], [-95.3188928955217, 29.7488263551732], [-95.3183359007987, 29.7484355078253]]}, "properties": {"centerlineid": 10141899, "roadclass": "MAJOR", "fullname": "NAVIGATION BLVD", "fromleft": 5309, "toleft": 5499, "fromright": 5308, "toright": 5498, "onewaydir": " "}}, {"type": "Feature", "geometry": {"type": "LineString", "coordinates": [[-95.3111108499851, 29.7399306125663], [-95.3096840860288, 29.7394861417579]]}, "properties": {"centerlineid": 10141997, "roadclass": "LOCAL", "fullname": "AVENUE C", "fromleft": 6501, "toleft": 6599, "fromright": 6500, "toright": 6598, "onewaydir": " "}}, {"type": "Feature", "geometry": {"type": "LineString", "coordinates": [[-95.3242409939185, 29.7460684481449], [-95.3232719606453, 29.745767026354]]}, "properties": {"centerlineid": 10141998, "roadclass": "LOCAL", "fullname": "BRADY ST", "fromleft": 5001, "toleft": 5099, "fromright": 5000, "toright": 5098, "onewaydir": " "}}, {"type": "Feature", "geometry": {"type": "LineString", "coordinates": [[-95.3246147659041, 29.7487768552716], [-95.3240349784485, 29.7500566697229]]}, "properties": {"centerlineid": 10142023, "roadclass": "LOCAL", "fullname": "N BURR ST", "fromleft": 301, "toleft": 399, "fromright": 300, "toright": 398, "onewaydir": " "}}, {"type": "Feature", "geometry": {"type": "LineString", "coordinates": [[-95.3460813481923, 29.7422620444585], [-95.3456796106045, 29.742057169178], [-95.3454813544132, 29.7419638423466], [-95.3451531936492, 29.7418303610498]]}, "properties": {"centerlineid": 10139684, "roadclass": "MAJOR", "fullname": "POLK ST", "fromleft": 3401, "toleft": 3499, "fromright": 3400, "toright": 3498, "onewaydir": " "}}, {"type": "Feature", "geometry": {"type": "LineString", "coordinates": [[-95.3501045530418, 29.7469133756045], [-95.3492349854312, 29.7463984071978]]}, "properties": {"centerlineid": 10139722, "roadclass": "LOCAL", "fullname": "LAMAR ST", "fromleft": 2801, "toleft": 2899, "fromright": 2800, "toright": 2898, "onewaydir": " "}}, {"type": "Feature", "geometry": {"type": "LineString", "coordinates": [[-95.3464882520901, 29.7411817044351], [-95.3452522459284, 29.740813665737]]}, "properties": {"centerlineid": 10139727, "roadclass": "LOCAL", "fullname": "DENVER ST", "fromleft": 3501, "toleft": 3599, "fromright": 3500, "toright": 3598, "onewaydir": " "}}, {"type": "Feature", "geometry": {"type": "LineString", "coordinates": [[-95.3231117856192, 29.7411207499844], [-95.3233273399624, 29.7408305298757], [-95.3236840551286, 29.7403502474075]]}, "properties": {"centerlineid": 10142057, "roadclass": "LOCAL", "fullname": "LENOX ST", "fromleft": 501, "toleft": 599, "fromright": 500, "toright": 598, "onewaydir": " "}}, {"type": "Feature", "geometry": {"type": "LineString", "coordinates": [[-95.3225244616074, 29.7419122819306], [-95.3225853805795, 29.741801611987], [-95.3230202814396, 29.7412104367465], [-95.3231117856192, 29.7411207499844]]}, "properties": {"centerlineid": 10142058, "roadclass": "LOCAL", "fullname": "LENOX ST", "fromleft": 401, "toleft": 499, "fromright": 400, "toright": 498, "onewaydir": " "}}, {"type": "Feature", "geometry": {"type": "LineString", "coordinates": [[-95.3162835224253, 29.7399801425565], [-95.3168480281535, 29.7391676361051]]}, "properties": {"centerlineid": 10142078, "roadclass": "LOCAL", "fullname": "COWLING ST", "fromleft": 401, "toleft": 499, "fromright": 400, "toright": 498, "onewaydir": " "}}, {"type": "Feature", "geometry": {"type": "LineString", "coordinates": [[-95.3237068592175, 29.7470372813264], [-95.3234323698309, 29.7476439773328], [-95.3229516018405, 29.7487024721308]]}, "properties": {"centerlineid": 10142116, "roadclass": "LOCAL", "fullname": "N BRYAN ST", "fromleft": 101, "toleft": 299, "fromright": 100, "toright": 298, "onewaydir": " "}}, {"type": "Feature", "geometry": {"type": "LineString", "coordinates": [[-95.3063425177728, 29.7691989215121], [-95.3053278174815, 29.7691893699077]]}, "properties": {"centerlineid": 10142163, "roadclass": "LOCAL", "fullname": "LESLIE ST", "fromleft": 6401, "toleft": 6499, "fromright": 6400, "toright": 6498, "onewaydir": " "}}, {"type": "Feature", "geometry": {"type": "LineString", "coordinates": [[-95.3458017095161, 29.7606883443974], [-95.3456414235737, 29.7605943102967], [-95.3452752708713, 29.7603716672386]]}, "properties": {"centerlineid": 10140492, "roadclass": "LOCAL", "fullname": "ANN ST", "fromleft": 2201, "toleft": 2299, "fromright": 2200, "toright": 2298, "onewaydir": " "}}, {"type": "Feature", "geometry": {"type": "LineString", "coordinates": [[-95.3240808419954, 29.7693933312948], [-95.3240808206117, 29.7694812042266], [-95.3240808309884, 29.7700742164257]]}, "properties": {"centerlineid": 10142312, "roadclass": "LOCAL", "fullname": "N EMILE ST", "fromleft": 801, "toleft": 899, "fromright": 800, "toright": 898, "onewaydir": " "}}, {"type": "Feature", "geometry": {"type": "LineString", "coordinates": [[-95.3457917335451, 29.746173127685], [-95.3461949697627, 29.7456556325909]]}, "properties": {"centerlineid": 10140008, "roadclass": "PRIVATE", "fullname": "MCKINNEY PARK LN", "fromleft": 901, "toleft": 999, "fromright": 900, "toright": 998, "onewaydir": " "}}, {"type": "Feature", "geometry": {"type": "LineString", "coordinates": [[-95.3510201817923, 29.7441495176753], [-95.3512337746965, 29.7438768786524], [-95.3516152971645, 29.7434113882583]]}, "properties": {"centerlineid": 10140086, "roadclass": "LOCAL", "fullname": "PAIGE ST", "fromleft": 1401, "toleft": 1499, "fromright": 1400, "toright": 1498, "onewaydir": " "}}, {"type": "Feature", "geometry": {"type": "LineString", "coordinates": [[-95.3474572810282, 29.7486472466168], [-95.3480676677172, 29.7478860571029]]}, "properties": {"centerlineid": 10140092, "roadclass": "LOCAL", "fullname": "PAIGE ST", "fromleft": 801, "toleft": 899, "fromright": 800, "toright": 898, "onewaydir": " "}}, {"type": "Feature", "geometry": {"type": "LineString", "coordinates": [[-95.30326012634, 29.7691836554832], [-95.3022379352601, 29.769183643383]]}, "properties": {"centerlineid": 10142374, "roadclass": "LOCAL", "fullname": "LESLIE ST", "fromleft": 6701, "toleft": 6799, "fromright": 6700, "toright": 6798, "onewaydir": " "}}, {"type": "Feature", "geometry": {"type": "LineString", "coordinates": [[-95.3524163692711, 29.7583498180824], [-95.3525918486422, 29.758128472497], [-95.3529961968603, 29.757605966197]]}, "properties": {"centerlineid": 10140343, "roadclass": "LOCAL", "fullname": "HAMILTON ST", "fromleft": 201, "toleft": 299, "fromright": 200, "toright": 298, "onewaydir": "TF"}}, {"type": "Feature", "geometry": {"type": "MultiLineString", "coordinates": [[[-95.3442220247499, 29.7687211470964], [-95.3440698399941, 29.7687257153592], [-95.3434670213309, 29.7687449008553]], [[-95.3445962471123, 29.7686857908534], [-95.3443215084645, 29.76871816164], [-95.3442220247499, 29.7687211470964]]]}, "properties": {"centerlineid": 10140378, "roadclass": "LOCAL", "fullname": "NANCE ST", "fromleft": 2501, "toleft": 2699, "fromright": 2500, "toright": 2698, "onewaydir": " "}}, {"type": "Feature", "geometry": {"type": "LineString", "coordinates": [[-95.3000862657519, 29.7464955779669], [-95.2981180381556, 29.7458680973824], [-95.2980568948541, 29.7458224953645]]}, "properties": {"centerlineid": 10142720, "roadclass": "LOCAL", "fullname": "AVENUE P", "fromleft": 6901, "toleft": 6999, "fromright": 6900, "toright": 6998, "onewaydir": " "}}, {"type": "Feature", "geometry": {"type": "LineString", "coordinates": [[-95.3023447015802, 29.7464766599026], [-95.3003534587486, 29.7458396009414]]}, "properties": {"centerlineid": 10142721, "roadclass": "LOCAL", "fullname": "AVENUE O", "fromleft": 6801, "toleft": 6899, "fromright": 6800, "toright": 6898, "onewaydir": " "}}, {"type": "Feature", "geometry": {"type": "LineString", "coordinates": [[-95.3009026501113, 29.7444644171978], [-95.3006204161251, 29.7451738009694]]}, "properties": {"centerlineid": 10142837, "roadclass": "MAJOR", "fullname": "SSGT MACARIO GARCIA DR", "fromleft": 1301, "toleft": 1399, "fromright": 1300, "toright": 1398, "onewaydir": "FT"}}, {"type": "Feature", "geometry": {"type": "LineString", "coordinates": [[-95.3492086538038, 29.7575411983503], [-95.3498300863912, 29.7567838862786]]}, "properties": {"centerlineid": 10140679, "roadclass": "LOCAL", "fullname": "HUTCHINS ST", "fromleft": 101, "toleft": 199, "fromright": 100, "toright": 198, "onewaydir": " "}}, {"type": "Feature", "geometry": {"type": "LineString", "coordinates": [[-95.3483957665892, 29.7394804447452], [-95.3488535051063, 29.7389063733795]]}, "properties": {"centerlineid": 10138455, "roadclass": "LOCAL", "fullname": "SAMPSON ST", "fromleft": 1701, "toleft": 1799, "fromright": 1700, "toright": 1798, "onewaydir": " "}}, {"type": "Feature", "geometry": {"type": "LineString", "coordinates": [[-95.3346702809242, 29.7660478774677], [-95.3337548538965, 29.7660631664077]]}, "properties": {"centerlineid": 10140735, "roadclass": "LOCAL", "fullname": "BARON ST", "fromleft": 3501, "toleft": 3599, "fromright": 3500, "toright": 3598, "onewaydir": " "}}, {"type": "Feature", "geometry": {"type": "LineString", "coordinates": [[-95.3408544657044, 29.7673012195645], [-95.33946920993, 29.7673144632253]]}, "properties": {"centerlineid": 10140740, "roadclass": "LOCAL", "fullname": "GILLESPIE ST", "fromleft": 2901, "toleft": 2999, "fromright": 2900, "toright": 2998, "onewaydir": " "}}, {"type": "Feature", "geometry": {"type": "LineString", "coordinates": [[-95.3357232972937, 29.7689452027684], [-95.3357233305698, 29.7693897649641], [-95.3357233093348, 29.7695192791359]]}, "properties": {"centerlineid": 10140845, "roadclass": "LOCAL", "fullname": "GREGG ST", "fromleft": 805, "toleft": 899, "fromright": 804, "toright": 898, "onewaydir": " "}}, {"type": "Feature", "geometry": {"type": "LineString", "coordinates": [[-95.3338310821138, 29.7693627665246], [-95.3329232130707, 29.76936276816]]}, "properties": {"centerlineid": 10140951, "roadclass": "LOCAL", "fullname": "HARE ST", "fromleft": 3601, "toleft": 3615, "fromright": 3600, "toright": 3614, "onewaydir": " "}}, {"type": "Feature", "geometry": {"type": "LineString", "coordinates": [[-95.3230661533833, 29.7336572412747], [-95.3233253588442, 29.7329782084245]]}, "properties": {"centerlineid": 10143366, "roadclass": "LOCAL", "fullname": "HENNINGER ST", "fromleft": 1401, "toleft": 1499, "fromright": 1400, "toright": 1498, "onewaydir": " "}}, {"type": "Feature", "geometry": {"type": "LineString", "coordinates": [[-95.33946920993, 29.7673144632253], [-95.3389581307626, 29.7673181310254], [-95.3385004214662, 29.7673277223882]]}, "properties": {"centerlineid": 10140982, "roadclass": "LOCAL", "fullname": "GILLESPIE ST", "fromleft": 3001, "toleft": 3099, "fromright": 3000, "toright": 3098, "onewaydir": " "}}, {"type": "Feature", "geometry": {"type": "LineString", "coordinates": [[-95.3357233093348, 29.7695192791359], [-95.3357385953882, 29.7700228807258]]}, "properties": {"centerlineid": 10141023, "roadclass": "LOCAL", "fullname": "GREGG ST", "fromleft": 901, "toleft": 999, "fromright": 900, "toright": 998, "onewaydir": " "}}, {"type": "Feature", "geometry": {"type": "LineString", "coordinates": [[-95.3375007644743, 29.766046049278], [-95.3375160608188, 29.7666906472177]]}, "properties": {"centerlineid": 10141056, "roadclass": "LOCAL", "fullname": "BAYOU ST", "fromleft": 401, "toleft": 499, "fromright": 400, "toright": 498, "onewaydir": " "}}, {"type": "Feature", "geometry": {"type": "LineString", "coordinates": [[-95.3357080288747, 29.7686800969173], [-95.3357232972937, 29.7689452027684]]}, "properties": {"centerlineid": 10141105, "roadclass": "LOCAL", "fullname": "GREGG ST", "fromleft": 801, "toleft": 803, "fromright": 800, "toright": 802, "onewaydir": " "}}, {"type": "Feature", "geometry": {"type": "LineString", "coordinates": [[-95.3337854597969, 29.7667173478126], [-95.3337854482786, 29.7673792512741]]}, "properties": {"centerlineid": 10141115, "roadclass": "LOCAL", "fullname": "BRINGHURST ST", "fromleft": 501, "toleft": 599, "fromright": 500, "toright": 598, "onewaydir": " "}}, {"type": "Feature", "geometry": {"type": "LineString", "coordinates": [[-95.3520730032001, 29.7372087622676], [-95.3513330324729, 29.7369874202527]]}, "properties": {"centerlineid": 10138847, "roadclass": "LOCAL", "fullname": "WEBSTER ST", "fromleft": 3213, "toleft": 3299, "fromright": 3212, "toright": 3298, "onewaydir": " "}}, {"type": "Feature", "geometry": {"type": "LineString", "coordinates": [[-95.3404458189995, 29.7511133526755], [-95.3395760209499, 29.7505887796228]]}, "properties": {"centerlineid": 10141181, "roadclass": "LOCAL", "fullname": "SHERMAN ST", "fromleft": 3301, "toleft": 3399, "fromright": 3300, "toright": 3398, "onewaydir": " "}}, {"type": "Feature", "geometry": {"type": "LineString", "coordinates": [[-95.3258736094812, 29.7536006211146], [-95.325737838241, 29.7535559162388], [-95.3251870229484, 29.7533754367158]]}, "properties": {"centerlineid": 10141190, "roadclass": "LOCAL", "fullname": "CRITES ST", "fromleft": 4501, "toleft": 4519, "fromright": 4500, "toright": 4518, "onewaydir": " "}}, {"type": "Feature", "geometry": {"type": "LineString", "coordinates": [[-95.330130823902, 29.7478938224482], [-95.3305504243506, 29.7468752624441]]}, "properties": {"centerlineid": 10141215, "roadclass": "LOCAL", "fullname": "EASTWOOD ST", "fromleft": 101, "toleft": 199, "fromright": 100, "toright": 198, "onewaydir": " "}}, {"type": "Feature", "geometry": {"type": "LineString", "coordinates": [[-95.3294367266419, 29.7501214510501], [-95.3287804802942, 29.7499231665801], [-95.3286965513223, 29.7499384977711]]}, "properties": {"centerlineid": 10141222, "roadclass": "LOCAL", "fullname": "LOVEJOY ST", "fromleft": 4401, "toleft": 4499, "fromright": 4400, "toright": 4498, "onewaydir": " "}}, {"type": "Feature", "geometry": {"type": "LineString", "coordinates": [[-95.344184175529, 29.7367318611952], [-95.3433830737629, 29.7364915952124]]}, "properties": {"centerlineid": 10139021, "roadclass": "LOCAL", "fullname": "COYLE ST", "fromleft": 3801, "toleft": 3899, "fromright": 3800, "toright": 3898, "onewaydir": " "}}, {"type": "Feature", "geometry": {"type": "LineString", "coordinates": [[-95.3374932764432, 29.7376742389507], [-95.3378060834878, 29.736859649589]]}, "properties": {"centerlineid": 10139100, "roadclass": "LOCAL", "fullname": "SIDNEY ST", "fromleft": 1501, "toleft": 1599, "fromright": 1500, "toright": 1598, "onewaydir": " "}}, {"type": "Feature", "geometry": {"type": "LineString", "coordinates": [[-95.3434364302781, 29.7385515276417], [-95.3439019279053, 29.7373956481405]]}, "properties": {"centerlineid": 10139118, "roadclass": "LOCAL", "fullname": "MILBY ST", "fromleft": 1601, "toleft": 1699, "fromright": 1600, "toright": 1698, "onewaydir": " "}}, {"type": "Feature", "geometry": {"type": "LineString", "coordinates": [[-95.3328851076842, 29.7400125276527], [-95.3325569942805, 29.7394690504413]]}, "properties": {"centerlineid": 10141291, "roadclass": "LOCAL", "fullname": "WOODSIDE ST", "fromleft": 4501, "toleft": 4525, "fromright": 4500, "toright": 4524, "onewaydir": " "}}, {"type": "Feature", "geometry": {"type": "LineString", "coordinates": [[-95.3420327523464, 29.7551645394612], [-95.3411476474757, 29.7546285362311]]}, "properties": {"centerlineid": 10141319, "roadclass": "MAJOR", "fullname": "CANAL ST", "fromleft": 2901, "toleft": 2999, "fromright": 2900, "toright": 2998, "onewaydir": " "}}, {"type": "Feature", "geometry": {"type": "LineString", "coordinates": [[-95.3379053189024, 29.7471518146956], [-95.3363030954309, 29.7464631755557]]}, "properties": {"centerlineid": 10141344, "roadclass": "LOCAL", "fullname": "WILMER ST", "fromleft": 3801, "toleft": 3999, "fromright": 3800, "toright": 3998, "onewaydir": " "}}, {"type": "Feature", "geometry": {"type": "LineString", "coordinates": [[-95.3303749632857, 29.7409033263798], [-95.3288033280464, 29.7403997360987]]}, "properties": {"centerlineid": 10141355, "roadclass": "LOCAL", "fullname": "WALKER ST", "fromleft": 4601, "toleft": 4699, "fromright": 4600, "toright": 4698, "onewaydir": " "}}, {"type": "Feature", "geometry": {"type": "LineString", "coordinates": [[-95.3383171713057, 29.7412791297556], [-95.3385843872281, 29.7406210815686]]}, "properties": {"centerlineid": 10141357, "roadclass": "LOCAL", "fullname": "CULLEN BLVD", "fromleft": 1101, "toleft": 1199, "fromright": 1100, "toright": 1198, "onewaydir": " "}}, {"type": "Feature", "geometry": {"type": "LineString", "coordinates": [[-95.3266212975446, 29.7456620823695], [-95.3256294593875, 29.7453588461552]]}, "properties": {"centerlineid": 10141382, "roadclass": "LOCAL", "fullname": "SHERMAN ST", "fromleft": 4801, "toleft": 4899, "fromright": 4800, "toright": 4898, "onewaydir": " "}}, {"type": "Feature", "geometry": {"type": "LineString", "coordinates": [[-95.3436805811646, 29.7354406343252], [-95.3437189285564, 29.7353566934834], [-95.3439478096859, 29.7347883003809]]}, "properties": {"centerlineid": 10139184, "roadclass": "LOCAL", "fullname": "HUSSION ST", "fromleft": 2001, "toleft": 2099, "fromright": 2000, "toright": 2098, "onewaydir": " "}}, {"type": "Feature", "geometry": {"type": "LineString", "coordinates": [[-95.3388588355628, 29.7523835738485], [-95.3383783307749, 29.7521033829603]]}, "properties": {"centerlineid": 10141497, "roadclass": "LOCAL", "fullname": "MCASHAN ST", "fromleft": 3301, "toleft": 3399, "fromright": 3300, "toright": 3398, "onewaydir": " "}}, {"type": "Feature", "geometry": {"type": "LineString", "coordinates": [[-95.3300165271897, 29.7416165877519], [-95.3285057849454, 29.7411225701679]]}, "properties": {"centerlineid": 10141531, "roadclass": "LOCAL", "fullname": "RUSK ST", "fromleft": 4601, "toleft": 4699, "fromright": 4600, "toright": 4698, "onewaydir": " "}}, {"type": "Feature", "geometry": {"type": "LineString", "coordinates": [[-95.3401710734136, 29.7498335335682], [-95.3407738889215, 29.7490800778359]]}, "properties": {"centerlineid": 10141707, "roadclass": "MAJOR", "fullname": "SAMPSON ST", "fromleft": 301, "toleft": 399, "fromright": 300, "toright": 398, "onewaydir": "FT"}}, {"type": "Feature", "geometry": {"type": "LineString", "coordinates": [[-95.3236765151737, 29.7447505393687], [-95.3238213902512, 29.7444032540628], [-95.3242334609117, 29.7434056711609]]}, "properties": {"centerlineid": 10141802, "roadclass": "LOCAL", "fullname": "ADAMS ST", "fromleft": 201, "toleft": 299, "fromright": 200, "toright": 298, "onewaydir": " "}}, {"type": "Feature", "geometry": {"type": "LineString", "coordinates": [[-95.3127817723283, 29.7436345501243], [-95.3131860470918, 29.742644738679]]}, "properties": {"centerlineid": 10141841, "roadclass": "LOCAL", "fullname": "CAYLOR ST", "fromleft": 1, "toleft": 99, "fromright": 2, "toright": 98, "onewaydir": " "}}, {"type": "Feature", "geometry": {"type": "LineString", "coordinates": [[-95.3159859712097, 29.7388967791508], [-95.3150705391871, 29.738608819015]]}, "properties": {"centerlineid": 10141852, "roadclass": "LOCAL", "fullname": "TEXAS ST", "fromleft": 6101, "toleft": 6199, "fromright": 6100, "toright": 6198, "onewaydir": " "}}, {"type": "Feature", "geometry": {"type": "LineString", "coordinates": [[-95.3173059493242, 29.7439188271625], [-95.3176415873799, 29.7430586235841], [-95.3177331104954, 29.742875623224]]}, "properties": {"centerlineid": 10141919, "roadclass": "LOCAL", "fullname": "CLIFTON ST", "fromleft": 101, "toleft": 199, "fromright": 100, "toright": 198, "onewaydir": " "}}, {"type": "Feature", "geometry": {"type": "LineString", "coordinates": [[-95.3214867390273, 29.7463411354338], [-95.3208154601092, 29.7461542595098]]}, "properties": {"centerlineid": 10141961, "roadclass": "MAJOR", "fullname": "CANAL ST", "fromleft": 5213, "toleft": 5299, "fromright": 5212, "toright": 5298, "onewaydir": " "}}, {"type": "Feature", "geometry": {"type": "LineString", "coordinates": [[-95.3252634249409, 29.7397341816498], [-95.3243783841463, 29.7394480495176]]}, "properties": {"centerlineid": 10142028, "roadclass": "LOCAL", "fullname": "RUSK ST", "fromleft": 4923, "toleft": 4999, "fromright": 4922, "toright": 4998, "onewaydir": " "}}, {"type": "Feature", "geometry": {"type": "LineString", "coordinates": [[-95.3521494488854, 29.7459272072609], [-95.3512871513735, 29.7454161228971]]}, "properties": {"centerlineid": 10139697, "roadclass": "MAJOR", "fullname": "POLK ST", "fromleft": 2701, "toleft": 2799, "fromright": 2700, "toright": 2798, "onewaydir": " "}}, {"type": "Feature", "geometry": {"type": "LineString", "coordinates": [[-95.3102563350464, 29.7420382362385], [-95.3099740988271, 29.7427496850428]]}, "properties": {"centerlineid": 10142054, "roadclass": "LOCAL", "fullname": "65TH ST", "fromleft": 601, "toleft": 699, "fromright": 600, "toright": 698, "onewaydir": " "}}, {"type": "Feature", "geometry": {"type": "LineString", "coordinates": [[-95.3488687865718, 29.7406630342802], [-95.348021772143, 29.7401480653419], [-95.3479303114827, 29.7400659321865]]}, "properties": {"centerlineid": 10139961, "roadclass": "MAJOR", "fullname": "LEELAND ST", "fromleft": 3301, "toleft": 3399, "fromright": 3300, "toright": 3398, "onewaydir": " "}}, {"type": "Feature", "geometry": {"type": "LineString", "coordinates": [[-95.3230661533833, 29.7336572412747], [-95.32192166216, 29.7333101945377], [-95.3212503461658, 29.7331060117913]]}, "properties": {"centerlineid": 10143502, "roadclass": "LOCAL", "fullname": "BELL ST", "fromleft": 5201, "toleft": 5299, "fromright": 5200, "toright": 5298, "onewaydir": " "}}, {"type": "Feature", "geometry": {"type": "LineString", "coordinates": [[-95.3023293915453, 29.73572675439], [-95.3024514843175, 29.7354979030734], [-95.3028482931269, 29.7344850705624]]}, "properties": {"centerlineid": 10143565, "roadclass": "LOCAL", "fullname": "S 70TH ST", "fromleft": 101, "toleft": 299, "fromright": 100, "toright": 298, "onewaydir": " "}}, {"type": "Feature", "geometry": {"type": "LineString", "coordinates": [[-95.3033365649099, 29.7346299617913], [-95.3028482931269, 29.7344850705624]]}, "properties": {"centerlineid": 10143713, "roadclass": "LOCAL", "fullname": "CAPITOL ST", "fromleft": 6941, "toleft": 6999, "fromright": 6940, "toright": 6998, "onewaydir": " "}}, {"type": "Feature", "geometry": {"type": "LineString", "coordinates": [[-95.3107143598983, 29.7566097679806], [-95.309363702161, 29.7566211093087], [-95.3070138073606, 29.7566371503058], [-95.3065704310289, 29.7566439696761], [-95.304534220729, 29.7566752666142], [-95.3038857690743, 29.7569461190598]]}, "properties": {"centerlineid": 10125893, "roadclass": "LOCAL", "fullname": "SAN PABLO DR", "fromleft": 6701, "toleft": 6799, "fromright": 6700, "toright": 6798, "onewaydir": " "}}, {"type": "Feature", "geometry": {"type": "LineString", "coordinates": [[-95.3225686842237, 29.7403746629042], [-95.321705082488, 29.7400793512243]]}, "properties": {"centerlineid": 1092095, "roadclass": "LOCAL", "fullname": "N CAPITAL ST", "fromleft": 5401, "toleft": 5499, "fromright": 5400, "toright": 5498, "onewaydir": " "}}, {"type": "Feature", "geometry": {"type": "LineString", "coordinates": [[-95.3424981928564, 29.7589316631159], [-95.3416055982474, 29.7600663356257]]}, "properties": {"centerlineid": 10140816, "roadclass": "LOCAL", "fullname": "N LIVE OAK ST", "fromleft": 415, "toleft": 599, "fromright": 414, "toright": 598, "onewaydir": " "}}, {"type": "Feature", "geometry": {"type": "LineString", "coordinates": [[-95.3365013904964, 29.7653955307432], [-95.3356393320223, 29.7654051262521]]}, "properties": {"centerlineid": 1088808, "roadclass": "LOCAL", "fullname": "MELVA ST", "fromleft": 3301, "toleft": 3399, "fromright": 3300, "toright": 3398, "onewaydir": " "}}, {"type": "Feature", "geometry": {"type": "LineString", "coordinates": [[-95.3371371695775, 29.7586607101733], [-95.3371316530838, 29.7586608076152], [-95.3364098753088, 29.7582201912979]]}, "properties": {"centerlineid": 1358072, "roadclass": "LOCAL", "fullname": "FREUND ST", "fromleft": 3101, "toleft": 3199, "fromright": 3100, "toright": 3198, "onewaydir": " "}}, {"type": "Feature", "geometry": {"type": "LineString", "coordinates": [[-95.3214632276163, 29.7669538253072], [-95.3214232616806, 29.7670463701061], [-95.3214246725662, 29.7676607276317], [-95.3213671198032, 29.7679821675787]]}, "properties": {"centerlineid": 10142272, "roadclass": "LOCAL", "fullname": "FINNIGAN PARK PLACE CT", "fromleft": 501, "toleft": 599, "fromright": 500, "toright": 598, "onewaydir": " "}}, {"type": "Feature", "geometry": {"type": "LineString", "coordinates": [[-95.321162018226, 29.7623740001113], [-95.3211950768332, 29.7625958299504]]}, "properties": {"centerlineid": 10142299, "roadclass": "LOCAL", "fullname": "JAPHET ST", "fromleft": 1, "toleft": 99, "fromright": 2, "toright": 98, "onewaydir": " "}}, {"type": "Feature", "geometry": {"type": "LineString", "coordinates": [[-95.3491738629691, 29.7496676525714], [-95.3497688945089, 29.7488989228801]]}, "properties": {"centerlineid": 10140063, "roadclass": "LOCAL", "fullname": "NAGLE ST", "fromleft": 801, "toleft": 899, "fromright": 800, "toright": 898, "onewaydir": " "}}, {"type": "Feature", "geometry": {"type": "LineString", "coordinates": [[-95.3022379352601, 29.769183643383], [-95.3012079634267, 29.7691893620821]]}, "properties": {"centerlineid": 10142373, "roadclass": "LOCAL", "fullname": "LESLIE ST", "fromleft": 6801, "toleft": 6899, "fromright": 6800, "toright": 6898, "onewaydir": " "}}, {"type": "Feature", "geometry": {"type": "LineString", "coordinates": [[-95.3488687865718, 29.7406630342802], [-95.3493340305028, 29.7400565580422]]}, "properties": {"centerlineid": 10140209, "roadclass": "LOCAL", "fullname": "ROBERTS ST", "fromleft": 1601, "toleft": 1699, "fromright": 1600, "toright": 1698, "onewaydir": " "}}, {"type": "Feature", "geometry": {"type": "LineString", "coordinates": [[-95.3041224187027, 29.7577910025286], [-95.3007043634663, 29.7578234411863]]}, "properties": {"centerlineid": 10142498, "roadclass": "LOCAL", "fullname": "ARMOUR DR", "fromleft": 6001, "toleft": 6099, "fromright": 6000, "toright": 6098, "onewaydir": " "}}, {"type": "Feature", "geometry": {"type": "LineString", "coordinates": [[-95.3003534587486, 29.7458396009414], [-95.2983697168051, 29.7452139294261], [-95.2983315897395, 29.7451701245624]]}, "properties": {"centerlineid": 10142645, "roadclass": "LOCAL", "fullname": "AVENUE O", "fromleft": 6901, "toleft": 6999, "fromright": 6900, "toright": 6998, "onewaydir": " "}}, {"type": "Feature", "geometry": {"type": "LineString", "coordinates": [[-95.3493951650559, 29.7576746708557], [-95.3491738611643, 29.7577700492834], [-95.3482659606115, 29.7581209399872], [-95.3480829259204, 29.7581971718828], [-95.3479173011446, 29.7582645260981]]}, "properties": {"centerlineid": 10140355, "roadclass": "MAJOR", "fullname": "NAVIGATION BLVD", "fromleft": 2101, "toleft": 2209, "fromright": 2100, "toright": 2208, "onewaydir": " "}}, {"type": "Feature", "geometry": {"type": "LineString", "coordinates": [[-95.3051140449169, 29.7503256716782], [-95.3032295410013, 29.7497210464918]]}, "properties": {"centerlineid": 10142762, "roadclass": "LOCAL", "fullname": "AVENUE S", "fromleft": 6601, "toleft": 6699, "fromright": 6600, "toright": 6698, "onewaydir": " "}}, {"type": "Feature", "geometry": {"type": "LineString", "coordinates": [[-95.3004143743252, 29.7510866255191], [-95.2984383970133, 29.7504630338776]]}, "properties": {"centerlineid": 10142776, "roadclass": "LOCAL", "fullname": "AVENUE V", "fromleft": 6801, "toleft": 6899, "fromright": 6800, "toright": 6898, "onewaydir": " "}}, {"type": "Feature", "geometry": {"type": "LineString", "coordinates": [[-95.3001321043759, 29.751758141176], [-95.3000405942378, 29.7519735536797], [-95.2997887426479, 29.752211982757], [-95.2994683472086, 29.7524867120078], [-95.2989189082488, 29.7528604309296], [-95.2980263365659, 29.7534842874342], [-95.2978814527628, 29.7535910447774]]}, "properties": {"centerlineid": 10142783, "roadclass": "MAJOR", "fullname": "N WAYSIDE DR", "fromleft": 2301, "toleft": 2399, "fromright": 2300, "toright": 2398, "onewaydir": "TF"}}, {"type": "Feature", "geometry": {"type": "LineString", "coordinates": [[-95.3051598941474, 29.7396672984364], [-95.3031686141478, 29.7390359505939]]}, "properties": {"centerlineid": 10142790, "roadclass": "LOCAL", "fullname": "AVENUE E", "fromleft": 6801, "toleft": 6899, "fromright": 6800, "toright": 6898, "onewaydir": " "}}, {"type": "Feature", "geometry": {"type": "LineString", "coordinates": [[-95.3012154619983, 29.7437452227421], [-95.3011926775659, 29.7437796686408], [-95.3009026501113, 29.7444644171978]]}, "properties": {"centerlineid": 10142827, "roadclass": "MAJOR", "fullname": "SSGT MACARIO GARCIA DR", "fromleft": 1201, "toleft": 1299, "fromright": 1200, "toright": 1298, "onewaydir": "FT"}}, {"type": "Feature", "geometry": {"type": "LineString", "coordinates": [[-95.3012383093031, 29.7491067980784], [-95.3009638092603, 29.7497687141878]]}, "properties": {"centerlineid": 10142872, "roadclass": "MAJOR", "fullname": "WAYSIDE DR", "fromleft": 1901, "toleft": 1999, "fromright": 1900, "toright": 1998, "onewaydir": "TF"}}, {"type": "Feature", "geometry": {"type": "LineString", "coordinates": [[-95.3486294165181, 29.7345611743585], [-95.3478616226285, 29.7343380959073]]}, "properties": {"centerlineid": 10138458, "roadclass": "LOCAL", "fullname": "HADLEY ST", "fromleft": 3451, "toleft": 3499, "fromright": 3450, "toright": 3498, "onewaydir": " "}}, {"type": "Feature", "geometry": {"type": "LineString", "coordinates": [[-95.3458322419938, 29.7392764322361], [-95.3451760589978, 29.7390626452147]]}, "properties": {"centerlineid": 10138474, "roadclass": "MAJOR", "fullname": "LEELAND ST", "fromleft": 3501, "toleft": 3599, "fromright": 3500, "toright": 3598, "onewaydir": " "}}, {"type": "Feature", "geometry": {"type": "LineString", "coordinates": [[-95.3490848722526, 29.7357909684935], [-95.3490884263013, 29.7357528527511], [-95.349100522599, 29.7357207019858], [-95.3491171304136, 29.7356848512198], [-95.3493265071963, 29.7351659506132]]}, "properties": {"centerlineid": 10138535, "roadclass": "LOCAL", "fullname": "CANFIELD ST", "fromleft": 2201, "toleft": 2299, "fromright": 2200, "toright": 2298, "onewaydir": " "}}, {"type": "Feature", "geometry": {"type": "LineString", "coordinates": [[-95.3318932276765, 29.7572454794509], [-95.3313134511178, 29.7568792332678]]}, "properties": {"centerlineid": 10140813, "roadclass": "LOCAL", "fullname": "BALL ST", "fromleft": 3601, "toleft": 3699, "fromright": 3600, "toright": 3698, "onewaydir": " "}}, {"type": "Feature", "geometry": {"type": "LineString", "coordinates": [[-95.3410486509106, 29.7563987247438], [-95.3401710570503, 29.7558627354565]]}, "properties": {"centerlineid": 10140868, "roadclass": "MAJOR", "fullname": "NAVIGATION BLVD", "fromleft": 2901, "toleft": 2999, "fromright": 2900, "toright": 2998, "onewaydir": " "}}, {"type": "Feature", "geometry": {"type": "LineString", "coordinates": [[-95.3439172208453, 29.7571443754469], [-95.3438104316988, 29.7570834540191], [-95.3432687304335, 29.7567649083186], [-95.3431695079331, 29.7567115430934]]}, "properties": {"centerlineid": 10140880, "roadclass": "LOCAL", "fullname": "SALTUS ST", "fromleft": 2601, "toleft": 2699, "fromright": 2600, "toright": 2698, "onewaydir": " "}}, {"type": "Feature", "geometry": {"type": "LineString", "coordinates": [[-95.3428872373551, 29.7556909107203], [-95.3420708356381, 29.7567325371831], [-95.3419184132124, 29.7569020747725]]}, "properties": {"centerlineid": 10140881, "roadclass": "LOCAL", "fullname": "N DELANO ST", "fromleft": 101, "toleft": 299, "fromright": 100, "toright": 298, "onewaydir": " "}}, {"type": "Feature", "geometry": {"type": "LineString", "coordinates": [[-95.3384392762655, 29.7647222121027], [-95.3374704605622, 29.764741370589]]}, "properties": {"centerlineid": 10140900, "roadclass": "MAJOR", "fullname": "CLINTON DR", "fromleft": 3101, "toleft": 3199, "fromright": 3100, "toright": 3198, "onewaydir": " "}}, {"type": "Feature", "geometry": {"type": "LineString", "coordinates": [[-95.3225244990988, 29.7350077841312], [-95.321723335647, 29.7347693834675], [-95.3206933979263, 29.7344469632508]]}, "properties": {"centerlineid": 10143324, "roadclass": "MAJOR", "fullname": "POLK ST", "fromleft": 5201, "toleft": 5299, "fromright": 5200, "toright": 5298, "onewaydir": " "}}, {"type": "Feature", "geometry": {"type": "LineString", "coordinates": [[-95.3374779893608, 29.765376591819], [-95.3375007644743, 29.766046049278]]}, "properties": {"centerlineid": 10141055, "roadclass": "LOCAL", "fullname": "BAYOU ST", "fromleft": 301, "toleft": 399, "fromright": 300, "toright": 398, "onewaydir": " "}}, {"type": "Feature", "geometry": {"type": "LineString", "coordinates": [[-95.336562521589, 29.7680238344011], [-95.3365778118676, 29.7684130946022], [-95.3365928794529, 29.7687373656192]]}, "properties": {"centerlineid": 10141107, "roadclass": "LOCAL", "fullname": "GROVE ST", "fromleft": 701, "toleft": 799, "fromright": 700, "toright": 798, "onewaydir": " "}}, {"type": "Feature", "geometry": {"type": "LineString", "coordinates": [[-95.328811087054, 29.7599061957364], [-95.3284752100192, 29.7602837888081], [-95.3282769117288, 29.7605509974848], [-95.3280708577187, 29.7608218083922], [-95.3279487888429, 29.7610315158358], [-95.3278267427528, 29.7612642506217], [-95.3277199446011, 29.7615236853805], [-95.3275903492862, 29.7618860454448], [-95.327460541448, 29.762446891504], [-95.3275138923043, 29.765443230569]]}, "properties": {"centerlineid": 10141166, "roadclass": "MAJOR", "fullname": "HIRSCH RD", "fromleft": 1, "toleft": 249, "fromright": 2, "toright": 248, "onewaydir": " "}}, {"type": "Feature", "geometry": {"type": "LineString", "coordinates": [[-95.3321298366191, 29.7451548666708], [-95.3318169873581, 29.7450079085182]]}, "properties": {"centerlineid": 10141170, "roadclass": "LOCAL", "fullname": "WILMER ST", "fromleft": 4323, "toleft": 4399, "fromright": 4322, "toright": 4398, "onewaydir": " "}}, {"type": "Feature", "geometry": {"type": "LineString", "coordinates": [[-95.3349069173525, 29.7387441322307], [-95.3345940743526, 29.7386508166453], [-95.3330148906608, 29.7381871668042]]}, "properties": {"centerlineid": 10139115, "roadclass": "MAJOR", "fullname": "POLK ST", "fromleft": 4401, "toleft": 4499, "fromright": 4400, "toright": 4498, "onewaydir": " "}}, {"type": "Feature", "geometry": {"type": "LineString", "coordinates": [[-95.3341591938551, 29.7403979129104], [-95.3341211010295, 29.7403483974478], [-95.3334495724933, 29.7392878706922], [-95.333411488878, 29.7392114229731]]}, "properties": {"centerlineid": 10141293, "roadclass": "MAJOR", "fullname": "TELEPHONE RD", "fromleft": 201, "toleft": 299, "fromright": 200, "toright": 298, "onewaydir": " "}}, {"type": "Feature", "geometry": {"type": "LineString", "coordinates": [[-95.338851325537, 29.7399306045597], [-95.3391794374632, 29.7390875431512]]}, "properties": {"centerlineid": 10141294, "roadclass": "MAJOR", "fullname": "CULLEN BLVD", "fromleft": 1301, "toleft": 1399, "fromright": 1300, "toright": 1398, "onewaydir": " "}}, {"type": "Feature", "geometry": {"type": "LineString", "coordinates": [[-95.3330613169941, 29.7533414825717], [-95.3325722657708, 29.7539715162918], [-95.3324414517855, 29.7541384620077]]}, "properties": {"centerlineid": 10141323, "roadclass": "LOCAL", "fullname": "N MILBY ST", "fromleft": 323, "toleft": 399, "fromright": 322, "toright": 398, "onewaydir": " "}}, {"type": "Feature", "geometry": {"type": "LineString", "coordinates": [[-95.3360130947601, 29.7471269215442], [-95.3363030954309, 29.7464631755557]]}, "properties": {"centerlineid": 10141345, "roadclass": "LOCAL", "fullname": "DRENNAN ST", "fromleft": 301, "toleft": 399, "fromright": 300, "toright": 398, "onewaydir": " "}}, {"type": "Feature", "geometry": {"type": "LineString", "coordinates": [[-95.3306572069137, 29.735936712336], [-95.3291925908969, 29.7354769445612]]}, "properties": {"centerlineid": 10139264, "roadclass": "LOCAL", "fullname": "BELL ST", "fromleft": 4701, "toleft": 4799, "fromright": 4700, "toright": 4798, "onewaydir": " "}}, {"type": "Feature", "geometry": {"type": "LineString", "coordinates": [[-95.3289178518456, 29.7361635157158], [-95.3291925908969, 29.7354769445612]]}, "properties": {"centerlineid": 10139265, "roadclass": "LOCAL", "fullname": "DUMBLE ST", "fromleft": 1301, "toleft": 1399, "fromright": 1300, "toright": 1398, "onewaydir": " "}}, {"type": "Feature", "geometry": {"type": "LineString", "coordinates": [[-95.3380577614117, 29.7419200373719], [-95.3360589627884, 29.7413076332085]]}, "properties": {"centerlineid": 10141532, "roadclass": "LOCAL", "fullname": "LAMAR ST", "fromleft": 4101, "toleft": 4299, "fromright": 4100, "toright": 4298, "onewaydir": " "}}, {"type": "Feature", "geometry": {"type": "LineString", "coordinates": [[-95.3358301142187, 29.7485021085088], [-95.3350442565526, 29.7482657475707]]}, "properties": {"centerlineid": 10141562, "roadclass": "LOCAL", "fullname": "SHERMAN ST", "fromleft": 3901, "toleft": 3949, "fromright": 3900, "toright": 3948, "onewaydir": " "}}, {"type": "Feature", "geometry": {"type": "LineString", "coordinates": [[-95.343932490976, 29.7499232021239], [-95.3435204111808, 29.749633173998]]}, "properties": {"centerlineid": 10141640, "roadclass": "MAJOR", "fullname": "HARRISBURG BLVD", "fromleft": 3101, "toleft": 3149, "fromright": 3100, "toright": 3148, "onewaydir": " "}}, {"type": "Feature", "geometry": {"type": "LineString", "coordinates": [[-95.3389809261236, 29.7457994371226], [-95.3394183313383, 29.7452313078753], [-95.3394464020324, 29.7451947672081]]}, "properties": {"centerlineid": 10141716, "roadclass": "LOCAL", "fullname": "MILBY ST", "fromleft": 601, "toleft": 699, "fromright": 600, "toright": 698, "onewaydir": " "}}, {"type": "Feature", "geometry": {"type": "LineString", "coordinates": [[-95.3406977077768, 29.7524390196911], [-95.3407205146839, 29.7524066149631], [-95.3413155729843, 29.7516379196879]]}, "properties": {"centerlineid": 10141720, "roadclass": "LOCAL", "fullname": "VELASCO ST", "fromleft": 101, "toleft": 199, "fromright": 100, "toright": 198, "onewaydir": " "}}, {"type": "Feature", "geometry": {"type": "LineString", "coordinates": [[-95.3222191688291, 29.7465663421867], [-95.3221885956606, 29.7465567590584], [-95.3218757611417, 29.746461366535]]}, "properties": {"centerlineid": 10141775, "roadclass": "MAJOR", "fullname": "CANAL ST", "fromleft": 5123, "toleft": 5199, "fromright": 5122, "toright": 5198, "onewaydir": " "}}, {"type": "Feature", "geometry": {"type": "LineString", "coordinates": [[-95.3127817723283, 29.7436345501243], [-95.3126672281771, 29.7436003228373], [-95.3118355094304, 29.743344742325]]}, "properties": {"centerlineid": 10141777, "roadclass": "MAJOR", "fullname": "CANAL ST", "fromleft": 6201, "toleft": 6299, "fromright": 6200, "toright": 6298, "onewaydir": " "}}, {"type": "Feature", "geometry": {"type": "LineString", "coordinates": [[-95.3178476080825, 29.7452196705945], [-95.3182366578885, 29.7442487766565], [-95.318259468764, 29.7442163767695]]}, "properties": {"centerlineid": 10141806, "roadclass": "LOCAL", "fullname": "LATHAM ST", "fromleft": 1, "toleft": 99, "fromright": 2, "toright": 98, "onewaydir": " "}}, {"type": "Feature", "geometry": {"type": "LineString", "coordinates": [[-95.320121131643, 29.7447886238485], [-95.319167361988, 29.7445006632159]]}, "properties": {"centerlineid": 10141835, "roadclass": "LOCAL", "fullname": "BRADY ST", "fromleft": 5401, "toleft": 5499, "fromright": 5400, "toright": 5498, "onewaydir": " "}}, {"type": "Feature", "geometry": {"type": "LineString", "coordinates": [[-95.3129722798909, 29.7505926256019], [-95.3129270241861, 29.7508263791445], [-95.3128100614889, 29.7510333359161], [-95.3126384131005, 29.7512387864433], [-95.3122934758284, 29.7515883714423]]}, "properties": {"centerlineid": 10141868, "roadclass": "LOCAL", "fullname": "N GREENWOOD ST", "fromleft": 501, "toleft": 599, "fromright": 500, "toright": 598, "onewaydir": " "}}, {"type": "Feature", "geometry": {"type": "LineString", "coordinates": [[-95.3074028126064, 29.744944941591], [-95.3054727144697, 29.7443402536136]]}, "properties": {"centerlineid": 10141887, "roadclass": "LOCAL", "fullname": "AVENUE K", "fromleft": 6601, "toleft": 6699, "fromright": 6600, "toright": 6698, "onewaydir": " "}}, {"type": "Feature", "geometry": {"type": "LineString", "coordinates": [[-95.3099740988271, 29.7427496850428], [-95.3095467040235, 29.7426123123592], [-95.3085167479528, 29.7422803552334]]}, "properties": {"centerlineid": 10141932, "roadclass": "MAJOR", "fullname": "CANAL ST", "fromleft": 6501, "toleft": 6599, "fromright": 6500, "toright": 6598, "onewaydir": " "}}, {"type": "Feature", "geometry": {"type": "LineString", "coordinates": [[-95.3209909540119, 29.7511610081857], [-95.3202279071979, 29.7509339777711]]}, "properties": {"centerlineid": 10141947, "roadclass": "LOCAL", "fullname": "AVENUE L", "fromleft": 5101, "toleft": 5199, "fromright": 5100, "toright": 5198, "onewaydir": " "}}, {"type": "Feature", "geometry": {"type": "LineString", "coordinates": [[-95.3201286566471, 29.7421222088294], [-95.3204720903072, 29.7412830066062]]}, "properties": {"centerlineid": 10141964, "roadclass": "LOCAL", "fullname": "ALTIC ST", "fromleft": 301, "toleft": 399, "fromright": 300, "toright": 398, "onewaydir": " "}}, {"type": "Feature", "geometry": {"type": "LineString", "coordinates": [[-95.3235925344192, 29.7422422447444], [-95.3234017933428, 29.7421849555681]]}, "properties": {"centerlineid": 10141966, "roadclass": "MAJOR", "fullname": "HARRISBURG BLVD", "fromleft": 5201, "toleft": 5203, "fromright": 5200, "toright": 5202, "onewaydir": " "}}, {"type": "Feature", "geometry": {"type": "LineString", "coordinates": [[-95.3128198700036, 29.7409225003756], [-95.313109624761, 29.7402146921561], [-95.313163024229, 29.7401441986811]]}, "properties": {"centerlineid": 10141980, "roadclass": "LOCAL", "fullname": "MARSDEN ST", "fromleft": 207, "toleft": 299, "fromright": 206, "toright": 298, "onewaydir": " "}}, {"type": "Feature", "geometry": {"type": "LineString", "coordinates": [[-95.3510277337889, 29.7552790928055], [-95.3501885449306, 29.7547964992308]]}, "properties": {"centerlineid": 10139707, "roadclass": "LOCAL", "fullname": "PRESTON ST", "fromleft": 2201, "toleft": 2299, "fromright": 2200, "toright": 2298, "onewaydir": "FT"}}, {"type": "Feature", "geometry": {"type": "LineString", "coordinates": [[-95.3491129421001, 29.7531903787179], [-95.3485787825386, 29.7530589692324]]}, "properties": {"centerlineid": 10139742, "roadclass": "MAJOR", "fullname": "PRAIRIE ST", "fromleft": 2501, "toleft": 2599, "fromright": 2500, "toright": 2598, "onewaydir": "TF"}}, {"type": "Feature", "geometry": {"type": "LineString", "coordinates": [[-95.3234017933428, 29.7421849555681], [-95.3239893536205, 29.7414030098474]]}, "properties": {"centerlineid": 10142056, "roadclass": "LOCAL", "fullname": "EDGEWOOD ST", "fromleft": 401, "toleft": 499, "fromright": 400, "toright": 498, "onewaydir": " "}}, {"type": "Feature", "geometry": {"type": "LineString", "coordinates": [[-95.3234857761554, 29.73917538089], [-95.3240808290101, 29.7384009431628]]}, "properties": {"centerlineid": 10142064, "roadclass": "LOCAL", "fullname": "DELMAR ST", "fromleft": 701, "toleft": 799, "fromright": 700, "toright": 798, "onewaydir": " "}}, {"type": "Feature", "geometry": {"type": "LineString", "coordinates": [[-95.3195413687969, 29.7400068381073], [-95.3201058529818, 29.739245859439]]}, "properties": {"centerlineid": 10142081, "roadclass": "LOCAL", "fullname": "CLIFTON ST", "fromleft": 501, "toleft": 599, "fromright": 500, "toright": 598, "onewaydir": " "}}, {"type": "Feature", "geometry": {"type": "LineString", "coordinates": [[-95.3084558302139, 29.769213986423], [-95.3084633898827, 29.7676423443538], [-95.3084711180903, 29.767383171392]]}, "properties": {"centerlineid": 10142159, "roadclass": "LOCAL", "fullname": "WOOLWORTH ST", "fromleft": 1101, "toleft": 1199, "fromright": 1100, "toright": 1198, "onewaydir": " "}}, {"type": "Feature", "geometry": {"type": "LineString", "coordinates": [[-95.3484795258904, 29.7424884461651], [-95.3495610296885, 29.7410881420848]]}, "properties": {"centerlineid": 10139837, "roadclass": "LOCAL", "fullname": "VELASCO ST", "fromleft": 1401, "toleft": 1599, "fromright": 1400, "toright": 1598, "onewaydir": " "}}, {"type": "Feature", "geometry": {"type": "LineString", "coordinates": [[-95.34744199294, 29.7543957972576], [-95.3472971450469, 29.7543214210046], [-95.3468391678446, 29.7540469454125], [-95.3467020339292, 29.7539477063038], [-95.3465950198533, 29.7538484476881]]}, "properties": {"centerlineid": 10139866, "roadclass": "LOCAL", "fullname": "GARROW ST", "fromleft": 2501, "toleft": 2599, "fromright": 2500, "toright": 2598, "onewaydir": " "}}, {"type": "Feature", "geometry": {"type": "LineString", "coordinates": [[-95.3253318955374, 29.738231189275], [-95.324584385649, 29.7379984670936]]}, "properties": {"centerlineid": 10143446, "roadclass": "LOCAL", "fullname": "MCKINNEY ST", "fromleft": 5001, "toleft": 5099, "fromright": 5000, "toright": 5098, "onewaydir": " "}}, {"type": "Feature", "geometry": {"type": "LineString", "coordinates": [[-95.3028482931269, 29.7344850705624], [-95.3004524601962, 29.7337259354436]]}, "properties": {"centerlineid": 10143636, "roadclass": "LOCAL", "fullname": "CAPITOL ST", "fromleft": 7001, "toleft": 7099, "fromright": 7000, "toright": 7098, "onewaydir": " "}}, {"type": "Feature", "geometry": {"type": "LineString", "coordinates": [[-95.3130259028922, 29.7576938256174], [-95.3130334354867, 29.759124237371]]}, "properties": {"centerlineid": 10142242, "roadclass": "LOCAL", "fullname": "PLASTICS AVE", "fromleft": 751, "toleft": 799, "fromright": 750, "toright": 798, "onewaydir": " "}}, {"type": "Feature", "geometry": {"type": "LineString", "coordinates": [[-95.3213671198032, 29.7679821675787], [-95.3210773827583, 29.7679275110601], [-95.3195032306314, 29.7679458272354], [-95.3178551479352, 29.7679782372411]]}, "properties": {"centerlineid": 10142273, "roadclass": "LOCAL", "fullname": "COKE ST", "fromleft": 4801, "toleft": 5399, "fromright": 4800, "toright": 5398, "onewaydir": " "}}, {"type": "Feature", "geometry": {"type": "LineString", "coordinates": [[-95.34744199294, 29.7543957972576], [-95.3477301744539, 29.7540738808185], [-95.3477685203059, 29.7540310458129], [-95.3477759771015, 29.7540216545587], [-95.3477826675922, 29.7540118336663], [-95.3477885594003, 29.7540016306625], [-95.3477936240135, 29.7539910949237], [-95.3477978369224, 29.7539802774363], [-95.3478011777394, 29.75396923055], [-95.3478036302973, 29.753958007725], [-95.3478051827277, 29.7539466632727], [-95.3478082247297, 29.7539152961196]]}, "properties": {"centerlineid": 10140007, "roadclass": "LOCAL", "fullname": "ST CHARLES ST", "fromleft": 251, "toleft": 299, "fromright": 250, "toright": 298, "onewaydir": " "}}, {"type": "Feature", "geometry": {"type": "LineString", "coordinates": [[-95.3490670493807, 29.7529369081757], [-95.3496927214608, 29.7522138081369]]}, "properties": {"centerlineid": 10140044, "roadclass": "LOCAL", "fullname": "ST CHARLES ST", "fromleft": 505, "toleft": 599, "fromright": 504, "toright": 598, "onewaydir": " "}}, {"type": "Feature", "geometry": {"type": "LineString", "coordinates": [[-95.3495094798295, 29.747655406042], [-95.3498375880576, 29.7472471723793], [-95.3501045530418, 29.7469133756045]]}, "properties": {"centerlineid": 10140053, "roadclass": "LOCAL", "fullname": "DELANO ST", "fromleft": 1001, "toleft": 1099, "fromright": 1000, "toright": 1098, "onewaydir": " "}}, {"type": "Feature", "geometry": {"type": "LineString", "coordinates": [[-95.3483193527689, 29.7491544852297], [-95.3486015883021, 29.7488053858903], [-95.3489221835071, 29.7483839236632]]}, "properties": {"centerlineid": 10140067, "roadclass": "LOCAL", "fullname": "DELANO ST", "fromleft": 801, "toleft": 899, "fromright": 800, "toright": 898, "onewaydir": " "}}, {"type": "Feature", "geometry": {"type": "LineString", "coordinates": [[-95.3469612529286, 29.7494063869564], [-95.3469537809377, 29.7493971911934], [-95.3469458846059, 29.7493762645383], [-95.3469433811103, 29.749352368225], [-95.3469445759396, 29.7493283949243], [-95.3469494474672, 29.7493047785003], [-95.3469579075269, 29.7492819463583], [-95.3469626119437, 29.7492724089509], [-95.3469697213013, 29.7492597524896], [-95.3469782251907, 29.7492477688907], [-95.3473580405846, 29.748767255456], [-95.3474572810282, 29.7486472466168]]}, "properties": {"centerlineid": 10140075, "roadclass": "LOCAL", "fullname": "PAIGE ST", "fromleft": 701, "toleft": 799, "fromright": 700, "toright": 798, "onewaydir": " "}}, {"type": "Feature", "geometry": {"type": "LineString", "coordinates": [[-95.3504098672054, 29.7560534871547], [-95.3507694244089, 29.7556028451553], [-95.3510277337889, 29.7552790928055]]}, "properties": {"centerlineid": 10140163, "roadclass": "LOCAL", "fullname": "HUTCHINS ST", "fromleft": 301, "toleft": 399, "fromright": 300, "toright": 398, "onewaydir": " "}}, {"type": "Feature", "geometry": {"type": "LineString", "coordinates": [[-95.3443521144876, 29.74455772432], [-95.3449472036597, 29.7438024587266]]}, "properties": {"centerlineid": 10140187, "roadclass": "MAJOR", "fullname": "SAMPSON ST", "fromleft": 1001, "toleft": 1099, "fromright": 1000, "toright": 1098, "onewaydir": "FT"}}, {"type": "Feature", "geometry": {"type": "LineString", "coordinates": [[-95.3495610296885, 29.7410881420848], [-95.3488687865718, 29.7406630342802]]}, "properties": {"centerlineid": 10140208, "roadclass": "MAJOR", "fullname": "LEELAND ST", "fromleft": 3201, "toleft": 3299, "fromright": 3200, "toright": 3298, "onewaydir": " "}}, {"type": "Feature", "geometry": {"type": "LineString", "coordinates": [[-95.3068077389035, 29.7478785584379], [-95.3043054025291, 29.7470966129673]]}, "properties": {"centerlineid": 10142596, "roadclass": "LOCAL", "fullname": "AVENUE O", "fromleft": 6601, "toleft": 6699, "fromright": 6600, "toright": 6698, "onewaydir": " "}}, {"type": "Feature", "geometry": {"type": "LineString", "coordinates": [[-95.3516227952127, 29.7578863871696], [-95.3515312914217, 29.7578272829165]]}, "properties": {"centerlineid": 10140367, "roadclass": "LOCAL", "fullname": "FRANKLIN ST", "fromleft": 1991, "toleft": 1999, "fromright": 1990, "toright": 1998, "onewaydir": " "}}, {"type": "Feature", "geometry": {"type": "LineString", "coordinates": [[-95.3530573114111, 29.7382369111908], [-95.3533165148416, 29.737588434656]]}, "properties": {"centerlineid": 10138427, "roadclass": "LOCAL", "fullname": "NETTLETON ST", "fromleft": 2101, "toleft": 2199, "fromright": 2100, "toright": 2198, "onewaydir": " "}}, {"type": "Feature", "geometry": {"type": "LineString", "coordinates": [[-95.3417046137506, 29.7584946868829], [-95.3414682486998, 29.7583423061827], [-95.3413917777941, 29.7582982595401], [-95.3406899496648, 29.757901694478]]}, "properties": {"centerlineid": 10140743, "roadclass": "LOCAL", "fullname": "BERING ST", "fromleft": 2701, "toleft": 2799, "fromright": 2700, "toright": 2798, "onewaydir": " "}}, {"type": "Feature", "geometry": {"type": "LineString", "coordinates": [[-95.3524850826391, 29.736176954351], [-95.3525307346044, 29.7361121431583], [-95.3527597937595, 29.7355150398031]]}, "properties": {"centerlineid": 10138532, "roadclass": "LOCAL", "fullname": "TIERWESTER ST", "fromleft": 2307, "toleft": 2399, "fromright": 2306, "toright": 2398, "onewaydir": " "}}, {"type": "Feature", "geometry": {"type": "LineString", "coordinates": [[-95.3519976619844, 29.7352722813526], [-95.3519376720861, 29.7352484084699], [-95.3518747009716, 29.7352211662742], [-95.3518055982985, 29.7351944465056], [-95.3509653142854, 29.7349384571763]]}, "properties": {"centerlineid": 10138545, "roadclass": "LOCAL", "fullname": "MCILHENNY ST", "fromleft": 3325, "toleft": 3399, "fromright": 3324, "toright": 3398, "onewaydir": " "}}, {"type": "Feature", "geometry": {"type": "LineString", "coordinates": [[-95.3313134511178, 29.7568792332678], [-95.3305962976868, 29.7564920551522]]}, "properties": {"centerlineid": 10140815, "roadclass": "LOCAL", "fullname": "BALL ST", "fromleft": 3701, "toleft": 3799, "fromright": 3700, "toright": 3798, "onewaydir": " "}}, {"type": "Feature", "geometry": {"type": "LineString", "coordinates": [[-95.3429865187184, 29.7646535265863], [-95.3394463860401, 29.7647012097301]]}, "properties": {"centerlineid": 10140902, "roadclass": "MAJOR", "fullname": "CLINTON DR", "fromleft": 2701, "toleft": 2999, "fromright": 2700, "toright": 2998, "onewaydir": " "}}, {"type": "Feature", "geometry": {"type": "LineString", "coordinates": [[-95.3139794360398, 29.7372183196657], [-95.3142541216902, 29.7368578223837], [-95.3145288655204, 29.7364897896359], [-95.3146278987718, 29.7361578142844], [-95.3148186312172, 29.7357972855848], [-95.316184261375, 29.7339967588614]]}, "properties": {"centerlineid": 10143373, "roadclass": "LOCAL", "fullname": "HUGHES ST", "fromleft": 301, "toleft": 699, "fromright": 300, "toright": 698, "onewaydir": " "}}, {"type": "Feature", "geometry": {"type": "LineString", "coordinates": [[-95.3513330324729, 29.7369874202527], [-95.3515085069347, 29.7365297173315]]}, "properties": {"centerlineid": 10138701, "roadclass": "LOCAL", "fullname": "ROBERTS ST", "fromleft": 2201, "toleft": 2215, "fromright": 2200, "toright": 2214, "onewaydir": " "}}, {"type": "Feature", "geometry": {"type": "LineString", "coordinates": [[-95.3346474990197, 29.7640719154893], [-95.3346550028321, 29.7647815204502]]}, "properties": {"centerlineid": 10141063, "roadclass": "LOCAL", "fullname": "CAGE ST", "fromleft": 101, "toleft": 199, "fromright": 100, "toright": 198, "onewaydir": " "}}, {"type": "Feature", "geometry": {"type": "LineString", "coordinates": [[-95.3530189996794, 29.7348722855785], [-95.3512109792593, 29.7343191663602]]}, "properties": {"centerlineid": 10138855, "roadclass": "LOCAL", "fullname": "BREMOND ST", "fromleft": 3301, "toleft": 3399, "fromright": 3300, "toright": 3398, "onewaydir": " "}}, {"type": "Feature", "geometry": {"type": "LineString", "coordinates": [[-95.3266212975446, 29.7456620823695], [-95.3271020519982, 29.7444929094188], [-95.3271629652486, 29.744342324198]]}, "properties": {"centerlineid": 10141237, "roadclass": "LOCAL", "fullname": "BURR ST", "fromleft": 201, "toleft": 299, "fromright": 200, "toright": 298, "onewaydir": " "}}, {"type": "Feature", "geometry": {"type": "LineString", "coordinates": [[-95.3403923933079, 29.7541690118484], [-95.3393015065143, 29.7535280574747], [-95.3390115335191, 29.7533487159626], [-95.338393615706, 29.7529786189265]]}, "properties": {"centerlineid": 10141329, "roadclass": "MAJOR", "fullname": "CANAL ST", "fromleft": 3101, "toleft": 3299, "fromright": 3100, "toright": 3298, "onewaydir": " "}}, {"type": "Feature", "geometry": {"type": "LineString", "coordinates": [[-95.3273537216258, 29.7505773727427], [-95.3268273717054, 29.7512621118973]]}, "properties": {"centerlineid": 10141369, "roadclass": "LOCAL", "fullname": "N SUPER ST", "fromleft": 301, "toleft": 399, "fromright": 300, "toright": 398, "onewaydir": " "}}, {"type": "Feature", "geometry": {"type": "LineString", "coordinates": [[-95.3326409161603, 29.7460780089473], [-95.3329156491612, 29.7454065036205]]}, "properties": {"centerlineid": 10141384, "roadclass": "LOCAL", "fullname": "SIDNEY ST", "fromleft": 301, "toleft": 399, "fromright": 300, "toright": 398, "onewaydir": " "}}, {"type": "Feature", "geometry": {"type": "LineString", "coordinates": [[-95.3365700838489, 29.7458033131969], [-95.3355401203723, 29.7453645299976]]}, "properties": {"centerlineid": 10141385, "roadclass": "MAJOR", "fullname": "HARRISBURG BLVD", "fromleft": 3901, "toleft": 3999, "fromright": 3900, "toright": 3998, "onewaydir": " "}}, {"type": "Feature", "geometry": {"type": "LineString", "coordinates": [[-95.3352448035624, 29.7529347815374], [-95.334876346953, 29.7527155443126], [-95.3346017582557, 29.7525491489479]]}, "properties": {"centerlineid": 10141396, "roadclass": "LOCAL", "fullname": "RUNNELS ST", "fromleft": 3601, "toleft": 3699, "fromright": 3600, "toright": 3698, "onewaydir": " "}}, {"type": "Feature", "geometry": {"type": "LineString", "coordinates": [[-95.3361885529535, 29.7355093262264], [-95.3364938442726, 29.7347483554724]]}, "properties": {"centerlineid": 10139148, "roadclass": "LOCAL", "fullname": "EASTWOOD ST", "fromleft": 1701, "toleft": 1799, "fromright": 1700, "toright": 1798, "onewaydir": " "}}, {"type": "Feature", "geometry": {"type": "LineString", "coordinates": [[-95.3328469834474, 29.7498469700769], [-95.3332590393522, 29.748822707717]]}, "properties": {"centerlineid": 10141420, "roadclass": "LOCAL", "fullname": "HUNT ST", "fromleft": 1, "toleft": 99, "fromright": 2, "toright": 98, "onewaydir": " "}}, {"type": "Feature", "geometry": {"type": "LineString", "coordinates": [[-95.3331903688676, 29.7431483051143], [-95.3328010938063, 29.7430262391386], [-95.3297189531634, 29.7420514754193]]}, "properties": {"centerlineid": 10141452, "roadclass": "LOCAL", "fullname": "CAPITOL ST", "fromleft": 4401, "toleft": 4599, "fromright": 4400, "toright": 4598, "onewaydir": " "}}, {"type": "Feature", "geometry": {"type": "LineString", "coordinates": [[-95.3316109859705, 29.7518535154825], [-95.3312933918409, 29.7522667560601]]}, "properties": {"centerlineid": 10141498, "roadclass": "LOCAL", "fullname": "N DRENNAN ST", "fromleft": 301, "toleft": 317, "fromright": 300, "toright": 316, "onewaydir": " "}}, {"type": "Feature", "geometry": {"type": "LineString", "coordinates": [[-95.3398279252159, 29.7430415380586], [-95.3387979577737, 29.7427191208377]]}, "properties": {"centerlineid": 10141522, "roadclass": "MAJOR", "fullname": "MCKINNEY ST", "fromleft": 3901, "toleft": 3999, "fromright": 3900, "toright": 3998, "onewaydir": " "}}, {"type": "Feature", "geometry": {"type": "LineString", "coordinates": [[-95.34126971357, 29.7429023376354], [-95.3401560037071, 29.7425664796968]]}, "properties": {"centerlineid": 10141525, "roadclass": "LOCAL", "fullname": "LAMAR ST", "fromleft": 3801, "toleft": 3899, "fromright": 3800, "toright": 3898, "onewaydir": " "}}, {"type": "Feature", "geometry": {"type": "LineString", "coordinates": [[-95.3300165271897, 29.7416165877519], [-95.3303749632857, 29.7409033263798]]}, "properties": {"centerlineid": 10141537, "roadclass": "MAJOR", "fullname": "S LOCKWOOD DR", "fromleft": 801, "toleft": 899, "fromright": 800, "toright": 898, "onewaydir": " "}}, {"type": "Feature", "geometry": {"type": "LineString", "coordinates": [[-95.3370889304427, 29.7482009496208], [-95.3355478802422, 29.7476953018169]]}, "properties": {"centerlineid": 10141544, "roadclass": "LOCAL", "fullname": "MENARD ST", "fromleft": 3801, "toleft": 3899, "fromright": 3800, "toright": 3898, "onewaydir": " "}}, {"type": "Feature", "geometry": {"type": "LineString", "coordinates": [[-95.32939354218, 29.7389774028177], [-95.3297493149513, 29.7381223468007]]}, "properties": {"centerlineid": 10139322, "roadclass": "LOCAL", "fullname": "EDDINGTON ST", "fromleft": 1001, "toleft": 1099, "fromright": 1000, "toright": 1098, "onewaydir": " "}}, {"type": "Feature", "geometry": {"type": "LineString", "coordinates": [[-95.3387139794306, 29.734589998493], [-95.3389809074882, 29.7339052874331]]}, "properties": {"centerlineid": 10139373, "roadclass": "LOCAL", "fullname": "SIDNEY ST", "fromleft": 1901, "toleft": 1999, "fromright": 1900, "toright": 1998, "onewaydir": " "}}, {"type": "Feature", "geometry": {"type": "LineString", "coordinates": [[-95.3251870229484, 29.7533754367158], [-95.3245538406268, 29.7531846951802]]}, "properties": {"centerlineid": 10141594, "roadclass": "LOCAL", "fullname": "CRITES ST", "fromleft": 4521, "toleft": 4599, "fromright": 4520, "toright": 4598, "onewaydir": " "}}, {"type": "Feature", "geometry": {"type": "LineString", "coordinates": [[-95.3266290434853, 29.7394537270138], [-95.3270409264893, 29.7389501557944]]}, "properties": {"centerlineid": 10141663, "roadclass": "LOCAL", "fullname": "DUMBLE ST", "fromleft": 801, "toleft": 899, "fromright": 800, "toright": 898, "onewaydir": " "}}, {"type": "Feature", "geometry": {"type": "LineString", "coordinates": [[-95.3384239540259, 29.7448687382622], [-95.3384698319919, 29.7448039367128], [-95.3388741502744, 29.7442412305447]]}, "properties": {"centerlineid": 10141688, "roadclass": "LOCAL", "fullname": "ST JOSEPH ST", "fromleft": 701, "toleft": 799, "fromright": 700, "toright": 798, "onewaydir": " "}}, {"type": "Feature", "geometry": {"type": "LineString", "coordinates": [[-95.341750494163, 29.7462705870582], [-95.3419640620139, 29.745997961488], [-95.3423302623839, 29.7455420337671]]}, "properties": {"centerlineid": 10141760, "roadclass": "MAJOR", "fullname": "YORK ST", "fromleft": 701, "toleft": 799, "fromright": 700, "toright": 798, "onewaydir": "TF"}}, {"type": "Feature", "geometry": {"type": "LineString", "coordinates": [[-95.3073418888437, 29.7465987187744], [-95.3073113363982, 29.7467226393399], [-95.3072657041202, 29.7468905689558], [-95.3072273555184, 29.7470162752487], [-95.3072122900335, 29.7472528714574]]}, "properties": {"centerlineid": 10141808, "roadclass": "LOCAL", "fullname": "TERMINAL ST", "fromleft": 1301, "toleft": 1399, "fromright": 1300, "toright": 1398, "onewaydir": " "}}, {"type": "Feature", "geometry": {"type": "LineString", "coordinates": [[-95.3127053124964, 29.7388871844235], [-95.312842667814, 29.7387060071009], [-95.3131936254487, 29.7382426189422]]}, "properties": {"centerlineid": 10141855, "roadclass": "LOCAL", "fullname": "HUGHES ST", "fromleft": 101, "toleft": 199, "fromright": 100, "toright": 198, "onewaydir": " "}}, {"type": "Feature", "geometry": {"type": "LineString", "coordinates": [[-95.3522103333317, 29.7537647135009], [-95.3514092331417, 29.7532533479868]]}, "properties": {"centerlineid": 10139658, "roadclass": "LOCAL", "fullname": "TEXAS ST", "fromleft": 2201, "toleft": 2299, "fromright": 2200, "toright": 2298, "onewaydir": "FT"}}, {"type": "Feature", "geometry": {"type": "LineString", "coordinates": [[-95.3089135660707, 29.7456011761726], [-95.3080743199806, 29.7468275851665]]}, "properties": {"centerlineid": 10141877, "roadclass": "LOCAL", "fullname": "MACK RD", "fromleft": 1101, "toleft": 1299, "fromright": 1100, "toright": 1298, "onewaydir": " "}}, {"type": "Feature", "geometry": {"type": "LineString", "coordinates": [[-95.3168938548529, 29.7449239263838], [-95.3159400858968, 29.7446302679362]]}, "properties": {"centerlineid": 10141886, "roadclass": "MAJOR", "fullname": "CANAL ST", "fromleft": 5701, "toleft": 5799, "fromright": 5700, "toright": 5798, "onewaydir": " "}}, {"type": "Feature", "geometry": {"type": "LineString", "coordinates": [[-95.3177331104954, 29.742875623224], [-95.3167565269179, 29.7425838095389]]}, "properties": {"centerlineid": 10141902, "roadclass": "LOCAL", "fullname": "SHERMAN ST", "fromleft": 5701, "toleft": 5799, "fromright": 5700, "toright": 5798, "onewaydir": " "}}, {"type": "Feature", "geometry": {"type": "LineString", "coordinates": [[-95.3530114759803, 29.7464460924114], [-95.3521494488854, 29.7459272072609]]}, "properties": {"centerlineid": 10139750, "roadclass": "MAJOR", "fullname": "POLK ST", "fromleft": 2601, "toleft": 2699, "fromright": 2600, "toright": 2698, "onewaydir": " "}}, {"type": "Feature", "geometry": {"type": "LineString", "coordinates": [[-95.3239893536205, 29.7414030098474], [-95.3245766447182, 29.7406267762917]]}, "properties": {"centerlineid": 10142076, "roadclass": "LOCAL", "fullname": "EDGEWOOD ST", "fromleft": 501, "toleft": 599, "fromright": 500, "toright": 598, "onewaydir": " "}}, {"type": "Feature", "geometry": {"type": "LineString", "coordinates": [[-95.3504173758414, 29.7449086462695], [-95.349570652271, 29.7443918361237]]}, "properties": {"centerlineid": 10139947, "roadclass": "MAJOR", "fullname": "POLK ST", "fromleft": 2901, "toleft": 2999, "fromright": 2900, "toright": 2998, "onewaydir": " "}}, {"type": "Feature", "geometry": {"type": "LineString", "coordinates": [[-95.3249809645956, 29.7386850250521], [-95.3240808290101, 29.7384009431628]]}, "properties": {"centerlineid": 10143420, "roadclass": "LOCAL", "fullname": "WALKER ST", "fromleft": 5001, "toleft": 5099, "fromright": 5000, "toright": 5098, "onewaydir": " "}}, {"type": "Feature", "geometry": {"type": "LineString", "coordinates": [[-95.3248436184641, 29.7341932537902], [-95.3230661533833, 29.7336572412747]]}, "properties": {"centerlineid": 10143478, "roadclass": "LOCAL", "fullname": "BELL ST", "fromleft": 5101, "toleft": 5199, "fromright": 5100, "toright": 5198, "onewaydir": " "}}, {"type": "Feature", "geometry": {"type": "LineString", "coordinates": [[-95.3253318792599, 29.7335828809721], [-95.3251108230641, 29.733531554981]]}, "properties": {"centerlineid": 10143481, "roadclass": "LOCAL", "fullname": "LEELAND ST", "fromleft": 5033, "toleft": 5099, "fromright": 5032, "toright": 5098, "onewaydir": " "}}, {"type": "Feature", "geometry": {"type": "LineString", "coordinates": [[-95.2999566449159, 29.7349637835481], [-95.3004524601962, 29.7337259354436]]}, "properties": {"centerlineid": 10143637, "roadclass": "LOCAL", "fullname": "S 71ST ST", "fromleft": 101, "toleft": 199, "fromright": 100, "toright": 198, "onewaydir": " "}}, {"type": "Feature", "geometry": {"type": "LineString", "coordinates": [[-95.3130487098334, 29.7478479558448], [-95.3130299692324, 29.7493119887251], [-95.3130259049544, 29.7496295426653]]}, "properties": {"centerlineid": 10141983, "roadclass": "LOCAL", "fullname": "N GREENWOOD ST", "fromleft": 301, "toleft": 399, "fromright": 300, "toright": 398, "onewaydir": " "}}, {"type": "Feature", "geometry": {"type": "LineString", "coordinates": [[-95.3503265720646, 29.7700079213496], [-95.348877908543, 29.7699077430559], [-95.3481613889512, 29.7697671596963], [-95.3476499210252, 29.7695837372489], [-95.3472354989617, 29.7693550260556], [-95.3469091468848, 29.7690873810348], [-95.3467490167496, 29.7688266092625], [-95.3466687809804, 29.7685864213842], [-95.3466383608071, 29.7684624427836], [-95.3466099082935, 29.7683342999635], [-95.3466078159895, 29.7682226052838], [-95.3466124808497, 29.7680923649907], [-95.3466380270625, 29.7679751105752], [-95.3466858984111, 29.7678305297116], [-95.3467547620966, 29.7676958313148], [-95.3468224051579, 29.7675952452446], [-95.3469152600606, 29.7674860328663], [-95.3469930083885, 29.7674012418074], [-95.3471221836854, 29.7672712914787], [-95.3477242610827, 29.7668375692689]]}, "properties": {"centerlineid": 10140713, "roadclass": "RAMP", "fullname": "IH 10 EB HAMILTON EXIT RAMP", "fromleft": 0, "toleft": 0, "fromright": 0, "toright": 0, "onewaydir": " "}}, {"type": "Feature", "geometry": {"type": "LineString", "coordinates": [[-95.3240730870907, 29.7687163752792], [-95.3232644115815, 29.7687277749706]]}, "properties": {"centerlineid": 10142202, "roadclass": "LOCAL", "fullname": "GUNTER ST", "fromleft": 4601, "toleft": 4699, "fromright": 4600, "toright": 4698, "onewaydir": " "}}, {"type": "Feature", "geometry": {"type": "LineString", "coordinates": [[-95.3077462185882, 29.7613920197974], [-95.3059532640345, 29.7609151454517]]}, "properties": {"centerlineid": 10142254, "roadclass": "MAJOR", "fullname": "CLINTON DR", "fromleft": 5807, "toleft": 5909, "fromright": 5806, "toright": 5908, "onewaydir": " "}}, {"type": "Feature", "geometry": {"type": "LineString", "coordinates": [[-95.3509515077982, 29.7474169315064], [-95.3511041674567, 29.7472280399295], [-95.3515390605554, 29.7466940880597]]}, "properties": {"centerlineid": 10140054, "roadclass": "LOCAL", "fullname": "NAGLE ST", "fromleft": 1101, "toleft": 1199, "fromright": 1100, "toright": 1198, "onewaydir": " "}}, {"type": "Feature", "geometry": {"type": "LineString", "coordinates": [[-95.3026116475917, 29.7458108572086], [-95.3006204161251, 29.7451738009694]]}, "properties": {"centerlineid": 10142646, "roadclass": "LOCAL", "fullname": "AVENUE N", "fromleft": 6801, "toleft": 6899, "fromright": 6800, "toright": 6898, "onewaydir": " "}}, {"type": "Feature", "geometry": {"type": "LineString", "coordinates": [[-95.3051140449169, 29.7503256716782], [-95.3047097197988, 29.7509282842868]]}, "properties": {"centerlineid": 10142656, "roadclass": "LOCAL", "fullname": "TERMINAL ST", "fromleft": 1901, "toleft": 1999, "fromright": 1900, "toright": 1998, "onewaydir": " "}}, {"type": "Feature", "geometry": {"type": "LineString", "coordinates": [[-95.3059532368308, 29.7491010913347], [-95.3055336335085, 29.7497210109826]]}, "properties": {"centerlineid": 10142659, "roadclass": "LOCAL", "fullname": "TERMINAL ST", "fromleft": 1701, "toleft": 1799, "fromright": 1700, "toright": 1798, "onewaydir": " "}}, {"type": "Feature", "geometry": {"type": "LineString", "coordinates": [[-95.3031686141478, 29.7390359505939], [-95.3028864046479, 29.7397131492219]]}, "properties": {"centerlineid": 10142814, "roadclass": "MAJOR", "fullname": "SSGT MACARIO GARCIA DR", "fromleft": 501, "toleft": 599, "fromright": 500, "toright": 598, "onewaydir": "FT"}}, {"type": "Feature", "geometry": {"type": "LineString", "coordinates": [[-95.3006204161251, 29.7451738009694], [-95.3003534587486, 29.7458396009414]]}, "properties": {"centerlineid": 10142851, "roadclass": "MAJOR", "fullname": "SSGT MACARIO GARCIA DR", "fromleft": 1401, "toleft": 1499, "fromright": 1400, "toright": 1498, "onewaydir": "FT"}}, {"type": "Feature", "geometry": {"type": "LineString", "coordinates": [[-95.3526911003118, 29.7673678760695], [-95.352073015161, 29.7673774273456]]}, "properties": {"centerlineid": 10140555, "roadclass": "LOCAL", "fullname": "STERRETT ST", "fromleft": 1501, "toleft": 1599, "fromright": 1500, "toright": 1598, "onewaydir": " "}}, {"type": "Feature", "geometry": {"type": "LineString", "coordinates": [[-95.3498300863912, 29.7567838862786], [-95.3504098672054, 29.7560534871547]]}, "properties": {"centerlineid": 10140658, "roadclass": "LOCAL", "fullname": "HUTCHINS ST", "fromleft": 201, "toleft": 299, "fromright": 200, "toright": 298, "onewaydir": " "}}, {"type": "Feature", "geometry": {"type": "LineString", "coordinates": [[-95.3451760589978, 29.7390626452147], [-95.3458931550134, 29.73722585264]]}, "properties": {"centerlineid": 10138429, "roadclass": "LOCAL", "fullname": "EDMUNDSON ST", "fromleft": 1601, "toleft": 1899, "fromright": 1600, "toright": 1898, "onewaydir": " "}}, {"type": "Feature", "geometry": {"type": "LineString", "coordinates": [[-95.3527597937595, 29.7355150398031], [-95.3530189996794, 29.7348722855785]]}, "properties": {"centerlineid": 10138494, "roadclass": "LOCAL", "fullname": "TIERWESTER ST", "fromleft": 2401, "toleft": 2499, "fromright": 2400, "toright": 2498, "onewaydir": " "}}, {"type": "Feature", "geometry": {"type": "LineString", "coordinates": [[-95.3375007644743, 29.766046049278], [-95.3365166565859, 29.7660556648548]]}, "properties": {"centerlineid": 10140736, "roadclass": "LOCAL", "fullname": "BARON ST", "fromleft": 3201, "toleft": 3299, "fromright": 3200, "toright": 3298, "onewaydir": " "}}, {"type": "Feature", "geometry": {"type": "LineString", "coordinates": [[-95.3527597937595, 29.7355150398031], [-95.3519976619844, 29.7352722813526]]}, "properties": {"centerlineid": 10138534, "roadclass": "LOCAL", "fullname": "MCILHENNY ST", "fromleft": 3301, "toleft": 3323, "fromright": 3300, "toright": 3322, "onewaydir": " "}}, {"type": "Feature", "geometry": {"type": "LineString", "coordinates": [[-95.3286431258738, 29.7654336573489], [-95.3280480719349, 29.7654375417051]]}, "properties": {"centerlineid": 10140831, "roadclass": "MAJOR", "fullname": "CLINTON DR", "fromleft": 4201, "toleft": 4221, "fromright": 4200, "toright": 4220, "onewaydir": " "}}, {"type": "Feature", "geometry": {"type": "LineString", "coordinates": [[-95.3437111514697, 29.7574496785218], [-95.3434364412607, 29.7578063234306]]}, "properties": {"centerlineid": 10140854, "roadclass": "LOCAL", "fullname": "N LIVE OAK ST", "fromleft": 201, "toleft": 299, "fromright": 200, "toright": 298, "onewaydir": " "}}, {"type": "Feature", "geometry": {"type": "LineString", "coordinates": [[-95.3303597018716, 29.7568105522698], [-95.3301385565428, 29.7570966746793]]}, "properties": {"centerlineid": 10140858, "roadclass": "LOCAL", "fullname": "N MILBY ST", "fromleft": 709, "toleft": 799, "fromright": 708, "toright": 798, "onewaydir": " "}}, {"type": "Feature", "geometry": {"type": "LineString", "coordinates": [[-95.3383149513064, 29.7699890435868], [-95.3376000465051, 29.7700018972418]]}, "properties": {"centerlineid": 10140877, "roadclass": "LOCAL", "fullname": "BUCK ST", "fromleft": 3101, "toleft": 3199, "fromright": 3100, "toright": 3198, "onewaydir": " "}}, {"type": "Feature", "geometry": {"type": "LineString", "coordinates": [[-95.3364098753088, 29.7582201912979], [-95.33628782418, 29.75837650484], [-95.3358835080723, 29.75888965932]]}, "properties": {"centerlineid": 10140942, "roadclass": "LOCAL", "fullname": "N VELASCO ST", "fromleft": 801, "toleft": 899, "fromright": 800, "toright": 898, "onewaydir": " "}}, {"type": "Feature", "geometry": {"type": "LineString", "coordinates": [[-95.31251456049, 29.7361064499367], [-95.3112251762885, 29.7357039657243]]}, "properties": {"centerlineid": 10143375, "roadclass": "LOCAL", "fullname": "RUSK ST", "fromleft": 6501, "toleft": 6599, "fromright": 6500, "toright": 6598, "onewaydir": " "}}, {"type": "Feature", "geometry": {"type": "LineString", "coordinates": [[-95.3284239679695, 29.7679245094423], [-95.3270867610091, 29.7679458238628]]}, "properties": {"centerlineid": 10140963, "roadclass": "LOCAL", "fullname": "COKE ST", "fromleft": 4201, "toleft": 4299, "fromright": 4200, "toright": 4298, "onewaydir": " "}}, {"type": "Feature", "geometry": {"type": "LineString", "coordinates": [[-95.3366540595957, 29.7593378110973], [-95.3358835080723, 29.75888965932]]}, "properties": {"centerlineid": 10140977, "roadclass": "LOCAL", "fullname": "LENEHAN ST", "fromleft": 3101, "toleft": 3199, "fromright": 3100, "toright": 3198, "onewaydir": " "}}, {"type": "Feature", "geometry": {"type": "LineString", "coordinates": [[-95.3385004214662, 29.7673277223882], [-95.3379356639702, 29.7673354542596], [-95.3375313570668, 29.7673486884781]]}, "properties": {"centerlineid": 10140981, "roadclass": "LOCAL", "fullname": "GILLESPIE ST", "fromleft": 3101, "toleft": 3199, "fromright": 3100, "toright": 3198, "onewaydir": " "}}, {"type": "Feature", "geometry": {"type": "LineString", "coordinates": [[-95.3350442565526, 29.7482657475707], [-95.334784848696, 29.7481799421726], [-95.3344414353592, 29.7480672313389]]}, "properties": {"centerlineid": 10141192, "roadclass": "LOCAL", "fullname": "SHERMAN ST", "fromleft": 3951, "toleft": 3999, "fromright": 3950, "toright": 3998, "onewaydir": " "}}, {"type": "Feature", "geometry": {"type": "LineString", "coordinates": [[-95.3393624114243, 29.7436327184982], [-95.3383249438986, 29.7433141866523]]}, "properties": {"centerlineid": 10141211, "roadclass": "LOCAL", "fullname": "WALKER ST", "fromleft": 3901, "toleft": 3999, "fromright": 3900, "toright": 3998, "onewaydir": " "}}, {"type": "Feature", "geometry": {"type": "LineString", "coordinates": [[-95.3387748776179, 29.7371382574316], [-95.3378060834878, 29.736859649589]]}, "properties": {"centerlineid": 10139067, "roadclass": "MAJOR", "fullname": "LEELAND ST", "fromleft": 4201, "toleft": 4299, "fromright": 4200, "toright": 4298, "onewaydir": " "}}, {"type": "Feature", "geometry": {"type": "LineString", "coordinates": [[-95.3346017582557, 29.7525491489479], [-95.3341408254011, 29.7531392872099]]}, "properties": {"centerlineid": 10141256, "roadclass": "LOCAL", "fullname": "N EVERTON ST", "fromleft": 221, "toleft": 299, "fromright": 220, "toright": 298, "onewaydir": " "}}, {"type": "Feature", "geometry": {"type": "LineString", "coordinates": [[-95.3336633586463, 29.7478251667738], [-95.3328928351265, 29.7475999558416]]}, "properties": {"centerlineid": 10141269, "roadclass": "LOCAL", "fullname": "SHERMAN ST", "fromleft": 4101, "toleft": 4199, "fromright": 4100, "toright": 4198, "onewaydir": " "}}, {"type": "Feature", "geometry": {"type": "LineString", "coordinates": [[-95.3288033280464, 29.7403997360987], [-95.3282540789691, 29.7402338703312], [-95.3272850708417, 29.7399285700978]]}, "properties": {"centerlineid": 10141311, "roadclass": "LOCAL", "fullname": "WALKER ST", "fromleft": 4701, "toleft": 4799, "fromright": 4700, "toright": 4798, "onewaydir": " "}}, {"type": "Feature", "geometry": {"type": "LineString", "coordinates": [[-95.3431313942102, 29.7438693413632], [-95.3430627192293, 29.743851977547], [-95.3428338274199, 29.7438042807006], [-95.342778846099, 29.7437915230966], [-95.3426964991409, 29.7437718755193], [-95.3426277819594, 29.7437586503498], [-95.3415978536745, 29.7435373410379], [-95.3408884695313, 29.7433810174327]]}, "properties": {"centerlineid": 10141315, "roadclass": "MAJOR", "fullname": "MCKINNEY ST", "fromleft": 3517, "toleft": 3799, "fromright": 3516, "toright": 3798, "onewaydir": " "}}, {"type": "Feature", "geometry": {"type": "LineString", "coordinates": [[-95.3339303571978, 29.7546171409259], [-95.3331673492235, 29.754378697797]]}, "properties": {"centerlineid": 10141320, "roadclass": "MAJOR", "fullname": "NAVIGATION BLVD", "fromleft": 3601, "toleft": 3699, "fromright": 3600, "toright": 3698, "onewaydir": " "}}, {"type": "Feature", "geometry": {"type": "LineString", "coordinates": [[-95.3425135078852, 29.7409033168738], [-95.3428032859831, 29.7401727059572], [-95.3431847662799, 29.7392287540568]]}, "properties": {"centerlineid": 10141335, "roadclass": "LOCAL", "fullname": "MILBY ST", "fromleft": 1309, "toleft": 1499, "fromright": 1308, "toright": 1498, "onewaydir": " "}}, {"type": "Feature", "geometry": {"type": "LineString", "coordinates": [[-95.3433830737629, 29.7364915952124], [-95.3434136355496, 29.7364211168102], [-95.3437417444763, 29.7355723226517], [-95.3437492978782, 29.735513217662], [-95.3437264496828, 29.7354844510779], [-95.3436805811646, 29.7354406343252]]}, "properties": {"centerlineid": 10139228, "roadclass": "LOCAL", "fullname": "HUSSION ST", "fromleft": 1901, "toleft": 1999, "fromright": 1900, "toright": 1998, "onewaydir": " "}}, {"type": "Feature", "geometry": {"type": "LineString", "coordinates": [[-95.3303674126023, 29.7366004527372], [-95.3289178518456, 29.7361635157158]]}, "properties": {"centerlineid": 10139259, "roadclass": "LOCAL", "fullname": "CLAY ST", "fromleft": 4701, "toleft": 4799, "fromright": 4700, "toright": 4798, "onewaydir": " "}}, {"type": "Feature", "geometry": {"type": "LineString", "coordinates": [[-95.3259881188173, 29.73603570237], [-95.325530423252, 29.7359022478052], [-95.3249962801509, 29.7357573446275]]}, "properties": {"centerlineid": 10139263, "roadclass": "MAJOR", "fullname": "POLK ST", "fromleft": 5011, "toleft": 5099, "fromright": 5010, "toright": 5098, "onewaydir": " "}}, {"type": "Feature", "geometry": {"type": "LineString", "coordinates": [[-95.330260674431, 29.7430567838993], [-95.3298257288458, 29.7436309066012], [-95.3296808631981, 29.7437148570643]]}, "properties": {"centerlineid": 10141422, "roadclass": "LOCAL", "fullname": "FELIX ST", "fromleft": 501, "toleft": 599, "fromright": 500, "toright": 598, "onewaydir": " "}}, {"type": "Feature", "geometry": {"type": "LineString", "coordinates": [[-95.3356927370477, 29.7417386563746], [-95.3347997870862, 29.7414517959251], [-95.3346322100075, 29.7414144395223]]}, "properties": {"centerlineid": 10141447, "roadclass": "MAJOR", "fullname": "MCKINNEY ST", "fromleft": 4301, "toleft": 4399, "fromright": 4300, "toright": 4398, "onewaydir": " "}}, {"type": "Feature", "geometry": {"type": "LineString", "coordinates": [[-95.3270486570139, 29.7539629775658], [-95.3258736094812, 29.7536006211146]]}, "properties": {"centerlineid": 10141461, "roadclass": "LOCAL", "fullname": "CRITES ST", "fromleft": 4401, "toleft": 4499, "fromright": 4400, "toright": 4498, "onewaydir": " "}}, {"type": "Feature", "geometry": {"type": "LineString", "coordinates": [[-95.3286812593922, 29.7428336715407], [-95.3281701352287, 29.7427382553399], [-95.327468296066, 29.7426084438631]]}, "properties": {"centerlineid": 10141473, "roadclass": "LOCAL", "fullname": "TEXAS ST", "fromleft": 4751, "toleft": 4899, "fromright": 4750, "toright": 4898, "onewaydir": " "}}, {"type": "Feature", "geometry": {"type": "LineString", "coordinates": [[-95.3285057849454, 29.7411225701679], [-95.3288033280464, 29.7403997360987]]}, "properties": {"centerlineid": 10141530, "roadclass": "LOCAL", "fullname": "EDDINGTON ST", "fromleft": 701, "toleft": 799, "fromright": 700, "toright": 798, "onewaydir": " "}}, {"type": "Feature", "geometry": {"type": "LineString", "coordinates": [[-95.3352197174029, 29.7379126631619], [-95.3345712640478, 29.7377219195022], [-95.3333505381231, 29.7373595823874]]}, "properties": {"centerlineid": 10139356, "roadclass": "LOCAL", "fullname": "CLAY ST", "fromleft": 4401, "toleft": 4499, "fromright": 4400, "toright": 4498, "onewaydir": " "}}, {"type": "Feature", "geometry": {"type": "LineString", "coordinates": [[-95.3284752210033, 29.737132550938], [-95.3283684172358, 29.7370980841998], [-95.3273537366947, 29.7367948343889]]}, "properties": {"centerlineid": 10139392, "roadclass": "LOCAL", "fullname": "OAKLAND ST", "fromleft": 4801, "toleft": 4899, "fromright": 4800, "toright": 4898, "onewaydir": " "}}, {"type": "Feature", "geometry": {"type": "LineString", "coordinates": [[-95.3374323491971, 29.753308813763], [-95.3369210153151, 29.7539495293909]]}, "properties": {"centerlineid": 10141620, "roadclass": "MAJOR", "fullname": "N SAMPSON ST", "fromleft": 201, "toleft": 219, "fromright": 200, "toright": 218, "onewaydir": "FT"}}, {"type": "Feature", "geometry": {"type": "LineString", "coordinates": [[-95.3264383321438, 29.7492555814209], [-95.3252709731428, 29.7507681142363]]}, "properties": {"centerlineid": 10141631, "roadclass": "LOCAL", "fullname": "BLANCHE ST", "fromleft": 201, "toleft": 399, "fromright": 200, "toright": 398, "onewaydir": " "}}, {"type": "Feature", "geometry": {"type": "LineString", "coordinates": [[-95.343787634689, 29.7452901447929], [-95.3440468324503, 29.7449563337158], [-95.3443521144876, 29.74455772432]]}, "properties": {"centerlineid": 10141690, "roadclass": "MAJOR", "fullname": "SAMPSON ST", "fromleft": 901, "toleft": 999, "fromright": 900, "toright": 998, "onewaydir": "FT"}}, {"type": "Feature", "geometry": {"type": "LineString", "coordinates": [[-95.3168785809147, 29.7478824019934], [-95.3168785615162, 29.7477411714876], [-95.3168298070257, 29.7463627289089]]}, "properties": {"centerlineid": 10141774, "roadclass": "LOCAL", "fullname": "PORTWOOD ST", "fromleft": 101, "toleft": 199, "fromright": 100, "toright": 198, "onewaydir": " "}}, {"type": "Feature", "geometry": {"type": "LineString", "coordinates": [[-95.3510201817923, 29.7441495176753], [-95.3501657075956, 29.7436423146187]]}, "properties": {"centerlineid": 10139625, "roadclass": "LOCAL", "fullname": "CLAY ST", "fromleft": 2901, "toleft": 2999, "fromright": 2900, "toright": 2998, "onewaydir": " "}}, {"type": "Feature", "geometry": {"type": "LineString", "coordinates": [[-95.3079597933212, 29.7436404681824], [-95.3074867869839, 29.7434878309279], [-95.3060066638289, 29.7430070543043]]}, "properties": {"centerlineid": 10141938, "roadclass": "LOCAL", "fullname": "AVENUE I", "fromleft": 6601, "toleft": 6699, "fromright": 6600, "toright": 6698, "onewaydir": " "}}, {"type": "Feature", "geometry": {"type": "LineString", "coordinates": [[-95.3239893451732, 29.7510923557697], [-95.3236153891541, 29.7509780345025]]}, "properties": {"centerlineid": 10141948, "roadclass": "MAJOR", "fullname": "NAVIGATION BLVD", "fromleft": 4701, "toleft": 4799, "fromright": 4700, "toright": 4798, "onewaydir": " "}}, {"type": "Feature", "geometry": {"type": "LineString", "coordinates": [[-95.3488153554822, 29.7549794885606], [-95.3485634801242, 29.7541537225256], [-95.3484872541361, 29.7538943091192]]}, "properties": {"centerlineid": 10139704, "roadclass": "LOCAL", "fullname": "CONGRESS ST", "fromleft": 2401, "toleft": 2499, "fromright": 2400, "toright": 2498, "onewaydir": " "}}, {"type": "Feature", "geometry": {"type": "LineString", "coordinates": [[-95.3486321666022, 29.7471422234864], [-95.3478004547627, 29.7466272527984]]}, "properties": {"centerlineid": 10139720, "roadclass": "MAJOR", "fullname": "MCKINNEY ST", "fromleft": 2901, "toleft": 2999, "fromright": 2900, "toright": 2998, "onewaydir": " "}}, {"type": "Feature", "geometry": {"type": "LineString", "coordinates": [[-95.3538581942041, 29.7469610638849], [-95.3530114759803, 29.7464460924114]]}, "properties": {"centerlineid": 10139723, "roadclass": "MAJOR", "fullname": "POLK ST", "fromleft": 2501, "toleft": 2599, "fromright": 2500, "toright": 2598, "onewaydir": " "}}, {"type": "Feature", "geometry": {"type": "LineString", "coordinates": [[-95.3535303462648, 29.7425838242461], [-95.3525519033787, 29.7419746416809]]}, "properties": {"centerlineid": 10139976, "roadclass": "LOCAL", "fullname": "PEASE ST", "fromleft": 2801, "toleft": 2899, "fromright": 2800, "toright": 2898, "onewaydir": " "}}, {"type": "Feature", "geometry": {"type": "LineString", "coordinates": [[-95.3114311922269, 29.738503870705], [-95.3117212210002, 29.7377753270165]]}, "properties": {"centerlineid": 10143444, "roadclass": "LOCAL", "fullname": "65TH ST", "fromleft": 151, "toleft": 199, "fromright": 150, "toright": 198, "onewaydir": " "}}, {"type": "Feature", "geometry": {"type": "LineString", "coordinates": [[-95.3252709974327, 29.7383073899189], [-95.3253318955374, 29.738231189275]]}, "properties": {"centerlineid": 10143511, "roadclass": "LOCAL", "fullname": "LENOX ST", "fromleft": 921, "toleft": 929, "fromright": 920, "toright": 928, "onewaydir": " "}}, {"type": "Feature", "geometry": {"type": "LineString", "coordinates": [[-95.333826668152, 29.7564046969079], [-95.3334267536772, 29.7561411099611], [-95.3329462111382, 29.7558588509268], [-95.3328928369027, 29.7558264545065]]}, "properties": {"centerlineid": 10140889, "roadclass": "LOCAL", "fullname": "FOX ST", "fromleft": 3501, "toleft": 3599, "fromright": 3500, "toright": 3598, "onewaydir": " "}}, {"type": "Feature", "geometry": {"type": "LineString", "coordinates": [[-95.3200905863387, 29.7562232405862], [-95.319823597832, 29.7565778195203], [-95.319342854158, 29.7572034968868], [-95.3189615619876, 29.7576746714299]]}, "properties": {"centerlineid": 10142195, "roadclass": "MAJOR", "fullname": "LOCKWOOD DR", "fromleft": 711, "toleft": 739, "fromright": 710, "toright": 738, "onewaydir": " "}}, {"type": "Feature", "geometry": {"type": "LineString", "coordinates": [[-95.3441004428333, 29.7545235768865], [-95.3453286652639, 29.7529750083296]]}, "properties": {"centerlineid": 10140005, "roadclass": "LOCAL", "fullname": "DELANO ST", "fromleft": 101, "toleft": 299, "fromright": 100, "toright": 298, "onewaydir": " "}}, {"type": "Feature", "geometry": {"type": "LineString", "coordinates": [[-95.3499140201304, 29.7535262469181], [-95.3504632638978, 29.7528472073523]]}, "properties": {"centerlineid": 10140015, "roadclass": "MAJOR", "fullname": "EMANCIPATION AVE", "fromleft": 501, "toleft": 599, "fromright": 500, "toright": 598, "onewaydir": " "}}, {"type": "Feature", "geometry": {"type": "LineString", "coordinates": [[-95.3508981338449, 29.7506975978326], [-95.3512262372338, 29.7502836851399], [-95.3514856922068, 29.7499423784327]]}, "properties": {"centerlineid": 10140025, "roadclass": "LOCAL", "fullname": "ST CHARLES ST", "fromleft": 801, "toleft": 899, "fromright": 800, "toright": 898, "onewaydir": " "}}, {"type": "Feature", "geometry": {"type": "LineString", "coordinates": [[-95.298659725804, 29.7687391795648], [-95.2986444429728, 29.768058334227]]}, "properties": {"centerlineid": 10142359, "roadclass": "LOCAL", "fullname": "BOYLES ST", "fromleft": 1109, "toleft": 1133, "fromright": 1108, "toright": 1132, "onewaydir": " "}}, {"type": "Feature", "geometry": {"type": "LineString", "coordinates": [[-95.3042825615458, 29.771009044142], [-95.3042825458657, 29.7697748667781], [-95.3042825848384, 29.7691836682922]]}, "properties": {"centerlineid": 10142519, "roadclass": "LOCAL", "fullname": "GAZIN ST", "fromleft": 1001, "toleft": 1099, "fromright": 1000, "toright": 1098, "onewaydir": " "}}, {"type": "Feature", "geometry": {"type": "LineString", "coordinates": [[-95.3009638092603, 29.7497687141878], [-95.2989725448272, 29.7491277748734]]}, "properties": {"centerlineid": 10142564, "roadclass": "LOCAL", "fullname": "AVENUE T", "fromleft": 6801, "toleft": 6899, "fromright": 6800, "toright": 6898, "onewaydir": " "}}, {"type": "Feature", "geometry": {"type": "LineString", "coordinates": [[-95.3032295410013, 29.7497210464918], [-95.3012383093031, 29.7491067980784]]}, "properties": {"centerlineid": 10142565, "roadclass": "LOCAL", "fullname": "AVENUE S", "fromleft": 6701, "toleft": 6799, "fromright": 6700, "toright": 6798, "onewaydir": " "}}, {"type": "Feature", "geometry": {"type": "LineString", "coordinates": [[-95.3057321214366, 29.7436728864402], [-95.3037484358973, 29.74304152826]]}, "properties": {"centerlineid": 10142576, "roadclass": "LOCAL", "fullname": "AVENUE J", "fromleft": 6701, "toleft": 6799, "fromright": 6700, "toright": 6798, "onewaydir": " "}}, {"type": "Feature", "geometry": {"type": "LineString", "coordinates": [[-95.3042978803579, 29.7417254151755], [-95.3023141014373, 29.7410979369289]]}, "properties": {"centerlineid": 10142602, "roadclass": "LOCAL", "fullname": "AVENUE H", "fromleft": 6801, "toleft": 6899, "fromright": 6800, "toright": 6898, "onewaydir": " "}}, {"type": "Feature", "geometry": {"type": "LineString", "coordinates": [[-95.3519968055964, 29.7676119887407], [-95.3519840085529, 29.7676120127288], [-95.3512566092838, 29.7676099320349]]}, "properties": {"centerlineid": 10140306, "roadclass": "LOCAL", "fullname": "STERRETT ST", "fromleft": 1601, "toleft": 1699, "fromright": 1600, "toright": 1698, "onewaydir": " "}}, {"type": "Feature", "geometry": {"type": "LineString", "coordinates": [[-95.3048851572991, 29.7403445207528], [-95.3028864046479, 29.7397131492219]]}, "properties": {"centerlineid": 10142652, "roadclass": "LOCAL", "fullname": "AVENUE F", "fromleft": 6801, "toleft": 6899, "fromright": 6800, "toright": 6898, "onewaydir": " "}}, {"type": "Feature", "geometry": {"type": "LineString", "coordinates": [[-95.3068536115106, 29.7409624200433], [-95.3048851572991, 29.7403445207528]]}, "properties": {"centerlineid": 10142742, "roadclass": "LOCAL", "fullname": "AVENUE F", "fromleft": 6701, "toleft": 6799, "fromright": 6700, "toright": 6798, "onewaydir": " "}}, {"type": "Feature", "geometry": {"type": "LineString", "coordinates": [[-95.3006890653011, 29.750434298145], [-95.2987053789781, 29.749797238572]]}, "properties": {"centerlineid": 10142761, "roadclass": "LOCAL", "fullname": "AVENUE U", "fromleft": 6801, "toleft": 6899, "fromright": 6800, "toright": 6898, "onewaydir": " "}}, {"type": "Feature", "geometry": {"type": "LineString", "coordinates": [[-95.3040154006525, 29.7423909801458], [-95.3037484358973, 29.74304152826]]}, "properties": {"centerlineid": 10142824, "roadclass": "MAJOR", "fullname": "WAYSIDE DR", "fromleft": 901, "toleft": 999, "fromright": 900, "toright": 998, "onewaydir": "TF"}}, {"type": "Feature", "geometry": {"type": "LineString", "coordinates": [[-95.2998040167683, 29.7471536504148], [-95.2995142187624, 29.7478212811011]]}, "properties": {"centerlineid": 10142860, "roadclass": "MAJOR", "fullname": "SSGT MACARIO GARCIA DR", "fromleft": 1701, "toleft": 1799, "fromright": 1700, "toright": 1798, "onewaydir": "FT"}}, {"type": "Feature", "geometry": {"type": "LineString", "coordinates": [[-95.3503402566935, 29.759339319642], [-95.3509515104056, 29.7585501513062]]}, "properties": {"centerlineid": 10140651, "roadclass": "LOCAL", "fullname": "CHARTRES ST", "fromleft": 21, "toleft": 99, "fromright": 20, "toright": 98, "onewaydir": "TF"}}, {"type": "Feature", "geometry": {"type": "LineString", "coordinates": [[-95.3448251276454, 29.7350477165899], [-95.3450539805489, 29.7345156514827]]}, "properties": {"centerlineid": 10138481, "roadclass": "LOCAL", "fullname": "MILBY ST", "fromleft": 2025, "toleft": 2099, "fromright": 2024, "toright": 2098, "onewaydir": " "}}, {"type": "Feature", "geometry": {"type": "LineString", "coordinates": [[-95.3324285526158, 29.765385512847], [-95.3301614142961, 29.7654108197712]]}, "properties": {"centerlineid": 10140817, "roadclass": "MAJOR", "fullname": "CLINTON DR", "fromleft": 3701, "toleft": 4049, "fromright": 3700, "toright": 4048, "onewaydir": " "}}, {"type": "Feature", "geometry": {"type": "LineString", "coordinates": [[-95.3357232972937, 29.7689452027684], [-95.3352044372093, 29.769147367334], [-95.3347620247625, 29.7693171524432]]}, "properties": {"centerlineid": 10140846, "roadclass": "FRONTAGE", "fullname": "EAST FWY", "fromleft": 0, "toleft": 0, "fromright": 3400, "toright": 3498, "onewaydir": "FT"}}, {"type": "Feature", "geometry": {"type": "LineString", "coordinates": [[-95.3426125235538, 29.757329449852], [-95.3419184132124, 29.7569020747725]]}, "properties": {"centerlineid": 10140861, "roadclass": "MAJOR", "fullname": "NAVIGATION BLVD", "fromleft": 2701, "toleft": 2799, "fromright": 2700, "toright": 2798, "onewaydir": " "}}, {"type": "Feature", "geometry": {"type": "LineString", "coordinates": [[-95.3250574058773, 29.766551443737], [-95.3247521077621, 29.7665514433354]]}, "properties": {"centerlineid": 10140985, "roadclass": "LOCAL", "fullname": "CLINE ST", "fromleft": 4501, "toleft": 4599, "fromright": 4500, "toright": 4598, "onewaydir": " "}}, {"type": "Feature", "geometry": {"type": "LineString", "coordinates": [[-95.3265373428314, 29.7671809853298], [-95.3265526349753, 29.767520288966]]}, "properties": {"centerlineid": 10141031, "roadclass": "LOCAL", "fullname": "WACO ST", "fromleft": 507, "toleft": 549, "fromright": 506, "toright": 548, "onewaydir": " "}}, {"type": "Feature", "geometry": {"type": "LineString", "coordinates": [[-95.3430093296899, 29.7663283250632], [-95.3430246239, 29.7669977624325]]}, "properties": {"centerlineid": 10141051, "roadclass": "MAJOR", "fullname": "JENSEN DR", "fromleft": 501, "toleft": 599, "fromright": 500, "toright": 598, "onewaydir": " "}}, {"type": "Feature", "geometry": {"type": "LineString", "coordinates": [[-95.3332590381114, 29.7445540585136], [-95.3323358555173, 29.7442106500304]]}, "properties": {"centerlineid": 10141171, "roadclass": "MAJOR", "fullname": "HARRISBURG BLVD", "fromleft": 4301, "toleft": 4399, "fromright": 4300, "toright": 4398, "onewaydir": " "}}, {"type": "Feature", "geometry": {"type": "LineString", "coordinates": [[-95.3384698078666, 29.7476935026404], [-95.3377907616253, 29.7472987511648]]}, "properties": {"centerlineid": 10141194, "roadclass": "LOCAL", "fullname": "PRESTON ST", "fromleft": 3701, "toleft": 3799, "fromright": 3700, "toright": 3798, "onewaydir": " "}}, {"type": "Feature", "geometry": {"type": "LineString", "coordinates": [[-95.330955000218, 29.7480960023076], [-95.3311838207802, 29.7475276297393], [-95.3313515429477, 29.7471269550357]]}, "properties": {"centerlineid": 10141198, "roadclass": "LOCAL", "fullname": "JENKINS ST", "fromleft": 51, "toleft": 99, "fromright": 50, "toright": 98, "onewaydir": " "}}, {"type": "Feature", "geometry": {"type": "LineString", "coordinates": [[-95.3301004949894, 29.7372756122088], [-95.32881858653, 29.7368883901835], [-95.3287117986566, 29.7368445743401], [-95.3286431551579, 29.7367969190087]]}, "properties": {"centerlineid": 10139064, "roadclass": "MAJOR", "fullname": "POLK ST", "fromleft": 4701, "toleft": 4799, "fromright": 4700, "toright": 4798, "onewaydir": " "}}, {"type": "Feature", "geometry": {"type": "LineString", "coordinates": [[-95.337775474397, 29.7423873641254], [-95.3367302424067, 29.7420688406677]]}, "properties": {"centerlineid": 10141276, "roadclass": "MAJOR", "fullname": "MCKINNEY ST", "fromleft": 4101, "toleft": 4199, "fromright": 4100, "toright": 4198, "onewaydir": " "}}, {"type": "Feature", "geometry": {"type": "LineString", "coordinates": [[-95.3296425372469, 29.7488683532337], [-95.3296959126818, 29.7488665137993], [-95.3297342692505, 29.7488494213013], [-95.3297522770029, 29.7488274936569], [-95.3297723830124, 29.7488035292127], [-95.3298907786627, 29.7485028224438], [-95.330130823902, 29.7478938224482]]}, "properties": {"centerlineid": 10141297, "roadclass": "LOCAL", "fullname": "EASTWOOD ST", "fromleft": 1, "toleft": 99, "fromright": 2, "toright": 98, "onewaydir": " "}}, {"type": "Feature", "geometry": {"type": "LineString", "coordinates": [[-95.3403923933079, 29.7541690118484], [-95.3394005424362, 29.7554257683401]]}, "properties": {"centerlineid": 10141332, "roadclass": "LOCAL", "fullname": "N PALMER ST", "fromleft": 101, "toleft": 219, "fromright": 100, "toright": 218, "onewaydir": " "}}, {"type": "Feature", "geometry": {"type": "LineString", "coordinates": [[-95.3411629350042, 29.7396577101123], [-95.3391794374632, 29.7390875431512]]}, "properties": {"centerlineid": 10141337, "roadclass": "LOCAL", "fullname": "CLAY ST", "fromleft": 3901, "toleft": 4099, "fromright": 3900, "toright": 4098, "onewaydir": " "}}, {"type": "Feature", "geometry": {"type": "LineString", "coordinates": [[-95.3334114932721, 29.7463221552101], [-95.3326409161603, 29.7460780089473]]}, "properties": {"centerlineid": 10141346, "roadclass": "LOCAL", "fullname": "GARROW ST", "fromleft": 4201, "toleft": 4299, "fromright": 4200, "toright": 4298, "onewaydir": " "}}, {"type": "Feature", "geometry": {"type": "LineString", "coordinates": [[-95.3322518882648, 29.7510140564649], [-95.331755839234, 29.7516664307725], [-95.3316109859705, 29.7518535154825]]}, "properties": {"centerlineid": 10141364, "roadclass": "LOCAL", "fullname": "N DRENNAN ST", "fromleft": 201, "toleft": 299, "fromright": 200, "toright": 298, "onewaydir": " "}}, {"type": "Feature", "geometry": {"type": "LineString", "coordinates": [[-95.3339303571978, 29.7546171409259], [-95.3331652216076, 29.7555754471048], [-95.3331254900428, 29.7556149091993], [-95.3330772934651, 29.7556557689955], [-95.3330276904145, 29.7556909653132], [-95.332966768817, 29.7557272566759], [-95.3328388399147, 29.7557898344223]]}, "properties": {"centerlineid": 10141411, "roadclass": "LOCAL", "fullname": "N HUTCHESON ST", "fromleft": 401, "toleft": 499, "fromright": 400, "toright": 498, "onewaydir": " "}}, {"type": "Feature", "geometry": {"type": "LineString", "coordinates": [[-95.3312981385862, 29.744018074412], [-95.3306649573361, 29.7438864399065]]}, "properties": {"centerlineid": 10141458, "roadclass": "MAJOR", "fullname": "HARRISBURG BLVD", "fromleft": 4501, "toleft": 4519, "fromright": 4500, "toright": 4518, "onewaydir": " "}}, {"type": "Feature", "geometry": {"type": "LineString", "coordinates": [[-95.3439400395486, 29.7521357586423], [-95.3432915553564, 29.7517332647332]]}, "properties": {"centerlineid": 10141508, "roadclass": "LOCAL", "fullname": "GARROW ST", "fromleft": 3001, "toleft": 3011, "fromright": 3000, "toright": 3010, "onewaydir": " "}}, {"type": "Feature", "geometry": {"type": "LineString", "coordinates": [[-95.3295510307356, 29.7465872909816], [-95.328574449708, 29.7462610484376]]}, "properties": {"centerlineid": 10141548, "roadclass": "LOCAL", "fullname": "SHERMAN ST", "fromleft": 4501, "toleft": 4599, "fromright": 4500, "toright": 4598, "onewaydir": " "}}, {"type": "Feature", "geometry": {"type": "LineString", "coordinates": [[-95.3387748776179, 29.7371382574316], [-95.339034348573, 29.7364877223457], [-95.3391410995077, 29.7362132503055]]}, "properties": {"centerlineid": 10139365, "roadclass": "LOCAL", "fullname": "INGEBORG ST", "fromleft": 1601, "toleft": 1699, "fromright": 1600, "toright": 1698, "onewaydir": " "}}, {"type": "Feature", "geometry": {"type": "LineString", "coordinates": [[-95.3291238903253, 29.7337508113821], [-95.3288566940788, 29.7335849067076]]}, "properties": {"centerlineid": 10139375, "roadclass": "MAJOR", "fullname": "TELEPHONE RD", "fromleft": 901, "toleft": 907, "fromright": 900, "toright": 906, "onewaydir": " "}}, {"type": "Feature", "geometry": {"type": "LineString", "coordinates": [[-95.3417427453939, 29.7423166143893], [-95.3420861100229, 29.7418816958235], [-95.3420957030081, 29.74186986151], [-95.3426964810511, 29.7411150393641]]}, "properties": {"centerlineid": 10141699, "roadclass": "LOCAL", "fullname": "MILBY ST", "fromleft": 1201, "toleft": 1299, "fromright": 1200, "toright": 1298, "onewaydir": " "}}, {"type": "Feature", "geometry": {"type": "LineString", "coordinates": [[-95.3168938548529, 29.7449239263838], [-95.3171838722437, 29.7442202590011], [-95.3173059493242, 29.7439188271625]]}, "properties": {"centerlineid": 10141799, "roadclass": "LOCAL", "fullname": "CLIFTON ST", "fromleft": 1, "toleft": 99, "fromright": 2, "toright": 98, "onewaydir": " "}}, {"type": "Feature", "geometry": {"type": "LineString", "coordinates": [[-95.3150247072088, 29.7443423108184], [-95.3151086395528, 29.7441629635819], [-95.3154290218507, 29.7433390485435]]}, "properties": {"centerlineid": 10141800, "roadclass": "LOCAL", "fullname": "LINWOOD ST", "fromleft": 1, "toleft": 99, "fromright": 2, "toright": 98, "onewaydir": " "}}, {"type": "Feature", "geometry": {"type": "LineString", "coordinates": [[-95.324645357801, 29.7450555799501], [-95.3236765151737, 29.7447505393687]]}, "properties": {"centerlineid": 10141834, "roadclass": "LOCAL", "fullname": "SHERMAN ST", "fromleft": 5001, "toleft": 5099, "fromright": 5000, "toright": 5098, "onewaydir": " "}}, {"type": "Feature", "geometry": {"type": "LineString", "coordinates": [[-95.3144905128297, 29.7394345686351], [-95.3127053124964, 29.7388871844235]]}, "properties": {"centerlineid": 10141888, "roadclass": "MAJOR", "fullname": "HARRISBURG BLVD", "fromleft": 6201, "toleft": 6399, "fromright": 6200, "toright": 6398, "onewaydir": " "}}, {"type": "Feature", "geometry": {"type": "LineString", "coordinates": [[-95.3479303114827, 29.7400659321865], [-95.3483957665892, 29.7394804447452]]}, "properties": {"centerlineid": 10139687, "roadclass": "LOCAL", "fullname": "SAMPSON ST", "fromleft": 1601, "toleft": 1699, "fromright": 1600, "toright": 1698, "onewaydir": " "}}, {"type": "Feature", "geometry": {"type": "LineString", "coordinates": [[-95.3477319948661, 29.7498887181182], [-95.3473808701667, 29.7496751638422], [-95.347014664767, 29.749454081873], [-95.3469975157556, 29.7494423282401], [-95.3469822102773, 29.7494287744056], [-95.3469612529286, 29.7494063869564]]}, "properties": {"centerlineid": 10139767, "roadclass": "LOCAL", "fullname": "CAPITOL ST", "fromleft": 2801, "toleft": 2899, "fromright": 2800, "toright": 2898, "onewaydir": " "}}, {"type": "Feature", "geometry": {"type": "LineString", "coordinates": [[-95.3449090501862, 29.7397474098152], [-95.3440164389768, 29.7394822771082]]}, "properties": {"centerlineid": 10139791, "roadclass": "LOCAL", "fullname": "BELL ST", "fromleft": 3701, "toleft": 3717, "fromright": 3700, "toright": 3716, "onewaydir": " "}}, {"type": "Feature", "geometry": {"type": "LineString", "coordinates": [[-95.3147135224023, 29.7391041004574], [-95.3150705391871, 29.738608819015]]}, "properties": {"centerlineid": 10142082, "roadclass": "LOCAL", "fullname": "CAYLOR ST", "fromleft": 415, "toleft": 499, "fromright": 414, "toright": 498, "onewaydir": " "}}, {"type": "Feature", "geometry": {"type": "LineString", "coordinates": [[-95.3141092553795, 29.7440580181753], [-95.3140709400653, 29.7441344639979], [-95.3136209730157, 29.745255926462]]}, "properties": {"centerlineid": 10142091, "roadclass": "LOCAL", "fullname": "N GREENWOOD ST", "fromleft": 101, "toleft": 199, "fromright": 100, "toright": 198, "onewaydir": " "}}, {"type": "Feature", "geometry": {"type": "LineString", "coordinates": [[-95.3229744137624, 29.7467990575398], [-95.3226082236923, 29.7475848882433]]}, "properties": {"centerlineid": 10142121, "roadclass": "LOCAL", "fullname": "N ADAMS ST", "fromleft": 101, "toleft": 199, "fromright": 100, "toright": 198, "onewaydir": " "}}, {"type": "Feature", "geometry": {"type": "LineString", "coordinates": [[-95.3154901329159, 29.7636313267863], [-95.3114159054797, 29.762446850956], [-95.3093637311814, 29.7618613858664], [-95.3084558210693, 29.7616019690764]]}, "properties": {"centerlineid": 10142148, "roadclass": "MAJOR", "fullname": "CLINTON DR", "fromleft": 5501, "toleft": 5799, "fromright": 5500, "toright": 5798, "onewaydir": " "}}, {"type": "Feature", "geometry": {"type": "LineString", "coordinates": [[-95.3485940726409, 29.7504228889662], [-95.3485406666877, 29.7503943603531], [-95.3477319948661, 29.7498887181182]]}, "properties": {"centerlineid": 10139857, "roadclass": "LOCAL", "fullname": "CAPITOL ST", "fromleft": 2701, "toleft": 2799, "fromright": 2700, "toright": 2798, "onewaydir": " "}}, {"type": "Feature", "geometry": {"type": "LineString", "coordinates": [[-95.3243019565015, 29.7355342183287], [-95.324439318687, 29.7352174754522]]}, "properties": {"centerlineid": 10143429, "roadclass": "LOCAL", "fullname": "BAIRD ST", "fromleft": 1201, "toleft": 1249, "fromright": 1200, "toright": 1248, "onewaydir": " "}}, {"type": "Feature", "geometry": {"type": "LineString", "coordinates": [[-95.3014977082399, 29.7377047974668], [-95.2995217728728, 29.7370752591443], [-95.2992701027606, 29.736995180175], [-95.2992014265055, 29.7369208061403]]}, "properties": {"centerlineid": 10143599, "roadclass": "LOCAL", "fullname": "SHERMAN ST", "fromleft": 7001, "toleft": 7099, "fromright": 7000, "toright": 7098, "onewaydir": " "}}, {"type": "Feature", "geometry": {"type": "LineString", "coordinates": [[-95.3034584232759, 29.7383283973852], [-95.3014977082399, 29.7377047974668]]}, "properties": {"centerlineid": 10143612, "roadclass": "LOCAL", "fullname": "SHERMAN ST", "fromleft": 6901, "toleft": 6999, "fromright": 6900, "toright": 6998, "onewaydir": " "}}, {"type": "Feature", "geometry": {"type": "LineString", "coordinates": [[-95.3340017892874, 29.7555104380339], [-95.3328388399147, 29.7557898344223]]}, "properties": {"centerlineid": 10141749, "roadclass": "MAJOR", "fullname": "N YORK ST", "fromleft": 451, "toleft": 499, "fromright": 450, "toright": 498, "onewaydir": " "}}, {"type": "Feature", "geometry": {"type": "LineString", "coordinates": [[-95.3365166565859, 29.7660556648548], [-95.3356621789483, 29.7660440242754]]}, "properties": {"centerlineid": 1087540, "roadclass": "LOCAL", "fullname": "BARON ST", "fromleft": 3301, "toleft": 3399, "fromright": 3300, "toright": 3398, "onewaydir": " "}}, {"type": "Feature", "geometry": {"type": "LineString", "coordinates": [[-95.3125003963217, 29.7710190226131], [-95.3125255243432, 29.7698162803538], [-95.3125376271232, 29.7692370521433]]}, "properties": {"centerlineid": 10142274, "roadclass": "LOCAL", "fullname": "ZINDLER ST", "fromleft": 1001, "toleft": 1099, "fromright": 1000, "toright": 1098, "onewaydir": " "}}, {"type": "Feature", "geometry": {"type": "LineString", "coordinates": [[-95.3240655356488, 29.7680352835651], [-95.3240730792925, 29.7680715421697], [-95.3240730870907, 29.7687163752792]]}, "properties": {"centerlineid": 10142322, "roadclass": "LOCAL", "fullname": "N EMILE ST", "fromleft": 601, "toleft": 699, "fromright": 600, "toright": 698, "onewaydir": " "}}, {"type": "Feature", "geometry": {"type": "LineString", "coordinates": [[-95.3240578173642, 29.766866120712], [-95.3240577961921, 29.7673505114316]]}, "properties": {"centerlineid": 10142323, "roadclass": "LOCAL", "fullname": "N EMILE ST", "fromleft": 501, "toleft": 509, "fromright": 500, "toright": 508, "onewaydir": " "}}, {"type": "Feature", "geometry": {"type": "LineString", "coordinates": [[-95.3506387288924, 29.7494234762452], [-95.3512031819818, 29.7486910751346]]}, "properties": {"centerlineid": 10140038, "roadclass": "LOCAL", "fullname": "LIVE OAK ST", "fromleft": 901, "toleft": 999, "fromright": 900, "toright": 998, "onewaydir": " "}}, {"type": "Feature", "geometry": {"type": "LineString", "coordinates": [[-95.3042978631638, 29.7673831338377], [-95.3032754196592, 29.7673831695817]]}, "properties": {"centerlineid": 10142446, "roadclass": "LOCAL", "fullname": "LARIMER ST", "fromleft": 6601, "toleft": 6699, "fromright": 6600, "toright": 6698, "onewaydir": " "}}, {"type": "Feature", "geometry": {"type": "LineString", "coordinates": [[-95.3447564248832, 29.7600321231501], [-95.3441154884882, 29.7596317021589]]}, "properties": {"centerlineid": 10140326, "roadclass": "LOCAL", "fullname": "ANN ST", "fromleft": 2401, "toleft": 2499, "fromright": 2400, "toright": 2498, "onewaydir": " "}}, {"type": "Feature", "geometry": {"type": "LineString", "coordinates": [[-95.3040154006525, 29.7423909801458], [-95.3020393916829, 29.7417502689451]]}, "properties": {"centerlineid": 10142769, "roadclass": "LOCAL", "fullname": "AVENUE I", "fromleft": 6801, "toleft": 6899, "fromright": 6800, "toright": 6898, "onewaydir": " "}}, {"type": "Feature", "geometry": {"type": "LineString", "coordinates": [[-95.3484987515151, 29.7609264123661], [-95.3470604912573, 29.7600683942458]]}, "properties": {"centerlineid": 10140509, "roadclass": "LOCAL", "fullname": "RUNNELS ST", "fromleft": 2101, "toleft": 2199, "fromright": 2100, "toright": 2198, "onewaydir": " "}}, {"type": "Feature", "geometry": {"type": "LineString", "coordinates": [[-95.3442681333986, 29.764337054036], [-95.3442834468859, 29.7649645322791]]}, "properties": {"centerlineid": 10140661, "roadclass": "LOCAL", "fullname": "MCCALL ST", "fromleft": 201, "toleft": 299, "fromright": 200, "toright": 298, "onewaydir": " "}}, {"type": "Feature", "geometry": {"type": "LineString", "coordinates": [[-95.3547738826584, 29.7380174078133], [-95.3533165148416, 29.737588434656]]}, "properties": {"centerlineid": 10138426, "roadclass": "LOCAL", "fullname": "WEBSTER ST", "fromleft": 3101, "toleft": 3139, "fromright": 3100, "toright": 3138, "onewaydir": " "}}, {"type": "Feature", "geometry": {"type": "LineString", "coordinates": [[-95.3449624579132, 29.7358296656522], [-95.3445734127597, 29.7357075932591]]}, "properties": {"centerlineid": 10138480, "roadclass": "LOCAL", "fullname": "THARP ST", "fromleft": 3701, "toleft": 3799, "fromright": 3700, "toright": 3798, "onewaydir": " "}}, {"type": "Feature", "geometry": {"type": "LineString", "coordinates": [[-95.334753341402, 29.7700290047503], [-95.3338388657575, 29.7703833954336]]}, "properties": {"centerlineid": 10140803, "roadclass": "FRONTAGE", "fullname": "EAST FWY", "fromleft": 3501, "toleft": 3599, "fromright": 0, "toright": 0, "onewaydir": "TF"}}, {"type": "Feature", "geometry": {"type": "LineString", "coordinates": [[-95.3473886209025, 29.7376780885408], [-95.3471367413183, 29.7375998630115], [-95.3465799990994, 29.7374301006468]]}, "properties": {"centerlineid": 10138595, "roadclass": "LOCAL", "fullname": "COYLE ST", "fromleft": 3501, "toleft": 3517, "fromright": 3500, "toright": 3516, "onewaydir": " "}}, {"type": "Feature", "geometry": {"type": "LineString", "coordinates": [[-95.3313134511178, 29.7568792332678], [-95.3307564877627, 29.7575774293748]]}, "properties": {"centerlineid": 10141145, "roadclass": "MAJOR", "fullname": "N YORK ST", "fromleft": 701, "toleft": 799, "fromright": 700, "toright": 798, "onewaydir": " "}}, {"type": "Feature", "geometry": {"type": "LineString", "coordinates": [[-95.3275138923043, 29.765443230569], [-95.3274682852062, 29.7660346677157]]}, "properties": {"centerlineid": 10141150, "roadclass": "MAJOR", "fullname": "HIRSCH RD", "fromleft": 251, "toleft": 399, "fromright": 250, "toright": 398, "onewaydir": " "}}, {"type": "Feature", "geometry": {"type": "LineString", "coordinates": [[-95.3270867610091, 29.7679458238628], [-95.3269722421229, 29.7681498290394], [-95.326757071414, 29.7686179272762]]}, "properties": {"centerlineid": 10141152, "roadclass": "MAJOR", "fullname": "HIRSCH RD", "fromleft": 701, "toleft": 749, "fromright": 700, "toright": 748, "onewaydir": " "}}, {"type": "Feature", "geometry": {"type": "LineString", "coordinates": [[-95.3269875306158, 29.7406495879098], [-95.3259347487408, 29.7403274215161]]}, "properties": {"centerlineid": 10141354, "roadclass": "LOCAL", "fullname": "RUSK ST", "fromleft": 4801, "toleft": 4899, "fromright": 4800, "toright": 4898, "onewaydir": " "}}, {"type": "Feature", "geometry": {"type": "LineString", "coordinates": [[-95.3268273717054, 29.7512621118973], [-95.3260796078268, 29.7510218570438]]}, "properties": {"centerlineid": 10141360, "roadclass": "LOCAL", "fullname": "SUBURBAN ST", "fromleft": 4501, "toleft": 4599, "fromright": 4500, "toright": 4598, "onewaydir": " "}}, {"type": "Feature", "geometry": {"type": "LineString", "coordinates": [[-95.3413155729843, 29.7516379196879], [-95.3409721708027, 29.7514336778259], [-95.3404458189995, 29.7511133526755]]}, "properties": {"centerlineid": 10141367, "roadclass": "LOCAL", "fullname": "SHERMAN ST", "fromleft": 3201, "toleft": 3299, "fromright": 3200, "toright": 3298, "onewaydir": " "}}, {"type": "Feature", "geometry": {"type": "LineString", "coordinates": [[-95.3355401203723, 29.7453645299976], [-95.3347770748004, 29.745091854113]]}, "properties": {"centerlineid": 10141390, "roadclass": "MAJOR", "fullname": "HARRISBURG BLVD", "fromleft": 4001, "toleft": 4099, "fromright": 4000, "toright": 4098, "onewaydir": " "}}, {"type": "Feature", "geometry": {"type": "LineString", "coordinates": [[-95.3262397734728, 29.7353587369438], [-95.3264611232674, 29.7347846760269], [-95.3264992475917, 29.7346776592027]]}, "properties": {"centerlineid": 10139129, "roadclass": "LOCAL", "fullname": "GUSTAV ST", "fromleft": 1301, "toleft": 1399, "fromright": 1300, "toright": 1398, "onewaydir": " "}}, {"type": "Feature", "geometry": {"type": "LineString", "coordinates": [[-95.3308098802602, 29.7505317213582], [-95.3300927085043, 29.7503256817079]]}, "properties": {"centerlineid": 10141459, "roadclass": "LOCAL", "fullname": "LOVEJOY ST", "fromleft": 4301, "toleft": 4315, "fromright": 4300, "toright": 4314, "onewaydir": " "}}, {"type": "Feature", "geometry": {"type": "LineString", "coordinates": [[-95.3305504243506, 29.7468752624441], [-95.3310387225558, 29.7456449705211]]}, "properties": {"centerlineid": 10141550, "roadclass": "LOCAL", "fullname": "EASTWOOD ST", "fromleft": 201, "toleft": 299, "fromright": 200, "toright": 298, "onewaydir": " "}}, {"type": "Feature", "geometry": {"type": "LineString", "coordinates": [[-95.3366081871901, 29.748792121863], [-95.3365394932092, 29.7487291654531], [-95.3358301142187, 29.7485021085088]]}, "properties": {"centerlineid": 10141557, "roadclass": "LOCAL", "fullname": "SHERMAN ST", "fromleft": 3801, "toleft": 3899, "fromright": 3800, "toright": 3898, "onewaydir": " "}}, {"type": "Feature", "geometry": {"type": "LineString", "coordinates": [[-95.3303064685247, 29.753544158293], [-95.3300470674987, 29.7538484141832], [-95.3299934404988, 29.7539134655835]]}, "properties": {"centerlineid": 10141577, "roadclass": "LOCAL", "fullname": "N DRENNAN ST", "fromleft": 501, "toleft": 517, "fromright": 500, "toright": 516, "onewaydir": " "}}, {"type": "Feature", "geometry": {"type": "LineString", "coordinates": [[-95.3432915553564, 29.7517332647332], [-95.3426125175026, 29.7513250949839]]}, "properties": {"centerlineid": 10141586, "roadclass": "LOCAL", "fullname": "GARROW ST", "fromleft": 3013, "toleft": 3099, "fromright": 3012, "toright": 3098, "onewaydir": " "}}, {"type": "Feature", "geometry": {"type": "LineString", "coordinates": [[-95.3341819995308, 29.7465624336645], [-95.3344567480616, 29.7458872959311]]}, "properties": {"centerlineid": 10141605, "roadclass": "LOCAL", "fullname": "HUNT ST", "fromleft": 301, "toleft": 399, "fromright": 300, "toright": 398, "onewaydir": " "}}, {"type": "Feature", "geometry": {"type": "LineString", "coordinates": [[-95.3366312140606, 29.7499441684347], [-95.3360665164199, 29.7496085435029], [-95.3360131157241, 29.7495398632933]]}, "properties": {"centerlineid": 10141630, "roadclass": "LOCAL", "fullname": "COMMERCE ST", "fromleft": 3701, "toleft": 3799, "fromright": 3700, "toright": 3798, "onewaydir": " "}}, {"type": "Feature", "geometry": {"type": "LineString", "coordinates": [[-95.3418953976782, 29.7508997878006], [-95.3420785966644, 29.7506403338904], [-95.3422921878791, 29.7503598933938], [-95.3424600795718, 29.7501139305988]]}, "properties": {"centerlineid": 10141706, "roadclass": "LOCAL", "fullname": "VELASCO ST", "fromleft": 301, "toleft": 399, "fromright": 300, "toright": 398, "onewaydir": " "}}, {"type": "Feature", "geometry": {"type": "LineString", "coordinates": [[-95.3432915553564, 29.7517332647332], [-95.3438562863908, 29.7510350906643]]}, "properties": {"centerlineid": 10141735, "roadclass": "LOCAL", "fullname": "ENNIS ST", "fromleft": 301, "toleft": 399, "fromright": 300, "toright": 398, "onewaydir": " "}}, {"type": "Feature", "geometry": {"type": "LineString", "coordinates": [[-95.3380807724504, 29.7508730809915], [-95.3381111368819, 29.7508425126178], [-95.3387215183097, 29.7500719665865]]}, "properties": {"centerlineid": 10141750, "roadclass": "MAJOR", "fullname": "YORK ST", "fromleft": 101, "toleft": 199, "fromright": 100, "toright": 198, "onewaydir": "TF"}}, {"type": "Feature", "geometry": {"type": "LineString", "coordinates": [[-95.322203910595, 29.7408423970769], [-95.3220742834774, 29.7408022267386], [-95.3213190654284, 29.7405656011719]]}, "properties": {"centerlineid": 10141764, "roadclass": "LOCAL", "fullname": "TEXAS ST", "fromleft": 5401, "toleft": 5499, "fromright": 5400, "toright": 5498, "onewaydir": " "}}, {"type": "Feature", "geometry": {"type": "LineString", "coordinates": [[-95.3240349784485, 29.7500566697229], [-95.3232872543461, 29.749833519718]]}, "properties": {"centerlineid": 10141770, "roadclass": "LOCAL", "fullname": "AVENUE J", "fromleft": 4801, "toleft": 4899, "fromright": 4800, "toright": 4898, "onewaydir": " "}}, {"type": "Feature", "geometry": {"type": "LineString", "coordinates": [[-95.320121131643, 29.7447886238485], [-95.320311889788, 29.7443060709116], [-95.3205407392038, 29.7437472513152]]}, "properties": {"centerlineid": 10141798, "roadclass": "LOCAL", "fullname": "DELMAR ST", "fromleft": 101, "toleft": 199, "fromright": 100, "toright": 198, "onewaydir": " "}}, {"type": "Feature", "geometry": {"type": "LineString", "coordinates": [[-95.3163446840145, 29.7436174298483], [-95.3167565269179, 29.7425838095389]]}, "properties": {"centerlineid": 10141903, "roadclass": "LOCAL", "fullname": "NORWOOD ST", "fromleft": 101, "toleft": 199, "fromright": 100, "toright": 198, "onewaydir": " "}}, {"type": "Feature", "geometry": {"type": "LineString", "coordinates": [[-95.31361320617, 29.7464976617361], [-95.3128654663321, 29.7465033665533]]}, "properties": {"centerlineid": 10141952, "roadclass": "LOCAL", "fullname": "ESPERSON ST", "fromleft": 6001, "toleft": 6015, "fromright": 6000, "toright": 6014, "onewaydir": " "}}, {"type": "Feature", "geometry": {"type": "LineString", "coordinates": [[-95.3195870099946, 29.7434554342508], [-95.3201286566471, 29.7421222088294]]}, "properties": {"centerlineid": 10141965, "roadclass": "LOCAL", "fullname": "ALTIC ST", "fromleft": 201, "toleft": 299, "fromright": 200, "toright": 298, "onewaydir": " "}}, {"type": "Feature", "geometry": {"type": "LineString", "coordinates": [[-95.3091118141189, 29.7440142159791], [-95.3086847140953, 29.744617052373]]}, "properties": {"centerlineid": 10142003, "roadclass": "LOCAL", "fullname": "TERMINAL ST", "fromleft": 901, "toleft": 999, "fromright": 900, "toright": 998, "onewaydir": " "}}, {"type": "Feature", "geometry": {"type": "LineString", "coordinates": [[-95.3226999334541, 29.7444356495318], [-95.3225014423424, 29.7443669822341], [-95.322142955207, 29.7442487531782], [-95.3216394182733, 29.7440847215907]]}, "properties": {"centerlineid": 10142019, "roadclass": "LOCAL", "fullname": "SHERMAN ST", "fromleft": 5201, "toleft": 5299, "fromright": 5200, "toright": 5298, "onewaydir": " "}}, {"type": "Feature", "geometry": {"type": "LineString", "coordinates": [[-95.3496927214608, 29.7522138081369], [-95.3488304449509, 29.7517083885264]]}, "properties": {"centerlineid": 10139744, "roadclass": "LOCAL", "fullname": "TEXAS ST", "fromleft": 2501, "toleft": 2599, "fromright": 2500, "toright": 2598, "onewaydir": " "}}, {"type": "Feature", "geometry": {"type": "LineString", "coordinates": [[-95.3527214509974, 29.7563108746413], [-95.3539268747559, 29.7547944517344]]}, "properties": {"centerlineid": 10139794, "roadclass": "LOCAL", "fullname": "CHARTRES ST", "fromleft": 401, "toleft": 599, "fromright": 400, "toright": 598, "onewaydir": "TF"}}, {"type": "Feature", "geometry": {"type": "LineString", "coordinates": [[-95.3206322291031, 29.7460969877954], [-95.3202737858954, 29.7468656742633]]}, "properties": {"centerlineid": 10142111, "roadclass": "LOCAL", "fullname": "N LENOX ST", "fromleft": 101, "toleft": 199, "fromright": 100, "toright": 198, "onewaydir": " "}}, {"type": "Feature", "geometry": {"type": "LineString", "coordinates": [[-95.3084558302139, 29.769213986423], [-95.3074180959612, 29.7691911635638]]}, "properties": {"centerlineid": 10142164, "roadclass": "LOCAL", "fullname": "LESLIE ST", "fromleft": 6201, "toleft": 6299, "fromright": 6200, "toright": 6298, "onewaydir": " "}}, {"type": "Feature", "geometry": {"type": "LineString", "coordinates": [[-95.3507607953905, 29.7429080504909], [-95.3498987652484, 29.7423948722828]]}, "properties": {"centerlineid": 10139887, "roadclass": "LOCAL", "fullname": "BELL ST", "fromleft": 3001, "toleft": 3099, "fromright": 3000, "toright": 3098, "onewaydir": " "}}, {"type": "Feature", "geometry": {"type": "LineString", "coordinates": [[-95.3504632638978, 29.7528472073523], [-95.3504664302031, 29.7527901109535], [-95.3504659980007, 29.7527653373973], [-95.3504619701772, 29.7527408115175], [-95.3504544117262, 29.7527169290528], [-95.3504434446098, 29.7526940753597], [-95.3504292457905, 29.7526726191947], [-95.3504120443757, 29.7526529067643], [-95.3503921179205, 29.7526352561387], [-95.3503697879497, 29.7526199521196], [-95.3496927214608, 29.7522138081369]]}, "properties": {"centerlineid": 10139911, "roadclass": "LOCAL", "fullname": "TEXAS ST", "fromleft": 2401, "toleft": 2499, "fromright": 2400, "toright": 2498, "onewaydir": "FT"}}, {"type": "Feature", "geometry": {"type": "LineString", "coordinates": [[-95.3483193527689, 29.7491544852297], [-95.3474572810282, 29.7486472466168]]}, "properties": {"centerlineid": 10139915, "roadclass": "LOCAL", "fullname": "RUSK ST", "fromleft": 2801, "toleft": 2899, "fromright": 2800, "toright": 2898, "onewaydir": " "}}, {"type": "Feature", "geometry": {"type": "LineString", "coordinates": [[-95.3048698991327, 29.7350993079617], [-95.3033365649099, 29.7346299617913]]}, "properties": {"centerlineid": 10143709, "roadclass": "LOCAL", "fullname": "CAPITOL ST", "fromleft": 6901, "toleft": 6939, "fromright": 6900, "toright": 6938, "onewaydir": " "}}, {"type": "Feature", "geometry": {"type": "LineString", "coordinates": [[-95.3411500514025, 29.7708022800309], [-95.341345563093, 29.7704352417233], [-95.3414227050512, 29.7703027544851], [-95.3414771227679, 29.7701866276837], [-95.3415160496742, 29.7700853233864], [-95.3415314303004, 29.7699835658216], [-95.3415327937589, 29.7698556930556], [-95.3415343946042, 29.7697585229983], [-95.3415241195879, 29.7696701222713], [-95.341503080019, 29.7695092423128], [-95.3415023429528, 29.7695036130526], [-95.3414935171556, 29.7694738629136], [-95.3414802661503, 29.7694227119911], [-95.3414646554802, 29.7694011457515], [-95.3414604915971, 29.7693953924688], [-95.3414580867854, 29.7693927010927], [-95.3413640854828, 29.7692874945955], [-95.3413308522393, 29.7692502988103], [-95.3413002986828, 29.7692236000806], [-95.3412185824609, 29.7691465748512], [-95.3411999305536, 29.7691289933236], [-95.3411650588307, 29.7690961218146], [-95.3411020422832, 29.7690367210939], [-95.3410605300515, 29.7689996455954], [-95.3409145293339, 29.7689206809858], [-95.3408004386531, 29.7688578578208], [-95.3406720320089, 29.7688125565405], [-95.3405429821929, 29.7687851493567], [-95.3404135070466, 29.7687696708709], [-95.3402219615084, 29.7687674254674], [-95.3399028614248, 29.7687915504494], [-95.3395184587167, 29.7688503824789], [-95.3391877387237, 29.768885461937], [-95.3388996179471, 29.7689044583647], [-95.3385079404085, 29.768878367126]]}, "properties": {"centerlineid": 10141133, "roadclass": "RAMP", "fullname": "SB 59 N TO EB 10 E RAMP", "fromleft": 0, "toleft": 0, "fromright": 0, "toright": 0, "onewaydir": "FT"}}, {"type": "Feature", "geometry": {"type": "LineString", "coordinates": [[-95.3115457472947, 29.7673888481817], [-95.3105310377806, 29.7673888711802]]}, "properties": {"centerlineid": 10142209, "roadclass": "LOCAL", "fullname": "LARIMER ST", "fromleft": 5901, "toleft": 5999, "fromright": 5900, "toright": 5998, "onewaydir": " "}}, {"type": "Feature", "geometry": {"type": "LineString", "coordinates": [[-95.3181527162692, 29.7643904224657], [-95.3154901329159, 29.7636313267863]]}, "properties": {"centerlineid": 10142212, "roadclass": "MAJOR", "fullname": "CLINTON DR", "fromleft": 5301, "toleft": 5499, "fromright": 5300, "toright": 5498, "onewaydir": " "}}, {"type": "Feature", "geometry": {"type": "LineString", "coordinates": [[-95.3189615619876, 29.7576746714299], [-95.318312858767, 29.757626984652], [-95.3158411084857, 29.7576440788022], [-95.3130259028922, 29.7576938256174]]}, "properties": {"centerlineid": 10142243, "roadclass": "LOCAL", "fullname": "ARMOUR DR", "fromleft": 5401, "toleft": 5599, "fromright": 5400, "toright": 5598, "onewaydir": " "}}, {"type": "Feature", "geometry": {"type": "LineString", "coordinates": [[-95.3500283284931, 29.7501883030981], [-95.3506387288924, 29.7494234762452]]}, "properties": {"centerlineid": 10140039, "roadclass": "LOCAL", "fullname": "LIVE OAK ST", "fromleft": 801, "toleft": 899, "fromright": 800, "toright": 898, "onewaydir": " "}}, {"type": "Feature", "geometry": {"type": "LineString", "coordinates": [[-95.3530495740191, 29.743180682874], [-95.3535303462648, 29.7425838242461]]}, "properties": {"centerlineid": 10140073, "roadclass": "LOCAL", "fullname": "DELANO ST", "fromleft": 1601, "toleft": 1699, "fromright": 1600, "toright": 1698, "onewaydir": " "}}, {"type": "Feature", "geometry": {"type": "LineString", "coordinates": [[-95.348388021883, 29.7458776758558], [-95.348723646396, 29.7454619732645], [-95.3489755511461, 29.7451527966984]]}, "properties": {"centerlineid": 10140080, "roadclass": "LOCAL", "fullname": "ENNIS ST", "fromleft": 1101, "toleft": 1199, "fromright": 1100, "toright": 1198, "onewaydir": " "}}, {"type": "Feature", "geometry": {"type": "LineString", "coordinates": [[-95.3516152971645, 29.7434113882583], [-95.352179768992, 29.7426714007297]]}, "properties": {"centerlineid": 10140094, "roadclass": "LOCAL", "fullname": "PAIGE ST", "fromleft": 1501, "toleft": 1599, "fromright": 1500, "toright": 1598, "onewaydir": " "}}, {"type": "Feature", "geometry": {"type": "LineString", "coordinates": [[-95.3022379352601, 29.769183643383], [-95.302253001747, 29.7674707902226], [-95.3022529601639, 29.7673792861044]]}, "properties": {"centerlineid": 10142515, "roadclass": "LOCAL", "fullname": "MAJESTIC ST", "fromleft": 1101, "toleft": 1199, "fromright": 1100, "toright": 1198, "onewaydir": " "}}, {"type": "Feature", "geometry": {"type": "LineString", "coordinates": [[-95.3457635724948, 29.759261579169], [-95.3454429737084, 29.7590270365197], [-95.3448556794733, 29.7586473409981]]}, "properties": {"centerlineid": 10140517, "roadclass": "MAJOR", "fullname": "NAVIGATION BLVD", "fromleft": 2401, "toleft": 2411, "fromright": 2400, "toright": 2410, "onewaydir": " "}}, {"type": "Feature", "geometry": {"type": "LineString", "coordinates": [[-95.35325560209, 29.7588725425605], [-95.3524163692711, 29.7583498180824]]}, "properties": {"centerlineid": 10140525, "roadclass": "LOCAL", "fullname": "FRANKLIN ST", "fromleft": 1801, "toleft": 1899, "fromright": 1800, "toright": 1898, "onewaydir": " "}}, {"type": "Feature", "geometry": {"type": "LineString", "coordinates": [[-95.3357080208675, 29.7680391271069], [-95.3356012520861, 29.7680220204787], [-95.3351816420947, 29.7680277565711], [-95.3347161782775, 29.7680334479173]]}, "properties": {"centerlineid": 10140741, "roadclass": "LOCAL", "fullname": "BAER ST", "fromleft": 3401, "toleft": 3499, "fromright": 3400, "toright": 3498, "onewaydir": " "}}, {"type": "Feature", "geometry": {"type": "LineString", "coordinates": [[-95.3430017990213, 29.7656951520741], [-95.343001758083, 29.7659372298069], [-95.3430093296899, 29.7663283250632]]}, "properties": {"centerlineid": 10141079, "roadclass": "MAJOR", "fullname": "JENSEN DR", "fromleft": 401, "toleft": 499, "fromright": 400, "toright": 498, "onewaydir": " "}}, {"type": "Feature", "geometry": {"type": "LineString", "coordinates": [[-95.3274682852062, 29.7660346677157], [-95.3274758321111, 29.7663492901438], [-95.3274682980651, 29.766576324186], [-95.3274224240912, 29.7668508242851]]}, "properties": {"centerlineid": 10141151, "roadclass": "MAJOR", "fullname": "HIRSCH RD", "fromleft": 401, "toleft": 499, "fromright": 400, "toright": 498, "onewaydir": " "}}, {"type": "Feature", "geometry": {"type": "LineString", "coordinates": [[-95.3302606389699, 29.7582334313125], [-95.3300699222375, 29.7584680087272], [-95.329841056486, 29.7587448030036], [-95.3294442593997, 29.7591947423965], [-95.3290344324817, 29.7596659073149], [-95.328986542348, 29.7597211146554], [-95.3288950331439, 29.7598164820183], [-95.328811087054, 29.7599061957364]]}, "properties": {"centerlineid": 10141160, "roadclass": "MAJOR", "fullname": "N YORK ST", "fromleft": 901, "toleft": 999, "fromright": 900, "toright": 998, "onewaydir": " "}}, {"type": "Feature", "geometry": {"type": "LineString", "coordinates": [[-95.328116728424, 29.7447331719119], [-95.3282082328113, 29.7445235097566], [-95.3283150493551, 29.7441801079637], [-95.3284218306301, 29.7438939694733], [-95.3285972542938, 29.7435030932412]]}, "properties": {"centerlineid": 10141240, "roadclass": "MAJOR", "fullname": "S LOCKWOOD DR", "fromleft": 301, "toleft": 399, "fromright": 300, "toright": 398, "onewaydir": " "}}, {"type": "Feature", "geometry": {"type": "LineString", "coordinates": [[-95.3335056315866, 29.7527527357441], [-95.3330613169941, 29.7533414825717]]}, "properties": {"centerlineid": 10141248, "roadclass": "LOCAL", "fullname": "N MILBY ST", "fromleft": 301, "toleft": 321, "fromright": 300, "toright": 320, "onewaydir": " "}}, {"type": "Feature", "geometry": {"type": "LineString", "coordinates": [[-95.3383783307749, 29.7521033829603], [-95.337928148099, 29.7526774400155]]}, "properties": {"centerlineid": 10141251, "roadclass": "MAJOR", "fullname": "N SAMPSON ST", "fromleft": 101, "toleft": 121, "fromright": 100, "toright": 120, "onewaydir": "FT"}}, {"type": "Feature", "geometry": {"type": "LineString", "coordinates": [[-95.3341133570855, 29.7420400551786], [-95.3341516464651, 29.7419980731494], [-95.3345559738774, 29.7414755724808], [-95.3346016512416, 29.7414296986916], [-95.3346322100075, 29.7414144395223]]}, "properties": {"centerlineid": 10141274, "roadclass": "LOCAL", "fullname": "EASTWOOD ST", "fromleft": 801, "toleft": 899, "fromright": 800, "toright": 898, "onewaydir": " "}}, {"type": "Feature", "geometry": {"type": "LineString", "coordinates": [[-95.3302453395269, 29.7490494943495], [-95.329734259452, 29.7488971030789], [-95.3296425372469, 29.7488683532337]]}, "properties": {"centerlineid": 10141313, "roadclass": "MAJOR", "fullname": "CANAL ST", "fromleft": 4401, "toleft": 4421, "fromright": 4400, "toright": 4420, "onewaydir": " "}}, {"type": "Feature", "geometry": {"type": "LineString", "coordinates": [[-95.3366312140606, 29.7499441684347], [-95.3355859768427, 29.7512755884372]]}, "properties": {"centerlineid": 10141378, "roadclass": "LOCAL", "fullname": "N EVERTON ST", "fromleft": 1, "toleft": 99, "fromright": 2, "toright": 98, "onewaydir": " "}}, {"type": "Feature", "geometry": {"type": "LineString", "coordinates": [[-95.3310006250109, 29.7559524003248], [-95.3292306905833, 29.7548994102468]]}, "properties": {"centerlineid": 10141405, "roadclass": "LOCAL", "fullname": "BURCH ST", "fromleft": 3801, "toleft": 3999, "fromright": 3800, "toright": 3998, "onewaydir": " "}}, {"type": "Feature", "geometry": {"type": "LineString", "coordinates": [[-95.3384086900942, 29.7353395761222], [-95.3364938442726, 29.7347483554724]]}, "properties": {"centerlineid": 10139147, "roadclass": "LOCAL", "fullname": "JEFFERSON ST", "fromleft": 4301, "toleft": 4399, "fromright": 4300, "toright": 4398, "onewaydir": " "}}, {"type": "Feature", "geometry": {"type": "LineString", "coordinates": [[-95.3365778316457, 29.7527995249391], [-95.3357461610537, 29.7522941105684]]}, "properties": {"centerlineid": 10141491, "roadclass": "LOCAL", "fullname": "SALTUS ST", "fromleft": 3501, "toleft": 3599, "fromright": 3500, "toright": 3598, "onewaydir": " "}}, {"type": "Feature", "geometry": {"type": "LineString", "coordinates": [[-95.3362497039163, 29.7426638788141], [-95.3352044522824, 29.7423414804368]]}, "properties": {"centerlineid": 10141526, "roadclass": "LOCAL", "fullname": "WALKER ST", "fromleft": 4201, "toleft": 4299, "fromright": 4200, "toright": 4298, "onewaydir": " "}}, {"type": "Feature", "geometry": {"type": "LineString", "coordinates": [[-95.3334114932721, 29.7463221552101], [-95.3336937205913, 29.7456392695874]]}, "properties": {"centerlineid": 10141549, "roadclass": "LOCAL", "fullname": "ESTELLE ST", "fromleft": 301, "toleft": 399, "fromright": 300, "toright": 398, "onewaydir": " "}}, {"type": "Feature", "geometry": {"type": "LineString", "coordinates": [[-95.3349069173525, 29.7387441322307], [-95.3352197174029, 29.7379126631619]]}, "properties": {"centerlineid": 10139290, "roadclass": "LOCAL", "fullname": "EASTWOOD ST", "fromleft": 1301, "toleft": 1399, "fromright": 1300, "toright": 1398, "onewaydir": " "}}, {"type": "Feature", "geometry": {"type": "LineString", "coordinates": [[-95.3378288770136, 29.7439113175237], [-95.3368219462876, 29.7435811423838]]}, "properties": {"centerlineid": 10141566, "roadclass": "LOCAL", "fullname": "RUSK ST", "fromleft": 4001, "toleft": 4099, "fromright": 4000, "toright": 4098, "onewaydir": " "}}, {"type": "Feature", "geometry": {"type": "LineString", "coordinates": [[-95.3357767045849, 29.743268564925], [-95.3347236979235, 29.7429422746031]]}, "properties": {"centerlineid": 10141569, "roadclass": "LOCAL", "fullname": "RUSK ST", "fromleft": 4201, "toleft": 4299, "fromright": 4200, "toright": 4298, "onewaydir": " "}}, {"type": "Feature", "geometry": {"type": "LineString", "coordinates": [[-95.3380807724504, 29.7508730809915], [-95.3372872052127, 29.7503637872182]]}, "properties": {"centerlineid": 10141588, "roadclass": "LOCAL", "fullname": "COMMERCE ST", "fromleft": 3501, "toleft": 3599, "fromright": 3500, "toright": 3598, "onewaydir": " "}}, {"type": "Feature", "geometry": {"type": "LineString", "coordinates": [[-95.3298477978012, 29.7541052750486], [-95.3291303619856, 29.7538248139113]]}, "properties": {"centerlineid": 10141619, "roadclass": "LOCAL", "fullname": "FOX ST", "fromleft": 4101, "toleft": 4199, "fromright": 4100, "toright": 4198, "onewaydir": " "}}, {"type": "Feature", "geometry": {"type": "LineString", "coordinates": [[-95.3320686786463, 29.7496064723885], [-95.3316187107849, 29.749471158284]]}, "properties": {"centerlineid": 10141627, "roadclass": "MAJOR", "fullname": "CANAL ST", "fromleft": 4207, "toleft": 4299, "fromright": 4206, "toright": 4298, "onewaydir": " "}}, {"type": "Feature", "geometry": {"type": "LineString", "coordinates": [[-95.3366081871901, 29.748792121863], [-95.3370889304427, 29.7482009496208]]}, "properties": {"centerlineid": 10141731, "roadclass": "LOCAL", "fullname": "MILBY ST", "fromleft": 201, "toleft": 221, "fromright": 200, "toright": 220, "onewaydir": " "}}, {"type": "Feature", "geometry": {"type": "LineString", "coordinates": [[-95.3350976786346, 29.749408205911], [-95.3358301142187, 29.7485021085088]]}, "properties": {"centerlineid": 10141744, "roadclass": "LOCAL", "fullname": "KENDALL ST", "fromleft": 101, "toleft": 199, "fromright": 100, "toright": 198, "onewaydir": " "}}, {"type": "Feature", "geometry": {"type": "LineString", "coordinates": [[-95.3238289396811, 29.7470756133223], [-95.3237068592175, 29.7470372813264]]}, "properties": {"centerlineid": 10141815, "roadclass": "MAJOR", "fullname": "CANAL ST", "fromleft": 5001, "toleft": 5003, "fromright": 5000, "toright": 5002, "onewaydir": " "}}, {"type": "Feature", "geometry": {"type": "LineString", "coordinates": [[-95.3499140201304, 29.7535262469181], [-95.3498219020828, 29.7534690495661], [-95.3497552554393, 29.7534294153821], [-95.3496868257474, 29.7533921664101], [-95.3496167250574, 29.7533573636426], [-95.3495450681556, 29.7533250640665], [-95.3494719723761, 29.75329532057], [-95.3493975574085, 29.7532681818558], [-95.3493219451026, 29.7532436923613], [-95.3492452592679, 29.7532218921863], [-95.3491129421001, 29.7531903787179]]}, "properties": {"centerlineid": 10139659, "roadclass": "MAJOR", "fullname": "PRAIRIE ST", "fromleft": 2401, "toleft": 2499, "fromright": 2400, "toright": 2498, "onewaydir": "TF"}}, {"type": "Feature", "geometry": {"type": "LineString", "coordinates": [[-95.3493340305028, 29.7400565580422], [-95.3497919675292, 29.7394843046066]]}, "properties": {"centerlineid": 10139713, "roadclass": "LOCAL", "fullname": "ROBERTS ST", "fromleft": 1701, "toleft": 1799, "fromright": 1700, "toright": 1798, "onewaydir": " "}}, {"type": "Feature", "geometry": {"type": "LineString", "coordinates": [[-95.3454813317948, 29.7515616767667], [-95.3449699910719, 29.7509246207083]]}, "properties": {"centerlineid": 10139729, "roadclass": "MAJOR", "fullname": "HARRISBURG BLVD", "fromleft": 2901, "toleft": 2999, "fromright": 2900, "toright": 2998, "onewaydir": " "}}, {"type": "Feature", "geometry": {"type": "LineString", "coordinates": [[-95.3449090501862, 29.7397474098152], [-95.3451760589978, 29.7390626452147]]}, "properties": {"centerlineid": 10139785, "roadclass": "LOCAL", "fullname": "EDMUNDSON ST", "fromleft": 1501, "toleft": 1599, "fromright": 1500, "toright": 1598, "onewaydir": " "}}, {"type": "Feature", "geometry": {"type": "LineString", "coordinates": [[-95.3222191688291, 29.7465663421867], [-95.3221885805859, 29.7466311406676], [-95.3218607305555, 29.7473425702639]]}, "properties": {"centerlineid": 10142115, "roadclass": "LOCAL", "fullname": "N EDGEWOOD ST", "fromleft": 101, "toleft": 199, "fromright": 100, "toright": 198, "onewaydir": " "}}, {"type": "Feature", "geometry": {"type": "LineString", "coordinates": [[-95.3249809645956, 29.7386850250521], [-95.3252709974327, 29.7383073899189]]}, "properties": {"centerlineid": 10143510, "roadclass": "LOCAL", "fullname": "LENOX ST", "fromleft": 901, "toleft": 919, "fromright": 900, "toright": 918, "onewaydir": " "}}, {"type": "Feature", "geometry": {"type": "LineString", "coordinates": [[-95.3192187234061, 29.7480684652463], [-95.319111062028, 29.7483837798543], [-95.3191106146357, 29.7484296183813]]}, "properties": {"centerlineid": 10142130, "roadclass": "PRIVATE", "fullname": "FELT CIR", "fromleft": 301, "toleft": 309, "fromright": 300, "toright": 310, "onewaydir": " "}}, {"type": "Feature", "geometry": {"type": "LineString", "coordinates": [[-95.3270180898556, 29.7432359149967], [-95.3265764987313, 29.7431491197178]]}, "properties": {"centerlineid": 10141210, "roadclass": "MAJOR", "fullname": "HARRISBURG BLVD", "fromleft": 4847, "toleft": 4899, "fromright": 4846, "toright": 4898, "onewaydir": " "}}, {"type": "Feature", "geometry": {"type": "LineString", "coordinates": [[-95.3439478096859, 29.7347883003809], [-95.3436089864148, 29.7346785657972]]}, "properties": {"centerlineid": 10139122, "roadclass": "LOCAL", "fullname": "WINCHESTER ST", "fromleft": 3801, "toleft": 3899, "fromright": 3800, "toright": 3898, "onewaydir": " "}}, {"type": "Feature", "geometry": {"type": "LineString", "coordinates": [[-95.3513611311622, 29.7586918304784], [-95.3513195822879, 29.7587826670963], [-95.3510090868856, 29.7594659380317], [-95.350914738169, 29.759675552306], [-95.3507578787647, 29.7600240401035], [-95.3505225645559, 29.7609134697168], [-95.3503409601385, 29.761852784657], [-95.3503005535458, 29.7620601203352], [-95.3501745976965, 29.7627064286249], [-95.3501279332196, 29.7631884334858]]}, "properties": {"centerlineid": 1086015, "roadclass": "RAMP", "fullname": "WB 10 E TO SB 59 N", "fromleft": 0, "toleft": 0, "fromright": 0, "toright": 0, "onewaydir": "TF"}}, {"type": "Feature", "geometry": {"type": "LineString", "coordinates": [[-95.3441154884882, 29.7596317021589], [-95.343259101594, 29.7607038861532], [-95.3432120986943, 29.7607772995585]]}, "properties": {"centerlineid": 10140875, "roadclass": "LOCAL", "fullname": "MCALPINE ST", "fromleft": 301, "toleft": 335, "fromright": 300, "toright": 334, "onewaydir": " "}}, {"type": "Feature", "geometry": {"type": "LineString", "coordinates": [[-95.3438812455283, 29.7611372477901], [-95.343298506457, 29.7608420307829], [-95.3432120986943, 29.7607772995585]]}, "properties": {"centerlineid": 10140723, "roadclass": "LOCAL", "fullname": "BAYOU PARKVIEW DR", "fromleft": 2301, "toleft": 2399, "fromright": 2300, "toright": 2398, "onewaydir": " "}}, {"type": "Feature", "geometry": {"type": "LineString", "coordinates": [[-95.3408544657044, 29.7673012195645], [-95.3408654073255, 29.7679533725906]]}, "properties": {"centerlineid": 10141088, "roadclass": "LOCAL", "fullname": "SCHWARTZ ST", "fromleft": 701, "toleft": 799, "fromright": 700, "toright": 798, "onewaydir": " "}}, {"type": "Feature", "geometry": {"type": "LineString", "coordinates": [[-95.3063728624264, 29.7673906629592], [-95.3053278276024, 29.7673888346379]]}, "properties": {"centerlineid": 10142218, "roadclass": "LOCAL", "fullname": "LARIMER ST", "fromleft": 6401, "toleft": 6499, "fromright": 6400, "toright": 6498, "onewaydir": " "}}, {"type": "Feature", "geometry": {"type": "LineString", "coordinates": [[-95.3241798647989, 29.763949854315], [-95.3241876000548, 29.7646688179768]]}, "properties": {"centerlineid": 10142296, "roadclass": "LOCAL", "fullname": "EMILE ST", "fromleft": 229, "toleft": 299, "fromright": 228, "toright": 298, "onewaydir": " "}}, {"type": "Feature", "geometry": {"type": "LineString", "coordinates": [[-95.3462212914969, 29.7557958716817], [-95.3462671387601, 29.7557616751247], [-95.34744199294, 29.7543957972576]]}, "properties": {"centerlineid": 10140002, "roadclass": "LOCAL", "fullname": "ST CHARLES ST", "fromleft": 101, "toleft": 249, "fromright": 100, "toright": 248, "onewaydir": " "}}, {"type": "Feature", "geometry": {"type": "LineString", "coordinates": [[-95.3493340191515, 29.7542794324136], [-95.3499140201304, 29.7535262469181]]}, "properties": {"centerlineid": 10140016, "roadclass": "MAJOR", "fullname": "EMANCIPATION AVE", "fromleft": 401, "toleft": 499, "fromright": 400, "toright": 498, "onewaydir": " "}}, {"type": "Feature", "geometry": {"type": "LineString", "coordinates": [[-95.3496927214608, 29.7522138081369], [-95.3503030810414, 29.7514624251938]]}, "properties": {"centerlineid": 10140035, "roadclass": "LOCAL", "fullname": "ST CHARLES ST", "fromleft": 601, "toleft": 699, "fromright": 600, "toright": 698, "onewaydir": " "}}, {"type": "Feature", "geometry": {"type": "LineString", "coordinates": [[-95.3514856922068, 29.7499423784327], [-95.3520654406905, 29.7492174596752]]}, "properties": {"centerlineid": 10140049, "roadclass": "LOCAL", "fullname": "ST CHARLES ST", "fromleft": 901, "toleft": 999, "fromright": 900, "toright": 998, "onewaydir": " "}}, {"type": "Feature", "geometry": {"type": "LineString", "coordinates": [[-95.3006357025165, 29.7397875500942], [-95.2989494771032, 29.7392554579929]]}, "properties": {"centerlineid": 10142633, "roadclass": "MAJOR", "fullname": "CANAL ST", "fromleft": 7001, "toleft": 7041, "fromright": 7000, "toright": 7040, "onewaydir": " "}}, {"type": "Feature", "geometry": {"type": "LineString", "coordinates": [[-95.352073015161, 29.7673774273456], [-95.3521110802502, 29.7674878725349], [-95.3521110998506, 29.7677512108161], [-95.3520807616536, 29.7682089102635]]}, "properties": {"centerlineid": 10140288, "roadclass": "LOCAL", "fullname": "MCKEE ST", "fromleft": 801, "toleft": 899, "fromright": 800, "toright": 898, "onewaydir": "FT"}}, {"type": "Feature", "geometry": {"type": "LineString", "coordinates": [[-95.3000862657519, 29.7464955779669], [-95.2998040167683, 29.7471536504148]]}, "properties": {"centerlineid": 10142859, "roadclass": "MAJOR", "fullname": "SSGT MACARIO GARCIA DR", "fromleft": 1601, "toleft": 1699, "fromright": 1600, "toright": 1698, "onewaydir": "FT"}}, {"type": "Feature", "geometry": {"type": "LineString", "coordinates": [[-95.3509653142854, 29.7349384571763], [-95.349593422939, 29.7345213193502]]}, "properties": {"centerlineid": 10138544, "roadclass": "LOCAL", "fullname": "MCILHENNY ST", "fromleft": 3401, "toleft": 3499, "fromright": 3400, "toright": 3498, "onewaydir": " "}}, {"type": "Feature", "geometry": {"type": "LineString", "coordinates": [[-95.3305962976868, 29.7564920551522], [-95.3303597018716, 29.7568105522698]]}, "properties": {"centerlineid": 10140863, "roadclass": "LOCAL", "fullname": "N MILBY ST", "fromleft": 701, "toleft": 707, "fromright": 700, "toright": 706, "onewaydir": " "}}, {"type": "Feature", "geometry": {"type": "LineString", "coordinates": [[-95.3324273540974, 29.7565474909818], [-95.3323052891375, 29.7564653482715], [-95.3318704014305, 29.7562211777816]]}, "properties": {"centerlineid": 10140885, "roadclass": "LOCAL", "fullname": "FREUND ST", "fromleft": 3601, "toleft": 3699, "fromright": 3600, "toright": 3698, "onewaydir": " "}}, {"type": "Feature", "geometry": {"type": "LineString", "coordinates": [[-95.324439318687, 29.7352174754522], [-95.3245766610301, 29.7348761702631]]}, "properties": {"centerlineid": 10143296, "roadclass": "LOCAL", "fullname": "BAIRD ST", "fromleft": 1251, "toleft": 1299, "fromright": 1250, "toright": 1298, "onewaydir": " "}}, {"type": "Feature", "geometry": {"type": "LineString", "coordinates": [[-95.3249962801509, 29.7357573446275], [-95.3243019565015, 29.7355342183287]]}, "properties": {"centerlineid": 10143376, "roadclass": "MAJOR", "fullname": "POLK ST", "fromleft": 5101, "toleft": 5113, "fromright": 5100, "toright": 5112, "onewaydir": " "}}, {"type": "Feature", "geometry": {"type": "LineString", "coordinates": [[-95.346877540116, 29.7389558693699], [-95.3460764061392, 29.738709897388]]}, "properties": {"centerlineid": 10138782, "roadclass": "LOCAL", "fullname": "PEASE ST", "fromleft": 3501, "toleft": 3599, "fromright": 3500, "toright": 3598, "onewaydir": " "}}, {"type": "Feature", "geometry": {"type": "LineString", "coordinates": [[-95.3375466467964, 29.7680142647108], [-95.3375544005194, 29.7684398362762], [-95.3375619551972, 29.7686971923215]]}, "properties": {"centerlineid": 10141074, "roadclass": "LOCAL", "fullname": "BAYOU ST", "fromleft": 701, "toleft": 799, "fromright": 700, "toright": 798, "onewaydir": " "}}, {"type": "Feature", "geometry": {"type": "LineString", "coordinates": [[-95.3374444044495, 29.7639244269347], [-95.3374704605622, 29.764741370589]]}, "properties": {"centerlineid": 10141094, "roadclass": "LOCAL", "fullname": "BAYOU ST", "fromleft": 101, "toleft": 199, "fromright": 100, "toright": 198, "onewaydir": " "}}, {"type": "Feature", "geometry": {"type": "LineString", "coordinates": [[-95.3498756834209, 29.7376493527728], [-95.3490211684571, 29.7371211125321], [-95.3486855515456, 29.736907332495], [-95.3482125396154, 29.7366022586407]]}, "properties": {"centerlineid": 10138882, "roadclass": "FRONTAGE", "fullname": "GULF FWY", "fromleft": 3401, "toleft": 3449, "fromright": 0, "toright": 0, "onewaydir": "FT"}}, {"type": "Feature", "geometry": {"type": "LineString", "coordinates": [[-95.3328388399147, 29.7557898344223], [-95.3326746976638, 29.7558289255122], [-95.3325035964954, 29.7558741358228], [-95.3322671899128, 29.7559695393414], [-95.3321145372436, 29.756045744098], [-95.3319771698755, 29.7561297162647], [-95.3318704014305, 29.7562211777816]]}, "properties": {"centerlineid": 10141158, "roadclass": "MAJOR", "fullname": "N YORK ST", "fromleft": 501, "toleft": 599, "fromright": 500, "toright": 598, "onewaydir": " "}}, {"type": "Feature", "geometry": {"type": "LineString", "coordinates": [[-95.3331673492235, 29.754378697797], [-95.3323128386066, 29.755488768976]]}, "properties": {"centerlineid": 10141176, "roadclass": "LOCAL", "fullname": "N EVERTON ST", "fromleft": 401, "toleft": 499, "fromright": 400, "toright": 498, "onewaydir": " "}}, {"type": "Feature", "geometry": {"type": "LineString", "coordinates": [[-95.3438562863908, 29.7510350906643], [-95.3431694835578, 29.7506250371861]]}, "properties": {"centerlineid": 10141183, "roadclass": "LOCAL", "fullname": "PRESTON ST", "fromleft": 3011, "toleft": 3099, "fromright": 3010, "toright": 3098, "onewaydir": " "}}, {"type": "Feature", "geometry": {"type": "LineString", "coordinates": [[-95.3296731212248, 29.7452043471222], [-95.3301385770943, 29.7445750511475], [-95.3306649573361, 29.7438864399065]]}, "properties": {"centerlineid": 10141236, "roadclass": "LOCAL", "fullname": "BOB ST", "fromleft": 301, "toleft": 399, "fromright": 300, "toright": 398, "onewaydir": " "}}, {"type": "Feature", "geometry": {"type": "LineString", "coordinates": [[-95.3291238903253, 29.7337508113821], [-95.3295891417354, 29.7332606964951]]}, "properties": {"centerlineid": 10139046, "roadclass": "LOCAL", "fullname": "MARLIN ST", "fromleft": 1601, "toleft": 1613, "fromright": 1600, "toright": 1612, "onewaydir": " "}}, {"type": "Feature", "geometry": {"type": "LineString", "coordinates": [[-95.3312933918409, 29.7522667560601], [-95.3307717519319, 29.7529272929259]]}, "properties": {"centerlineid": 10141259, "roadclass": "LOCAL", "fullname": "N DRENNAN ST", "fromleft": 319, "toleft": 399, "fromright": 318, "toright": 398, "onewaydir": " "}}, {"type": "Feature", "geometry": {"type": "LineString", "coordinates": [[-95.3294136896564, 29.742414049136], [-95.3296270090898, 29.742159391429], [-95.3296502927922, 29.7421315601949], [-95.3297189531634, 29.7420514754193]]}, "properties": {"centerlineid": 10141296, "roadclass": "MAJOR", "fullname": "S LOCKWOOD DR", "fromleft": 601, "toleft": 699, "fromright": 600, "toright": 698, "onewaydir": " "}}, {"type": "Feature", "geometry": {"type": "LineString", "coordinates": [[-95.3275673311042, 29.7541345646663], [-95.3270486570139, 29.7539629775658]]}, "properties": {"centerlineid": 10141326, "roadclass": "LOCAL", "fullname": "CRITES ST", "fromleft": 4301, "toleft": 4399, "fromright": 4300, "toright": 4398, "onewaydir": " "}}, {"type": "Feature", "geometry": {"type": "LineString", "coordinates": [[-95.3299934404988, 29.7539134655835], [-95.3298477978012, 29.7541052750486]]}, "properties": {"centerlineid": 10141328, "roadclass": "LOCAL", "fullname": "N DRENNAN ST", "fromleft": 519, "toleft": 523, "fromright": 518, "toright": 522, "onewaydir": " "}}, {"type": "Feature", "geometry": {"type": "LineString", "coordinates": [[-95.3347997870862, 29.7414517959251], [-95.3341591938551, 29.7403979129104]]}, "properties": {"centerlineid": 10141358, "roadclass": "MAJOR", "fullname": "TELEPHONE RD", "fromleft": 101, "toleft": 199, "fromright": 100, "toright": 198, "onewaydir": " "}}, {"type": "Feature", "geometry": {"type": "LineString", "coordinates": [[-95.3312141695573, 29.7350840272096], [-95.3309930856392, 29.7349829349862]]}, "properties": {"centerlineid": 10139132, "roadclass": "MAJOR", "fullname": "TELEPHONE RD", "fromleft": 701, "toleft": 709, "fromright": 700, "toright": 708, "onewaydir": " "}}, {"type": "Feature", "geometry": {"type": "LineString", "coordinates": [[-95.3420327523464, 29.7551645394612], [-95.3410486509106, 29.7563987247438]]}, "properties": {"centerlineid": 10141406, "roadclass": "LOCAL", "fullname": "N PAIGE ST", "fromleft": 101, "toleft": 199, "fromright": 100, "toright": 198, "onewaydir": " "}}, {"type": "Feature", "geometry": {"type": "LineString", "coordinates": [[-95.3428872373551, 29.7556909107203], [-95.3420327523464, 29.7551645394612]]}, "properties": {"centerlineid": 10141407, "roadclass": "MAJOR", "fullname": "CANAL ST", "fromleft": 2801, "toleft": 2899, "fromright": 2800, "toright": 2898, "onewaydir": " "}}, {"type": "Feature", "geometry": {"type": "LineString", "coordinates": [[-95.3347770748004, 29.745091854113], [-95.3347237211712, 29.7450709027995], [-95.334410856129, 29.7449583750399]]}, "properties": {"centerlineid": 10141445, "roadclass": "MAJOR", "fullname": "HARRISBURG BLVD", "fromleft": 4101, "toleft": 4105, "fromright": 4100, "toright": 4104, "onewaydir": " "}}, {"type": "Feature", "geometry": {"type": "LineString", "coordinates": [[-95.3280939190919, 29.7526067344335], [-95.3277963762182, 29.7529996133381], [-95.3270486570139, 29.7539629775658]]}, "properties": {"centerlineid": 10141465, "roadclass": "LOCAL", "fullname": "N JENKINS ST", "fromleft": 501, "toleft": 599, "fromright": 500, "toright": 598, "onewaydir": " "}}, {"type": "Feature", "geometry": {"type": "LineString", "coordinates": [[-95.3315575603751, 29.7507566882561], [-95.3310540178901, 29.7513727568921]]}, "properties": {"centerlineid": 10141510, "roadclass": "LOCAL", "fullname": "N ESTELLE ST", "fromleft": 201, "toleft": 299, "fromright": 200, "toright": 298, "onewaydir": " "}}, {"type": "Feature", "geometry": {"type": "LineString", "coordinates": [[-95.3430855146999, 29.7470678362298], [-95.3426125079103, 29.7467721415697]]}, "properties": {"centerlineid": 10141520, "roadclass": "LOCAL", "fullname": "CAPITOL ST", "fromleft": 3301, "toleft": 3399, "fromright": 3300, "toright": 3398, "onewaydir": " "}}, {"type": "Feature", "geometry": {"type": "LineString", "coordinates": [[-95.3378060834878, 29.736859649589], [-95.3366768376334, 29.7365221719869], [-95.3358834900475, 29.7362876073994]]}, "properties": {"centerlineid": 10139363, "roadclass": "MAJOR", "fullname": "LEELAND ST", "fromleft": 4301, "toleft": 4399, "fromright": 4300, "toright": 4398, "onewaydir": " "}}, {"type": "Feature", "geometry": {"type": "LineString", "coordinates": [[-95.3258736094812, 29.7536006211146], [-95.324729286207, 29.7550595867304]]}, "properties": {"centerlineid": 10141595, "roadclass": "LOCAL", "fullname": "N EASTWOOD ST", "fromleft": 601, "toleft": 799, "fromright": 600, "toright": 798, "onewaydir": " "}}, {"type": "Feature", "geometry": {"type": "LineString", "coordinates": [[-95.3325722669456, 29.7407584430839], [-95.3328851076842, 29.7400125276527]]}, "properties": {"centerlineid": 10141642, "roadclass": "LOCAL", "fullname": "FASHION ST", "fromleft": 1001, "toleft": 1099, "fromright": 1000, "toright": 1098, "onewaydir": " "}}, {"type": "Feature", "geometry": {"type": "LineString", "coordinates": [[-95.3355859601939, 29.7540202486001], [-95.3347928418494, 29.7535303973396]]}, "properties": {"centerlineid": 10141649, "roadclass": "LOCAL", "fullname": "ENGELKE ST", "fromleft": 3501, "toleft": 3599, "fromright": 3500, "toright": 3598, "onewaydir": " "}}, {"type": "Feature", "geometry": {"type": "LineString", "coordinates": [[-95.3383249438986, 29.7433141866523], [-95.3387979577737, 29.7427191208377]]}, "properties": {"centerlineid": 10141685, "roadclass": "LOCAL", "fullname": "ST AUGUSTINE ST", "fromleft": 901, "toleft": 999, "fromright": 900, "toright": 998, "onewaydir": " "}}, {"type": "Feature", "geometry": {"type": "LineString", "coordinates": [[-95.3393624114243, 29.7436327184982], [-95.3395913173779, 29.7433486529157], [-95.3398279252159, 29.7430415380586]]}, "properties": {"centerlineid": 10141738, "roadclass": "LOCAL", "fullname": "ST JOSEPH ST", "fromleft": 901, "toleft": 999, "fromright": 900, "toright": 998, "onewaydir": " "}}, {"type": "Feature", "geometry": {"type": "LineString", "coordinates": [[-95.3216241240798, 29.741624362637], [-95.3214333702381, 29.7415748391812]]}, "properties": {"centerlineid": 10141819, "roadclass": "MAJOR", "fullname": "HARRISBURG BLVD", "fromleft": 5401, "toleft": 5403, "fromright": 5400, "toright": 5402, "onewaydir": " "}}, {"type": "Feature", "geometry": {"type": "LineString", "coordinates": [[-95.320426192221, 29.7402854147725], [-95.3195413687969, 29.7400068381073]]}, "properties": {"centerlineid": 10141926, "roadclass": "LOCAL", "fullname": "TEXAS ST", "fromleft": 5601, "toleft": 5699, "fromright": 5600, "toright": 5698, "onewaydir": " "}}, {"type": "Feature", "geometry": {"type": "LineString", "coordinates": [[-95.3108055262092, 29.7406705963682], [-95.3095011141337, 29.7402356790777], [-95.3093865542606, 29.740197587032]]}, "properties": {"centerlineid": 10141935, "roadclass": "LOCAL", "fullname": "SHERMAN ST", "fromleft": 6501, "toleft": 6599, "fromright": 6500, "toright": 6598, "onewaydir": " "}}, {"type": "Feature", "geometry": {"type": "LineString", "coordinates": [[-95.3128654663321, 29.7465033665533], [-95.3125832328046, 29.7464862502087], [-95.3118813694674, 29.7464232498563]]}, "properties": {"centerlineid": 10141953, "roadclass": "LOCAL", "fullname": "ESPERSON ST", "fromleft": 6017, "toleft": 6029, "fromright": 6016, "toright": 6028, "onewaydir": " "}}, {"type": "Feature", "geometry": {"type": "LineString", "coordinates": [[-95.3183206085778, 29.7466272438618], [-95.3174355603248, 29.7463564201531], [-95.3173516001184, 29.7462840541722]]}, "properties": {"centerlineid": 10141957, "roadclass": "LOCAL", "fullname": "AVENUE I", "fromleft": 5501, "toleft": 5599, "fromright": 5500, "toright": 5598, "onewaydir": " "}}, {"type": "Feature", "geometry": {"type": "LineString", "coordinates": [[-95.3136590651262, 29.7478383749267], [-95.3130487098334, 29.7478479558448]]}, "properties": {"centerlineid": 10141984, "roadclass": "MAJOR", "fullname": "NAVIGATION BLVD", "fromleft": 6001, "toleft": 6019, "fromright": 6000, "toright": 6018, "onewaydir": " "}}, {"type": "Feature", "geometry": {"type": "LineString", "coordinates": [[-95.3167565269179, 29.7425838095389], [-95.315856387931, 29.7422994844925]]}, "properties": {"centerlineid": 10142011, "roadclass": "LOCAL", "fullname": "SHERMAN ST", "fromleft": 5801, "toleft": 5899, "fromright": 5800, "toright": 5898, "onewaydir": " "}}, {"type": "Feature", "geometry": {"type": "LineString", "coordinates": [[-95.3449699910719, 29.7509246207083], [-95.344436088459, 29.7503847726287], [-95.3440698701573, 29.7500377101396], [-95.343932490976, 29.7499232021239]]}, "properties": {"centerlineid": 10139799, "roadclass": "MAJOR", "fullname": "HARRISBURG BLVD", "fromleft": 3001, "toleft": 3099, "fromright": 3000, "toright": 3098, "onewaydir": " "}}, {"type": "Feature", "geometry": {"type": "LineString", "coordinates": [[-95.3103555896476, 29.7417788368941], [-95.3102563350464, 29.7420382362385]]}, "properties": {"centerlineid": 10142053, "roadclass": "LOCAL", "fullname": "65TH ST", "fromleft": 507, "toleft": 599, "fromright": 506, "toright": 598, "onewaydir": " "}}, {"type": "Feature", "geometry": {"type": "LineString", "coordinates": [[-95.3213724289252, 29.7502875876804], [-95.3209909540119, 29.7511610081857]]}, "properties": {"centerlineid": 10142125, "roadclass": "LOCAL", "fullname": "N ADAMS ST", "fromleft": 501, "toleft": 599, "fromright": 500, "toright": 598, "onewaydir": " "}}, {"type": "Feature", "geometry": {"type": "LineString", "coordinates": [[-95.3529352374312, 29.7497285543387], [-95.3520654406905, 29.7492174596752]]}, "properties": {"centerlineid": 10139922, "roadclass": "MAJOR", "fullname": "MCKINNEY ST", "fromleft": 2401, "toleft": 2499, "fromright": 2400, "toright": 2498, "onewaydir": " "}}, {"type": "Feature", "geometry": {"type": "LineString", "coordinates": [[-95.3518822308735, 29.7558093584321], [-95.3510507573392, 29.7553075838779], [-95.3510384545032, 29.7552923159315], [-95.3510277337889, 29.7552790928055]]}, "properties": {"centerlineid": 10139934, "roadclass": "LOCAL", "fullname": "PRESTON ST", "fromleft": 2101, "toleft": 2199, "fromright": 2100, "toright": 2198, "onewaydir": "FT"}}, {"type": "Feature", "geometry": {"type": "LineString", "coordinates": [[-95.3501885449306, 29.7547964992308], [-95.3493340191515, 29.7542794324136]]}, "properties": {"centerlineid": 10139951, "roadclass": "LOCAL", "fullname": "PRESTON ST", "fromleft": 2301, "toleft": 2399, "fromright": 2300, "toright": 2398, "onewaydir": "FT"}}, {"type": "Feature", "geometry": {"type": "LineString", "coordinates": [[-95.3265764987313, 29.7431491197178], [-95.3255685236097, 29.7428487199148]]}, "properties": {"centerlineid": 10141425, "roadclass": "MAJOR", "fullname": "HARRISBURG BLVD", "fromleft": 4901, "toleft": 4999, "fromright": 4900, "toright": 4998, "onewaydir": " "}}, {"type": "Feature", "geometry": {"type": "LineString", "coordinates": [[-95.3449699910719, 29.7509246207083], [-95.345472811791, 29.7505139880334]]}, "properties": {"centerlineid": 1090301, "roadclass": "LOCAL", "fullname": "MIDDLETON ST", "fromleft": 501, "toleft": 599, "fromright": 500, "toright": 598, "onewaydir": " "}}, {"type": "Feature", "geometry": {"type": "LineString", "coordinates": [[-95.3084558210693, 29.7616019690764], [-95.3077462185882, 29.7613920197974]]}, "properties": {"centerlineid": 10142227, "roadclass": "MAJOR", "fullname": "CLINTON DR", "fromleft": 5801, "toleft": 5805, "fromright": 5800, "toright": 5804, "onewaydir": " "}}, {"type": "Feature", "geometry": {"type": "LineString", "coordinates": [[-95.3063425177728, 29.7691989215121], [-95.3063577830479, 29.7675832516555], [-95.3063728624264, 29.7673906629592]]}, "properties": {"centerlineid": 10142249, "roadclass": "LOCAL", "fullname": "HENKE ST", "fromleft": 1101, "toleft": 1199, "fromright": 1100, "toright": 1198, "onewaydir": " "}}, {"type": "Feature", "geometry": {"type": "LineString", "coordinates": [[-95.3529352374312, 29.7497285543387], [-95.3535225825184, 29.7489637372744]]}, "properties": {"centerlineid": 10140024, "roadclass": "MAJOR", "fullname": "EMANCIPATION AVE", "fromleft": 1001, "toleft": 1099, "fromright": 1000, "toright": 1098, "onewaydir": " "}}, {"type": "Feature", "geometry": {"type": "LineString", "coordinates": [[-95.3039308373736, 29.7521083166257], [-95.3037915109775, 29.7520699138979], [-95.3037003396402, 29.7520790301366], [-95.3024056402884, 29.7516879183992]]}, "properties": {"centerlineid": 10142593, "roadclass": "LOCAL", "fullname": "AVENUE V", "fromleft": 6601, "toleft": 6699, "fromright": 6600, "toright": 6698, "onewaydir": " "}}, {"type": "Feature", "geometry": {"type": "LineString", "coordinates": [[-95.3447564422748, 29.7576554769112], [-95.3442681158395, 29.7582544243808], [-95.3442375897112, 29.7582925272284]]}, "properties": {"centerlineid": 10140283, "roadclass": "LOCAL", "fullname": "N ST CHARLES ST", "fromleft": 201, "toleft": 249, "fromright": 200, "toright": 248, "onewaydir": " "}}, {"type": "Feature", "geometry": {"type": "LineString", "coordinates": [[-95.34577111187, 29.7574973604755], [-95.3451760275638, 29.7571254537128]]}, "properties": {"centerlineid": 10140340, "roadclass": "MAJOR", "fullname": "CANAL ST", "fromleft": 2411, "toleft": 2499, "fromright": 2410, "toright": 2498, "onewaydir": " "}}, {"type": "Feature", "geometry": {"type": "LineString", "coordinates": [[-95.3515312914217, 29.7578272829165], [-95.350722663808, 29.7573332931274]]}, "properties": {"centerlineid": 10140392, "roadclass": "LOCAL", "fullname": "FRANKLIN ST", "fromleft": 2001, "toleft": 2099, "fromright": 2000, "toright": 2098, "onewaydir": " "}}, {"type": "Feature", "geometry": {"type": "LineString", "coordinates": [[-95.3048698995376, 29.7457670526788], [-95.3029016667274, 29.7451128499735]]}, "properties": {"centerlineid": 10142650, "roadclass": "MAJOR", "fullname": "NAVIGATION BLVD", "fromleft": 6701, "toleft": 6799, "fromright": 6700, "toright": 6798, "onewaydir": " "}}, {"type": "Feature", "geometry": {"type": "LineString", "coordinates": [[-95.306281344052, 29.7423489943574], [-95.3042978803579, 29.7417254151755]]}, "properties": {"centerlineid": 10142731, "roadclass": "LOCAL", "fullname": "AVENUE H", "fromleft": 6701, "toleft": 6799, "fromright": 6700, "toright": 6798, "onewaydir": " "}}, {"type": "Feature", "geometry": {"type": "LineString", "coordinates": [[-95.3037484358973, 29.74304152826], [-95.3034736842794, 29.7437127926329]]}, "properties": {"centerlineid": 10142823, "roadclass": "MAJOR", "fullname": "WAYSIDE DR", "fromleft": 1001, "toleft": 1099, "fromright": 1000, "toright": 1098, "onewaydir": "TF"}}, {"type": "Feature", "geometry": {"type": "LineString", "coordinates": [[-95.3412697484158, 29.7590651251096], [-95.3408272974804, 29.75962391196]]}, "properties": {"centerlineid": 10140808, "roadclass": "LOCAL", "fullname": "N NAGLE ST", "fromleft": 501, "toleft": 599, "fromright": 500, "toright": 598, "onewaydir": " "}}, {"type": "Feature", "geometry": {"type": "LineString", "coordinates": [[-95.349593422939, 29.7345213193502], [-95.3498756958196, 29.7339091553854]]}, "properties": {"centerlineid": 10138658, "roadclass": "LOCAL", "fullname": "CANFIELD ST", "fromleft": 2401, "toleft": 2499, "fromright": 2400, "toright": 2498, "onewaydir": " "}}, {"type": "Feature", "geometry": {"type": "LineString", "coordinates": [[-95.3338157992178, 29.7687124937977], [-95.3330149195384, 29.7687296088416]]}, "properties": {"centerlineid": 10140891, "roadclass": "LOCAL", "fullname": "NANCE ST", "fromleft": 3601, "toleft": 3699, "fromright": 3600, "toright": 3698, "onewaydir": " "}}, {"type": "Feature", "geometry": {"type": "LineString", "coordinates": [[-95.336562521589, 29.7680238344011], [-95.3357080208675, 29.7680391271069]]}, "properties": {"centerlineid": 10140909, "roadclass": "LOCAL", "fullname": "BAER ST", "fromleft": 3301, "toleft": 3399, "fromright": 3300, "toright": 3398, "onewaydir": " "}}, {"type": "Feature", "geometry": {"type": "LineString", "coordinates": [[-95.3333141205251, 29.7698004946934], [-95.3326637674126, 29.7701219091016], [-95.3322290893882, 29.7703432060236], [-95.3316246677118, 29.770685105799]]}, "properties": {"centerlineid": 10140934, "roadclass": "RAMP", "fullname": "EAST FWY", "fromleft": 0, "toleft": 0, "fromright": 3610, "toright": 3898, "onewaydir": "FT"}}, {"type": "Feature", "geometry": {"type": "LineString", "coordinates": [[-95.3482125396154, 29.7366022586407], [-95.3478541123194, 29.7363542683419], [-95.3476480324586, 29.7362132352291]]}, "properties": {"centerlineid": 10138830, "roadclass": "FRONTAGE", "fullname": "GULF FWY", "fromleft": 3451, "toleft": 3475, "fromright": 0, "toright": 0, "onewaydir": "FT"}}, {"type": "Feature", "geometry": {"type": "LineString", "coordinates": [[-95.3397667577558, 29.7565055013791], [-95.3397897972298, 29.7565454366294], [-95.339789821983, 29.7566027024245], [-95.3397286723226, 29.756669552654], [-95.339362454542, 29.7571215652214]]}, "properties": {"centerlineid": 10140968, "roadclass": "LOCAL", "fullname": "N ENNIS ST", "fromleft": 301, "toleft": 399, "fromright": 300, "toright": 398, "onewaydir": " "}}, {"type": "Feature", "geometry": {"type": "LineString", "coordinates": [[-95.3356621789483, 29.7660440242754], [-95.3356699405361, 29.7666888353312]]}, "properties": {"centerlineid": 10141054, "roadclass": "LOCAL", "fullname": "GREGG ST", "fromleft": 401, "toleft": 499, "fromright": 400, "toright": 498, "onewaydir": " "}}, {"type": "Feature", "geometry": {"type": "LineString", "coordinates": [[-95.3347161782775, 29.7680334479173], [-95.3347314613126, 29.7683633987016], [-95.3347314757683, 29.76869534881]]}, "properties": {"centerlineid": 10141075, "roadclass": "LOCAL", "fullname": "CAGE ST", "fromleft": 701, "toleft": 799, "fromright": 700, "toright": 798, "onewaydir": " "}}, {"type": "Feature", "geometry": {"type": "LineString", "coordinates": [[-95.3379662450204, 29.7649569944017], [-95.3379739981755, 29.7659602713754], [-95.3379662423181, 29.7660307667406]]}, "properties": {"centerlineid": 10141078, "roadclass": "LOCAL", "fullname": "PLAZA DEL SOL PARK", "fromleft": 201, "toleft": 399, "fromright": 200, "toright": 398, "onewaydir": " "}}, {"type": "Feature", "geometry": {"type": "LineString", "coordinates": [[-95.3374704605622, 29.764741370589], [-95.3374779893608, 29.765376591819]]}, "properties": {"centerlineid": 10141095, "roadclass": "LOCAL", "fullname": "BAYOU ST", "fromleft": 201, "toleft": 299, "fromright": 200, "toright": 298, "onewaydir": " "}}, {"type": "Feature", "geometry": {"type": "LineString", "coordinates": [[-95.3385079404085, 29.768878367126], [-95.3365700439332, 29.7690138936477], [-95.3362113465393, 29.7690844149913], [-95.3357303450709, 29.7692391868315], [-95.3357233348837, 29.7692414967501], [-95.3347776809388, 29.769553117479], [-95.3316246677118, 29.770685105799]]}, "properties": {"centerlineid": 10141132, "roadclass": "HIGHWAY", "fullname": "E IH 10", "fromleft": 0, "toleft": 0, "fromright": 3100, "toright": 3898, "onewaydir": "FT"}}, {"type": "Feature", "geometry": {"type": "LineString", "coordinates": [[-95.3285972542938, 29.7435030932412], [-95.3282616291326, 29.7434515627696]]}, "properties": {"centerlineid": 10141206, "roadclass": "MAJOR", "fullname": "HARRISBURG BLVD", "fromleft": 4701, "toleft": 4703, "fromright": 4700, "toright": 4702, "onewaydir": " "}}, {"type": "Feature", "geometry": {"type": "LineString", "coordinates": [[-95.3368294806861, 29.7393241412077], [-95.3349069173525, 29.7387441322307]]}, "properties": {"centerlineid": 10139114, "roadclass": "MAJOR", "fullname": "POLK ST", "fromleft": 4301, "toleft": 4399, "fromright": 4300, "toright": 4398, "onewaydir": " "}}, {"type": "Feature", "geometry": {"type": "LineString", "coordinates": [[-95.3439019279053, 29.7373956481405], [-95.344184175529, 29.7367318611952]]}, "properties": {"centerlineid": 10139119, "roadclass": "LOCAL", "fullname": "MILBY ST", "fromleft": 1701, "toleft": 1799, "fromright": 1700, "toright": 1798, "onewaydir": " "}}, {"type": "Feature", "geometry": {"type": "LineString", "coordinates": [[-95.3331673492235, 29.754378697797], [-95.3324414517855, 29.7541384620077]]}, "properties": {"centerlineid": 10141324, "roadclass": "MAJOR", "fullname": "NAVIGATION BLVD", "fromleft": 3701, "toleft": 3799, "fromright": 3700, "toright": 3798, "onewaydir": " "}}, {"type": "Feature", "geometry": {"type": "LineString", "coordinates": [[-95.3271707438314, 29.7469781704481], [-95.3275978907733, 29.7459787587563]]}, "properties": {"centerlineid": 10141374, "roadclass": "MAJOR", "fullname": "S LOCKWOOD DR", "fromleft": 101, "toleft": 199, "fromright": 100, "toright": 198, "onewaydir": " "}}, {"type": "Feature", "geometry": {"type": "LineString", "coordinates": [[-95.3401710570503, 29.7558627354565], [-95.3394005424362, 29.7554257683401]]}, "properties": {"centerlineid": 10141400, "roadclass": "MAJOR", "fullname": "NAVIGATION BLVD", "fromleft": 3001, "toleft": 3099, "fromright": 3000, "toright": 3098, "onewaydir": " "}}, {"type": "Feature", "geometry": {"type": "LineString", "coordinates": [[-95.3329690467979, 29.7354330972222], [-95.3327402192647, 29.7353605449908], [-95.3324807551413, 29.7353128774114], [-95.3321679583042, 29.7352690524993], [-95.3318245349969, 29.735242344226]]}, "properties": {"centerlineid": 10139270, "roadclass": "MAJOR", "fullname": "LEELAND ST", "fromleft": 4551, "toleft": 4699, "fromright": 4550, "toright": 4698, "onewaydir": " "}}, {"type": "Feature", "geometry": {"type": "LineString", "coordinates": [[-95.3348329625941, 29.7549418252459], [-95.3339303571978, 29.7546171409259]]}, "properties": {"centerlineid": 10141410, "roadclass": "MAJOR", "fullname": "NAVIGATION BLVD", "fromleft": 3501, "toleft": 3599, "fromright": 3500, "toright": 3598, "onewaydir": " "}}, {"type": "Feature", "geometry": {"type": "LineString", "coordinates": [[-95.328122454211, 29.7535086463222], [-95.3277657915811, 29.7538981570761], [-95.3275673311042, 29.7541345646663]]}, "properties": {"centerlineid": 10141464, "roadclass": "LOCAL", "fullname": "N SIDNEY ST", "fromleft": 521, "toleft": 599, "fromright": 520, "toright": 598, "onewaydir": " "}}, {"type": "Feature", "geometry": {"type": "LineString", "coordinates": [[-95.3282616291326, 29.7434515627696], [-95.3281395821018, 29.7434287272054], [-95.327559762392, 29.7433312871571]]}, "properties": {"centerlineid": 10141472, "roadclass": "MAJOR", "fullname": "HARRISBURG BLVD", "fromleft": 4705, "toleft": 4799, "fromright": 4704, "toright": 4798, "onewaydir": " "}}, {"type": "Feature", "geometry": {"type": "LineString", "coordinates": [[-95.3394997764347, 29.7382692960266], [-95.3374932764432, 29.7376742389507]]}, "properties": {"centerlineid": 10139294, "roadclass": "LOCAL", "fullname": "BELL ST", "fromleft": 4101, "toleft": 4299, "fromright": 4100, "toright": 4298, "onewaydir": " "}}, {"type": "Feature", "geometry": {"type": "LineString", "coordinates": [[-95.3355628922594, 29.7371019785357], [-95.3357842433463, 29.736535440338], [-95.3358834900475, 29.7362876073994]]}, "properties": {"centerlineid": 10139364, "roadclass": "LOCAL", "fullname": "EASTWOOD ST", "fromleft": 1501, "toleft": 1599, "fromright": 1500, "toright": 1598, "onewaydir": " "}}, {"type": "Feature", "geometry": {"type": "LineString", "coordinates": [[-95.3317979129051, 29.7549525625259], [-95.3299934404988, 29.7539134655835]]}, "properties": {"centerlineid": 10141576, "roadclass": "LOCAL", "fullname": "FOX ST", "fromleft": 3801, "toleft": 3999, "fromright": 3800, "toright": 3998, "onewaydir": " "}}, {"type": "Feature", "geometry": {"type": "LineString", "coordinates": [[-95.3320686786463, 29.7496064723885], [-95.3324960580486, 29.7485728609746]]}, "properties": {"centerlineid": 10141592, "roadclass": "LOCAL", "fullname": "ESTELLE ST", "fromleft": 1, "toleft": 99, "fromright": 2, "toright": 98, "onewaydir": " "}}, {"type": "Feature", "geometry": {"type": "LineString", "coordinates": [[-95.3355859768427, 29.7512755884372], [-95.3353571161031, 29.7511361473675], [-95.3351586071714, 29.7510065608912], [-95.3349678346495, 29.750863463501]]}, "properties": {"centerlineid": 10141598, "roadclass": "MAJOR", "fullname": "CANAL ST", "fromleft": 3701, "toleft": 3799, "fromright": 3700, "toright": 3798, "onewaydir": " "}}, {"type": "Feature", "geometry": {"type": "LineString", "coordinates": [[-95.3389581240239, 29.7513727514127], [-95.3380807724504, 29.7508730809915]]}, "properties": {"centerlineid": 10141599, "roadclass": "LOCAL", "fullname": "COMMERCE ST", "fromleft": 3401, "toleft": 3499, "fromright": 3400, "toright": 3498, "onewaydir": " "}}, {"type": "Feature", "geometry": {"type": "LineString", "coordinates": [[-95.3441079743641, 29.7432932127648], [-95.3437570317919, 29.7430739318643]]}, "properties": {"centerlineid": 10141613, "roadclass": "LOCAL", "fullname": "LAMAR ST", "fromleft": 3501, "toleft": 3799, "fromright": 3500, "toright": 3798, "onewaydir": " "}}, {"type": "Feature", "geometry": {"type": "LineString", "coordinates": [[-95.3286965513223, 29.7499384977711], [-95.3285550748999, 29.7499190842906], [-95.3285438840596, 29.7499174743474], [-95.32799468396, 29.7497458897876]]}, "properties": {"centerlineid": 10141618, "roadclass": "LOCAL", "fullname": "SCHROEDER ST", "fromleft": 4401, "toleft": 4499, "fromright": 4400, "toright": 4498, "onewaydir": " "}}, {"type": "Feature", "geometry": {"type": "LineString", "coordinates": [[-95.3369210153151, 29.7539495293909], [-95.33665403638, 29.7542700906255], [-95.3365244535353, 29.7544225222334], [-95.3364404702434, 29.7545046568401]]}, "properties": {"centerlineid": 10141622, "roadclass": "MAJOR", "fullname": "N SAMPSON ST", "fromleft": 223, "toleft": 299, "fromright": 222, "toright": 298, "onewaydir": "FT"}}, {"type": "Feature", "geometry": {"type": "LineString", "coordinates": [[-95.3410255814386, 29.7503503362694], [-95.3401710734136, 29.7498335335682]]}, "properties": {"centerlineid": 10141624, "roadclass": "LOCAL", "fullname": "GARROW ST", "fromleft": 3301, "toleft": 3399, "fromright": 3300, "toright": 3398, "onewaydir": " "}}, {"type": "Feature", "geometry": {"type": "LineString", "coordinates": [[-95.3255760367186, 29.740773696141], [-95.3259347487408, 29.7403274215161]]}, "properties": {"centerlineid": 10141661, "roadclass": "LOCAL", "fullname": "DUMBLE ST", "fromleft": 601, "toleft": 615, "fromright": 600, "toright": 614, "onewaydir": " "}}, {"type": "Feature", "geometry": {"type": "LineString", "coordinates": [[-95.3434213678954, 29.75410396827], [-95.3434517544444, 29.7540697693479], [-95.343946246176, 29.7534426276735], [-95.343953691979, 29.7534317698671], [-95.343959504044, 29.7534201774702], [-95.3439635890083, 29.7534080366999], [-95.3439658812527, 29.7533955425819], [-95.3439705852212, 29.7533526177339]]}, "properties": {"centerlineid": 10141691, "roadclass": "LOCAL", "fullname": "PAIGE ST", "fromleft": 101, "toleft": 199, "fromright": 100, "toright": 198, "onewaydir": " "}}, {"type": "Feature", "geometry": {"type": "LineString", "coordinates": [[-95.3430855378535, 29.7493529880874], [-95.3436958905874, 29.7485938658362]]}, "properties": {"centerlineid": 10141711, "roadclass": "LOCAL", "fullname": "VELASCO ST", "fromleft": 501, "toleft": 599, "fromright": 500, "toright": 598, "onewaydir": " "}}, {"type": "Feature", "geometry": {"type": "LineString", "coordinates": [[-95.3182672361523, 29.7415460602819], [-95.3186103905167, 29.7406972712538]]}, "properties": {"centerlineid": 10141817, "roadclass": "LOCAL", "fullname": "CLIFTON ST", "fromleft": 301, "toleft": 399, "fromright": 300, "toright": 398, "onewaydir": " "}}, {"type": "Feature", "geometry": {"type": "LineString", "coordinates": [[-95.3239893451732, 29.7510923557697], [-95.3228982030338, 29.7524942467419]]}, "properties": {"centerlineid": 10141870, "roadclass": "MAJOR", "fullname": "LOCKWOOD DR", "fromleft": 501, "toleft": 599, "fromright": 500, "toright": 598, "onewaydir": " "}}, {"type": "Feature", "geometry": {"type": "LineString", "coordinates": [[-95.3541710158089, 29.7449602342236], [-95.3533242975479, 29.7444338200383]]}, "properties": {"centerlineid": 10139618, "roadclass": "LOCAL", "fullname": "BELL ST", "fromleft": 2601, "toleft": 2699, "fromright": 2600, "toright": 2698, "onewaydir": " "}}, {"type": "Feature", "geometry": {"type": "LineString", "coordinates": [[-95.3481210514281, 29.7446284613802], [-95.3473885948596, 29.7441915062592]]}, "properties": {"centerlineid": 10139619, "roadclass": "LOCAL", "fullname": "DALLAS ST", "fromleft": 3101, "toleft": 3199, "fromright": 3100, "toright": 3198, "onewaydir": " "}}, {"type": "Feature", "geometry": {"type": "LineString", "coordinates": [[-95.3518822646715, 29.7446722726052], [-95.3510201817923, 29.7441495176753]]}, "properties": {"centerlineid": 10139620, "roadclass": "LOCAL", "fullname": "CLAY ST", "fromleft": 2801, "toleft": 2899, "fromright": 2800, "toright": 2898, "onewaydir": " "}}, {"type": "Feature", "geometry": {"type": "LineString", "coordinates": [[-95.3490670493807, 29.7529369081757], [-95.3485787825386, 29.7530589692324]]}, "properties": {"centerlineid": 10139662, "roadclass": "MAJOR", "fullname": "HARRISBURG BLVD", "fromleft": 2501, "toleft": 2505, "fromright": 2500, "toright": 2504, "onewaydir": "FT"}}, {"type": "Feature", "geometry": {"type": "LineString", "coordinates": [[-95.3168785809147, 29.7478824019934], [-95.3162148521784, 29.7477963774692], [-95.3154823862864, 29.7477907028983]]}, "properties": {"centerlineid": 10141987, "roadclass": "MAJOR", "fullname": "NAVIGATION BLVD", "fromleft": 5701, "toleft": 5799, "fromright": 5700, "toright": 5798, "onewaydir": " "}}, {"type": "Feature", "geometry": {"type": "LineString", "coordinates": [[-95.318755536715, 29.7454943782529], [-95.3178476080825, 29.7452196705945]]}, "properties": {"centerlineid": 10142009, "roadclass": "MAJOR", "fullname": "CANAL ST", "fromleft": 5501, "toleft": 5599, "fromright": 5500, "toright": 5598, "onewaydir": " "}}, {"type": "Feature", "geometry": {"type": "LineString", "coordinates": [[-95.3452522459284, 29.740813665737], [-95.3451379266192, 29.7408250590758], [-95.3450539634361, 29.7408193268464], [-95.3445503766152, 29.7406726389479]]}, "properties": {"centerlineid": 10139686, "roadclass": "LOCAL", "fullname": "DENVER ST", "fromleft": 3601, "toleft": 3699, "fromright": 3600, "toright": 3698, "onewaydir": " "}}, {"type": "Feature", "geometry": {"type": "LineString", "coordinates": [[-95.3498222951032, 29.7456527247975], [-95.3489755511461, 29.7451527966984]]}, "properties": {"centerlineid": 10139752, "roadclass": "LOCAL", "fullname": "DALLAS ST", "fromleft": 2901, "toleft": 2999, "fromright": 2900, "toright": 2998, "onewaydir": " "}}, {"type": "Feature", "geometry": {"type": "LineString", "coordinates": [[-95.3243783841463, 29.7394480495176], [-95.3248285634917, 29.7388835261621]]}, "properties": {"centerlineid": 10142062, "roadclass": "LOCAL", "fullname": "LENOX ST", "fromleft": 701, "toleft": 749, "fromright": 700, "toright": 748, "onewaydir": " "}}, {"type": "Feature", "geometry": {"type": "LineString", "coordinates": [[-95.320426192221, 29.7402854147725], [-95.3209831776615, 29.7395224121941]]}, "properties": {"centerlineid": 10142086, "roadclass": "LOCAL", "fullname": "LATHAM ST", "fromleft": 501, "toleft": 599, "fromright": 500, "toright": 598, "onewaydir": " "}}, {"type": "Feature", "geometry": {"type": "LineString", "coordinates": [[-95.3154596030465, 29.7458414194093], [-95.3154290060019, 29.7462133305588], [-95.3154824036654, 29.7477621867837], [-95.3154823862864, 29.7477907028983]]}, "properties": {"centerlineid": 10142088, "roadclass": "LOCAL", "fullname": "NORWOOD ST", "fromleft": 201, "toleft": 299, "fromright": 200, "toright": 298, "onewaydir": " "}}, {"type": "Feature", "geometry": {"type": "LineString", "coordinates": [[-95.3244470503433, 29.7472604103501], [-95.3242868524577, 29.7476305339805], [-95.3241648126962, 29.7479091339529]]}, "properties": {"centerlineid": 10142105, "roadclass": "LOCAL", "fullname": "N STILES ST", "fromleft": 101, "toleft": 199, "fromright": 100, "toright": 198, "onewaydir": " "}}, {"type": "Feature", "geometry": {"type": "LineString", "coordinates": [[-95.3211282698575, 29.7471269431316], [-95.3208763633062, 29.7476820598271], [-95.3207314995017, 29.7480138496188]]}, "properties": {"centerlineid": 10142107, "roadclass": "LOCAL", "fullname": "ENGEL ST", "fromleft": 201, "toleft": 299, "fromright": 200, "toright": 298, "onewaydir": " "}}, {"type": "Feature", "geometry": {"type": "LineString", "coordinates": [[-95.3503564435991, 29.7481721779156], [-95.3495094798295, 29.747655406042]]}, "properties": {"centerlineid": 10139880, "roadclass": "MAJOR", "fullname": "MCKINNEY ST", "fromleft": 2701, "toleft": 2799, "fromright": 2700, "toright": 2798, "onewaydir": " "}}, {"type": "Feature", "geometry": {"type": "LineString", "coordinates": [[-95.3478082247297, 29.7539152961196], [-95.3477623688921, 29.7537875158233], [-95.3475378102698, 29.7532753858932], [-95.3475040338756, 29.7532251641584], [-95.3474918484411, 29.7532077087327], [-95.3474782831888, 29.7531910462472], [-95.3474634056091, 29.7531752596007], [-95.3474472897215, 29.7531604273352], [-95.3474300157062, 29.7531466232438], [-95.3474116695051, 29.7531339160046], [-95.3473923423945, 29.7531223688386], [-95.3473721305304, 29.753112039195], [-95.3473350235073, 29.7530945645989]]}, "properties": {"centerlineid": 10139965, "roadclass": "LOCAL", "fullname": "ST CHARLES ST", "fromleft": 301, "toleft": 499, "fromright": 300, "toright": 498, "onewaydir": " "}}, {"type": "Feature", "geometry": {"type": "LineString", "coordinates": [[-95.3525519033787, 29.7419746416809], [-95.3518441377227, 29.7415613667491]]}, "properties": {"centerlineid": 10139977, "roadclass": "LOCAL", "fullname": "PEASE ST", "fromleft": 2901, "toleft": 2999, "fromright": 2900, "toright": 2998, "onewaydir": " "}}, {"type": "Feature", "geometry": {"type": "LineString", "coordinates": [[-95.3452372088872, 29.7450726844435], [-95.3450920477781, 29.7449850844791], [-95.3443521144876, 29.74455772432]]}, "properties": {"centerlineid": 10139980, "roadclass": "MAJOR", "fullname": "MCKINNEY ST", "fromleft": 3301, "toleft": 3399, "fromright": 3300, "toright": 3398, "onewaydir": " "}}, {"type": "Feature", "geometry": {"type": "LineString", "coordinates": [[-95.3117668414495, 29.7343839822497], [-95.3124839864619, 29.732585312135]]}, "properties": {"centerlineid": 10143477, "roadclass": "LOCAL", "fullname": "S 66TH ST", "fromleft": 401, "toleft": 499, "fromright": 400, "toright": 498, "onewaydir": " "}}, {"type": "Feature", "geometry": {"type": "LineString", "coordinates": [[-95.3189070893428, 29.7338955724259], [-95.3185069442956, 29.7337823473209], [-95.3169549980545, 29.7332967271478]]}, "properties": {"centerlineid": 10143482, "roadclass": "MAJOR", "fullname": "POLK ST", "fromleft": 5401, "toleft": 5589, "fromright": 5400, "toright": 5588, "onewaydir": " "}}, {"type": "Feature", "geometry": {"type": "LineString", "coordinates": [[-95.301803030048, 29.7370047461658], [-95.2995445808391, 29.7362876295568], [-95.2994911996199, 29.7362075385492]]}, "properties": {"centerlineid": 10143540, "roadclass": "LOCAL", "fullname": "AVENUE C", "fromleft": 7001, "toleft": 7099, "fromright": 7000, "toright": 7098, "onewaydir": " "}}, {"type": "Feature", "geometry": {"type": "LineString", "coordinates": [[-95.3043053897354, 29.7363409953808], [-95.3028786010725, 29.7359022622847]]}, "properties": {"centerlineid": 10143548, "roadclass": "MAJOR", "fullname": "HARRISBURG BLVD", "fromleft": 6901, "toleft": 6935, "fromright": 6900, "toright": 6934, "onewaydir": " "}}, {"type": "Feature", "geometry": {"type": "LineString", "coordinates": [[-95.3067924790156, 29.7356829646311], [-95.3048698991327, 29.7350993079617]]}, "properties": {"centerlineid": 10143564, "roadclass": "LOCAL", "fullname": "CAPITOL ST", "fromleft": 6801, "toleft": 6899, "fromright": 6800, "toright": 6898, "onewaydir": " "}}, {"type": "Feature", "geometry": {"type": "LineString", "coordinates": [[-95.3503564435991, 29.7481721779156], [-95.3509515077982, 29.7474169315064]]}, "properties": {"centerlineid": 10140057, "roadclass": "LOCAL", "fullname": "NAGLE ST", "fromleft": 1001, "toleft": 1099, "fromright": 1000, "toright": 1098, "onewaydir": " "}}, {"type": "Feature", "geometry": {"type": "LineString", "coordinates": [[-95.3506845462695, 29.7461620007494], [-95.3512871513735, 29.7454161228971]]}, "properties": {"centerlineid": 10140059, "roadclass": "LOCAL", "fullname": "DELANO ST", "fromleft": 1201, "toleft": 1299, "fromright": 1200, "toright": 1298, "onewaydir": " "}}, {"type": "Feature", "geometry": {"type": "LineString", "coordinates": [[-95.347960873572, 29.7512029955412], [-95.3485406425841, 29.7504858608355], [-95.3485940726409, 29.7504228889662]]}, "properties": {"centerlineid": 10140066, "roadclass": "LOCAL", "fullname": "NAGLE ST", "fromleft": 601, "toleft": 699, "fromright": 600, "toright": 698, "onewaydir": " "}}, {"type": "Feature", "geometry": {"type": "LineString", "coordinates": [[-95.3043359750613, 29.7616382410125], [-95.3043206662856, 29.7601580701469]]}, "properties": {"centerlineid": 10142480, "roadclass": "LOCAL", "fullname": "GAZIN ST", "fromleft": 1501, "toleft": 1599, "fromright": 1500, "toright": 1598, "onewaydir": " "}}, {"type": "Feature", "geometry": {"type": "LineString", "coordinates": [[-95.3443215452294, 29.7663130074952], [-95.3430093296899, 29.7663283250632]]}, "properties": {"centerlineid": 10140254, "roadclass": "LOCAL", "fullname": "CLINE ST", "fromleft": 2601, "toleft": 2699, "fromright": 2600, "toright": 2698, "onewaydir": " "}}, {"type": "Feature", "geometry": {"type": "LineString", "coordinates": [[-95.3441919543019, 29.763003820381], [-95.3430017731002, 29.7630323765811]]}, "properties": {"centerlineid": 10140273, "roadclass": "LOCAL", "fullname": "FOOTE ST", "fromleft": 2601, "toleft": 2799, "fromright": 2600, "toright": 2798, "onewaydir": " "}}, {"type": "Feature", "geometry": {"type": "LineString", "coordinates": [[-95.3538506803042, 29.7581284951714], [-95.3538201141597, 29.7581095699658], [-95.3529961968603, 29.757605966197]]}, "properties": {"centerlineid": 10140285, "roadclass": "LOCAL", "fullname": "CONGRESS ST", "fromleft": 1801, "toleft": 1899, "fromright": 1800, "toright": 1898, "onewaydir": "TF"}}, {"type": "Feature", "geometry": {"type": "LineString", "coordinates": [[-95.3015055098157, 29.748437327283], [-95.3000634300387, 29.7479910322539], [-95.2995142187624, 29.7478212811011]]}, "properties": {"centerlineid": 10142677, "roadclass": "LOCAL", "fullname": "AVENUE R", "fromleft": 6801, "toleft": 6899, "fromright": 6800, "toright": 6898, "onewaydir": " "}}, {"type": "Feature", "geometry": {"type": "LineString", "coordinates": [[-95.3045953995251, 29.7464328372935], [-95.3026116475917, 29.7458108572086]]}, "properties": {"centerlineid": 10142725, "roadclass": "LOCAL", "fullname": "AVENUE N", "fromleft": 6701, "toleft": 6799, "fromright": 6700, "toright": 6798, "onewaydir": " "}}, {"type": "Feature", "geometry": {"type": "LineString", "coordinates": [[-95.3463052659677, 29.7609667156666], [-95.3462288060885, 29.7609475607595], [-95.3460365457447, 29.7608308742887], [-95.3458017095161, 29.7606883443974]]}, "properties": {"centerlineid": 10140489, "roadclass": "LOCAL", "fullname": "ANN ST", "fromleft": 2101, "toleft": 2199, "fromright": 2100, "toright": 2198, "onewaydir": " "}}, {"type": "Feature", "geometry": {"type": "LineString", "coordinates": [[-95.3009254715445, 29.739087536273], [-95.3006357025165, 29.7397875500942]]}, "properties": {"centerlineid": 10142812, "roadclass": "LOCAL", "fullname": "70TH ST", "fromleft": 601, "toleft": 699, "fromright": 600, "toright": 698, "onewaydir": " "}}, {"type": "Feature", "geometry": {"type": "LineString", "coordinates": [[-95.35073798216, 29.7355741345176], [-95.3509653142854, 29.7349384571763]]}, "properties": {"centerlineid": 10138546, "roadclass": "LOCAL", "fullname": "SAMPSON ST", "fromleft": 2301, "toleft": 2399, "fromright": 2300, "toright": 2398, "onewaydir": " "}}, {"type": "Feature", "geometry": {"type": "LineString", "coordinates": [[-95.3492500741686, 29.7383628250958], [-95.3492578323968, 29.7383187983981], [-95.3492425288151, 29.7382920980071], [-95.3492119615219, 29.7382749836079], [-95.3489831062044, 29.7381967368877], [-95.3483421339947, 29.7380002660503], [-95.3481057911148, 29.7379183710044], [-95.347953095501, 29.7378478720733], [-95.3478004929526, 29.737800172163], [-95.3473886209025, 29.7376780885408]]}, "properties": {"centerlineid": 10138671, "roadclass": "LOCAL", "fullname": "COYLE ST", "fromleft": 3401, "toleft": 3499, "fromright": 3400, "toright": 3498, "onewaydir": " "}}, {"type": "Feature", "geometry": {"type": "LineString", "coordinates": [[-95.3458931550134, 29.73722585264], [-95.3462212772251, 29.7363791025914], [-95.3465569209842, 29.7355245994784]]}, "properties": {"centerlineid": 10138675, "roadclass": "LOCAL", "fullname": "EDMUNDSON ST", "fromleft": 1901, "toleft": 1999, "fromright": 1900, "toright": 1998, "onewaydir": " "}}, {"type": "Feature", "geometry": {"type": "LineString", "coordinates": [[-95.3389428107366, 29.7560094368988], [-95.3384011273359, 29.7556909198678]]}, "properties": {"centerlineid": 10140869, "roadclass": "LOCAL", "fullname": "ENGELKE ST", "fromleft": 3101, "toleft": 3199, "fromright": 3100, "toright": 3198, "onewaydir": " "}}, {"type": "Feature", "geometry": {"type": "LineString", "coordinates": [[-95.3403771387451, 29.7602057438268], [-95.3398210337606, 29.7609009559649]]}, "properties": {"centerlineid": 10140940, "roadclass": "LOCAL", "fullname": "N NAGLE ST", "fromleft": 701, "toleft": 899, "fromright": 700, "toright": 898, "onewaydir": " "}}, {"type": "Feature", "geometry": {"type": "LineString", "coordinates": [[-95.3209679054794, 29.7337756578427], [-95.3191655108329, 29.7332203551033]]}, "properties": {"centerlineid": 10143363, "roadclass": "LOCAL", "fullname": "CLAY ST", "fromleft": 5301, "toleft": 5399, "fromright": 5300, "toright": 5398, "onewaydir": " "}}, {"type": "Feature", "geometry": {"type": "LineString", "coordinates": [[-95.3512415332013, 29.7373460952604], [-95.3502800300334, 29.73674349778]]}, "properties": {"centerlineid": 10138696, "roadclass": "FRONTAGE", "fullname": "GULF FWY", "fromleft": 0, "toleft": 0, "fromright": 3300, "toright": 3398, "onewaydir": "TF"}}, {"type": "Feature", "geometry": {"type": "LineString", "coordinates": [[-95.326499257042, 29.7654566817799], [-95.3265144983869, 29.7660268976905], [-95.3265185768202, 29.7661133924526]]}, "properties": {"centerlineid": 10141028, "roadclass": "LOCAL", "fullname": "WACO ST", "fromleft": 301, "toleft": 399, "fromright": 300, "toright": 398, "onewaydir": " "}}, {"type": "Feature", "geometry": {"type": "LineString", "coordinates": [[-95.3541863261557, 29.7344640926581], [-95.3532861738438, 29.7341914166885]]}, "properties": {"centerlineid": 10138867, "roadclass": "LOCAL", "fullname": "MCGOWEN ST", "fromleft": 3223, "toleft": 3299, "fromright": 3222, "toright": 3298, "onewaydir": " "}}, {"type": "Feature", "geometry": {"type": "LineString", "coordinates": [[-95.3272163964653, 29.7675202946838], [-95.3270867610091, 29.7679458238628]]}, "properties": {"centerlineid": 10141153, "roadclass": "MAJOR", "fullname": "HIRSCH RD", "fromleft": 601, "toleft": 699, "fromright": 600, "toright": 698, "onewaydir": " "}}, {"type": "Feature", "geometry": {"type": "LineString", "coordinates": [[-95.3385843872281, 29.7406210815686], [-95.3365875985403, 29.7399880053599]]}, "properties": {"centerlineid": 10141230, "roadclass": "LOCAL", "fullname": "DALLAS ST", "fromleft": 4101, "toleft": 4299, "fromright": 4100, "toright": 4298, "onewaydir": " "}}, {"type": "Feature", "geometry": {"type": "LineString", "coordinates": [[-95.3463280667941, 29.7380842532146], [-95.3465799990994, 29.7374301006468]]}, "properties": {"centerlineid": 10139010, "roadclass": "MAJOR", "fullname": "SCOTT ST", "fromleft": 1801, "toleft": 1899, "fromright": 1800, "toright": 1898, "onewaydir": " "}}, {"type": "Feature", "geometry": {"type": "LineString", "coordinates": [[-95.3431389227424, 29.7371631186585], [-95.3422234636087, 29.7368788337623]]}, "properties": {"centerlineid": 10139069, "roadclass": "LOCAL", "fullname": "JEFFERSON ST", "fromleft": 3901, "toleft": 3999, "fromright": 3900, "toright": 3998, "onewaydir": " "}}, {"type": "Feature", "geometry": {"type": "LineString", "coordinates": [[-95.3369591011394, 29.754817482212], [-95.3364404702434, 29.7545046568401]]}, "properties": {"centerlineid": 10141318, "roadclass": "LOCAL", "fullname": "ENGELKE ST", "fromleft": 3351, "toleft": 3399, "fromright": 3350, "toright": 3398, "onewaydir": " "}}, {"type": "Feature", "geometry": {"type": "LineString", "coordinates": [[-95.3345941093816, 29.7395415953341], [-95.3346093567409, 29.7395014493764], [-95.3349069173525, 29.7387441322307]]}, "properties": {"centerlineid": 10141338, "roadclass": "LOCAL", "fullname": "EASTWOOD ST", "fromleft": 1201, "toleft": 1299, "fromright": 1200, "toright": 1298, "onewaydir": " "}}, {"type": "Feature", "geometry": {"type": "LineString", "coordinates": [[-95.3326409161603, 29.7460780089473], [-95.3318704156655, 29.7458585153916]]}, "properties": {"centerlineid": 10141351, "roadclass": "LOCAL", "fullname": "GARROW ST", "fromleft": 4301, "toleft": 4317, "fromright": 4300, "toright": 4316, "onewaydir": " "}}, {"type": "Feature", "geometry": {"type": "LineString", "coordinates": [[-95.3323739705942, 29.7497075862482], [-95.3315575603751, 29.7507566882561]]}, "properties": {"centerlineid": 10141380, "roadclass": "LOCAL", "fullname": "N ESTELLE ST", "fromleft": 101, "toleft": 199, "fromright": 100, "toright": 198, "onewaydir": " "}}, {"type": "Feature", "geometry": {"type": "LineString", "coordinates": [[-95.3432000623369, 29.7460225848651], [-95.3423302623839, 29.7455420337671]]}, "properties": {"centerlineid": 10141387, "roadclass": "LOCAL", "fullname": "RUSK ST", "fromleft": 3401, "toleft": 3499, "fromright": 3400, "toright": 3498, "onewaydir": " "}}, {"type": "Feature", "geometry": {"type": "LineString", "coordinates": [[-95.3349678346495, 29.750863463501], [-95.3348382624997, 29.7510275240786], [-95.3344492297219, 29.7515254161867]]}, "properties": {"centerlineid": 10141398, "roadclass": "LOCAL", "fullname": "N MILBY ST", "fromleft": 113, "toleft": 199, "fromright": 112, "toright": 198, "onewaydir": " "}}, {"type": "Feature", "geometry": {"type": "LineString", "coordinates": [[-95.3317979129051, 29.7549525625259], [-95.3316823236034, 29.7551070269538], [-95.3314049236769, 29.7554296759936]]}, "properties": {"centerlineid": 10141401, "roadclass": "LOCAL", "fullname": "N MILBY ST", "fromleft": 501, "toleft": 537, "fromright": 500, "toright": 536, "onewaydir": " "}}, {"type": "Feature", "geometry": {"type": "LineString", "coordinates": [[-95.3439478096859, 29.7347883003809], [-95.3443062511965, 29.7339301466614]]}, "properties": {"centerlineid": 10139124, "roadclass": "LOCAL", "fullname": "HUSSION ST", "fromleft": 2101, "toleft": 2199, "fromright": 2100, "toright": 2198, "onewaydir": " "}}, {"type": "Feature", "geometry": {"type": "LineString", "coordinates": [[-95.3414529397333, 29.7395586856577], [-95.3420251785681, 29.7381262474326]]}, "properties": {"centerlineid": 10139171, "roadclass": "LOCAL", "fullname": "KEATING ST", "fromleft": 1401, "toleft": 1599, "fromright": 1400, "toright": 1598, "onewaydir": " "}}, {"type": "Feature", "geometry": {"type": "LineString", "coordinates": [[-95.3381111520024, 29.7360987158231], [-95.3361885529535, 29.7355093262264]]}, "properties": {"centerlineid": 10139269, "roadclass": "LOCAL", "fullname": "PEASE ST", "fromleft": 4301, "toleft": 4399, "fromright": 4300, "toright": 4398, "onewaydir": " "}}, {"type": "Feature", "geometry": {"type": "LineString", "coordinates": [[-95.3293755633354, 29.754697256786], [-95.3286508685645, 29.7544683960481]]}, "properties": {"centerlineid": 10141412, "roadclass": "LOCAL", "fullname": "CRITES ST", "fromleft": 4101, "toleft": 4115, "fromright": 4100, "toright": 4114, "onewaydir": " "}}, {"type": "Feature", "geometry": {"type": "LineString", "coordinates": [[-95.3309790641504, 29.7394682294359], [-95.330210053684, 29.7393628957816], [-95.329805565339, 29.7393084329515], [-95.3293105052853, 29.7391928123292]]}, "properties": {"centerlineid": 10141432, "roadclass": "LOCAL", "fullname": "PARK DR", "fromleft": 4601, "toleft": 4699, "fromright": 0, "toright": 0, "onewaydir": "TF"}}, {"type": "Feature", "geometry": {"type": "LineString", "coordinates": [[-95.342665886951, 29.7383208820124], [-95.3420251785681, 29.7381262474326]]}, "properties": {"centerlineid": 10139288, "roadclass": "MAJOR", "fullname": "LEELAND ST", "fromleft": 3901, "toleft": 3915, "fromright": 3900, "toright": 3914, "onewaydir": " "}}, {"type": "Feature", "geometry": {"type": "LineString", "coordinates": [[-95.3307717519319, 29.7529272929259], [-95.3307507793841, 29.752879949461], [-95.3307233698354, 29.7528505390897], [-95.3306846126752, 29.7528322811641], [-95.3300912769231, 29.7526478917493]]}, "properties": {"centerlineid": 10141580, "roadclass": "LOCAL", "fullname": "BERING ST", "fromleft": 4101, "toleft": 4199, "fromright": 4100, "toright": 4198, "onewaydir": " "}}, {"type": "Feature", "geometry": {"type": "LineString", "coordinates": [[-95.3385843872281, 29.7406210815686], [-95.338851325537, 29.7399306045597]]}, "properties": {"centerlineid": 10141645, "roadclass": "LOCAL", "fullname": "CULLEN BLVD", "fromleft": 1201, "toleft": 1299, "fromright": 1200, "toright": 1298, "onewaydir": " "}}, {"type": "Feature", "geometry": {"type": "LineString", "coordinates": [[-95.334365221641, 29.7503293243655], [-95.3344261494804, 29.7502359997298], [-95.3348154451744, 29.7497573266385], [-95.3350976786346, 29.749408205911]]}, "properties": {"centerlineid": 10141709, "roadclass": "LOCAL", "fullname": "KENDALL ST", "fromleft": 1, "toleft": 99, "fromright": 2, "toright": 98, "onewaydir": " "}}, {"type": "Feature", "geometry": {"type": "LineString", "coordinates": [[-95.3372872209379, 29.742988103125], [-95.337775474397, 29.7423873641254]]}, "properties": {"centerlineid": 10141726, "roadclass": "LOCAL", "fullname": "CULLEN BLVD", "fromleft": 901, "toleft": 909, "fromright": 900, "toright": 908, "onewaydir": " "}}, {"type": "Feature", "geometry": {"type": "LineString", "coordinates": [[-95.337066127972, 29.7521604115045], [-95.3365778316457, 29.7527995249391]]}, "properties": {"centerlineid": 10141756, "roadclass": "MAJOR", "fullname": "N YORK ST", "fromleft": 131, "toleft": 199, "fromright": 130, "toright": 198, "onewaydir": "TF"}}, {"type": "Feature", "geometry": {"type": "LineString", "coordinates": [[-95.3154290218507, 29.7433390485435], [-95.3145135581584, 29.743056808323]]}, "properties": {"centerlineid": 10141782, "roadclass": "LOCAL", "fullname": "BRADY ST", "fromleft": 5901, "toleft": 5999, "fromright": 5900, "toright": 5998, "onewaydir": " "}}, {"type": "Feature", "geometry": {"type": "LineString", "coordinates": [[-95.315856387931, 29.7422994844925], [-95.3163903160865, 29.7409701552481]]}, "properties": {"centerlineid": 10141831, "roadclass": "LOCAL", "fullname": "LINWOOD ST", "fromleft": 201, "toleft": 299, "fromright": 200, "toright": 298, "onewaydir": " "}}, {"type": "Feature", "geometry": {"type": "LineString", "coordinates": [[-95.3116678238399, 29.7385800708032], [-95.3114311922269, 29.738503870705]]}, "properties": {"centerlineid": 10141853, "roadclass": "MAJOR", "fullname": "HARRISBURG BLVD", "fromleft": 6501, "toleft": 6505, "fromright": 6500, "toright": 6504, "onewaydir": " "}}, {"type": "Feature", "geometry": {"type": "LineString", "coordinates": [[-95.3113168599826, 29.7420688342909], [-95.3103555896476, 29.7417788368941]]}, "properties": {"centerlineid": 10141967, "roadclass": "LOCAL", "fullname": "BRADY ST", "fromleft": 6401, "toleft": 6499, "fromright": 6400, "toright": 6498, "onewaydir": " "}}, {"type": "Feature", "geometry": {"type": "LineString", "coordinates": [[-95.3098848036365, 29.7390144989021], [-95.3096840860288, 29.7394861417579]]}, "properties": {"centerlineid": 10141991, "roadclass": "LOCAL", "fullname": "N 66TH ST", "fromleft": 201, "toleft": 299, "fromright": 200, "toright": 298, "onewaydir": " "}}, {"type": "Feature", "geometry": {"type": "LineString", "coordinates": [[-95.3237068609694, 29.7529177027817], [-95.3236534872593, 29.7528928401442], [-95.3228982030338, 29.7524942467419]]}, "properties": {"centerlineid": 10142004, "roadclass": "LOCAL", "fullname": "CRITES ST", "fromleft": 4627, "toleft": 4699, "fromright": 4626, "toright": 4698, "onewaydir": " "}}, {"type": "Feature", "geometry": {"type": "LineString", "coordinates": [[-95.3074333739975, 29.7395833561128], [-95.3054498777687, 29.7389501627487]]}, "properties": {"centerlineid": 10142027, "roadclass": "LOCAL", "fullname": "SHERMAN ST", "fromleft": 6701, "toleft": 6799, "fromright": 6700, "toright": 6798, "onewaydir": " "}}, {"type": "Feature", "geometry": {"type": "LineString", "coordinates": [[-95.3459924489311, 29.7521337390453], [-95.3454813317948, 29.7515616767667]]}, "properties": {"centerlineid": 10139730, "roadclass": "MAJOR", "fullname": "HARRISBURG BLVD", "fromleft": 2801, "toleft": 2899, "fromright": 2800, "toright": 2898, "onewaydir": " "}}, {"type": "Feature", "geometry": {"type": "LineString", "coordinates": [[-95.3455650476721, 29.7399516118624], [-95.3449090501862, 29.7397474098152]]}, "properties": {"centerlineid": 10139786, "roadclass": "LOCAL", "fullname": "BELL ST", "fromleft": 3601, "toleft": 3699, "fromright": 3600, "toright": 3698, "onewaydir": " "}}, {"type": "Feature", "geometry": {"type": "LineString", "coordinates": [[-95.3096840860288, 29.7394861417579], [-95.309493356984, 29.7399402117065], [-95.3093865542606, 29.740197587032]]}, "properties": {"centerlineid": 10142049, "roadclass": "LOCAL", "fullname": "N 66TH ST", "fromleft": 301, "toleft": 399, "fromright": 300, "toright": 398, "onewaydir": " "}}, {"type": "Feature", "geometry": {"type": "LineString", "coordinates": [[-95.3210596255474, 29.7491355323093], [-95.3206246885395, 29.750073773198]]}, "properties": {"centerlineid": 10142099, "roadclass": "LOCAL", "fullname": "N EDGEWOOD ST", "fromleft": 401, "toleft": 499, "fromright": 400, "toright": 498, "onewaydir": " "}}, {"type": "Feature", "geometry": {"type": "LineString", "coordinates": [[-95.3229516018405, 29.7487024721308], [-95.3225473113938, 29.7495971331887]]}, "properties": {"centerlineid": 10142120, "roadclass": "LOCAL", "fullname": "N BRYAN ST", "fromleft": 301, "toleft": 399, "fromright": 300, "toright": 398, "onewaydir": " "}}, {"type": "Feature", "geometry": {"type": "LineString", "coordinates": [[-95.3214714642838, 29.7482447588428], [-95.3210596255474, 29.7491355323093]]}, "properties": {"centerlineid": 10142122, "roadclass": "LOCAL", "fullname": "N EDGEWOOD ST", "fromleft": 301, "toleft": 399, "fromright": 300, "toright": 398, "onewaydir": " "}}, {"type": "Feature", "geometry": {"type": "LineString", "coordinates": [[-95.321250351789, 29.7648997449501], [-95.3200449347827, 29.7644953849658], [-95.3188011796807, 29.764485830403]]}, "properties": {"centerlineid": 10142183, "roadclass": "MAJOR", "fullname": "CLINTON DR", "fromleft": 4801, "toleft": 5199, "fromright": 4800, "toright": 5198, "onewaydir": " "}}, {"type": "Feature", "geometry": {"type": "LineString", "coordinates": [[-95.3501657075956, 29.7436423146187], [-95.3492922569036, 29.7431563065988]]}, "properties": {"centerlineid": 10139838, "roadclass": "LOCAL", "fullname": "CLAY ST", "fromleft": 3001, "toleft": 3099, "fromright": 3000, "toright": 3098, "onewaydir": " "}}, {"type": "Feature", "geometry": {"type": "LineString", "coordinates": [[-95.3488304449509, 29.7517083885264], [-95.3485025390363, 29.7515311032395], [-95.347960873572, 29.7512029955412]]}, "properties": {"centerlineid": 10139856, "roadclass": "LOCAL", "fullname": "TEXAS ST", "fromleft": 2601, "toleft": 2699, "fromright": 2600, "toright": 2698, "onewaydir": " "}}, {"type": "Feature", "geometry": {"type": "LineString", "coordinates": [[-95.3527214671639, 29.7451776536817], [-95.3518822646715, 29.7446722726052]]}, "properties": {"centerlineid": 10139946, "roadclass": "LOCAL", "fullname": "CLAY ST", "fromleft": 2701, "toleft": 2799, "fromright": 2700, "toright": 2798, "onewaydir": " "}}, {"type": "Feature", "geometry": {"type": "LineString", "coordinates": [[-95.3240808290101, 29.7384009431628], [-95.3244240095728, 29.7379507571899], [-95.3245457841408, 29.7377887128166], [-95.324639154469, 29.7376483168782], [-95.3247033479224, 29.7375270104917], [-95.3247361765637, 29.7374856462716]]}, "properties": {"centerlineid": 10143508, "roadclass": "LOCAL", "fullname": "DELMAR ST", "fromleft": 801, "toleft": 999, "fromright": 800, "toright": 998, "onewaydir": " "}}, {"type": "Feature", "geometry": {"type": "LineString", "coordinates": [[-95.3220055917495, 29.7369837829728], [-95.3221886065856, 29.7367375629277], [-95.3233253721638, 29.7352498933417]]}, "properties": {"centerlineid": 10143513, "roadclass": "LOCAL", "fullname": "WYATT ST", "fromleft": 1101, "toleft": 1199, "fromright": 1100, "toright": 1198, "onewaydir": " "}}, {"type": "Feature", "geometry": {"type": "LineString", "coordinates": [[-95.3240808419954, 29.7693933312948], [-95.3232719550253, 29.7694104485076]]}, "properties": {"centerlineid": 10142241, "roadclass": "LOCAL", "fullname": "HARE ST", "fromleft": 4601, "toleft": 4699, "fromright": 4600, "toright": 4698, "onewaydir": " "}}, {"type": "Feature", "geometry": {"type": "LineString", "coordinates": [[-95.3498222951032, 29.7456527247975], [-95.3502343913307, 29.7451242490551], [-95.3504173758414, 29.7449086462695]]}, "properties": {"centerlineid": 10140081, "roadclass": "LOCAL", "fullname": "PAIGE ST", "fromleft": 1201, "toleft": 1299, "fromright": 1200, "toright": 1298, "onewaydir": " "}}, {"type": "Feature", "geometry": {"type": "LineString", "coordinates": [[-95.3478004547627, 29.7466272527984], [-95.348388021883, 29.7458776758558]]}, "properties": {"centerlineid": 10140084, "roadclass": "LOCAL", "fullname": "ENNIS ST", "fromleft": 1001, "toleft": 1099, "fromright": 1000, "toright": 1098, "onewaydir": " "}}, {"type": "Feature", "geometry": {"type": "LineString", "coordinates": [[-95.3043206662856, 29.7601580701469], [-95.3042444779514, 29.7599652895222], [-95.3042061241569, 29.7592271481062]]}, "properties": {"centerlineid": 10142459, "roadclass": "LOCAL", "fullname": "GAZIN ST", "fromleft": 1601, "toleft": 1699, "fromright": 1600, "toright": 1698, "onewaydir": " "}}, {"type": "Feature", "geometry": {"type": "LineString", "coordinates": [[-95.298659725804, 29.7687391795648], [-95.2976678322264, 29.7687697417898]]}, "properties": {"centerlineid": 10142488, "roadclass": "LOCAL", "fullname": "BOYCE ST", "fromleft": 7101, "toleft": 7199, "fromright": 7100, "toright": 7198, "onewaydir": " "}}, {"type": "Feature", "geometry": {"type": "LineString", "coordinates": [[-95.3043054025291, 29.7470966129673], [-95.3023447015802, 29.7464766599026]]}, "properties": {"centerlineid": 10142601, "roadclass": "LOCAL", "fullname": "AVENUE O", "fromleft": 6701, "toleft": 6799, "fromright": 6700, "toright": 6798, "onewaydir": " "}}, {"type": "Feature", "geometry": {"type": "LineString", "coordinates": [[-95.3520120911998, 29.7641940043004], [-95.3520196245617, 29.7645677474361]]}, "properties": {"centerlineid": 10140271, "roadclass": "LOCAL", "fullname": "MCKEE ST", "fromleft": 551, "toleft": 599, "fromright": 550, "toright": 598, "onewaydir": " "}}, {"type": "Feature", "geometry": {"type": "LineString", "coordinates": [[-95.3529275181204, 29.7608884377356], [-95.3520729839651, 29.7603698088232]]}, "properties": {"centerlineid": 10140496, "roadclass": "LOCAL", "fullname": "RUIZ ST", "fromleft": 1701, "toleft": 1799, "fromright": 1700, "toright": 1798, "onewaydir": "FT"}}, {"type": "Feature", "geometry": {"type": "LineString", "coordinates": [[-95.3045723461692, 29.741036788743], [-95.3042978803579, 29.7417254151755]]}, "properties": {"centerlineid": 10142804, "roadclass": "MAJOR", "fullname": "WAYSIDE DR", "fromleft": 701, "toleft": 799, "fromright": 700, "toright": 798, "onewaydir": "TF"}}, {"type": "Feature", "geometry": {"type": "LineString", "coordinates": [[-95.3509515104056, 29.7585501513062], [-95.3512718614778, 29.7581494721658], [-95.3515312914217, 29.7578272829165]]}, "properties": {"centerlineid": 10140650, "roadclass": "LOCAL", "fullname": "CHARTRES ST", "fromleft": 101, "toleft": 199, "fromright": 100, "toright": 198, "onewaydir": "TF"}}, {"type": "Feature", "geometry": {"type": "LineString", "coordinates": [[-95.3492086538038, 29.7575411983503], [-95.3486933025929, 29.7572664710148]]}, "properties": {"centerlineid": 10140678, "roadclass": "LOCAL", "fullname": "COMMERCE ST", "fromleft": 2201, "toleft": 2299, "fromright": 2200, "toright": 2298, "onewaydir": " "}}, {"type": "Feature", "geometry": {"type": "LineString", "coordinates": [[-95.3469156413113, 29.7346566301651], [-95.3461067408574, 29.734114961674]]}, "properties": {"centerlineid": 10138484, "roadclass": "FRONTAGE", "fullname": "GULF FWY", "fromleft": 0, "toleft": 0, "fromright": 3600, "toright": 3688, "onewaydir": "TF"}}, {"type": "Feature", "geometry": {"type": "LineString", "coordinates": [[-95.3533343105555, 29.7364238285299], [-95.3524850826391, 29.736176954351]]}, "properties": {"centerlineid": 10138564, "roadclass": "LOCAL", "fullname": "HADLEY ST", "fromleft": 3201, "toleft": 3219, "fromright": 3200, "toright": 3218, "onewaydir": " "}}, {"type": "Feature", "geometry": {"type": "LineString", "coordinates": [[-95.3346627663035, 29.7654260995769], [-95.3345941156225, 29.7654165454196], [-95.333739589172, 29.7654242890025]]}, "properties": {"centerlineid": 10140835, "roadclass": "LOCAL", "fullname": "MELVA ST", "fromleft": 3501, "toleft": 3599, "fromright": 3500, "toright": 3598, "onewaydir": " "}}, {"type": "Feature", "geometry": {"type": "LineString", "coordinates": [[-95.34143012049, 29.7575219920707], [-95.3411095420744, 29.7573408428613]]}, "properties": {"centerlineid": 10140855, "roadclass": "LOCAL", "fullname": "ENGELKE ST", "fromleft": 2719, "toleft": 2799, "fromright": 2718, "toright": 2798, "onewaydir": " "}}, {"type": "Feature", "geometry": {"type": "LineString", "coordinates": [[-95.3250726915779, 29.7671942304313], [-95.3250877730038, 29.7676576388493]]}, "properties": {"centerlineid": 10141041, "roadclass": "LOCAL", "fullname": "EGAN ST", "fromleft": 601, "toleft": 699, "fromright": 600, "toright": 698, "onewaydir": " "}}, {"type": "Feature", "geometry": {"type": "LineString", "coordinates": [[-95.3365091484484, 29.7667041046065], [-95.3365472327395, 29.7673657943183]]}, "properties": {"centerlineid": 10141046, "roadclass": "LOCAL", "fullname": "GROVE ST", "fromleft": 501, "toleft": 599, "fromright": 500, "toright": 598, "onewaydir": " "}}, {"type": "Feature", "geometry": {"type": "LineString", "coordinates": [[-95.3431847985851, 29.7623782138858], [-95.3430474105555, 29.7626814351938], [-95.3430168558884, 29.7627633562541], [-95.3430017959879, 29.7628473295537], [-95.3430017731002, 29.7630323765811]]}, "properties": {"centerlineid": 10141103, "roadclass": "MAJOR", "fullname": "JENSEN DR", "fromleft": 1, "toleft": 49, "fromright": 2, "toright": 48, "onewaydir": " "}}, {"type": "Feature", "geometry": {"type": "LineString", "coordinates": [[-95.3356699405361, 29.7666888353312], [-95.3356774852082, 29.7673678763472]]}, "properties": {"centerlineid": 10141109, "roadclass": "LOCAL", "fullname": "GREGG ST", "fromleft": 501, "toleft": 599, "fromright": 500, "toright": 598, "onewaydir": " "}}, {"type": "Feature", "geometry": {"type": "LineString", "coordinates": [[-95.3509668387898, 29.7349427910611], [-95.3512109792593, 29.7343191663602]]}, "properties": {"centerlineid": 10138863, "roadclass": "LOCAL", "fullname": "SAMPSON ST", "fromleft": 2401, "toleft": 2499, "fromright": 2400, "toright": 2498, "onewaydir": " "}}, {"type": "Feature", "geometry": {"type": "LineString", "coordinates": [[-95.3488535051063, 29.7389063733795], [-95.3488763167524, 29.738866198532], [-95.3489602503647, 29.7387327013676], [-95.3492500741686, 29.7383628250958]]}, "properties": {"centerlineid": 10138880, "roadclass": "LOCAL", "fullname": "SAMPSON ST", "fromleft": 1801, "toleft": 1899, "fromright": 1800, "toright": 1898, "onewaydir": " "}}, {"type": "Feature", "geometry": {"type": "LineString", "coordinates": [[-95.3336937205913, 29.7456392695874], [-95.333990356424, 29.7448876517976], [-95.3340142936878, 29.7448267174528]]}, "properties": {"centerlineid": 10141189, "roadclass": "LOCAL", "fullname": "ESTELLE ST", "fromleft": 401, "toleft": 499, "fromright": 400, "toright": 498, "onewaydir": " "}}, {"type": "Feature", "geometry": {"type": "LineString", "coordinates": [[-95.3296425372469, 29.7488683532337], [-95.3295510399183, 29.7488437055123], [-95.3288797582398, 29.7486205392302], [-95.3288185881344, 29.7485975118511]]}, "properties": {"centerlineid": 10141204, "roadclass": "MAJOR", "fullname": "CANAL ST", "fromleft": 4423, "toleft": 4499, "fromright": 4422, "toright": 4498, "onewaydir": " "}}, {"type": "Feature", "geometry": {"type": "LineString", "coordinates": [[-95.3328928351265, 29.7475999558416], [-95.3329309253896, 29.7475027524775], [-95.3334114932721, 29.7463221552101]]}, "properties": {"centerlineid": 10141219, "roadclass": "LOCAL", "fullname": "ESTELLE ST", "fromleft": 201, "toleft": 299, "fromright": 200, "toright": 298, "onewaydir": " "}}, {"type": "Feature", "geometry": {"type": "LineString", "coordinates": [[-95.3460764061392, 29.738709897388], [-95.3463280667941, 29.7380842532146]]}, "properties": {"centerlineid": 10139009, "roadclass": "MAJOR", "fullname": "SCOTT ST", "fromleft": 1701, "toleft": 1799, "fromright": 1700, "toright": 1798, "onewaydir": " "}}, {"type": "Feature", "geometry": {"type": "LineString", "coordinates": [[-95.3313896699857, 29.7384408988438], [-95.3306877642537, 29.7383418500502], [-95.3303062592219, 29.7382711126583], [-95.3299859203287, 29.7381892110815], [-95.3297493149513, 29.7381223468007]]}, "properties": {"centerlineid": 10139093, "roadclass": "LOCAL", "fullname": "WOODSIDE ST", "fromleft": 4601, "toleft": 4699, "fromright": 4600, "toright": 4698, "onewaydir": " "}}, {"type": "Feature", "geometry": {"type": "LineString", "coordinates": [[-95.3341591938551, 29.7403979129104], [-95.334052427019, 29.7403577761207], [-95.3339762068823, 29.7403502481824], [-95.3338997786758, 29.7403292235525], [-95.3328851076842, 29.7400125276527]]}, "properties": {"centerlineid": 10141290, "roadclass": "LOCAL", "fullname": "WOODSIDE ST", "fromleft": 4401, "toleft": 4499, "fromright": 4400, "toright": 4498, "onewaydir": " "}}, {"type": "Feature", "geometry": {"type": "LineString", "coordinates": [[-95.3291085928286, 29.7396636670889], [-95.3282846568535, 29.7394078907393], [-95.327597862103, 29.7391924803226]]}, "properties": {"centerlineid": 10141312, "roadclass": "LOCAL", "fullname": "MCKINNEY ST", "fromleft": 4701, "toleft": 4799, "fromright": 4700, "toright": 4798, "onewaydir": " "}}, {"type": "Feature", "geometry": {"type": "LineString", "coordinates": [[-95.3372872052127, 29.7503637872182], [-95.3366312140606, 29.7499441684347]]}, "properties": {"centerlineid": 10141377, "roadclass": "LOCAL", "fullname": "COMMERCE ST", "fromleft": 3601, "toleft": 3699, "fromright": 3600, "toright": 3698, "onewaydir": " "}}, {"type": "Feature", "geometry": {"type": "LineString", "coordinates": [[-95.3273537366947, 29.7367948343889], [-95.3269418849574, 29.7366670615304], [-95.3263084779127, 29.7364705975688]]}, "properties": {"centerlineid": 10139214, "roadclass": "LOCAL", "fullname": "OAKLAND ST", "fromleft": 4901, "toleft": 4999, "fromright": 4900, "toright": 4998, "onewaydir": " "}}, {"type": "Feature", "geometry": {"type": "LineString", "coordinates": [[-95.3319619101217, 29.73632574966], [-95.3306572069137, 29.735936712336]]}, "properties": {"centerlineid": 10139262, "roadclass": "LOCAL", "fullname": "BELL ST", "fromleft": 4601, "toleft": 4699, "fromright": 4600, "toright": 4698, "onewaydir": " "}}, {"type": "Feature", "geometry": {"type": "LineString", "coordinates": [[-95.3295663026955, 29.753310613249], [-95.3288491784331, 29.7530568857409]]}, "properties": {"centerlineid": 10141488, "roadclass": "MAJOR", "fullname": "NAVIGATION BLVD", "fromleft": 4201, "toleft": 4299, "fromright": 4200, "toright": 4298, "onewaydir": " "}}, {"type": "Feature", "geometry": {"type": "LineString", "coordinates": [[-95.3397439578298, 29.7473596621037], [-95.3390496132547, 29.7469514730721]]}, "properties": {"centerlineid": 10141515, "roadclass": "MAJOR", "fullname": "HARRISBURG BLVD", "fromleft": 3601, "toleft": 3699, "fromright": 3600, "toright": 3698, "onewaydir": " "}}, {"type": "Feature", "geometry": {"type": "LineString", "coordinates": [[-95.3360130947601, 29.7471269215442], [-95.334952775569, 29.7468027138255]]}, "properties": {"centerlineid": 10141517, "roadclass": "LOCAL", "fullname": "GARROW ST", "fromleft": 4001, "toleft": 4019, "fromright": 4000, "toright": 4018, "onewaydir": " "}}, {"type": "Feature", "geometry": {"type": "LineString", "coordinates": [[-95.3284904878912, 29.7344907731094], [-95.3284676489176, 29.7344811685699], [-95.3267586782237, 29.7340006735257]]}, "properties": {"centerlineid": 10139393, "roadclass": "LOCAL", "fullname": "LEELAND ST", "fromleft": 4923, "toleft": 4999, "fromright": 4922, "toright": 4998, "onewaydir": " "}}, {"type": "Feature", "geometry": {"type": "LineString", "coordinates": [[-95.3408884695313, 29.7433810174327], [-95.3398279252159, 29.7430415380586]]}, "properties": {"centerlineid": 10141612, "roadclass": "MAJOR", "fullname": "MCKINNEY ST", "fromleft": 3801, "toleft": 3899, "fromright": 3800, "toright": 3898, "onewaydir": " "}}, {"type": "Feature", "geometry": {"type": "LineString", "coordinates": [[-95.3323739705942, 29.7497075862482], [-95.3320686786463, 29.7496064723885]]}, "properties": {"centerlineid": 10141625, "roadclass": "MAJOR", "fullname": "CANAL ST", "fromleft": 4201, "toleft": 4205, "fromright": 4200, "toright": 4204, "onewaydir": " "}}, {"type": "Feature", "geometry": {"type": "LineString", "coordinates": [[-95.3434136545811, 29.7503257055733], [-95.3426583587277, 29.7498679598495]]}, "properties": {"centerlineid": 10141626, "roadclass": "LOCAL", "fullname": "HAWKINS ST", "fromleft": 3101, "toleft": 3199, "fromright": 3100, "toright": 3198, "onewaydir": " "}}, {"type": "Feature", "geometry": {"type": "LineString", "coordinates": [[-95.3436958905874, 29.7485938658362], [-95.3440926562598, 29.7481016937258]]}, "properties": {"centerlineid": 10141692, "roadclass": "LOCAL", "fullname": "VELASCO ST", "fromleft": 601, "toleft": 699, "fromright": 600, "toright": 698, "onewaydir": " "}}, {"type": "Feature", "geometry": {"type": "LineString", "coordinates": [[-95.3413689728396, 29.7483323628023], [-95.3419946299032, 29.7475465452426]]}, "properties": {"centerlineid": 10141729, "roadclass": "MAJOR", "fullname": "SAMPSON ST", "fromleft": 501, "toleft": 599, "fromright": 500, "toright": 598, "onewaydir": "FT"}}, {"type": "Feature", "geometry": {"type": "LineString", "coordinates": [[-95.3163903160865, 29.7409701552481], [-95.3167336959641, 29.7401213767162]]}, "properties": {"centerlineid": 10141830, "roadclass": "LOCAL", "fullname": "LINWOOD ST", "fromleft": 301, "toleft": 399, "fromright": 300, "toright": 398, "onewaydir": " "}}, {"type": "Feature", "geometry": {"type": "LineString", "coordinates": [[-95.3171457956492, 29.7402452811296], [-95.3167336959641, 29.7401213767162]]}, "properties": {"centerlineid": 10141865, "roadclass": "MAJOR", "fullname": "HARRISBURG BLVD", "fromleft": 5901, "toleft": 5949, "fromright": 5900, "toright": 5948, "onewaydir": " "}}, {"type": "Feature", "geometry": {"type": "LineString", "coordinates": [[-95.3245994691071, 29.7502417150157], [-95.3240349784485, 29.7500566697229]]}, "properties": {"centerlineid": 10141873, "roadclass": "LOCAL", "fullname": "AVENUE J", "fromleft": 4701, "toleft": 4799, "fromright": 4700, "toright": 4798, "onewaydir": " "}}, {"type": "Feature", "geometry": {"type": "LineString", "coordinates": [[-95.325217582232, 29.7463659750661], [-95.3242409939185, 29.7460684481449]]}, "properties": {"centerlineid": 10141876, "roadclass": "LOCAL", "fullname": "BRADY ST", "fromleft": 4901, "toleft": 4999, "fromright": 4900, "toright": 4998, "onewaydir": " "}}, {"type": "Feature", "geometry": {"type": "LineString", "coordinates": [[-95.322875415597, 29.7507585355302], [-95.3222650325297, 29.7505659438147], [-95.3221351908922, 29.7505239559096]]}, "properties": {"centerlineid": 10141889, "roadclass": "MAJOR", "fullname": "NAVIGATION BLVD", "fromleft": 4901, "toleft": 4999, "fromright": 4900, "toright": 4998, "onewaydir": " "}}, {"type": "Feature", "geometry": {"type": "LineString", "coordinates": [[-95.3192590899748, 29.7468695731724], [-95.3191445473796, 29.7468809869705], [-95.3183206085778, 29.7466272438618]]}, "properties": {"centerlineid": 10141951, "roadclass": "LOCAL", "fullname": "AVENUE I", "fromleft": 5401, "toleft": 5499, "fromright": 5400, "toright": 5498, "onewaydir": " "}}, {"type": "Feature", "geometry": {"type": "LineString", "coordinates": [[-95.3508981338449, 29.7506975978326], [-95.3500283284931, 29.7501883030981]]}, "properties": {"centerlineid": 10139748, "roadclass": "LOCAL", "fullname": "RUSK ST", "fromleft": 2501, "toleft": 2599, "fromright": 2500, "toright": 2598, "onewaydir": " "}}, {"type": "Feature", "geometry": {"type": "LineString", "coordinates": [[-95.3111108499851, 29.7399306125663], [-95.3109810129766, 29.7402414103301], [-95.3108055262092, 29.7406705963682]]}, "properties": {"centerlineid": 10142048, "roadclass": "LOCAL", "fullname": "65TH ST", "fromleft": 301, "toleft": 399, "fromright": 300, "toright": 398, "onewaydir": " "}}, {"type": "Feature", "geometry": {"type": "LineString", "coordinates": [[-95.3207467952095, 29.7413592136343], [-95.3213190654284, 29.7405656011719]]}, "properties": {"centerlineid": 10142080, "roadclass": "LOCAL", "fullname": "ALTIC ST", "fromleft": 401, "toleft": 499, "fromright": 400, "toright": 498, "onewaydir": " "}}, {"type": "Feature", "geometry": {"type": "LineString", "coordinates": [[-95.324676247909, 29.7404922485888], [-95.3252634249409, 29.7397341816498]]}, "properties": {"centerlineid": 10142084, "roadclass": "LOCAL", "fullname": "EDGEWOOD ST", "fromleft": 601, "toleft": 699, "fromright": 600, "toright": 698, "onewaydir": " "}}, {"type": "Feature", "geometry": {"type": "LineString", "coordinates": [[-95.3109879876034, 29.7692064040987], [-95.3105233118495, 29.7692121721072]]}, "properties": {"centerlineid": 10142166, "roadclass": "LOCAL", "fullname": "LESLIE ST", "fromleft": 5901, "toleft": 5999, "fromright": 5900, "toright": 5998, "onewaydir": " "}}, {"type": "Feature", "geometry": {"type": "LineString", "coordinates": [[-95.3503030810414, 29.7514624251938], [-95.3494485534388, 29.7509282855101]]}, "properties": {"centerlineid": 10139921, "roadclass": "LOCAL", "fullname": "CAPITOL ST", "fromleft": 2501, "toleft": 2599, "fromright": 2500, "toright": 2598, "onewaydir": " "}}, {"type": "Feature", "geometry": {"type": "LineString", "coordinates": [[-95.3055870528683, 29.734572911445], [-95.3064798674063, 29.7341779322593], [-95.3068307696474, 29.7340139053743]]}, "properties": {"centerlineid": 10143532, "roadclass": "MAJOR", "fullname": "S 69TH ST", "fromleft": 323, "toleft": 331, "fromright": 322, "toright": 330, "onewaydir": "FT"}}, {"type": "Feature", "geometry": {"type": "LineString", "coordinates": [[-95.3012079461477, 29.7384180702675], [-95.2989038707769, 29.7376913554312]]}, "properties": {"centerlineid": 10143562, "roadclass": "LOCAL", "fullname": "AVENUE E", "fromleft": 7001, "toleft": 7099, "fromright": 7000, "toright": 7098, "onewaydir": " "}}, {"type": "Feature", "geometry": {"type": "LineString", "coordinates": [[-95.3028482931269, 29.7344850705624], [-95.3030846764456, 29.7339586760265]]}, "properties": {"centerlineid": 10143635, "roadclass": "LOCAL", "fullname": "S 70TH ST", "fromleft": 301, "toleft": 399, "fromright": 300, "toright": 398, "onewaydir": " "}}, {"type": "Feature", "geometry": {"type": "LineString", "coordinates": [[-95.3436883346813, 29.7698207090413], [-95.3434768853798, 29.7698174084878], [-95.3418548210553, 29.7698107206277], [-95.3415343946042, 29.7697585229983], [-95.3413720844159, 29.7697250655106], [-95.3413620201922, 29.7697229909863], [-95.3412487603927, 29.7696856842452], [-95.3412414754164, 29.7696838672603], [-95.3412393923449, 29.7696833477543], [-95.3412322255541, 29.769681553178], [-95.3410736241059, 29.7696418449739], [-95.3410333498013, 29.769631762349], [-95.3408598782153, 29.7695810016758], [-95.3407828449345, 29.7695584600087], [-95.3405707666753, 29.7694843458527], [-95.3402176519577, 29.769364389535], [-95.33994000643, 29.7692821715509], [-95.3397029557106, 29.7692130022433], [-95.3395293540798, 29.7691775065218], [-95.3388934487316, 29.7690675067254]]}, "properties": {"centerlineid": 10141131, "roadclass": "HIGHWAY", "fullname": "E IH 10", "fromleft": 2701, "toleft": 3099, "fromright": 0, "toright": 0, "onewaydir": "TF"}}, {"type": "Feature", "geometry": {"type": "LineString", "coordinates": [[-95.3363118434474, 29.7597588005415], [-95.3355325664122, 29.7593149590141]]}, "properties": {"centerlineid": 1089180, "roadclass": "LOCAL", "fullname": "BALL ST", "fromleft": 3101, "toleft": 3199, "fromright": 3100, "toright": 3198, "onewaydir": " "}}, {"type": "Feature", "geometry": {"type": "LineString", "coordinates": [[-95.3085701720206, 29.7673849691803], [-95.3084711180903, 29.767383171392]]}, "properties": {"centerlineid": 10142207, "roadclass": "LOCAL", "fullname": "LARIMER ST", "fromleft": 6197, "toleft": 6199, "fromright": 6196, "toright": 6198, "onewaydir": " "}}, {"type": "Feature", "geometry": {"type": "LineString", "coordinates": [[-95.3501045530418, 29.7469133756045], [-95.3506845462695, 29.7461620007494]]}, "properties": {"centerlineid": 10140069, "roadclass": "LOCAL", "fullname": "DELANO ST", "fromleft": 1101, "toleft": 1199, "fromright": 1100, "toright": 1198, "onewaydir": " "}}, {"type": "Feature", "geometry": {"type": "LineString", "coordinates": [[-95.3504173758414, 29.7449086462695], [-95.3510201817923, 29.7441495176753]]}, "properties": {"centerlineid": 10140076, "roadclass": "LOCAL", "fullname": "PAIGE ST", "fromleft": 1301, "toleft": 1399, "fromright": 1300, "toright": 1398, "onewaydir": " "}}, {"type": "Feature", "geometry": {"type": "LineString", "coordinates": [[-95.3481210514281, 29.7446284613802], [-95.3487161337411, 29.7438636425773]]}, "properties": {"centerlineid": 10140098, "roadclass": "LOCAL", "fullname": "PALMER ST", "fromleft": 1201, "toleft": 1299, "fromright": 1200, "toright": 1298, "onewaydir": " "}}, {"type": "Feature", "geometry": {"type": "LineString", "coordinates": [[-95.3583520884636, 29.7496199549053], [-95.3583167930111, 29.7496631093105], [-95.3576824018105, 29.7503966854129], [-95.3572075413727, 29.7509474407497], [-95.3570672304344, 29.7511176480558], [-95.3558608502448, 29.7526180381125], [-95.3552746615438, 29.7533470692263], [-95.3546688214866, 29.7541005239486], [-95.3540489208267, 29.7548714555578], [-95.3539574825654, 29.7549851706233], [-95.3528560382439, 29.7563858106672], [-95.3523629921746, 29.7570127464985], [-95.3523629824868, 29.7570204676899], [-95.3522494968225, 29.7571635419796], [-95.3516594606662, 29.7579074175075], [-95.351470370705, 29.7581458066265], [-95.3511385123746, 29.758669728535], [-95.3509923140198, 29.7589005389906]]}, "properties": {"centerlineid": 10140217, "roadclass": "FREEWAY", "fullname": "N US 59", "fromleft": 0, "toleft": 0, "fromright": 400, "toright": 738, "onewaydir": "FT"}}, {"type": "Feature", "geometry": {"type": "LineString", "coordinates": [[-95.3054727144697, 29.7443402536136], [-95.3039467133856, 29.7438558625057], [-95.3034736842794, 29.7437127926329]]}, "properties": {"centerlineid": 10142587, "roadclass": "LOCAL", "fullname": "AVENUE K", "fromleft": 6701, "toleft": 6799, "fromright": 6700, "toright": 6798, "onewaydir": " "}}, {"type": "Feature", "geometry": {"type": "LineString", "coordinates": [[-95.3009026501113, 29.7444644171978], [-95.299094624817, 29.7438903113362]]}, "properties": {"centerlineid": 10142632, "roadclass": "MAJOR", "fullname": "NAVIGATION BLVD", "fromleft": 6901, "toleft": 6949, "fromright": 6900, "toright": 6948, "onewaydir": " "}}, {"type": "Feature", "geometry": {"type": "LineString", "coordinates": [[-95.3527139094787, 29.7682032114391], [-95.3520807616536, 29.7682089102635]]}, "properties": {"centerlineid": 10140290, "roadclass": "LOCAL", "fullname": "NANCE", "fromleft": 1501, "toleft": 1599, "fromright": 1500, "toright": 1598, "onewaydir": " "}}, {"type": "Feature", "geometry": {"type": "LineString", "coordinates": [[-95.3522028492644, 29.757134774725], [-95.3521188379077, 29.7570852730449]]}, "properties": {"centerlineid": 10140368, "roadclass": "LOCAL", "fullname": "CONGRESS ST", "fromleft": 1991, "toleft": 1999, "fromright": 1990, "toright": 1998, "onewaydir": "TF"}}, {"type": "Feature", "geometry": {"type": "LineString", "coordinates": [[-95.3009254715445, 29.739087536273], [-95.2986291321031, 29.738364659734]]}, "properties": {"centerlineid": 10142688, "roadclass": "LOCAL", "fullname": "AVENUE F", "fromleft": 7001, "toleft": 7099, "fromright": 7000, "toright": 7098, "onewaydir": " "}}, {"type": "Feature", "geometry": {"type": "LineString", "coordinates": [[-95.30175713869, 29.7424311402073], [-95.3014977191612, 29.7430835207866]]}, "properties": {"centerlineid": 10142821, "roadclass": "MAJOR", "fullname": "SSGT MACARIO GARCIA DR", "fromleft": 1001, "toleft": 1099, "fromright": 1000, "toright": 1098, "onewaydir": "FT"}}, {"type": "Feature", "geometry": {"type": "LineString", "coordinates": [[-95.301787733529, 29.7477753918955], [-95.3017037867407, 29.7479661728234], [-95.3015055098157, 29.748437327283]]}, "properties": {"centerlineid": 10142841, "roadclass": "MAJOR", "fullname": "WAYSIDE DR", "fromleft": 1701, "toleft": 1799, "fromright": 1700, "toright": 1798, "onewaydir": "TF"}}, {"type": "Feature", "geometry": {"type": "LineString", "coordinates": [[-95.3529961968603, 29.757605966197], [-95.3534386017787, 29.7570432783738], [-95.3535990086495, 29.7568392909193]]}, "properties": {"centerlineid": 10140649, "roadclass": "LOCAL", "fullname": "HAMILTON ST", "fromleft": 301, "toleft": 399, "fromright": 300, "toright": 398, "onewaydir": "TF"}}, {"type": "Feature", "geometry": {"type": "LineString", "coordinates": [[-95.326499257042, 29.7654566817799], [-95.3258354889632, 29.7654528117807]]}, "properties": {"centerlineid": 10140738, "roadclass": "MAJOR", "fullname": "CLINTON DR", "fromleft": 4401, "toleft": 4449, "fromright": 4400, "toright": 4448, "onewaydir": " "}}, {"type": "Feature", "geometry": {"type": "LineString", "coordinates": [[-95.333739589172, 29.7654242890025], [-95.3336633823326, 29.7654069472019], [-95.3324285526158, 29.765385512847]]}, "properties": {"centerlineid": 10140834, "roadclass": "LOCAL", "fullname": "MELVA ST", "fromleft": 3601, "toleft": 3699, "fromright": 3600, "toright": 3698, "onewaydir": " "}}, {"type": "Feature", "geometry": {"type": "LineString", "coordinates": [[-95.3404763544616, 29.7581668281104], [-95.3396447080726, 29.7576842354034]]}, "properties": {"centerlineid": 10140888, "roadclass": "LOCAL", "fullname": "CARY ST", "fromleft": 2801, "toleft": 2899, "fromright": 2800, "toright": 2898, "onewaydir": " "}}, {"type": "Feature", "geometry": {"type": "LineString", "coordinates": [[-95.3385232406657, 29.7686704784522], [-95.3383324533312, 29.7686782439333], [-95.3375619551972, 29.7686971923215]]}, "properties": {"centerlineid": 10140894, "roadclass": "LOCAL", "fullname": "NANCE ST", "fromleft": 3101, "toleft": 3199, "fromright": 3100, "toright": 3198, "onewaydir": "FT"}}, {"type": "Feature", "geometry": {"type": "LineString", "coordinates": [[-95.3405907058889, 29.7599385627411], [-95.3403771387451, 29.7602057438268]]}, "properties": {"centerlineid": 10140941, "roadclass": "LOCAL", "fullname": "N NAGLE ST", "fromleft": 651, "toleft": 699, "fromright": 650, "toright": 698, "onewaydir": " "}}, {"type": "Feature", "geometry": {"type": "LineString", "coordinates": [[-95.3255141061161, 29.7379545035063], [-95.3255277784242, 29.7378516999551], [-95.3255292990126, 29.7378094768036], [-95.3255209488676, 29.7377644970724], [-95.3255066379815, 29.7377268113519], [-95.3254823669469, 29.7376888524307], [-95.3254447035968, 29.7376666869184], [-95.3252155294938, 29.7375833272432], [-95.3248334321607, 29.7374746406315], [-95.3247768248898, 29.7374643855269], [-95.3247361765637, 29.7374856462716]]}, "properties": {"centerlineid": 10143368, "roadclass": "LOCAL", "fullname": "CURTIN ST", "fromleft": 5001, "toleft": 5099, "fromright": 5000, "toright": 5098, "onewaydir": " "}}, {"type": "Feature", "geometry": {"type": "LineString", "coordinates": [[-95.3541406721443, 29.7391847127104], [-95.3529656212827, 29.7384429552052]]}, "properties": {"centerlineid": 10138787, "roadclass": "FRONTAGE", "fullname": "GULF FWY", "fromleft": 0, "toleft": 0, "fromright": 3100, "toright": 3148, "onewaydir": "TF"}}, {"type": "Feature", "geometry": {"type": "LineString", "coordinates": [[-95.33946920993, 29.7673144632253], [-95.3394922770691, 29.7679761587382]]}, "properties": {"centerlineid": 10140984, "roadclass": "LOCAL", "fullname": "MEADOW ST", "fromleft": 601, "toleft": 699, "fromright": 600, "toright": 698, "onewaydir": " "}}, {"type": "Feature", "geometry": {"type": "LineString", "coordinates": [[-95.3384392762655, 29.7647222121027], [-95.3384623089511, 29.7653460426764]]}, "properties": {"centerlineid": 10141082, "roadclass": "LOCAL", "fullname": "SYDNOR ST", "fromleft": 201, "toleft": 299, "fromright": 200, "toright": 298, "onewaydir": " "}}, {"type": "Feature", "geometry": {"type": "LineString", "coordinates": [[-95.3417172184069, 29.7657258673967], [-95.3417198983766, 29.765950665112]]}, "properties": {"centerlineid": 10141101, "roadclass": "LOCAL", "fullname": "CLARK ST", "fromleft": 401, "toleft": 499, "fromright": 400, "toright": 498, "onewaydir": " "}}, {"type": "Feature", "geometry": {"type": "LineString", "coordinates": [[-95.3356774852082, 29.7673678763472], [-95.3357080208675, 29.7680391271069]]}, "properties": {"centerlineid": 10141110, "roadclass": "LOCAL", "fullname": "GREGG ST", "fromleft": 601, "toleft": 699, "fromright": 600, "toright": 698, "onewaydir": " "}}, {"type": "Feature", "geometry": {"type": "LineString", "coordinates": [[-95.3375313570668, 29.7673486884781], [-95.3375466467964, 29.7680142647108]]}, "properties": {"centerlineid": 10141112, "roadclass": "LOCAL", "fullname": "BAYOU ST", "fromleft": 601, "toleft": 699, "fromright": 600, "toright": 698, "onewaydir": " "}}, {"type": "Feature", "geometry": {"type": "LineString", "coordinates": [[-95.3328928351265, 29.7475999558416], [-95.3326028371299, 29.7475066107437], [-95.3321220906746, 29.7473558034602]]}, "properties": {"centerlineid": 10141196, "roadclass": "LOCAL", "fullname": "SHERMAN ST", "fromleft": 4201, "toleft": 4299, "fromright": 4200, "toright": 4298, "onewaydir": " "}}, {"type": "Feature", "geometry": {"type": "LineString", "coordinates": [[-95.3419946299032, 29.7475465452426], [-95.3416970769759, 29.7473692801489], [-95.3411401272971, 29.7470450059045]]}, "properties": {"centerlineid": 10141201, "roadclass": "LOCAL", "fullname": "TEXAS ST", "fromleft": 3401, "toleft": 3499, "fromright": 3400, "toright": 3498, "onewaydir": " "}}, {"type": "Feature", "geometry": {"type": "LineString", "coordinates": [[-95.3304666924614, 29.7454505816354], [-95.3309700302573, 29.7445978704302], [-95.3312981385862, 29.744018074412]]}, "properties": {"centerlineid": 10141235, "roadclass": "LOCAL", "fullname": "SUPER ST", "fromleft": 301, "toleft": 399, "fromright": 300, "toright": 398, "onewaydir": " "}}, {"type": "Feature", "geometry": {"type": "LineString", "coordinates": [[-95.3424142278973, 29.7361979453398], [-95.3421320041571, 29.7362036356023], [-95.3420540663201, 29.7361994831494], [-95.3420206524237, 29.7361969576767], [-95.3419874289199, 29.7361929525142], [-95.3419544817835, 29.7361874780267], [-95.3419218962741, 29.7361805483806], [-95.3418420015652, 29.736161665497], [-95.3413689587035, 29.7360185903963]]}, "properties": {"centerlineid": 10139022, "roadclass": "LOCAL", "fullname": "COYLE ST", "fromleft": 4001, "toleft": 4031, "fromright": 4000, "toright": 4030, "onewaydir": " "}}, {"type": "Feature", "geometry": {"type": "LineString", "coordinates": [[-95.3374932764432, 29.7376742389507], [-95.3355628922594, 29.7371019785357]]}, "properties": {"centerlineid": 10139098, "roadclass": "LOCAL", "fullname": "BELL ST", "fromleft": 4301, "toleft": 4399, "fromright": 4300, "toright": 4398, "onewaydir": " "}}, {"type": "Feature", "geometry": {"type": "LineString", "coordinates": [[-95.3431389227424, 29.7371631186585], [-95.3433830737629, 29.7364915952124]]}, "properties": {"centerlineid": 10139120, "roadclass": "LOCAL", "fullname": "HUSSION ST", "fromleft": 1801, "toleft": 1899, "fromright": 1800, "toright": 1898, "onewaydir": " "}}, {"type": "Feature", "geometry": {"type": "LineString", "coordinates": [[-95.3297189531634, 29.7420514754193], [-95.3300165271897, 29.7416165877519]]}, "properties": {"centerlineid": 10141295, "roadclass": "MAJOR", "fullname": "S LOCKWOOD DR", "fromleft": 701, "toleft": 799, "fromright": 700, "toright": 798, "onewaydir": " "}}, {"type": "Feature", "geometry": {"type": "LineString", "coordinates": [[-95.3363030954309, 29.7464631755557], [-95.3365506505981, 29.7458516723049], [-95.3365700838489, 29.7458033131969]]}, "properties": {"centerlineid": 10141300, "roadclass": "LOCAL", "fullname": "DRENNAN ST", "fromleft": 401, "toleft": 499, "fromright": 400, "toright": 498, "onewaydir": " "}}, {"type": "Feature", "geometry": {"type": "LineString", "coordinates": [[-95.334189781747, 29.7518514821875], [-95.3335869305463, 29.7514930299303]]}, "properties": {"centerlineid": 10141339, "roadclass": "LOCAL", "fullname": "LOVEJOY ST", "fromleft": 3801, "toleft": 3899, "fromright": 3800, "toright": 3898, "onewaydir": " "}}, {"type": "Feature", "geometry": {"type": "LineString", "coordinates": [[-95.3398126408609, 29.7374453542905], [-95.3402169492063, 29.7364687720324], [-95.3402322277973, 29.7364306720855]]}, "properties": {"centerlineid": 10139176, "roadclass": "MAJOR", "fullname": "CULLEN BLVD", "fromleft": 1601, "toleft": 1699, "fromright": 1600, "toright": 1698, "onewaydir": " "}}, {"type": "Feature", "geometry": {"type": "LineString", "coordinates": [[-95.3318169873581, 29.7450079085182], [-95.3320686959072, 29.7446284666024], [-95.3323052844393, 29.7443270385433], [-95.3323253742229, 29.7442798161843], [-95.3323281015644, 29.7442736565335], [-95.3323315534886, 29.7442457942211], [-95.3323358555173, 29.7442106500304]]}, "properties": {"centerlineid": 10141443, "roadclass": "LOCAL", "fullname": "EASTWOOD ST", "fromleft": 321, "toleft": 399, "fromright": 320, "toright": 398, "onewaydir": " "}}, {"type": "Feature", "geometry": {"type": "LineString", "coordinates": [[-95.3281242954679, 29.7483857600195], [-95.3279565435236, 29.7486031943095], [-95.3272469325343, 29.7495188536915]]}, "properties": {"centerlineid": 10141470, "roadclass": "LOCAL", "fullname": "N HAGERMAN ST", "fromleft": 101, "toleft": 199, "fromright": 100, "toright": 198, "onewaydir": " "}}, {"type": "Feature", "geometry": {"type": "LineString", "coordinates": [[-95.337066127972, 29.7521604115045], [-95.3362268974586, 29.7516607025937]]}, "properties": {"centerlineid": 10141502, "roadclass": "MAJOR", "fullname": "CANAL ST", "fromleft": 3501, "toleft": 3599, "fromright": 3500, "toright": 3598, "onewaydir": " "}}, {"type": "Feature", "geometry": {"type": "LineString", "coordinates": [[-95.3383783307749, 29.7521033829603], [-95.3375238106605, 29.7515883777702]]}, "properties": {"centerlineid": 10141507, "roadclass": "LOCAL", "fullname": "MCASHAN ST", "fromleft": 3401, "toleft": 3499, "fromright": 3400, "toright": 3498, "onewaydir": " "}}, {"type": "Feature", "geometry": {"type": "LineString", "coordinates": [[-95.3341819995308, 29.7465624336645], [-95.3334114932721, 29.7463221552101]]}, "properties": {"centerlineid": 10141547, "roadclass": "LOCAL", "fullname": "GARROW ST", "fromleft": 4101, "toleft": 4199, "fromright": 4100, "toright": 4198, "onewaydir": " "}}, {"type": "Feature", "geometry": {"type": "LineString", "coordinates": [[-95.327750005005, 29.7380483049356], [-95.3280099430841, 29.7377027677358]]}, "properties": {"centerlineid": 10139406, "roadclass": "LOCAL", "fullname": "DUMBLE ST", "fromleft": 1025, "toleft": 1099, "fromright": 1024, "toright": 1098, "onewaydir": " "}}, {"type": "Feature", "geometry": {"type": "LineString", "coordinates": [[-95.3422234803156, 29.7488341327565], [-95.3413689728396, 29.7483323628023]]}, "properties": {"centerlineid": 10141564, "roadclass": "MAJOR", "fullname": "HARRISBURG BLVD", "fromleft": 3301, "toleft": 3399, "fromright": 3300, "toright": 3398, "onewaydir": " "}}, {"type": "Feature", "geometry": {"type": "LineString", "coordinates": [[-95.3357461610537, 29.7522941105684], [-95.3350976976756, 29.7519126029709]]}, "properties": {"centerlineid": 10141584, "roadclass": "LOCAL", "fullname": "SALTUS ST", "fromleft": 3601, "toleft": 3699, "fromright": 3600, "toright": 3698, "onewaydir": " "}}, {"type": "Feature", "geometry": {"type": "LineString", "coordinates": [[-95.3262094698381, 29.7466769842889], [-95.3266212975446, 29.7456620823695]]}, "properties": {"centerlineid": 10141607, "roadclass": "LOCAL", "fullname": "BURR ST", "fromleft": 101, "toleft": 199, "fromright": 100, "toright": 198, "onewaydir": " "}}, {"type": "Feature", "geometry": {"type": "LineString", "coordinates": [[-95.334410856129, 29.7449583750399], [-95.335298318573, 29.7438420602806]]}, "properties": {"centerlineid": 10141689, "roadclass": "LOCAL", "fullname": "OAKHURST ST", "fromleft": 501, "toleft": 699, "fromright": 500, "toright": 698, "onewaydir": " "}}, {"type": "Feature", "geometry": {"type": "LineString", "coordinates": [[-95.3426583587277, 29.7498679598495], [-95.3430855378535, 29.7493529880874]]}, "properties": {"centerlineid": 10141712, "roadclass": "LOCAL", "fullname": "VELASCO ST", "fromleft": 409, "toleft": 499, "fromright": 408, "toright": 498, "onewaydir": " "}}, {"type": "Feature", "geometry": {"type": "LineString", "coordinates": [[-95.3226082236923, 29.7475848882433], [-95.3222038701917, 29.7474550275799], [-95.3218607305555, 29.7473425702639]]}, "properties": {"centerlineid": 10141773, "roadclass": "LOCAL", "fullname": "AVENUE H", "fromleft": 5101, "toleft": 5199, "fromright": 5100, "toright": 5198, "onewaydir": " "}}, {"type": "Feature", "geometry": {"type": "LineString", "coordinates": [[-95.3218757611417, 29.746461366535], [-95.3221735494054, 29.7457364589802], [-95.3222803504341, 29.7454694911591]]}, "properties": {"centerlineid": 10141791, "roadclass": "LOCAL", "fullname": "EDGEWOOD ST", "fromleft": 1, "toleft": 99, "fromright": 2, "toright": 98, "onewaydir": " "}}, {"type": "Feature", "geometry": {"type": "LineString", "coordinates": [[-95.3140939571524, 29.7403958485891], [-95.3132700345137, 29.7401345846403], [-95.313163024229, 29.7401441986811]]}, "properties": {"centerlineid": 10141848, "roadclass": "LOCAL", "fullname": "GARROW ST", "fromleft": 6201, "toleft": 6299, "fromright": 6200, "toright": 6298, "onewaydir": " "}}, {"type": "Feature", "geometry": {"type": "LineString", "coordinates": [[-95.3527214509974, 29.7563108746413], [-95.3518822308735, 29.7558093584321]]}, "properties": {"centerlineid": 10139609, "roadclass": "LOCAL", "fullname": "PRESTON ST", "fromleft": 2001, "toleft": 2099, "fromright": 2000, "toright": 2098, "onewaydir": "FT"}}, {"type": "Feature", "geometry": {"type": "LineString", "coordinates": [[-95.3199228289456, 29.7497897134421], [-95.3193962355373, 29.7492918311517]]}, "properties": {"centerlineid": 10141879, "roadclass": "MAJOR", "fullname": "NAVIGATION BLVD", "fromleft": 5301, "toleft": 5307, "fromright": 5300, "toright": 5306, "onewaydir": " "}}, {"type": "Feature", "geometry": {"type": "LineString", "coordinates": [[-95.3208154601092, 29.7461542595098], [-95.3212197936198, 29.7451224689672]]}, "properties": {"centerlineid": 10141880, "roadclass": "LOCAL", "fullname": "LENOX ST", "fromleft": 1, "toleft": 99, "fromright": 2, "toright": 98, "onewaydir": " "}}, {"type": "Feature", "geometry": {"type": "LineString", "coordinates": [[-95.3063805977679, 29.7484831998548], [-95.3059532368308, 29.7491010913347]]}, "properties": {"centerlineid": 10141898, "roadclass": "LOCAL", "fullname": "TERMINAL ST", "fromleft": 1601, "toleft": 1699, "fromright": 1600, "toright": 1698, "onewaydir": " "}}, {"type": "Feature", "geometry": {"type": "LineString", "coordinates": [[-95.3102563350464, 29.7420382362385], [-95.3095314170579, 29.741807352282], [-95.3088143187967, 29.7415784964629]]}, "properties": {"centerlineid": 10141933, "roadclass": "LOCAL", "fullname": "AVENUE F", "fromleft": 6501, "toleft": 6599, "fromright": 6500, "toright": 6598, "onewaydir": " "}}, {"type": "Feature", "geometry": {"type": "LineString", "coordinates": [[-95.3245538406268, 29.7531846951802], [-95.3240883875233, 29.7530454908589], [-95.3237068609694, 29.7529177027817]]}, "properties": {"centerlineid": 10141944, "roadclass": "LOCAL", "fullname": "CRITES ST", "fromleft": 4601, "toleft": 4625, "fromright": 4600, "toright": 4624, "onewaydir": " "}}, {"type": "Feature", "geometry": {"type": "LineString", "coordinates": [[-95.3229744137624, 29.7467990575398], [-95.3228523732881, 29.7467684947726]]}, "properties": {"centerlineid": 10141950, "roadclass": "MAJOR", "fullname": "CANAL ST", "fromleft": 5097, "toleft": 5099, "fromright": 5096, "toright": 5098, "onewaydir": " "}}, {"type": "Feature", "geometry": {"type": "LineString", "coordinates": [[-95.3234017933428, 29.7421849555681], [-95.3225244616074, 29.7419122819306]]}, "properties": {"centerlineid": 10141969, "roadclass": "MAJOR", "fullname": "HARRISBURG BLVD", "fromleft": 5205, "toleft": 5299, "fromright": 5204, "toright": 5298, "onewaydir": " "}}, {"type": "Feature", "geometry": {"type": "LineString", "coordinates": [[-95.3493340191515, 29.7542794324136], [-95.3484872541361, 29.7538943091192]]}, "properties": {"centerlineid": 10139740, "roadclass": "LOCAL", "fullname": "PRESTON ST", "fromleft": 2401, "toleft": 2499, "fromright": 2400, "toright": 2498, "onewaydir": " "}}, {"type": "Feature", "geometry": {"type": "LineString", "coordinates": [[-95.3449472036597, 29.7438024587266], [-95.3441079743641, 29.7432932127648]]}, "properties": {"centerlineid": 10139784, "roadclass": "LOCAL", "fullname": "LAMAR ST", "fromleft": 3401, "toleft": 3499, "fromright": 3400, "toright": 3498, "onewaydir": " "}}, {"type": "Feature", "geometry": {"type": "LineString", "coordinates": [[-95.3479303114827, 29.7400659321865], [-95.3475793751851, 29.7398391258745], [-95.3474801163691, 29.7397798066254], [-95.3473505082102, 29.7397284532811], [-95.3471750765217, 29.7396750582393], [-95.3470986227068, 29.7396501803078]]}, "properties": {"centerlineid": 10139802, "roadclass": "MAJOR", "fullname": "LEELAND ST", "fromleft": 3401, "toleft": 3423, "fromright": 3400, "toright": 3422, "onewaydir": " "}}, {"type": "Feature", "geometry": {"type": "LineString", "coordinates": [[-95.3130334354867, 29.759124237371], [-95.3098748161172, 29.7591584662318], [-95.309699390735, 29.7591605203367], [-95.3093943265737, 29.7591604919196]]}, "properties": {"centerlineid": 10142174, "roadclass": "LOCAL", "fullname": "HARVEY WILSON ST", "fromleft": 5601, "toleft": 5799, "fromright": 5600, "toright": 5798, "onewaydir": " "}}, {"type": "Feature", "geometry": {"type": "LineString", "coordinates": [[-95.3541254286999, 29.7482333453743], [-95.353270912792, 29.7476916470273]]}, "properties": {"centerlineid": 10139881, "roadclass": "LOCAL", "fullname": "DALLAS ST", "fromleft": 2401, "toleft": 2499, "fromright": 2400, "toright": 2498, "onewaydir": " "}}, {"type": "Feature", "geometry": {"type": "LineString", "coordinates": [[-95.3489755511461, 29.7451527966984], [-95.3488687523822, 29.7450879698763], [-95.3487389370902, 29.7450079099654], [-95.3481210514281, 29.7446284613802]]}, "properties": {"centerlineid": 10139906, "roadclass": "LOCAL", "fullname": "DALLAS ST", "fromleft": 3001, "toleft": 3099, "fromright": 3000, "toright": 3098, "onewaydir": " "}}, {"type": "Feature", "geometry": {"type": "LineString", "coordinates": [[-95.2999566449159, 29.7349637835481], [-95.2996210147932, 29.7358335769325]]}, "properties": {"centerlineid": 10143577, "roadclass": "LOCAL", "fullname": "71ST ST", "fromleft": 101, "toleft": 199, "fromright": 100, "toright": 198, "onewaydir": " "}}, {"type": "Feature", "geometry": {"type": "LineString", "coordinates": [[-95.3194672454891, 29.7486456418942], [-95.3193213452517, 29.748597037725], [-95.3191539022499, 29.7484954946077], [-95.3191197825184, 29.7484580798963], [-95.3191106146357, 29.7484296183813]]}, "properties": {"centerlineid": 10142131, "roadclass": "PRIVATE", "fullname": "LINDSAY LN", "fromleft": 5409, "toleft": 5499, "fromright": 5408, "toright": 5498, "onewaydir": ""}}, {"type": "Feature", "geometry": {"type": "LineString", "coordinates": [[-95.3436798732821, 29.7698276433351], [-95.3434671210871, 29.76985321835], [-95.3432831186094, 29.7698753371178], [-95.342995192545, 29.7699280307301], [-95.3426627153348, 29.7699968757445], [-95.3423678125786, 29.7700562663267], [-95.3421840488414, 29.7701210470814], [-95.3419936749471, 29.770214846028], [-95.3417954174699, 29.770325309944], [-95.3416046617587, 29.770456958188], [-95.3413993806987, 29.77059863915], [-95.3411500514025, 29.7708022800309]]}, "properties": {"centerlineid": 10141142, "roadclass": "RAMP", "fullname": "SB 59 N TO WB 10 E RAMP", "fromleft": 0, "toleft": 0, "fromright": 0, "toright": 0, "onewaydir": "TF"}}, {"type": "Feature", "geometry": {"type": "LineString", "coordinates": [[-95.3232185522993, 29.7654870472529], [-95.3232419236179, 29.7661977220116]]}, "properties": {"centerlineid": 10142307, "roadclass": "LOCAL", "fullname": "SCHWEIKHARDT ST", "fromleft": 401, "toleft": 449, "fromright": 400, "toright": 448, "onewaydir": " "}}, {"type": "Feature", "geometry": {"type": "LineString", "coordinates": [[-95.3232185522993, 29.7654870472529], [-95.3231324396885, 29.7654878032697], [-95.3230077303169, 29.7654803924824], [-95.3229060984052, 29.7654669653061], [-95.3228214545732, 29.7654473558204], [-95.321250351789, 29.7648997449501]]}, "properties": {"centerlineid": 10142138, "roadclass": "MAJOR", "fullname": "CLINTON DR", "fromleft": 4701, "toleft": 4799, "fromright": 4700, "toright": 4798, "onewaydir": " "}}, {"type": "Feature", "geometry": {"type": "LineString", "coordinates": [[-95.3479014617505, 29.7567907843733], [-95.3471520019052, 29.7563471329372]]}, "properties": {"centerlineid": 10140674, "roadclass": "LOCAL", "fullname": "COMMERCE ST", "fromleft": 2321, "toleft": 2399, "fromright": 2320, "toright": 2398, "onewaydir": " "}}, {"type": "Feature", "geometry": {"type": "LineString", "coordinates": [[-95.3486933025929, 29.7572664710148], [-95.3479014617505, 29.7567907843733]]}, "properties": {"centerlineid": 10140673, "roadclass": "LOCAL", "fullname": "COMMERCE ST", "fromleft": 2301, "toleft": 2319, "fromright": 2300, "toright": 2318, "onewaydir": " "}}, {"type": "Feature", "geometry": {"type": "LineString", "coordinates": [[-95.3479014617505, 29.7567907843733], [-95.3482541538655, 29.7563408080031], [-95.3482644229647, 29.7563286339375], [-95.3482756337241, 29.756317109692], [-95.3482877323025, 29.7563062906128], [-95.3483006605951, 29.7562962286596], [-95.3483143565121, 29.7562869721561], [-95.3483287542775, 29.7562785655574], [-95.3483437847444, 29.7562710492371], [-95.3483593757273, 29.756264459293], [-95.3484461365556, 29.7562309764567]]}, "properties": {"centerlineid": 10140672, "roadclass": "PRIVATE", "fullname": "ADAM LN", "fromleft": 101, "toleft": 199, "fromright": 100, "toright": 198, "onewaydir": " "}}, {"type": "Feature", "geometry": {"type": "LineString", "coordinates": [[-95.3485712566103, 29.7565398619463], [-95.3484461365556, 29.7562309764567]]}, "properties": {"centerlineid": 10140671, "roadclass": "PRIVATE", "fullname": "SPERBER LN", "fromleft": 2301, "toleft": 2309, "fromright": 2300, "toright": 2310, "onewaydir": " "}}, {"type": "Feature", "geometry": {"type": "LineString", "coordinates": [[-95.3484461365556, 29.7562309764567], [-95.3483069406584, 29.7558366616081]]}, "properties": {"centerlineid": 10140212, "roadclass": "PRIVATE", "fullname": "SPERBER LN", "fromleft": 2311, "toleft": 2329, "fromright": 2312, "toright": 2330, "onewaydir": " "}}, {"type": "Feature", "geometry": {"type": "LineString", "coordinates": [[-95.3483069406584, 29.7558366616081], [-95.3482028012847, 29.7558595898106], [-95.3481642470843, 29.7558631112025], [-95.3481438961337, 29.7558634262576], [-95.3481237872915, 29.755860677213], [-95.3481045219507, 29.7558549462842], [-95.3480866762772, 29.7558464048654], [-95.3480604234786, 29.755831123147], [-95.347518360092, 29.755482649039]]}, "properties": {"centerlineid": 10140211, "roadclass": "PRIVATE", "fullname": "ROUFA RD", "fromleft": 2301, "toleft": 2499, "fromright": 2300, "toright": 2498, "onewaydir": " "}}, {"type": "Feature", "geometry": {"type": "LineString", "coordinates": [[-95.3483069406584, 29.7558366616081], [-95.3480047194939, 29.7549709298606]]}, "properties": {"centerlineid": 10140215, "roadclass": "PRIVATE", "fullname": "SPERBER LN", "fromleft": 2331, "toleft": 2349, "fromright": 2332, "toright": 2350, "onewaydir": " "}}, {"type": "Feature", "geometry": {"type": "LineString", "coordinates": [[-95.3480047194939, 29.7549709298606], [-95.3479111055873, 29.754696114961]]}, "properties": {"centerlineid": 10140210, "roadclass": "PRIVATE", "fullname": "SPERBER LN", "fromleft": 2351, "toleft": 2399, "fromright": 2352, "toright": 2398, "onewaydir": " "}}, {"type": "Feature", "geometry": {"type": "LineString", "coordinates": [[-95.347518360092, 29.755482649039], [-95.3477242659599, 29.7552316852039], [-95.3477404313365, 29.7552036355086], [-95.3477707947371, 29.7551547356793], [-95.3478033193369, 29.7550922809111], [-95.3478215845773, 29.7550573737629], [-95.3478316841687, 29.7550421422498], [-95.3478446726872, 29.755028680611], [-95.3478601522143, 29.7550174012586], [-95.3478776485175, 29.7550086497476], [-95.3479061498126, 29.7549985761574], [-95.3480047194939, 29.7549709298606]]}, "properties": {"centerlineid": 10140213, "roadclass": "PRIVATE", "fullname": "RILEY LN", "fromleft": 201, "toleft": 299, "fromright": 200, "toright": 298, "onewaydir": " "}}, {"type": "Feature", "geometry": {"type": "LineString", "coordinates": [[-95.3469310795834, 29.7562162823463], [-95.347518360092, 29.755482649039]]}, "properties": {"centerlineid": 10140214, "roadclass": "PRIVATE", "fullname": "RILEY LN", "fromleft": 101, "toleft": 199, "fromright": 100, "toright": 198, "onewaydir": " "}}, {"type": "Feature", "geometry": {"type": "LineString", "coordinates": [[-95.3513582434184, 29.7631703647005], [-95.3511284636185, 29.7629182357464], [-95.3510878954444, 29.7628737203383], [-95.3510215706045, 29.7628000290737], [-95.3509033757731, 29.7626687052566], [-95.3507715563081, 29.7625222455351], [-95.3505166140953, 29.7622389855456]]}, "properties": {"centerlineid": 10140456, "roadclass": "LOCAL", "fullname": "RUNNELS ST", "fromleft": 1801, "toleft": 1889, "fromright": 1800, "toright": 1888, "onewaydir": " "}}, {"type": "Feature", "geometry": {"type": "LineString", "coordinates": [[-95.3519967944321, 29.7622543097591], [-95.351996790584, 29.7627164306846], [-95.3519978927732, 29.7631441528062]]}, "properties": {"centerlineid": 10140508, "roadclass": "LOCAL", "fullname": "MCKEE ST", "fromleft": 201, "toleft": 299, "fromright": 200, "toright": 298, "onewaydir": " "}}, {"type": "Feature", "geometry": {"type": "LineString", "coordinates": [[-95.3484707832586, 29.7632141417001], [-95.3487996528662, 29.7627431952644], [-95.3488980496957, 29.7625738481422], [-95.3489735743558, 29.7624121024579], [-95.3490960907893, 29.7621024583836], [-95.3491284939069, 29.7619925238071], [-95.349149957662, 29.761882290042], [-95.3491643127738, 29.7617871486505], [-95.3491960996535, 29.7616943913996], [-95.3492424502274, 29.7616230502502], [-95.3492905782288, 29.7615632206449], [-95.3493793827281, 29.7614681961049]]}, "properties": {"centerlineid": 10140265, "roadclass": "LOCAL", "fullname": "WEST DR", "fromleft": 201, "toleft": 499, "fromright": 200, "toright": 498, "onewaydir": "FT"}}, {"type": "Feature", "geometry": {"type": "LineString", "coordinates": [[-95.3494672348388, 29.7615221775856], [-95.3493793827281, 29.7614681961049]]}, "properties": {"centerlineid": 10140246, "roadclass": "LOCAL", "fullname": "RUNNELS ST", "fromleft": 1905, "toleft": 1917, "fromright": 1904, "toright": 1916, "onewaydir": " "}}, {"type": "Feature", "geometry": {"type": "LineString", "coordinates": [[-95.3494672348388, 29.7615221775856], [-95.3493947142913, 29.762264685998], [-95.3493721108762, 29.7627806749813], [-95.3492362435128, 29.7633690086148], [-95.3490517732151, 29.763741981531], [-95.3486093613878, 29.7644209958326], [-95.3478844218466, 29.7651267309982], [-95.3471750440148, 29.7657161272024], [-95.3468241485658, 29.7659696199331], [-95.3461984766392, 29.7663415427275], [-95.345366783348, 29.7667803194081], [-95.344962156848, 29.766956519938], [-95.3440577144901, 29.7674203864685]]}, "properties": {"centerlineid": 10140698, "roadclass": "RAMP", "fullname": "N CHARTRES TO IH 10 E RAMP", "fromleft": 0, "toleft": 0, "fromright": 0, "toright": 0, "onewaydir": "FT"}}, {"type": "Feature", "geometry": {"type": "LineString", "coordinates": [[-95.3494672348388, 29.7615221775856], [-95.3495240564424, 29.7609932597164], [-95.3496774381369, 29.7604136081856], [-95.3496877690218, 29.7603737680794], [-95.3497030242869, 29.7603206720132], [-95.3497210768046, 29.7602682481385], [-95.3497418879597, 29.76021660858], [-95.3497654132371, 29.760165863785], [-95.3498647988596, 29.7599649732693]]}, "properties": {"centerlineid": 10140439, "roadclass": "LOCAL", "fullname": "CHARTRES ST", "fromleft": 107, "toleft": 199, "fromright": 106, "toright": 198, "onewaydir": "TF"}}, {"type": "Feature", "geometry": {"type": "LineString", "coordinates": [[-95.3520729839651, 29.7603698088232], [-95.3512032101463, 29.7615980600873], [-95.3510574730187, 29.7618764202637], [-95.3510366228699, 29.7619226668161], [-95.3510215774701, 29.7619705976441], [-95.3510125103753, 29.7620196598683], [-95.3510095261829, 29.7620692875573], [-95.3510126593244, 29.7621189082568], [-95.3510218736678, 29.7621679495921], [-95.3510370629342, 29.7622158458706], [-95.3510580519232, 29.7622620446073], [-95.3510685326766, 29.7622819241843], [-95.3510803525963, 29.7623021263255], [-95.3510940240377, 29.7623214187291], [-95.3511094556613, 29.7623396725003], [-95.3511265443675, 29.7623567656837], [-95.3512153148438, 29.7624385559852], [-95.3512393043245, 29.7624606618188], [-95.351356793005, 29.7625747088031], [-95.3517298975406, 29.7629581733895], [-95.3518334938358, 29.7630731212448], [-95.351857196152, 29.7630951372069], [-95.3518849404352, 29.7631132038927], [-95.3519158742117, 29.7631267661821], [-95.351949047006, 29.763135407358], [-95.3519978927732, 29.7631441528062]]}, "properties": {"centerlineid": 10140571, "roadclass": "LOCAL", "fullname": "N CHENEVERT ST", "fromleft": 101, "toleft": 199, "fromright": 100, "toright": 198, "onewaydir": " "}}, {"type": "Feature", "geometry": {"type": "LineString", "coordinates": [[-95.3520729839651, 29.7603698088232], [-95.3510904617854, 29.7623235207203], [-95.3509646285969, 29.7625747122339], [-95.3509033757731, 29.7626687052566], [-95.3509009509617, 29.7626724271659], [-95.3506675593997, 29.763068402128], [-95.3504972935657, 29.763327950576], [-95.3502720009181, 29.7636375485786], [-95.3500919036592, 29.763838594631], [-95.3499014098827, 29.764020677066], [-95.3498582659993, 29.7640564921067], [-95.3497031469367, 29.7641852598226], [-95.3494316064868, 29.7644467037586], [-95.3493937671828, 29.7644831370832], [-95.3492755933221, 29.7645969161597], [-95.3489494664548, 29.7648671965813], [-95.3487319880297, 29.765047432983], [-95.3486317600142, 29.7651304976462], [-95.3483556459775, 29.7653593279122], [-95.3473551742766, 29.7661541503165], [-95.3469932393597, 29.7663524980797], [-95.3462119360753, 29.7667806578433], [-95.3453746424716, 29.7671498193541], [-95.3450843268387, 29.7672877502191], [-95.3446073031098, 29.7674851529807]]}, "properties": {"centerlineid": 1086093, "roadclass": "RAMP", "fullname": "CHENEVERT - US 59  N", "fromleft": 0, "toleft": 0, "fromright": 0, "toright": 0, "onewaydir": "FT"}}, {"type": "Feature", "geometry": {"type": "LineString", "coordinates": [[-95.3559181489132, 29.7681192446245], [-95.3555750070497, 29.7681516400074], [-95.3549034732601, 29.7683348431703], [-95.354628989299, 29.7683900823339], [-95.3545799066511, 29.7683981667463], [-95.3542511262707, 29.7684387995161], [-95.3539510169714, 29.7684677273043], [-95.3534585245777, 29.7684959340786], [-95.3531488097739, 29.7685064330867], [-95.3527673432776, 29.7685235439876], [-95.3524620444283, 29.7685502623006], [-95.3522562246652, 29.7685580096256], [-95.352080771065, 29.7685828656362]]}, "properties": {"centerlineid": 10140703, "roadclass": "RAMP", "fullname": "IH 10 EAST FWY SAN JACINTO RAMP", "fromleft": 0, "toleft": 0, "fromright": 0, "toright": 0, "onewaydir": "FT"}}, {"type": "Feature", "geometry": {"type": "LineString", "coordinates": [[-95.3551019616542, 29.7687142905702], [-95.3546289577108, 29.7689071247099], [-95.3543848526905, 29.7690252918139], [-95.353682735944, 29.769368700037], [-95.3531259885031, 29.7696413560601], [-95.3527291929154, 29.769811136699], [-95.3525003634541, 29.769877755963], [-95.352172271922, 29.7699751639803], [-95.3520880839253, 29.7699952196167], [-95.352008412044, 29.7700141975554], [-95.3519967891751, 29.7700171838902], [-95.3518213053526, 29.7700591572815], [-95.3514604851138, 29.7701567524383], [-95.3514584787724, 29.7701569065614]]}, "properties": {"centerlineid": 10196319, "roadclass": "HIGHWAY", "fullname": "E IH 10", "fromleft": 1301, "toleft": 1613, "fromright": 0, "toright": 0, "onewaydir": "TF"}}, {"type": "Feature", "geometry": {"type": "LineString", "coordinates": [[-95.3514584787724, 29.7701569065614], [-95.3512764224938, 29.7701704369215], [-95.3509144051429, 29.7701986146239], [-95.3504502669095, 29.7701988340823], [-95.3491985501736, 29.7701994208108]]}, "properties": {"centerlineid": 10196318, "roadclass": "HIGHWAY", "fullname": "E IH 10", "fromleft": 1615, "toleft": 1649, "fromright": 0, "toright": 0, "onewaydir": "TF"}}, {"type": "Feature", "geometry": {"type": "LineString", "coordinates": [[-95.3528360262175, 29.769526846298], [-95.3524545212744, 29.7696642022374], [-95.3521188567007, 29.7697691265382], [-95.3520881769626, 29.7697767225598], [-95.3518400693135, 29.7698507641514], [-95.3514397983932, 29.7699370825349], [-95.3512747042681, 29.7699496540848], [-95.3506159016567, 29.7699998220225], [-95.3504479330722, 29.7700045240192], [-95.3503301905821, 29.7700078213061]]}, "properties": {"centerlineid": 10196320, "roadclass": "HIGHWAY", "fullname": "E IH 10", "fromleft": 0, "toleft": 0, "fromright": 1500, "toright": 1604, "onewaydir": "FT"}}, {"type": "Feature", "geometry": {"type": "LineString", "coordinates": [[-95.3578332079225, 29.7504897358122], [-95.3572440581737, 29.7512251208475], [-95.3560471063404, 29.7527377837522], [-95.3554665675533, 29.753471426395], [-95.3548735472284, 29.7542208289208], [-95.3542555267467, 29.7550018099711], [-95.3535606915423, 29.7558798422826], [-95.3530593183654, 29.7565208323915], [-95.3524573333523, 29.7572904345643], [-95.3518770326085, 29.7580323034782], [-95.3513611311622, 29.7586918304784]]}, "properties": {"centerlineid": 10196375, "roadclass": "FREEWAY", "fullname": "N US 59", "fromleft": 301, "toleft": 853, "fromright": 0, "toright": 0, "onewaydir": "TF"}}, {"type": "Feature", "geometry": {"type": "LineString", "coordinates": [[-95.3513611311622, 29.7586918304784], [-95.3513048454386, 29.7587735017352], [-95.3509897278742, 29.7592313638165], [-95.3507814535516, 29.7595960766617], [-95.3506226839408, 29.759902444315], [-95.3505910493498, 29.759966147543], [-95.3505617349209, 29.760030690225], [-95.350534769869, 29.7600960080472], [-95.3505101810682, 29.760162035923], [-95.3504879930249, 29.7602287080584], [-95.3504682278533, 29.7602959580171], [-95.3504509052534, 29.7603637187871], [-95.3504360424916, 29.760431922847], [-95.3502355403044, 29.7614383114202], [-95.3501760657878, 29.7618079405087], [-95.3501464508979, 29.7619325478775], [-95.3499536682312, 29.7627437131809], [-95.3497986858633, 29.7634362394959], [-95.3496320444204, 29.7639694085089], [-95.3493937671828, 29.7644831370832], [-95.3488556122184, 29.7653850656284], [-95.3481438800108, 29.7661567282669], [-95.3477550448144, 29.7664170496712], [-95.3473996908815, 29.7666659054991], [-95.3466366089757, 29.767050146048], [-95.3456037286789, 29.7674625563304], [-95.3452352356325, 29.7675928411991], [-95.3450566135524, 29.7676581428728], [-95.3448200361792, 29.7677396376188], [-95.3441751618429, 29.7679992950043]]}, "properties": {"centerlineid": 10196378, "roadclass": "FREEWAY", "fullname": "N US 59", "fromleft": 855, "toleft": 1113, "fromright": 0, "toright": 0, "onewaydir": "TF"}}, {"type": "Feature", "geometry": {"type": "LineString", "coordinates": [[-95.3441751618429, 29.7679992950043], [-95.3439438380628, 29.7680913170954], [-95.3436842530037, 29.7681917492561], [-95.3432778923541, 29.7683562290535], [-95.3426036785106, 29.768624425868], [-95.3421431277181, 29.7688277625938]]}, "properties": {"centerlineid": 10196377, "roadclass": "FREEWAY", "fullname": "N US 59", "fromleft": 1115, "toleft": 1151, "fromright": 0, "toright": 0, "onewaydir": "TF"}}, {"type": "Feature", "geometry": {"type": "LineString", "coordinates": [[-95.3421431277181, 29.7688277625938], [-95.3420380647311, 29.7689080207808], [-95.3418437719155, 29.769056443077], [-95.3416812617316, 29.7691805858539], [-95.3414687753189, 29.769396047405], [-95.3414646554802, 29.7694011457515], [-95.3413337726759, 29.7695631294636], [-95.3412414754164, 29.7696838672603], [-95.3410517520363, 29.7699320495921], [-95.3408498272262, 29.7703386875276], [-95.3407061342202, 29.7707113828365], [-95.3405685402369, 29.7711410941603], [-95.3404988374813, 29.7714945928935]]}, "properties": {"centerlineid": 10196380, "roadclass": "FREEWAY", "fullname": "N US 59", "fromleft": 1153, "toleft": 1183, "fromright": 0, "toright": 0, "onewaydir": "TF"}}, {"type": "Feature", "geometry": {"type": "LineString", "coordinates": [[-95.3446073031098, 29.7674851529807], [-95.3436661630523, 29.767827953763], [-95.3434335243882, 29.7679135028691], [-95.3431236590426, 29.7680281255902], [-95.3425972519902, 29.768222354787], [-95.3420171973761, 29.768482408022], [-95.34168014433, 29.7687624979547], [-95.3414252686636, 29.7689745872271], [-95.3412493487759, 29.7691209725841], [-95.3412185824609, 29.7691465748512], [-95.3411344330602, 29.7692165969317], [-95.3409798097448, 29.7693996194272], [-95.3408598782153, 29.7695810016758], [-95.3407229707199, 29.7697880578804], [-95.3404788187497, 29.7702462913653], [-95.3403727622025, 29.7705256416066], [-95.3403229178592, 29.7707598901367]]}, "properties": {"centerlineid": 10196426, "roadclass": "FREEWAY", "fullname": "N US 59", "fromleft": 0, "toleft": 0, "fromright": 1040, "toright": 1158, "onewaydir": "FT"}}, {"type": "Feature", "geometry": {"type": "LineString", "coordinates": [[-95.3495639699123, 29.7634971145098], [-95.3492506455652, 29.7642234620633], [-95.3490633509782, 29.7645632515838], [-95.3487319880297, 29.765047432983], [-95.3483364855973, 29.765544912574], [-95.3479989552464, 29.7658457161382], [-95.3476708665078, 29.7661407800537], [-95.3473861729003, 29.7663405706142], [-95.3469003339541, 29.7666213590272], [-95.3462557415619, 29.7669064650899], [-95.3453169401603, 29.7672344115016], [-95.3450969485454, 29.7673132650591], [-95.3446075964915, 29.7674850504031], [-95.3446073031098, 29.7674851529807]]}, "properties": {"centerlineid": 10196428, "roadclass": "FREEWAY", "fullname": "N US 59", "fromleft": 0, "toleft": 0, "fromright": 878, "toright": 1038, "onewaydir": "FT"}}, {"type": "Feature", "geometry": {"type": "LineString", "coordinates": [[-95.3509923140198, 29.7589005389906], [-95.3506334354115, 29.759507816926], [-95.35058863945, 29.7595836184654], [-95.3504706702926, 29.7597959415222], [-95.350430630169, 29.7598715562486], [-95.3503938400628, 29.7599484177047], [-95.3503603508637, 29.7600264195881], [-95.3503302088962, 29.7601054540187], [-95.350303455856, 29.7601854116881], [-95.3502801287518, 29.7602661820109], [-95.3502602598544, 29.7603476532774], [-95.3502438766519, 29.7604297128082], [-95.3501742970547, 29.7608232782256], [-95.3499949976117, 29.7616980901402], [-95.3499765951517, 29.7617922265545], [-95.3498685615165, 29.7622112598524], [-95.3497004832397, 29.7629490833365], [-95.3496208035824, 29.7632770460775], [-95.3495913819888, 29.7634040631279], [-95.3495639699123, 29.7634971145098]]}, "properties": {"centerlineid": 10196429, "roadclass": "FREEWAY", "fullname": "N US 59", "fromleft": 0, "toleft": 0, "fromright": 740, "toright": 876, "onewaydir": "FT"}}, {"type": "Feature", "geometry": {"type": "LineString", "coordinates": [[-95.3229135192438, 29.7399249018461], [-95.3220273374792, 29.7396532180137]]}, "properties": {"centerlineid": 1092257, "roadclass": "LOCAL", "fullname": "S CAPITAL ST", "fromleft": 5401, "toleft": 5499, "fromright": 5400, "toright": 5498, "onewaydir": " "}}, {"type": "Feature", "geometry": {"type": "LineString", "coordinates": [[-95.324676247909, 29.7404922485888], [-95.3238086491643, 29.7401936420365]]}, "properties": {"centerlineid": 1092175, "roadclass": "LOCAL", "fullname": "S CAPITAL ST", "fromleft": 5201, "toleft": 5299, "fromright": 5200, "toright": 5298, "onewaydir": " "}}, {"type": "Feature", "geometry": {"type": "LineString", "coordinates": [[-95.3441751618429, 29.7679992950043], [-95.3450256153238, 29.7677357711327], [-95.3452649929763, 29.7676530017404], [-95.3454112366739, 29.7676065350618], [-95.3462943491242, 29.767282420294], [-95.3468102076269, 29.7670688198045], [-95.3472049175606, 29.7668737761137], [-95.347521745582, 29.7666881777059], [-95.3478760806299, 29.7664274244569], [-95.3482193274678, 29.7661568119558], [-95.3485025973162, 29.7659103498117], [-95.3492365630331, 29.7652017136931], [-95.3494178346733, 29.7650310640884], [-95.349734701268, 29.7647327622187], [-95.3503826275718, 29.7640491234454], [-95.3509107805191, 29.7632483775009], [-95.3511284636185, 29.7629182357464], [-95.3512139800767, 29.7627885381819], [-95.351356793005, 29.7625747088031], [-95.3514680897136, 29.7624080683261], [-95.3517865943398, 29.7620374213482], [-95.3521457628824, 29.7616957074236], [-95.3525811007175, 29.761326341255]]}, "properties": {"centerlineid": 10200615, "roadclass": "RAMP", "fullname": "59 SB JACKSON EXIT RAMP", "fromleft": 0, "toleft": 0, "fromright": 0, "toright": 0, "onewaydir": "FT"}}, {"type": "Feature", "geometry": {"type": "LineString", "coordinates": [[-95.3456564341479, 29.7695541139182], [-95.3448976897195, 29.7691894133569], [-95.3446979613547, 29.769089375278], [-95.3445554875738, 29.7690156382401], [-95.3443944232433, 29.7689021017574], [-95.3442343314763, 29.7687888646656], [-95.344060540036, 29.7686196147412], [-95.343920480291, 29.7684618893118], [-95.3436842530037, 29.7681917492561], [-95.3435502200619, 29.7680463629628], [-95.3434335243882, 29.7679135028691], [-95.3432289490674, 29.767699523714], [-95.3432084612566, 29.7676880555308], [-95.3431802668274, 29.7676827828094], [-95.3431507425847, 29.7676785999081], [-95.3431239185913, 29.7676785720102], [-95.3430731707496, 29.7676816769264], [-95.3430018011481, 29.7676863934286]]}, "properties": {"centerlineid": 10200618, "roadclass": "RAMP", "fullname": "EAST FWY JENSEN RAMP", "fromleft": 0, "toleft": 0, "fromright": 0, "toright": 0, "onewaydir": "FT"}}, {"type": "Feature", "geometry": {"type": "LineString", "coordinates": [[-95.3520729839651, 29.7603698088232], [-95.3515185943857, 29.7617718650873], [-95.3512968375765, 29.7622823457223], [-95.3512153148438, 29.7624385559852], [-95.3511538365977, 29.7625563583862]]}, "properties": {"centerlineid": 10200621, "roadclass": "RAMP", "fullname": "CHENEVERT TO 59 NB HOV RAMP", "fromleft": 0, "toleft": 0, "fromright": 0, "toright": 0, "onewaydir": "FT"}}, {"type": "Feature", "geometry": {"type": "LineString", "coordinates": [[-95.3495639699123, 29.7634971145098], [-95.3489102999778, 29.764511306269], [-95.3485144080813, 29.7650049359203], [-95.3480885070286, 29.7653984849057], [-95.3474347745712, 29.7659136197574], [-95.3468095142884, 29.7663158318965], [-95.3460639763797, 29.7666650195859], [-95.3457133698375, 29.7668020840945], [-95.3449784639533, 29.767073725258], [-95.3440577144901, 29.7674203864685]]}, "properties": {"centerlineid": 10200624, "roadclass": "RAMP", "fullname": "N US 59 - IH 10  E", "fromleft": 0, "toleft": 0, "fromright": 0, "toright": 0, "onewaydir": "FT"}}, {"type": "Feature", "geometry": {"type": "LineString", "coordinates": [[-95.3269259806687, 29.7480321497637], [-95.3265984761201, 29.747931921658]]}, "properties": {"centerlineid": 10200804, "roadclass": "MAJOR", "fullname": "CANAL ST", "fromleft": 4663, "toleft": 4699, "fromright": 4662, "toright": 4698, "onewaydir": " "}}, {"type": "Feature", "geometry": {"type": "LineString", "coordinates": [[-95.3274149057398, 29.7481817782097], [-95.3269259806687, 29.7480321497637]]}, "properties": {"centerlineid": 10200805, "roadclass": "MAJOR", "fullname": "CANAL ST", "fromleft": 4601, "toleft": 4661, "fromright": 4600, "toright": 4660, "onewaydir": " "}}, {"type": "Feature", "geometry": {"type": "LineString", "coordinates": [[-95.3403271623031, 29.771797881387], [-95.3403349283258, 29.771733233533], [-95.3403437096024, 29.7716473909868], [-95.3403565082352, 29.7715532179265], [-95.340375488313, 29.7714181194967], [-95.3403987323446, 29.7712954649655], [-95.3404277120496, 29.7711441992179], [-95.3404656626994, 29.7710055092883], [-95.3404933164938, 29.7708911942157], [-95.3405355309995, 29.7707649470344], [-95.3405927725943, 29.7706086114203], [-95.3406652580249, 29.7704315000849], [-95.3408806177294, 29.7699344833131], [-95.3410736241059, 29.7696418449739], [-95.3411476383817, 29.7695296237938], [-95.3413640854828, 29.7692874945955], [-95.3414700881141, 29.7691689137154], [-95.3415905535831, 29.7690655984117], [-95.3417297150148, 29.7689462480685], [-95.3418314384435, 29.7688590057255], [-95.3422070249237, 29.7686063350295], [-95.3423236566789, 29.7685486112608], [-95.3427377194337, 29.7683436836187], [-95.3431932737703, 29.7681775610675], [-95.3435502200619, 29.7680463629628], [-95.3438075580935, 29.7679535517121], [-95.3451682174887, 29.7674573509769], [-95.3452650192082, 29.767422049614], [-95.3461461060993, 29.7671007263458], [-95.3469895444364, 29.7667471027951], [-95.3475739913906, 29.7663983702565]]}, "properties": {"centerlineid": 10201327, "roadclass": "HOV", "fullname": "N US 59 HOV", "fromleft": 6001, "toleft": 6199, "fromright": 6000, "toright": 6198, "onewaydir": ""}}, {"type": "Feature", "geometry": {"type": "LineString", "coordinates": [[-95.3417198983766, 29.765950665112], [-95.3409546977147, 29.7659679513498]]}, "properties": {"centerlineid": 10201340, "roadclass": "LOCAL", "fullname": "BARON ST", "fromleft": 2801, "toleft": 2871, "fromright": 2800, "toright": 2870, "onewaydir": " "}}, {"type": "Feature", "geometry": {"type": "LineString", "coordinates": [[-95.3395240091995, 29.7659987114575], [-95.3394539399468, 29.7660001949241]]}, "properties": {"centerlineid": 10201343, "roadclass": "LOCAL", "fullname": "BARON ST", "fromleft": 2995, "toleft": 2999, "fromright": 2994, "toright": 2998, "onewaydir": " "}}, {"type": "Feature", "geometry": {"type": "LineString", "coordinates": [[-95.3444513612147, 29.7691683675137], [-95.3441766183876, 29.76908621048], [-95.3434816819229, 29.7688640529859], [-95.3430627384507, 29.7687418340261], [-95.3426036785106, 29.768624425868], [-95.3424295092585, 29.7685733118899], [-95.3423236566789, 29.7685486112608], [-95.3420861301338, 29.7684931857642], [-95.3420171973761, 29.768482408022], [-95.3417199122358, 29.7684359268427], [-95.3414223785408, 29.7684110578269], [-95.3410867536336, 29.7684224554845], [-95.3407357960576, 29.7684644604819], [-95.3403618238028, 29.7685178374213], [-95.3396677077984, 29.7686533662752]]}, "properties": {"centerlineid": 10201566, "roadclass": "HIGHWAY", "fullname": "E IH 10", "fromleft": 0, "toleft": 0, "fromright": 2500, "toright": 2982, "onewaydir": "FT"}}, {"type": "Feature", "geometry": {"type": "LineString", "coordinates": [[-95.3435357131018, 29.7677434336663], [-95.3434030578327, 29.7676929458932], [-95.3433315868507, 29.7676675164712], [-95.3432675602356, 29.7676279835222]]}, "properties": {"centerlineid": 10201608, "roadclass": "RAMP", "fullname": "EAST FWY", "fromleft": 0, "toleft": 0, "fromright": 2500, "toright": 2584, "onewaydir": "FT"}}, {"type": "Feature", "geometry": {"type": "LineString", "coordinates": [[-95.3432675602356, 29.7676279835222], [-95.3432304179212, 29.7676050513432], [-95.3431166891892, 29.7675151082913], [-95.3430608188581, 29.7674508901261], [-95.3430093492218, 29.7673613280517]]}, "properties": {"centerlineid": 10201609, "roadclass": "RAMP", "fullname": "EAST FWY", "fromleft": 0, "toleft": 0, "fromright": 2586, "toright": 2698, "onewaydir": "FT"}}, {"type": "Feature", "geometry": {"type": "LineString", "coordinates": [[-95.3501279332196, 29.7631884334858], [-95.3502630217865, 29.7627384286281], [-95.3504257986074, 29.7621638043505], [-95.350517114248, 29.7618414399442], [-95.3508027541629, 29.7605826352473], [-95.3508147884256, 29.7605351051546], [-95.3508292035626, 29.7604880820809], [-95.350845971752, 29.7604416567728], [-95.3508650606308, 29.7603959188233], [-95.3508864333577, 29.7603509564988], [-95.350910048684, 29.7603068565686], [-95.3509358610336, 29.7602637041379], [-95.3509638205905, 29.7602215824829], [-95.3512184755068, 29.7598566643817]]}, "properties": {"centerlineid": 10202322, "roadclass": "RAMP", "fullname": "IH 10 TO HAMILTON EXIT RAMP", "fromleft": 0, "toleft": 0, "fromright": 0, "toright": 0, "onewaydir": "FT"}}, {"type": "Feature", "geometry": {"type": "LineString", "coordinates": [[-95.3477242610827, 29.7668375692689], [-95.3483106809736, 29.766317703312], [-95.3486083153713, 29.7660237443276], [-95.3489382453705, 29.7656533035232], [-95.3491197498685, 29.7654188038751], [-95.3494178346733, 29.7650310640884], [-95.3495683083433, 29.7647333917657], [-95.3497314296915, 29.7644107047902], [-95.3498582659993, 29.7640564921067], [-95.3499575265691, 29.7637792864817], [-95.3501279332196, 29.7631884334858]]}, "properties": {"centerlineid": 10202323, "roadclass": "RAMP", "fullname": "IH 10 TO HAMILTON EXIT RAMP", "fromleft": 0, "toleft": 0, "fromright": 0, "toright": 0, "onewaydir": "FT"}}, {"type": "Feature", "geometry": {"type": "LineString", "coordinates": [[-95.3196356050156, 29.748694300919], [-95.3194672454891, 29.7486456418942]]}, "properties": {"centerlineid": 10202647, "roadclass": "PRIVATE", "fullname": "LINDSAY LN", "fromleft": 5401, "toleft": 5407, "fromright": 5400, "toright": 5406, "onewaydir": ""}}, {"type": "Feature", "geometry": {"type": "LineString", "coordinates": [[-95.3197334551604, 29.7480225494838], [-95.3196470008387, 29.7482011529797]]}, "properties": {"centerlineid": 10202649, "roadclass": "PRIVATE", "fullname": "MISSION LN", "fromleft": 301, "toleft": 313, "fromright": 300, "toright": 312, "onewaydir": ""}}, {"type": "Feature", "geometry": {"type": "LineString", "coordinates": [[-95.3202737858954, 29.7468656742633], [-95.3197943849429, 29.7478966749861], [-95.3197334551604, 29.7480225494838]]}, "properties": {"centerlineid": 10202650, "roadclass": "LOCAL", "fullname": "N LENOX ST", "fromleft": 201, "toleft": 299, "fromright": 200, "toright": 298, "onewaydir": " "}}, {"type": "Feature", "geometry": {"type": "LineString", "coordinates": [[-95.3394922770691, 29.7679761587382], [-95.3395160334053, 29.7684617068335]]}, "properties": {"centerlineid": 10203248, "roadclass": "LOCAL", "fullname": "MEADOW ST", "fromleft": 701, "toleft": 899, "fromright": 700, "toright": 898, "onewaydir": " "}}, {"type": "Feature", "geometry": {"type": "LineString", "coordinates": [[-95.3440577144901, 29.7674203864685], [-95.3433315868507, 29.7676675164712], [-95.3432289490674, 29.767699523714], [-95.3430275315802, 29.7677709979846], [-95.3428786106962, 29.7678216813614], [-95.3424475153711, 29.7679333494334]]}, "properties": {"centerlineid": 10203251, "roadclass": "RAMP", "fullname": "US 59 TO IH 10 E RAMP", "fromleft": 0, "toleft": 0, "fromright": 0, "toright": 0, "onewaydir": "FT"}}, {"type": "Feature", "geometry": {"type": "LineString", "coordinates": [[-95.3430018011481, 29.7676863934286], [-95.3430165697085, 29.7677349486194], [-95.3430275315802, 29.7677709979846], [-95.3430292544049, 29.767776658652]]}, "properties": {"centerlineid": 10203260, "roadclass": "MAJOR", "fullname": "JENSEN DR", "fromleft": 701, "toleft": 705, "fromright": 700, "toright": 704, "onewaydir": " "}}, {"type": "Feature", "geometry": {"type": "LineString", "coordinates": [[-95.3430292544049, 29.767776658652], [-95.3430551738679, 29.7678618720369], [-95.3431236590426, 29.7680281255902]]}, "properties": {"centerlineid": 10203261, "roadclass": "MAJOR", "fullname": "JENSEN DR", "fromleft": 707, "toleft": 715, "fromright": 706, "toright": 714, "onewaydir": " "}}, {"type": "Feature", "geometry": {"type": "LineString", "coordinates": [[-95.3396677077984, 29.7686533662752], [-95.3395147857412, 29.7686808140734], [-95.3393662874979, 29.7687110184237]]}, "properties": {"centerlineid": 10204504, "roadclass": "HIGHWAY", "fullname": "E IH 10", "fromleft": 0, "toleft": 0, "fromright": 2984, "toright": 3014, "onewaydir": "FT"}}, {"type": "Feature", "geometry": {"type": "LineString", "coordinates": [[-95.3393662874979, 29.7687110184237], [-95.3390877054171, 29.7687676791206], [-95.3385079404085, 29.768878367126]]}, "properties": {"centerlineid": 10204505, "roadclass": "HIGHWAY", "fullname": "E IH 10", "fromleft": 0, "toleft": 0, "fromright": 3016, "toright": 3098, "onewaydir": "FT"}}, {"type": "Feature", "geometry": {"type": "LineString", "coordinates": [[-95.3430018011481, 29.7676863934286], [-95.3425300071254, 29.7678021596413]]}, "properties": {"centerlineid": 10204507, "roadclass": "LOCAL", "fullname": "NANCE ST", "fromleft": 0, "toleft": 0, "fromright": 2700, "toright": 2738, "onewaydir": " "}}, {"type": "Feature", "geometry": {"type": "LineString", "coordinates": [[-95.3390370643385, 29.7685864995459], [-95.3389047020846, 29.7686209851934], [-95.3387445329676, 29.7686476834783], [-95.3385232406657, 29.7686704784522]]}, "properties": {"centerlineid": 10204508, "roadclass": "LOCAL", "fullname": "NANCE ST", "fromleft": 3051, "toleft": 3099, "fromright": 3050, "toright": 3098, "onewaydir": "FT"}}, {"type": "Feature", "geometry": {"type": "LineString", "coordinates": [[-95.3359280419845, 29.7496519555999], [-95.3350976786346, 29.749408205911]]}, "properties": {"centerlineid": 10205391, "roadclass": "LOCAL", "fullname": "COMMERCE ST", "fromleft": 3801, "toleft": 3899, "fromright": 3800, "toright": 3898, "onewaydir": null}}, {"type": "Feature", "geometry": {"type": "LineString", "coordinates": [[-95.3360131157241, 29.7495398632933], [-95.3359280419845, 29.7496519555999]]}, "properties": {"centerlineid": 10205399, "roadclass": "LOCAL", "fullname": "N MILBY ST", "fromleft": 1, "toleft": 5, "fromright": 2, "toright": 4, "onewaydir": " "}}, {"type": "Feature", "geometry": {"type": "LineString", "coordinates": [[-95.3359280419845, 29.7496519555999], [-95.3349678346495, 29.750863463501]]}, "properties": {"centerlineid": 10205400, "roadclass": "LOCAL", "fullname": "N MILBY ST", "fromleft": 7, "toleft": 111, "fromright": 6, "toright": 110, "onewaydir": " "}}, {"type": "Feature", "geometry": {"type": "LineString", "coordinates": [[-95.3379662423181, 29.7660307667406], [-95.3375007644743, 29.766046049278]]}, "properties": {"centerlineid": 10205438, "roadclass": "LOCAL", "fullname": "BARON ST", "fromleft": 3151, "toleft": 3199, "fromright": 3150, "toright": 3198, "onewaydir": null}}, {"type": "Feature", "geometry": {"type": "LineString", "coordinates": [[-95.309493324752, 29.7673792755627], [-95.3094933228853, 29.7665496220327], [-95.3094933232021, 29.7661738491249], [-95.3095161519098, 29.76400142391], [-95.3095086322382, 29.763308885724]]}, "properties": {"centerlineid": 10206953, "roadclass": "LOCAL", "fullname": "HAHLO ST", "fromleft": 1201, "toleft": 1399, "fromright": 1200, "toright": 1398, "onewaydir": null}}, {"type": "Feature", "geometry": {"type": "LineString", "coordinates": [[-95.3063044004573, 29.7369283488266], [-95.3059151406438, 29.7378305439369], [-95.3059227771984, 29.7378033232869]]}, "properties": {"centerlineid": 10207594, "roadclass": "MAJOR", "fullname": "WAYSIDE DR", "fromleft": 101, "toleft": 199, "fromright": 100, "toright": 198, "onewaydir": "TF"}}, {"type": "Feature", "geometry": {"type": "LineString", "coordinates": [[-95.3059227771984, 29.7378033232869], [-95.3057555135969, 29.7382354631914]]}, "properties": {"centerlineid": 10207595, "roadclass": "MAJOR", "fullname": "WAYSIDE DR", "fromleft": 201, "toleft": 299, "fromright": 200, "toright": 298, "onewaydir": "TF"}}, {"type": "Feature", "geometry": {"type": "LineString", "coordinates": [[-95.3057555135969, 29.7382354631914], [-95.3054498777687, 29.7389501627487]]}, "properties": {"centerlineid": 10207597, "roadclass": "MAJOR", "fullname": "WAYSIDE DR", "fromleft": 301, "toleft": 399, "fromright": 300, "toright": 398, "onewaydir": "TF"}}, {"type": "Feature", "geometry": {"type": "LineString", "coordinates": [[-95.3054498777687, 29.7389501627487], [-95.3051598941474, 29.7396672984364]]}, "properties": {"centerlineid": 10207599, "roadclass": "MAJOR", "fullname": "WAYSIDE DR", "fromleft": 401, "toleft": 499, "fromright": 400, "toright": 498, "onewaydir": "TF"}}, {"type": "Feature", "geometry": {"type": "LineString", "coordinates": [[-95.3051598941474, 29.7396672984364], [-95.3048851572991, 29.7403445207528]]}, "properties": {"centerlineid": 10207602, "roadclass": "MAJOR", "fullname": "WAYSIDE DR", "fromleft": 501, "toleft": 599, "fromright": 500, "toright": 598, "onewaydir": "TF"}}, {"type": "Feature", "geometry": {"type": "LineString", "coordinates": [[-95.3048851572991, 29.7403445207528], [-95.3045723461692, 29.741036788743]]}, "properties": {"centerlineid": 10207601, "roadclass": "MAJOR", "fullname": "WAYSIDE DR", "fromleft": 601, "toleft": 699, "fromright": 600, "toright": 698, "onewaydir": "TF"}}, {"type": "Feature", "geometry": {"type": "LineString", "coordinates": [[-95.3513483380689, 29.7421699043184], [-95.3509865810719, 29.7419550804883]]}, "properties": {"centerlineid": 10209494, "roadclass": "MAJOR", "fullname": "LEELAND ST", "fromleft": 3001, "toleft": 3043, "fromright": 3000, "toright": 3042, "onewaydir": " "}}, {"type": "Feature", "geometry": {"type": "LineString", "coordinates": [[-95.3509865810719, 29.7419550804883], [-95.3504938342003, 29.7416624682882]]}, "properties": {"centerlineid": 10209493, "roadclass": "MAJOR", "fullname": "LEELAND ST", "fromleft": 3045, "toleft": 3099, "fromright": 3044, "toright": 3098, "onewaydir": " "}}, {"type": "Feature", "geometry": {"type": "LineString", "coordinates": [[-95.3429988362852, 29.7654318082786], [-95.341407557718, 29.7654639117393]]}, "properties": {"centerlineid": 10209769, "roadclass": "PRIVATE", "fullname": "EADO EDGE CT", "fromleft": 2701, "toleft": 2799, "fromright": 2700, "toright": 2798, "onewaydir": ""}}, {"type": "Feature", "geometry": {"type": "LineString", "coordinates": [[-95.3429988356801, 29.7654317890797], [-95.3430017990213, 29.7656951520741]]}, "properties": {"centerlineid": 10209767, "roadclass": "MAJOR", "fullname": "JENSEN DR", "fromleft": 383, "toleft": 399, "fromright": 382, "toright": 398, "onewaydir": " "}}, {"type": "Feature", "geometry": {"type": "LineString", "coordinates": [[-95.342994031656, 29.7650046613121], [-95.3429988356801, 29.7654317890797]]}, "properties": {"centerlineid": 10209768, "roadclass": "MAJOR", "fullname": "JENSEN DR", "fromleft": 351, "toleft": 381, "fromright": 350, "toright": 380, "onewaydir": " "}}, {"type": "Feature", "geometry": {"type": "LineString", "coordinates": [[-95.3526650023278, 29.7405295643765], [-95.3528818389228, 29.7402530177631]]}, "properties": {"centerlineid": 10209927, "roadclass": "LOCAL", "fullname": "ENNIS ST", "fromleft": 1841, "toleft": 1875, "fromright": 1840, "toright": 1874, "onewaydir": " "}}, {"type": "Feature", "geometry": {"type": "LineString", "coordinates": [[-95.3518441377227, 29.7415613667491], [-95.3524392245248, 29.7408175120675], [-95.3526650023278, 29.7405295643765]]}, "properties": {"centerlineid": 10209928, "roadclass": "LOCAL", "fullname": "ENNIS ST", "fromleft": 1701, "toleft": 1839, "fromright": 1700, "toright": 1838, "onewaydir": " "}}, {"type": "Feature", "geometry": {"type": "LineString", "coordinates": [[-95.3515151684338, 29.7404423368512], [-95.3516981905787, 29.7401552190094]]}, "properties": {"centerlineid": 10209930, "roadclass": "PRIVATE", "fullname": "ELITE DR", "fromleft": 1801, "toleft": 1811, "fromright": 1800, "toright": 1810, "onewaydir": ""}}, {"type": "Feature", "geometry": {"type": "LineString", "coordinates": [[-95.3394997764347, 29.7382692960266], [-95.3395981891937, 29.7380101190624]]}, "properties": {"centerlineid": 10210066, "roadclass": "MAJOR", "fullname": "CULLEN BLVD", "fromleft": 1501, "toleft": 1533, "fromright": 1500, "toright": 1532, "onewaydir": " "}}, {"type": "Feature", "geometry": {"type": "LineString", "coordinates": [[-95.3395981891937, 29.7380101190624], [-95.3398126408609, 29.7374453542905]]}, "properties": {"centerlineid": 10210065, "roadclass": "MAJOR", "fullname": "CULLEN BLVD", "fromleft": 1535, "toleft": 1599, "fromright": 1534, "toright": 1598, "onewaydir": " "}}, {"type": "Feature", "geometry": {"type": "LineString", "coordinates": [[-95.3471520019052, 29.7563471329372], [-95.3469313986894, 29.7562164715863]]}, "properties": {"centerlineid": 10210396, "roadclass": "LOCAL", "fullname": "COMMERCE ST", "fromleft": 2401, "toleft": 2425, "fromright": 2400, "toright": 2424, "onewaydir": " "}}, {"type": "Feature", "geometry": {"type": "LineString", "coordinates": [[-95.3469313986894, 29.7562164715863], [-95.3469310795834, 29.7562162823463], [-95.3462212914969, 29.7557958716817]]}, "properties": {"centerlineid": 10210395, "roadclass": "LOCAL", "fullname": "COMMERCE ST", "fromleft": 2427, "toleft": 2499, "fromright": 2426, "toright": 2498, "onewaydir": " "}}, {"type": "Feature", "geometry": {"type": "LineString", "coordinates": [[-95.3402400490794, 29.7653412822773], [-95.3402483312269, 29.7659831311026]]}, "properties": {"centerlineid": 10210878, "roadclass": "LOCAL", "fullname": "EADO PARK CIR", "fromleft": 301, "toleft": 399, "fromright": 300, "toright": 398, "onewaydir": ""}}, {"type": "Feature", "geometry": {"type": "LineString", "coordinates": [[-95.3409546977147, 29.7659679513498], [-95.3405870744587, 29.7659761967425], [-95.3402483312269, 29.7659831311026]]}, "properties": {"centerlineid": 10210879, "roadclass": "LOCAL", "fullname": "BARON ST", "fromleft": 2873, "toleft": 2899, "fromright": 2872, "toright": 2898, "onewaydir": " "}}, {"type": "Feature", "geometry": {"type": "LineString", "coordinates": [[-95.3486933025929, 29.7572664710148], [-95.3479173011446, 29.7582645260981]]}, "properties": {"centerlineid": 10210968, "roadclass": "LOCAL", "fullname": "N BRASTROP ST", "fromleft": 1, "toleft": 99, "fromright": 2, "toright": 98, "onewaydir": ""}}, {"type": "Feature", "geometry": {"type": "LineString", "coordinates": [[-95.3287857207444, 29.7654364278022], [-95.3287879810048, 29.765583913339], [-95.3287780511783, 29.7656772638768], [-95.328757526419, 29.7657607713021], [-95.3287308502817, 29.7658326458813], [-95.3286993857471, 29.7659158535768], [-95.3286355058193, 29.7660478488305], [-95.3286061611698, 29.7661330249256], [-95.3285988210054, 29.7662761231927], [-95.3286049501818, 29.7664100387759], [-95.3286317431263, 29.766456628957], [-95.3286611357584, 29.7664918260467], [-95.328731271785, 29.7665510668715], [-95.3287627844798, 29.76658823349], [-95.3287789812853, 29.7666249793693], [-95.3287892917892, 29.7667035994049], [-95.3287872565649, 29.7667685550782]]}, "properties": {"centerlineid": 10211287, "roadclass": "LOCAL", "fullname": "BAYOU CRESCENT DR", "fromleft": 301, "toleft": 499, "fromright": 300, "toright": 498, "onewaydir": ""}}, {"type": "Feature", "geometry": {"type": "LineString", "coordinates": [[-95.3298479624299, 29.7667584298752], [-95.3293664387694, 29.7667644525033], [-95.3287872565649, 29.7667685550782]]}, "properties": {"centerlineid": 10211286, "roadclass": "LOCAL", "fullname": "CLINE ST", "fromleft": 4101, "toleft": 4199, "fromright": 4100, "toright": 4198, "onewaydir": ""}}, {"type": "Feature", "geometry": {"type": "LineString", "coordinates": [[-95.3338082852871, 29.7680448500264], [-95.3334573200016, 29.768046921799], [-95.332293158741, 29.7680622829319], [-95.332194354678, 29.7680625519018]]}, "properties": {"centerlineid": 10214361, "roadclass": "LOCAL", "fullname": "BAER ST", "fromleft": 3601, "toleft": 3999, "fromright": 3600, "toright": 3998, "onewaydir": " "}}, {"type": "Feature", "geometry": {"type": "LineString", "coordinates": [[-95.3329232130707, 29.76936276816], [-95.3322075208439, 29.7693678849191]]}, "properties": {"centerlineid": 10214364, "roadclass": "LOCAL", "fullname": "HARE ST", "fromleft": 3617, "toleft": 3899, "fromright": 3616, "toright": 3898, "onewaydir": " "}}, {"type": "Feature", "geometry": {"type": "LineString", "coordinates": [[-95.3322002950146, 29.7666955012767], [-95.3311133049323, 29.7667015707704]]}, "properties": {"centerlineid": 10214367, "roadclass": "LOCAL", "fullname": "CLINE ST", "fromleft": 4001, "toleft": 4053, "fromright": 4000, "toright": 4052, "onewaydir": ""}}, {"type": "Feature", "geometry": {"type": "LineString", "coordinates": [[-95.3337854597969, 29.7667173478126], [-95.332885857515, 29.7667208142889], [-95.3325875600767, 29.7667257839435], [-95.3322002950146, 29.7666955012767]]}, "properties": {"centerlineid": 10214366, "roadclass": "LOCAL", "fullname": "CLINE ST", "fromleft": 3601, "toleft": 3999, "fromright": 3600, "toright": 3998, "onewaydir": ""}}, {"type": "Feature", "geometry": {"type": "LineString", "coordinates": [[-95.332194354678, 29.7680625519018], [-95.3321950424018, 29.7684118762323], [-95.3322075208439, 29.7693678849191]]}, "properties": {"centerlineid": 10214368, "roadclass": "LOCAL", "fullname": "BAYOU FIFTH ST", "fromleft": 701, "toleft": 899, "fromright": 700, "toright": 898, "onewaydir": ""}}, {"type": "Feature", "geometry": {"type": "LineString", "coordinates": [[-95.3321986460499, 29.7666884150777], [-95.3321906298145, 29.7668026174845], [-95.332194354678, 29.7680625519018]]}, "properties": {"centerlineid": 10214369, "roadclass": "LOCAL", "fullname": "BAYOU FIFTH ST", "fromleft": 501, "toleft": 699, "fromright": 500, "toright": 698, "onewaydir": ""}}, {"type": "Feature", "geometry": {"type": "LineString", "coordinates": [[-95.3301607021854, 29.7693767075135], [-95.3300240412822, 29.7693801097889], [-95.3297570866496, 29.7693648446399], [-95.3296121663147, 29.7693381284793], [-95.329467069163, 29.7693000107211], [-95.329299359695, 29.7692694586467], [-95.3291238941116, 29.7692484645014], [-95.3288872797721, 29.7692331903405]]}, "properties": {"centerlineid": 10214371, "roadclass": "LOCAL", "fullname": "HARE ST", "fromleft": 4101, "toleft": 4199, "fromright": 4100, "toright": 4198, "onewaydir": " "}}, {"type": "Feature", "geometry": {"type": "LineString", "coordinates": [[-95.3322075208439, 29.7693678849191], [-95.3320917511412, 29.7693687129294], [-95.3318932239757, 29.7693648134657], [-95.3313745968047, 29.7693570830143], [-95.3307945573205, 29.7693609252048], [-95.3301607021854, 29.7693767075135]]}, "properties": {"centerlineid": 10214372, "roadclass": "LOCAL", "fullname": "HARE ST", "fromleft": 3901, "toleft": 4099, "fromright": 3900, "toright": 4098, "onewaydir": " "}}, {"type": "Feature", "geometry": {"type": "LineString", "coordinates": [[-95.3301629282952, 29.7684352371027], [-95.3301607021854, 29.7693767075135]]}, "properties": {"centerlineid": 10214374, "roadclass": "LOCAL", "fullname": "FRANK TEICH DR", "fromleft": 701, "toleft": 899, "fromright": 700, "toright": 898, "onewaydir": ""}}, {"type": "Feature", "geometry": {"type": "LineString", "coordinates": [[-95.3298479624299, 29.7667584298752], [-95.329869960929, 29.7670824250707], [-95.329936934832, 29.7672977684712], [-95.3300173404333, 29.7674977230277], [-95.3300959244473, 29.7677105351239], [-95.3301535949413, 29.7679337512588], [-95.3301574635301, 29.7682443309852], [-95.3301629282952, 29.7684352371027]]}, "properties": {"centerlineid": 10214373, "roadclass": "LOCAL", "fullname": "FRANK TEICH DR", "fromleft": 501, "toleft": 699, "fromright": 500, "toright": 698, "onewaydir": ""}}, {"type": "Feature", "geometry": {"type": "LineString", "coordinates": [[-95.3399916233601, 29.7588049232361], [-95.3394541826333, 29.7584939168296], [-95.3394318051591, 29.7584779524877], [-95.3394134993446, 29.7584584340064], [-95.3393999919433, 29.7584361362857], [-95.3393918192068, 29.7584119445628], [-95.339389305595, 29.758386819268], [-95.3393925508962, 29.7583617578944], [-95.3394014262654, 29.7583377553965], [-95.3394155793405, 29.7583157646901], [-95.3396351367755, 29.758042522296]]}, "properties": {"centerlineid": 10217710, "roadclass": "PRIVATE", "fullname": "DECKER PL", "fromleft": 2801, "toleft": 2899, "fromright": 2800, "toright": 2898, "onewaydir": ""}}, {"type": "Feature", "geometry": {"type": "LineString", "coordinates": [[-95.3349678346495, 29.750863463501], [-95.3348307132373, 29.7507108543601], [-95.3348154223487, 29.7506898273312], [-95.3347314412674, 29.7505983551734], [-95.334586561262, 29.7504762829924], [-95.3344492182431, 29.7503847917128], [-95.3344484262392, 29.7503842690438]]}, "properties": {"centerlineid": 10218575, "roadclass": "MAJOR", "fullname": "CANAL ST", "fromleft": 3801, "toleft": 3887, "fromright": 3800, "toright": 3886, "onewaydir": " "}}, {"type": "Feature", "geometry": {"type": "LineString", "coordinates": [[-95.337546629786, 29.7476115638937], [-95.3376840123428, 29.7474301781237], [-95.3377907616253, 29.7472987511648], [-95.337792018129, 29.7472971403324]]}, "properties": {"centerlineid": 10219603, "roadclass": "LOCAL", "fullname": "MILBY ST", "fromleft": 317, "toleft": 373, "fromright": 316, "toright": 372, "onewaydir": " "}}, {"type": "Feature", "geometry": {"type": "LineString", "coordinates": [[-95.3399916233601, 29.7588049232361], [-95.3398201524973, 29.7590306977782]]}, "properties": {"centerlineid": 10221355, "roadclass": "LOCAL", "fullname": "MIDDLE ST", "fromleft": 619, "toleft": 627, "fromright": 618, "toright": 626, "onewaydir": " "}}, {"type": "Feature", "geometry": {"type": "LineString", "coordinates": [[-95.340247499251, 29.7584680148546], [-95.3399916233601, 29.7588049232361]]}, "properties": {"centerlineid": 10221356, "roadclass": "LOCAL", "fullname": "MIDDLE ST", "fromleft": 601, "toleft": 617, "fromright": 600, "toright": 616, "onewaydir": " "}}, {"type": "Feature", "geometry": {"type": "LineString", "coordinates": [[-95.3473095100765, 29.7441432998363], [-95.3479270050649, 29.7433948103433]]}, "properties": {"centerlineid": 10221480, "roadclass": "LOCAL", "fullname": "VELASCO ST", "fromleft": 1201, "toleft": 1299, "fromright": 1200, "toright": 1298, "onewaydir": ""}}, {"type": "Feature", "geometry": {"type": "LineString", "coordinates": [[-95.3473885948596, 29.7441915062592], [-95.3473125457935, 29.7441451507721]]}, "properties": {"centerlineid": 10221481, "roadclass": "LOCAL", "fullname": "DALLAS ST", "fromleft": 3201, "toleft": 3209, "fromright": 3200, "toright": 3208, "onewaydir": " "}}, {"type": "Feature", "geometry": {"type": "LineString", "coordinates": [[-95.3473125457935, 29.7441451507721], [-95.3472665238565, 29.7441170981472], [-95.3464043111102, 29.7435927734085]]}, "properties": {"centerlineid": 10221482, "roadclass": "LOCAL", "fullname": "DALLAS ST", "fromleft": 3211, "toleft": 3299, "fromright": 3210, "toright": 3298, "onewaydir": " "}}, {"type": "Feature", "geometry": {"type": "LineString", "coordinates": [[-95.3479322732759, 29.7433979407722], [-95.3478235346501, 29.7433333365898]]}, "properties": {"centerlineid": 10221484, "roadclass": "MAJOR", "fullname": "POLK ST", "fromleft": 3189, "toleft": 3199, "fromright": 3188, "toright": 3198, "onewaydir": " "}}, {"type": "Feature", "geometry": {"type": "LineString", "coordinates": [[-95.3487161337411, 29.7438636425773], [-95.3479322732759, 29.7433979407722]]}, "properties": {"centerlineid": 10221483, "roadclass": "MAJOR", "fullname": "POLK ST", "fromleft": 3101, "toleft": 3187, "fromright": 3100, "toright": 3186, "onewaydir": " "}}, {"type": "Feature", "geometry": {"type": "LineString", "coordinates": [[-95.3537734579692, 29.7392522234657], [-95.3537722018854, 29.7392514084408], [-95.3528814934888, 29.7386688523589], [-95.3528740865696, 29.7386640288729], [-95.3518594356329, 29.7380461344757], [-95.3511475014663, 29.7375966385904], [-95.3511308420439, 29.7375860756784], [-95.3494279792012, 29.7365074815256], [-95.3477055635338, 29.7354141938672], [-95.347492875412, 29.7352793273986], [-95.3473421044776, 29.7351728824645]]}, "properties": {"centerlineid": 10221468, "roadclass": "RAMP", "fullname": "PIERCE IH 45 RAMP", "fromleft": 0, "toleft": 0, "fromright": 0, "toright": 0, "onewaydir": "FT"}}, {"type": "Feature", "geometry": {"type": "LineString", "coordinates": [[-95.3525811007175, 29.761326341255], [-95.3525807973653, 29.7613267234142], [-95.3524366324644, 29.7615444146469]]}, "properties": {"centerlineid": 10221478, "roadclass": "LOCAL", "fullname": "N JACKSON ST", "fromleft": 171, "toleft": 199, "fromright": 170, "toright": 198, "onewaydir": " "}}, {"type": "Feature", "geometry": {"type": "LineString", "coordinates": [[-95.3529275181204, 29.7608884377356], [-95.3525811007175, 29.761326341255]]}, "properties": {"centerlineid": 10221479, "roadclass": "LOCAL", "fullname": "N JACKSON ST", "fromleft": 101, "toleft": 169, "fromright": 100, "toright": 168, "onewaydir": " "}}, {"type": "Feature", "geometry": {"type": "LineString", "coordinates": [[-95.352089090851, 29.7704466283515], [-95.3520890982768, 29.7704494946099], [-95.3520891722216, 29.7704775873592]]}, "properties": {"centerlineid": 10221485, "roadclass": "LOCAL", "fullname": "MCKEE ST", "fromleft": 1099, "toleft": 1099, "fromright": 1098, "toright": 1098, "onewaydir": "FT"}}, {"type": "Feature", "geometry": {"type": "LineString", "coordinates": [[-95.352088260106, 29.7695765476741], [-95.3520881769626, 29.7697767225598], [-95.3520880839253, 29.7699952196167], [-95.3520880586187, 29.7700577666642], [-95.352089090851, 29.7704466283515]]}, "properties": {"centerlineid": 10221486, "roadclass": "LOCAL", "fullname": "MCKEE ST", "fromleft": 1001, "toleft": 1097, "fromright": 1000, "toright": 1096, "onewaydir": "FT"}}, {"type": "Feature", "geometry": {"type": "LineString", "coordinates": [[-95.3512718743792, 29.7695918614695], [-95.3512796281004, 29.7705720689371]]}, "properties": {"centerlineid": 10221496, "roadclass": "LOCAL", "fullname": "HARDY ST", "fromleft": 1001, "toleft": 1099, "fromright": 1000, "toright": 1098, "onewaydir": "FT"}}, {"type": "Feature", "geometry": {"type": "LineString", "coordinates": [[-95.3512796281004, 29.7705720689371], [-95.351302464452, 29.7715657871421]]}, "properties": {"centerlineid": 10221495, "roadclass": "LOCAL", "fullname": "HARDY ST", "fromleft": 1101, "toleft": 1199, "fromright": 1100, "toright": 1198, "onewaydir": "FT"}}, {"type": "Feature", "geometry": {"type": "LineString", "coordinates": [[-95.3225686842237, 29.7403746629042], [-95.3225705305696, 29.7403722965818], [-95.3229135192438, 29.7399249018461]]}, "properties": {"centerlineid": 10221787, "roadclass": "LOCAL", "fullname": "DELMAR ST", "fromleft": 553, "toleft": 599, "fromright": 552, "toright": 598, "onewaydir": " "}}, {"type": "Feature", "geometry": {"type": "LineString", "coordinates": [[-95.322203910595, 29.7408423970769], [-95.3225686842237, 29.7403746629042]]}, "properties": {"centerlineid": 10221786, "roadclass": "LOCAL", "fullname": "DELMAR ST", "fromleft": 501, "toleft": 551, "fromright": 500, "toright": 550, "onewaydir": " "}}, {"type": "Feature", "geometry": {"type": "LineString", "coordinates": [[-95.321705082488, 29.7400793512243], [-95.3220273374792, 29.7396532180137]]}, "properties": {"centerlineid": 10221790, "roadclass": "LOCAL", "fullname": "ALTIC ST", "fromleft": 557, "toleft": 599, "fromright": 556, "toright": 598, "onewaydir": " "}}, {"type": "Feature", "geometry": {"type": "LineString", "coordinates": [[-95.3213190654284, 29.7405656011719], [-95.321705082488, 29.7400793512243]]}, "properties": {"centerlineid": 10221791, "roadclass": "LOCAL", "fullname": "ALTIC ST", "fromleft": 501, "toleft": 555, "fromright": 500, "toright": 554, "onewaydir": " "}}, {"type": "Feature", "geometry": {"type": "LineString", "coordinates": [[-95.3535303462648, 29.7425838242461], [-95.3536524007458, 29.7424350332021], [-95.3536540695743, 29.7424328749032]]}, "properties": {"centerlineid": 10223856, "roadclass": "LOCAL", "fullname": "DELANO ST", "fromleft": 1701, "toleft": 1723, "fromright": 1700, "toright": 1722, "onewaydir": " "}}, {"type": "Feature", "geometry": {"type": "LineString", "coordinates": [[-95.3432120986943, 29.7607772995585], [-95.3429210081147, 29.7606398449475], [-95.34257303072, 29.760573028101], [-95.3424477519477, 29.7605552781683]]}, "properties": {"centerlineid": 10225446, "roadclass": "LOCAL", "fullname": "BAYOU PARKVIEW DR", "fromleft": 2401, "toleft": 2489, "fromright": 2400, "toright": 2488, "onewaydir": " "}}, {"type": "Feature", "geometry": {"type": "LineString", "coordinates": [[-95.3424477519477, 29.7605552781683], [-95.3422935885678, 29.7605033036474], [-95.3416055982474, 29.7600663356257]]}, "properties": {"centerlineid": 10225445, "roadclass": "LOCAL", "fullname": "BAYOU PARKVIEW DR", "fromleft": 2491, "toleft": 2599, "fromright": 2490, "toright": 2598, "onewaydir": " "}}, {"type": "Feature", "geometry": {"type": "LineString", "coordinates": [[-95.3067924790156, 29.7356829646311], [-95.3074639899571, 29.7340006601414], [-95.3077768000051, 29.7331290552053]]}, "properties": {"centerlineid": 10225764, "roadclass": "MAJOR", "fullname": "S WAYSIDE DR", "fromleft": 267, "toleft": 599, "fromright": 266, "toright": 598, "onewaydir": "TF"}}, {"type": "Feature", "geometry": {"type": "LineString", "coordinates": [[-95.3310976970938, 29.7660905959809], [-95.3311036644279, 29.76663232016], [-95.3311133049323, 29.7667015707704]]}, "properties": {"centerlineid": 10225768, "roadclass": "LOCAL", "fullname": "BAYOU NORTH ST", "fromleft": 401, "toleft": 499, "fromright": 400, "toright": 498, "onewaydir": ""}}, {"type": "Feature", "geometry": {"type": "LineString", "coordinates": [[-95.3483486444139, 29.7372473739479], [-95.3478310509828, 29.7370923937231], [-95.3477781994702, 29.737075161168], [-95.3477221001758, 29.7370720497411], [-95.3476727958447, 29.7370817817177]]}, "properties": {"centerlineid": 10226757, "roadclass": "LOCAL", "fullname": "THARP ST", "fromleft": 3401, "toleft": 3499, "fromright": 3400, "toright": 3498, "onewaydir": ""}}, {"type": "Feature", "geometry": {"type": "LineString", "coordinates": [[-95.3501198540939, 29.7580693929726], [-95.349423249171, 29.7576899672008], [-95.3493951650559, 29.7576746708557]]}, "properties": {"centerlineid": 10232046, "roadclass": "LOCAL", "fullname": "COMMERCE ST", "fromleft": 2101, "toleft": 2175, "fromright": 2100, "toright": 2174, "onewaydir": " "}}, {"type": "Feature", "geometry": {"type": "LineString", "coordinates": [[-95.3283608894164, 29.7699122123153], [-95.3284218147415, 29.7699542131233], [-95.3284448675206, 29.7700114553481], [-95.3284676799596, 29.7707285978507], [-95.328444861554, 29.7707685355231], [-95.3284334621286, 29.7707742735521]]}, "properties": {"centerlineid": 10232048, "roadclass": "LOCAL", "fullname": "PRESS ST", "fromleft": 901, "toleft": 999, "fromright": 900, "toright": 998, "onewaydir": " "}}, {"type": "Feature", "geometry": {"type": "LineString", "coordinates": [[-95.3418314841688, 29.7634432224266], [-95.3418320575309, 29.7634010336397], [-95.3418278568215, 29.763359001376], [-95.3418189230462, 29.7633175358777], [-95.3418053434059, 29.7632770418549], [-95.3417872504452, 29.7632379145356], [-95.3417648207592, 29.7632005358079], [-95.3417382732691, 29.7631652704931], [-95.3417078670856, 29.763132462785], [-95.3416738989802, 29.7631024328906], [-95.3416367004879, 29.7630754739046], [-95.3415966346719, 29.7630518489494], [-95.3415540925797, 29.7630317886066], [-95.341509489427, 29.7630154886669], [-95.3414632605447, 29.7630031082189], [-95.3414158571304, 29.7629947680966], [-95.3413677418449, 29.7629905497003], [-95.3392072684483, 29.7630240872442]]}, "properties": {"centerlineid": 10234218, "roadclass": "LOCAL", "fullname": "RIVERBY RD", "fromleft": 2801, "toleft": 2999, "fromright": 2800, "toright": 2998, "onewaydir": ""}}, {"type": "Feature", "geometry": {"type": "LineString", "coordinates": [[-95.342997001986, 29.7634331970224], [-95.342750992261, 29.7634334077003], [-95.3418314637665, 29.7634435028348]]}, "properties": {"centerlineid": 10234217, "roadclass": "LOCAL", "fullname": "KERMAC BLVD", "fromleft": 2701, "toleft": 2799, "fromright": 2700, "toright": 2798, "onewaydir": null}}, {"type": "Feature", "geometry": {"type": "LineString", "coordinates": [[-95.3394174395788, 29.7639005437132], [-95.3394224621319, 29.7640188375261], [-95.3394463860401, 29.7647012097301]]}, "properties": {"centerlineid": 10234222, "roadclass": "LOCAL", "fullname": "MEADOW ST", "fromleft": 101, "toleft": 199, "fromright": 100, "toright": 198, "onewaydir": null}}, {"type": "Feature", "geometry": {"type": "LineString", "coordinates": [[-95.3393884807384, 29.7630212756988], [-95.3393865755638, 29.7631733974045], [-95.3394174395788, 29.7639005437132]]}, "properties": {"centerlineid": 10234221, "roadclass": "LOCAL", "fullname": "MEADOW ST", "fromleft": 1, "toleft": 99, "fromright": 2, "toright": 98, "onewaydir": null}}, {"type": "Feature", "geometry": {"type": "LineString", "coordinates": [[-95.3513483380689, 29.7421699043184], [-95.3517220483444, 29.7417140165837], [-95.3518441377227, 29.7415613667491]]}, "properties": {"centerlineid": 10236261, "roadclass": "LOCAL", "fullname": "ENNIS ST", "fromleft": 1601, "toleft": 1699, "fromright": 1600, "toright": 1698, "onewaydir": " "}}, {"type": "Feature", "geometry": {"type": "LineString", "coordinates": [[-95.3514667530737, 29.7632522533309], [-95.3514665997377, 29.7632524545195], [-95.3514054273058, 29.7633211699153], [-95.3512830072817, 29.7635027799489], [-95.3512551050051, 29.7635574423853], [-95.351191691873, 29.7636816666906], [-95.3511163419037, 29.763856570546], [-95.3510359368709, 29.7641179346605], [-95.3509922528139, 29.7643847997563], [-95.3509619889128, 29.7645879670227], [-95.3508466700195, 29.7651954907655]]}, "properties": {"centerlineid": 11004733, "roadclass": "MAJOR", "fullname": "ELYSIAN ST", "fromleft": 201, "toleft": 599, "fromright": 200, "toright": 598, "onewaydir": " "}}, {"type": "Feature", "geometry": {"type": "LineString", "coordinates": [[-95.3504479749242, 29.7695936621963], [-95.3504479330722, 29.7700045240192], [-95.3504502243911, 29.7701957208821], [-95.3504557041166, 29.7705951187047]]}, "properties": {"centerlineid": 11004735, "roadclass": "MAJOR", "fullname": "ELYSIAN ST", "fromleft": 1001, "toleft": 1099, "fromright": 1000, "toright": 1098, "onewaydir": " "}}, {"type": "Feature", "geometry": {"type": "LineString", "coordinates": [[-95.3508466700195, 29.7651954907655], [-95.3506540087666, 29.7665532930394], [-95.3505241434222, 29.7674365243946], [-95.3504785105753, 29.7677760696743], [-95.3504404134507, 29.7682298825387], [-95.3504326565532, 29.7686209786319]]}, "properties": {"centerlineid": 11004738, "roadclass": "MAJOR", "fullname": "ELYSIAN ST", "fromleft": 601, "toleft": 899, "fromright": 600, "toright": 898, "onewaydir": " "}}, {"type": "Feature", "geometry": {"type": "LineString", "coordinates": [[-95.3514667530737, 29.7632522533309], [-95.35146129091, 29.7632477524792], [-95.3514579000375, 29.7632447489546], [-95.3513582434184, 29.7631703647005]]}, "properties": {"centerlineid": 11004740, "roadclass": "LOCAL", "fullname": "RUNNELS ST", "fromleft": 1773, "toleft": 1799, "fromright": 1772, "toright": 1798, "onewaydir": " "}}, {"type": "Feature", "geometry": {"type": "LineString", "coordinates": [[-95.3552468455789, 29.7611784589248], [-95.3550942394326, 29.7612834371216], [-95.3549646179801, 29.7613539209853], [-95.3548044364553, 29.7614187349309], [-95.35462898931, 29.761472110336], [-95.3544304889081, 29.7615141117176], [-95.3539955521116, 29.7616019649793], [-95.3537973071786, 29.7616457405441], [-95.3536140819214, 29.7617048551477], [-95.3534692020913, 29.7617696664283], [-95.3533471199456, 29.7618364926511], [-95.3531029395575, 29.7619795887995], [-95.3528838102473, 29.7621013777881], [-95.3520882963309, 29.7626355487493], [-95.351996790584, 29.7627164306846], [-95.3517298975406, 29.7629581733895], [-95.3516256048006, 29.7630454151041], [-95.3515365847812, 29.7631488009458], [-95.3514667530737, 29.7632522533309]]}, "properties": {"centerlineid": 11004741, "roadclass": "MAJOR", "fullname": "ELYSIAN ST", "fromleft": 1, "toleft": 99, "fromright": 0, "toright": 98, "onewaydir": " "}}, {"type": "Feature", "geometry": {"type": "LineString", "coordinates": [[-95.338446654269, 29.7607738216085], [-95.3379890810297, 29.7613521076904]]}, "properties": {"centerlineid": 11019856, "roadclass": "LOCAL", "fullname": "MIDDLE ST", "fromleft": 835, "toleft": 899, "fromright": 834, "toright": 898, "onewaydir": " "}}, {"type": "Feature", "geometry": {"type": "LineString", "coordinates": [[-95.3301385565428, 29.7570966746793], [-95.3282846729828, 29.756125803337]]}, "properties": {"centerlineid": 11023282, "roadclass": "LOCAL", "fullname": "MARRON PARK WAY", "fromleft": 3901, "toleft": 4099, "fromright": 3900, "toright": 4098, "onewaydir": ""}}, {"type": "Feature", "geometry": {"type": "LineString", "coordinates": [[-95.3282846729828, 29.756125803337], [-95.3281163894086, 29.756129199841], [-95.3269972008532, 29.7557402725446], [-95.3263691624722, 29.7555463186406], [-95.325793740993, 29.7554733216108], [-95.3251988115512, 29.7555142252486], [-95.3247941125547, 29.7555031252001], [-95.3245056344683, 29.7554569983264], [-95.3241585465868, 29.7553662727047], [-95.3238721339377, 29.755262882693], [-95.3234293573343, 29.7550931021771], [-95.3230567179823, 29.7546481977078], [-95.3222851358584, 29.753729004568], [-95.3220913242183, 29.7535728389335]]}, "properties": {"centerlineid": 11023283, "roadclass": "LOCAL", "fullname": "MARRON PARK WAY", "fromleft": 4101, "toleft": 4699, "fromright": 4100, "toright": 4698, "onewaydir": ""}}, {"type": "Feature", "geometry": {"type": "LineString", "coordinates": [[-95.3228982030338, 29.7524942467419], [-95.3225320075119, 29.7529750101705], [-95.3220913242183, 29.7535728389335]]}, "properties": {"centerlineid": 11023285, "roadclass": "MAJOR", "fullname": "LOCKWOOD DR", "fromleft": 601, "toleft": 633, "fromright": 600, "toright": 632, "onewaydir": " "}}, {"type": "Feature", "geometry": {"type": "LineString", "coordinates": [[-95.3220913242183, 29.7535728389335], [-95.3205635762478, 29.755645308478], [-95.3202584734654, 29.7560058206396], [-95.3201592356426, 29.7561335780242], [-95.320149896571, 29.7561456491191], [-95.3200905863387, 29.7562232405862]]}, "properties": {"centerlineid": 11023284, "roadclass": "MAJOR", "fullname": "LOCKWOOD DR", "fromleft": 635, "toleft": 709, "fromright": 634, "toright": 708, "onewaydir": " "}}, {"type": "Feature", "geometry": {"type": "LineString", "coordinates": [[-95.342997001986, 29.7634331970224], [-95.342994008777, 29.7636847178111]]}, "properties": {"centerlineid": 11024756, "roadclass": "MAJOR", "fullname": "JENSEN DR", "fromleft": 81, "toleft": 99, "fromright": 80, "toright": 98, "onewaydir": " "}}, {"type": "Feature", "geometry": {"type": "LineString", "coordinates": [[-95.3155414801368, 29.7456350323094], [-95.3154596030465, 29.7458414194093]]}, "properties": {"centerlineid": 11024118, "roadclass": "LOCAL", "fullname": "N NORWOOD ST", "fromleft": 185, "toleft": 199, "fromright": 184, "toright": 198, "onewaydir": null}}, {"type": "Feature", "geometry": {"type": "LineString", "coordinates": [[-95.3217995644573, 29.7493643906782], [-95.3210596255474, 29.7491355323093]]}, "properties": {"centerlineid": 10142017, "roadclass": "LOCAL", "fullname": "AVENUE J AVE", "fromleft": 5101, "toleft": 5199, "fromright": 5100, "toright": 5198, "onewaydir": null}}, {"type": "Feature", "geometry": {"type": "LineString", "coordinates": [[-95.3460161454409, 29.7594187066556], [-95.3452752708713, 29.7603716672386]]}, "properties": {"centerlineid": 10226554, "roadclass": "PAPER", "fullname": "FLYNN ST", "fromleft": 201, "toleft": 299, "fromright": 200, "toright": 298, "onewaydir": ""}}, {"type": "Feature", "geometry": {"type": "LineString", "coordinates": [[-95.3456441550537, 29.7685858116543], [-95.3456704301339, 29.7686549559866], [-95.3456721070281, 29.7691473754454]]}, "properties": {"centerlineid": 10140345, "roadclass": "LOCAL", "fullname": "WEST ST", "fromleft": 901, "toleft": 999, "fromright": 900, "toright": 998, "onewaydir": " "}}, {"type": "Feature", "geometry": {"type": "LineString", "coordinates": [[-95.347991197689, 29.7686341954681], [-95.3479761568597, 29.7694698018889], [-95.3480065014925, 29.7695708743828], [-95.3481363660487, 29.7696146522204]]}, "properties": {"centerlineid": 10140554, "roadclass": "LOCAL", "fullname": "SEMMES ST", "fromleft": 901, "toleft": 999, "fromright": 900, "toright": 998, "onewaydir": " "}}, {"type": "Feature", "geometry": {"type": "LineString", "coordinates": [[-95.3488252196567, 29.7686297870695], [-95.347991197689, 29.7686341954681]]}, "properties": {"centerlineid": 10140389, "roadclass": "LOCAL", "fullname": "NANCE ST", "fromleft": 2001, "toleft": 2099, "fromright": 2000, "toright": 2098, "onewaydir": " "}}, {"type": "Feature", "geometry": {"type": "LineString", "coordinates": [[-95.3456441550537, 29.7685858116543], [-95.3449243420883, 29.768641988837], [-95.3448888095046, 29.7686467326084], [-95.3448321742653, 29.7686552427457], [-95.3445962471123, 29.7686857908534]]}, "properties": {"centerlineid": 10140384, "roadclass": "LOCAL", "fullname": "NANCE ST", "fromleft": 2401, "toleft": 2499, "fromright": 2400, "toright": 2498, "onewaydir": " "}}, {"type": "Feature", "geometry": {"type": "LineString", "coordinates": [[-95.3504326565532, 29.7686209786319], [-95.3488252196567, 29.7686297870695]]}, "properties": {"centerlineid": 10140371, "roadclass": "LOCAL", "fullname": "NANCE ST", "fromleft": 1901, "toleft": 1999, "fromright": 1900, "toright": 1998, "onewaydir": " "}}, {"type": "Feature", "geometry": {"type": "LineString", "coordinates": [[-95.3479669574146, 29.767642749876], [-95.3474606109196, 29.7676456797973]]}, "properties": {"centerlineid": 11026044, "roadclass": "LOCAL", "fullname": "STERRETT ST", "fromleft": 2101, "toleft": 2199, "fromright": 2100, "toright": 2198, "onewaydir": null}}, {"type": "Feature", "geometry": {"type": "LineString", "coordinates": [[-95.2994608456356, 29.7673372870518], [-95.2994831366635, 29.762024568018], [-95.2994832616775, 29.7620155962783], [-95.2994835585657, 29.7620066281568], [-95.2994840298712, 29.7619976648521], [-95.2994846741794, 29.7619887097103], [-95.2994854913674, 29.7619797661131], [-95.2994864813944, 29.7619708351879], [-95.2994876428456, 29.7619619202806], [-95.2994889768904, 29.7619530248088], [-95.2994904822366, 29.7619441487368], [-95.2994921600126, 29.7619352966093], [-95.2994940075527, 29.7619264706093], [-95.2994960260669, 29.7619176730273], [-95.2994982141815, 29.7619089060818], [-95.2995005705227, 29.7619001719918], [-95.2995030949678, 29.761891474139], [-95.2995057887268, 29.7618828148137], [-95.2995086478012, 29.7618741972905], [-95.2995116734829, 29.7618656216052], [-95.2995148656082, 29.7618570922666], [-95.2995182202194, 29.7618486114225], [-95.2995217398596, 29.7618401802712], [-95.2995254204892, 29.7618318032148], [-95.2995292634, 29.7618234802889], [-95.2995332658447, 29.7618152159312], [-95.2995374277823, 29.761807011269], [-95.2995417465469, 29.7617988684854], [-95.2995462233078, 29.7617907909979], [-95.299605732558, 29.7616856754269]]}, "properties": {"centerlineid": 10142527, "roadclass": "LOCAL", "fullname": "BOYLES ST", "fromleft": 1201, "toleft": 1499, "fromright": 1200, "toright": 1498, "onewaydir": " "}}, {"type": "Feature", "geometry": {"type": "LineString", "coordinates": [[-95.3306572069137, 29.735936712336], [-95.3307527449396, 29.7357071333166], [-95.330755144828, 29.7357015187555], [-95.3307576558337, 29.7356959422178], [-95.3307602792485, 29.7356904037391], [-95.3307630110756, 29.7356849065948], [-95.3307658526068, 29.7356794508204], [-95.3307688024287, 29.7356740397624], [-95.3307718592091, 29.7356686745126], [-95.3307750229075, 29.7356633561983], [-95.3307782921512, 29.7356580870386], [-95.3307816656484, 29.7356528669981], [-95.3307851419453, 29.7356477005508], [-95.3307887223742, 29.7356425866044], [-95.3307924029385, 29.7356375284349], [-95.330796183638, 29.7356325260421], [-95.3308000643513, 29.7356275828079], [-95.3308040424949, 29.7356226986615], [-95.3308081179879, 29.7356178758574], [-95.3308122882062, 29.7356131154522], [-95.330816553069, 29.7356084197004], [-95.3308209112844, 29.7356037885666], [-95.3308253601476, 29.7355992253619], [-95.3308298996992, 29.735594728959], [-95.3308345285257, 29.7355903027044], [-95.3308392452951, 29.7355859476899], [-95.3308440473834, 29.7355816649719], [-95.3308489334586, 29.7355774556425], [-95.3308539034799, 29.735573320829], [-95.3308589547832, 29.735569262715], [-95.3308640873684, 29.7355652813005], [-95.3308692972793, 29.735561378734], [-95.3308745844755, 29.7355575561429], [-95.3308799476654, 29.7355538134914], [-95.330885384144, 29.735550154091], [-95.3308908926602, 29.7355465767788], [-95.3309013663133, 29.7355398992473], [-95.3309273368415, 29.7355220802056], [-95.3309333353507, 29.7355178923148], [-95.3309392529825, 29.7355136164512], [-95.3309450870725, 29.7355092547987], [-95.3309508362885, 29.7355048084491], [-95.3309564980472, 29.7355002773318], [-95.3309620722675, 29.7354956637013], [-95.3309675575767, 29.7354909697767], [-95.3309729501403, 29.7354861943247], [-95.3309782497962, 29.7354813418544], [-95.3309834552933, 29.7354764112031], [-95.3309885652589, 29.7354714045901], [-95.3309935783202, 29.7354663242345], [-95.3309984918535, 29.7354611711928], [-95.331003304567, 29.7354559454298], [-95.3310080163391, 29.7354506503271], [-95.3310126258377, 29.7354452869768], [-95.3310171304389, 29.7354398564354], [-95.3310215301022, 29.7354343598301], [-95.3310258234143, 29.7354288005074], [-95.331030007792, 29.7354231783966], [-95.3310340844863, 29.7354174946603], [-95.3310380495008, 29.7354117525743], [-95.3310419040865, 29.7354059533012], [-95.3310456456196, 29.7354000978975], [-95.3310492740192, 29.7353941886178], [-95.3310527879528, 29.735388226554], [-95.3310561860479, 29.7353822139253], [-95.3310594669724, 29.7353761518236], [-95.3312141695573, 29.7350840272096]]}, "properties": {"centerlineid": 10139131, "roadclass": "LOCAL", "fullname": "EDDINGTON ST", "fromleft": 1401, "toleft": 1499, "fromright": 1400, "toright": 1498, "onewaydir": " "}}, {"type": "Feature", "geometry": {"type": "LineString", "coordinates": [[-95.2976448197167, 29.7642491929796], [-95.2976220212945, 29.762891343303], [-95.297629728751, 29.7626643125455], [-95.2978966998613, 29.7622789331609], [-95.2983225166612, 29.7616381674925], [-95.2983252262809, 29.7616341699956], [-95.2983280145302, 29.7616302152927], [-95.2983308801581, 29.761626302221], [-95.2983338243746, 29.7616224330705], [-95.2983368445142, 29.7616186100246], [-95.2983399393255, 29.7616148319201], [-95.298343109978, 29.7616111021746], [-95.2983463526366, 29.7616074195537], [-95.2983496684706, 29.7616037874749], [-95.2983530561879, 29.7616002059025], [-95.2983565144557, 29.761596675928], [-95.2983600419412, 29.761593198643], [-95.2983636385624, 29.7615897763021], [-95.2983673017763, 29.7615864077065], [-95.2983710315012, 29.7615830951109], [-95.2983748264451, 29.7615798384793], [-95.2983786864852, 29.7615766411938], [-95.2983826077865, 29.7615735020198], [-95.2983865916001, 29.7615704221205], [-95.2983906352603, 29.7615674036788], [-95.2983947387669, 29.7615644466948], [-95.2983989008282, 29.7615615511328], [-95.2984031187373, 29.7615587203032], [-95.2984073925762, 29.7615559519514], [-95.2984117208892, 29.7615532505508], [-95.2984161024661, 29.7615506138112], [-95.2984205346412, 29.7615480439158], [-95.2984250187066, 29.7615455409], [-95.2984295507453, 29.7615431057843], [-95.2984341306755, 29.7615407408231], [-95.2984387559542, 29.7615384448177], [-95.2984434278735, 29.7615362178039], [-95.2984481424346, 29.7615340630563], [-95.2984528983865, 29.7615319794119], [-95.2984576956883, 29.761529967998], [-95.2984625317152, 29.7615280298707], [-95.2984674051752, 29.7615261649939], [-95.2984723160683, 29.761524373368], [-95.2984772617696, 29.7615226560485], [-95.2984822396544, 29.7615210140916], [-95.2984872497226, 29.7615194474971], [-95.2984922906413, 29.7615179573565], [-95.2984973598267, 29.7615165435986], [-95.2985024572787, 29.7615152062234], [-95.2985075790805, 29.761513946251], [-95.2985127265241, 29.761512763717], [-95.2985178957335, 29.7615116585145], [-95.298523086668, 29.7615106317707], [-95.2985282967026, 29.7615096845414], [-95.2985335245863, 29.7615088156638], [-95.2985387690271, 29.761508025102], [-95.2985440286513, 29.7615073150751], [-95.2985493022078, 29.7615066844199], [-95.2985545871127, 29.7615061330652], [-95.298559882033, 29.7615056621023], [-95.2985651844258, 29.7615052703329], [-95.2985704955013, 29.761504960047], [-95.2985758101733, 29.7615047288474], [-95.298581129693, 29.7615045778971], [-95.2985864514355, 29.7615045082518], [-95.2985917741497, 29.7615045187487], [-95.2986201992702, 29.7615047939141], [-95.2986615438518, 29.7615055049344], [-95.2987028684396, 29.7615068382598], [-95.2987441601558, 29.7615087924059], [-95.2987854073733, 29.7615113670517], [-95.298826598506, 29.7615145607488], [-95.2988677193019, 29.7615183742319], [-95.2989087595079, 29.7615228049611], [-95.298949704913, 29.761527852544], [-95.2989905452638, 29.7615335144406], [-95.2990312676414, 29.7615397902941], [-95.2990718605414, 29.7615466764018], [-95.2991123110448, 29.7615541724069], [-95.2991526076062, 29.7615622757339], [-95.2991927373885, 29.7615709837715], [-95.2992326901381, 29.76158029398], [-95.2992724530588, 29.7615902026208], [-95.2993120145644, 29.7616007082458], [-95.2993513618583, 29.7616118071166], [-95.299605732558, 29.7616856754269]]}, "properties": {"centerlineid": 10142384, "roadclass": "LOCAL", "fullname": "HARRIS ST", "fromleft": 1331, "toleft": 1499, "fromright": 1330, "toright": 1498, "onewaydir": " "}}, {"type": "Feature", "geometry": {"type": "LineString", "coordinates": [[-95.309821421, 29.7331614379925], [-95.3096804876277, 29.7332285777562], [-95.3096279635733, 29.7332530928573], [-95.3095749663547, 29.7332768196971], [-95.3095215117576, 29.7332997508108], [-95.3094676154861, 29.7333218809889], [-95.3094132920754, 29.7333432016039], [-95.3093585584806, 29.7333637086089], [-95.30930343182, 29.7333833934479], [-95.3092479264249, 29.73340225313], [-95.309192059373, 29.7334202802266], [-95.3091358463281, 29.7334374706552], [-95.3090793056186, 29.7334538181498], [-95.3090224516169, 29.7334693185926], [-95.3089822427615, 29.7334799516307]]}, "properties": {"centerlineid": 10143501, "roadclass": "MAJOR", "fullname": "POLK ST", "fromleft": 6651, "toleft": 6699, "fromright": 6650, "toright": 6698, "onewaydir": " "}}, {"type": "Feature", "geometry": {"type": "LineString", "coordinates": [[-95.3124839864619, 29.732585312135], [-95.3118689972366, 29.7326009186748], [-95.311801499404, 29.7326031225005], [-95.3117340515282, 29.7326063048558], [-95.3116666743544, 29.7326104640552], [-95.3115993859633, 29.7326156005968], [-95.3115322032663, 29.7326217115613], [-95.3114651470086, 29.7326287952631], [-95.3113982353118, 29.7326368510733], [-95.3113314863788, 29.7326458761081], [-95.3112649171209, 29.7326558674483], [-95.3111985483245, 29.7326668222815], [-95.3111323968602, 29.7326787388157], [-95.3110664810126, 29.7326916119129], [-95.3110008202355, 29.7327054398525], [-95.3109354302304, 29.7327202174253], [-95.3108703318245, 29.7327359406917], [-95.3108055419293, 29.7327526067328], [-95.3107410775788, 29.7327702092477], [-95.3106769570169, 29.7327887442259], [-95.3105858003897, 29.7328158302553], [-95.310556559159, 29.7328247606697], [-95.3105274962174, 29.7328341236493], [-95.3104986194363, 29.7328439160258], [-95.3104699367284, 29.7328541335037], [-95.3104414571753, 29.7328647752049], [-95.3104131886895, 29.7328758368338], [-95.3103851403936, 29.7328873163851], [-95.3103573176575, 29.7328992083649], [-95.3103297308547, 29.7329115119306], [-95.3103023879385, 29.7329242216595], [-95.3102752954481, 29.7329373354751], [-95.309821421, 29.7331614379925]]}, "properties": {"centerlineid": 10143297, "roadclass": "MAJOR", "fullname": "POLK ST", "fromleft": 6601, "toleft": 6649, "fromright": 6600, "toright": 6648, "onewaydir": " "}}, {"type": "Feature", "geometry": {"type": "LineString", "coordinates": [[-95.3068307696474, 29.7340139053743], [-95.3069987067126, 29.7338865199232], [-95.3070319633879, 29.7338608630776], [-95.3070647229922, 29.7338347219808], [-95.3070969748252, 29.7338081064935], [-95.3071287096824, 29.7337810208759], [-95.3071599207383, 29.7337534750959], [-95.3071905973744, 29.7337254767597], [-95.3072207315963, 29.7336970324178], [-95.3072503140361, 29.7336681508395], [-95.3072793379503, 29.7336388397378], [-95.3073077939306, 29.7336091090094], [-95.3073356739824, 29.7335789652046], [-95.3073629713216, 29.7335484171639], [-95.3073896765804, 29.7335174736565], [-95.3074157842665, 29.7334861435585], [-95.3074412863039, 29.7334544356749], [-95.3074661733252, 29.7334223587748], [-95.307490442421, 29.7333899218056], [-95.3075131218509, 29.7333584678519], [-95.3075199063344, 29.7333492339041], [-95.3075268681761, 29.7333401007583], [-95.3075340072128, 29.7333310729235], [-95.3075413195288, 29.7333221514201], [-95.3075488050425, 29.7333133385025], [-95.3075564597159, 29.7333046385732], [-95.3075642822165, 29.7332960527237], [-95.3075722698794, 29.7332875831373], [-95.3075804212908, 29.7332792331602], [-95.3075887337448, 29.733271006103], [-95.3075972046583, 29.7332629018944], [-95.3076058313257, 29.7332549238449], [-95.3076146110413, 29.7332470752653], [-95.3076235424728, 29.7332393572471], [-95.3076326229552, 29.7332317719736], [-95.3076418484914, 29.7332243227198], [-95.3076512177491, 29.7332170105773], [-95.3076607267715, 29.7332098376939], [-95.307670374145, 29.7332028074157], [-95.3076801572862, 29.7331959196714], [-95.3077768000051, 29.7331290552053]]}, "properties": {"centerlineid": 10143238, "roadclass": "MAJOR", "fullname": "S 69TH ST", "fromleft": 333, "toleft": 399, "fromright": 332, "toright": 398, "onewaydir": "FT"}}, {"type": "Feature", "geometry": {"type": "LineString", "coordinates": [[-95.3341591938551, 29.7403979129104], [-95.3341739248182, 29.7404003617617], [-95.3341752760563, 29.7404005758926], [-95.3341766318985, 29.7404007698385], [-95.3341779910938, 29.7404009424369], [-95.334179353561, 29.7404010959422], [-95.3341807193812, 29.7404012281], [-95.3341820872626, 29.740401338875], [-95.3341834558327, 29.7404014304862], [-95.3341848277556, 29.7404015007499], [-95.3341862004077, 29.7404015507226], [-95.3341875738292, 29.7404015792771], [-95.3341889466881, 29.7404015875052], [-95.334190320276, 29.7404015754424], [-95.3341916933418, 29.740401541926], [-95.3341930658448, 29.7404014880833], [-95.3341944364934, 29.7404014138789], [-95.3341958066199, 29.740401318221], [-95.3341971735598, 29.7404012032933], [-95.3341985386857, 29.7404010668766], [-95.3341999006655, 29.740400910063], [-95.3342012582074, 29.7404007328171], [-95.334202613895, 29.7404005352094], [-95.3342039638934, 29.7404003160068], [-95.3342053107053, 29.7404000775345], [-95.3342066517471, 29.7403998197217], [-95.3342079870998, 29.740399540314], [-95.3342093179741, 29.7403992416012], [-95.3342106418272, 29.7403989223853], [-95.3342119599102, 29.740398583829], [-95.3342132696802, 29.7403982247344], [-95.3342145736801, 29.7403978462994], [-95.3342158693265, 29.7403974484532], [-95.3342171566193, 29.7403970311959], [-95.3342184368504, 29.7403965945629], [-95.3342197074362, 29.7403961384833], [-95.3342209683768, 29.7403956629573], [-95.3342222196317, 29.7403951691122], [-95.3342234612008, 29.7403946569479], [-95.3342246931247, 29.7403941253371], [-95.3342259127794, 29.7403935753364], [-95.3342271227484, 29.7403930070166], [-95.3342283204482, 29.7403924203069], [-95.33422950713, 29.74039181637], [-95.3342306815426, 29.7403911940431], [-95.3342318436456, 29.7403905544537], [-95.3342329921472, 29.7403898975664], [-95.334234128339, 29.7403892234165], [-95.3342352496378, 29.7403885319333], [-95.3342363585864, 29.7403878243147], [-95.3342374526418, 29.7403870993629], [-95.3342385330554, 29.7403863582404], [-95.3342395972436, 29.7403856008766], [-95.3342406464982, 29.7403848273067], [-95.3342416820703, 29.7403840386935], [-95.3342427000849, 29.7403832349309], [-95.3342437018742, 29.7403824149269], [-95.3342446886894, 29.7403815798441], [-95.3342456579064, 29.7403807307393], [-95.3342466108171, 29.7403798676476], [-95.3342475461703, 29.7403789894065], [-95.3342484639254, 29.7403780971433], [-95.334249364042, 29.7403771919852], [-95.3342502452687, 29.7403762727696], [-95.3342511088569, 29.7403753406591], [-95.3342519548065, 29.7403743956538], [-95.3342527805341, 29.7403734376829], [-95.3342737351713, 29.7403388043698], [-95.3345941093816, 29.7395415953341]]}, "properties": {"centerlineid": 10141430, "roadclass": "LOCAL", "fullname": "EASTWOOD ST", "fromleft": 1001, "toleft": 1199, "fromright": 1000, "toright": 1198, "onewaydir": " "}}, {"type": "Feature", "geometry": {"type": "LineString", "coordinates": [[-95.3325569942805, 29.7394690504413], [-95.3322399166888, 29.7395098189772], [-95.3320264331921, 29.7395312132062], [-95.3319727041764, 29.7395345738468], [-95.3319189161761, 29.7395371294412], [-95.3318650860253, 29.7395388793219], [-95.3318112305579, 29.7395398228212], [-95.3317573627327, 29.7395399591658], [-95.3317035018862, 29.7395392900131], [-95.3316496610177, 29.7395378134626], [-95.3315958568801, 29.7395355311013], [-95.3315421063076, 29.7395324422618], [-95.3314884246802, 29.7395285507503], [-95.3314348262891, 29.7395238547017], [-95.3313813291382, 29.7395183568657], [-95.3313279473972, 29.7395120587589], [-95.3309790641504, 29.7394682294359]]}, "properties": {"centerlineid": 10141431, "roadclass": "LOCAL", "fullname": "PARK DR", "fromleft": 4501, "toleft": 4599, "fromright": 0, "toright": 0, "onewaydir": "TF"}}, {"type": "Feature", "geometry": {"type": "LineString", "coordinates": [[-95.3154720939743, 29.7336679053895], [-95.3154619357469, 29.733579213147], [-95.3154504640134, 29.7335362410392], [-95.3154131114473, 29.7334825471055], [-95.3153601784873, 29.7334448821938], [-95.3152845850516, 29.7334153728345], [-95.3141669931631, 29.733023991914]]}, "properties": {"centerlineid": 10143280, "roadclass": "LOCAL", "fullname": "KEMP ST", "fromleft": 5701, "toleft": 5799, "fromright": 5700, "toright": 5798, "onewaydir": " "}}, {"type": "Feature", "geometry": {"type": "LineString", "coordinates": [[-95.3154720939743, 29.7336679053895], [-95.315036261236, 29.7342348133774]]}, "properties": {"centerlineid": 10143325, "roadclass": "LOCAL", "fullname": "ROSEBUD ST", "fromleft": 601, "toleft": 699, "fromright": 600, "toright": 698, "onewaydir": " "}}, {"type": "Feature", "geometry": {"type": "LineString", "coordinates": [[-95.3115128759847, 29.7640100494031], [-95.3115082691833, 29.7640024335174], [-95.3115035123623, 29.7639948891037], [-95.3114986041484, 29.7639874183809], [-95.3114935483767, 29.7639800225829], [-95.3114883448843, 29.7639727062189], [-95.3114829975879, 29.7639654682681], [-95.3114775049917, 29.7639583143314], [-95.3114718709719, 29.7639512445154], [-95.3114660954469, 29.7639442610745], [-95.3114601821704, 29.7639373674974], [-95.3114541324344, 29.7639305638194], [-95.3114479474087, 29.763923853458], [-95.3114416295959, 29.7639172387388], [-95.3114351802471, 29.7639107208245], [-95.3114286005728, 29.7639043020053], [-95.3114218957003, 29.7638979835507], [-95.3114150642154, 29.7638917688068], [-95.311408109994, 29.7638856578804], [-95.3114010354572, 29.7638796553515], [-95.3113938406456, 29.7638737600929], [-95.3113865306051, 29.7638679756287], [-95.3113791052948, 29.763862303086], [-95.311371567258, 29.7638567436633], [-95.3113639202484, 29.763851300849], [-95.3113561655581, 29.7638459746787], [-95.3113483057303, 29.7638407663506], [-95.3113403419346, 29.7638356792823], [-95.3113322793391, 29.7638307136158], [-95.3113241178215, 29.7638258727331], [-95.3113158612986, 29.7638211556134], [-95.3113075109808, 29.7638165645469], [-95.3112990707034, 29.7638121007675], [-95.3112905429688, 29.7638077666008], [-95.3112819290282, 29.7638035632097], [-95.311273232717, 29.7637994918281], [-95.311264456619, 29.7637955525272], [-95.3112556032775, 29.7637917465052], [-95.3112466751543, 29.7637880772151], [-95.3112376748739, 29.7637845436007], [-95.3112286062718, 29.7637811468961], [-95.3112194705583, 29.7637778893912], [-95.3112102703173, 29.7637747711573], [-95.3112010106763, 29.7637717934638], [-95.311191691635, 29.7637689563106], [-95.3106300716038, 29.7636027819337], [-95.3099588245086, 29.7634271127417], [-95.3095086322382, 29.763308885724]]}, "properties": {"centerlineid": 10142139, "roadclass": "LOCAL", "fullname": "OLD CLINTON RD", "fromleft": 5601, "toleft": 5699, "fromright": 5600, "toright": 5698, "onewaydir": " "}}, {"type": "Feature", "geometry": {"type": "LineString", "coordinates": [[-95.3240502711829, 29.754846002274], [-95.3237068779312, 29.7547353558771]]}, "properties": {"centerlineid": 10141897, "roadclass": "LOCAL", "fullname": "IRA", "fromleft": 4521, "toleft": 4599, "fromright": 4520, "toright": 4598, "onewaydir": " "}}, {"type": "Feature", "geometry": {"type": "LineString", "coordinates": [[-95.3029473301821, 29.7503886617341], [-95.3026650561509, 29.7510446454315]]}, "properties": {"centerlineid": 10142870, "roadclass": "LOCAL", "fullname": "N MSG JOE E RAMIREZ BLVD", "fromleft": 2001, "toleft": 2099, "fromright": 2000, "toright": 2098, "onewaydir": " "}}, {"type": "Feature", "geometry": {"type": "LineString", "coordinates": [[-95.3043054025291, 29.7470966129673], [-95.3040384008917, 29.7477582769876]]}, "properties": {"centerlineid": 10142831, "roadclass": "LOCAL", "fullname": "N MSG JOE E RAMIREZ BLVD", "fromleft": 1501, "toleft": 1599, "fromright": 1500, "toright": 1598, "onewaydir": " "}}, {"type": "Feature", "geometry": {"type": "LineString", "coordinates": [[-95.3071435933018, 29.7403025481299], [-95.3068536115106, 29.7409624200433]]}, "properties": {"centerlineid": 10142045, "roadclass": "LOCAL", "fullname": "N MSG JOE E RAMIREZ BLVD", "fromleft": 501, "toleft": 599, "fromright": 500, "toright": 598, "onewaydir": " "}}, {"type": "Feature", "geometry": {"type": "LineString", "coordinates": [[-95.3082803512121, 29.7375539725474], [-95.3079286857388, 29.7384110012821]]}, "properties": {"centerlineid": 10143445, "roadclass": "LOCAL", "fullname": "N MSG JOE E RAMIREZ BLVD", "fromleft": 101, "toleft": 199, "fromright": 100, "toright": 198, "onewaydir": " "}}, {"type": "Feature", "geometry": {"type": "LineString", "coordinates": [[-95.3074333739975, 29.7395833561128], [-95.3071435933018, 29.7403025481299]]}, "properties": {"centerlineid": 10142046, "roadclass": "LOCAL", "fullname": "N MSG JOE E RAMIREZ BLVD", "fromleft": 401, "toleft": 499, "fromright": 400, "toright": 498, "onewaydir": " "}}, {"type": "Feature", "geometry": {"type": "LineString", "coordinates": [[-95.3090128138513, 29.7356599136459], [-95.3093942922335, 29.7346815310773], [-95.3097755872222, 29.7337640349077]]}, "properties": {"centerlineid": 10143370, "roadclass": "LOCAL", "fullname": "S MSG JOE E RAMIREZ BLVD", "fromleft": 301, "toleft": 399, "fromright": 300, "toright": 398, "onewaydir": " "}}, {"type": "Feature", "geometry": {"type": "LineString", "coordinates": [[-95.3040384008917, 29.7477582769876], [-95.3039697369348, 29.7479319433765], [-95.3037712445987, 29.7484049116678]]}, "properties": {"centerlineid": 10142820, "roadclass": "LOCAL", "fullname": "N MSG JOE E RAMIREZ BLVD", "fromleft": 1601, "toleft": 1699, "fromright": 1600, "toright": 1698, "onewaydir": " "}}, {"type": "Feature", "geometry": {"type": "LineString", "coordinates": [[-95.3024056402884, 29.7516879183992], [-95.3021539739076, 29.7522902625118], [-95.3021158608791, 29.752360756146]]}, "properties": {"centerlineid": 10142828, "roadclass": "LOCAL", "fullname": "N MSG JOE E RAMIREZ BLVD", "fromleft": 2201, "toleft": 2299, "fromright": 2200, "toright": 2298, "onewaydir": " "}}, {"type": "Feature", "geometry": {"type": "LineString", "coordinates": [[-95.3082803512121, 29.7375539725474], [-95.3082879064602, 29.7374262075324], [-95.308486172363, 29.7369435974772], [-95.3087608854777, 29.7362837649599]]}, "properties": {"centerlineid": 10143475, "roadclass": "LOCAL", "fullname": "S MSG JOE E RAMIREZ BLVD", "fromleft": 101, "toleft": 211, "fromright": 100, "toright": 210, "onewaydir": " "}}, {"type": "Feature", "geometry": {"type": "LineString", "coordinates": [[-95.3045953995251, 29.7464328372935], [-95.3043054025291, 29.7470966129673]]}, "properties": {"centerlineid": 10142832, "roadclass": "LOCAL", "fullname": "N MSG JOE E RAMIREZ BLVD", "fromleft": 1401, "toleft": 1499, "fromright": 1400, "toright": 1498, "onewaydir": " "}}, {"type": "Feature", "geometry": {"type": "LineString", "coordinates": [[-95.3065635904408, 29.7416777427724], [-95.306281344052, 29.7423489943574]]}, "properties": {"centerlineid": 10142094, "roadclass": "LOCAL", "fullname": "N MSG JOE E RAMIREZ BLVD", "fromleft": 701, "toleft": 799, "fromright": 700, "toright": 798, "onewaydir": " "}}, {"type": "Feature", "geometry": {"type": "LineString", "coordinates": [[-95.3068536115106, 29.7409624200433], [-95.3065635904408, 29.7416777427724]]}, "properties": {"centerlineid": 10142044, "roadclass": "LOCAL", "fullname": "N MSG JOE E RAMIREZ BLVD", "fromleft": 601, "toleft": 699, "fromright": 600, "toright": 698, "onewaydir": " "}}, {"type": "Feature", "geometry": {"type": "LineString", "coordinates": [[-95.3077309369128, 29.7388757758171], [-95.3076469835104, 29.7391085194988], [-95.3074945335168, 29.7394900041945], [-95.3074333739975, 29.7395833561128]]}, "properties": {"centerlineid": 10142047, "roadclass": "LOCAL", "fullname": "N MSG JOE E RAMIREZ BLVD", "fromleft": 301, "toleft": 399, "fromright": 300, "toright": 398, "onewaydir": " "}}, {"type": "Feature", "geometry": {"type": "LineString", "coordinates": [[-95.3026650561509, 29.7510446454315], [-95.3024056402884, 29.7516879183992]]}, "properties": {"centerlineid": 10142845, "roadclass": "LOCAL", "fullname": "N MSG JOE E RAMIREZ BLVD", "fromleft": 2101, "toleft": 2199, "fromright": 2100, "toright": 2198, "onewaydir": " "}}, {"type": "Feature", "geometry": {"type": "LineString", "coordinates": [[-95.306281344052, 29.7423489943574], [-95.3060066638289, 29.7430070543043]]}, "properties": {"centerlineid": 10142098, "roadclass": "LOCAL", "fullname": "N MSG JOE E RAMIREZ BLVD", "fromleft": 801, "toleft": 899, "fromright": 800, "toright": 898, "onewaydir": " "}}, {"type": "Feature", "geometry": {"type": "LineString", "coordinates": [[-95.3102410476289, 29.7381510943989], [-95.3102563420528, 29.7380347542175], [-95.3105004761695, 29.7374051973638]]}, "properties": {"centerlineid": 10143449, "roadclass": "LOCAL", "fullname": "S 66TH ST", "fromleft": 101, "toleft": 119, "fromright": 100, "toright": 118, "onewaydir": " "}}, {"type": "Feature", "geometry": {"type": "LineString", "coordinates": [[-95.3032295410013, 29.7497210464918], [-95.3029473301821, 29.7503886617341]]}, "properties": {"centerlineid": 10142865, "roadclass": "LOCAL", "fullname": "N MSG JOE E RAMIREZ BLVD", "fromleft": 1901, "toleft": 1999, "fromright": 1900, "toright": 1998, "onewaydir": " "}}, {"type": "Feature", "geometry": {"type": "LineString", "coordinates": [[-95.3060066638289, 29.7430070543043], [-95.3057321214366, 29.7436728864402]]}, "properties": {"centerlineid": 10142861, "roadclass": "LOCAL", "fullname": "N MSG JOE E RAMIREZ BLVD", "fromleft": 901, "toleft": 999, "fromright": 900, "toright": 998, "onewaydir": " "}}, {"type": "Feature", "geometry": {"type": "LineString", "coordinates": [[-95.3051904572344, 29.7449907987955], [-95.3048698995376, 29.7457670526788]]}, "properties": {"centerlineid": 10142855, "roadclass": "LOCAL", "fullname": "N MSG JOE E RAMIREZ BLVD", "fromleft": 1201, "toleft": 1299, "fromright": 1200, "toright": 1298, "onewaydir": " "}}, {"type": "Feature", "geometry": {"type": "LineString", "coordinates": [[-95.3453820851491, 29.7552905001817], [-95.344359620814, 29.7565817172017]]}, "properties": {"centerlineid": 10139771, "roadclass": "LOCAL", "fullname": "N LIVE OAK ST", "fromleft": 1, "toleft": 99, "fromright": 2, "toright": 98, "onewaydir": " "}}, {"type": "Feature", "geometry": {"type": "LineString", "coordinates": [[-95.3057321214366, 29.7436728864402], [-95.3056404101548, 29.7439017408275], [-95.3054727144697, 29.7443402536136]]}, "properties": {"centerlineid": 10142825, "roadclass": "LOCAL", "fullname": "N MSG JOE E RAMIREZ BLVD", "fromleft": 1001, "toleft": 1099, "fromright": 1000, "toright": 1098, "onewaydir": " "}}, {"type": "Feature", "geometry": {"type": "LineString", "coordinates": [[-95.3079286857388, 29.7384110012821], [-95.3077309369128, 29.7388757758171]]}, "properties": {"centerlineid": 10141913, "roadclass": "LOCAL", "fullname": "N MSG JOE E RAMIREZ BLVD", "fromleft": 201, "toleft": 299, "fromright": 200, "toright": 298, "onewaydir": " "}}, {"type": "Feature", "geometry": {"type": "LineString", "coordinates": [[-95.3034889675828, 29.7490686649188], [-95.3032295410013, 29.7497210464918]]}, "properties": {"centerlineid": 10142864, "roadclass": "LOCAL", "fullname": "N MSG JOE E RAMIREZ BLVD", "fromleft": 1801, "toleft": 1899, "fromright": 1800, "toright": 1898, "onewaydir": " "}}, {"type": "Feature", "geometry": {"type": "LineString", "coordinates": [[-95.3048698995376, 29.7457670526788], [-95.3045953995251, 29.7464328372935]]}, "properties": {"centerlineid": 10142856, "roadclass": "LOCAL", "fullname": "N MSG JOE E RAMIREZ BLVD", "fromleft": 1301, "toleft": 1399, "fromright": 1300, "toright": 1398, "onewaydir": " "}}, {"type": "Feature", "geometry": {"type": "LineString", "coordinates": [[-95.3037712445987, 29.7484049116678], [-95.3034889675828, 29.7490686649188]]}, "properties": {"centerlineid": 10142842, "roadclass": "LOCAL", "fullname": "N MSG JOE E RAMIREZ BLVD", "fromleft": 1701, "toleft": 1799, "fromright": 1700, "toright": 1798, "onewaydir": " "}}, {"type": "Feature", "geometry": {"type": "LineString", "coordinates": [[-95.3087608854777, 29.7362837649599], [-95.3090128138513, 29.7356599136459]]}, "properties": {"centerlineid": 10143374, "roadclass": "LOCAL", "fullname": "S MSG JOE E RAMIREZ BLVD", "fromleft": 213, "toleft": 299, "fromright": 212, "toright": 298, "onewaydir": " "}}, {"type": "Feature", "geometry": {"type": "LineString", "coordinates": [[-95.3102410476289, 29.7381510943989], [-95.3098848036365, 29.7390144989021]]}, "properties": {"centerlineid": 10141992, "roadclass": "LOCAL", "fullname": "N 66TH ST", "fromleft": 101, "toleft": 199, "fromright": 100, "toright": 198, "onewaydir": " "}}, {"type": "Feature", "geometry": {"type": "LineString", "coordinates": [[-95.3054727144697, 29.7443402536136], [-95.3051904572344, 29.7449907987955]]}, "properties": {"centerlineid": 10142839, "roadclass": "LOCAL", "fullname": "N MSG JOE E RAMIREZ BLVD", "fromleft": 1101, "toleft": 1199, "fromright": 1100, "toright": 1198, "onewaydir": " "}}, {"type": "Feature", "geometry": {"type": "LineString", "coordinates": [[-95.344359620814, 29.7565817172017], [-95.3441919466414, 29.7567916364419], [-95.3439172208453, 29.7571443754469]]}, "properties": {"centerlineid": 10140446, "roadclass": "LOCAL", "fullname": "N LIVE OAK ST", "fromleft": 101, "toleft": 199, "fromright": 100, "toright": 198, "onewaydir": " "}}, {"type": "Feature", "geometry": {"type": "LineString", "coordinates": [[-95.3518288675211, 29.7590993667516], [-95.3524163692711, 29.7583498180824]]}, "properties": {"centerlineid": 10140501, "roadclass": "LOCAL", "fullname": "HAMILTON ST", "fromleft": 101, "toleft": 199, "fromright": 100, "toright": 198, "onewaydir": "TF"}}, {"type": "Feature", "geometry": {"type": "LineString", "coordinates": [[-95.3520730032001, 29.7372087622676], [-95.3523324120114, 29.736554572065]]}, "properties": {"centerlineid": 10138700, "roadclass": "LOCAL", "fullname": "TIERWESTER ST", "fromleft": 2201, "toleft": 2299, "fromright": 2200, "toright": 2298, "onewaydir": " "}}, {"type": "Feature", "geometry": {"type": "LineString", "coordinates": [[-95.3177483584536, 29.7394519121565], [-95.3168480281535, 29.7391676361051]]}, "properties": {"centerlineid": 10141990, "roadclass": "LOCAL", "fullname": "TEXAS ST", "fromleft": 5901, "toleft": 5999, "fromright": 5900, "toright": 5998, "onewaydir": " "}}, {"type": "Feature", "geometry": {"type": "LineString", "coordinates": [[-95.3074180959612, 29.7691911635638], [-95.3065560826416, 29.7691969002134], [-95.3063425177728, 29.7691989215121]]}, "properties": {"centerlineid": 10142157, "roadclass": "LOCAL", "fullname": "LESLIE ST", "fromleft": 6301, "toleft": 6399, "fromright": 6300, "toright": 6398, "onewaydir": " "}}, {"type": "Feature", "geometry": {"type": "LineString", "coordinates": [[-95.3258813457382, 29.7370410612743], [-95.3252175886978, 29.7368406894458]]}, "properties": {"centerlineid": 10139224, "roadclass": "LOCAL", "fullname": "PARK DR", "fromleft": 5001, "toleft": 5099, "fromright": 5000, "toright": 5098, "onewaydir": " "}}, {"type": "Feature", "geometry": {"type": "LineString", "coordinates": [[-95.3526605276233, 29.7484658355492], [-95.3518213453165, 29.7479337573279]]}, "properties": {"centerlineid": 10139675, "roadclass": "LOCAL", "fullname": "LAMAR ST", "fromleft": 2501, "toleft": 2599, "fromright": 2500, "toright": 2598, "onewaydir": " "}}, {"type": "Feature", "geometry": {"type": "LineString", "coordinates": [[-95.3530189996794, 29.7348722855785], [-95.3532861738438, 29.7341914166885]]}, "properties": {"centerlineid": 10138868, "roadclass": "LOCAL", "fullname": "TIERWESTER ST", "fromleft": 2501, "toleft": 2599, "fromright": 2500, "toright": 2598, "onewaydir": " "}}, {"type": "Feature", "geometry": {"type": "LineString", "coordinates": [[-95.34285667914, 29.7480578670212], [-95.3432306355539, 29.7475848913]]}, "properties": {"centerlineid": 10141697, "roadclass": "LOCAL", "fullname": "ROBERTS ST", "fromleft": 601, "toleft": 699, "fromright": 600, "toright": 698, "onewaydir": " "}}, {"type": "Feature", "geometry": {"type": "LineString", "coordinates": [[-95.3504326565532, 29.7686209786319], [-95.3504326407564, 29.768621781601], [-95.3504251321062, 29.7687925623486], [-95.3504326484464, 29.769086200692], [-95.3504479749242, 29.7695936621963]]}, "properties": {"centerlineid": 11004737, "roadclass": "MAJOR", "fullname": "ELYSIAN ST", "fromleft": 901, "toleft": 999, "fromright": 900, "toright": 998, "onewaydir": " "}}, {"type": "Feature", "geometry": {"type": "LineString", "coordinates": [[-95.347854069946, 29.751342196471], [-95.347960873572, 29.7512029955412]]}, "properties": {"centerlineid": 10140068, "roadclass": "LOCAL", "fullname": "NAGLE ST", "fromleft": 501, "toleft": 599, "fromright": 500, "toright": 598, "onewaydir": " "}}, {"type": "Feature", "geometry": {"type": "LineString", "coordinates": [[-95.3042978631638, 29.7673831338377], [-95.3043054120874, 29.7662653208635], [-95.304305362727, 29.7631792950777], [-95.3043129121618, 29.7630209685253], [-95.3043359750613, 29.7616382410125]]}, "properties": {"centerlineid": 10142388, "roadclass": "LOCAL", "fullname": "GAZIN ST", "fromleft": 1201, "toleft": 1499, "fromright": 1200, "toright": 1498, "onewaydir": " "}}, {"type": "Feature", "geometry": {"type": "LineString", "coordinates": [[-95.3420251785681, 29.7381262474326], [-95.3418114033702, 29.7380557503519]]}, "properties": {"centerlineid": 10139293, "roadclass": "MAJOR", "fullname": "LEELAND ST", "fromleft": 3917, "toleft": 3999, "fromright": 3916, "toright": 3998, "onewaydir": " "}}, {"type": "Feature", "geometry": {"type": "LineString", "coordinates": [[-95.3404763544616, 29.7581668281104], [-95.3403618524055, 29.7583135356263], [-95.3402703171658, 29.7584337949608], [-95.340247499251, 29.7584680148546]]}, "properties": {"centerlineid": 10140775, "roadclass": "LOCAL", "fullname": "MIDDLE ST", "fromleft": 509, "toleft": 599, "fromright": 508, "toright": 598, "onewaydir": " "}}, {"type": "Feature", "geometry": {"type": "LineString", "coordinates": [[-95.3383249438986, 29.7433141866523], [-95.3372872209379, 29.742988103125]]}, "properties": {"centerlineid": 10141427, "roadclass": "LOCAL", "fullname": "WALKER ST", "fromleft": 4001, "toleft": 4099, "fromright": 4000, "toright": 4098, "onewaydir": " "}}, {"type": "Feature", "geometry": {"type": "LineString", "coordinates": [[-95.3012079485801, 29.7673297463915], [-95.3012413774232, 29.761090252111], [-95.3012460525291, 29.7607474259693]]}, "properties": {"centerlineid": 10142389, "roadclass": "MAJOR", "fullname": "LATHROP ST", "fromleft": 1201, "toleft": 1499, "fromright": 1200, "toright": 1498, "onewaydir": " "}}, {"type": "Feature", "geometry": {"type": "LineString", "coordinates": [[-95.3367302424067, 29.7420688406677], [-95.3356927370477, 29.7417386563746]]}, "properties": {"centerlineid": 10141282, "roadclass": "MAJOR", "fullname": "MCKINNEY ST", "fromleft": 4201, "toleft": 4299, "fromright": 4200, "toright": 4298, "onewaydir": " "}}, {"type": "Feature", "geometry": {"type": "LineString", "coordinates": [[-95.3328928369027, 29.7558264545065], [-95.3328241867252, 29.7557844775335], [-95.3323128386066, 29.755488768976]]}, "properties": {"centerlineid": 10140717, "roadclass": "LOCAL", "fullname": "FOX ST", "fromleft": 3601, "toleft": 3699, "fromright": 3600, "toright": 3698, "onewaydir": " "}}, {"type": "Feature", "geometry": {"type": "LineString", "coordinates": [[-95.3533242975479, 29.7444338200383], [-95.3539193449509, 29.7436956790062]]}, "properties": {"centerlineid": 10140051, "roadclass": "LOCAL", "fullname": "NAGLE ST", "fromleft": 1501, "toleft": 1599, "fromright": 1500, "toright": 1598, "onewaydir": " "}}, {"type": "Feature", "geometry": {"type": "LineString", "coordinates": [[-95.3509515104056, 29.7585501513062], [-95.3501198540939, 29.7580693929726]]}, "properties": {"centerlineid": 10140260, "roadclass": "LOCAL", "fullname": "COMMERCE ST", "fromleft": 2001, "toleft": 2099, "fromright": 2000, "toright": 2098, "onewaydir": " "}}, {"type": "Feature", "geometry": {"type": "LineString", "coordinates": [[-95.3272850708417, 29.7399285700978], [-95.3264688957092, 29.7396615997304]]}, "properties": {"centerlineid": 10141644, "roadclass": "LOCAL", "fullname": "WALKER ST", "fromleft": 4801, "toleft": 4899, "fromright": 4800, "toright": 4898, "onewaydir": " "}}, {"type": "Feature", "geometry": {"type": "LineString", "coordinates": [[-95.3582649156267, 29.7429931003563], [-95.3578943494672, 29.74269811534], [-95.3568032402445, 29.7420190577134], [-95.3566452338923, 29.7419252105915], [-95.3563761086005, 29.7417653631136], [-95.3560555127306, 29.7415346601278], [-95.3558572274019, 29.7413553341774], [-95.3554410730377, 29.7408666142664], [-95.3553922263238, 29.7408092490769], [-95.3552427165021, 29.7406511615096], [-95.3551152514851, 29.74052752259], [-95.3549225140358, 29.740385184182], [-95.3540052189222, 29.7397864517736], [-95.3533318220849, 29.7393718413694], [-95.3527901507286, 29.7390170023865], [-95.352761462097, 29.7389986005838], [-95.3522103414226, 29.7386450736846], [-95.3509770015272, 29.73786388536], [-95.3509668061247, 29.737857427517], [-95.3490364966947, 29.7366346715123], [-95.3485787750532, 29.736344668785], [-95.3474903648157, 29.7356540834115], [-95.3473522714786, 29.7355664625412], [-95.347162396113, 29.7354470806065], [-95.3470365724457, 29.7353660880683], [-95.346556938723, 29.7350611861684], [-95.3460611277186, 29.7347426887765], [-95.3455347030337, 29.73436688329], [-95.3440773887433, 29.7332262196802], [-95.3439630681383, 29.7331233167598], [-95.3433830370358, 29.7326731444764], [-95.3425363002021, 29.7320073329139], [-95.3423288082501, 29.7318397343148], [-95.3422387584841, 29.7317670832416]]}, "properties": {"centerlineid": 10125933, "roadclass": "HOV", "fullname": "S IH 45 HOV", "fromleft": 2401, "toleft": 4099, "fromright": 2400, "toright": 4098, "onewaydir": "N"}}, {"type": "Feature", "geometry": {"type": "LineString", "coordinates": [[-95.352089090851, 29.7704466283515], [-95.3522389464333, 29.7703566501383], [-95.3524666280926, 29.77020541529], [-95.3529174665912, 29.7699065957167], [-95.3531243331645, 29.7697694790088], [-95.3533973654983, 29.769635084383], [-95.3539271837377, 29.7693658537306], [-95.35469765308, 29.7690214262821], [-95.3549112259893, 29.7689146167571], [-95.3551019616542, 29.7687142905702]]}, "properties": {"centerlineid": 10140704, "roadclass": "RAMP", "fullname": "EAST FWY IH 10 N MAIN RAMP", "fromleft": 0, "toleft": 0, "fromright": 0, "toright": 0, "onewaydir": "TF"}}, {"type": "Feature", "geometry": {"type": "LineString", "coordinates": [[-95.339804850812, 29.7519030259443], [-95.3389581240239, 29.7513727514127]]}, "properties": {"centerlineid": 10141361, "roadclass": "LOCAL", "fullname": "COMMERCE ST", "fromleft": 3301, "toleft": 3399, "fromright": 3300, "toright": 3398, "onewaydir": " "}}, {"type": "Feature", "geometry": {"type": "LineString", "coordinates": [[-95.3298278948752, 29.7517956315421], [-95.329355008762, 29.7524194598042]]}, "properties": {"centerlineid": 10141496, "roadclass": "LOCAL", "fullname": "N SIDNEY ST", "fromleft": 319, "toleft": 399, "fromright": 318, "toright": 398, "onewaydir": " "}}, {"type": "Feature", "geometry": {"type": "LineString", "coordinates": [[-95.3305504243506, 29.7468752624441], [-95.3296503052336, 29.7465987094086], [-95.3295510307356, 29.7465872909816]]}, "properties": {"centerlineid": 10141545, "roadclass": "LOCAL", "fullname": "SHERMAN ST", "fromleft": 4401, "toleft": 4499, "fromright": 4400, "toright": 4498, "onewaydir": " "}}, {"type": "Feature", "geometry": {"type": "LineString", "coordinates": [[-95.3233253721638, 29.7352498933417], [-95.3225244990988, 29.7350077841312]]}, "properties": {"centerlineid": 10143382, "roadclass": "MAJOR", "fullname": "POLK ST", "fromleft": 5135, "toleft": 5199, "fromright": 5134, "toright": 5198, "onewaydir": " "}}, {"type": "Feature", "geometry": {"type": "LineString", "coordinates": [[-95.3308938404684, 29.7492555610132], [-95.3305200794056, 29.7491373567332]]}, "properties": {"centerlineid": 10141414, "roadclass": "MAJOR", "fullname": "CANAL ST", "fromleft": 4315, "toleft": 4321, "fromright": 4314, "toright": 4320, "onewaydir": " "}}, {"type": "Feature", "geometry": {"type": "LineString", "coordinates": [[-95.3268273717054, 29.7512621118973], [-95.3263849225244, 29.7518343422567]]}, "properties": {"centerlineid": 10141509, "roadclass": "LOCAL", "fullname": "N SUPER ST", "fromleft": 401, "toleft": 499, "fromright": 400, "toright": 498, "onewaydir": " "}}, {"type": "Feature", "geometry": {"type": "LineString", "coordinates": [[-95.326757071414, 29.7686179272762], [-95.326590967757, 29.7691282106748], [-95.3265604082477, 29.7692676245515]]}, "properties": {"centerlineid": 10141154, "roadclass": "MAJOR", "fullname": "HIRSCH RD", "fromleft": 751, "toleft": 799, "fromright": 750, "toright": 798, "onewaydir": " "}}, {"type": "Feature", "geometry": {"type": "LineString", "coordinates": [[-95.3295510307356, 29.7465872909816], [-95.3300621125301, 29.745328506235]]}, "properties": {"centerlineid": 10141552, "roadclass": "LOCAL", "fullname": "SUPER ST", "fromleft": 201, "toleft": 299, "fromright": 200, "toright": 298, "onewaydir": " "}}, {"type": "Feature", "geometry": {"type": "LineString", "coordinates": [[-95.3005058469629, 29.7581476358006], [-95.2986444217064, 29.7571578582849], [-95.2985167508905, 29.7570906643146]]}, "properties": {"centerlineid": 10142505, "roadclass": "MAJOR", "fullname": "CLINTON DR", "fromleft": 7001, "toleft": 7099, "fromright": 7000, "toright": 7098, "onewaydir": " "}}, {"type": "Feature", "geometry": {"type": "LineString", "coordinates": [[-95.3426125175026, 29.7513250949839], [-95.3424142605194, 29.7512105507483], [-95.3421928936206, 29.7510848170584], [-95.3418953976782, 29.7508997878006]]}, "properties": {"centerlineid": 10141600, "roadclass": "LOCAL", "fullname": "GARROW ST", "fromleft": 3101, "toleft": 3199, "fromright": 3100, "toright": 3198, "onewaydir": " "}}, {"type": "Feature", "geometry": {"type": "LineString", "coordinates": [[-95.352073015161, 29.7673774273456], [-95.3519968055964, 29.7676119887407]]}, "properties": {"centerlineid": 10140568, "roadclass": "LOCAL", "fullname": "HARDY RD", "fromleft": 801, "toleft": 811, "fromright": 800, "toright": 810, "onewaydir": "FT"}}, {"type": "Feature", "geometry": {"type": "LineString", "coordinates": [[-95.333411488878, 29.7392114229731], [-95.3333961836536, 29.7392591037029], [-95.3333658225074, 29.7392896722687], [-95.3333275295478, 29.7393124883843], [-95.3325569942805, 29.7394690504413]]}, "properties": {"centerlineid": 10141292, "roadclass": "LOCAL", "fullname": "PARK DR", "fromleft": 4401, "toleft": 4499, "fromright": 0, "toright": 0, "onewaydir": "TF"}}, {"type": "Feature", "geometry": {"type": "LineString", "coordinates": [[-95.3476099621284, 29.7350402191251], [-95.3473484525313, 29.7349051169356], [-95.3472740908242, 29.7348665726477]]}, "properties": {"centerlineid": 10138557, "roadclass": "FRONTAGE", "fullname": "GULF FWY", "fromleft": 0, "toleft": 0, "fromright": 3500, "toright": 3504, "onewaydir": "TF"}}, {"type": "Feature", "geometry": {"type": "LineString", "coordinates": [[-95.3291467374192, 29.7475905920879], [-95.3290780519785, 29.7475675428181], [-95.3290552393773, 29.747560033496], [-95.3281701395661, 29.7472852779624]]}, "properties": {"centerlineid": 10141195, "roadclass": "LOCAL", "fullname": "BRADY ST", "fromleft": 4501, "toleft": 4599, "fromright": 4500, "toright": 4598, "onewaydir": " "}}, {"type": "Feature", "geometry": {"type": "LineString", "coordinates": [[-95.3228523732881, 29.7467684947726], [-95.3232719606453, 29.745767026354]]}, "properties": {"centerlineid": 10141862, "roadclass": "LOCAL", "fullname": "ADAMS ST", "fromleft": 1, "toleft": 99, "fromright": 2, "toright": 98, "onewaydir": " "}}, {"type": "Feature", "geometry": {"type": "LineString", "coordinates": [[-95.3322213550885, 29.7371688355455], [-95.3324501967833, 29.7370008883174], [-95.3332354540386, 29.7366206634646], [-95.3334648750258, 29.7364516968135]]}, "properties": {"centerlineid": 10139063, "roadclass": "MAJOR", "fullname": "ERNESTINE ST", "fromleft": 1401, "toleft": 1499, "fromright": 1400, "toright": 1498, "onewaydir": "FT"}}, {"type": "Feature", "geometry": {"type": "LineString", "coordinates": [[-95.3401560037071, 29.7425664796968], [-95.3380577614117, 29.7419200373719]]}, "properties": {"centerlineid": 10141286, "roadclass": "LOCAL", "fullname": "LAMAR ST", "fromleft": 3901, "toleft": 4099, "fromright": 3900, "toright": 4098, "onewaydir": " "}}, {"type": "Feature", "geometry": {"type": "LineString", "coordinates": [[-95.3514584787724, 29.7701569065614], [-95.3520880591244, 29.7700581503233], [-95.3525479019706, 29.7699859007529], [-95.3529174665912, 29.7699065957167], [-95.353243857035, 29.7698365533192], [-95.3542627407579, 29.7694239272651]]}, "properties": {"centerlineid": 10140702, "roadclass": "RAMP", "fullname": "IH 10 PROVIDENCE MC KEE RAMP", "fromleft": 0, "toleft": 0, "fromright": 0, "toright": 0, "onewaydir": "TF"}}, {"type": "Feature", "geometry": {"type": "LineString", "coordinates": [[-95.3063044004573, 29.7369283488266], [-95.3043053897354, 29.7363409953808]]}, "properties": {"centerlineid": 10143742, "roadclass": "MAJOR", "fullname": "HARRISBURG BLVD", "fromleft": 6801, "toleft": 6899, "fromright": 6800, "toright": 6898, "onewaydir": " "}}, {"type": "Feature", "geometry": {"type": "LineString", "coordinates": [[-95.302787143624, 29.7673753733488], [-95.3022529601639, 29.7673792861044]]}, "properties": {"centerlineid": 10142441, "roadclass": "LOCAL", "fullname": "LARIMER ST", "fromleft": 6751, "toleft": 6799, "fromright": 6750, "toright": 6798, "onewaydir": " "}}, {"type": "Feature", "geometry": {"type": "LineString", "coordinates": [[-95.3365778316457, 29.7527995249391], [-95.3360742317065, 29.7534251921551]]}, "properties": {"centerlineid": 10141757, "roadclass": "MAJOR", "fullname": "N YORK ST", "fromleft": 201, "toleft": 221, "fromright": 200, "toright": 220, "onewaydir": "TF"}}, {"type": "Feature", "geometry": {"type": "LineString", "coordinates": [[-95.3539193449509, 29.7436956790062], [-95.3530495740191, 29.743180682874]]}, "properties": {"centerlineid": 10139924, "roadclass": "MAJOR", "fullname": "LEELAND ST", "fromleft": 2701, "toleft": 2799, "fromright": 2700, "toright": 2798, "onewaydir": " "}}, {"type": "Feature", "geometry": {"type": "LineString", "coordinates": [[-95.3131936254487, 29.7382426189422], [-95.3128960688398, 29.7381472072634], [-95.3117212210002, 29.7377753270165]]}, "properties": {"centerlineid": 10143421, "roadclass": "LOCAL", "fullname": "TEXAS ST", "fromleft": 6401, "toleft": 6499, "fromright": 6400, "toright": 6498, "onewaydir": " "}}, {"type": "Feature", "geometry": {"type": "LineString", "coordinates": [[-95.3401710570503, 29.7558627354565], [-95.3397439679058, 29.7563948158198], [-95.3397363959845, 29.7564557342725], [-95.3397667577558, 29.7565055013791]]}, "properties": {"centerlineid": 10140867, "roadclass": "LOCAL", "fullname": "N ENNIS ST", "fromleft": 221, "toleft": 299, "fromright": 220, "toright": 298, "onewaydir": " "}}, {"type": "Feature", "geometry": {"type": "LineString", "coordinates": [[-95.3531793994844, 29.7509780181979], [-95.3523399451717, 29.7504648687002]]}, "properties": {"centerlineid": 10139614, "roadclass": "LOCAL", "fullname": "WALKER ST", "fromleft": 2301, "toleft": 2399, "fromright": 2300, "toright": 2398, "onewaydir": " "}}, {"type": "Feature", "geometry": {"type": "LineString", "coordinates": [[-95.3209679054794, 29.7337756578427], [-95.3212503461658, 29.7331060117913]]}, "properties": {"centerlineid": 10143426, "roadclass": "LOCAL", "fullname": "COLLIER ST", "fromleft": 1301, "toleft": 1399, "fromright": 1300, "toright": 1398, "onewaydir": " "}}, {"type": "Feature", "geometry": {"type": "LineString", "coordinates": [[-95.3265604082477, 29.7692676245515], [-95.3247598729641, 29.7693132455703]]}, "properties": {"centerlineid": 10140949, "roadclass": "LOCAL", "fullname": "HARE ST", "fromleft": 4401, "toleft": 4599, "fromright": 4400, "toright": 4598, "onewaydir": " "}}, {"type": "Feature", "geometry": {"type": "LineString", "coordinates": [[-95.3437110897665, 29.7669833010759], [-95.3430246239, 29.7669977624325]]}, "properties": {"centerlineid": 10140839, "roadclass": "LOCAL", "fullname": "GRAYSON ST", "fromleft": 2613, "toleft": 2699, "fromright": 2612, "toright": 2698, "onewaydir": " "}}, {"type": "Feature", "geometry": {"type": "LineString", "coordinates": [[-95.3241647810266, 29.76277499966], [-95.3241648256971, 29.7632117119329]]}, "properties": {"centerlineid": 10142298, "roadclass": "LOCAL", "fullname": "EMILE ST", "fromleft": 137, "toleft": 199, "fromright": 136, "toright": 198, "onewaydir": " "}}, {"type": "Feature", "geometry": {"type": "LineString", "coordinates": [[-95.342170114763, 29.7533601368602], [-95.3413917929185, 29.7528928702533]]}, "properties": {"centerlineid": 10141250, "roadclass": "LOCAL", "fullname": "COMMERCE ST", "fromleft": 3001, "toleft": 3099, "fromright": 3000, "toright": 3098, "onewaydir": " "}}, {"type": "Feature", "geometry": {"type": "LineString", "coordinates": [[-95.333411488878, 29.7392114229731], [-95.3333352463427, 29.7391600732333], [-95.3332741383482, 29.7391295129224], [-95.332442667744, 29.7392611470589]]}, "properties": {"centerlineid": 10141436, "roadclass": "LOCAL", "fullname": "PARK DR", "fromleft": 0, "toleft": 0, "fromright": 4400, "toright": 4498, "onewaydir": "FT"}}, {"type": "Feature", "geometry": {"type": "LineString", "coordinates": [[-95.3141092553795, 29.7440580181753], [-95.3145135581584, 29.743056808323]]}, "properties": {"centerlineid": 10142030, "roadclass": "LOCAL", "fullname": "GREENWOOD ST", "fromleft": 1, "toleft": 99, "fromright": 2, "toright": 98, "onewaydir": " "}}, {"type": "Feature", "geometry": {"type": "LineString", "coordinates": [[-95.3220273374792, 29.7396532180137], [-95.3225931641506, 29.738891075766]]}, "properties": {"centerlineid": 10142065, "roadclass": "LOCAL", "fullname": "ALTIC ST", "fromleft": 601, "toleft": 699, "fromright": 600, "toright": 698, "onewaydir": " "}}, {"type": "Feature", "geometry": {"type": "LineString", "coordinates": [[-95.3000787243983, 29.741139910369], [-95.2990029144655, 29.7408079618857]]}, "properties": {"centerlineid": 10142615, "roadclass": "LOCAL", "fullname": "AVENUE I", "fromleft": 7001, "toleft": 7099, "fromright": 7000, "toright": 7098, "onewaydir": " "}}, {"type": "Feature", "geometry": {"type": "LineString", "coordinates": [[-95.3394539399468, 29.7660001949241], [-95.3394691970203, 29.7666506994038]]}, "properties": {"centerlineid": 10141058, "roadclass": "LOCAL", "fullname": "MEADOW ST", "fromleft": 401, "toleft": 499, "fromright": 400, "toright": 498, "onewaydir": " "}}, {"type": "Feature", "geometry": {"type": "LineString", "coordinates": [[-95.3072122900335, 29.7472528714574], [-95.3068077389035, 29.7478785584379]]}, "properties": {"centerlineid": 10141810, "roadclass": "LOCAL", "fullname": "TERMINAL ST", "fromleft": 1401, "toleft": 1499, "fromright": 1400, "toright": 1498, "onewaydir": " "}}, {"type": "Feature", "geometry": {"type": "LineString", "coordinates": [[-95.3186715618959, 29.7431635913018], [-95.3192207947526, 29.7418360672227]]}, "properties": {"centerlineid": 10141968, "roadclass": "LOCAL", "fullname": "LATHAM ST", "fromleft": 201, "toleft": 299, "fromright": 200, "toright": 298, "onewaydir": " "}}, {"type": "Feature", "geometry": {"type": "LineString", "coordinates": [[-95.3502800300334, 29.73674349778], [-95.3496239976374, 29.7363275655798], [-95.3490595216065, 29.7359747881019], [-95.3488381789041, 29.7358431577709]]}, "properties": {"centerlineid": 10138591, "roadclass": "FRONTAGE", "fullname": "GULF FWY", "fromleft": 0, "toleft": 0, "fromright": 3400, "toright": 3448, "onewaydir": "TF"}}, {"type": "Feature", "geometry": {"type": "LineString", "coordinates": [[-95.3115457472947, 29.7673888481817], [-95.3115592520624, 29.7641957183903], [-95.3115364958987, 29.7640839654723], [-95.3115128759847, 29.7640100494031]]}, "properties": {"centerlineid": 10142186, "roadclass": "LOCAL", "fullname": "SHOTWELL ST", "fromleft": 1201, "toleft": 1399, "fromright": 1200, "toright": 1398, "onewaydir": " "}}, {"type": "Feature", "geometry": {"type": "LineString", "coordinates": [[-95.3475739913906, 29.7663983702565], [-95.3476387077232, 29.7663597531471], [-95.3481490349743, 29.7659828299055], [-95.3486191802529, 29.7655905980473], [-95.3488556122184, 29.7653850656284], [-95.3491739937274, 29.7651082927605], [-95.3495683083433, 29.7647333917657], [-95.3496964933575, 29.7646115182813], [-95.3503138918675, 29.7639019814489], [-95.3507334703522, 29.763291970626], [-95.3510215706045, 29.7628000290737], [-95.3511531590416, 29.7625576567453], [-95.3511538365977, 29.7625563583862]]}, "properties": {"centerlineid": 10201328, "roadclass": "HOV", "fullname": "N US 59 FWY HOV", "fromleft": 6201, "toleft": 6299, "fromright": 6200, "toright": 6298, "onewaydir": ""}}, {"type": "Feature", "geometry": {"type": "LineString", "coordinates": [[-95.3088143187967, 29.7415784964629], [-95.3075707552172, 29.7411912901427], [-95.3068536115106, 29.7409624200433]]}, "properties": {"centerlineid": 10141941, "roadclass": "LOCAL", "fullname": "AVENUE F", "fromleft": 6601, "toleft": 6699, "fromright": 6600, "toright": 6698, "onewaydir": " "}}, {"type": "Feature", "geometry": {"type": "LineString", "coordinates": [[-95.3263849225244, 29.7518343422567], [-95.3251870229484, 29.7533754367158]]}, "properties": {"centerlineid": 10141495, "roadclass": "LOCAL", "fullname": "N SUPER ST", "fromleft": 501, "toleft": 599, "fromright": 500, "toright": 598, "onewaydir": " "}}, {"type": "Feature", "geometry": {"type": "LineString", "coordinates": [[-95.3197090587475, 29.7458071750055], [-95.320121131643, 29.7447886238485]]}, "properties": {"centerlineid": 10141885, "roadclass": "LOCAL", "fullname": "DELMAR ST", "fromleft": 1, "toleft": 99, "fromright": 2, "toright": 98, "onewaydir": " "}}, {"type": "Feature", "geometry": {"type": "LineString", "coordinates": [[-95.3262157070625, 29.7440234266465], [-95.3265764987313, 29.7431491197178]]}, "properties": {"centerlineid": 10141572, "roadclass": "LOCAL", "fullname": "STILES ST", "fromleft": 301, "toleft": 399, "fromright": 300, "toright": 398, "onewaydir": " "}}, {"type": "Feature", "geometry": {"type": "LineString", "coordinates": [[-95.3210596255474, 29.7491355323093], [-95.3203118799013, 29.7489103189303]]}, "properties": {"centerlineid": 10142018, "roadclass": "LOCAL", "fullname": "AVENUE J", "fromleft": 5201, "toleft": 5299, "fromright": 5200, "toright": 5298, "onewaydir": " "}}, {"type": "Feature", "geometry": {"type": "LineString", "coordinates": [[-95.3472740908242, 29.7348665726477], [-95.3470758075808, 29.7347520344723], [-95.3469156413113, 29.7346566301651]]}, "properties": {"centerlineid": 10138681, "roadclass": "FRONTAGE", "fullname": "GULF FWY", "fromleft": 0, "toleft": 0, "fromright": 3506, "toright": 3598, "onewaydir": "TF"}}, {"type": "Feature", "geometry": {"type": "LineString", "coordinates": [[-95.3325569942805, 29.7394690504413], [-95.332442667744, 29.7392611470589]]}, "properties": {"centerlineid": 10141433, "roadclass": "LOCAL", "fullname": "WOODSIDE ST", "fromleft": 4527, "toleft": 4549, "fromright": 4526, "toright": 4548, "onewaydir": " "}}, {"type": "Feature", "geometry": {"type": "LineString", "coordinates": [[-95.3159400858968, 29.7446302679362], [-95.3161233107867, 29.7441915192453], [-95.3163446840145, 29.7436174298483]]}, "properties": {"centerlineid": 10141936, "roadclass": "LOCAL", "fullname": "NORWOOD ST", "fromleft": 1, "toleft": 99, "fromright": 2, "toright": 98, "onewaydir": " "}}, {"type": "Feature", "geometry": {"type": "LineString", "coordinates": [[-95.3333505381231, 29.7373595823874], [-95.3336633585424, 29.7365677966155], [-95.3336709217024, 29.7365546062941]]}, "properties": {"centerlineid": 10139361, "roadclass": "LOCAL", "fullname": "FASHION ST", "fromleft": 1401, "toleft": 1499, "fromright": 1400, "toright": 1498, "onewaydir": " "}}, {"type": "Feature", "geometry": {"type": "LineString", "coordinates": [[-95.3178476080825, 29.7452196705945], [-95.3173974241077, 29.7461827411415], [-95.3173516001184, 29.7462840541722]]}, "properties": {"centerlineid": 10141956, "roadclass": "LOCAL", "fullname": "N LATHAM ST", "fromleft": 101, "toleft": 199, "fromright": 100, "toright": 198, "onewaydir": " "}}, {"type": "Feature", "geometry": {"type": "LineString", "coordinates": [[-95.3524366324644, 29.7615444146469], [-95.352067297971, 29.761890212594], [-95.3520345660297, 29.7619346109367], [-95.3520079928731, 29.7619809891054], [-95.3519967766988, 29.7620252092839]]}, "properties": {"centerlineid": 10140482, "roadclass": "LOCAL", "fullname": "MAPLE ST", "fromleft": 1701, "toleft": 1799, "fromright": 1700, "toright": 1798, "onewaydir": " "}}, {"type": "Feature", "geometry": {"type": "LineString", "coordinates": [[-95.3402483312269, 29.7659831311026], [-95.3398811425991, 29.7659906484761], [-95.3395240091995, 29.7659987114575]]}, "properties": {"centerlineid": 10210880, "roadclass": "LOCAL", "fullname": "BARON ST", "fromleft": 2901, "toleft": 2993, "fromright": 2900, "toright": 2992, "onewaydir": " "}}, {"type": "Feature", "geometry": {"type": "LineString", "coordinates": [[-95.3531793994844, 29.7509780181979], [-95.353782017724, 29.750224594917]]}, "properties": {"centerlineid": 10140179, "roadclass": "LOCAL", "fullname": "BASTROP ST", "fromleft": 901, "toleft": 999, "fromright": 900, "toright": 998, "onewaydir": " "}}, {"type": "Feature", "geometry": {"type": "LineString", "coordinates": [[-95.316184261375, 29.7339967588614], [-95.3155329393109, 29.7337716058073], [-95.3155055481632, 29.7337526875802], [-95.3154867629374, 29.7337291065785], [-95.3154720939743, 29.7336679053895]]}, "properties": {"centerlineid": 10143230, "roadclass": "LOCAL", "fullname": "KEMP ST", "fromleft": 5601, "toleft": 5699, "fromright": 5600, "toright": 5698, "onewaydir": " "}}, {"type": "Feature", "geometry": {"type": "LineString", "coordinates": [[-95.3365166565859, 29.7660556648548], [-95.3365091484484, 29.7667041046065]]}, "properties": {"centerlineid": 10141117, "roadclass": "LOCAL", "fullname": "GROVE ST", "fromleft": 401, "toleft": 499, "fromright": 400, "toright": 498, "onewaydir": " "}}, {"type": "Feature", "geometry": {"type": "LineString", "coordinates": [[-95.337928148099, 29.7526774400155], [-95.3374323491971, 29.753308813763]]}, "properties": {"centerlineid": 10141253, "roadclass": "MAJOR", "fullname": "N SAMPSON ST", "fromleft": 123, "toleft": 199, "fromright": 122, "toright": 198, "onewaydir": "FT"}}, {"type": "Feature", "geometry": {"type": "LineString", "coordinates": [[-95.3263849225244, 29.7518343422567], [-95.3239893451732, 29.7510923557697]]}, "properties": {"centerlineid": 10141511, "roadclass": "MAJOR", "fullname": "NAVIGATION BLVD", "fromleft": 4501, "toleft": 4699, "fromright": 4500, "toright": 4698, "onewaydir": " "}}, {"type": "Feature", "geometry": {"type": "LineString", "coordinates": [[-95.3206322291031, 29.7460969877954], [-95.3198235854124, 29.7458375343023], [-95.3197090587475, 29.7458071750055]]}, "properties": {"centerlineid": 10141999, "roadclass": "MAJOR", "fullname": "CANAL ST", "fromleft": 5305, "toleft": 5399, "fromright": 5304, "toright": 5398, "onewaydir": " "}}, {"type": "Feature", "geometry": {"type": "LineString", "coordinates": [[-95.3355325776001, 29.7640623513813], [-95.3350976954651, 29.76406622819], [-95.3346474990197, 29.7640719154893]]}, "properties": {"centerlineid": 10140748, "roadclass": "LOCAL", "fullname": "RICHARDSON ST", "fromleft": 3401, "toleft": 3499, "fromright": 3400, "toright": 3498, "onewaydir": " "}}, {"type": "Feature", "geometry": {"type": "LineString", "coordinates": [[-95.3245691398606, 29.7425589427341], [-95.3235925344192, 29.7422422447444]]}, "properties": {"centerlineid": 10141963, "roadclass": "MAJOR", "fullname": "HARRISBURG BLVD", "fromleft": 5101, "toleft": 5199, "fromright": 5100, "toright": 5198, "onewaydir": " "}}, {"type": "Feature", "geometry": {"type": "LineString", "coordinates": [[-95.3393165730337, 29.7493242132411], [-95.3385843480589, 29.7488779144276]]}, "properties": {"centerlineid": 10141421, "roadclass": "LOCAL", "fullname": "GARROW ST", "fromleft": 3501, "toleft": 3599, "fromright": 3500, "toright": 3598, "onewaydir": " "}}, {"type": "Feature", "geometry": {"type": "LineString", "coordinates": [[-95.3073952772522, 29.7644648384213], [-95.3073877543812, 29.7625842214593]]}, "properties": {"centerlineid": 10142137, "roadclass": "MAJOR", "fullname": "KRESS ST", "fromleft": 1401, "toleft": 1499, "fromright": 0, "toright": 0, "onewaydir": " "}}, {"type": "Feature", "geometry": {"type": "LineString", "coordinates": [[-95.3247476870183, 29.7639458633345], [-95.3241798647989, 29.763949854315]]}, "properties": {"centerlineid": 10140925, "roadclass": "LOCAL", "fullname": "URSA ST", "fromleft": 4501, "toleft": 4599, "fromright": 4500, "toright": 4598, "onewaydir": " "}}, {"type": "Feature", "geometry": {"type": "LineString", "coordinates": [[-95.333739589172, 29.7654242890025], [-95.3337548538965, 29.7660631664077]]}, "properties": {"centerlineid": 10141052, "roadclass": "LOCAL", "fullname": "BRINGHURST ST", "fromleft": 301, "toleft": 399, "fromright": 300, "toright": 398, "onewaydir": " "}}, {"type": "Feature", "geometry": {"type": "LineString", "coordinates": [[-95.3505166140953, 29.7622389855456], [-95.3504435931558, 29.7621785358263], [-95.3504257986074, 29.7621638043505], [-95.3503183480177, 29.7620748529553], [-95.3503005535458, 29.7620601203352], [-95.3502474361996, 29.7620161497388], [-95.3501642466173, 29.7619472805539], [-95.3501464508979, 29.7619325478775], [-95.3500864568772, 29.7618828823194], [-95.3499765951517, 29.7617922265545]]}, "properties": {"centerlineid": 10140579, "roadclass": "LOCAL", "fullname": "RUNNELS ST", "fromleft": 1891, "toleft": 1899, "fromright": 1890, "toright": 1898, "onewaydir": " "}}, {"type": "Feature", "geometry": {"type": "LineString", "coordinates": [[-95.3063044004573, 29.7369283488266], [-95.3067924790156, 29.7356829646311]]}, "properties": {"centerlineid": 10225765, "roadclass": "MAJOR", "fullname": "S WAYSIDE STREET", "fromleft": 101, "toleft": 265, "fromright": 100, "toright": 264, "onewaydir": "TF"}}, {"type": "Feature", "geometry": {"type": "LineString", "coordinates": [[-95.3486294165181, 29.7345611743585], [-95.3491051366674, 29.7333845977126]]}, "properties": {"centerlineid": 10138457, "roadclass": "LOCAL", "fullname": "NAPOLEON ST", "fromleft": 2301, "toleft": 2499, "fromright": 2300, "toright": 2498, "onewaydir": " "}}, {"type": "Feature", "geometry": {"type": "LineString", "coordinates": [[-95.3196470008387, 29.7482011529797], [-95.3194672454891, 29.7486456418942]]}, "properties": {"centerlineid": 10142129, "roadclass": "PRIVATE", "fullname": "MISSION LN", "fromleft": 315, "toleft": 399, "fromright": 314, "toright": 398, "onewaydir": ""}}, {"type": "Feature", "geometry": {"type": "LineString", "coordinates": [[-95.3084558210693, 29.7616019690764], [-95.3093943265737, 29.7591604919196]]}, "properties": {"centerlineid": 10142233, "roadclass": "LOCAL", "fullname": "KRESS ST", "fromleft": 1601, "toleft": 1699, "fromright": 1600, "toright": 1698, "onewaydir": " "}}, {"type": "Feature", "geometry": {"type": "LineString", "coordinates": [[-95.3214714642838, 29.7482447588428], [-95.3207314995017, 29.7480138496188]]}, "properties": {"centerlineid": 10141985, "roadclass": "LOCAL", "fullname": "AVENUE I", "fromleft": 5201, "toleft": 5299, "fromright": 5200, "toright": 5298, "onewaydir": " "}}, {"type": "Feature", "geometry": {"type": "LineString", "coordinates": [[-95.3275978907733, 29.7459787587563], [-95.3280939512722, 29.7447943244085], [-95.328116728424, 29.7447331719119]]}, "properties": {"centerlineid": 10141234, "roadclass": "MAJOR", "fullname": "S LOCKWOOD DR", "fromleft": 201, "toleft": 299, "fromright": 200, "toright": 298, "onewaydir": " "}}, {"type": "Feature", "geometry": {"type": "LineString", "coordinates": [[-95.3042978803579, 29.7417254151755], [-95.3040154006525, 29.7423909801458]]}, "properties": {"centerlineid": 10142857, "roadclass": "MAJOR", "fullname": "WAYSIDE DR", "fromleft": 801, "toleft": 899, "fromright": 800, "toright": 898, "onewaydir": "TF"}}, {"type": "Feature", "geometry": {"type": "LineString", "coordinates": [[-95.332194354678, 29.7680625519018], [-95.3317727960688, 29.76806893826], [-95.3316356261082, 29.7680771249197], [-95.3315248354263, 29.7680927824074], [-95.3304345327838, 29.7684187917199], [-95.3302969343318, 29.7684389068926], [-95.3301629282952, 29.7684352371027]]}, "properties": {"centerlineid": 10214362, "roadclass": "LOCAL", "fullname": "BAER ST", "fromleft": 4001, "toleft": 4099, "fromright": 4000, "toright": 4098, "onewaydir": " "}}, {"type": "Feature", "geometry": {"type": "LineString", "coordinates": [[-95.3302606389699, 29.7582334313125], [-95.3295738631346, 29.7578405218598]]}, "properties": {"centerlineid": 10140978, "roadclass": "LOCAL", "fullname": "LEMKE ST", "fromleft": 3701, "toleft": 3799, "fromright": 3700, "toright": 3798, "onewaydir": " "}}, {"type": "Feature", "geometry": {"type": "LineString", "coordinates": [[-95.3501198540939, 29.7580693929726], [-95.350722663808, 29.7573332931274]]}, "properties": {"centerlineid": 10140657, "roadclass": "LOCAL", "fullname": "ST EMANUEL ST", "fromleft": 101, "toleft": 199, "fromright": 100, "toright": 198, "onewaydir": " "}}, {"type": "Feature", "geometry": {"type": "LineString", "coordinates": [[-95.3025735468606, 29.7592177877593], [-95.3012688768147, 29.7585519669049]]}, "properties": {"centerlineid": 10142397, "roadclass": "MAJOR", "fullname": "CLINTON DR", "fromleft": 6501, "toleft": 6937, "fromright": 6500, "toright": 6936, "onewaydir": " "}}, {"type": "Feature", "geometry": {"type": "LineString", "coordinates": [[-95.3417408955672, 29.7679148023109], [-95.3417427514086, 29.7679953296313]]}, "properties": {"centerlineid": 10141072, "roadclass": "LOCAL", "fullname": "CLARK ST", "fromleft": 801, "toleft": 899, "fromright": 800, "toright": 898, "onewaydir": " "}}, {"type": "Feature", "geometry": {"type": "LineString", "coordinates": [[-95.3315956827798, 29.7700591362855], [-95.3314354918572, 29.7701545320943], [-95.3309853296137, 29.7703452566269], [-95.330855704795, 29.7704061829047], [-95.3307564574074, 29.7704748701722], [-95.3304817261741, 29.7706904938693], [-95.3304130619959, 29.7707361565926]]}, "properties": {"centerlineid": 10140789, "roadclass": "LOCAL", "fullname": "CRETE ST", "fromleft": 901, "toleft": 1099, "fromright": 900, "toright": 1098, "onewaydir": " "}}, {"type": "Feature", "geometry": {"type": "LineString", "coordinates": [[-95.3344484262392, 29.7503842690438], [-95.334365221641, 29.7503293243655]]}, "properties": {"centerlineid": 10218576, "roadclass": "MAJOR", "fullname": "CANAL ST", "fromleft": 3889, "toleft": 3899, "fromright": 3888, "toright": 3898, "onewaydir": " "}}, {"type": "Feature", "geometry": {"type": "LineString", "coordinates": [[-95.3327171536729, 29.7380785361825], [-95.3326868026533, 29.7379945783487], [-95.3326715176221, 29.7379126600744], [-95.3326486739787, 29.7378496993605], [-95.3325035661534, 29.7374987474005]]}, "properties": {"centerlineid": 10139106, "roadclass": "MAJOR", "fullname": "TELEPHONE RD", "fromleft": 401, "toleft": 419, "fromright": 400, "toright": 418, "onewaydir": " "}}, {"type": "Feature", "geometry": {"type": "LineString", "coordinates": [[-95.3495094798295, 29.747655406042], [-95.348838216284, 29.7472624594715], [-95.3486627188164, 29.7471613843713], [-95.3486321666022, 29.7471422234864]]}, "properties": {"centerlineid": 10139957, "roadclass": "MAJOR", "fullname": "MCKINNEY ST", "fromleft": 2801, "toleft": 2899, "fromright": 2800, "toright": 2898, "onewaydir": " "}}, {"type": "Feature", "geometry": {"type": "LineString", "coordinates": [[-95.3322519098589, 29.7338632868675], [-95.3302606346917, 29.7332529488269]]}, "properties": {"centerlineid": 10139221, "roadclass": "LOCAL", "fullname": "PEASE ST", "fromleft": 4701, "toleft": 4799, "fromright": 4700, "toright": 4798, "onewaydir": " "}}, {"type": "Feature", "geometry": {"type": "LineString", "coordinates": [[-95.3379053189024, 29.7471518146956], [-95.338385847503, 29.746552863184]]}, "properties": {"centerlineid": 10141724, "roadclass": "LOCAL", "fullname": "MILBY ST", "fromleft": 401, "toleft": 499, "fromright": 400, "toright": 498, "onewaydir": " "}}, {"type": "Feature", "geometry": {"type": "LineString", "coordinates": [[-95.3188011796807, 29.764485830403], [-95.3185036043254, 29.7644743997947], [-95.3181527162692, 29.7643904224657]]}, "properties": {"centerlineid": 10142184, "roadclass": "MAJOR", "fullname": "CLINTON DR", "fromleft": 5201, "toleft": 5299, "fromright": 5200, "toright": 5298, "onewaydir": " "}}, {"type": "Feature", "geometry": {"type": "LineString", "coordinates": [[-95.3520120986093, 29.7638106529722], [-95.3518524131286, 29.7635942023685], [-95.3514667530737, 29.7632522533309]]}, "properties": {"centerlineid": 11004739, "roadclass": "LOCAL", "fullname": "RUNNELS ST", "fromleft": 1601, "toleft": 1771, "fromright": 1600, "toright": 1770, "onewaydir": " "}}, {"type": "Feature", "geometry": {"type": "LineString", "coordinates": [[-95.3324960580486, 29.7485728609746], [-95.3328928351265, 29.7475999558416]]}, "properties": {"centerlineid": 10141270, "roadclass": "LOCAL", "fullname": "ESTELLE ST", "fromleft": 101, "toleft": 199, "fromright": 100, "toright": 198, "onewaydir": " "}}, {"type": "Feature", "geometry": {"type": "LineString", "coordinates": [[-95.3365547966481, 29.7691815920939], [-95.3369287433873, 29.7692523347779], [-95.3371423495216, 29.7692580336151], [-95.337386477651, 29.7692541480576], [-95.338793449317, 29.7692397796808], [-95.3391035274513, 29.7692513291956], [-95.3393421148812, 29.7692886277809], [-95.3395097807864, 29.7693405396544], [-95.3395165896735, 29.7693426472627], [-95.3395554683276, 29.7693695568876], [-95.3396508597011, 29.7694355826911], [-95.33980704614, 29.7696060738582], [-95.3398780815162, 29.7697896312596], [-95.3399060467027, 29.7699935585273], [-95.3399193806169, 29.770797268496], [-95.3399422250477, 29.7712112027137]]}, "properties": {"centerlineid": 10141136, "roadclass": "RAMP", "fullname": "E IH 10 EASTEX FWY RAMP", "fromleft": 0, "toleft": 0, "fromright": 0, "toright": 0, "onewaydir": "FT"}}, {"type": "Feature", "geometry": {"type": "LineString", "coordinates": [[-95.3515999842883, 29.7363296228367], [-95.3516152773301, 29.7362969642748], [-95.3517448993224, 29.7359423986408]]}, "properties": {"centerlineid": 10138835, "roadclass": "LOCAL", "fullname": "ROBERTS ST", "fromleft": 2251, "toleft": 2299, "fromright": 2250, "toright": 2298, "onewaydir": " "}}, {"type": "Feature", "geometry": {"type": "LineString", "coordinates": [[-95.3099053985873, 29.744136276543], [-95.3096612673572, 29.7445043511785]]}, "properties": {"centerlineid": 10141837, "roadclass": "LOCAL", "fullname": "MACK RD", "fromleft": 901, "toleft": 999, "fromright": 900, "toright": 998, "onewaydir": " "}}, {"type": "Feature", "geometry": {"type": "LineString", "coordinates": [[-95.3332590393522, 29.748822707717], [-95.3336633586463, 29.7478251667738]]}, "properties": {"centerlineid": 10141264, "roadclass": "LOCAL", "fullname": "HUNT ST", "fromleft": 101, "toleft": 199, "fromright": 100, "toright": 198, "onewaydir": " "}}, {"type": "Feature", "geometry": {"type": "LineString", "coordinates": [[-95.3372872052127, 29.7503637872182], [-95.3362268974586, 29.7516607025937]]}, "properties": {"centerlineid": 10141184, "roadclass": "LOCAL", "fullname": "N HUTCHESON ST", "fromleft": 1, "toleft": 129, "fromright": 2, "toright": 128, "onewaydir": " "}}, {"type": "Feature", "geometry": {"type": "LineString", "coordinates": [[-95.3328469834474, 29.7498469700769], [-95.3323739705942, 29.7497075862482]]}, "properties": {"centerlineid": 10141379, "roadclass": "MAJOR", "fullname": "CANAL ST", "fromleft": 4101, "toleft": 4199, "fromright": 4100, "toright": 4198, "onewaydir": " "}}, {"type": "Feature", "geometry": {"type": "LineString", "coordinates": [[-95.3077768000051, 29.7331290552053], [-95.3078760462228, 29.7328771483058], [-95.3081736072289, 29.7321410495314], [-95.3082498001028, 29.7320150834495], [-95.3087914760993, 29.7306761771288]]}, "properties": {"centerlineid": 10143496, "roadclass": "MAJOR", "fullname": "S WAYSIDE DR", "fromleft": 601, "toleft": 799, "fromright": 600, "toright": 798, "onewaydir": " "}}, {"type": "Feature", "geometry": {"type": "LineString", "coordinates": [[-95.3408731842992, 29.7681764983711], [-95.3395160334053, 29.7684617068335]]}, "properties": {"centerlineid": 10140796, "roadclass": "LOCAL", "fullname": "NANCE ST", "fromleft": 2901, "toleft": 2999, "fromright": 2900, "toright": 2998, "onewaydir": " "}}, {"type": "Feature", "geometry": {"type": "LineString", "coordinates": [[-95.3426125175026, 29.7513250949839], [-95.3431694835578, 29.7506250371861]]}, "properties": {"centerlineid": 10141734, "roadclass": "LOCAL", "fullname": "PALMER ST", "fromleft": 301, "toleft": 399, "fromright": 300, "toright": 398, "onewaydir": " "}}, {"type": "Feature", "geometry": {"type": "LineString", "coordinates": [[-95.3434775053667, 29.7688302210198], [-95.3434670213309, 29.7687449008553]]}, "properties": {"centerlineid": 10140504, "roadclass": "MAJOR", "fullname": "JENSEN DR", "fromleft": 801, "toleft": 899, "fromright": 800, "toright": 898, "onewaydir": " "}}, {"type": "Feature", "geometry": {"type": "LineString", "coordinates": [[-95.3203118799013, 29.7489103189303], [-95.3197936320219, 29.7487399711679], [-95.3196356050156, 29.748694300919]]}, "properties": {"centerlineid": 10202648, "roadclass": "LOCAL", "fullname": "AVENUE J", "fromleft": 5301, "toleft": 5399, "fromright": 5300, "toright": 5398, "onewaydir": ""}}, {"type": "Feature", "geometry": {"type": "LineString", "coordinates": [[-95.3232719550253, 29.7694104485076], [-95.323271967751, 29.7694944136937], [-95.323287244149, 29.7701104993025]]}, "properties": {"centerlineid": 10142311, "roadclass": "LOCAL", "fullname": "SCHWEIKHARDT ST", "fromleft": 801, "toleft": 899, "fromright": 800, "toright": 898, "onewaydir": " "}}, {"type": "Feature", "geometry": {"type": "LineString", "coordinates": [[-95.3331903688676, 29.7431483051143], [-95.3335641044806, 29.7427401034614], [-95.3336709039995, 29.7426162163193]]}, "properties": {"centerlineid": 10141614, "roadclass": "LOCAL", "fullname": "EASTWOOD ST", "fromleft": 601, "toleft": 699, "fromright": 600, "toright": 698, "onewaydir": " "}}, {"type": "Feature", "geometry": {"type": "LineString", "coordinates": [[-95.3439400395486, 29.7521357586423], [-95.3445275672492, 29.7514336904389]]}, "properties": {"centerlineid": 10140196, "roadclass": "LOCAL", "fullname": "MIDDLETON ST", "fromleft": 301, "toleft": 399, "fromright": 300, "toright": 398, "onewaydir": " "}}, {"type": "Feature", "geometry": {"type": "LineString", "coordinates": [[-95.3253318955374, 29.738231189275], [-95.3254125039886, 29.7381257511243], [-95.325490793153, 29.7380085603515], [-95.3255141061161, 29.7379545035063]]}, "properties": {"centerlineid": 10139410, "roadclass": "LOCAL", "fullname": "LENOX ST", "fromleft": 931, "toleft": 999, "fromright": 930, "toright": 998, "onewaydir": " "}}, {"type": "Feature", "geometry": {"type": "LineString", "coordinates": [[-95.3105080320282, 29.7710069812574], [-95.3105157584992, 29.7696833331137], [-95.3105233118495, 29.7692121721072]]}, "properties": {"centerlineid": 10142268, "roadclass": "LOCAL", "fullname": "HOFFMAN ST", "fromleft": 1001, "toleft": 1099, "fromright": 1000, "toright": 1098, "onewaydir": " "}}, {"type": "Feature", "geometry": {"type": "LineString", "coordinates": [[-95.3444513612147, 29.7691683675137], [-95.3438179478879, 29.7690711691776], [-95.343499934234, 29.7690424444576], [-95.3434364591421, 29.7690367112551], [-95.3428263319217, 29.7690291777582], [-95.3421167016198, 29.7690501869975], [-95.3419156196561, 29.7690547958494], [-95.3418437719155, 29.769056443077], [-95.3416146102367, 29.7690616942817], [-95.3415905535831, 29.7690655984117], [-95.3412493487759, 29.7691209725841], [-95.3411999305536, 29.7691289933236], [-95.3409690105473, 29.769203948017], [-95.3407452864025, 29.7693459582638], [-95.3405707666753, 29.7694843458527], [-95.3403556560792, 29.7697144649431], [-95.3401560299091, 29.7701296421578], [-95.3400530546272, 29.7706137630482], [-95.3399422250477, 29.7712112027137]]}, "properties": {"centerlineid": 10141135, "roadclass": "RAMP", "fullname": "EB 10 E TO NB 59 N RAMP", "fromleft": 0, "toleft": 0, "fromright": 0, "toright": 0, "onewaydir": "FT"}}, {"type": "Feature", "geometry": {"type": "LineString", "coordinates": [[-95.3004524601962, 29.7337259354436], [-95.2992776373336, 29.7333750176173], [-95.2989266932232, 29.7332607015242], [-95.2984993045469, 29.7331422715432]]}, "properties": {"centerlineid": 10143520, "roadclass": "LOCAL", "fullname": "CAPITOL ST", "fromleft": 7101, "toleft": 7199, "fromright": 7100, "toright": 7198, "onewaydir": " "}}, {"type": "Feature", "geometry": {"type": "LineString", "coordinates": [[-95.3350976786346, 29.749408205911], [-95.3343491532507, 29.7491535421571]]}, "properties": {"centerlineid": 10205392, "roadclass": "LOCAL", "fullname": "COMMERCE ST", "fromleft": 3901, "toleft": 3999, "fromright": 3900, "toright": 3998, "onewaydir": null}}, {"type": "Feature", "geometry": {"type": "LineString", "coordinates": [[-95.3291467374192, 29.7475905920879], [-95.3291619837857, 29.7475579346682], [-95.3295510307356, 29.7465872909816]]}, "properties": {"centerlineid": 10141202, "roadclass": "LOCAL", "fullname": "SUPER ST", "fromleft": 101, "toleft": 199, "fromright": 100, "toright": 198, "onewaydir": " "}}, {"type": "Feature", "geometry": {"type": "LineString", "coordinates": [[-95.3306802404823, 29.7401651613476], [-95.3309790641504, 29.7394682294359]]}, "properties": {"centerlineid": 10141393, "roadclass": "MAJOR", "fullname": "S LOCKWOOD DR", "fromleft": 1001, "toleft": 1049, "fromright": 1000, "toright": 1048, "onewaydir": " "}}, {"type": "Feature", "geometry": {"type": "LineString", "coordinates": [[-95.3392072684483, 29.7630240872442], [-95.3374285028499, 29.7630516736025]]}, "properties": {"centerlineid": 10234216, "roadclass": "LOCAL", "fullname": "RIVERBY RD", "fromleft": 3001, "toleft": 3191, "fromright": 3000, "toright": 3190, "onewaydir": ""}}, {"type": "Feature", "geometry": {"type": "LineString", "coordinates": [[-95.3376000253606, 29.769360926509], [-95.3371423485956, 29.7693723739315], [-95.3363106372017, 29.7693837824488], [-95.3361429120199, 29.7694011075675], [-95.3357233093348, 29.7695192791359]]}, "properties": {"centerlineid": 10140820, "roadclass": "FRONTAGE", "fullname": "HARE ST", "fromleft": 3201, "toleft": 3399, "fromright": 3200, "toright": 3398, "onewaydir": "TF"}}, {"type": "Feature", "geometry": {"type": "LineString", "coordinates": [[-95.3280099430841, 29.7377027677358], [-95.3282235130178, 29.7374262079709]]}, "properties": {"centerlineid": 10139405, "roadclass": "LOCAL", "fullname": "DUMBLE ST", "fromleft": 1101, "toleft": 1109, "fromright": 1100, "toright": 1108, "onewaydir": " "}}, {"type": "Feature", "geometry": {"type": "LineString", "coordinates": [[-95.3059532368308, 29.7491010913347], [-95.3037712445987, 29.7484049116678]]}, "properties": {"centerlineid": 10142683, "roadclass": "LOCAL", "fullname": "AVENUE Q", "fromleft": 6601, "toleft": 6699, "fromright": 6600, "toright": 6698, "onewaydir": " "}}, {"type": "Feature", "geometry": {"type": "LineString", "coordinates": [[-95.3197090587475, 29.7458071750055], [-95.318755536715, 29.7454943782529]]}, "properties": {"centerlineid": 10142008, "roadclass": "MAJOR", "fullname": "CANAL ST", "fromleft": 5401, "toleft": 5499, "fromright": 5400, "toright": 5498, "onewaydir": " "}}, {"type": "Feature", "geometry": {"type": "LineString", "coordinates": [[-95.3470071012922, 29.7428525957553], [-95.3472861070126, 29.7424816444356]]}, "properties": {"centerlineid": 10140194, "roadclass": "LOCAL", "fullname": "ROBERTS ST", "fromleft": 1301, "toleft": 1399, "fromright": 1300, "toright": 1398, "onewaydir": " "}}, {"type": "Feature", "geometry": {"type": "LineString", "coordinates": [[-95.3288033280464, 29.7403997360987], [-95.3291085928286, 29.7396636670889]]}, "properties": {"centerlineid": 10141648, "roadclass": "LOCAL", "fullname": "EDDINGTON ST", "fromleft": 801, "toleft": 899, "fromright": 800, "toright": 898, "onewaydir": " "}}, {"type": "Feature", "geometry": {"type": "LineString", "coordinates": [[-95.3451531936492, 29.7418303610498], [-95.3451476286993, 29.7415042383699]]}, "properties": {"centerlineid": 10140239, "roadclass": "MAJOR", "fullname": "SCOTT ST", "fromleft": 1301, "toleft": 1303, "fromright": 1300, "toright": 1302, "onewaydir": " "}}, {"type": "Feature", "geometry": {"type": "LineString", "coordinates": [[-95.3504632638978, 29.7528472073523], [-95.3502649460293, 29.7528547376367], [-95.3498909689107, 29.7528757168451], [-95.3490670493807, 29.7529369081757]]}, "properties": {"centerlineid": 10139665, "roadclass": "MAJOR", "fullname": "HARRISBURG BLVD", "fromleft": 2401, "toleft": 2499, "fromright": 2400, "toright": 2498, "onewaydir": "FT"}}, {"type": "Feature", "geometry": {"type": "LineString", "coordinates": [[-95.3375466467964, 29.7680142647108], [-95.336562521589, 29.7680238344011]]}, "properties": {"centerlineid": 10140908, "roadclass": "LOCAL", "fullname": "BAER ST", "fromleft": 3201, "toleft": 3299, "fromright": 3200, "toright": 3298, "onewaydir": " "}}, {"type": "Feature", "geometry": {"type": "LineString", "coordinates": [[-95.3416131439279, 29.7496103687929], [-95.3422234803156, 29.7488341327565]]}, "properties": {"centerlineid": 10141742, "roadclass": "LOCAL", "fullname": "ROBERTS ST", "fromleft": 401, "toleft": 499, "fromright": 400, "toright": 498, "onewaydir": " "}}, {"type": "Feature", "geometry": {"type": "LineString", "coordinates": [[-95.3388741502744, 29.7442412305447], [-95.3378288770136, 29.7439113175237]]}, "properties": {"centerlineid": 10141456, "roadclass": "LOCAL", "fullname": "RUSK ST", "fromleft": 3901, "toleft": 3999, "fromright": 3900, "toright": 3998, "onewaydir": " "}}, {"type": "Feature", "geometry": {"type": "LineString", "coordinates": [[-95.337432344816, 29.7633928898642], [-95.3364479871371, 29.76340426671]]}, "properties": {"centerlineid": 10140773, "roadclass": "LOCAL", "fullname": "WILLIAMSON ST", "fromleft": 3201, "toleft": 3299, "fromright": 3200, "toright": 3298, "onewaydir": " "}}, {"type": "Feature", "geometry": {"type": "LineString", "coordinates": [[-95.3364785776047, 29.7647584956352], [-95.3356163244488, 29.7647870523902]]}, "properties": {"centerlineid": 10140898, "roadclass": "MAJOR", "fullname": "CLINTON DR", "fromleft": 3301, "toleft": 3399, "fromright": 3300, "toright": 3398, "onewaydir": " "}}, {"type": "Feature", "geometry": {"type": "LineString", "coordinates": [[-95.3430855378535, 29.7493529880874], [-95.3428032660897, 29.7491850310602], [-95.3422234803156, 29.7488341327565]]}, "properties": {"centerlineid": 10141555, "roadclass": "MAJOR", "fullname": "HARRISBURG BLVD", "fromleft": 3201, "toleft": 3299, "fromright": 3200, "toright": 3298, "onewaydir": " "}}, {"type": "Feature", "geometry": {"type": "LineString", "coordinates": [[-95.3023293915453, 29.73572675439], [-95.2999566449159, 29.7349637835481]]}, "properties": {"centerlineid": 10143702, "roadclass": "MAJOR", "fullname": "HARRISBURG BLVD", "fromleft": 7001, "toleft": 7099, "fromright": 7000, "toright": 7098, "onewaydir": " "}}, {"type": "Feature", "geometry": {"type": "LineString", "coordinates": [[-95.3283608894164, 29.7699122123153], [-95.3275216553151, 29.7699161026182]]}, "properties": {"centerlineid": 10140918, "roadclass": "LOCAL", "fullname": "BUCK ST", "fromleft": 4201, "toleft": 4299, "fromright": 4200, "toright": 4298, "onewaydir": " "}}, {"type": "Feature", "geometry": {"type": "LineString", "coordinates": [[-95.3523324120114, 29.736554572065], [-95.3515999842883, 29.7363296228367]]}, "properties": {"centerlineid": 10138699, "roadclass": "LOCAL", "fullname": "TRULLEY ST", "fromleft": 3225, "toleft": 3299, "fromright": 3224, "toright": 3298, "onewaydir": " "}}, {"type": "Feature", "geometry": {"type": "LineString", "coordinates": [[-95.3425300071254, 29.7678021596413], [-95.3417427514086, 29.7679953296313]]}, "properties": {"centerlineid": 10204506, "roadclass": "LOCAL", "fullname": "NANCE ST", "fromleft": 0, "toleft": 0, "fromright": 2740, "toright": 2798, "onewaydir": " "}}, {"type": "Feature", "geometry": {"type": "LineString", "coordinates": [[-95.3130258934096, 29.7561068989121], [-95.3130258724039, 29.7566827955195]]}, "properties": {"centerlineid": 10142192, "roadclass": "LOCAL", "fullname": "PLASTICS AVE", "fromleft": 701, "toleft": 725, "fromright": 700, "toright": 724, "onewaydir": " "}}, {"type": "Feature", "geometry": {"type": "LineString", "coordinates": [[-95.3442528723709, 29.7636694329756], [-95.3442681333986, 29.764337054036]]}, "properties": {"centerlineid": 10140659, "roadclass": "LOCAL", "fullname": "MCCALL ST", "fromleft": 101, "toleft": 199, "fromright": 100, "toright": 198, "onewaydir": " "}}, {"type": "Feature", "geometry": {"type": "LineString", "coordinates": [[-95.3442834468859, 29.7649645322791], [-95.3442606192904, 29.764993029426], [-95.3442072372877, 29.7650007839843], [-95.343657750191, 29.7650008172552], [-95.342994031656, 29.7650046613121]]}, "properties": {"centerlineid": 10140454, "roadclass": "LOCAL", "fullname": "ROANOKE ST", "fromleft": 2601, "toleft": 2699, "fromright": 2600, "toright": 2698, "onewaydir": " "}}, {"type": "Feature", "geometry": {"type": "LineString", "coordinates": [[-95.3109276426593, 29.7430604522662], [-95.3099740988271, 29.7427496850428]]}, "properties": {"centerlineid": 10141786, "roadclass": "MAJOR", "fullname": "CANAL ST", "fromleft": 6401, "toleft": 6499, "fromright": 6400, "toright": 6498, "onewaydir": " "}}, {"type": "Feature", "geometry": {"type": "LineString", "coordinates": [[-95.3526605617775, 29.7596317052187], [-95.3520729839651, 29.7603698088232]]}, "properties": {"centerlineid": 10140613, "roadclass": "LOCAL", "fullname": "N CHENEVERT ST", "fromleft": 1, "toleft": 99, "fromright": 2, "toright": 98, "onewaydir": " "}}, {"type": "Feature", "geometry": {"type": "LineString", "coordinates": [[-95.3334648750258, 29.7364516968135], [-95.3336099828177, 29.7362894583574], [-95.3337014996572, 29.7361634794921], [-95.3337854573678, 29.7360357128234], [-95.3339456468404, 29.7357192585312]]}, "properties": {"centerlineid": 10139104, "roadclass": "MAJOR", "fullname": "ERNESTINE ST", "fromleft": 1501, "toleft": 1599, "fromright": 1500, "toright": 1598, "onewaydir": "FT"}}, {"type": "Feature", "geometry": {"type": "LineString", "coordinates": [[-95.3424475153711, 29.7679333494334], [-95.3396677077984, 29.7686533662752]]}, "properties": {"centerlineid": 10203250, "roadclass": "RAMP", "fullname": "US 59 TO IH 10 E RAMP", "fromleft": 0, "toleft": 0, "fromright": 0, "toright": 0, "onewaydir": "FT"}}, {"type": "Feature", "geometry": {"type": "LineString", "coordinates": [[-95.3363031030815, 29.7406573317974], [-95.3365218465726, 29.7401308186075], [-95.3365875985403, 29.7399880053599]]}, "properties": {"centerlineid": 10141229, "roadclass": "LOCAL", "fullname": "SIDNEY ST", "fromleft": 1101, "toleft": 1199, "fromright": 1100, "toright": 1198, "onewaydir": " "}}, {"type": "Feature", "geometry": {"type": "LineString", "coordinates": [[-95.3275978907733, 29.7459787587563], [-95.3266212975446, 29.7456620823695]]}, "properties": {"centerlineid": 10141606, "roadclass": "LOCAL", "fullname": "SHERMAN ST", "fromleft": 4701, "toleft": 4799, "fromright": 4700, "toright": 4798, "onewaydir": " "}}, {"type": "Feature", "geometry": {"type": "LineString", "coordinates": [[-95.3338157992178, 29.7687124937977], [-95.3338310834433, 29.7693360658359], [-95.3338310821138, 29.7693627665246]]}, "properties": {"centerlineid": 10141092, "roadclass": "LOCAL", "fullname": "BRINGHURST ST", "fromleft": 801, "toleft": 889, "fromright": 800, "toright": 888, "onewaydir": " "}}, {"type": "Feature", "geometry": {"type": "LineString", "coordinates": [[-95.3309790641504, 29.7394682294359], [-95.3310701863424, 29.7392413560054]]}, "properties": {"centerlineid": 10141392, "roadclass": "MAJOR", "fullname": "S LOCKWOOD DR", "fromleft": 1051, "toleft": 1099, "fromright": 1050, "toright": 1098, "onewaydir": " "}}, {"type": "Feature", "geometry": {"type": "LineString", "coordinates": [[-95.3394691970203, 29.7666506994038], [-95.33946920993, 29.7673144632253]]}, "properties": {"centerlineid": 10140983, "roadclass": "LOCAL", "fullname": "MEADOW ST", "fromleft": 501, "toleft": 599, "fromright": 500, "toright": 598, "onewaydir": " "}}, {"type": "Feature", "geometry": {"type": "LineString", "coordinates": [[-95.3297798661151, 29.734189357863], [-95.3291238903253, 29.7337508113821]]}, "properties": {"centerlineid": 10139370, "roadclass": "MAJOR", "fullname": "TELEPHONE RD", "fromleft": 801, "toleft": 899, "fromright": 800, "toright": 898, "onewaydir": " "}}, {"type": "Feature", "geometry": {"type": "LineString", "coordinates": [[-95.3391794374632, 29.7390875431512], [-95.3394997764347, 29.7382692960266]]}, "properties": {"centerlineid": 10139324, "roadclass": "MAJOR", "fullname": "CULLEN BLVD", "fromleft": 1401, "toleft": 1499, "fromright": 1400, "toright": 1498, "onewaydir": " "}}, {"type": "Feature", "geometry": {"type": "LineString", "coordinates": [[-95.301803030048, 29.7370047461658], [-95.3017877353107, 29.7370428890683], [-95.3014977082399, 29.7377047974668]]}, "properties": {"centerlineid": 10143812, "roadclass": "LOCAL", "fullname": "70TH ST", "fromleft": 301, "toleft": 399, "fromright": 300, "toright": 398, "onewaydir": " "}}, {"type": "Feature", "geometry": {"type": "LineString", "coordinates": [[-95.3529656212827, 29.7384429552052], [-95.3530573114111, 29.7382369111908]]}, "properties": {"centerlineid": 10138653, "roadclass": "LOCAL", "fullname": "NETTLETON ST", "fromleft": 2017, "toleft": 2099, "fromright": 2016, "toright": 2098, "onewaydir": " "}}, {"type": "Feature", "geometry": {"type": "LineString", "coordinates": [[-95.3455650452041, 29.7430814436796], [-95.3460458415911, 29.7424329767297], [-95.346061136066, 29.7423720845159], [-95.3460686626042, 29.7423300974379], [-95.3460813481923, 29.7422620444585]]}, "properties": {"centerlineid": 10140200, "roadclass": "LOCAL", "fullname": "SAMPSON ST", "fromleft": 1201, "toleft": 1299, "fromright": 1200, "toright": 1298, "onewaydir": " "}}, {"type": "Feature", "geometry": {"type": "LineString", "coordinates": [[-95.3502800300334, 29.73674349778], [-95.350447973885, 29.7363161519723], [-95.3504860400027, 29.7362264796798]]}, "properties": {"centerlineid": 10138592, "roadclass": "LOCAL", "fullname": "SAMPSON ST", "fromleft": 2101, "toleft": 2199, "fromright": 2100, "toright": 2198, "onewaydir": " "}}, {"type": "Feature", "geometry": {"type": "LineString", "coordinates": [[-95.3284264681079, 29.766844077103], [-95.3274224240912, 29.7668508242851]]}, "properties": {"centerlineid": 10140818, "roadclass": "LOCAL", "fullname": "CLINE ST", "fromleft": 4201, "toleft": 4299, "fromright": 4200, "toright": 4298, "onewaydir": " "}}, {"type": "Feature", "geometry": {"type": "LineString", "coordinates": [[-95.3517448993224, 29.7359423986408], [-95.351753246335, 29.7358483487181], [-95.3519976619844, 29.7352722813526]]}, "properties": {"centerlineid": 10138709, "roadclass": "LOCAL", "fullname": "ROBERTS ST", "fromleft": 2301, "toleft": 2399, "fromright": 2300, "toright": 2398, "onewaydir": " "}}, {"type": "Feature", "geometry": {"type": "LineString", "coordinates": [[-95.3192590899748, 29.7468695731724], [-95.3193047609485, 29.7467990501292], [-95.3196937744857, 29.7458909530642], [-95.3197090587475, 29.7458071750055]]}, "properties": {"centerlineid": 10141861, "roadclass": "LOCAL", "fullname": "N DELMAR ST", "fromleft": 101, "toleft": 299, "fromright": 100, "toright": 298, "onewaydir": " "}}, {"type": "Feature", "geometry": {"type": "LineString", "coordinates": [[-95.3387979577737, 29.7427191208377], [-95.337775474397, 29.7423873641254]]}, "properties": {"centerlineid": 10141527, "roadclass": "MAJOR", "fullname": "MCKINNEY ST", "fromleft": 4001, "toleft": 4099, "fromright": 4000, "toright": 4098, "onewaydir": " "}}, {"type": "Feature", "geometry": {"type": "LineString", "coordinates": [[-95.3493951650559, 29.7576746708557], [-95.3492086538038, 29.7575411983503]]}, "properties": {"centerlineid": 10232045, "roadclass": "LOCAL", "fullname": "COMMERCE ST", "fromleft": 2177, "toleft": 2199, "fromright": 2176, "toright": 2198, "onewaydir": " "}}, {"type": "Feature", "geometry": {"type": "LineString", "coordinates": [[-95.3327171536729, 29.7380785361825], [-95.3316721292703, 29.7377810032676]]}, "properties": {"centerlineid": 10139291, "roadclass": "MAJOR", "fullname": "POLK ST", "fromleft": 4531, "toleft": 4599, "fromright": 4530, "toright": 4598, "onewaydir": " "}}, {"type": "Feature", "geometry": {"type": "LineString", "coordinates": [[-95.3372872112479, 29.7492099052607], [-95.3375847297739, 29.7488074244366], [-95.3384698078666, 29.7476935026404]]}, "properties": {"centerlineid": 10141695, "roadclass": "LOCAL", "fullname": "EVERTON ST", "fromleft": 201, "toleft": 399, "fromright": 200, "toright": 398, "onewaydir": " "}}, {"type": "Feature", "geometry": {"type": "LineString", "coordinates": [[-95.3245766610301, 29.7348761702631], [-95.3227836851897, 29.7343324270163]]}, "properties": {"centerlineid": 10143326, "roadclass": "LOCAL", "fullname": "CLAY ST", "fromleft": 5101, "toleft": 5199, "fromright": 5100, "toright": 5198, "onewaydir": " "}}, {"type": "Feature", "geometry": {"type": "LineString", "coordinates": [[-95.3358834900475, 29.7362876073994], [-95.3361885529535, 29.7355093262264]]}, "properties": {"centerlineid": 10139261, "roadclass": "LOCAL", "fullname": "EASTWOOD ST", "fromleft": 1601, "toleft": 1699, "fromright": 1600, "toright": 1698, "onewaydir": " "}}, {"type": "Feature", "geometry": {"type": "LineString", "coordinates": [[-95.3009638092603, 29.7497687141878], [-95.3006890653011, 29.750434298145]]}, "properties": {"centerlineid": 10142863, "roadclass": "MAJOR", "fullname": "WAYSIDE DR", "fromleft": 2001, "toleft": 2099, "fromright": 2000, "toright": 2098, "onewaydir": "TF"}}, {"type": "Feature", "geometry": {"type": "LineString", "coordinates": [[-95.3465875050578, 29.7694848417493], [-95.3457635583101, 29.7692751410066], [-95.345710181343, 29.769248473138], [-95.3456796300568, 29.7692082869534], [-95.3456721070281, 29.7691473754454]]}, "properties": {"centerlineid": 10140349, "roadclass": "LOCAL", "fullname": "ROTHWELL ST", "fromleft": 2201, "toleft": 2499, "fromright": 2200, "toright": 2498, "onewaydir": " "}}, {"type": "Feature", "geometry": {"type": "LineString", "coordinates": [[-95.3346550028321, 29.7647815204502], [-95.3346627663035, 29.7654260995769]]}, "properties": {"centerlineid": 10141084, "roadclass": "LOCAL", "fullname": "CAGE ST", "fromleft": 201, "toleft": 299, "fromright": 200, "toright": 298, "onewaydir": " "}}, {"type": "Feature", "geometry": {"type": "LineString", "coordinates": [[-95.3312933918409, 29.7522667560601], [-95.3305309439002, 29.7520326217384]]}, "properties": {"centerlineid": 10141492, "roadclass": "LOCAL", "fullname": "BASIL ST", "fromleft": 4101, "toleft": 4199, "fromright": 4100, "toright": 4198, "onewaydir": " "}}, {"type": "Feature", "geometry": {"type": "LineString", "coordinates": [[-95.3105004761695, 29.7374051973638], [-95.3106987669917, 29.736911234516], [-95.3107065082401, 29.7368902350734]]}, "properties": {"centerlineid": 10143290, "roadclass": "LOCAL", "fullname": "S 66TH ST", "fromleft": 121, "toleft": 211, "fromright": 120, "toright": 210, "onewaydir": " "}}, {"type": "Feature", "geometry": {"type": "LineString", "coordinates": [[-95.3465950198533, 29.7538484476881], [-95.3464729469202, 29.7537320817806], [-95.3463739438264, 29.7536309967969], [-95.3462594118179, 29.7535452110521], [-95.3459846944759, 29.7533831859952]]}, "properties": {"centerlineid": 10139867, "roadclass": "LOCAL", "fullname": "GARROW ST", "fromleft": 2601, "toleft": 2699, "fromright": 2600, "toright": 2698, "onewaydir": " "}}, {"type": "Feature", "geometry": {"type": "LineString", "coordinates": [[-95.3521188379077, 29.7570852730449], [-95.3521875113131, 29.7570090852076], [-95.3527214509974, 29.7563108746413]]}, "properties": {"centerlineid": 10140654, "roadclass": "LOCAL", "fullname": "CHARTRES ST", "fromleft": 301, "toleft": 399, "fromright": 300, "toright": 398, "onewaydir": "TF"}}, {"type": "Feature", "geometry": {"type": "LineString", "coordinates": [[-95.3265984761201, 29.747931921658], [-95.3268045310119, 29.7476515304398], [-95.326842641605, 29.7475924268165], [-95.3269035786956, 29.7475123190102], [-95.3270180867109, 29.7473197559846], [-95.3271707438314, 29.7469781704481]]}, "properties": {"centerlineid": 10141667, "roadclass": "MAJOR", "fullname": "S LOCKWOOD DR", "fromleft": 1, "toleft": 99, "fromright": 2, "toright": 98, "onewaydir": " "}}, {"type": "Feature", "geometry": {"type": "LineString", "coordinates": [[-95.3376259198286, 29.7552169070579], [-95.3373564306884, 29.7552821461333], [-95.3371713053796, 29.7553152979996], [-95.3369469396092, 29.7553435561477], [-95.3367341964261, 29.755353025992], [-95.3365416183222, 29.7553436816244]]}, "properties": {"centerlineid": 10141402, "roadclass": "MAJOR", "fullname": "NAVIGATION BLVD", "fromleft": 3301, "toleft": 3349, "fromright": 3300, "toright": 3348, "onewaydir": " "}}, {"type": "Feature", "geometry": {"type": "LineString", "coordinates": [[-95.3232719606453, 29.745767026354], [-95.3222803504341, 29.7454694911591]]}, "properties": {"centerlineid": 10142000, "roadclass": "LOCAL", "fullname": "BRADY ST", "fromleft": 5101, "toleft": 5199, "fromright": 5100, "toright": 5198, "onewaydir": " "}}, {"type": "Feature", "geometry": {"type": "LineString", "coordinates": [[-95.3257821102603, 29.7665439159617], [-95.3257898348276, 29.767192403318]]}, "properties": {"centerlineid": 10141043, "roadclass": "LOCAL", "fullname": "NIMROD ST", "fromleft": 501, "toleft": 599, "fromright": 500, "toright": 598, "onewaydir": " "}}, {"type": "Feature", "geometry": {"type": "LineString", "coordinates": [[-95.3004524601962, 29.7337259354436], [-95.3006737930764, 29.7331842444339]]}, "properties": {"centerlineid": 10143785, "roadclass": "LOCAL", "fullname": "S 71ST ST", "fromleft": 201, "toleft": 299, "fromright": 200, "toright": 298, "onewaydir": " "}}, {"type": "Feature", "geometry": {"type": "LineString", "coordinates": [[-95.3022379152827, 29.771010879909], [-95.3022379163312, 29.7698033592669], [-95.3022379352601, 29.769183643383]]}, "properties": {"centerlineid": 10142404, "roadclass": "LOCAL", "fullname": "MAJESTIC ST", "fromleft": 1001, "toleft": 1099, "fromright": 1000, "toright": 1098, "onewaydir": " "}}, {"type": "Feature", "geometry": {"type": "LineString", "coordinates": [[-95.3037484358973, 29.74304152826], [-95.30175713869, 29.7424311402073]]}, "properties": {"centerlineid": 10142580, "roadclass": "LOCAL", "fullname": "AVENUE J", "fromleft": 6801, "toleft": 6899, "fromright": 6800, "toright": 6898, "onewaydir": " "}}, {"type": "Feature", "geometry": {"type": "LineString", "coordinates": [[-95.3406179630176, 29.7383297596061], [-95.3395981891937, 29.7380101190624]]}, "properties": {"centerlineid": 10210064, "roadclass": "PRIVATE", "fullname": "UNIVERSITY GROVE ST", "fromleft": 4001, "toleft": 4099, "fromright": 4000, "toright": 4098, "onewaydir": ""}}, {"type": "Feature", "geometry": {"type": "LineString", "coordinates": [[-95.3285591593445, 29.7557634598403], [-95.3282846729828, 29.756125803337]]}, "properties": {"centerlineid": 10140865, "roadclass": "LOCAL", "fullname": "N DRENNAN ST", "fromleft": 721, "toleft": 749, "fromright": 720, "toright": 748, "onewaydir": " "}}, {"type": "Feature", "geometry": {"type": "LineString", "coordinates": [[-95.3032754196592, 29.7673831695817], [-95.302787143624, 29.7673753733488]]}, "properties": {"centerlineid": 10142442, "roadclass": "LOCAL", "fullname": "LARIMER ST", "fromleft": 6701, "toleft": 6749, "fromright": 6700, "toright": 6748, "onewaydir": " "}}, {"type": "Feature", "geometry": {"type": "LineString", "coordinates": [[-95.334952775569, 29.7468027138255], [-95.335235029329, 29.746121826637]]}, "properties": {"centerlineid": 10141516, "roadclass": "LOCAL", "fullname": "GRACE ST", "fromleft": 301, "toleft": 399, "fromright": 300, "toright": 398, "onewaydir": " "}}, {"type": "Feature", "geometry": {"type": "LineString", "coordinates": [[-95.332442667744, 29.7392611470589], [-95.3322962009157, 29.7392833721253], [-95.3322576736196, 29.7392889251435], [-95.3322190440311, 29.7392939066444], [-95.3321803238573, 29.7392983146915], [-95.3321415234325, 29.7393021495679], [-95.3321026531719, 29.7393054093017], [-95.3320637247827, 29.7393080919568], [-95.3320247511419, 29.7393101990139], [-95.3319857414138, 29.7393117273387], [-95.3319467084755, 29.7393126784123], [-95.3319076614102, 29.7393130513549], [-95.3318686131356, 29.7393128465201], [-95.3318295753182, 29.739312063099], [-95.3317905570006, 29.7393107013392], [-95.3317515710599, 29.7393087627216], [-95.3317126291628, 29.7393062464374], [-95.3314636755992, 29.7392883034309], [-95.3310701863424, 29.7392413560054]]}, "properties": {"centerlineid": 10141434, "roadclass": "LOCAL", "fullname": "PARK DR", "fromleft": 0, "toleft": 0, "fromright": 4500, "toright": 4598, "onewaydir": "FT"}}, {"type": "Feature", "geometry": {"type": "LineString", "coordinates": [[-95.3028864046479, 29.7397131492219], [-95.3025963603973, 29.7404093452763]]}, "properties": {"centerlineid": 10142808, "roadclass": "MAJOR", "fullname": "SSGT MACARIO GARCIA DR", "fromleft": 601, "toleft": 699, "fromright": 600, "toright": 698, "onewaydir": "FT"}}, {"type": "Feature", "geometry": {"type": "LineString", "coordinates": [[-95.3216394182733, 29.7440847215907], [-95.3221124142816, 29.7429251652254], [-95.3221810891061, 29.7427649804011]]}, "properties": {"centerlineid": 10141931, "roadclass": "LOCAL", "fullname": "LENOX ST", "fromleft": 201, "toleft": 299, "fromright": 200, "toright": 298, "onewaydir": " "}}, {"type": "Feature", "geometry": {"type": "LineString", "coordinates": [[-95.332282495467, 29.7414926628711], [-95.3303749632857, 29.7409033263798]]}, "properties": {"centerlineid": 10141536, "roadclass": "LOCAL", "fullname": "WALKER ST", "fromleft": 4501, "toleft": 4599, "fromright": 4500, "toright": 4598, "onewaydir": " "}}, {"type": "Feature", "geometry": {"type": "LineString", "coordinates": [[-95.3284325873632, 29.7685965019591], [-95.3272316684499, 29.7686095597122], [-95.326757071414, 29.7686179272762]]}, "properties": {"centerlineid": 10140795, "roadclass": "LOCAL", "fullname": "GUNTER ST", "fromleft": 4201, "toleft": 4395, "fromright": 4200, "toright": 4394, "onewaydir": " "}}, {"type": "Feature", "geometry": {"type": "LineString", "coordinates": [[-95.3286431551579, 29.7367969190087], [-95.3287117924143, 29.736640357695], [-95.3289178518456, 29.7361635157158]]}, "properties": {"centerlineid": 10139357, "roadclass": "LOCAL", "fullname": "DUMBLE ST", "fromleft": 1201, "toleft": 1299, "fromright": 1200, "toright": 1298, "onewaydir": " "}}, {"type": "Feature", "geometry": {"type": "LineString", "coordinates": [[-95.3091043183192, 29.7409090355271], [-95.3076013278376, 29.7404378347149], [-95.3071435933018, 29.7403025481299]]}, "properties": {"centerlineid": 10141845, "roadclass": "LOCAL", "fullname": "AVENUE E", "fromleft": 6601, "toleft": 6699, "fromright": 6600, "toright": 6698, "onewaydir": " "}}, {"type": "Feature", "geometry": {"type": "LineString", "coordinates": [[-95.3248285333388, 29.7473710760365], [-95.3244470503433, 29.7472604103501]]}, "properties": {"centerlineid": 10141812, "roadclass": "MAJOR", "fullname": "CANAL ST", "fromleft": 4901, "toleft": 4911, "fromright": 4900, "toright": 4910, "onewaydir": " "}}, {"type": "Feature", "geometry": {"type": "LineString", "coordinates": [[-95.3417199169193, 29.7673297337044], [-95.3417408955672, 29.7679148023109]]}, "properties": {"centerlineid": 10141113, "roadclass": "LOCAL", "fullname": "CLARK ST", "fromleft": 601, "toleft": 799, "fromright": 600, "toright": 798, "onewaydir": ""}}, {"type": "Feature", "geometry": {"type": "LineString", "coordinates": [[-95.3226999334541, 29.7444356495318], [-95.3227227707215, 29.7443729175127], [-95.323241621857, 29.7430928780186]]}, "properties": {"centerlineid": 10141797, "roadclass": "LOCAL", "fullname": "EDGEWOOD ST", "fromleft": 201, "toleft": 299, "fromright": 200, "toright": 298, "onewaydir": " "}}, {"type": "Feature", "geometry": {"type": "LineString", "coordinates": [[-95.3211950768332, 29.7625958299504], [-95.321250351789, 29.7648997449501]]}, "properties": {"centerlineid": 10142293, "roadclass": "LOCAL", "fullname": "JAPHET ST", "fromleft": 101, "toleft": 399, "fromright": 100, "toright": 398, "onewaydir": " "}}, {"type": "Feature", "geometry": {"type": "LineString", "coordinates": [[-95.3206933979263, 29.7344469632508], [-95.3189070893428, 29.7338955724259]]}, "properties": {"centerlineid": 10143229, "roadclass": "MAJOR", "fullname": "POLK ST", "fromleft": 5301, "toleft": 5399, "fromright": 5300, "toright": 5398, "onewaydir": " "}}, {"type": "Feature", "geometry": {"type": "LineString", "coordinates": [[-95.3251870298502, 29.7437185230076], [-95.3255685236097, 29.7428487199148]]}, "properties": {"centerlineid": 10141424, "roadclass": "LOCAL", "fullname": "BRYAN ST", "fromleft": 301, "toleft": 399, "fromright": 300, "toright": 398, "onewaydir": " "}}, {"type": "Feature", "geometry": {"type": "LineString", "coordinates": [[-95.3110268812242, 29.7476533515982], [-95.3109809953995, 29.7478269499619], [-95.3100647439974, 29.7514461267456]]}, "properties": {"centerlineid": 10141894, "roadclass": "LOCAL", "fullname": "MCFARLAND RD", "fromleft": 301, "toleft": 699, "fromright": 300, "toright": 698, "onewaydir": " "}}, {"type": "Feature", "geometry": {"type": "LineString", "coordinates": [[-95.3383171713057, 29.7412791297556], [-95.3363031030815, 29.7406573317974]]}, "properties": {"centerlineid": 10141352, "roadclass": "LOCAL", "fullname": "WOODLEIGH ST", "fromleft": 4101, "toleft": 4299, "fromright": 4100, "toright": 4298, "onewaydir": " "}}, {"type": "Feature", "geometry": {"type": "LineString", "coordinates": [[-95.342994008777, 29.7636847178111], [-95.3429940304484, 29.7643637396644]]}, "properties": {"centerlineid": 10141067, "roadclass": "MAJOR", "fullname": "JENSEN DR", "fromleft": 101, "toleft": 199, "fromright": 100, "toright": 198, "onewaydir": " "}}, {"type": "Feature", "geometry": {"type": "LineString", "coordinates": [[-95.3470604912573, 29.7600683942458], [-95.3457635724948, 29.759261579169]]}, "properties": {"centerlineid": 10140324, "roadclass": "LOCAL", "fullname": "RUNNELS ST", "fromleft": 2201, "toleft": 2399, "fromright": 2200, "toright": 2398, "onewaydir": " "}}, {"type": "Feature", "geometry": {"type": "LineString", "coordinates": [[-95.3290855767919, 29.7450250164705], [-95.3292840499092, 29.7445520119967], [-95.3295738485074, 29.7438252905652], [-95.3296272398648, 29.7437547883813], [-95.3296808631981, 29.7437148570643]]}, "properties": {"centerlineid": 10141239, "roadclass": "LOCAL", "fullname": "HAGERMAN ST", "fromleft": 301, "toleft": 399, "fromright": 300, "toright": 398, "onewaydir": " "}}, {"type": "Feature", "geometry": {"type": "LineString", "coordinates": [[-95.3384011273359, 29.7556909198678], [-95.3376259198286, 29.7552169070579]]}, "properties": {"centerlineid": 10141554, "roadclass": "LOCAL", "fullname": "ENGELKE ST", "fromleft": 3201, "toleft": 3299, "fromright": 3200, "toright": 3298, "onewaydir": " "}}, {"type": "Feature", "geometry": {"type": "LineString", "coordinates": [[-95.3211282698575, 29.7471269431316], [-95.3202737858954, 29.7468656742633]]}, "properties": {"centerlineid": 10141816, "roadclass": "LOCAL", "fullname": "AVENUE H", "fromleft": 5217, "toleft": 5299, "fromright": 5216, "toright": 5298, "onewaydir": " "}}, {"type": "Feature", "geometry": {"type": "LineString", "coordinates": [[-95.3214867390273, 29.7463411354338], [-95.3211282698575, 29.7471269431316]]}, "properties": {"centerlineid": 10142108, "roadclass": "LOCAL", "fullname": "ENGEL ST", "fromleft": 101, "toleft": 199, "fromright": 100, "toright": 198, "onewaydir": " "}}, {"type": "Feature", "geometry": {"type": "LineString", "coordinates": [[-95.3323128386066, 29.755488768976], [-95.3317483190212, 29.7561602938502]]}, "properties": {"centerlineid": 10140718, "roadclass": "LOCAL", "fullname": "N EVERTON ST", "fromleft": 501, "toleft": 599, "fromright": 500, "toright": 598, "onewaydir": " "}}, {"type": "Feature", "geometry": {"type": "LineString", "coordinates": [[-95.3431847662799, 29.7392287540568], [-95.3434364302781, 29.7385515276417]]}, "properties": {"centerlineid": 10139113, "roadclass": "LOCAL", "fullname": "MILBY ST", "fromleft": 1501, "toleft": 1599, "fromright": 1500, "toright": 1598, "onewaydir": " "}}, {"type": "Feature", "geometry": {"type": "LineString", "coordinates": [[-95.3356163244488, 29.7647870523902], [-95.3356165447396, 29.7648595463768], [-95.3356393320223, 29.7654051262521]]}, "properties": {"centerlineid": 10141087, "roadclass": "LOCAL", "fullname": "GREGG ST", "fromleft": 201, "toleft": 299, "fromright": 200, "toright": 298, "onewaydir": " "}}, {"type": "Feature", "geometry": {"type": "LineString", "coordinates": [[-95.3475334914575, 29.7453645477053], [-95.347770124719, 29.7450576526603], [-95.3481210514281, 29.7446284613802]]}, "properties": {"centerlineid": 10140096, "roadclass": "LOCAL", "fullname": "PALMER ST", "fromleft": 1101, "toleft": 1199, "fromright": 1100, "toright": 1198, "onewaydir": " "}}, {"type": "Feature", "geometry": {"type": "LineString", "coordinates": [[-95.3240349784485, 29.7500566697229], [-95.3236153891541, 29.7509780345025]]}, "properties": {"centerlineid": 10142101, "roadclass": "LOCAL", "fullname": "N BURR ST", "fromleft": 401, "toleft": 499, "fromright": 400, "toright": 498, "onewaydir": " "}}, {"type": "Feature", "geometry": {"type": "LineString", "coordinates": [[-95.3498987652484, 29.7423948722828], [-95.3494104281047, 29.7421165058068]]}, "properties": {"centerlineid": 10139679, "roadclass": "LOCAL", "fullname": "BELL ST", "fromleft": 3101, "toleft": 3199, "fromright": 3100, "toright": 3198, "onewaydir": " "}}, {"type": "Feature", "geometry": {"type": "LineString", "coordinates": [[-95.3322519098589, 29.7338632868675], [-95.3325416841849, 29.7331995407683]]}, "properties": {"centerlineid": 10139223, "roadclass": "MAJOR", "fullname": "S LOCKWOOD DR", "fromleft": 1701, "toleft": 1799, "fromright": 1700, "toright": 1798, "onewaydir": "TF"}}, {"type": "Feature", "geometry": {"type": "LineString", "coordinates": [[-95.3373940207844, 29.7569764565847], [-95.3371270596062, 29.7573141366356], [-95.3364098753088, 29.7582201912979]]}, "properties": {"centerlineid": 10140976, "roadclass": "LOCAL", "fullname": "N VELASCO ST", "fromleft": 501, "toleft": 799, "fromright": 500, "toright": 798, "onewaydir": " "}}, {"type": "Feature", "geometry": {"type": "LineString", "coordinates": [[-95.3325035661534, 29.7374987474005], [-95.3324426616466, 29.7373632467935], [-95.3323968149904, 29.7372774203027], [-95.3323205869986, 29.7372048577931], [-95.3322213550885, 29.7371688355455]]}, "properties": {"centerlineid": 10139107, "roadclass": "MAJOR", "fullname": "TELEPHONE RD", "fromleft": 421, "toleft": 499, "fromright": 420, "toright": 498, "onewaydir": " "}}, {"type": "Feature", "geometry": {"type": "LineString", "coordinates": [[-95.3230127558056, 29.7369169061886], [-95.3228153736725, 29.7369961354773], [-95.3228011912249, 29.7370016984245], [-95.3227869002038, 29.7370070451247], [-95.3227725058164, 29.7370121745924], [-95.3227580107275, 29.7370170846437], [-95.3227434201443, 29.7370217742934], [-95.3227287379828, 29.7370262425204], [-95.3227139695314, 29.7370304860847], [-95.3226991186248, 29.73703450622], [-95.3226841905515, 29.7370382996862], [-95.322669187895, 29.7370418665542], [-95.322654117195, 29.7370452047467], [-95.3226389823267, 29.7370483143701], [-95.3226237872463, 29.7370511932762], [-95.3226085383717, 29.7370538427695], [-95.3225932384083, 29.7370562595391], [-95.3225778912312, 29.7370584436914], [-95.3225625046311, 29.7370603943118], [-95.3225470811508, 29.7370621125985], [-95.3225316260792, 29.7370635953115], [-95.3225161432099, 29.7370648448117], [-95.3225006378317, 29.7370658578591], [-95.3224851150302, 29.7370666368501], [-95.3224695787617, 29.7370671796365], [-95.3224540329013, 29.7370674863247], [-95.3224384851992, 29.7370675571274], [-95.3224229369472, 29.7370673920801], [-95.3224073958548, 29.7370669925228], [-95.322391863295, 29.7370663562365], [-95.3223763469774, 29.7370654845612], [-95.322360850777, 29.7370643776032], [-95.3223453772774, 29.7370630354335], [-95.322329934188, 29.7370614593921], [-95.3223145240922, 29.73705964955], [-95.3222991534893, 29.7370576049571], [-95.3222838248407, 29.7370553290664], [-95.3222685446862, 29.7370528198004], [-95.3222533155279, 29.7370500794848], [-95.3222381437837, 29.7370471094241], [-95.322223034661, 29.7370439086328], [-95.322207990662, 29.7370404794365], [-95.3221930169128, 29.7370368231044], [-95.3221781185802, 29.7370329397783], [-95.3221632994987, 29.7370288306918], [-95.3220055917495, 29.7369837829728]]}, "properties": {"centerlineid": 10143235, "roadclass": "LOCAL", "fullname": "STONEWALL DR", "fromleft": 5117, "toleft": 5139, "fromright": 5116, "toright": 5138, "onewaydir": " "}}, {"type": "Feature", "geometry": {"type": "LineString", "coordinates": [[-95.3330149195384, 29.7687296088416], [-95.3329537873371, 29.768746682804], [-95.3329231818881, 29.7687793377123], [-95.3329156550056, 29.7688210926169], [-95.3329232082436, 29.769349555888], [-95.3329232130707, 29.76936276816]]}, "properties": {"centerlineid": 10141091, "roadclass": "LOCAL", "fullname": "CAPRON ST", "fromleft": 801, "toleft": 899, "fromright": 800, "toright": 898, "onewaydir": " "}}, {"type": "Feature", "geometry": {"type": "LineString", "coordinates": [[-95.31361320617, 29.7464976617361], [-95.3136590936352, 29.7477888801264], [-95.3136590651262, 29.7478383749267]]}, "properties": {"centerlineid": 10142090, "roadclass": "LOCAL", "fullname": "N GREENWOOD ST", "fromleft": 251, "toleft": 299, "fromright": 250, "toright": 298, "onewaydir": " "}}, {"type": "Feature", "geometry": {"type": "LineString", "coordinates": [[-95.337928148099, 29.7526774400155], [-95.337066127972, 29.7521604115045]]}, "properties": {"centerlineid": 10141494, "roadclass": "MAJOR", "fullname": "CANAL ST", "fromleft": 3401, "toleft": 3499, "fromright": 3400, "toright": 3498, "onewaydir": " "}}, {"type": "Feature", "geometry": {"type": "LineString", "coordinates": [[-95.3530114759803, 29.7464460924114], [-95.3535912416365, 29.7456944657666]]}, "properties": {"centerlineid": 10140033, "roadclass": "LOCAL", "fullname": "LIVE OAK ST", "fromleft": 1301, "toleft": 1399, "fromright": 1300, "toright": 1398, "onewaydir": " "}}, {"type": "Feature", "geometry": {"type": "LineString", "coordinates": [[-95.3321220906746, 29.7473558034602], [-95.3313515429477, 29.7471269550357]]}, "properties": {"centerlineid": 10141514, "roadclass": "LOCAL", "fullname": "SHERMAN ST", "fromleft": 4301, "toleft": 4323, "fromright": 4300, "toright": 4322, "onewaydir": " "}}, {"type": "Feature", "geometry": {"type": "LineString", "coordinates": [[-95.3513405851717, 29.7685922526645], [-95.3504326565532, 29.7686209786319]]}, "properties": {"centerlineid": 10140372, "roadclass": "LOCAL", "fullname": "NANCE ST", "fromleft": 1701, "toleft": 1899, "fromright": 1700, "toright": 1898, "onewaydir": " "}}, {"type": "Feature", "geometry": {"type": "LineString", "coordinates": [[-95.3311405666907, 29.7667047048151], [-95.3308528153157, 29.7667135442011], [-95.330525919487, 29.7667451942765], [-95.3301613428395, 29.7667545090116], [-95.3298479624299, 29.7667584298752]]}, "properties": {"centerlineid": 10211285, "roadclass": "LOCAL", "fullname": "CLINE ST", "fromleft": 4055, "toleft": 4099, "fromright": 4054, "toright": 4098, "onewaydir": ""}}, {"type": "Feature", "geometry": {"type": "LineString", "coordinates": [[-95.3495610296885, 29.7410881420848], [-95.3514607484985, 29.7386806215126]]}, "properties": {"centerlineid": 10140204, "roadclass": "LOCAL", "fullname": "VELASCO ST", "fromleft": 1601, "toleft": 1999, "fromright": 1600, "toright": 1998, "onewaydir": " "}}, {"type": "Feature", "geometry": {"type": "LineString", "coordinates": [[-95.3258126574364, 29.7647011981231], [-95.3258354889632, 29.7654528117807]]}, "properties": {"centerlineid": 10141033, "roadclass": "LOCAL", "fullname": "IDA ST", "fromleft": 301, "toleft": 399, "fromright": 300, "toright": 398, "onewaydir": " "}}, {"type": "Feature", "geometry": {"type": "LineString", "coordinates": [[-95.3519978927732, 29.7631441528062], [-95.3520043419092, 29.7634729551231], [-95.3520120986093, 29.7638106529722]]}, "properties": {"centerlineid": 10140507, "roadclass": "LOCAL", "fullname": "MCKEE ST", "fromleft": 301, "toleft": 499, "fromright": 300, "toright": 498, "onewaydir": " "}}, {"type": "Feature", "geometry": {"type": "LineString", "coordinates": [[-95.3318704156655, 29.7458585153916], [-95.3317407868663, 29.7458299860587], [-95.3316034636288, 29.7458108292683], [-95.3312906205004, 29.7457214142487]]}, "properties": {"centerlineid": 10141608, "roadclass": "LOCAL", "fullname": "GARROW ST", "fromleft": 4319, "toleft": 4349, "fromright": 4318, "toright": 4348, "onewaydir": " "}}, {"type": "Feature", "geometry": {"type": "LineString", "coordinates": [[-95.3430093492218, 29.7673613280517], [-95.3430018011481, 29.7676863934286]]}, "properties": {"centerlineid": 10141090, "roadclass": "MAJOR", "fullname": "JENSEN DR", "fromleft": 651, "toleft": 699, "fromright": 650, "toright": 698, "onewaydir": " "}}, {"type": "Feature", "geometry": {"type": "LineString", "coordinates": [[-95.3358834900475, 29.7362876073994], [-95.334540714892, 29.7358926347579], [-95.3339456468404, 29.7357192585312]]}, "properties": {"centerlineid": 10139368, "roadclass": "MAJOR", "fullname": "LEELAND ST", "fromleft": 4401, "toleft": 4499, "fromright": 4400, "toright": 4498, "onewaydir": " "}}, {"type": "Feature", "geometry": {"type": "LineString", "coordinates": [[-95.3294748179433, 29.7347807621533], [-95.3296884032379, 29.7342885884019], [-95.3297264980524, 29.7342238065782], [-95.3297798661151, 29.734189357863]]}, "properties": {"centerlineid": 10139031, "roadclass": "LOCAL", "fullname": "DUMBLE ST", "fromleft": 1501, "toleft": 1599, "fromright": 1500, "toright": 1598, "onewaydir": " "}}, {"type": "Feature", "geometry": {"type": "LineString", "coordinates": [[-95.3026650561509, 29.7510446454315], [-95.3006890653011, 29.750434298145]]}, "properties": {"centerlineid": 10142718, "roadclass": "LOCAL", "fullname": "AVENUE U", "fromleft": 6701, "toleft": 6799, "fromright": 6700, "toright": 6798, "onewaydir": " "}}, {"type": "Feature", "geometry": {"type": "LineString", "coordinates": [[-95.3394463860401, 29.7647012097301], [-95.3384392762655, 29.7647222121027]]}, "properties": {"centerlineid": 10140901, "roadclass": "MAJOR", "fullname": "CLINTON DR", "fromleft": 3001, "toleft": 3099, "fromright": 3000, "toright": 3098, "onewaydir": " "}}, {"type": "Feature", "geometry": {"type": "LineString", "coordinates": [[-95.3352044522824, 29.7423414804368], [-95.3356927370477, 29.7417386563746]]}, "properties": {"centerlineid": 10141283, "roadclass": "LOCAL", "fullname": "SIDNEY ST", "fromleft": 901, "toleft": 999, "fromright": 900, "toright": 998, "onewaydir": " "}}, {"type": "Feature", "geometry": {"type": "LineString", "coordinates": [[-95.3507682966163, 29.7382407727943], [-95.3508295929232, 29.7381300818936], [-95.3508430294653, 29.7381058198976], [-95.350919895058, 29.7379670107064], [-95.3509770015272, 29.73786388536], [-95.3510246466097, 29.7377778454652], [-95.3511308420439, 29.7375860756784], [-95.3511810798736, 29.7374953536156], [-95.3512415332013, 29.7373460952604]]}, "properties": {"centerlineid": 10138941, "roadclass": "LOCAL", "fullname": "ROBERTS ST", "fromleft": 1901, "toleft": 2099, "fromright": 1900, "toright": 2098, "onewaydir": " "}}, {"type": "Feature", "geometry": {"type": "LineString", "coordinates": [[-95.3365091484484, 29.7667041046065], [-95.3357842551673, 29.7667154991262], [-95.3356699405361, 29.7666888353312]]}, "properties": {"centerlineid": 10140988, "roadclass": "LOCAL", "fullname": "CLINE ST", "fromleft": 3301, "toleft": 3399, "fromright": 3300, "toright": 3398, "onewaydir": " "}}, {"type": "Feature", "geometry": {"type": "LineString", "coordinates": [[-95.326757071414, 29.7686179272762], [-95.3265603379538, 29.7686173029638]]}, "properties": {"centerlineid": 10140953, "roadclass": "LOCAL", "fullname": "GUNTER ST", "fromleft": 4397, "toleft": 4399, "fromright": 4396, "toright": 4398, "onewaydir": " "}}, {"type": "Feature", "geometry": {"type": "LineString", "coordinates": [[-95.3434594825894, 29.7702001432151], [-95.3421834633496, 29.7703988847222], [-95.3420069938131, 29.770434191557], [-95.3418635440074, 29.7704844590446], [-95.3417114164679, 29.7705541378257], [-95.3415523775353, 29.770652972192], [-95.3414147395903, 29.7707657641092], [-95.341313643973, 29.7708800793881]]}, "properties": {"centerlineid": 10141141, "roadclass": "RAMP", "fullname": "JENSEN PROVIDENCE RAMP", "fromleft": 0, "toleft": 0, "fromright": 0, "toright": 0, "onewaydir": "TF"}}, {"type": "Feature", "geometry": {"type": "LineString", "coordinates": [[-95.3240730870907, 29.7687163752792], [-95.3240808608152, 29.7693381157903], [-95.3240808419954, 29.7693933312948]]}, "properties": {"centerlineid": 10142320, "roadclass": "LOCAL", "fullname": "N EMILE ST", "fromleft": 701, "toleft": 799, "fromright": 700, "toright": 798, "onewaydir": " "}}, {"type": "Feature", "geometry": {"type": "LineString", "coordinates": [[-95.3153681003421, 29.739709303898], [-95.3144905128297, 29.7394345686351]]}, "properties": {"centerlineid": 10142026, "roadclass": "MAJOR", "fullname": "HARRISBURG BLVD", "fromleft": 6101, "toleft": 6199, "fromright": 6100, "toright": 6198, "onewaydir": " "}}, {"type": "Feature", "geometry": {"type": "LineString", "coordinates": [[-95.3238823037098, 29.7369798929262], [-95.3235694840083, 29.7369055323845], [-95.323379000386, 29.7368902101135], [-95.3230127558056, 29.7369169061886]]}, "properties": {"centerlineid": 10143422, "roadclass": "LOCAL", "fullname": "STONEWALL DR", "fromleft": 5101, "toleft": 5115, "fromright": 5100, "toright": 5114, "onewaydir": " "}}, {"type": "Feature", "geometry": {"type": "LineString", "coordinates": [[-95.3082803512121, 29.7375539725474], [-95.3077080886531, 29.7373728272529], [-95.3063044004573, 29.7369283488266]]}, "properties": {"centerlineid": 10143349, "roadclass": "MAJOR", "fullname": "HARRISBURG BLVD", "fromleft": 6701, "toleft": 6799, "fromright": 6700, "toright": 6798, "onewaydir": " "}}, {"type": "Feature", "geometry": {"type": "LineString", "coordinates": [[-95.3394464020324, 29.7451947672081], [-95.3397211452412, 29.7448381295478], [-95.3399269163695, 29.7445882735036]]}, "properties": {"centerlineid": 10141708, "roadclass": "LOCAL", "fullname": "MILBY ST", "fromleft": 701, "toleft": 799, "fromright": 700, "toright": 798, "onewaydir": " "}}, {"type": "Feature", "geometry": {"type": "LineString", "coordinates": [[-95.3486321666022, 29.7471422234864], [-95.3486627412438, 29.7471116574077], [-95.3492349854312, 29.7463984071978]]}, "properties": {"centerlineid": 10140079, "roadclass": "LOCAL", "fullname": "PAIGE ST", "fromleft": 1001, "toleft": 1099, "fromright": 1000, "toright": 1098, "onewaydir": " "}}, {"type": "Feature", "geometry": {"type": "LineString", "coordinates": [[-95.335235029329, 29.746121826637], [-95.3347389668159, 29.745973075167], [-95.3344567480616, 29.7458872959311]]}, "properties": {"centerlineid": 10141220, "roadclass": "LOCAL", "fullname": "WILMER ST", "fromleft": 4023, "toleft": 4099, "fromright": 4022, "toright": 4098, "onewaydir": " "}}, {"type": "Feature", "geometry": {"type": "LineString", "coordinates": [[-95.3360589627884, 29.7413076332085], [-95.3363031030815, 29.7406573317974]]}, "properties": {"centerlineid": 10141353, "roadclass": "LOCAL", "fullname": "SIDNEY ST", "fromleft": 1051, "toleft": 1099, "fromright": 1050, "toright": 1098, "onewaydir": " "}}, {"type": "Feature", "geometry": {"type": "LineString", "coordinates": [[-95.3355859768427, 29.7512755884372], [-95.3350976976756, 29.7519126029709]]}, "properties": {"centerlineid": 10141587, "roadclass": "LOCAL", "fullname": "N EVERTON ST", "fromleft": 101, "toleft": 199, "fromright": 100, "toright": 198, "onewaydir": " "}}, {"type": "Feature", "geometry": {"type": "LineString", "coordinates": [[-95.3479669574146, 29.767642749876], [-95.347991197689, 29.7686341954681]]}, "properties": {"centerlineid": 11026042, "roadclass": "LOCAL", "fullname": "SEMMES ST", "fromleft": 801, "toleft": 899, "fromright": 800, "toright": 898, "onewaydir": null}}, {"type": "Feature", "geometry": {"type": "LineString", "coordinates": [[-95.3232437106938, 29.7666527942352], [-95.3232338709604, 29.7673429801456]]}, "properties": {"centerlineid": 10142317, "roadclass": "LOCAL", "fullname": "SCHWEIKHARDT ST", "fromleft": 501, "toleft": 509, "fromright": 500, "toright": 508, "onewaydir": " "}}, {"type": "Feature", "geometry": {"type": "LineString", "coordinates": [[-95.3357461610537, 29.7522941105684], [-95.3352448035624, 29.7529347815374]]}, "properties": {"centerlineid": 10141582, "roadclass": "LOCAL", "fullname": "N HUTCHESON ST", "fromleft": 201, "toleft": 221, "fromright": 200, "toright": 220, "onewaydir": " "}}, {"type": "Feature", "geometry": {"type": "LineString", "coordinates": [[-95.3288185881344, 29.7485975118511], [-95.3287804838674, 29.7485498091209], [-95.3287729911268, 29.7485194601955], [-95.3287880315507, 29.7484793092296], [-95.3291467374192, 29.7475905920879]]}, "properties": {"centerlineid": 10141203, "roadclass": "LOCAL", "fullname": "SUPER ST", "fromleft": 1, "toleft": 99, "fromright": 2, "toright": 98, "onewaydir": " "}}, {"type": "Feature", "geometry": {"type": "LineString", "coordinates": [[-95.3291086028569, 29.7422842316864], [-95.3286812593922, 29.7428336715407]]}, "properties": {"centerlineid": 10141524, "roadclass": "LOCAL", "fullname": "FOREST ST", "fromleft": 501, "toleft": 599, "fromright": 500, "toright": 598, "onewaydir": " "}}, {"type": "Feature", "geometry": {"type": "LineString", "coordinates": [[-95.3222803504341, 29.7454694911591], [-95.3226999334541, 29.7444356495318]]}, "properties": {"centerlineid": 10141839, "roadclass": "LOCAL", "fullname": "EDGEWOOD ST", "fromleft": 101, "toleft": 199, "fromright": 100, "toright": 198, "onewaydir": " "}}, {"type": "Feature", "geometry": {"type": "LineString", "coordinates": [[-95.3114311922269, 29.738503870705], [-95.3102410476289, 29.7381510943989]]}, "properties": {"centerlineid": 10143287, "roadclass": "MAJOR", "fullname": "HARRISBURG BLVD", "fromleft": 6507, "toleft": 6599, "fromright": 6506, "toright": 6598, "onewaydir": " "}}, {"type": "Feature", "geometry": {"type": "LineString", "coordinates": [[-95.3258735866597, 29.7639288541356], [-95.3258735657971, 29.7645392171976], [-95.3258126574364, 29.7647011981231]]}, "properties": {"centerlineid": 10141029, "roadclass": "LOCAL", "fullname": "IDA ST", "fromleft": 231, "toleft": 299, "fromright": 230, "toright": 298, "onewaydir": " "}}, {"type": "Feature", "geometry": {"type": "LineString", "coordinates": [[-95.3439934225394, 29.7544587867496], [-95.343917202398, 29.7544836412987], [-95.3438257259324, 29.754537059583], [-95.3437645701673, 29.7545922835036], [-95.3436805781758, 29.7546897252876], [-95.3428872373551, 29.7556909107203]]}, "properties": {"centerlineid": 10141322, "roadclass": "LOCAL", "fullname": "N DELANO ST", "fromleft": 1, "toleft": 99, "fromright": 2, "toright": 98, "onewaydir": " "}}, {"type": "Feature", "geometry": {"type": "LineString", "coordinates": [[-95.3265984761201, 29.747931921658], [-95.3260492816867, 29.7485021552216]]}, "properties": {"centerlineid": 10141563, "roadclass": "MAJOR", "fullname": "LOCKWOOD DR", "fromleft": 1, "toleft": 99, "fromright": 2, "toright": 98, "onewaydir": " "}}, {"type": "Feature", "geometry": {"type": "LineString", "coordinates": [[-95.3378975824073, 29.7563357605079], [-95.3376840008572, 29.7566122857712], [-95.3373940207844, 29.7569764565847]]}, "properties": {"centerlineid": 10140883, "roadclass": "LOCAL", "fullname": "N VELASCO ST", "fromleft": 401, "toleft": 499, "fromright": 400, "toright": 498, "onewaydir": " "}}, {"type": "Feature", "geometry": {"type": "LineString", "coordinates": [[-95.3461949697627, 29.7456556325909], [-95.3452372088872, 29.7450726844435]]}, "properties": {"centerlineid": 10139981, "roadclass": "MAJOR", "fullname": "MCKINNEY ST", "fromleft": 3201, "toleft": 3299, "fromright": 3200, "toright": 3298, "onewaydir": " "}}, {"type": "Feature", "geometry": {"type": "LineString", "coordinates": [[-95.3032067453885, 29.7443669669863], [-95.3029016667274, 29.7451128499735]]}, "properties": {"centerlineid": 10142838, "roadclass": "MAJOR", "fullname": "WAYSIDE DR", "fromleft": 1201, "toleft": 1299, "fromright": 1200, "toright": 1298, "onewaydir": "TF"}}, {"type": "Feature", "geometry": {"type": "LineString", "coordinates": [[-95.338423966656, 29.76403174865], [-95.3384392762655, 29.7647222121027]]}, "properties": {"centerlineid": 10141066, "roadclass": "LOCAL", "fullname": "SYDNOR ST", "fromleft": 101, "toleft": 199, "fromright": 100, "toright": 198, "onewaydir": " "}}, {"type": "Feature", "geometry": {"type": "LineString", "coordinates": [[-95.3526647951026, 29.7405298272887], [-95.3525979524371, 29.7404758786529], [-95.3525214398826, 29.7404329177607], [-95.3523831991664, 29.7403865192469], [-95.3521942135851, 29.7403309880376], [-95.3516979672905, 29.7401555694963]]}, "properties": {"centerlineid": 10209926, "roadclass": "PRIVATE", "fullname": "MARKLE DR", "fromleft": 3001, "toleft": 3099, "fromright": 3000, "toright": 3098, "onewaydir": ""}}, {"type": "Feature", "geometry": {"type": "LineString", "coordinates": [[-95.3476099621284, 29.7350402191251], [-95.3478616226285, 29.7343380959073]]}, "properties": {"centerlineid": 10138861, "roadclass": "MAJOR", "fullname": "SCOTT ST", "fromleft": 2201, "toleft": 2299, "fromright": 2200, "toright": 2298, "onewaydir": " "}}, {"type": "Feature", "geometry": {"type": "LineString", "coordinates": [[-95.2999566449159, 29.7349637835481], [-95.2980035214517, 29.7343668554263]]}, "properties": {"centerlineid": 10143566, "roadclass": "MAJOR", "fullname": "HARRISBURG BLVD", "fromleft": 7101, "toleft": 7199, "fromright": 7100, "toright": 7198, "onewaydir": " "}}, {"type": "Feature", "geometry": {"type": "LineString", "coordinates": [[-95.3250955388755, 29.7551588074235], [-95.324729286207, 29.7550595867304]]}, "properties": {"centerlineid": 10141180, "roadclass": "LOCAL", "fullname": "IRA ST", "fromleft": 4501, "toleft": 4509, "fromright": 4500, "toright": 4508, "onewaydir": " "}}, {"type": "Feature", "geometry": {"type": "LineString", "coordinates": [[-95.3393852298012, 29.7356143013389], [-95.3396065948147, 29.7350630133909]]}, "properties": {"centerlineid": 10139143, "roadclass": "LOCAL", "fullname": "INGEBORG ST", "fromleft": 1801, "toleft": 1899, "fromright": 1800, "toright": 1898, "onewaydir": " "}}, {"type": "Feature", "geometry": {"type": "LineString", "coordinates": [[-95.340278079345, 29.7465756775716], [-95.3396446808382, 29.7461923692922]]}, "properties": {"centerlineid": 10141350, "roadclass": "LOCAL", "fullname": "TEXAS ST", "fromleft": 3601, "toleft": 3699, "fromright": 3600, "toright": 3698, "onewaydir": " "}}, {"type": "Feature", "geometry": {"type": "LineString", "coordinates": [[-95.3131402200582, 29.7348113345943], [-95.3129572139206, 29.7347559184362], [-95.3117668414495, 29.7343839822497]]}, "properties": {"centerlineid": 10143323, "roadclass": "LOCAL", "fullname": "SUPPLY ROW ST", "fromleft": 6501, "toleft": 6599, "fromright": 6500, "toright": 6598, "onewaydir": " "}}, {"type": "Feature", "geometry": {"type": "LineString", "coordinates": [[-95.3426964810511, 29.7411150393641], [-95.3424523620685, 29.7410388315354]]}, "properties": {"centerlineid": 10141539, "roadclass": "MAJOR", "fullname": "POLK ST", "fromleft": 3721, "toleft": 3799, "fromright": 3720, "toright": 3798, "onewaydir": " "}}, {"type": "Feature", "geometry": {"type": "LineString", "coordinates": [[-95.34285667914, 29.7480578670212], [-95.3419946299032, 29.7475465452426]]}, "properties": {"centerlineid": 10141273, "roadclass": "LOCAL", "fullname": "TEXAS ST", "fromleft": 3301, "toleft": 3399, "fromright": 3300, "toright": 3398, "onewaydir": " "}}, {"type": "Feature", "geometry": {"type": "LineString", "coordinates": [[-95.3452522459284, 29.740813665737], [-95.3455650476721, 29.7399516118624]]}, "properties": {"centerlineid": 10140240, "roadclass": "MAJOR", "fullname": "SCOTT ST", "fromleft": 1401, "toleft": 1499, "fromright": 1400, "toright": 1498, "onewaydir": " "}}, {"type": "Feature", "geometry": {"type": "LineString", "coordinates": [[-95.3519968055964, 29.7676119887407], [-95.3519128084936, 29.7677988901449], [-95.3513405851717, 29.7685922526645]]}, "properties": {"centerlineid": 10140344, "roadclass": "LOCAL", "fullname": "HARDY ST", "fromleft": 813, "toleft": 899, "fromright": 812, "toright": 898, "onewaydir": "FT"}}, {"type": "Feature", "geometry": {"type": "LineString", "coordinates": [[-95.3042747880088, 29.7515500566728], [-95.3026650561509, 29.7510446454315]]}, "properties": {"centerlineid": 10142760, "roadclass": "LOCAL", "fullname": "AVENUE U", "fromleft": 6601, "toleft": 6699, "fromright": 6600, "toright": 6698, "onewaydir": " "}}, {"type": "Feature", "geometry": {"type": "LineString", "coordinates": [[-95.3208154601092, 29.7461542595098], [-95.3206322291031, 29.7460969877954]]}, "properties": {"centerlineid": 10141962, "roadclass": "MAJOR", "fullname": "CANAL ST", "fromleft": 5301, "toleft": 5303, "fromright": 5300, "toright": 5302, "onewaydir": " "}}, {"type": "Feature", "geometry": {"type": "LineString", "coordinates": [[-95.3280939190919, 29.7526067344335], [-95.3278192239838, 29.752452254577], [-95.3270792667017, 29.7520422424409]]}, "properties": {"centerlineid": 10141466, "roadclass": "MAJOR", "fullname": "NAVIGATION BLVD", "fromleft": 4401, "toleft": 4423, "fromright": 4400, "toright": 4422, "onewaydir": " "}}, {"type": "Feature", "geometry": {"type": "LineString", "coordinates": [[-95.3095697470611, 29.744153408252], [-95.3091118141189, 29.7440142159791]]}, "properties": {"centerlineid": 10141840, "roadclass": "LOCAL", "fullname": "AVENUE I", "fromleft": 6501, "toleft": 6515, "fromright": 6500, "toright": 6514, "onewaydir": " "}}, {"type": "Feature", "geometry": {"type": "LineString", "coordinates": [[-95.3411095420744, 29.7573408428613], [-95.3405678542556, 29.7570013076691], [-95.3400490231854, 29.7566770938574], [-95.3398278943112, 29.7565475007653], [-95.3397667577558, 29.7565055013791]]}, "properties": {"centerlineid": 10140878, "roadclass": "LOCAL", "fullname": "ENGELKE ST", "fromleft": 2801, "toleft": 2999, "fromright": 2800, "toright": 2998, "onewaydir": " "}}, {"type": "Feature", "geometry": {"type": "LineString", "coordinates": [[-95.3381111520024, 29.7360987158231], [-95.3384086900942, 29.7353395761222]]}, "properties": {"centerlineid": 10139130, "roadclass": "LOCAL", "fullname": "SIDNEY ST", "fromleft": 1701, "toleft": 1799, "fromright": 1700, "toright": 1798, "onewaydir": " "}}, {"type": "Feature", "geometry": {"type": "LineString", "coordinates": [[-95.3384011273359, 29.7556909198678], [-95.3378975824073, 29.7563357605079]]}, "properties": {"centerlineid": 10140944, "roadclass": "LOCAL", "fullname": "N VELASCO ST", "fromleft": 301, "toleft": 399, "fromright": 300, "toright": 398, "onewaydir": " "}}, {"type": "Feature", "geometry": {"type": "LineString", "coordinates": [[-95.3357080208675, 29.7680391271069], [-95.3357080498223, 29.7683900590662], [-95.3357080288747, 29.7686800969173]]}, "properties": {"centerlineid": 10141108, "roadclass": "LOCAL", "fullname": "GREGG ST", "fromleft": 701, "toleft": 799, "fromright": 700, "toright": 798, "onewaydir": " "}}, {"type": "Feature", "geometry": {"type": "LineString", "coordinates": [[-95.3020775197146, 29.7471326407825], [-95.3000862657519, 29.7464955779669]]}, "properties": {"centerlineid": 10142599, "roadclass": "LOCAL", "fullname": "AVENUE P", "fromleft": 6801, "toleft": 6899, "fromright": 6800, "toright": 6898, "onewaydir": " "}}, {"type": "Feature", "geometry": {"type": "LineString", "coordinates": [[-95.3445962471123, 29.7686857908534], [-95.3445122772062, 29.7686305627559], [-95.3444207845465, 29.7685828982255], [-95.3443139914504, 29.7685217451775], [-95.3442446227523, 29.7684727127966], [-95.3441900944731, 29.7684261185655], [-95.3441430323612, 29.768379172839], [-95.3440392605159, 29.7682013707976], [-95.3439761026779, 29.7681262888626]]}, "properties": {"centerlineid": 10140503, "roadclass": "RAMP", "fullname": "EAST FWY", "fromleft": 0, "toleft": 0, "fromright": 2400, "toright": 2498, "onewaydir": "FT"}}, {"type": "Feature", "geometry": {"type": "LineString", "coordinates": [[-95.3189615619876, 29.7576746714299], [-95.3183662847418, 29.7586416658534], [-95.3181070698006, 29.7590612546798]]}, "properties": {"centerlineid": 10142154, "roadclass": "MAJOR", "fullname": "LOCKWOOD DR", "fromleft": 741, "toleft": 799, "fromright": 740, "toright": 798, "onewaydir": " "}}, {"type": "Feature", "geometry": {"type": "LineString", "coordinates": [[-95.3392304921273, 29.7639024313644], [-95.3374444044495, 29.7639244269347]]}, "properties": {"centerlineid": 10234213, "roadclass": "LOCAL", "fullname": "BARBARA JORDAN AVE", "fromleft": 3001, "toleft": 3191, "fromright": 3000, "toright": 3190, "onewaydir": ""}}, {"type": "Feature", "geometry": {"type": "LineString", "coordinates": [[-95.344184175529, 29.7367318611952], [-95.3443062341428, 29.7364076578931], [-95.3445734127597, 29.7357075932591]]}, "properties": {"centerlineid": 10139177, "roadclass": "LOCAL", "fullname": "MILBY ST", "fromleft": 1801, "toleft": 1999, "fromright": 1800, "toright": 1998, "onewaydir": " "}}, {"type": "Feature", "geometry": {"type": "LineString", "coordinates": [[-95.3452753093232, 29.7581191331807], [-95.3451760381004, 29.758241186441], [-95.3448556794733, 29.7586473409981]]}, "properties": {"centerlineid": 10140280, "roadclass": "LOCAL", "fullname": "MCALPINE ST", "fromleft": 201, "toleft": 399, "fromright": 200, "toright": 398, "onewaydir": " "}}, {"type": "Feature", "geometry": {"type": "LineString", "coordinates": [[-95.3186103905167, 29.7406972712538], [-95.3180459146005, 29.7405238743388]]}, "properties": {"centerlineid": 10141977, "roadclass": "MAJOR", "fullname": "HARRISBURG BLVD", "fromleft": 5713, "toleft": 5799, "fromright": 5712, "toright": 5798, "onewaydir": " "}}, {"type": "Feature", "geometry": {"type": "LineString", "coordinates": [[-95.3248285634917, 29.7388835261621], [-95.3249809645956, 29.7386850250521]]}, "properties": {"centerlineid": 10142063, "roadclass": "LOCAL", "fullname": "LENOX ST", "fromleft": 751, "toleft": 899, "fromright": 750, "toright": 898, "onewaydir": " "}}, {"type": "Feature", "geometry": {"type": "LineString", "coordinates": [[-95.3301004949894, 29.7372756122088], [-95.3303596543621, 29.7366175451401], [-95.3303674126023, 29.7366004527372]]}, "properties": {"centerlineid": 10139359, "roadclass": "LOCAL", "fullname": "EDDINGTON ST", "fromleft": 1201, "toleft": 1299, "fromright": 1200, "toright": 1298, "onewaydir": " "}}, {"type": "Feature", "geometry": {"type": "LineString", "coordinates": [[-95.3117668414495, 29.7343839822497], [-95.3097755872222, 29.7337640349077]]}, "properties": {"centerlineid": 10143227, "roadclass": "LOCAL", "fullname": "SUPPLY ROW", "fromleft": 6601, "toleft": 6699, "fromright": 6600, "toright": 6698, "onewaydir": " "}}, {"type": "Feature", "geometry": {"type": "LineString", "coordinates": [[-95.3433830737629, 29.7364915952124], [-95.3431694819215, 29.7364249642701], [-95.3425438284365, 29.7362285096622], [-95.3424142278973, 29.7361979453398]]}, "properties": {"centerlineid": 10139367, "roadclass": "LOCAL", "fullname": "COYLE ST", "fromleft": 3901, "toleft": 3999, "fromright": 3900, "toright": 3998, "onewaydir": " "}}, {"type": "Feature", "geometry": {"type": "LineString", "coordinates": [[-95.3163446840145, 29.7436174298483], [-95.3154290218507, 29.7433390485435]]}, "properties": {"centerlineid": 10141918, "roadclass": "LOCAL", "fullname": "BRADY ST", "fromleft": 5801, "toleft": 5899, "fromright": 5800, "toright": 5898, "onewaydir": " "}}, {"type": "Feature", "geometry": {"type": "LineString", "coordinates": [[-95.3258432379414, 29.7631964331322], [-95.3251641767708, 29.7632060010815]]}, "properties": {"centerlineid": 10140772, "roadclass": "LOCAL", "fullname": "INMAN ST", "fromleft": 4401, "toleft": 4499, "fromright": 4400, "toright": 4498, "onewaydir": " "}}, {"type": "Feature", "geometry": {"type": "LineString", "coordinates": [[-95.3263084779127, 29.7364705975688], [-95.3265222619967, 29.7361673914791]]}, "properties": {"centerlineid": 10139404, "roadclass": "LOCAL", "fullname": "ELM ST", "fromleft": 1117, "toleft": 1199, "fromright": 1116, "toright": 1198, "onewaydir": " "}}, {"type": "Feature", "geometry": {"type": "LineString", "coordinates": [[-95.3014977191612, 29.7430835207866], [-95.2990562706932, 29.7423186885517]]}, "properties": {"centerlineid": 10142581, "roadclass": "LOCAL", "fullname": "AVENUE K", "fromleft": 6901, "toleft": 6999, "fromright": 6900, "toright": 6998, "onewaydir": " "}}, {"type": "Feature", "geometry": {"type": "LineString", "coordinates": [[-95.3063805977679, 29.7484831998548], [-95.3045723504522, 29.7479241908663], [-95.3040384008917, 29.7477582769876]]}, "properties": {"centerlineid": 10142675, "roadclass": "LOCAL", "fullname": "AVENUE P", "fromleft": 6601, "toleft": 6699, "fromright": 6600, "toright": 6698, "onewaydir": " "}}, {"type": "Feature", "geometry": {"type": "LineString", "coordinates": [[-95.3405069605215, 29.7357496143927], [-95.3406059907076, 29.7354673498697], [-95.3411173169386, 29.7341800145486], [-95.3416273850355, 29.7329068175714], [-95.3419334715125, 29.7321770860685]]}, "properties": {"centerlineid": 10236630, "roadclass": "MAJOR", "fullname": "CULLEN BLVD", "fromleft": 1801, "toleft": 2099, "fromright": 1800, "toright": 2098, "onewaydir": " "}}, {"type": "Feature", "geometry": {"type": "LineString", "coordinates": [[-95.3012079634267, 29.7691893620821], [-95.3012154923197, 29.768706756727]]}, "properties": {"centerlineid": 10142489, "roadclass": "MAJOR", "fullname": "LATHROP ST", "fromleft": 1101, "toleft": 1111, "fromright": 1100, "toright": 1110, "onewaydir": " "}}, {"type": "Feature", "geometry": {"type": "LineString", "coordinates": [[-95.3516981905787, 29.7401552190094], [-95.3517033753292, 29.7401470858063], [-95.3518230909993, 29.739966245376]]}, "properties": {"centerlineid": 10209929, "roadclass": "PRIVATE", "fullname": "ELITE DR", "fromleft": 1813, "toleft": 1817, "fromright": 1812, "toright": 1816, "onewaydir": ""}}, {"type": "Feature", "geometry": {"type": "LineString", "coordinates": [[-95.337792018129, 29.7472971403324], [-95.3379053189024, 29.7471518146956]]}, "properties": {"centerlineid": 10219602, "roadclass": "LOCAL", "fullname": "MILBY ST", "fromleft": 375, "toleft": 399, "fromright": 374, "toright": 398, "onewaydir": " "}}, {"type": "Feature", "geometry": {"type": "LineString", "coordinates": [[-95.3032601541443, 29.7710012643283], [-95.3032601269472, 29.7697883010433], [-95.30326012634, 29.7691836554832]]}, "properties": {"centerlineid": 10142526, "roadclass": "LOCAL", "fullname": "ZOE ST", "fromleft": 1001, "toleft": 1099, "fromright": 1000, "toright": 1098, "onewaydir": " "}}, {"type": "Feature", "geometry": {"type": "LineString", "coordinates": [[-95.3195413687969, 29.7400068381073], [-95.3186562816534, 29.7397341575689]]}, "properties": {"centerlineid": 10141849, "roadclass": "LOCAL", "fullname": "TEXAS ST", "fromleft": 5701, "toleft": 5799, "fromright": 5700, "toright": 5798, "onewaydir": " "}}, {"type": "Feature", "geometry": {"type": "LineString", "coordinates": [[-95.3216241240798, 29.741624362637], [-95.3220742847587, 29.7410121665579], [-95.322203910595, 29.7408423970769]]}, "properties": {"centerlineid": 10142077, "roadclass": "LOCAL", "fullname": "DELMAR ST", "fromleft": 401, "toleft": 499, "fromright": 400, "toright": 498, "onewaydir": " "}}, {"type": "Feature", "geometry": {"type": "LineString", "coordinates": [[-95.3437645536415, 29.7589049600587], [-95.3433755168755, 29.758676081225]]}, "properties": {"centerlineid": 10140955, "roadclass": "LOCAL", "fullname": "ENGELKE ST", "fromleft": 2501, "toleft": 2507, "fromright": 2500, "toright": 2506, "onewaydir": " "}}, {"type": "Feature", "geometry": {"type": "LineString", "coordinates": [[-95.3447564226542, 29.7511361728286], [-95.3440851578395, 29.7507357127535]]}, "properties": {"centerlineid": 10139916, "roadclass": "LOCAL", "fullname": "HAWKINS ST", "fromleft": 3001, "toleft": 3009, "fromright": 3000, "toright": 3008, "onewaydir": " "}}, {"type": "Feature", "geometry": {"type": "LineString", "coordinates": [[-95.3229516018405, 29.7487024721308], [-95.3222269376584, 29.7484832040596], [-95.3222116725975, 29.7484792960594]]}, "properties": {"centerlineid": 10141896, "roadclass": "LOCAL", "fullname": "AVENUE I", "fromleft": 5001, "toleft": 5099, "fromright": 5000, "toright": 5098, "onewaydir": " "}}, {"type": "Feature", "geometry": {"type": "LineString", "coordinates": [[-95.3192207947526, 29.7418360672227], [-95.3195641497564, 29.7409948191537]]}, "properties": {"centerlineid": 10141995, "roadclass": "LOCAL", "fullname": "LATHAM ST", "fromleft": 301, "toleft": 399, "fromright": 300, "toright": 398, "onewaydir": " "}}, {"type": "Feature", "geometry": {"type": "LineString", "coordinates": [[-95.3153908807592, 29.7408232116662], [-95.3153221936611, 29.7407812229356], [-95.3140939571524, 29.7403958485891]]}, "properties": {"centerlineid": 10141978, "roadclass": "LOCAL", "fullname": "GARROW ST", "fromleft": 6001, "toleft": 6199, "fromright": 6000, "toright": 6198, "onewaydir": " "}}, {"type": "Feature", "geometry": {"type": "LineString", "coordinates": [[-95.3456564341479, 29.7695541139182], [-95.3449376607901, 29.7693043663872], [-95.3447176411101, 29.769242972256], [-95.3444741784475, 29.7691758752616], [-95.3444513612147, 29.7691683675137]]}, "properties": {"centerlineid": 10140680, "roadclass": "HIGHWAY", "fullname": "E IH 10", "fromleft": 0, "toleft": 0, "fromright": 2400, "toright": 2498, "onewaydir": "FT"}}, {"type": "Feature", "geometry": {"type": "LineString", "coordinates": [[-95.3494638610156, 29.7348188993561], [-95.349593422939, 29.7345213193502]]}, "properties": {"centerlineid": 10138860, "roadclass": "LOCAL", "fullname": "CANFIELD ST", "fromleft": 2351, "toleft": 2399, "fromright": 2350, "toright": 2398, "onewaydir": " "}}, {"type": "Feature", "geometry": {"type": "LineString", "coordinates": [[-95.3413917929185, 29.7528928702533], [-95.3414148409251, 29.7528433545127], [-95.3419640497323, 29.7521147595746]]}, "properties": {"centerlineid": 10141719, "roadclass": "LOCAL", "fullname": "PALMER ST", "fromleft": 101, "toleft": 199, "fromright": 100, "toright": 198, "onewaydir": " "}}, {"type": "Feature", "geometry": {"type": "LineString", "coordinates": [[-95.3445275672492, 29.7514336904389], [-95.3438562863908, 29.7510350906643]]}, "properties": {"centerlineid": 10139917, "roadclass": "LOCAL", "fullname": "PRESTON ST", "fromleft": 3001, "toleft": 3009, "fromright": 3000, "toright": 3008, "onewaydir": " "}}, {"type": "Feature", "geometry": {"type": "LineString", "coordinates": [[-95.3511538365977, 29.7625563583862], [-95.3512393043245, 29.7624606618188], [-95.3513072671077, 29.7623841413934], [-95.3515024099949, 29.7621423539767], [-95.3517974655018, 29.7618411764661], [-95.3519238779045, 29.7617306480859], [-95.3520570019581, 29.7616353457575], [-95.3522223551112, 29.7615275957374], [-95.3525811007175, 29.761326341255]]}, "properties": {"centerlineid": 10200617, "roadclass": "RAMP", "fullname": "59 HOV TO JACKSON EXIT RAMP", "fromleft": 0, "toleft": 0, "fromright": 0, "toright": 0, "onewaydir": "FT"}}, {"type": "Feature", "geometry": {"type": "LineString", "coordinates": [[-95.3257898348276, 29.767192403318], [-95.3257973864146, 29.7679818822031]]}, "properties": {"centerlineid": 10141039, "roadclass": "LOCAL", "fullname": "NIMROD ST", "fromleft": 601, "toleft": 699, "fromright": 600, "toright": 698, "onewaydir": " "}}, {"type": "Feature", "geometry": {"type": "LineString", "coordinates": [[-95.3319085265102, 29.737075279142], [-95.3319465999564, 29.7369073211309], [-95.3319618948012, 29.7367606018689], [-95.3319771975396, 29.7366136977614], [-95.3319772073877, 29.7365926716991], [-95.3319619101217, 29.73632574966]]}, "properties": {"centerlineid": 10139362, "roadclass": "MAJOR", "fullname": "S LOCKWOOD DR", "fromleft": 1401, "toleft": 1499, "fromright": 1400, "toright": 1498, "onewaydir": "TF"}}, {"type": "Feature", "geometry": {"type": "LineString", "coordinates": [[-95.3526605617775, 29.7596317052187], [-95.35325560209, 29.7588725425605]]}, "properties": {"centerlineid": 10140502, "roadclass": "LOCAL", "fullname": "N CHENEVERT ST", "fromleft": 101, "toleft": 199, "fromright": 100, "toright": 198, "onewaydir": " "}}, {"type": "Feature", "geometry": {"type": "LineString", "coordinates": [[-95.3080743199806, 29.7468275851665], [-95.3073724479453, 29.7466101205187], [-95.3073418888437, 29.7465987187744]]}, "properties": {"centerlineid": 10141792, "roadclass": "MAJOR", "fullname": "NAVIGATION BLVD", "fromleft": 6501, "toleft": 6599, "fromright": 6500, "toright": 6598, "onewaydir": " "}}, {"type": "Feature", "geometry": {"type": "LineString", "coordinates": [[-95.3445503766152, 29.7406726389479], [-95.3437798271133, 29.7404341861596], [-95.3437189200809, 29.7403979141951], [-95.3436805938518, 29.7403310440975]]}, "properties": {"centerlineid": 10141310, "roadclass": "LOCAL", "fullname": "DENVER ST", "fromleft": 3701, "toleft": 3799, "fromright": 3700, "toright": 3798, "onewaydir": " "}}, {"type": "Feature", "geometry": {"type": "LineString", "coordinates": [[-95.347991197689, 29.7686341954681], [-95.3477623555715, 29.7686267028588], [-95.3466687809804, 29.7685864213842], [-95.34657219745, 29.7685828641086], [-95.3456441550537, 29.7685858116543]]}, "properties": {"centerlineid": 10140559, "roadclass": "LOCAL", "fullname": "NANCE ST", "fromleft": 2101, "toleft": 2399, "fromright": 2100, "toright": 2398, "onewaydir": " "}}, {"type": "Feature", "geometry": {"type": "LineString", "coordinates": [[-95.3407738889215, 29.7490800778359], [-95.3413689728396, 29.7483323628023]]}, "properties": {"centerlineid": 10141730, "roadclass": "MAJOR", "fullname": "SAMPSON ST", "fromleft": 401, "toleft": 499, "fromright": 400, "toright": 498, "onewaydir": "FT"}}, {"type": "Feature", "geometry": {"type": "LineString", "coordinates": [[-95.3265373317253, 29.7665343389741], [-95.3257821102603, 29.7665439159617]]}, "properties": {"centerlineid": 10140922, "roadclass": "LOCAL", "fullname": "CLINE ST", "fromleft": 4401, "toleft": 4415, "fromright": 4400, "toright": 4414, "onewaydir": " "}}, {"type": "Feature", "geometry": {"type": "LineString", "coordinates": [[-95.3391410995077, 29.7362132503055], [-95.3393852298012, 29.7356143013389]]}, "properties": {"centerlineid": 10139267, "roadclass": "LOCAL", "fullname": "INGEBORG ST", "fromleft": 1701, "toleft": 1799, "fromright": 1700, "toright": 1798, "onewaydir": " "}}, {"type": "Feature", "geometry": {"type": "LineString", "coordinates": [[-95.3082725910858, 29.7452330904459], [-95.30743338253, 29.7449545303154], [-95.3074028126064, 29.744944941591]]}, "properties": {"centerlineid": 10141795, "roadclass": "LOCAL", "fullname": "AVENUE K", "fromleft": 6501, "toleft": 6599, "fromright": 6500, "toright": 6598, "onewaydir": " "}}, {"type": "Feature", "geometry": {"type": "LineString", "coordinates": [[-95.3265526349753, 29.767520288966], [-95.3265507189735, 29.7679613416545]]}, "properties": {"centerlineid": 10141032, "roadclass": "LOCAL", "fullname": "WACO ST", "fromleft": 551, "toleft": 599, "fromright": 550, "toright": 598, "onewaydir": " "}}, {"type": "Feature", "geometry": {"type": "LineString", "coordinates": [[-95.3385843480589, 29.7488779144276], [-95.3391716956029, 29.7481322766056]]}, "properties": {"centerlineid": 10141713, "roadclass": "LOCAL", "fullname": "HUTCHESON ST", "fromleft": 301, "toleft": 399, "fromright": 300, "toright": 398, "onewaydir": " "}}, {"type": "Feature", "geometry": {"type": "LineString", "coordinates": [[-95.3275216553151, 29.7699161026182], [-95.3271860581503, 29.7699236051019], [-95.3266290662252, 29.769931363794], [-95.3264305477701, 29.7699464380537]]}, "properties": {"centerlineid": 10140793, "roadclass": "LOCAL", "fullname": "BUCK ST", "fromleft": 4301, "toleft": 4399, "fromright": 4300, "toright": 4398, "onewaydir": " "}}, {"type": "Feature", "geometry": {"type": "LineString", "coordinates": [[-95.3300912769231, 29.7526478917493], [-95.329355008762, 29.7524194598042]]}, "properties": {"centerlineid": 10141254, "roadclass": "LOCAL", "fullname": "BERING ST", "fromleft": 4201, "toleft": 4299, "fromright": 4200, "toright": 4298, "onewaydir": " "}}, {"type": "Feature", "geometry": {"type": "LineString", "coordinates": [[-95.3591135959756, 29.7428726808], [-95.3589335022205, 29.7427925857775], [-95.3585679347983, 29.742597921311], [-95.3579408260637, 29.7422317054815], [-95.3564545970086, 29.7412777406536], [-95.355158541157, 29.7404398801636], [-95.3551172764718, 29.7404132177893], [-95.3530641932829, 29.7390737256129], [-95.3527958253683, 29.7389032143649], [-95.3510246466097, 29.7377778454652], [-95.3496282162489, 29.7368905514495]]}, "properties": {"centerlineid": 10221452, "roadclass": "HIGHWAY", "fullname": "S IH 45", "fromleft": 0, "toleft": 0, "fromright": 2322, "toright": 3398, "onewaydir": "TF"}}, {"type": "Feature", "geometry": {"type": "LineString", "coordinates": [[-95.3417046137506, 29.7584946868829], [-95.3412697484158, 29.7590651251096]]}, "properties": {"centerlineid": 10140957, "roadclass": "LOCAL", "fullname": "N NAGLE ST", "fromleft": 401, "toleft": 499, "fromright": 400, "toright": 498, "onewaydir": " "}}, {"type": "Feature", "geometry": {"type": "LineString", "coordinates": [[-95.3084711180903, 29.767383171392], [-95.3074180949731, 29.7673810919112]]}, "properties": {"centerlineid": 10142214, "roadclass": "LOCAL", "fullname": "LARIMER ST", "fromleft": 6201, "toleft": 6299, "fromright": 6200, "toright": 6298, "onewaydir": " "}}, {"type": "Feature", "geometry": {"type": "LineString", "coordinates": [[-95.3387139794306, 29.734589998493], [-95.3367913849386, 29.7339967554132]]}, "properties": {"centerlineid": 10139226, "roadclass": "LOCAL", "fullname": "COYLE ST", "fromleft": 4301, "toleft": 4399, "fromright": 4300, "toright": 4398, "onewaydir": " "}}, {"type": "Feature", "geometry": {"type": "LineString", "coordinates": [[-95.3241648256971, 29.7632117119329], [-95.3241798647989, 29.763949854315]]}, "properties": {"centerlineid": 10142287, "roadclass": "LOCAL", "fullname": "EMILE ST", "fromleft": 201, "toleft": 227, "fromright": 200, "toright": 226, "onewaydir": " "}}, {"type": "Feature", "geometry": {"type": "LineString", "coordinates": [[-95.3246147659041, 29.7487768552716], [-95.3238672829961, 29.7485575750197]]}, "properties": {"centerlineid": 10141900, "roadclass": "LOCAL", "fullname": "AVENUE I", "fromleft": 4801, "toleft": 4899, "fromright": 4800, "toright": 4898, "onewaydir": " "}}, {"type": "Feature", "geometry": {"type": "LineString", "coordinates": [[-95.3006204161251, 29.7451738009694], [-95.2986747961952, 29.7445540710147], [-95.298606315923, 29.7445006837122]]}, "properties": {"centerlineid": 10142661, "roadclass": "LOCAL", "fullname": "AVENUE N", "fromleft": 6901, "toleft": 6999, "fromright": 6900, "toright": 6998, "onewaydir": " "}}, {"type": "Feature", "geometry": {"type": "LineString", "coordinates": [[-95.3257898348276, 29.767192403318], [-95.3250726915779, 29.7671942304313]]}, "properties": {"centerlineid": 10140782, "roadclass": "LOCAL", "fullname": "EDMUND ST", "fromleft": 4419, "toleft": 4499, "fromright": 4418, "toright": 4498, "onewaydir": " "}}, {"type": "Feature", "geometry": {"type": "LineString", "coordinates": [[-95.3074180949731, 29.7673810919112], [-95.3074028304042, 29.7660574601486]]}, "properties": {"centerlineid": 10142266, "roadclass": "MAJOR", "fullname": "KRESS ST", "fromleft": 1201, "toleft": 1233, "fromright": 1200, "toright": 1232, "onewaydir": " "}}, {"type": "Feature", "geometry": {"type": "LineString", "coordinates": [[-95.3329156491612, 29.7454065036205], [-95.3321984935671, 29.7451890755981], [-95.3321298366191, 29.7451548666708]]}, "properties": {"centerlineid": 10141169, "roadclass": "LOCAL", "fullname": "WILMER ST", "fromleft": 4301, "toleft": 4321, "fromright": 4300, "toright": 4320, "onewaydir": " "}}, {"type": "Feature", "geometry": {"type": "LineString", "coordinates": [[-95.339362439547, 29.7596164160721], [-95.338446654269, 29.7607738216085]]}, "properties": {"centerlineid": 11019857, "roadclass": "LOCAL", "fullname": "MIDDLE ST", "fromleft": 701, "toleft": 833, "fromright": 700, "toright": 832, "onewaydir": " "}}, {"type": "Feature", "geometry": {"type": "LineString", "coordinates": [[-95.3434594825894, 29.7702001432151], [-95.3434442011929, 29.7708792110649]]}, "properties": {"centerlineid": 10140584, "roadclass": "MAJOR", "fullname": "JENSEN DR", "fromleft": 1001, "toleft": 1099, "fromright": 1000, "toright": 1098, "onewaydir": " "}}, {"type": "Feature", "geometry": {"type": "LineString", "coordinates": [[-95.3376000465051, 29.7700018972418], [-95.3369515940134, 29.7700057582519]]}, "properties": {"centerlineid": 10140876, "roadclass": "LOCAL", "fullname": "BUCK ST", "fromleft": 3201, "toleft": 3299, "fromright": 3200, "toright": 3298, "onewaydir": " "}}, {"type": "Feature", "geometry": {"type": "LineString", "coordinates": [[-95.3280480719349, 29.7654375417051], [-95.328047964316, 29.7659382968455]]}, "properties": {"centerlineid": 10140733, "roadclass": "LOCAL", "fullname": "JUDD ST", "fromleft": 301, "toleft": 399, "fromright": 300, "toright": 398, "onewaydir": " "}}, {"type": "Feature", "geometry": {"type": "LineString", "coordinates": [[-95.3039850278725, 29.7370962736066], [-95.3037483963096, 29.7376265227373]]}, "properties": {"centerlineid": 10143732, "roadclass": "MAJOR", "fullname": "SSGT MACARIO GARCIA DR", "fromleft": 201, "toleft": 299, "fromright": 200, "toright": 298, "onewaydir": "FT"}}, {"type": "Feature", "geometry": {"type": "LineString", "coordinates": [[-95.3274149057398, 29.7481817782097], [-95.3267663995061, 29.7490170981671]]}, "properties": {"centerlineid": 10141415, "roadclass": "LOCAL", "fullname": "CANAL CT", "fromleft": 1, "toleft": 199, "fromright": 2, "toright": 198, "onewaydir": " "}}, {"type": "Feature", "geometry": {"type": "LineString", "coordinates": [[-95.3445503766152, 29.7406726389479], [-95.3449090501862, 29.7397474098152]]}, "properties": {"centerlineid": 10139787, "roadclass": "LOCAL", "fullname": "EDMUNDSON ST", "fromleft": 1401, "toleft": 1499, "fromright": 1400, "toright": 1498, "onewaydir": " "}}, {"type": "Feature", "geometry": {"type": "LineString", "coordinates": [[-95.3450083150501, 29.7666007236861], [-95.344962156848, 29.766956519938], [-95.3449534994184, 29.7670232537993], [-95.3449764439159, 29.7670696430014], [-95.3449784639533, 29.767073725258], [-95.3450813385389, 29.7672817063979], [-95.3450843268387, 29.7672877502191], [-95.3450969485454, 29.7673132650591], [-95.3451682174887, 29.7674573509769], [-95.3452113200566, 29.7675444904124], [-95.3452352356325, 29.7675928411991], [-95.3452649929763, 29.7676530017404], [-95.3454038309814, 29.7679076613128], [-95.3455848758028, 29.7682260173398], [-95.3456158752027, 29.7685147214937], [-95.3456441550537, 29.7685858116543]]}, "properties": {"centerlineid": 1087891, "roadclass": "LOCAL", "fullname": "WEST ST", "fromleft": 701, "toleft": 899, "fromright": 700, "toright": 898, "onewaydir": " "}}, {"type": "Feature", "geometry": {"type": "LineString", "coordinates": [[-95.339565483686, 29.769577084316], [-95.3395147496118, 29.7695239140855], [-95.3394539477739, 29.7694601938597], [-95.3393777124591, 29.7694257349869], [-95.3392784539529, 29.7693953908159], [-95.3390649168016, 29.769374393157], [-95.3388741312113, 29.7693627616307], [-95.3382790716487, 29.7693513414738], [-95.3376000253606, 29.769360926509]]}, "properties": {"centerlineid": 10140821, "roadclass": "FRONTAGE", "fullname": "HARE ST", "fromleft": 3001, "toleft": 3199, "fromright": 3000, "toright": 3198, "onewaydir": "TF"}}, {"type": "Feature", "geometry": {"type": "LineString", "coordinates": [[-95.3012154619983, 29.7437452227421], [-95.2990715849154, 29.7430721088624]]}, "properties": {"centerlineid": 10142754, "roadclass": "LOCAL", "fullname": "AVENUE L", "fromleft": 6901, "toleft": 6999, "fromright": 6900, "toright": 6998, "onewaydir": " "}}, {"type": "Feature", "geometry": {"type": "LineString", "coordinates": [[-95.3491738629691, 29.7496676525714], [-95.3485787571247, 29.7493166922507], [-95.3483193527689, 29.7491544852297]]}, "properties": {"centerlineid": 10139858, "roadclass": "LOCAL", "fullname": "RUSK ST", "fromleft": 2701, "toleft": 2799, "fromright": 2700, "toright": 2798, "onewaydir": " "}}, {"type": "Feature", "geometry": {"type": "LineString", "coordinates": [[-95.3515085069347, 29.7365297173315], [-95.3515999842883, 29.7363296228367]]}, "properties": {"centerlineid": 10138704, "roadclass": "LOCAL", "fullname": "ROBERTS ST", "fromleft": 2217, "toleft": 2249, "fromright": 2216, "toright": 2248, "onewaydir": " "}}, {"type": "Feature", "geometry": {"type": "LineString", "coordinates": [[-95.3288185881344, 29.7485975118511], [-95.3287499072089, 29.7485728828241], [-95.3281242954679, 29.7483857600195]]}, "properties": {"centerlineid": 10141556, "roadclass": "MAJOR", "fullname": "CANAL ST", "fromleft": 4501, "toleft": 4519, "fromright": 4500, "toright": 4518, "onewaydir": " "}}, {"type": "Feature", "geometry": {"type": "LineString", "coordinates": [[-95.3369515940134, 29.7700057582519], [-95.3368726454335, 29.7700547109968]]}, "properties": {"centerlineid": 10140727, "roadclass": "LOCAL", "fullname": "BUCK ST", "fromleft": 3301, "toleft": 3399, "fromright": 3300, "toright": 3398, "onewaydir": " "}}, {"type": "Feature", "geometry": {"type": "LineString", "coordinates": [[-95.3347619954066, 29.7543623909346], [-95.3343496352345, 29.7541074997847]]}, "properties": {"centerlineid": 10141636, "roadclass": "LOCAL", "fullname": "MERKEL ST", "fromleft": 3501, "toleft": 3599, "fromright": 3500, "toright": 3598, "onewaydir": " "}}, {"type": "Feature", "geometry": {"type": "LineString", "coordinates": [[-95.3269113079769, 29.7335141815064], [-95.3253318792599, 29.7335828809721]]}, "properties": {"centerlineid": 10139050, "roadclass": "LOCAL", "fullname": "STIMSON ST", "fromleft": 5001, "toleft": 5099, "fromright": 5000, "toright": 5098, "onewaydir": " "}}, {"type": "Feature", "geometry": {"type": "LineString", "coordinates": [[-95.3488146605176, 29.767639082463], [-95.3479669574146, 29.767642749876]]}, "properties": {"centerlineid": 11026043, "roadclass": "LOCAL", "fullname": "STERRETT ST", "fromleft": 2001, "toleft": 2099, "fromright": 2000, "toright": 2098, "onewaydir": null}}, {"type": "Feature", "geometry": {"type": "LineString", "coordinates": [[-95.3442072275052, 29.7701944482439], [-95.3434594825894, 29.7702001432151]]}, "properties": {"centerlineid": 10140321, "roadclass": "LOCAL", "fullname": "BUCK ST", "fromleft": 2601, "toleft": 2699, "fromright": 2600, "toright": 2698, "onewaydir": " "}}, {"type": "Feature", "geometry": {"type": "LineString", "coordinates": [[-95.3257898360927, 29.7476685976181], [-95.3258126611189, 29.7476076803944], [-95.3262094698381, 29.7466769842889]]}, "properties": {"centerlineid": 10141200, "roadclass": "LOCAL", "fullname": "BURR ST", "fromleft": 1, "toleft": 99, "fromright": 2, "toright": 98, "onewaydir": " "}}, {"type": "Feature", "geometry": {"type": "LineString", "coordinates": [[-95.2995142187624, 29.7478212811011], [-95.2994455545413, 29.7480006211856], [-95.2992623065767, 29.7484774934185]]}, "properties": {"centerlineid": 10142840, "roadclass": "MAJOR", "fullname": "SSGT MACARIO GARCIA DR", "fromleft": 1801, "toleft": 1899, "fromright": 1800, "toright": 1898, "onewaydir": "FT"}}, {"type": "Feature", "geometry": {"type": "LineString", "coordinates": [[-95.3355950824059, 29.7639471801431], [-95.3356163244488, 29.7647870523902]]}, "properties": {"centerlineid": 10141120, "roadclass": "LOCAL", "fullname": "GREGG ST", "fromleft": 1, "toleft": 199, "fromright": 2, "toright": 198, "onewaydir": " "}}, {"type": "Feature", "geometry": {"type": "LineString", "coordinates": [[-95.3316721292703, 29.7377810032676], [-95.3301004949894, 29.7372756122088]]}, "properties": {"centerlineid": 10139296, "roadclass": "MAJOR", "fullname": "POLK ST", "fromleft": 4601, "toleft": 4699, "fromright": 4600, "toright": 4698, "onewaydir": " "}}, {"type": "Feature", "geometry": {"type": "LineString", "coordinates": [[-95.3365013827093, 29.7627444273188], [-95.3364480024046, 29.7627729251394], [-95.3364327179917, 29.7628169788028], [-95.3364479871371, 29.76340426671]]}, "properties": {"centerlineid": 10141071, "roadclass": "LOCAL", "fullname": "GROVE ST", "fromleft": 1, "toleft": 75, "fromright": 2, "toright": 74, "onewaydir": " "}}, {"type": "Feature", "geometry": {"type": "LineString", "coordinates": [[-95.3493104307316, 29.7431519215967], [-95.3495553488599, 29.7428201778262]]}, "properties": {"centerlineid": 10140100, "roadclass": "LOCAL", "fullname": "PALMER ST", "fromleft": 1401, "toleft": 1409, "fromright": 1400, "toright": 1408, "onewaydir": " "}}, {"type": "Feature", "geometry": {"type": "LineString", "coordinates": [[-95.3107065082401, 29.7368902350734], [-95.3112251762885, 29.7357039657243]]}, "properties": {"centerlineid": 10143431, "roadclass": "LOCAL", "fullname": "S 66TH ST", "fromleft": 213, "toleft": 319, "fromright": 212, "toright": 318, "onewaydir": " "}}, {"type": "Feature", "geometry": {"type": "LineString", "coordinates": [[-95.3318245349969, 29.735242344226], [-95.3316187182729, 29.7352117743473], [-95.3314202320901, 29.7351640999733], [-95.3312141695573, 29.7350840272096]]}, "properties": {"centerlineid": 10139225, "roadclass": "MAJOR", "fullname": "TELEPHONE RD", "fromleft": 501, "toleft": 699, "fromright": 500, "toright": 698, "onewaydir": " "}}, {"type": "Feature", "geometry": {"type": "LineString", "coordinates": [[-95.3395160334053, 29.7684617068335], [-95.3393834834743, 29.7684962419814], [-95.3390370643385, 29.7685864995459]]}, "properties": {"centerlineid": 10204509, "roadclass": "LOCAL", "fullname": "NANCE ST", "fromleft": 3001, "toleft": 3049, "fromright": 3000, "toright": 3048, "onewaydir": "FT"}}, {"type": "Feature", "geometry": {"type": "LineString", "coordinates": [[-95.3347928418494, 29.7535303973396], [-95.3343496352345, 29.7541074997847]]}, "properties": {"centerlineid": 10141482, "roadclass": "LOCAL", "fullname": "N HUTCHESON ST", "fromleft": 301, "toleft": 321, "fromright": 300, "toright": 320, "onewaydir": " "}}, {"type": "Feature", "geometry": {"type": "LineString", "coordinates": [[-95.3284471226249, 29.7535913069061], [-95.328122454211, 29.7535086463222]]}, "properties": {"centerlineid": 10141480, "roadclass": "LOCAL", "fullname": "FOX ST", "fromleft": 4301, "toleft": 4399, "fromright": 4300, "toright": 4398, "onewaydir": " "}}, {"type": "Feature", "geometry": {"type": "LineString", "coordinates": [[-95.3535990086495, 29.7568392909193], [-95.3530593183654, 29.7565208323915], [-95.3530267738813, 29.7565016285867]]}, "properties": {"centerlineid": 10140347, "roadclass": "LOCAL", "fullname": "PRESTON ST", "fromleft": 1901, "toleft": 1989, "fromright": 1900, "toright": 1988, "onewaydir": " "}}, {"type": "Feature", "geometry": {"type": "LineString", "coordinates": [[-95.3499765951517, 29.7617922265545], [-95.3497095744603, 29.7616535876624], [-95.3494672348388, 29.7615221775856]]}, "properties": {"centerlineid": 10140578, "roadclass": "LOCAL", "fullname": "RUNNELS ST", "fromleft": 1901, "toleft": 1903, "fromright": 1900, "toright": 1902, "onewaydir": " "}}, {"type": "Feature", "geometry": {"type": "LineString", "coordinates": [[-95.3369210153151, 29.7539495293909], [-95.3360742317065, 29.7534251921551]]}, "properties": {"centerlineid": 10141485, "roadclass": "LOCAL", "fullname": "RUNNELS ST", "fromleft": 3401, "toleft": 3499, "fromright": 3400, "toright": 3498, "onewaydir": " "}}, {"type": "Feature", "geometry": {"type": "LineString", "coordinates": [[-95.3435204111808, 29.749633173998], [-95.3439933965381, 29.7490954015716]]}, "properties": {"centerlineid": 10141668, "roadclass": "LOCAL", "fullname": "PALMER ST", "fromleft": 501, "toleft": 599, "fromright": 500, "toright": 598, "onewaydir": " "}}, {"type": "Feature", "geometry": {"type": "LineString", "coordinates": [[-95.3440851578395, 29.7507357127535], [-95.3434136545811, 29.7503257055733]]}, "properties": {"centerlineid": 10141188, "roadclass": "LOCAL", "fullname": "HAWKINS ST", "fromleft": 3011, "toleft": 3099, "fromright": 3010, "toright": 3098, "onewaydir": " "}}, {"type": "Feature", "geometry": {"type": "LineString", "coordinates": [[-95.3357385953882, 29.7700228807258], [-95.3357386244006, 29.7706617587406]]}, "properties": {"centerlineid": 10141002, "roadclass": "LOCAL", "fullname": "GREGG ST", "fromleft": 1001, "toleft": 1099, "fromright": 1000, "toright": 1098, "onewaydir": " "}}, {"type": "Feature", "geometry": {"type": "LineString", "coordinates": [[-95.3517373572689, 29.7512201010281], [-95.3508981338449, 29.7506975978326]]}, "properties": {"centerlineid": 10139611, "roadclass": "LOCAL", "fullname": "RUSK ST", "fromleft": 2401, "toleft": 2499, "fromright": 2400, "toright": 2498, "onewaydir": " "}}, {"type": "Feature", "geometry": {"type": "LineString", "coordinates": [[-95.3162835224253, 29.7399801425565], [-95.3153681003421, 29.739709303898]]}, "properties": {"centerlineid": 10141842, "roadclass": "MAJOR", "fullname": "HARRISBURG BLVD", "fromleft": 6001, "toleft": 6099, "fromright": 6000, "toright": 6098, "onewaydir": " "}}, {"type": "Feature", "geometry": {"type": "LineString", "coordinates": [[-95.3131860470918, 29.742644738679], [-95.3127281304238, 29.7424977890136], [-95.3122400507171, 29.7423433104599]]}, "properties": {"centerlineid": 10141905, "roadclass": "LOCAL", "fullname": "BRADY ST", "fromleft": 6201, "toleft": 6299, "fromright": 6200, "toright": 6298, "onewaydir": " "}}, {"type": "Feature", "geometry": {"type": "LineString", "coordinates": [[-95.3207467952095, 29.7413592136343], [-95.3204720903072, 29.7412830066062]]}, "properties": {"centerlineid": 10141824, "roadclass": "MAJOR", "fullname": "HARRISBURG BLVD", "fromleft": 5501, "toleft": 5507, "fromright": 5500, "toright": 5506, "onewaydir": " "}}, {"type": "Feature", "geometry": {"type": "LineString", "coordinates": [[-95.3336709217024, 29.7365546062941], [-95.3334648750258, 29.7364516968135]]}, "properties": {"centerlineid": 10139072, "roadclass": "LOCAL", "fullname": "BELL ST", "fromleft": 4501, "toleft": 4599, "fromright": 4500, "toright": 4598, "onewaydir": " "}}, {"type": "Feature", "geometry": {"type": "LineString", "coordinates": [[-95.3524086520352, 29.7472013191348], [-95.3530114759803, 29.7464460924114]]}, "properties": {"centerlineid": 10140034, "roadclass": "LOCAL", "fullname": "LIVE OAK ST", "fromleft": 1201, "toleft": 1299, "fromright": 1200, "toright": 1298, "onewaydir": " "}}, {"type": "Feature", "geometry": {"type": "LineString", "coordinates": [[-95.3518822308735, 29.7558093584321], [-95.3530801477298, 29.7542853881313]]}, "properties": {"centerlineid": 10139793, "roadclass": "LOCAL", "fullname": "ST EMANUEL ST", "fromleft": 401, "toleft": 599, "fromright": 400, "toright": 598, "onewaydir": " "}}, {"type": "Feature", "geometry": {"type": "LineString", "coordinates": [[-95.3323128386066, 29.755488768976], [-95.3316823236034, 29.7551070269538]]}, "properties": {"centerlineid": 10141177, "roadclass": "LOCAL", "fullname": "FOX ST", "fromleft": 3701, "toleft": 3799, "fromright": 3700, "toright": 3798, "onewaydir": " "}}, {"type": "Feature", "geometry": {"type": "LineString", "coordinates": [[-95.3448251276454, 29.7350477165899], [-95.3439478096859, 29.7347883003809]]}, "properties": {"centerlineid": 10139121, "roadclass": "LOCAL", "fullname": "WINCHESTER ST", "fromleft": 3701, "toleft": 3799, "fromright": 3700, "toright": 3798, "onewaydir": " "}}, {"type": "Feature", "geometry": {"type": "LineString", "coordinates": [[-95.316184261375, 29.7339967588614], [-95.3162547814345, 29.7339007289672], [-95.3167489783246, 29.733226216286]]}, "properties": {"centerlineid": 10143279, "roadclass": "LOCAL", "fullname": "HUGHES ST", "fromleft": 701, "toleft": 1199, "fromright": 700, "toright": 1198, "onewaydir": " "}}, {"type": "Feature", "geometry": {"type": "LineString", "coordinates": [[-95.3451760275638, 29.7571254537128], [-95.3447564422748, 29.7576554769112]]}, "properties": {"centerlineid": 10140394, "roadclass": "LOCAL", "fullname": "N ST CHARLES ST", "fromleft": 101, "toleft": 199, "fromright": 100, "toright": 198, "onewaydir": " "}}, {"type": "Feature", "geometry": {"type": "LineString", "coordinates": [[-95.3364785776047, 29.7647584956352], [-95.3365013904964, 29.7653955307432]]}, "properties": {"centerlineid": 10141080, "roadclass": "LOCAL", "fullname": "GROVE ST", "fromleft": 201, "toleft": 299, "fromright": 200, "toright": 298, "onewaydir": " "}}, {"type": "Feature", "geometry": {"type": "LineString", "coordinates": [[-95.3024056402884, 29.7516879183992], [-95.3004143743252, 29.7510866255191]]}, "properties": {"centerlineid": 10142716, "roadclass": "LOCAL", "fullname": "AVENUE V", "fromleft": 6701, "toleft": 6799, "fromright": 6700, "toright": 6798, "onewaydir": " "}}, {"type": "Feature", "geometry": {"type": "LineString", "coordinates": [[-95.3497688945089, 29.7488989228801], [-95.3503564435991, 29.7481721779156]]}, "properties": {"centerlineid": 10140058, "roadclass": "LOCAL", "fullname": "NAGLE ST", "fromleft": 901, "toleft": 999, "fromright": 900, "toright": 998, "onewaydir": " "}}, {"type": "Feature", "geometry": {"type": "LineString", "coordinates": [[-95.3087608854777, 29.7362837649599], [-95.3077615112718, 29.7359805079532], [-95.3067924790156, 29.7356829646311]]}, "properties": {"centerlineid": 10143494, "roadclass": "LOCAL", "fullname": "CAPITOL ST", "fromleft": 6701, "toleft": 6799, "fromright": 6700, "toright": 6798, "onewaydir": " "}}, {"type": "Feature", "geometry": {"type": "LineString", "coordinates": [[-95.3232419236179, 29.7661977220116], [-95.3232437106938, 29.7666527942352]]}, "properties": {"centerlineid": 10142306, "roadclass": "LOCAL", "fullname": "SCHWEIKHARDT ST", "fromleft": 451, "toleft": 499, "fromright": 450, "toright": 498, "onewaydir": " "}}, {"type": "Feature", "geometry": {"type": "LineString", "coordinates": [[-95.3492349854312, 29.7463984071978], [-95.3487008401393, 29.7460798560007], [-95.348388021883, 29.7458776758558]]}, "properties": {"centerlineid": 10139650, "roadclass": "LOCAL", "fullname": "LAMAR ST", "fromleft": 2901, "toleft": 2999, "fromright": 2900, "toright": 2998, "onewaydir": " "}}, {"type": "Feature", "geometry": {"type": "LineString", "coordinates": [[-95.3521722600873, 29.7379316122916], [-95.3518441402332, 29.7377314881155]]}, "properties": {"centerlineid": 10138756, "roadclass": "FRONTAGE", "fullname": "GULF FWY", "fromleft": 0, "toleft": 0, "fromright": 3200, "toright": 3210, "onewaydir": "TF"}}, {"type": "Feature", "geometry": {"type": "LineString", "coordinates": [[-95.3012154923197, 29.768706756727], [-95.3012079383805, 29.768018170366]]}, "properties": {"centerlineid": 10142496, "roadclass": "MAJOR", "fullname": "LATHROP ST", "fromleft": 1113, "toleft": 1131, "fromright": 1112, "toright": 1130, "onewaydir": " "}}, {"type": "Feature", "geometry": {"type": "LineString", "coordinates": [[-95.3511575686132, 29.7519621358162], [-95.3517373572689, 29.7512201010281]]}, "properties": {"centerlineid": 10140021, "roadclass": "MAJOR", "fullname": "EMANCIPATION AVE", "fromleft": 701, "toleft": 799, "fromright": 700, "toright": 798, "onewaydir": " "}}, {"type": "Feature", "geometry": {"type": "LineString", "coordinates": [[-95.3389581240239, 29.7513727514127], [-95.3383783307749, 29.7521033829603]]}, "properties": {"centerlineid": 10141362, "roadclass": "MAJOR", "fullname": "N SAMPSON ST", "fromleft": 1, "toleft": 99, "fromright": 2, "toright": 98, "onewaydir": "FT"}}, {"type": "Feature", "geometry": {"type": "LineString", "coordinates": [[-95.3012460525291, 29.7607474259693], [-95.3012688768147, 29.7585519669049]]}, "properties": {"centerlineid": 10142396, "roadclass": "MAJOR", "fullname": "LATHROP ST", "fromleft": 1501, "toleft": 1599, "fromright": 1500, "toright": 1598, "onewaydir": " "}}, {"type": "Feature", "geometry": {"type": "LineString", "coordinates": [[-95.3412697484158, 29.7590651251096], [-95.3403008906881, 29.7584910567106], [-95.340247499251, 29.7584680148546]]}, "properties": {"centerlineid": 10140956, "roadclass": "LOCAL", "fullname": "FOX ST", "fromleft": 2701, "toleft": 2799, "fromright": 2700, "toright": 2798, "onewaydir": " "}}, {"type": "Feature", "geometry": {"type": "LineString", "coordinates": [[-95.3222116725975, 29.7484792960594], [-95.3214714642838, 29.7482447588428]]}, "properties": {"centerlineid": 10141982, "roadclass": "LOCAL", "fullname": "AVENUE I", "fromleft": 5101, "toleft": 5199, "fromright": 5100, "toright": 5198, "onewaydir": " "}}, {"type": "Feature", "geometry": {"type": "LineString", "coordinates": [[-95.3339456468404, 29.7357192585312], [-95.3342737381977, 29.7349160749665]]}, "properties": {"centerlineid": 10139142, "roadclass": "MAJOR", "fullname": "ERNESTINE ST", "fromleft": 1601, "toleft": 1699, "fromright": 1600, "toright": 1698, "onewaydir": "FT"}}, {"type": "Feature", "geometry": {"type": "LineString", "coordinates": [[-95.3295663026955, 29.753310613249], [-95.3291303619856, 29.7538248139113]]}, "properties": {"centerlineid": 10141652, "roadclass": "LOCAL", "fullname": "N ESTELLE ST", "fromleft": 501, "toleft": 599, "fromright": 500, "toright": 598, "onewaydir": " "}}, {"type": "Feature", "geometry": {"type": "LineString", "coordinates": [[-95.3416131439279, 29.7496103687929], [-95.3407738889215, 29.7490800778359]]}, "properties": {"centerlineid": 10141419, "roadclass": "LOCAL", "fullname": "PRESTON ST", "fromleft": 3301, "toleft": 3399, "fromright": 3300, "toright": 3398, "onewaydir": " "}}, {"type": "Feature", "geometry": {"type": "LineString", "coordinates": [[-95.3221810891061, 29.7427649804011], [-95.3225244616074, 29.7419122819306]]}, "properties": {"centerlineid": 10141901, "roadclass": "LOCAL", "fullname": "LENOX ST", "fromleft": 301, "toleft": 399, "fromright": 300, "toright": 398, "onewaydir": " "}}, {"type": "Feature", "geometry": {"type": "LineString", "coordinates": [[-95.3310006250109, 29.7559524003248], [-95.3306421362698, 29.7564197186868], [-95.3305962976868, 29.7564920551522]]}, "properties": {"centerlineid": 10140886, "roadclass": "LOCAL", "fullname": "N MILBY ST", "fromleft": 601, "toleft": 699, "fromright": 600, "toright": 698, "onewaydir": " "}}, {"type": "Feature", "geometry": {"type": "LineString", "coordinates": [[-95.3375619551972, 29.7686971923215], [-95.3371957268822, 29.7687010932313], [-95.3365928794529, 29.7687373656192]]}, "properties": {"centerlineid": 10140893, "roadclass": "LOCAL", "fullname": "NANCE ST", "fromleft": 3201, "toleft": 3299, "fromright": 3200, "toright": 3298, "onewaydir": "FT"}}, {"type": "Feature", "geometry": {"type": "LineString", "coordinates": [[-95.3096612673572, 29.7445043511785], [-95.3095848345726, 29.7446131472979], [-95.3089135660707, 29.7456011761726]]}, "properties": {"centerlineid": 10141930, "roadclass": "LOCAL", "fullname": "MACK RD", "fromleft": 1001, "toleft": 1099, "fromright": 1000, "toright": 1098, "onewaydir": " "}}, {"type": "Feature", "geometry": {"type": "LineString", "coordinates": [[-95.3125298419214, 29.7673831365536], [-95.3118051941377, 29.7673888713902], [-95.3115457472947, 29.7673888481817]]}, "properties": {"centerlineid": 10142210, "roadclass": "LOCAL", "fullname": "LARIMER ST", "fromleft": 5801, "toleft": 5899, "fromright": 5800, "toright": 5898, "onewaydir": " "}}, {"type": "Feature", "geometry": {"type": "LineString", "coordinates": [[-95.337546629786, 29.7476115638937], [-95.3370049867242, 29.747441804793], [-95.3360130947601, 29.7471269215442]]}, "properties": {"centerlineid": 10141199, "roadclass": "LOCAL", "fullname": "GARROW ST", "fromleft": 3801, "toleft": 3999, "fromright": 3800, "toright": 3998, "onewaydir": " "}}, {"type": "Feature", "geometry": {"type": "LineString", "coordinates": [[-95.3473421044776, 29.7351728824645], [-95.3474955186415, 29.7352603512671], [-95.3477371328794, 29.7353812855089], [-95.347954327522, 29.7354899944386], [-95.34809292332, 29.7355518471329], [-95.3482767145722, 29.7356160882821], [-95.348413015203, 29.7356415769345], [-95.3484216508893, 29.7356431235082], [-95.3484303158376, 29.7356445388585], [-95.3484390087966, 29.7356458218229], [-95.3484477258508, 29.7356469734229], [-95.3484564632059, 29.7356479912984], [-95.3484652207813, 29.7356488777041], [-95.3484739947825, 29.7356496302795], [-95.3484827812942, 29.7356502500465], [-95.3484915790651, 29.7356507358425], [-95.3485003855118, 29.7356510875971], [-95.3485091980105, 29.7356513063672], [-95.3485180140183, 29.7356513909551], [-95.3485268296601, 29.7356513412551], [-95.3485356423123, 29.7356511583241], [-95.348544450683, 29.7356508421269], [-95.3485532509378, 29.7356503914307], [-95.3485620417444, 29.7356498073274], [-95.3485708192279, 29.7356490897115], [-95.3485795808049, 29.7356482385126], [-95.3485883238517, 29.7356472547874], [-95.3485970470767, 29.7356461385009], [-95.3486057452727, 29.7356448906395], [-95.3486144184801, 29.7356435100758], [-95.3486230627835, 29.7356419978317], [-95.3486316755593, 29.7356403549639], [-95.348640252892, 29.735638582494], [-95.348648794822, 29.7356366792949], [-95.3486572974339, 29.7356346463882], [-95.348665758104, 29.7356324848307], [-95.348674174249, 29.7356301945522], [-95.3486825444964, 29.7356277777718], [-95.34869086372, 29.7356252332216], [-95.3486991317987, 29.7356225642834], [-95.3487073462298, 29.7356197686322], [-95.3487155030172, 29.7356168495443], [-95.3487235995777, 29.7356138069492], [-95.3487316345792, 29.735610641939], [-95.348739605398, 29.7356073555707], [-95.3487475094508, 29.7356039477738], [-95.3487553453248, 29.735600421895], [-95.3487631091854, 29.7355967767013], [-95.3487707983686, 29.7355930143771], [-95.3487784115826, 29.735589134887], [-95.3487859474148, 29.7355851415777], [-95.3487934019902, 29.7355810343435], [-95.3488007726851, 29.7355768142415], [-95.3488080594188, 29.7355724835262], [-95.3488152583163, 29.7355680420918], [-95.3488223667136, 29.7355634921228], [-95.3488293845704, 29.7355588347462], [-95.3488363079309, 29.7355540721111], [-95.3488431355035, 29.7355492041824], [-95.3488498645838, 29.7355442342714], [-95.3488564938802, 29.7355391623429], [-95.3488630207287, 29.7355339905812], [-95.3488694437569, 29.7355287212055], [-95.3488757603815, 29.7355233541456], [-95.3488819704815, 29.7355178927832], [-95.3488880688902, 29.7355123369776], [-95.3488940567784, 29.7355066901457], [-95.3488999302306, 29.7355009533094], [-95.3489056892064, 29.7354951275959], [-95.3489113310421, 29.7354892151893], [-95.3489168543248, 29.7354832194364], [-95.3489222578033, 29.7354771391746], [-95.3489275387328, 29.7354709788427], [-95.3489326958218, 29.7354647384055], [-95.3489377276575, 29.7354584212096], [-95.3489426329081, 29.7354520283472], [-95.3489474102011, 29.7354455620376], [-95.3489520569129, 29.7354390233376], [-95.3489565728822, 29.7354324167565], [-95.3489609568576, 29.7354257411318], [-95.3489652073863, 29.7354190009374], [-95.3489693231765, 29.735412196138], [-95.3489733014836, 29.7354053311725], [-95.3489771435992, 29.735398406076], [-95.3489808468191, 29.7353914241601], [-95.3489844098113, 29.7353843865166], [-95.3489878324548, 29.7353772965277], [-95.3489911121663, 29.7353701541228], [-95.3489942500357, 29.7353629649736], [-95.3489972435203, 29.7353557278823], [-95.3490000924586, 29.7353484473582], [-95.3490027968506, 29.7353411234012], [-95.3490053539517, 29.7353337604501], [-95.3490077637216, 29.7353263596321], [-95.3490100260797, 29.7353189232018], [-95.3490121396134, 29.7353114545059], [-95.3490141030309, 29.7353039535091], [-95.3490159174626, 29.7352964247559], [-95.3490175815767, 29.7352888693382], [-95.3490190952923, 29.7352812895108], [-95.3490204572374, 29.7352736874928], [-95.3490216672907, 29.7352660666661], [-95.3490227254122, 29.7352584281582], [-95.349023630189, 29.7352507753155], [-95.3490243841643, 29.7352431093359], [-95.3490249833421, 29.7352354334954], [-95.3490254302251, 29.7352277501191], [-95.3490257234812, 29.7352200602991], [-95.3490258642813, 29.7352123674525], [-95.3490258512529, 29.7352046737985], [-95.3490256843559, 29.7351969804644], [-95.3490253647205, 29.7351892919948], [-95.3490248923065, 29.7351816095165], [-95.3490242657415, 29.7351739352493], [-95.3490234875282, 29.735166271518], [-95.3490225550027, 29.7351586205068], [-95.3490214719593, 29.7351509845757], [-95.3490202356937, 29.7351433670362], [-95.3490188474573, 29.735135769051], [-95.3490173084611, 29.7351281929096], [-95.3490156185841, 29.7351206419939], [-95.3490137790776, 29.7351131174665], [-95.3490117885292, 29.7351056226739], [-95.3490096494816, 29.7350981588139], [-95.349007363146, 29.735090728176], [-95.3490049281097, 29.7350833341072], [-95.3490023456241, 29.7350759777697], [-95.3489996169002, 29.7350686614534], [-95.3489967431489, 29.735061387448], [-95.3489937242495, 29.7350541591354], [-95.348990562785, 29.7350469765858], [-95.3489872585943, 29.7350398443085], [-95.3489838116774, 29.7350327623035], [-95.3489802244965, 29.735025734023], [-95.3489764982628, 29.7350187617568], [-95.3489726329358, 29.735011846632], [-95.3489686310183, 29.7350049909737], [-95.3489644923892, 29.7349981981637], [-95.3489602196319, 29.7349914682724], [-95.3489558126254, 29.7349848046816], [-95.3489512739127, 29.7349782085891], [-95.3489466033727, 29.7349716833765], [-95.3489418048806, 29.7349652291496], [-95.3489368783152, 29.7349588492902], [-95.348931824928, 29.7349525449607], [-95.3489266459298, 29.7349463184509], [-95.3489213451553, 29.7349401709936], [-95.3489159212324, 29.7349341048083], [-95.3489103779148, 29.7349281233823], [-95.3489047152428, 29.7349222255884], [-95.3488989369706, 29.7349164149139], [-95.3488930430175, 29.7349106936135], [-95.3488870372583, 29.7349050617928], [-95.3488809182804, 29.7348995227984], [-95.3488746912504, 29.7348940767709], [-95.3488251259206, 29.7348514824014], [-95.3487331954928, 29.7347897457833], [-95.3486066828806, 29.7347156021361], [-95.3484457209294, 29.7346252342813], [-95.3482781874788, 29.7345329132704], [-95.3478616226285, 29.7343380959073]]}, "properties": {"centerlineid": 10139006, "roadclass": "RAMP", "fullname": "SCOTT PIERCE RAMP", "fromleft": 0, "toleft": 0, "fromright": 0, "toright": 0, "onewaydir": "FT"}}, {"type": "Feature", "geometry": {"type": "LineString", "coordinates": [[-95.334578785516, 29.7341532869898], [-95.334685566449, 29.7338767731215], [-95.3348763398407, 29.7334016910964]]}, "properties": {"centerlineid": 10139371, "roadclass": "MAJOR", "fullname": "ERNESTINE ST", "fromleft": 1801, "toleft": 1899, "fromright": 1800, "toright": 1898, "onewaydir": "FT"}}, {"type": "Feature", "geometry": {"type": "LineString", "coordinates": [[-95.3448556794733, 29.7586473409981], [-95.3442375897112, 29.7582925272284]]}, "properties": {"centerlineid": 10140522, "roadclass": "MAJOR", "fullname": "NAVIGATION BLVD", "fromleft": 2413, "toleft": 2499, "fromright": 2412, "toright": 2498, "onewaydir": " "}}, {"type": "Feature", "geometry": {"type": "LineString", "coordinates": [[-95.3418314841688, 29.7634432224266], [-95.3418310614324, 29.7634486631888], [-95.3418293502375, 29.7634898471344], [-95.3418229852582, 29.7635306822457], [-95.3418120287332, 29.7635707691897], [-95.3417965878027, 29.7636097159492], [-95.3417768134616, 29.7636471416568], [-95.3417528990823, 29.7636826803193], [-95.3417250785242, 29.7637159843968], [-95.3416936238468, 29.7637467282017], [-95.3416588426494, 29.7637746110835], [-95.3416210750628, 29.7637993603691], [-95.3415806904232, 29.7638207340294], [-95.3415380836605, 29.7638385230461], [-95.3414936714359, 29.763852553456], [-95.3414478880674, 29.7638626880521], [-95.341401181282, 29.7638688277257], [-95.3413540078375, 29.7638709124352], [-95.3392304921273, 29.7639024313644]]}, "properties": {"centerlineid": 10234219, "roadclass": "LOCAL", "fullname": "BARBARA JORDAN AVE", "fromleft": 2801, "toleft": 2999, "fromright": 2800, "toright": 2998, "onewaydir": null}}, {"type": "Feature", "geometry": {"type": "LineString", "coordinates": [[-95.301787733529, 29.7477753918955], [-95.2998040167683, 29.7471536504148]]}, "properties": {"centerlineid": 10142751, "roadclass": "LOCAL", "fullname": "AVENUE Q", "fromleft": 6801, "toleft": 6899, "fromright": 6800, "toright": 6898, "onewaydir": " "}}, {"type": "Feature", "geometry": {"type": "LineString", "coordinates": [[-95.3293105052853, 29.7391928123292], [-95.3290595093449, 29.7390761868611], [-95.3287961713932, 29.7389184123617], [-95.3283335468824, 29.7386445993311], [-95.3276380287596, 29.7382049460257]]}, "properties": {"centerlineid": 10139389, "roadclass": "LOCAL", "fullname": "PARK DR", "fromleft": 4701, "toleft": 4799, "fromright": 0, "toright": 0, "onewaydir": "TF"}}, {"type": "Feature", "geometry": {"type": "LineString", "coordinates": [[-95.3269259806687, 29.7480321497637], [-95.3260415064324, 29.7491355213451]]}, "properties": {"centerlineid": 10141449, "roadclass": "LOCAL", "fullname": "N MAPLEWOOD ST", "fromleft": 101, "toleft": 199, "fromright": 100, "toright": 198, "onewaydir": " "}}, {"type": "Feature", "geometry": {"type": "LineString", "coordinates": [[-95.3336937205913, 29.7456392695874], [-95.3329156491612, 29.7454065036205]]}, "properties": {"centerlineid": 10141551, "roadclass": "LOCAL", "fullname": "WILMER ST", "fromleft": 4201, "toleft": 4299, "fromright": 4200, "toright": 4298, "onewaydir": " "}}, {"type": "Feature", "geometry": {"type": "LineString", "coordinates": [[-95.3272163964653, 29.7675202946838], [-95.3265526349753, 29.767520288966]]}, "properties": {"centerlineid": 10140780, "roadclass": "LOCAL", "fullname": "GILLESPIE ST", "fromleft": 4301, "toleft": 4399, "fromright": 4300, "toright": 4398, "onewaydir": " "}}, {"type": "Feature", "geometry": {"type": "LineString", "coordinates": [[-95.3446571469006, 29.7548516913864], [-95.3441004428333, 29.7545235768865], [-95.3439934225394, 29.7544587867496]]}, "properties": {"centerlineid": 10139709, "roadclass": "LOCAL", "fullname": "COMMERCE ST", "fromleft": 2701, "toleft": 2799, "fromright": 2700, "toright": 2798, "onewaydir": " "}}, {"type": "Feature", "geometry": {"type": "LineString", "coordinates": [[-95.324729286207, 29.7550595867304], [-95.3246038179139, 29.7550203268486], [-95.3240502711829, 29.754846002274]]}, "properties": {"centerlineid": 10141856, "roadclass": "LOCAL", "fullname": "IRA ST", "fromleft": 4511, "toleft": 4519, "fromright": 4510, "toright": 4518, "onewaydir": " "}}, {"type": "Feature", "geometry": {"type": "LineString", "coordinates": [[-95.3504860400027, 29.7362264796798], [-95.35073798216, 29.7355741345176]]}, "properties": {"centerlineid": 10138850, "roadclass": "LOCAL", "fullname": "SAMPSON ST", "fromleft": 2201, "toleft": 2299, "fromright": 2200, "toright": 2298, "onewaydir": " "}}, {"type": "Feature", "geometry": {"type": "LineString", "coordinates": [[-95.3288491784331, 29.7530568857409], [-95.3280939190919, 29.7526067344335]]}, "properties": {"centerlineid": 10141581, "roadclass": "MAJOR", "fullname": "NAVIGATION BLVD", "fromleft": 4301, "toleft": 4399, "fromright": 4300, "toright": 4398, "onewaydir": " "}}, {"type": "Feature", "geometry": {"type": "LineString", "coordinates": [[-95.3506845462695, 29.7461620007494], [-95.3498222951032, 29.7456527247975]]}, "properties": {"centerlineid": 10139753, "roadclass": "LOCAL", "fullname": "DALLAS ST", "fromleft": 2801, "toleft": 2899, "fromright": 2800, "toright": 2898, "onewaydir": " "}}]}