{"type": "FeatureCollection", "features": [{"type": "Feature", "geometry": {"type": "LineString", "coordinates": [[-95.3879389303306, 29.7970843230822], [-95.3879617129404, 29.7978263232793]]}, "properties": {"centerlineid": 10086333, "roadclass": "MAJOR", "fullname": "STUDEWOOD ST", "fromleft": 1401, "toleft": 1419, "fromright": 1400, "toright": 1418, "onewaydir": " "}}, {"type": "Feature", "geometry": {"type": "LineString", "coordinates": [[-95.3879617129404, 29.7978263232793], [-95.3879770365613, 29.7984823441147]]}, "properties": {"centerlineid": 10086334, "roadclass": "MAJOR", "fullname": "STUDEWOOD ST", "fromleft": 1421, "toleft": 1499, "fromright": 1420, "toright": 1498, "onewaydir": " "}}, {"type": "Feature", "geometry": {"type": "LineString", "coordinates": [[-95.3890297937775, 29.8067868769983], [-95.3892358718122, 29.8073402078716]]}, "properties": {"centerlineid": 10086341, "roadclass": "MAJOR", "fullname": "N MAIN ST", "fromleft": 6201, "toleft": 6299, "fromright": 6200, "toright": 6298, "onewaydir": " "}}, {"type": "Feature", "geometry": {"type": "LineString", "coordinates": [[-95.3861306279922, 29.7964052814781], [-95.3877136878163, 29.7963801751999], [-95.3879311403142, 29.7963767317828]]}, "properties": {"centerlineid": 10086351, "roadclass": "LOCAL", "fullname": "E 14TH ST", "fromleft": 1101, "toleft": 1199, "fromright": 1100, "toright": 1198, "onewaydir": " "}}, {"type": "Feature", "geometry": {"type": "LineString", "coordinates": [[-95.3978723881398, 29.7999129773078], [-95.3986657440439, 29.7998976856909], [-95.3991693467133, 29.7998880945974]]}, "properties": {"centerlineid": 10086362, "roadclass": "LOCAL", "fullname": "W 16TH ST", "fromleft": 101, "toleft": 199, "fromright": 100, "toright": 198, "onewaydir": " "}}, {"type": "Feature", "geometry": {"type": "LineString", "coordinates": [[-95.3885948994955, 29.8055739147532], [-95.3887475847882, 29.806027750555]]}, "properties": {"centerlineid": 10086413, "roadclass": "MAJOR", "fullname": "N MAIN ST", "fromleft": 6011, "toleft": 6099, "fromright": 6010, "toright": 6098, "onewaydir": " "}}, {"type": "Feature", "geometry": {"type": "LineString", "coordinates": [[-95.3979105062065, 29.801944128925], [-95.3987038456707, 29.80192520747], [-95.3991921614532, 29.801913810713]]}, "properties": {"centerlineid": 10086442, "roadclass": "LOCAL", "fullname": "W 18TH ST", "fromleft": 101, "toleft": 199, "fromright": 100, "toright": 198, "onewaydir": " "}}, {"type": "Feature", "geometry": {"type": "LineString", "coordinates": [[-95.4082254920191, 29.8132146946635], [-95.4082330325982, 29.8137773741733], [-95.4081871218299, 29.813951045551]]}, "properties": {"centerlineid": 10084217, "roadclass": "LOCAL", "fullname": "LAWRENCE ST", "fromleft": 2901, "toleft": 2999, "fromright": 2900, "toright": 2998, "onewaydir": " "}}, {"type": "Feature", "geometry": {"type": "LineString", "coordinates": [[-95.3991921614532, 29.801913810713], [-95.3991999169624, 29.8029341763833]]}, "properties": {"centerlineid": 10086528, "roadclass": "MAJOR", "fullname": "YALE ST", "fromleft": 1801, "toleft": 1899, "fromright": 1800, "toright": 1898, "onewaydir": " "}}, {"type": "Feature", "geometry": {"type": "LineString", "coordinates": [[-95.3880303933391, 29.8018679270876], [-95.3880457167185, 29.8021445098057]]}, "properties": {"centerlineid": 10086535, "roadclass": "MAJOR", "fullname": "STUDEWOOD ST", "fromleft": 1731, "toleft": 1799, "fromright": 1730, "toright": 1798, "onewaydir": " "}}, {"type": "Feature", "geometry": {"type": "LineString", "coordinates": [[-95.3942102061498, 29.7907479763623], [-95.3942483521325, 29.7926057687179]]}, "properties": {"centerlineid": 10086550, "roadclass": "LOCAL", "fullname": "ARLINGTON ST", "fromleft": 1101, "toleft": 1199, "fromright": 1100, "toright": 1198, "onewaydir": " "}}, {"type": "Feature", "geometry": {"type": "LineString", "coordinates": [[-95.3990166643016, 29.7925160695125], [-95.4001230896118, 29.7925046688011]]}, "properties": {"centerlineid": 10086560, "roadclass": "LOCAL", "fullname": "W 12TH ST", "fromleft": 201, "toleft": 299, "fromright": 200, "toright": 298, "onewaydir": " "}}, {"type": "Feature", "geometry": {"type": "LineString", "coordinates": [[-95.3922723803577, 29.8040688976828], [-95.392295202446, 29.8050685049336]]}, "properties": {"centerlineid": 10086563, "roadclass": "LOCAL", "fullname": "OXFORD ST", "fromleft": 2001, "toleft": 2099, "fromright": 2000, "toright": 2098, "onewaydir": " "}}, {"type": "Feature", "geometry": {"type": "LineString", "coordinates": [[-95.406035693529, 29.8120035681489], [-95.4061958987675, 29.8120074429995], [-95.4081871650976, 29.8119693546946]]}, "properties": {"centerlineid": 10084288, "roadclass": "LOCAL", "fullname": "W 28TH ST", "fromleft": 501, "toleft": 599, "fromright": 500, "toright": 598, "onewaydir": " "}}, {"type": "Feature", "geometry": {"type": "LineString", "coordinates": [[-95.4015306230262, 29.8079969188845], [-95.4015343187948, 29.8085111649355]]}, "properties": {"centerlineid": 10084356, "roadclass": "LOCAL", "fullname": "RUTLAND ST", "fromleft": 2401, "toleft": 2409, "fromright": 2400, "toright": 2408, "onewaydir": " "}}, {"type": "Feature", "geometry": {"type": "LineString", "coordinates": [[-95.4015277056154, 29.8074952994811], [-95.4015306230262, 29.8079969188845]]}, "properties": {"centerlineid": 10084357, "roadclass": "LOCAL", "fullname": "RUTLAND ST", "fromleft": 2311, "toleft": 2399, "fromright": 2310, "toright": 2398, "onewaydir": " "}}, {"type": "Feature", "geometry": {"type": "LineString", "coordinates": [[-95.3903116747544, 29.8068213519112], [-95.3903192023527, 29.807322865965]]}, "properties": {"centerlineid": 10086625, "roadclass": "LOCAL", "fullname": "SINGLETON ST", "fromleft": 2239, "toleft": 2299, "fromright": 2238, "toright": 2298, "onewaydir": " "}}, {"type": "Feature", "geometry": {"type": "LineString", "coordinates": [[-95.3964837514204, 29.7944064945953], [-95.3965295931018, 29.7962469081567]]}, "properties": {"centerlineid": 10086638, "roadclass": "LOCAL", "fullname": "HARVARD ST", "fromleft": 1301, "toleft": 1399, "fromright": 1300, "toright": 1398, "onewaydir": " "}}, {"type": "Feature", "geometry": {"type": "LineString", "coordinates": [[-95.3861840489951, 29.8060583090749], [-95.386222133283, 29.8060583123048], [-95.3879004803277, 29.8060509481129], [-95.3881066396213, 29.8060469062066]]}, "properties": {"centerlineid": 10086671, "roadclass": "LOCAL", "fullname": "ADELE ST", "fromleft": 1101, "toleft": 1199, "fromright": 1100, "toright": 1198, "onewaydir": " "}}, {"type": "Feature", "geometry": {"type": "LineString", "coordinates": [[-95.3953469710855, 29.7925829387205], [-95.3953545340314, 29.7928441945477], [-95.3953698146818, 29.7936701874424], [-95.3953850795275, 29.7944121674362]]}, "properties": {"centerlineid": 10086673, "roadclass": "LOCAL", "fullname": "CORTLANDT ST", "fromleft": 1201, "toleft": 1299, "fromright": 1200, "toright": 1298, "onewaydir": " "}}, {"type": "Feature", "geometry": {"type": "LineString", "coordinates": [[-95.3942483521325, 29.7926057687179], [-95.3942711551631, 29.793639613239], [-95.3942864631497, 29.7944389046741]]}, "properties": {"centerlineid": 10086679, "roadclass": "LOCAL", "fullname": "ARLINGTON ST", "fromleft": 1201, "toleft": 1299, "fromright": 1200, "toright": 1298, "onewaydir": " "}}, {"type": "Feature", "geometry": {"type": "LineString", "coordinates": [[-95.3943628607467, 29.7981199719872], [-95.3942864455578, 29.798125685195], [-95.3932564906087, 29.7981295612961]]}, "properties": {"centerlineid": 10086694, "roadclass": "LOCAL", "fullname": "E 15TH ST", "fromleft": 401, "toleft": 499, "fromright": 400, "toright": 498, "onewaydir": " "}}, {"type": "Feature", "geometry": {"type": "LineString", "coordinates": [[-95.3888543289988, 29.8041282318647], [-95.3886132381972, 29.8041306906237], [-95.388420638657, 29.8041255019316], [-95.3882415744944, 29.8041092136346], [-95.3880379399879, 29.8040805147304]]}, "properties": {"centerlineid": 10086701, "roadclass": "MAJOR", "fullname": "E 20TH ST", "fromleft": 731, "toleft": 799, "fromright": 730, "toright": 798, "onewaydir": " "}}, {"type": "Feature", "geometry": {"type": "LineString", "coordinates": [[-95.3942483521325, 29.7926057687179], [-95.3931421799041, 29.7926114522127]]}, "properties": {"centerlineid": 10086719, "roadclass": "LOCAL", "fullname": "E 12TH ST", "fromleft": 401, "toleft": 499, "fromright": 400, "toright": 498, "onewaydir": " "}}, {"type": "Feature", "geometry": {"type": "LineString", "coordinates": [[-95.3954231893431, 29.7962640489956], [-95.3943245657069, 29.7962813911219]]}, "properties": {"centerlineid": 10086757, "roadclass": "LOCAL", "fullname": "E 14TH ST", "fromleft": 301, "toleft": 399, "fromright": 300, "toright": 398, "onewaydir": " "}}, {"type": "Feature", "geometry": {"type": "LineString", "coordinates": [[-95.4015954856547, 29.8120722502793], [-95.4016107670354, 29.8126367650392]]}, "properties": {"centerlineid": 10084425, "roadclass": "LOCAL", "fullname": "RUTLAND ST", "fromleft": 2801, "toleft": 2899, "fromright": 2800, "toright": 2898, "onewaydir": " "}}, {"type": "Feature", "geometry": {"type": "LineString", "coordinates": [[-95.4116129236959, 29.8131556214161], [-95.4122633738622, 29.8131554003134]]}, "properties": {"centerlineid": 10084436, "roadclass": "FRONTAGE", "fullname": "N LOOP FWY W", "fromleft": 0, "toleft": 0, "fromright": 716, "toright": 718, "onewaydir": " "}}, {"type": "Feature", "geometry": {"type": "LineString", "coordinates": [[-95.4056391324324, 29.8132434825782], [-95.4082254920191, 29.8132146946635]]}, "properties": {"centerlineid": 10084450, "roadclass": "FRONTAGE", "fullname": "N LOOP FWY W", "fromleft": 0, "toleft": 0, "fromright": 430, "toright": 598, "onewaydir": "FT"}}, {"type": "Feature", "geometry": {"type": "LineString", "coordinates": [[-95.422492375975, 29.8097396362151], [-95.4225230824619, 29.810947178976]]}, "properties": {"centerlineid": 10084481, "roadclass": "LOCAL", "fullname": "BEVIS ST", "fromleft": 2601, "toleft": 2699, "fromright": 2600, "toright": 2698, "onewaydir": " "}}, {"type": "Feature", "geometry": {"type": "LineString", "coordinates": [[-95.4102854389997, 29.8109220462675], [-95.4114602681384, 29.8109049346726], [-95.412398736079, 29.8108896288796]]}, "properties": {"centerlineid": 10084509, "roadclass": "LOCAL", "fullname": "W 27TH ST", "fromleft": 701, "toleft": 799, "fromright": 700, "toright": 798, "onewaydir": " "}}, {"type": "Feature", "geometry": {"type": "LineString", "coordinates": [[-95.3934166602848, 29.8072808709567], [-95.3923257365122, 29.8072943111098]]}, "properties": {"centerlineid": 10086785, "roadclass": "LOCAL", "fullname": "E 23RD ST", "fromleft": 501, "toleft": 599, "fromright": 500, "toright": 598, "onewaydir": " "}}, {"type": "Feature", "geometry": {"type": "LineString", "coordinates": [[-95.3994110708097, 29.8131076610114], [-95.4010279476218, 29.8130814406212], [-95.4067300464699, 29.8130488429532]]}, "properties": {"centerlineid": 10084558, "roadclass": "FREEWAY", "fullname": "N IH 610 LOOP W", "fromleft": 0, "toleft": 0, "fromright": 264, "toright": 498, "onewaydir": "FT"}}, {"type": "Feature", "geometry": {"type": "LineString", "coordinates": [[-95.4081871513104, 29.8127798102674], [-95.4101846002464, 29.8127599831802], [-95.4103235347968, 29.8127586528157], [-95.4118790697337, 29.8127438383412], [-95.4120130368372, 29.812742585408], [-95.419013479957, 29.8126769185585]]}, "properties": {"centerlineid": 10084564, "roadclass": "FREEWAY", "fullname": "N IH 610 LOOP W", "fromleft": 601, "toleft": 1099, "fromright": 0, "toright": 0, "onewaydir": "TF"}}, {"type": "Feature", "geometry": {"type": "LineString", "coordinates": [[-95.3970101545975, 29.8130200958315], [-95.3971315132715, 29.8129946928508], [-95.3972263904024, 29.8129768711057], [-95.3973221202344, 29.8129629423206], [-95.3974184928461, 29.8129529370395], [-95.3975152969069, 29.8129468772023], [-95.3977656004181, 29.8129363369378], [-95.3994056960811, 29.8129057829188], [-95.3994087466836, 29.8129057204202]]}, "properties": {"centerlineid": 10084567, "roadclass": "FREEWAY", "fullname": "N IH 610 LOOP", "fromleft": 0, "toleft": 0, "fromright": 100, "toright": 210, "onewaydir": "TF"}}, {"type": "Feature", "geometry": {"type": "LineString", "coordinates": [[-95.3993294747822, 29.8083624203411], [-95.3993372401134, 29.8085609282533]]}, "properties": {"centerlineid": 10084678, "roadclass": "MAJOR", "fullname": "YALE ST", "fromleft": 2417, "toleft": 2419, "fromright": 2416, "toright": 2418, "onewaydir": " "}}, {"type": "Feature", "geometry": {"type": "LineString", "coordinates": [[-95.3924172739885, 29.8114427101966], [-95.3924325324341, 29.8121391019361], [-95.392432520982, 29.8122705558287]]}, "properties": {"centerlineid": 10084702, "roadclass": "LOCAL", "fullname": "OXFORD ST", "fromleft": 2701, "toleft": 2799, "fromright": 2700, "toright": 2798, "onewaydir": " "}}, {"type": "Feature", "geometry": {"type": "LineString", "coordinates": [[-95.394515289645, 29.8072637657267], [-95.394556996882, 29.8081000468424]]}, "properties": {"centerlineid": 10084771, "roadclass": "LOCAL", "fullname": "ARLINGTON ST", "fromleft": 2301, "toleft": 2399, "fromright": 2300, "toright": 2398, "onewaydir": " "}}, {"type": "Feature", "geometry": {"type": "LineString", "coordinates": [[-95.3923791609161, 29.8097852730803], [-95.3923944619057, 29.8106130765857]]}, "properties": {"centerlineid": 10084783, "roadclass": "LOCAL", "fullname": "OXFORD ST", "fromleft": 2601, "toleft": 2615, "fromright": 2600, "toright": 2614, "onewaydir": " "}}, {"type": "Feature", "geometry": {"type": "LineString", "coordinates": [[-95.3912423889956, 29.8081470161948], [-95.3912576594858, 29.8089784484198]]}, "properties": {"centerlineid": 10084809, "roadclass": "LOCAL", "fullname": "GOSTICK ST", "fromleft": 2401, "toleft": 2499, "fromright": 2400, "toright": 2498, "onewaydir": " "}}, {"type": "Feature", "geometry": {"type": "LineString", "coordinates": [[-95.39744502129, 29.8077025189273], [-95.397475579664, 29.8083834137274]]}, "properties": {"centerlineid": 10084820, "roadclass": "LOCAL", "fullname": "HARVARD ST", "fromleft": 2401, "toleft": 2419, "fromright": 2400, "toright": 2418, "onewaydir": " "}}, {"type": "Feature", "geometry": {"type": "LineString", "coordinates": [[-95.3974909054182, 29.8090758989642], [-95.3975061620839, 29.8097204705298]]}, "properties": {"centerlineid": 10084837, "roadclass": "LOCAL", "fullname": "HARVARD ST", "fromleft": 2501, "toleft": 2599, "fromright": 2500, "toright": 2598, "onewaydir": " "}}, {"type": "Feature", "geometry": {"type": "LineString", "coordinates": [[-95.3935387351376, 29.8122516155868], [-95.393538708496, 29.8130908206449]]}, "properties": {"centerlineid": 10084858, "roadclass": "LOCAL", "fullname": "COLUMBIA ST", "fromleft": 2801, "toleft": 2899, "fromright": 2800, "toright": 2898, "onewaydir": " "}}, {"type": "Feature", "geometry": {"type": "LineString", "coordinates": [[-95.39744502129, 29.8077025189273], [-95.3959648493884, 29.8077273931101]]}, "properties": {"centerlineid": 10084883, "roadclass": "LOCAL", "fullname": "E 24TH ST", "fromleft": 201, "toleft": 299, "fromright": 200, "toright": 298, "onewaydir": " "}}, {"type": "Feature", "geometry": {"type": "LineString", "coordinates": [[-95.3891977626307, 29.8098290812473], [-95.3877404175206, 29.8098501057357], [-95.3871530935177, 29.8098500952793]]}, "properties": {"centerlineid": 10084898, "roadclass": "LOCAL", "fullname": "AURORA ST", "fromleft": 805, "toleft": 899, "fromright": 804, "toright": 898, "onewaydir": " "}}, {"type": "Feature", "geometry": {"type": "LineString", "coordinates": [[-95.3901512937971, 29.8098176859456], [-95.3899773881491, 29.8098197483933], [-95.3891977626307, 29.8098290812473]]}, "properties": {"centerlineid": 10084910, "roadclass": "LOCAL", "fullname": "AURORA ST", "fromleft": 717, "toleft": 803, "fromright": 716, "toright": 802, "onewaydir": " "}}, {"type": "Feature", "geometry": {"type": "LineString", "coordinates": [[-95.3924172739885, 29.8114427101966], [-95.3907388003925, 29.8114714939376]]}, "properties": {"centerlineid": 10084950, "roadclass": "LOCAL", "fullname": "E 27TH ST", "fromleft": 601, "toleft": 699, "fromright": 600, "toright": 698, "onewaydir": " "}}, {"type": "Feature", "geometry": {"type": "LineString", "coordinates": [[-95.4223091526236, 29.8006739238306], [-95.4223091798969, 29.800752164632], [-95.4223091971606, 29.8015284320865], [-95.4223244626674, 29.8016847148199]]}, "properties": {"centerlineid": 10082771, "roadclass": "LOCAL", "fullname": "BEVIS ST", "fromleft": 1701, "toleft": 1799, "fromright": 1700, "toright": 1798, "onewaydir": " "}}, {"type": "Feature", "geometry": {"type": "LineString", "coordinates": [[-95.4224236895826, 29.8066974519003], [-95.4239419601893, 29.806687862576], [-95.425818671904, 29.8066764157077]]}, "properties": {"centerlineid": 10082799, "roadclass": "LOCAL", "fullname": "W 23RD ST", "fromleft": 1301, "toleft": 1499, "fromright": 1300, "toright": 1498, "onewaydir": " "}}, {"type": "Feature", "geometry": {"type": "LineString", "coordinates": [[-95.4179729518536, 29.7996692471811], [-95.4222710107593, 29.7996450858244]]}, "properties": {"centerlineid": 10082807, "roadclass": "LOCAL", "fullname": "W 16TH ST", "fromleft": 1101, "toleft": 1299, "fromright": 1100, "toright": 1298, "onewaydir": " "}}, {"type": "Feature", "geometry": {"type": "LineString", "coordinates": [[-95.4218514586902, 29.7926345054974], [-95.4226144524276, 29.7930997542793]]}, "properties": {"centerlineid": 10082815, "roadclass": "MAJOR", "fullname": "W T C JESTER BLVD", "fromleft": 1001, "toleft": 1099, "fromright": 1000, "toright": 1098, "onewaydir": " "}}, {"type": "Feature", "geometry": {"type": "LineString", "coordinates": [[-95.4223625858936, 29.804673524638], [-95.4223703364619, 29.8048129546627]]}, "properties": {"centerlineid": 10082835, "roadclass": "LOCAL", "fullname": "BEVIS ST", "fromleft": 2101, "toleft": 2103, "fromright": 2100, "toright": 2102, "onewaydir": " "}}, {"type": "Feature", "geometry": {"type": "LineString", "coordinates": [[-95.4179029941822, 29.7965176787345], [-95.4204758846094, 29.7964978336097]]}, "properties": {"centerlineid": 10082850, "roadclass": "LOCAL", "fullname": "W 14TH 1/2 ST", "fromleft": 2001, "toleft": 2099, "fromright": 2000, "toright": 2098, "onewaydir": " "}}, {"type": "Feature", "geometry": {"type": "LineString", "coordinates": [[-95.423850464487, 29.7955717807682], [-95.4262002083021, 29.79556420848]]}, "properties": {"centerlineid": 10082893, "roadclass": "LOCAL", "fullname": "CINDY LN", "fromleft": 6201, "toleft": 6299, "fromright": 6200, "toright": 6298, "onewaydir": " "}}, {"type": "Feature", "geometry": {"type": "LineString", "coordinates": [[-95.4140391429981, 29.7978358808316], [-95.4159238530719, 29.7978098999915]]}, "properties": {"centerlineid": 10082959, "roadclass": "LOCAL", "fullname": "W 15TH ST", "fromleft": 1801, "toleft": 1899, "fromright": 1800, "toright": 1898, "onewaydir": " "}}, {"type": "Feature", "geometry": {"type": "LineString", "coordinates": [[-95.4012520942685, 29.7943377875483], [-95.4012901751908, 29.796185988822]]}, "properties": {"centerlineid": 10082961, "roadclass": "LOCAL", "fullname": "RUTLAND ST", "fromleft": 1301, "toleft": 1399, "fromright": 1300, "toright": 1398, "onewaydir": " "}}, {"type": "Feature", "geometry": {"type": "LineString", "coordinates": [[-95.4036476508109, 29.8044026920631], [-95.4036629405314, 29.8049233897864]]}, "properties": {"centerlineid": 10082979, "roadclass": "LOCAL", "fullname": "ASHLAND ST", "fromleft": 2011, "toleft": 2099, "fromright": 2010, "toright": 2098, "onewaydir": " "}}, {"type": "Feature", "geometry": {"type": "LineString", "coordinates": [[-95.4034571534064, 29.7942919363095], [-95.4034874797104, 29.7961478815511]]}, "properties": {"centerlineid": 10082984, "roadclass": "LOCAL", "fullname": "ASHLAND ST", "fromleft": 1301, "toleft": 1399, "fromright": 1300, "toright": 1398, "onewaydir": " "}}, {"type": "Feature", "geometry": {"type": "LineString", "coordinates": [[-95.4034571534064, 29.7942919363095], [-95.4045404696179, 29.7942784817049]]}, "properties": {"centerlineid": 10082986, "roadclass": "LOCAL", "fullname": "W 13TH ST", "fromleft": 601, "toleft": 699, "fromright": 600, "toright": 698, "onewaydir": " "}}, {"type": "Feature", "geometry": {"type": "LineString", "coordinates": [[-95.408339769734, 29.7942004583481], [-95.408385660283, 29.7960561661316]]}, "properties": {"centerlineid": 10082994, "roadclass": "LOCAL", "fullname": "ALEXANDER ST", "fromleft": 1201, "toleft": 1399, "fromright": 1200, "toright": 1398, "onewaydir": " "}}, {"type": "Feature", "geometry": {"type": "LineString", "coordinates": [[-95.4180672063041, 29.8047137208385], [-95.4180977944863, 29.805730224752]]}, "properties": {"centerlineid": 10082998, "roadclass": "LOCAL", "fullname": "BEALL ST", "fromleft": 2101, "toleft": 2199, "fromright": 2100, "toright": 2198, "onewaydir": " "}}, {"type": "Feature", "geometry": {"type": "LineString", "coordinates": [[-95.4101555761464, 29.8038133232918], [-95.4101633206534, 29.8048204727849]]}, "properties": {"centerlineid": 10083000, "roadclass": "MAJOR", "fullname": "N SHEPHERD DR", "fromleft": 2001, "toleft": 2099, "fromright": 2000, "toright": 2098, "onewaydir": "TF"}}, {"type": "Feature", "geometry": {"type": "LineString", "coordinates": [[-95.4001230896118, 29.7925046688011], [-95.4001381245034, 29.7937979595326], [-95.4001458829418, 29.7943471570269]]}, "properties": {"centerlineid": 10083022, "roadclass": "LOCAL", "fullname": "ALLSTON ST", "fromleft": 1201, "toleft": 1299, "fromright": 1200, "toright": 1298, "onewaydir": " "}}, {"type": "Feature", "geometry": {"type": "LineString", "coordinates": [[-95.4013741607708, 29.8008742401311], [-95.4013741630424, 29.80107821544], [-95.4013894276058, 29.8018985260635]]}, "properties": {"centerlineid": 10083023, "roadclass": "LOCAL", "fullname": "RUTLAND ST", "fromleft": 1701, "toleft": 1799, "fromright": 1700, "toright": 1798, "onewaydir": " "}}, {"type": "Feature", "geometry": {"type": "LineString", "coordinates": [[-95.405684775952, 29.7979559378742], [-95.4057229106285, 29.7997489197205], [-95.4057306537938, 29.7998136922557]]}, "properties": {"centerlineid": 10083041, "roadclass": "LOCAL", "fullname": "NICHOLSON ST", "fromleft": 1501, "toleft": 1599, "fromright": 1500, "toright": 1598, "onewaydir": " "}}, {"type": "Feature", "geometry": {"type": "LineString", "coordinates": [[-95.4080575181125, 29.8048510519179], [-95.4085839277683, 29.8048396641716], [-95.4101633206534, 29.8048204727849]]}, "properties": {"centerlineid": 10083050, "roadclass": "LOCAL", "fullname": "W 21ST ST", "fromleft": 601, "toleft": 699, "fromright": 600, "toright": 698, "onewaydir": " "}}, {"type": "Feature", "geometry": {"type": "LineString", "coordinates": [[-95.4079966001337, 29.801797423698], [-95.4086907239201, 29.8017878319657], [-95.4101174748396, 29.8017611577699]]}, "properties": {"centerlineid": 10083053, "roadclass": "LOCAL", "fullname": "W 18TH ST", "fromleft": 601, "toleft": 699, "fromright": 600, "toright": 698, "onewaydir": " "}}, {"type": "Feature", "geometry": {"type": "LineString", "coordinates": [[-95.4139701728237, 29.7959641131561], [-95.4140391429981, 29.7978358808316]]}, "properties": {"centerlineid": 10083068, "roadclass": "LOCAL", "fullname": "DIAN ST", "fromleft": 1401, "toleft": 1499, "fromright": 1400, "toright": 1498, "onewaydir": " "}}, {"type": "Feature", "geometry": {"type": "LineString", "coordinates": [[-95.4131920928325, 29.7959856814578], [-95.4139701728237, 29.7959641131561]]}, "properties": {"centerlineid": 10083069, "roadclass": "LOCAL", "fullname": "W 14TH ST", "fromleft": 1701, "toleft": 1799, "fromright": 1700, "toright": 1798, "onewaydir": " "}}, {"type": "Feature", "geometry": {"type": "LineString", "coordinates": [[-95.403701271203, 29.8069472829622], [-95.4058908082026, 29.8069242255454]]}, "properties": {"centerlineid": 10083113, "roadclass": "LOCAL", "fullname": "W 23RD ST", "fromleft": 401, "toleft": 499, "fromright": 400, "toright": 498, "onewaydir": " "}}, {"type": "Feature", "geometry": {"type": "LineString", "coordinates": [[-95.3991999169624, 29.8029341763833], [-95.4014122528744, 29.8029111545635]]}, "properties": {"centerlineid": 10083123, "roadclass": "LOCAL", "fullname": "W 19TH ST", "fromleft": 201, "toleft": 299, "fromright": 200, "toright": 298, "onewaydir": " "}}, {"type": "Feature", "geometry": {"type": "LineString", "coordinates": [[-95.4122613928559, 29.8037695478322], [-95.4180540669501, 29.8037256701289]]}, "properties": {"centerlineid": 10083133, "roadclass": "MAJOR", "fullname": "W 20TH ST", "fromleft": 801, "toleft": 1099, "fromright": 800, "toright": 1098, "onewaydir": " "}}, {"type": "Feature", "geometry": {"type": "LineString", "coordinates": [[-95.4180439872637, 29.802717924492], [-95.4180540669501, 29.8037256701289]]}, "properties": {"centerlineid": 10083136, "roadclass": "LOCAL", "fullname": "BEALL ST", "fromleft": 1901, "toleft": 1999, "fromright": 1900, "toright": 1998, "onewaydir": " "}}, {"type": "Feature", "geometry": {"type": "LineString", "coordinates": [[-95.4100029336674, 29.7960372504922], [-95.4100412921056, 29.7978911270908]]}, "properties": {"centerlineid": 10083139, "roadclass": "MAJOR", "fullname": "N SHEPHERD DR", "fromleft": 1401, "toleft": 1499, "fromright": 1400, "toright": 1498, "onewaydir": "TF"}}, {"type": "Feature", "geometry": {"type": "LineString", "coordinates": [[-95.4161142779162, 29.7946029437166], [-95.4178764703061, 29.7945933440036]]}, "properties": {"centerlineid": 10083140, "roadclass": "LOCAL", "fullname": "WYNNWOOD LN", "fromleft": 1001, "toleft": 1099, "fromright": 1000, "toright": 1098, "onewaydir": " "}}, {"type": "Feature", "geometry": {"type": "LineString", "coordinates": [[-95.4013588766426, 29.7998595804508], [-95.4013741607708, 29.8008742401311]]}, "properties": {"centerlineid": 10083157, "roadclass": "LOCAL", "fullname": "RUTLAND ST", "fromleft": 1601, "toleft": 1699, "fromright": 1600, "toright": 1698, "onewaydir": " "}}, {"type": "Feature", "geometry": {"type": "LineString", "coordinates": [[-95.4058068747425, 29.8018259495132], [-95.4069741690523, 29.801818447123], [-95.4079966001337, 29.801797423698]]}, "properties": {"centerlineid": 10083171, "roadclass": "LOCAL", "fullname": "W 18TH ST", "fromleft": 501, "toleft": 599, "fromright": 500, "toright": 598, "onewaydir": " "}}, {"type": "Feature", "geometry": {"type": "LineString", "coordinates": [[-95.4056542180984, 29.7960963117116], [-95.4062723289167, 29.7960981405879]]}, "properties": {"centerlineid": 10083180, "roadclass": "LOCAL", "fullname": "W 14TH ST", "fromleft": 801, "toleft": 829, "fromright": 800, "toright": 828, "onewaydir": " "}}, {"type": "Feature", "geometry": {"type": "LineString", "coordinates": [[-95.4165567007326, 29.7928003938075], [-95.4168732237669, 29.7928710778045], [-95.4169471231437, 29.7928864361309], [-95.4170215700209, 29.7928996303872], [-95.4170964811228, 29.7929106458142], [-95.4171717726545, 29.7929194700904], [-95.4172473603953, 29.7929260933449], [-95.4173231597932, 29.792930508169], [-95.4173990860596, 29.7929327096243], [-95.4174750542636, 29.7929326952483], [-95.4178119549633, 29.7929277156919], [-95.418000766362, 29.7929123531651], [-95.418341921781, 29.7928615511938], [-95.4187006427471, 29.7927850807787]]}, "properties": {"centerlineid": 10083187, "roadclass": "LOCAL", "fullname": "WALTWAY DR", "fromleft": 1001, "toleft": 1099, "fromright": 1000, "toright": 1098, "onewaydir": " "}}, {"type": "Feature", "geometry": {"type": "LineString", "coordinates": [[-95.4122307954363, 29.8017287486508], [-95.418007154596, 29.801714781552]]}, "properties": {"centerlineid": 10083196, "roadclass": "LOCAL", "fullname": "W 18TH ST", "fromleft": 801, "toleft": 1099, "fromright": 800, "toright": 1098, "onewaydir": " "}}, {"type": "Feature", "geometry": {"type": "LineString", "coordinates": [[-95.4139890586827, 29.7946455233293], [-95.4139759906993, 29.7946580625983], [-95.4139644543949, 29.7946716972326], [-95.4139545696772, 29.7946862855155], [-95.4139464392875, 29.7947016758181], [-95.4139401477329, 29.7947177081753], [-95.4139357604082, 29.7947342159485], [-95.4139333229155, 29.7947510275576], [-95.4139328605909, 29.7947679682644], [-95.4139701728237, 29.7959641131561]]}, "properties": {"centerlineid": 10083197, "roadclass": "LOCAL", "fullname": "DIAN ST", "fromleft": 1301, "toleft": 1399, "fromright": 1300, "toright": 1398, "onewaydir": " "}}, {"type": "Feature", "geometry": {"type": "LineString", "coordinates": [[-95.4045708338798, 29.7961248464243], [-95.4046242478549, 29.7979694080513]]}, "properties": {"centerlineid": 10083208, "roadclass": "LOCAL", "fullname": "WAVERLY ST", "fromleft": 1401, "toleft": 1499, "fromright": 1400, "toright": 1498, "onewaydir": " "}}, {"type": "Feature", "geometry": {"type": "LineString", "coordinates": [[-95.4131615144457, 29.7941470394432], [-95.4135048958876, 29.7941354344685], [-95.4139284319835, 29.7941280412966]]}, "properties": {"centerlineid": 10083212, "roadclass": "LOCAL", "fullname": "W 13TH ST", "fromleft": 1701, "toleft": 1799, "fromright": 1700, "toright": 1798, "onewaydir": " "}}, {"type": "Feature", "geometry": {"type": "LineString", "coordinates": [[-95.3991693467133, 29.7998880945974], [-95.400252690897, 29.7998710010353]]}, "properties": {"centerlineid": 10083220, "roadclass": "LOCAL", "fullname": "W 16TH ST", "fromleft": 201, "toleft": 227, "fromright": 200, "toright": 226, "onewaydir": " "}}, {"type": "Feature", "geometry": {"type": "LineString", "coordinates": [[-95.400252690897, 29.7998710010353], [-95.4013588766426, 29.7998595804508]]}, "properties": {"centerlineid": 10083221, "roadclass": "LOCAL", "fullname": "W 16TH ST", "fromleft": 229, "toleft": 299, "fromright": 228, "toright": 298, "onewaydir": " "}}, {"type": "Feature", "geometry": {"type": "LineString", "coordinates": [[-95.4024193923918, 29.7979997498424], [-95.4024499966208, 29.7998443049721]]}, "properties": {"centerlineid": 10083222, "roadclass": "LOCAL", "fullname": "TULANE ST", "fromleft": 1501, "toleft": 1599, "fromright": 1500, "toright": 1598, "onewaydir": " "}}, {"type": "Feature", "geometry": {"type": "LineString", "coordinates": [[-95.4023126485841, 29.7924722828599], [-95.4023279244354, 29.7930369867866], [-95.4023432035785, 29.7938570692624], [-95.402358501714, 29.7943168306143]]}, "properties": {"centerlineid": 10083227, "roadclass": "LOCAL", "fullname": "TULANE ST", "fromleft": 1201, "toleft": 1299, "fromright": 1200, "toright": 1298, "onewaydir": " "}}, {"type": "Feature", "geometry": {"type": "LineString", "coordinates": [[-95.4059900733042, 29.8084388583459], [-95.4059900494358, 29.8089328167554]]}, "properties": {"centerlineid": 10083681, "roadclass": "LOCAL", "fullname": "NICHOLSON ST", "fromleft": 2405, "toleft": 2449, "fromright": 2404, "toright": 2448, "onewaydir": " "}}, {"type": "Feature", "geometry": {"type": "LineString", "coordinates": [[-95.4015491710154, 29.8090123327524], [-95.401557394367, 29.8100351543058]]}, "properties": {"centerlineid": 10083811, "roadclass": "LOCAL", "fullname": "RUTLAND ST", "fromleft": 2501, "toleft": 2599, "fromright": 2500, "toright": 2598, "onewaydir": " "}}, {"type": "Feature", "geometry": {"type": "LineString", "coordinates": [[-95.4181664803757, 29.8087763219007], [-95.4181970563771, 29.8098024048903]]}, "properties": {"centerlineid": 10083967, "roadclass": "LOCAL", "fullname": "BEALL ST", "fromleft": 2501, "toleft": 2599, "fromright": 2500, "toright": 2598, "onewaydir": " "}}, {"type": "Feature", "geometry": {"type": "LineString", "coordinates": [[-95.4037850085408, 29.8110440966631], [-95.403785026653, 29.8115381023661]]}, "properties": {"centerlineid": 10084026, "roadclass": "LOCAL", "fullname": "ASHLAND ST", "fromleft": 2701, "toleft": 2715, "fromright": 2700, "toright": 2714, "onewaydir": " "}}, {"type": "Feature", "geometry": {"type": "LineString", "coordinates": [[-95.3909754272311, 29.7977690626455], [-95.3909904681106, 29.7979693984645], [-95.3909982289838, 29.7980665934387], [-95.3910210518862, 29.7981601488016]]}, "properties": {"centerlineid": 10086338, "roadclass": "LOCAL", "fullname": "HALL PL", "fromleft": 1445, "toleft": 1499, "fromright": 1444, "toright": 1498, "onewaydir": " "}}, {"type": "Feature", "geometry": {"type": "LineString", "coordinates": [[-95.3934015674297, 29.8060774963059], [-95.3934166602848, 29.8072808709567]]}, "properties": {"centerlineid": 10086410, "roadclass": "LOCAL", "fullname": "COLUMBIA ST", "fromleft": 2201, "toleft": 2299, "fromright": 2200, "toright": 2298, "onewaydir": " "}}, {"type": "Feature", "geometry": {"type": "LineString", "coordinates": [[-95.3878625042853, 29.792230181297], [-95.3878807181854, 29.7926741828112]]}, "properties": {"centerlineid": 10086436, "roadclass": "MAJOR", "fullname": "STUDEWOOD ST", "fromleft": 1127, "toleft": 1199, "fromright": 1126, "toright": 1198, "onewaydir": " "}}, {"type": "Feature", "geometry": {"type": "LineString", "coordinates": [[-95.3880075969917, 29.801185004356], [-95.3880075996491, 29.8012842708284], [-95.3880304234033, 29.8017857785483]]}, "properties": {"centerlineid": 10086440, "roadclass": "MAJOR", "fullname": "STUDEWOOD ST", "fromleft": 1715, "toleft": 1725, "fromright": 1714, "toright": 1724, "onewaydir": " "}}, {"type": "Feature", "geometry": {"type": "LineString", "coordinates": [[-95.3861765161766, 29.7991481292608], [-95.3877328919819, 29.799129186303], [-95.3879005934665, 29.7991271473764], [-95.3879845366403, 29.7991784845685]]}, "properties": {"centerlineid": 10086474, "roadclass": "LOCAL", "fullname": "PEDDIE ST", "fromleft": 1101, "toleft": 1199, "fromright": 1100, "toright": 1198, "onewaydir": " "}}, {"type": "Feature", "geometry": {"type": "LineString", "coordinates": [[-95.3902505171315, 29.8040862446566], [-95.3888543289988, 29.8041282318647]]}, "properties": {"centerlineid": 10086702, "roadclass": "MAJOR", "fullname": "E 20TH ST", "fromleft": 707, "toleft": 729, "fromright": 706, "toright": 728, "onewaydir": " "}}, {"type": "Feature", "geometry": {"type": "LineString", "coordinates": [[-95.3977656304073, 29.7943777341808], [-95.3964837514204, 29.7944064945953]]}, "properties": {"centerlineid": 10086709, "roadclass": "LOCAL", "fullname": "E 13TH ST", "fromleft": 101, "toleft": 199, "fromright": 100, "toright": 198, "onewaydir": " "}}, {"type": "Feature", "geometry": {"type": "LineString", "coordinates": [[-95.3977197477242, 29.7925409494107], [-95.3964456426735, 29.7925676385153]]}, "properties": {"centerlineid": 10086718, "roadclass": "LOCAL", "fullname": "E 12TH ST", "fromleft": 101, "toleft": 199, "fromright": 100, "toright": 198, "onewaydir": " "}}, {"type": "Feature", "geometry": {"type": "LineString", "coordinates": [[-95.3955605567999, 29.8040289632383], [-95.3944696860002, 29.8040328405495]]}, "properties": {"centerlineid": 10086736, "roadclass": "MAJOR", "fullname": "E 20TH ST", "fromleft": 301, "toleft": 399, "fromright": 300, "toright": 398, "onewaydir": " "}}, {"type": "Feature", "geometry": {"type": "LineString", "coordinates": [[-95.3933709966062, 29.8040481273635], [-95.3922723803577, 29.8040688976828]]}, "properties": {"centerlineid": 10086739, "roadclass": "MAJOR", "fullname": "E 20TH ST", "fromleft": 501, "toleft": 599, "fromright": 500, "toright": 598, "onewaydir": " "}}, {"type": "Feature", "geometry": {"type": "LineString", "coordinates": [[-95.4123453637586, 29.8078284946124], [-95.4123528600891, 29.8083567011444]]}, "properties": {"centerlineid": 10084431, "roadclass": "MAJOR", "fullname": "N DURHAM DR", "fromleft": 2401, "toleft": 2411, "fromright": 2400, "toright": 2410, "onewaydir": "TF"}}, {"type": "Feature", "geometry": {"type": "LineString", "coordinates": [[-95.3891137724425, 29.8030886405036], [-95.3880532464015, 29.8031018874976]]}, "properties": {"centerlineid": 10086766, "roadclass": "LOCAL", "fullname": "E 19TH ST", "fromleft": 733, "toleft": 799, "fromright": 732, "toright": 798, "onewaydir": " "}}, {"type": "Feature", "geometry": {"type": "LineString", "coordinates": [[-95.3902886172435, 29.8054899355251], [-95.3899148702978, 29.8054917797862], [-95.3897928217814, 29.8055358011819], [-95.3897012984906, 29.8055567800338], [-95.3891746970628, 29.8055643210965]]}, "properties": {"centerlineid": 10086776, "roadclass": "LOCAL", "fullname": "E 21ST ST", "fromleft": 711, "toleft": 729, "fromright": 710, "toright": 728, "onewaydir": " "}}, {"type": "Feature", "geometry": {"type": "LineString", "coordinates": [[-95.4191202132435, 29.7935499048473], [-95.4194587675677, 29.7938289923993], [-95.4194960952317, 29.7938584309111], [-95.4195348758491, 29.7938864040924], [-95.419575033874, 29.7939128574495], [-95.4196164910769, 29.7939377394496], [-95.4199288697747, 29.7941164917971]]}, "properties": {"centerlineid": 10082813, "roadclass": "MAJOR", "fullname": "E T C JESTER BLVD", "fromleft": 1107, "toleft": 1137, "fromright": 1106, "toright": 1136, "onewaydir": " "}}, {"type": "Feature", "geometry": {"type": "LineString", "coordinates": [[-95.4012520942685, 29.7943377875483], [-95.402358501714, 29.7943168306143]]}, "properties": {"centerlineid": 10082962, "roadclass": "LOCAL", "fullname": "W 13TH ST", "fromleft": 401, "toleft": 499, "fromright": 400, "toright": 498, "onewaydir": " "}}, {"type": "Feature", "geometry": {"type": "LineString", "coordinates": [[-95.4001458829418, 29.7943471570269], [-95.4012520942685, 29.7943377875483]]}, "properties": {"centerlineid": 10082982, "roadclass": "LOCAL", "fullname": "W 13TH ST", "fromleft": 301, "toleft": 399, "fromright": 300, "toright": 398, "onewaydir": " "}}, {"type": "Feature", "geometry": {"type": "LineString", "coordinates": [[-95.4091866696156, 29.796045056504], [-95.4092324129386, 29.7979100708328]]}, "properties": {"centerlineid": 10083014, "roadclass": "LOCAL", "fullname": "DOROTHY ST", "fromleft": 1401, "toleft": 1499, "fromright": 1400, "toright": 1498, "onewaydir": " "}}, {"type": "Feature", "geometry": {"type": "LineString", "coordinates": [[-95.4102242808399, 29.8078702354726], [-95.4113991170404, 29.8078474037224], [-95.4123453637586, 29.8078284946124]]}, "properties": {"centerlineid": 10083077, "roadclass": "LOCAL", "fullname": "W 24TH ST", "fromleft": 701, "toleft": 799, "fromright": 700, "toright": 798, "onewaydir": " "}}, {"type": "Feature", "geometry": {"type": "LineString", "coordinates": [[-95.4014122528744, 29.8029111545635], [-95.4036248335871, 29.8028901507803]]}, "properties": {"centerlineid": 10083154, "roadclass": "LOCAL", "fullname": "W 19TH ST", "fromleft": 301, "toleft": 399, "fromright": 300, "toright": 398, "onewaydir": " "}}, {"type": "Feature", "geometry": {"type": "LineString", "coordinates": [[-95.3861612514875, 29.8031936106631], [-95.387450656613, 29.8032011509505]]}, "properties": {"centerlineid": 10086367, "roadclass": "LOCAL", "fullname": "KERN ST", "fromleft": 1101, "toleft": 1199, "fromright": 1100, "toright": 1198, "onewaydir": " "}}, {"type": "Feature", "geometry": {"type": "LineString", "coordinates": [[-95.3900369751944, 29.7954173000908], [-95.3900522474095, 29.7963326974875]]}, "properties": {"centerlineid": 10086378, "roadclass": "LOCAL", "fullname": "BEVERLY ST", "fromleft": 1317, "toleft": 1399, "fromright": 1316, "toright": 1398, "onewaydir": " "}}, {"type": "Feature", "geometry": {"type": "LineString", "coordinates": [[-95.3900216992977, 29.7944959480417], [-95.3900369751944, 29.7954173000908]]}, "properties": {"centerlineid": 10086379, "roadclass": "LOCAL", "fullname": "BEVERLY ST", "fromleft": 1301, "toleft": 1315, "fromright": 1300, "toright": 1314, "onewaydir": " "}}, {"type": "Feature", "geometry": {"type": "LineString", "coordinates": [[-95.4102242808399, 29.8078702354726], [-95.4102395384017, 29.8083776732858]]}, "properties": {"centerlineid": 10084264, "roadclass": "MAJOR", "fullname": "N SHEPHERD DR", "fromleft": 2401, "toleft": 2409, "fromright": 2400, "toright": 2408, "onewaydir": "TF"}}, {"type": "Feature", "geometry": {"type": "LineString", "coordinates": [[-95.4217218427738, 29.8097547027282], [-95.422492375975, 29.8097396362151]]}, "properties": {"centerlineid": 10084292, "roadclass": "LOCAL", "fullname": "W 26TH ST", "fromleft": 1243, "toleft": 1299, "fromright": 1242, "toright": 1298, "onewaydir": " "}}, {"type": "Feature", "geometry": {"type": "LineString", "coordinates": [[-95.3978340513785, 29.7980723047954], [-95.396666945674, 29.7980875927532], [-95.3965599605529, 29.798095137109]]}, "properties": {"centerlineid": 10086697, "roadclass": "LOCAL", "fullname": "E 15TH ST", "fromleft": 101, "toleft": 199, "fromright": 100, "toright": 198, "onewaydir": " "}}, {"type": "Feature", "geometry": {"type": "LineString", "coordinates": [[-95.3932564906087, 29.7981295612961], [-95.392157798809, 29.7981466981991]]}, "properties": {"centerlineid": 10086730, "roadclass": "LOCAL", "fullname": "E 15TH ST", "fromleft": 501, "toleft": 599, "fromright": 500, "toright": 598, "onewaydir": " "}}, {"type": "Feature", "geometry": {"type": "LineString", "coordinates": [[-95.4148401662934, 29.8131193449409], [-95.4181130725003, 29.8130812331914], [-95.4183572482751, 29.8131136203009], [-95.4185555336611, 29.8131480814482], [-95.4202798338384, 29.8131709217518]]}, "properties": {"centerlineid": 10084452, "roadclass": "FRONTAGE", "fullname": "N LOOP FWY W", "fromleft": 0, "toleft": 0, "fromright": 900, "toright": 1098, "onewaydir": "FT"}}, {"type": "Feature", "geometry": {"type": "LineString", "coordinates": [[-95.4038002878133, 29.8126025280171], [-95.4043038583835, 29.8125986380819]]}, "properties": {"centerlineid": 10084464, "roadclass": "FRONTAGE", "fullname": "N LOOP FWY W", "fromleft": 401, "toleft": 407, "fromright": 0, "toright": 0, "onewaydir": "TF"}}, {"type": "Feature", "geometry": {"type": "LineString", "coordinates": [[-95.4043038583835, 29.8125986380819], [-95.4060357239217, 29.812570138339]]}, "properties": {"centerlineid": 10084465, "roadclass": "FRONTAGE", "fullname": "N LOOP FWY W", "fromleft": 409, "toleft": 499, "fromright": 0, "toright": 0, "onewaydir": "TF"}}, {"type": "Feature", "geometry": {"type": "LineString", "coordinates": [[-95.4148096113115, 29.8118281175156], [-95.4148455583776, 29.8118337230388], [-95.4148564563225, 29.8118358514635], [-95.4148671017041, 29.8118387956275], [-95.4148774143948, 29.8118425333704], [-95.414887316771, 29.8118470365581], [-95.4148967342977, 29.8118522712952], [-95.4149055960891, 29.8118581981799], [-95.4149138354425, 29.8118647726005], [-95.4149213903402, 29.8118719450714], [-95.4149282039164, 29.8118796616056], [-95.4149342248851, 29.8118878641205], [-95.4149394079264, 29.8118964908761], [-95.4149437140273, 29.8119054769386], [-95.4149471107754, 29.8119147546699], [-95.4149495726033, 29.8119242542366], [-95.4149510809805, 29.8119339041354], [-95.4149516245531, 29.8119436317313], [-95.4149545101429, 29.8124174950045]]}, "properties": {"centerlineid": 10084503, "roadclass": "LOCAL", "fullname": "BRINKMAN ST", "fromleft": 2727, "toleft": 2799, "fromright": 2726, "toright": 2798, "onewaydir": " "}}, {"type": "Feature", "geometry": {"type": "LineString", "coordinates": [[-95.3890909680691, 29.8021330824311], [-95.3880457167185, 29.8021445098057]]}, "properties": {"centerlineid": 10086768, "roadclass": "LOCAL", "fullname": "E 18TH ST", "fromleft": 745, "toleft": 799, "fromright": 744, "toright": 798, "onewaydir": " "}}, {"type": "Feature", "geometry": {"type": "LineString", "coordinates": [[-95.4099568706793, 29.8131850613303], [-95.4100182701099, 29.8131637663621], [-95.4100223660799, 29.8131623099092], [-95.4100264319162, 29.8131607905906], [-95.410030467579, 29.8131592095339], [-95.4100344704434, 29.8131575677968], [-95.4100384405095, 29.8131558653795], [-95.410042375152, 29.81315410334], [-95.4100462744108, 29.813152280551], [-95.4100501369138, 29.8131503992325], [-95.4100539600756, 29.8131484593152], [-95.4100577451492, 29.8131464619612], [-95.4100614882566, 29.8131444070664], [-95.4100651906508, 29.8131422957927], [-95.4100688497465, 29.8131401280711], [-95.4100724655038, 29.8131379050287], [-95.4100760352979, 29.8131356277235], [-95.4100795604214, 29.8131332961904], [-95.4100830369565, 29.8131309114525], [-95.4100864661564, 29.8131284746719], [-95.4100898454752, 29.813125984652], [-95.4100931747939, 29.8131234447747], [-95.4100964528199, 29.8131208550053], [-95.4100996783002, 29.8131182141821], [-95.4101028511158, 29.8131155256867], [-95.4101059686812, 29.81311278945], [-95.4101090322495, 29.8131100066339], [-95.4101120392749, 29.8131071760419], [-95.4101149883062, 29.8131043021484], [-95.4101178794227, 29.8131013826989], [-95.4101207125846, 29.8130984188208], [-95.4101234863803, 29.8130954138611], [-95.410126198264, 29.8130923666235], [-95.4101288494889, 29.8130892782697], [-95.4101314387225, 29.8130861498925], [-95.4101339645927, 29.8130829837119], [-95.4101364271393, 29.8130797786004], [-95.4101388249903, 29.8130765367782], [-95.4101411568132, 29.8130732593378], [-95.4101434239008, 29.8130699463138], [-95.410145623628, 29.8130665987643], [-95.4101477571684, 29.8130632201059], [-95.4101498207234, 29.8130598079799], [-95.410151818052, 29.8130563658722], [-95.4101537440231, 29.813052892517], [-95.4101556023957, 29.8130493914], [-95.4101573892919, 29.8130458624172], [-95.4101591046719, 29.8130423066961], [-95.410160749749, 29.8130387265258], [-95.4101623219775, 29.8130351207098], [-95.4101638225709, 29.8130314915372], [-95.4101652501966, 29.8130278401007], [-95.4101830092567, 29.8129810822929], [-95.4101846002464, 29.8127599831802], [-95.4101524216513, 29.8126879516709], [-95.4101508199893, 29.8126844560714], [-95.4101491501961, 29.8126809845994], [-95.4101474121925, 29.8126775395093], [-95.4101456059783, 29.8126741208011], [-95.4101437328066, 29.8126707296368], [-95.4101417926376, 29.8126673671436], [-95.4101397867245, 29.8126640344834], [-95.410137715067, 29.8126607316563], [-95.4101355788786, 29.8126574609513], [-95.4101333781592, 29.8126542223684], [-95.4101311141619, 29.8126510170696], [-95.4101287880999, 29.812647847344], [-95.4101263987201, 29.8126447120297], [-95.4101239485286, 29.8126416134505], [-95.4101214375255, 29.8126385516064], [-95.4101188656311, 29.8126355287519], [-95.4101162354708, 29.812632543829], [-95.4101135456722, 29.8126295990576], [-95.4101108000739, 29.8126266956688], [-95.4101079960903, 29.8126238335934], [-95.4101051362672, 29.8126210140279], [-95.4101022218576, 29.8126182381342], [-95.4100992528614, 29.8126155059122], [-95.4100962292389, 29.8126128184893], [-95.4100931548286, 29.8126101770965], [-95.4100900270448, 29.8126075816647], [-95.4100868496864, 29.8126050345521], [-95.410083622793, 29.8126025346316], [-95.4100803462853, 29.8126000841577], [-95.4100770227484, 29.8125976831996], [-95.4100736521825, 29.8125953317572], [-95.4100702345478, 29.8125930309579], [-95.410066773643, 29.8125907831601], [-95.4100632682547, 29.8125885860746], [-95.4100597195565, 29.8125864431178], [-95.4100561288808, 29.812584353197], [-95.4100524987733, 29.8125823175088], [-95.4100488279014, 29.8125803371458], [-95.4100451188904, 29.8125784110501], [-95.4100413729534, 29.8125765415106], [-95.4100375900904, 29.8125747285274], [-95.4100337728867, 29.8125729721698], [-95.4100299200101, 29.8125712735304], [-95.4100260353383, 29.812569632713], [-95.4100221188319, 29.812568050845], [-95.4100181717833, 29.8125665279608], [-95.4100141941927, 29.8125650640607], [-95.4100101898982, 29.8125636603755], [-95.4100061576073, 29.8125623168708], [-95.4100020998655, 29.8125610347429], [-95.4099980167125, 29.8125598128648], [-95.4099939106941, 29.8125586524328], [-95.40998978181, 29.812557553447], [-95.409985632606, 29.8125565171037], [-95.409981463082, 29.8125555434032], [-95.4099335971858, 29.8125447452515]]}, "properties": {"centerlineid": 10084552, "roadclass": "RAMP", "fullname": "WB 610 N SHEPHERD UTURN RAMP", "fromleft": 0, "toleft": 0, "fromright": 0, "toright": 0, "onewaydir": " "}}, {"type": "Feature", "geometry": {"type": "LineString", "coordinates": [[-95.3895333825382, 29.8081659381359], [-95.3898384419851, 29.8089955908424]]}, "properties": {"centerlineid": 10084588, "roadclass": "MAJOR", "fullname": "N MAIN ST", "fromleft": 6401, "toleft": 6499, "fromright": 6400, "toright": 6498, "onewaydir": " "}}, {"type": "Feature", "geometry": {"type": "LineString", "coordinates": [[-95.3945767520208, 29.8089277362648], [-95.3945983807528, 29.8097593833124]]}, "properties": {"centerlineid": 10084654, "roadclass": "LOCAL", "fullname": "ARLINGTON ST", "fromleft": 2501, "toleft": 2599, "fromright": 2500, "toright": 2598, "onewaydir": " "}}, {"type": "Feature", "geometry": {"type": "LineString", "coordinates": [[-95.3960008141687, 29.8084102561241], [-95.3960120602694, 29.8089116488055], [-95.3960162012325, 29.8090962216196]]}, "properties": {"centerlineid": 10084679, "roadclass": "LOCAL", "fullname": "CORTLANDT ST", "fromleft": 2451, "toleft": 2499, "fromright": 2450, "toright": 2498, "onewaydir": " "}}, {"type": "Feature", "geometry": {"type": "LineString", "coordinates": [[-95.3912195535502, 29.8073153349805], [-95.3912423889956, 29.8081470161948]]}, "properties": {"centerlineid": 10084808, "roadclass": "LOCAL", "fullname": "GOSTICK ST", "fromleft": 2301, "toleft": 2399, "fromright": 2300, "toright": 2398, "onewaydir": " "}}, {"type": "Feature", "geometry": {"type": "LineString", "coordinates": [[-95.3934166602848, 29.8072808709567], [-95.3934472071225, 29.8081107119629]]}, "properties": {"centerlineid": 10084810, "roadclass": "LOCAL", "fullname": "COLUMBIA ST", "fromleft": 2301, "toleft": 2399, "fromright": 2300, "toright": 2398, "onewaydir": " "}}, {"type": "Feature", "geometry": {"type": "LineString", "coordinates": [[-95.3934472071225, 29.8081107119629], [-95.3934735938528, 29.8089410907563]]}, "properties": {"centerlineid": 10084811, "roadclass": "LOCAL", "fullname": "COLUMBIA ST", "fromleft": 2401, "toleft": 2499, "fromright": 2400, "toright": 2498, "onewaydir": " "}}, {"type": "Feature", "geometry": {"type": "LineString", "coordinates": [[-95.3892358705197, 29.8073402078367], [-95.3890496446323, 29.8073408674632], [-95.3879158902215, 29.8073532162705], [-95.3877415888929, 29.8073537068014], [-95.3877065058158, 29.8073517952125], [-95.3876722631341, 29.8073448694998], [-95.3876397965018, 29.8073331189027], [-95.387609993043, 29.807316864497], [-95.3875928307456, 29.8073056838788]]}, "properties": {"centerlineid": 10084886, "roadclass": "LOCAL", "fullname": "E 23RD ST", "fromleft": 801, "toleft": 899, "fromright": 800, "toright": 898, "onewaydir": " "}}, {"type": "Feature", "geometry": {"type": "LineString", "coordinates": [[-95.3993294747822, 29.8083624203411], [-95.3988412240067, 29.8083680994564], [-95.397475579664, 29.8083834137274]]}, "properties": {"centerlineid": 10084909, "roadclass": "LOCAL", "fullname": "MUNFORD ST", "fromleft": 101, "toleft": 199, "fromright": 100, "toright": 198, "onewaydir": " "}}, {"type": "Feature", "geometry": {"type": "LineString", "coordinates": [[-95.39237613686, 29.8089580333064], [-95.3912576594858, 29.8089784484198]]}, "properties": {"centerlineid": 10084936, "roadclass": "LOCAL", "fullname": "E 25TH ST", "fromleft": 601, "toleft": 699, "fromright": 600, "toright": 698, "onewaydir": " "}}, {"type": "Feature", "geometry": {"type": "LineString", "coordinates": [[-95.3935387351376, 29.8122516155868], [-95.392432520982, 29.8122705558287]]}, "properties": {"centerlineid": 10084947, "roadclass": "LOCAL", "fullname": "E 28TH ST", "fromleft": 501, "toleft": 599, "fromright": 500, "toright": 598, "onewaydir": " "}}, {"type": "Feature", "geometry": {"type": "LineString", "coordinates": [[-95.4002145587469, 29.798039917737], [-95.4013207647802, 29.7980227778299]]}, "properties": {"centerlineid": 10082939, "roadclass": "LOCAL", "fullname": "W 15TH ST", "fromleft": 301, "toleft": 399, "fromright": 300, "toright": 398, "onewaydir": " "}}, {"type": "Feature", "geometry": {"type": "LineString", "coordinates": [[-95.4159238530719, 29.7978098999915], [-95.417928453552, 29.797803775633]]}, "properties": {"centerlineid": 10082960, "roadclass": "LOCAL", "fullname": "W 15TH ST", "fromleft": 1901, "toleft": 1999, "fromright": 1900, "toright": 1998, "onewaydir": " "}}, {"type": "Feature", "geometry": {"type": "LineString", "coordinates": [[-95.4161662958496, 29.7996830529669], [-95.4179729518536, 29.7996692471811]]}, "properties": {"centerlineid": 10083003, "roadclass": "LOCAL", "fullname": "W 16TH ST", "fromleft": 1001, "toleft": 1099, "fromright": 1000, "toright": 1098, "onewaydir": " "}}, {"type": "Feature", "geometry": {"type": "LineString", "coordinates": [[-95.4023126485841, 29.7924722828599], [-95.4034188219361, 29.7924437300732]]}, "properties": {"centerlineid": 10083029, "roadclass": "LOCAL", "fullname": "W 12TH ST", "fromleft": 501, "toleft": 599, "fromright": 500, "toright": 598, "onewaydir": " "}}, {"type": "Feature", "geometry": {"type": "LineString", "coordinates": [[-95.4014352865938, 29.803937464987], [-95.4014581438869, 29.8044293861243]]}, "properties": {"centerlineid": 10083116, "roadclass": "LOCAL", "fullname": "RUTLAND ST", "fromleft": 2001, "toleft": 2019, "fromright": 2000, "toright": 2018, "onewaydir": " "}}, {"type": "Feature", "geometry": {"type": "LineString", "coordinates": [[-95.3993840122262, 29.8110751986624], [-95.3993883094521, 29.8113648125574]]}, "properties": {"centerlineid": 10083677, "roadclass": "MAJOR", "fullname": "YALE ST", "fromleft": 2701, "toleft": 2705, "fromright": 2700, "toright": 2704, "onewaydir": " "}}, {"type": "Feature", "geometry": {"type": "LineString", "coordinates": [[-95.4059900494358, 29.8089328167554], [-95.4061121267155, 29.8089499522032], [-95.4081415030513, 29.808915491983]]}, "properties": {"centerlineid": 10083827, "roadclass": "LOCAL", "fullname": "W 25TH ST", "fromleft": 501, "toleft": 599, "fromright": 500, "toright": 598, "onewaydir": " "}}, {"type": "Feature", "geometry": {"type": "LineString", "coordinates": [[-95.4060129154591, 29.810992758943], [-95.4081720672468, 29.8109564751947]]}, "properties": {"centerlineid": 10084029, "roadclass": "LOCAL", "fullname": "W 27TH ST", "fromleft": 501, "toleft": 599, "fromright": 500, "toright": 598, "onewaydir": " "}}, {"type": "Feature", "geometry": {"type": "LineString", "coordinates": [[-95.3902886172435, 29.8054899355251], [-95.3903116747544, 29.8068213519112]]}, "properties": {"centerlineid": 10086416, "roadclass": "LOCAL", "fullname": "SINGLETON ST", "fromleft": 2201, "toleft": 2237, "fromright": 2200, "toright": 2236, "onewaydir": " "}}, {"type": "Feature", "geometry": {"type": "LineString", "coordinates": [[-95.3910759128171, 29.80409378695], [-95.3910975254419, 29.8050817616314]]}, "properties": {"centerlineid": 10086423, "roadclass": "LOCAL", "fullname": "GOSTICK ST", "fromleft": 2001, "toleft": 2029, "fromright": 2000, "toright": 2028, "onewaydir": " "}}, {"type": "Feature", "geometry": {"type": "LineString", "coordinates": [[-95.3944999931708, 29.8060717834716], [-95.3945153103917, 29.8067412448547], [-95.394515289645, 29.8072637657267]]}, "properties": {"centerlineid": 10086504, "roadclass": "LOCAL", "fullname": "ARLINGTON ST", "fromleft": 2201, "toleft": 2299, "fromright": 2200, "toright": 2298, "onewaydir": " "}}, {"type": "Feature", "geometry": {"type": "LineString", "coordinates": [[-95.3902505171315, 29.8040862446566], [-95.3902658334334, 29.8047880832819]]}, "properties": {"centerlineid": 10086564, "roadclass": "LOCAL", "fullname": "SINGLETON ST", "fromleft": 2001, "toleft": 2009, "fromright": 2000, "toright": 2008, "onewaydir": " "}}, {"type": "Feature", "geometry": {"type": "LineString", "coordinates": [[-95.3920510144304, 29.7926134853905], [-95.3899988327101, 29.7926441017757]]}, "properties": {"centerlineid": 10086710, "roadclass": "LOCAL", "fullname": "E 12TH ST", "fromleft": 601, "toleft": 699, "fromright": 600, "toright": 698, "onewaydir": " "}}, {"type": "Feature", "geometry": {"type": "LineString", "coordinates": [[-95.391028839021, 29.799975955579], [-95.3908684249486, 29.7999528903403], [-95.3906854450653, 29.7999510813076], [-95.3880913348916, 29.800004478855], [-95.38804569124, 29.800002644202], [-95.3879998619728, 29.7999052108674]]}, "properties": {"centerlineid": 10086733, "roadclass": "LOCAL", "fullname": "E 16TH ST", "fromleft": 701, "toleft": 799, "fromright": 700, "toright": 798, "onewaydir": " "}}, {"type": "Feature", "geometry": {"type": "LineString", "coordinates": [[-95.3911789818516, 29.7953925520196], [-95.3900369751944, 29.7954173000908]]}, "properties": {"centerlineid": 10086755, "roadclass": "LOCAL", "fullname": "E 13TH 1/2 ST", "fromleft": 601, "toleft": 699, "fromright": 600, "toright": 698, "onewaydir": " "}}, {"type": "Feature", "geometry": {"type": "LineString", "coordinates": [[-95.3960162012325, 29.8090962216196], [-95.3960229225055, 29.8097295819861]]}, "properties": {"centerlineid": 10084838, "roadclass": "LOCAL", "fullname": "CORTLANDT ST", "fromleft": 2501, "toleft": 2599, "fromright": 2500, "toright": 2598, "onewaydir": " "}}, {"type": "Feature", "geometry": {"type": "LineString", "coordinates": [[-95.3960641462035, 29.812232449374], [-95.3960716464688, 29.8129573318064]]}, "properties": {"centerlineid": 10084866, "roadclass": "LOCAL", "fullname": "CORTLANDT ST", "fromleft": 2801, "toleft": 2899, "fromright": 2800, "toright": 2898, "onewaydir": " "}}, {"type": "Feature", "geometry": {"type": "LineString", "coordinates": [[-95.392432520982, 29.8122705558287], [-95.391738203869, 29.8122819681588]]}, "properties": {"centerlineid": 10084872, "roadclass": "LOCAL", "fullname": "E 28TH ST", "fromleft": 601, "toleft": 615, "fromright": 600, "toright": 614, "onewaydir": " "}}, {"type": "Feature", "geometry": {"type": "LineString", "coordinates": [[-95.4180672063041, 29.8047137208385], [-95.4202570154265, 29.8046888104198]]}, "properties": {"centerlineid": 10082837, "roadclass": "LOCAL", "fullname": "W 21ST ST", "fromleft": 1101, "toleft": 1199, "fromright": 1100, "toright": 1198, "onewaydir": " "}}, {"type": "Feature", "geometry": {"type": "LineString", "coordinates": [[-95.4165567007326, 29.7928003938075], [-95.4166559705655, 29.792626749841], [-95.4169151864991, 29.7923177852587], [-95.4176934687332, 29.7915835316184]]}, "properties": {"centerlineid": 10082937, "roadclass": "LOCAL", "fullname": "TIMBERGROVE LN", "fromleft": 1101, "toleft": 1199, "fromright": 1100, "toright": 1198, "onewaydir": " "}}, {"type": "Feature", "geometry": {"type": "LineString", "coordinates": [[-95.4014733930816, 29.8059649821857], [-95.401480932819, 29.8064722141576]]}, "properties": {"centerlineid": 10082969, "roadclass": "LOCAL", "fullname": "RUTLAND ST", "fromleft": 2201, "toleft": 2215, "fromright": 2200, "toright": 2214, "onewaydir": " "}}, {"type": "Feature", "geometry": {"type": "LineString", "coordinates": [[-95.402358501714, 29.7943168306143], [-95.4023735264235, 29.7961629702172]]}, "properties": {"centerlineid": 10082983, "roadclass": "LOCAL", "fullname": "TULANE ST", "fromleft": 1301, "toleft": 1399, "fromright": 1300, "toright": 1398, "onewaydir": " "}}, {"type": "Feature", "geometry": {"type": "LineString", "coordinates": [[-95.4014275647799, 29.8034339004922], [-95.4014352865938, 29.803937464987]]}, "properties": {"centerlineid": 10083115, "roadclass": "LOCAL", "fullname": "RUTLAND ST", "fromleft": 1911, "toleft": 1999, "fromright": 1910, "toright": 1998, "onewaydir": " "}}, {"type": "Feature", "geometry": {"type": "LineString", "coordinates": [[-95.4058755516615, 29.8028463644995], [-95.4058983410403, 29.803868804107]]}, "properties": {"centerlineid": 10083125, "roadclass": "LOCAL", "fullname": "NICHOLSON ST", "fromleft": 1901, "toleft": 1999, "fromright": 1900, "toright": 1998, "onewaydir": " "}}, {"type": "Feature", "geometry": {"type": "LineString", "coordinates": [[-95.4068749183773, 29.7997794775345], [-95.4076703646053, 29.7997779917487], [-95.4079738503345, 29.7997774259828]]}, "properties": {"centerlineid": 10083156, "roadclass": "LOCAL", "fullname": "W 16TH ST", "fromleft": 527, "toleft": 599, "fromright": 526, "toright": 598, "onewaydir": " "}}, {"type": "Feature", "geometry": {"type": "LineString", "coordinates": [[-95.4162058092924, 29.7936434750479], [-95.4164989632297, 29.7936895498763], [-95.4166153469811, 29.7937059032483], [-95.416732346304, 29.7937184786049], [-95.416849800046, 29.7937272586252], [-95.4169675464287, 29.7937322312158], [-95.4174418284653, 29.7937445697901], [-95.4179910309864, 29.7937445495402], [-95.4185333065644, 29.7937410878234], [-95.4185817262974, 29.7937394498546], [-95.4186299322782, 29.7937351608149], [-95.4186777339016, 29.7937282376631], [-95.4187249421613, 29.793718707773], [-95.4187713703971, 29.7937066088256], [-95.4188168350334, 29.7936919886598], [-95.4188611563047, 29.7936749050833], [-95.4189041589667, 29.793655425644], [-95.4191202132435, 29.7935499048473]]}, "properties": {"centerlineid": 10083194, "roadclass": "LOCAL", "fullname": "GROVEWOOD LN", "fromleft": 1001, "toleft": 1199, "fromright": 1000, "toright": 1198, "onewaydir": " "}}, {"type": "Feature", "geometry": {"type": "LineString", "coordinates": [[-95.4060051343383, 29.8104796140605], [-95.4060129154591, 29.810992758943]]}, "properties": {"centerlineid": 10083810, "roadclass": "LOCAL", "fullname": "NICHOLSON ST", "fromleft": 2611, "toleft": 2699, "fromright": 2610, "toright": 2698, "onewaydir": " "}}, {"type": "Feature", "geometry": {"type": "LineString", "coordinates": [[-95.3978952310805, 29.8009256072922], [-95.3986885658946, 29.8009141759623], [-95.3991693250537, 29.8009066700385]]}, "properties": {"centerlineid": 10086448, "roadclass": "LOCAL", "fullname": "W 17TH ST", "fromleft": 101, "toleft": 199, "fromright": 100, "toright": 198, "onewaydir": " "}}, {"type": "Feature", "geometry": {"type": "LineString", "coordinates": [[-95.3921121744207, 29.7963099166802], [-95.3921350088172, 29.7972291916642]]}, "properties": {"centerlineid": 10086634, "roadclass": "LOCAL", "fullname": "OXFORD ST", "fromleft": 1401, "toleft": 1419, "fromright": 1400, "toright": 1418, "onewaydir": " "}}, {"type": "Feature", "geometry": {"type": "LineString", "coordinates": [[-95.3954537626226, 29.798102887392], [-95.3943628607467, 29.7981199719872]]}, "properties": {"centerlineid": 10086695, "roadclass": "LOCAL", "fullname": "E 15TH ST", "fromleft": 301, "toleft": 399, "fromright": 300, "toright": 398, "onewaydir": " "}}, {"type": "Feature", "geometry": {"type": "LineString", "coordinates": [[-95.3922723803577, 29.8040688976828], [-95.3910759128171, 29.80409378695]]}, "properties": {"centerlineid": 10086704, "roadclass": "MAJOR", "fullname": "E 20TH ST", "fromleft": 601, "toleft": 699, "fromright": 600, "toright": 698, "onewaydir": " "}}, {"type": "Feature", "geometry": {"type": "LineString", "coordinates": [[-95.4116129236959, 29.8131556214161], [-95.4112259235321, 29.813752999519]]}, "properties": {"centerlineid": 10084418, "roadclass": "MAJOR", "fullname": "N DURHAM DR", "fromleft": 2901, "toleft": 2995, "fromright": 2900, "toright": 2994, "onewaydir": "TF"}}, {"type": "Feature", "geometry": {"type": "LineString", "coordinates": [[-95.4123606537566, 29.8088431456017], [-95.4123681623405, 29.8093770752281]]}, "properties": {"centerlineid": 10084429, "roadclass": "MAJOR", "fullname": "N DURHAM DR", "fromleft": 2501, "toleft": 2511, "fromright": 2500, "toright": 2510, "onewaydir": "TF"}}, {"type": "Feature", "geometry": {"type": "LineString", "coordinates": [[-95.4123528600891, 29.8083567011444], [-95.4123606537566, 29.8088431456017]]}, "properties": {"centerlineid": 10084430, "roadclass": "MAJOR", "fullname": "N DURHAM DR", "fromleft": 2413, "toleft": 2499, "fromright": 2412, "toright": 2498, "onewaydir": "TF"}}, {"type": "Feature", "geometry": {"type": "LineString", "coordinates": [[-95.4102854389997, 29.8109220462675], [-95.4103157776334, 29.8119253337299]]}, "properties": {"centerlineid": 10084510, "roadclass": "MAJOR", "fullname": "N SHEPHERD DR", "fromleft": 2701, "toleft": 2799, "fromright": 2700, "toright": 2798, "onewaydir": "TF"}}, {"type": "Feature", "geometry": {"type": "LineString", "coordinates": [[-95.3923104846841, 29.806092794614], [-95.3911125435151, 29.8061041828868]]}, "properties": {"centerlineid": 10086778, "roadclass": "LOCAL", "fullname": "E 22ND ST", "fromleft": 601, "toleft": 699, "fromright": 600, "toright": 698, "onewaydir": " "}}, {"type": "Feature", "geometry": {"type": "LineString", "coordinates": [[-95.4081871513104, 29.8127798102674], [-95.4069969878703, 29.8125623650113]]}, "properties": {"centerlineid": 10084571, "roadclass": "RAMP", "fullname": "EB 610 N YALE EXIT RAMP", "fromleft": 0, "toleft": 0, "fromright": 0, "toright": 0, "onewaydir": "TF"}}, {"type": "Feature", "geometry": {"type": "LineString", "coordinates": [[-95.3993246368378, 29.808044381128], [-95.3993294747822, 29.8083624203411]]}, "properties": {"centerlineid": 10084586, "roadclass": "MAJOR", "fullname": "YALE ST", "fromleft": 2401, "toleft": 2415, "fromright": 2400, "toright": 2414, "onewaydir": " "}}, {"type": "Feature", "geometry": {"type": "LineString", "coordinates": [[-95.3960413567455, 29.8105660315134], [-95.3960488667024, 29.8113971130013]]}, "properties": {"centerlineid": 10084645, "roadclass": "LOCAL", "fullname": "CORTLANDT ST", "fromleft": 2613, "toleft": 2699, "fromright": 2612, "toright": 2698, "onewaydir": " "}}, {"type": "Feature", "geometry": {"type": "LineString", "coordinates": [[-95.3975061620839, 29.8097204705298], [-95.3975137161756, 29.8105482954875]]}, "properties": {"centerlineid": 10084656, "roadclass": "LOCAL", "fullname": "HARVARD ST", "fromleft": 2601, "toleft": 2607, "fromright": 2600, "toright": 2606, "onewaydir": " "}}, {"type": "Feature", "geometry": {"type": "LineString", "coordinates": [[-95.3923791609161, 29.8097852730803], [-95.3912729509484, 29.8098062973762]]}, "properties": {"centerlineid": 10084902, "roadclass": "LOCAL", "fullname": "AURORA ST", "fromleft": 601, "toleft": 699, "fromright": 600, "toright": 698, "onewaydir": " "}}, {"type": "Feature", "geometry": {"type": "LineString", "coordinates": [[-95.3993883094521, 29.8113648125574], [-95.3989023561353, 29.8113626612326], [-95.3975442815036, 29.8113740418381]]}, "properties": {"centerlineid": 10084920, "roadclass": "LOCAL", "fullname": "E 27TH ST", "fromleft": 101, "toleft": 199, "fromright": 100, "toright": 198, "onewaydir": " "}}, {"type": "Feature", "geometry": {"type": "LineString", "coordinates": [[-95.3934898380666, 29.8097744088725], [-95.3923791609161, 29.8097852730803]]}, "properties": {"centerlineid": 10084925, "roadclass": "LOCAL", "fullname": "AURORA ST", "fromleft": 501, "toleft": 599, "fromright": 500, "toright": 598, "onewaydir": " "}}, {"type": "Feature", "geometry": {"type": "LineString", "coordinates": [[-95.4223703364619, 29.8048129546627], [-95.4239038576948, 29.8048072623269], [-95.4257730327226, 29.8048013377539]]}, "properties": {"centerlineid": 10082800, "roadclass": "LOCAL", "fullname": "W 21ST ST", "fromleft": 1301, "toleft": 1499, "fromright": 1300, "toright": 1498, "onewaydir": " "}}, {"type": "Feature", "geometry": {"type": "LineString", "coordinates": [[-95.3953850795275, 29.7944121674362], [-95.3954231893431, 29.7962640489956]]}, "properties": {"centerlineid": 10086426, "roadclass": "LOCAL", "fullname": "CORTLANDT ST", "fromleft": 1301, "toleft": 1399, "fromright": 1300, "toright": 1398, "onewaydir": " "}}, {"type": "Feature", "geometry": {"type": "LineString", "coordinates": [[-95.4037241098807, 29.8088660030286], [-95.4050743979784, 29.8088641685081], [-95.4053185742255, 29.8088584362533], [-95.4054559338345, 29.8088641649718], [-95.4056238830076, 29.8088888100177], [-95.4057534733495, 29.8089212173394], [-95.405890798655, 29.8089385293562], [-95.4059900494358, 29.8089328167554]]}, "properties": {"centerlineid": 10084218, "roadclass": "LOCAL", "fullname": "W 25TH ST", "fromleft": 401, "toleft": 499, "fromright": 400, "toright": 498, "onewaydir": " "}}, {"type": "Feature", "geometry": {"type": "LineString", "coordinates": [[-95.387015707333, 29.7929395818233], [-95.3878822707864, 29.7929299720955]]}, "properties": {"centerlineid": 10086467, "roadclass": "LOCAL", "fullname": "W TEMPLE ST", "fromleft": 1123, "toleft": 1199, "fromright": 1122, "toright": 1198, "onewaydir": " "}}, {"type": "Feature", "geometry": {"type": "LineString", "coordinates": [[-95.3944696860002, 29.8040328405495], [-95.3933709966062, 29.8040481273635]]}, "properties": {"centerlineid": 10086737, "roadclass": "MAJOR", "fullname": "E 20TH ST", "fromleft": 401, "toleft": 499, "fromright": 400, "toright": 498, "onewaydir": " "}}, {"type": "Feature", "geometry": {"type": "LineString", "coordinates": [[-95.3904871634432, 29.8030694819196], [-95.3891137724425, 29.8030886405036]]}, "properties": {"centerlineid": 10086740, "roadclass": "LOCAL", "fullname": "E 19TH ST", "fromleft": 701, "toleft": 731, "fromright": 700, "toright": 730, "onewaydir": " "}}, {"type": "Feature", "geometry": {"type": "LineString", "coordinates": [[-95.3910363747355, 29.8013739413286], [-95.3894799696804, 29.8013988273766]]}, "properties": {"centerlineid": 10086751, "roadclass": "LOCAL", "fullname": "WILKEN ST", "fromleft": 701, "toleft": 799, "fromright": 700, "toright": 798, "onewaydir": " "}}, {"type": "Feature", "geometry": {"type": "LineString", "coordinates": [[-95.3974909054182, 29.8090758989642], [-95.3960162012325, 29.8090962216196]]}, "properties": {"centerlineid": 10084937, "roadclass": "LOCAL", "fullname": "E 25TH ST", "fromleft": 201, "toleft": 299, "fromright": 200, "toright": 298, "onewaydir": " "}}, {"type": "Feature", "geometry": {"type": "LineString", "coordinates": [[-95.405951756451, 29.8058942638308], [-95.4080728298622, 29.8058714289659]]}, "properties": {"centerlineid": 10082974, "roadclass": "LOCAL", "fullname": "W 22ND ST", "fromleft": 501, "toleft": 599, "fromright": 500, "toright": 598, "onewaydir": " "}}, {"type": "Feature", "geometry": {"type": "LineString", "coordinates": [[-95.4091408892509, 29.7941965703464], [-95.4099746519414, 29.7941764529212]]}, "properties": {"centerlineid": 10083018, "roadclass": "LOCAL", "fullname": "W 13TH ST", "fromleft": 1201, "toleft": 1299, "fromright": 1200, "toright": 1298, "onewaydir": " "}}, {"type": "Feature", "geometry": {"type": "LineString", "coordinates": [[-95.4101861467941, 29.8058294667234], [-95.4113534934133, 29.8058141600427], [-95.412299469806, 29.8058009640643]]}, "properties": {"centerlineid": 10083078, "roadclass": "LOCAL", "fullname": "W 22ND ST", "fromleft": 701, "toleft": 799, "fromright": 700, "toright": 798, "onewaydir": " "}}, {"type": "Feature", "geometry": {"type": "LineString", "coordinates": [[-95.4122002140942, 29.7997087417092], [-95.4124827241265, 29.7997087676539]]}, "properties": {"centerlineid": 10083087, "roadclass": "LOCAL", "fullname": "W 16TH ST", "fromleft": 751, "toleft": 799, "fromright": 750, "toright": 798, "onewaydir": " "}}, {"type": "Feature", "geometry": {"type": "LineString", "coordinates": [[-95.4079738503345, 29.7997774259828], [-95.4084543117289, 29.7997717046082]]}, "properties": {"centerlineid": 10083099, "roadclass": "LOCAL", "fullname": "W 16TH ST", "fromleft": 601, "toleft": 615, "fromright": 600, "toright": 614, "onewaydir": " "}}, {"type": "Feature", "geometry": {"type": "LineString", "coordinates": [[-95.4108269399643, 29.7960276451409], [-95.411154998734, 29.7960180481302], [-95.4112542064963, 29.7960162393834], [-95.4116204687326, 29.7960123692321]]}, "properties": {"centerlineid": 10083100, "roadclass": "LOCAL", "fullname": "W 14TH ST", "fromleft": 1401, "toleft": 1499, "fromright": 1400, "toright": 1498, "onewaydir": " "}}, {"type": "Feature", "geometry": {"type": "LineString", "coordinates": [[-95.3992914110765, 29.8070025093755], [-95.3994362787913, 29.8070100290646], [-95.4015040054777, 29.8069776311358]]}, "properties": {"centerlineid": 10083109, "roadclass": "LOCAL", "fullname": "W 23RD ST", "fromleft": 201, "toleft": 299, "fromright": 200, "toright": 298, "onewaydir": " "}}, {"type": "Feature", "geometry": {"type": "LineString", "coordinates": [[-95.4013588766426, 29.7998595804508], [-95.4024499966208, 29.7998443049721]]}, "properties": {"centerlineid": 10083223, "roadclass": "LOCAL", "fullname": "W 16TH ST", "fromleft": 301, "toleft": 327, "fromright": 300, "toright": 326, "onewaydir": " "}}, {"type": "Feature", "geometry": {"type": "LineString", "coordinates": [[-95.4081568111639, 29.8099208438285], [-95.4084009257236, 29.8099244536633], [-95.410262382606, 29.8098998360404]]}, "properties": {"centerlineid": 10083841, "roadclass": "LOCAL", "fullname": "W 26TH ST", "fromleft": 601, "toleft": 699, "fromright": 600, "toright": 698, "onewaydir": " "}}, {"type": "Feature", "geometry": {"type": "LineString", "coordinates": [[-95.4037927908652, 29.8120378028947], [-95.406035693529, 29.8120035681489]]}, "properties": {"centerlineid": 10083910, "roadclass": "LOCAL", "fullname": "W 28TH ST", "fromleft": 401, "toleft": 499, "fromright": 400, "toright": 498, "onewaydir": " "}}, {"type": "Feature", "geometry": {"type": "LineString", "coordinates": [[-95.3991693467133, 29.7998880945974], [-95.3991693250537, 29.8009066700385]]}, "properties": {"centerlineid": 10086328, "roadclass": "MAJOR", "fullname": "YALE ST", "fromleft": 1601, "toleft": 1699, "fromright": 1600, "toright": 1698, "onewaydir": " "}}, {"type": "Feature", "geometry": {"type": "LineString", "coordinates": [[-95.3944696860002, 29.8040328405495], [-95.3945000221168, 29.8054766976724], [-95.3944999931708, 29.8060717834716]]}, "properties": {"centerlineid": 10086377, "roadclass": "LOCAL", "fullname": "ARLINGTON ST", "fromleft": 2001, "toleft": 2199, "fromright": 2000, "toright": 2198, "onewaydir": " "}}, {"type": "Feature", "geometry": {"type": "LineString", "coordinates": [[-95.3911125435151, 29.8061041828868], [-95.3911130694638, 29.8073259803939]]}, "properties": {"centerlineid": 10086407, "roadclass": "LOCAL", "fullname": "GOSTICK ST", "fromleft": 2201, "toleft": 2299, "fromright": 2200, "toright": 2298, "onewaydir": " "}}, {"type": "Feature", "geometry": {"type": "LineString", "coordinates": [[-95.3977656304073, 29.7943777341808], [-95.3977959683797, 29.7962259150907]]}, "properties": {"centerlineid": 10086427, "roadclass": "MAJOR", "fullname": "HEIGHTS BLVD", "fromleft": 1301, "toleft": 1399, "fromright": 1300, "toright": 1398, "onewaydir": " "}}, {"type": "Feature", "geometry": {"type": "LineString", "coordinates": [[-95.392295202446, 29.8050685049336], [-95.3922951779035, 29.805417379591], [-95.3923104846841, 29.806092794614]]}, "properties": {"centerlineid": 10086553, "roadclass": "LOCAL", "fullname": "OXFORD ST", "fromleft": 2101, "toleft": 2199, "fromright": 2100, "toright": 2198, "onewaydir": " "}}, {"type": "Feature", "geometry": {"type": "LineString", "coordinates": [[-95.3879389095908, 29.8038286081264], [-95.3880379399879, 29.8040805147304]]}, "properties": {"centerlineid": 10086557, "roadclass": "MAJOR", "fullname": "N MAIN ST", "fromleft": 5831, "toleft": 5899, "fromright": 5830, "toright": 5898, "onewaydir": " "}}, {"type": "Feature", "geometry": {"type": "LineString", "coordinates": [[-95.3894799696804, 29.8013988273766], [-95.3894875279204, 29.8021252984064]]}, "properties": {"centerlineid": 10086578, "roadclass": "LOCAL", "fullname": "BEVERLY ST", "fromleft": 1717, "toleft": 1799, "fromright": 1716, "toright": 1798, "onewaydir": " "}}, {"type": "Feature", "geometry": {"type": "LineString", "coordinates": [[-95.3879158733747, 29.7949919797437], [-95.387921724075, 29.7954569904583]]}, "properties": {"centerlineid": 10086599, "roadclass": "MAJOR", "fullname": "STUDEWOOD ST", "fromleft": 1311, "toleft": 1329, "fromright": 1310, "toright": 1328, "onewaydir": " "}}, {"type": "Feature", "geometry": {"type": "LineString", "coordinates": [[-95.4102470772083, 29.808875553791], [-95.4102548165937, 29.8093980937879]]}, "properties": {"centerlineid": 10084258, "roadclass": "MAJOR", "fullname": "N SHEPHERD DR", "fromleft": 2501, "toleft": 2509, "fromright": 2500, "toright": 2508, "onewaydir": "TF"}}, {"type": "Feature", "geometry": {"type": "LineString", "coordinates": [[-95.4102395384017, 29.8083776732858], [-95.4102470772083, 29.808875553791]]}, "properties": {"centerlineid": 10084265, "roadclass": "MAJOR", "fullname": "N SHEPHERD DR", "fromleft": 2411, "toleft": 2499, "fromright": 2410, "toright": 2498, "onewaydir": "TF"}}, {"type": "Feature", "geometry": {"type": "LineString", "coordinates": [[-95.3965295931018, 29.7962469081567], [-95.3965599605529, 29.798095137109]]}, "properties": {"centerlineid": 10086639, "roadclass": "LOCAL", "fullname": "HARVARD ST", "fromleft": 1401, "toleft": 1499, "fromright": 1400, "toright": 1498, "onewaydir": " "}}, {"type": "Feature", "geometry": {"type": "LineString", "coordinates": [[-95.392295202446, 29.8050685049336], [-95.3910975254419, 29.8050817616314]]}, "properties": {"centerlineid": 10086735, "roadclass": "LOCAL", "fullname": "E 21ST ST", "fromleft": 601, "toleft": 699, "fromright": 600, "toright": 698, "onewaydir": " "}}, {"type": "Feature", "geometry": {"type": "LineString", "coordinates": [[-95.3932258731382, 29.7962946276274], [-95.3921121744207, 29.7963099166802]]}, "properties": {"centerlineid": 10086746, "roadclass": "LOCAL", "fullname": "E 14TH ST", "fromleft": 501, "toleft": 599, "fromright": 500, "toright": 598, "onewaydir": " "}}, {"type": "Feature", "geometry": {"type": "LineString", "coordinates": [[-95.3965295931018, 29.7962469081567], [-95.3954231893431, 29.7962640489956]]}, "properties": {"centerlineid": 10086758, "roadclass": "LOCAL", "fullname": "E 14TH ST", "fromleft": 201, "toleft": 299, "fromright": 200, "toright": 298, "onewaydir": " "}}, {"type": "Feature", "geometry": {"type": "LineString", "coordinates": [[-95.403785026653, 29.8115381023661], [-95.4037927586259, 29.8119616097728], [-95.4037927908652, 29.8120378028947]]}, "properties": {"centerlineid": 10084406, "roadclass": "LOCAL", "fullname": "ASHLAND ST", "fromleft": 2717, "toleft": 2799, "fromright": 2716, "toright": 2798, "onewaydir": " "}}, {"type": "Feature", "geometry": {"type": "LineString", "coordinates": [[-95.3892358718122, 29.8073402078716], [-95.3895333825382, 29.8081659381359]]}, "properties": {"centerlineid": 10084589, "roadclass": "MAJOR", "fullname": "N MAIN ST", "fromleft": 6301, "toleft": 6399, "fromright": 6300, "toright": 6398, "onewaydir": " "}}, {"type": "Feature", "geometry": {"type": "LineString", "coordinates": [[-95.394614578283, 29.8114217177296], [-95.3946298470778, 29.8121046660287], [-95.3946373526759, 29.8122438581961]]}, "properties": {"centerlineid": 10084703, "roadclass": "LOCAL", "fullname": "ARLINGTON ST", "fromleft": 2701, "toleft": 2799, "fromright": 2700, "toright": 2798, "onewaydir": " "}}, {"type": "Feature", "geometry": {"type": "LineString", "coordinates": [[-95.3905480682233, 29.8089880459504], [-95.3898384419851, 29.8089955908424]]}, "properties": {"centerlineid": 10084876, "roadclass": "LOCAL", "fullname": "E 25TH ST", "fromleft": 719, "toleft": 799, "fromright": 718, "toright": 798, "onewaydir": " "}}, {"type": "Feature", "geometry": {"type": "LineString", "coordinates": [[-95.4202570154265, 29.8046888104198], [-95.4223625858936, 29.804673524638]]}, "properties": {"centerlineid": 10082838, "roadclass": "LOCAL", "fullname": "W 21ST ST", "fromleft": 1201, "toleft": 1299, "fromright": 1200, "toright": 1298, "onewaydir": " "}}, {"type": "Feature", "geometry": {"type": "LineString", "coordinates": [[-95.4045404696179, 29.7942784817049], [-95.4056238832578, 29.7942652556636]]}, "properties": {"centerlineid": 10082988, "roadclass": "LOCAL", "fullname": "W 13TH ST", "fromleft": 701, "toleft": 799, "fromright": 700, "toright": 798, "onewaydir": " "}}, {"type": "Feature", "geometry": {"type": "LineString", "coordinates": [[-95.4067606286769, 29.7942307956392], [-95.4067987047798, 29.7960849006093]]}, "properties": {"centerlineid": 10082990, "roadclass": "LOCAL", "fullname": "BLAIR ST", "fromleft": 1301, "toleft": 1399, "fromright": 1300, "toright": 1398, "onewaydir": " "}}, {"type": "Feature", "geometry": {"type": "LineString", "coordinates": [[-95.4044718381185, 29.7906012629513], [-95.4045174280046, 29.7924437571921]]}, "properties": {"centerlineid": 10083033, "roadclass": "LOCAL", "fullname": "WAVERLY ST", "fromleft": 1101, "toleft": 1199, "fromright": 1100, "toright": 1198, "onewaydir": " "}}, {"type": "Feature", "geometry": {"type": "LineString", "coordinates": [[-95.4034874797104, 29.7961478815511], [-95.4035255646647, 29.7979864971895]]}, "properties": {"centerlineid": 10083035, "roadclass": "LOCAL", "fullname": "ASHLAND ST", "fromleft": 1401, "toleft": 1499, "fromright": 1400, "toright": 1498, "onewaydir": " "}}, {"type": "Feature", "geometry": {"type": "LineString", "coordinates": [[-95.4056542180984, 29.7960963117116], [-95.4056772521806, 29.797166208029], [-95.4056847735705, 29.797883371772], [-95.405684775952, 29.7979559378742]]}, "properties": {"centerlineid": 10083039, "roadclass": "LOCAL", "fullname": "NICHOLSON ST", "fromleft": 1401, "toleft": 1499, "fromright": 1400, "toright": 1498, "onewaydir": " "}}, {"type": "Feature", "geometry": {"type": "LineString", "coordinates": [[-95.4139701728237, 29.7959641131561], [-95.4143060198771, 29.7959514288174]]}, "properties": {"centerlineid": 10083070, "roadclass": "LOCAL", "fullname": "W 14TH ST", "fromleft": 1801, "toleft": 1803, "fromright": 1800, "toright": 1802, "onewaydir": " "}}, {"type": "Feature", "geometry": {"type": "LineString", "coordinates": [[-95.4180977944863, 29.805730224752], [-95.4181055790384, 29.8061098666458], [-95.4181205962476, 29.8067391680513]]}, "properties": {"centerlineid": 10083075, "roadclass": "LOCAL", "fullname": "BEALL ST", "fromleft": 2201, "toleft": 2299, "fromright": 2200, "toright": 2298, "onewaydir": " "}}, {"type": "Feature", "geometry": {"type": "LineString", "coordinates": [[-95.4058755516615, 29.8028463644995], [-95.4080347157888, 29.8028139467545]]}, "properties": {"centerlineid": 10083127, "roadclass": "LOCAL", "fullname": "W 19TH ST", "fromleft": 501, "toleft": 599, "fromright": 500, "toright": 598, "onewaydir": " "}}, {"type": "Feature", "geometry": {"type": "LineString", "coordinates": [[-95.4099746519414, 29.7941764529212], [-95.4107964742261, 29.7941656218249]]}, "properties": {"centerlineid": 10083144, "roadclass": "LOCAL", "fullname": "W 13TH ST", "fromleft": 1301, "toleft": 1399, "fromright": 1300, "toright": 1398, "onewaydir": " "}}, {"type": "Feature", "geometry": {"type": "LineString", "coordinates": [[-95.4121165182815, 29.8007140954413], [-95.4121621076159, 29.8009084988639], [-95.4121849371449, 29.8009963283701], [-95.4122307954363, 29.8017287486508]]}, "properties": {"centerlineid": 10083229, "roadclass": "MAJOR", "fullname": "N DURHAM DR", "fromleft": 1701, "toleft": 1799, "fromright": 1700, "toright": 1798, "onewaydir": "TF"}}, {"type": "Feature", "geometry": {"type": "LineString", "coordinates": [[-95.4059975874582, 29.8099627992467], [-95.4060051343383, 29.8104796140605]]}, "properties": {"centerlineid": 10083815, "roadclass": "LOCAL", "fullname": "NICHOLSON ST", "fromleft": 2601, "toleft": 2609, "fromright": 2600, "toright": 2608, "onewaydir": " "}}, {"type": "Feature", "geometry": {"type": "LineString", "coordinates": [[-95.3966744866278, 29.8040079750951], [-95.3966972992889, 29.8055358223009], [-95.3966973311057, 29.8058639049031], [-95.3967050396433, 29.8060336660473]]}, "properties": {"centerlineid": 10086376, "roadclass": "LOCAL", "fullname": "HARVARD ST", "fromleft": 2001, "toleft": 2199, "fromright": 2000, "toright": 2198, "onewaydir": " "}}, {"type": "Feature", "geometry": {"type": "LineString", "coordinates": [[-95.4234995563448, 29.8097357598633], [-95.4235096102285, 29.8099774081506], [-95.4235096621097, 29.8099786586009], [-95.4236569314295, 29.8099839559729], [-95.4236753881108, 29.8099861537475], [-95.4236930429115, 29.8099913357212], [-95.4237092673522, 29.8099993174247], [-95.423723483871, 29.8100098147237], [-95.4237351863845, 29.8100224539329], [-95.4237439583025, 29.8100367851184], [-95.4237494873589, 29.810052298115], [-95.4237515767271, 29.8100684406868], [-95.4237610833238, 29.8105308046889], [-95.4237592087607, 29.8105511962762], [-95.4237528199617, 29.8105708799608], [-95.4237421611733, 29.8105891032189], [-95.4237276398882, 29.8106051693597], [-95.4237098112661, 29.8106184641606], [-95.4236893569101, 29.8106284793493], [-95.4236670588081, 29.8106348320362], [-95.4236437694367, 29.8106372793524], [-95.4234308720011, 29.8106413667145], [-95.4234126440809, 29.8106401915109], [-95.4233950067684, 29.81063600934], [-95.4233786061622, 29.8106289734051], [-95.423364043057, 29.8106193414502], [-95.4233518509347, 29.8106074663175], [-95.4233424764221, 29.8105937830223], [-95.4233362629292, 29.8105787928173], [-95.42333343807, 29.8105630448303], [-95.4233092902887, 29.810096459444], [-95.4233104724109, 29.8100759702094], [-95.4233160876265, 29.8100560480693], [-95.4233259322337, 29.8100374157252], [-95.4233396491046, 29.8100207490895], [-95.4233567406404, 29.8100066527654], [-95.4233765868232, 29.8099956381148], [-95.4233984677072, 29.8099881047079], [-95.4234215895363, 29.8099843258282], [-95.4235096102285, 29.8099774081506]]}, "properties": {"centerlineid": 10084199, "roadclass": "PRIVATE", "fullname": "SHADY ACRES LANDING", "fromleft": 2601, "toleft": 2699, "fromright": 2600, "toright": 2698, "onewaydir": " "}}, {"type": "Feature", "geometry": {"type": "LineString", "coordinates": [[-95.3880304234033, 29.8017857785483], [-95.3880303933391, 29.8018679270876]]}, "properties": {"centerlineid": 10086459, "roadclass": "MAJOR", "fullname": "STUDEWOOD ST", "fromleft": 1727, "toleft": 1729, "fromright": 1726, "toright": 1728, "onewaydir": " "}}, {"type": "Feature", "geometry": {"type": "LineString", "coordinates": [[-95.3921730943123, 29.799083120352], [-95.3921808662896, 29.7999834752414]]}, "properties": {"centerlineid": 10086480, "roadclass": "LOCAL", "fullname": "OXFORD ST", "fromleft": 1525, "toleft": 1599, "fromright": 1524, "toright": 1598, "onewaydir": " "}}, {"type": "Feature", "geometry": {"type": "LineString", "coordinates": [[-95.3966439331077, 29.8019672115792], [-95.3966744866278, 29.8040079750951]]}, "properties": {"centerlineid": 10086566, "roadclass": "LOCAL", "fullname": "HARVARD ST", "fromleft": 1801, "toleft": 1999, "fromright": 1800, "toright": 1998, "onewaydir": " "}}, {"type": "Feature", "geometry": {"type": "LineString", "coordinates": [[-95.399085332178, 29.7962184156046], [-95.3991234524928, 29.7980417317838]]}, "properties": {"centerlineid": 10086641, "roadclass": "MAJOR", "fullname": "YALE ST", "fromleft": 1401, "toleft": 1499, "fromright": 1400, "toright": 1498, "onewaydir": " "}}, {"type": "Feature", "geometry": {"type": "LineString", "coordinates": [[-95.3977656304073, 29.7943777341808], [-95.3985514173084, 29.7943701946806], [-95.3989174082146, 29.7943663058199], [-95.399047269364, 29.794358815705]]}, "properties": {"centerlineid": 10086656, "roadclass": "LOCAL", "fullname": "W 13TH ST", "fromleft": 101, "toleft": 199, "fromright": 100, "toright": 198, "onewaydir": " "}}, {"type": "Feature", "geometry": {"type": "LineString", "coordinates": [[-95.3984902913065, 29.8049845432674], [-95.3987725591231, 29.8049767774195], [-95.3992608352599, 29.8049653778371]]}, "properties": {"centerlineid": 10086666, "roadclass": "LOCAL", "fullname": "W 21ST ST", "fromleft": 101, "toleft": 199, "fromright": 100, "toright": 198, "onewaydir": " "}}, {"type": "Feature", "geometry": {"type": "LineString", "coordinates": [[-95.3964456426735, 29.7925676385153], [-95.3953469710855, 29.7925829387205]]}, "properties": {"centerlineid": 10086721, "roadclass": "LOCAL", "fullname": "E 12TH ST", "fromleft": 201, "toleft": 299, "fromright": 200, "toright": 298, "onewaydir": " "}}, {"type": "Feature", "geometry": {"type": "LineString", "coordinates": [[-95.4099568706793, 29.8131850613303], [-95.4103235454112, 29.8131727382204]]}, "properties": {"centerlineid": 10084434, "roadclass": "FRONTAGE", "fullname": "N LOOP FWY W", "fromleft": 0, "toleft": 0, "fromright": 696, "toright": 698, "onewaydir": " "}}, {"type": "Feature", "geometry": {"type": "LineString", "coordinates": [[-95.3901512937971, 29.8098176859456], [-95.3904337357696, 29.8106416105767]]}, "properties": {"centerlineid": 10084651, "roadclass": "MAJOR", "fullname": "N MAIN ST", "fromleft": 6601, "toleft": 6619, "fromright": 6600, "toright": 6618, "onewaydir": " "}}, {"type": "Feature", "geometry": {"type": "LineString", "coordinates": [[-95.3871681301202, 29.8106856609087], [-95.3871912090872, 29.8115171169773]]}, "properties": {"centerlineid": 10084796, "roadclass": "LOCAL", "fullname": "PRINCETON ST", "fromleft": 2601, "toleft": 2699, "fromright": 2600, "toright": 2698, "onewaydir": " "}}, {"type": "Feature", "geometry": {"type": "LineString", "coordinates": [[-95.3908609063988, 29.8106454824049], [-95.3905633337136, 29.8106511940252], [-95.3904337357696, 29.8106416105767]]}, "properties": {"centerlineid": 10084880, "roadclass": "LOCAL", "fullname": "E 26TH ST", "fromleft": 627, "toleft": 699, "fromright": 626, "toright": 698, "onewaydir": " "}}, {"type": "Feature", "geometry": {"type": "LineString", "coordinates": [[-95.3993762099839, 29.8105315743173], [-95.3988870854016, 29.8105234183782], [-95.3975137161756, 29.8105482954875]]}, "properties": {"centerlineid": 10084906, "roadclass": "LOCAL", "fullname": "E 26TH ST", "fromleft": 101, "toleft": 199, "fromright": 100, "toright": 198, "onewaydir": " "}}, {"type": "Feature", "geometry": {"type": "LineString", "coordinates": [[-95.3872140480079, 29.8123436366215], [-95.3869105486073, 29.8123520995878], [-95.3863520005164, 29.8123583610727], [-95.3860352722713, 29.8123634291115], [-95.3860116868936, 29.8123652307264], [-95.3859886102277, 29.8123698456999], [-95.3859664814014, 29.8123771862133], [-95.3859457215066, 29.8123871125833], [-95.3859303558849, 29.8123957115852]]}, "properties": {"centerlineid": 10084918, "roadclass": "LOCAL", "fullname": "E 28TH ST", "fromleft": 901, "toleft": 1099, "fromright": 900, "toright": 1098, "onewaydir": " "}}, {"type": "Feature", "geometry": {"type": "LineString", "coordinates": [[-95.417949521162, 29.7986837058242], [-95.4199718565233, 29.7986605091658]]}, "properties": {"centerlineid": 10195301, "roadclass": "LOCAL", "fullname": "W 15TH 1/2 ST", "fromleft": 1101, "toleft": 1199, "fromright": 1100, "toright": 1198, "onewaydir": " "}}, {"type": "Feature", "geometry": {"type": "LineString", "coordinates": [[-95.4218928647797, 29.7955219725854], [-95.4218633018468, 29.7954280401308], [-95.4218406900763, 29.7953701191347], [-95.421944571787, 29.7952188500387]]}, "properties": {"centerlineid": 10082914, "roadclass": "LOCAL", "fullname": "PARKERHAVEN CT", "fromleft": 1201, "toleft": 1299, "fromright": 1200, "toright": 1298, "onewaydir": " "}}, {"type": "Feature", "geometry": {"type": "LineString", "coordinates": [[-95.417949521162, 29.7986837058242], [-95.4179729071865, 29.7996673515056], [-95.4179729518536, 29.7996692471811]]}, "properties": {"centerlineid": 10083005, "roadclass": "LOCAL", "fullname": "BEALL ST", "fromleft": 1527, "toleft": 1599, "fromright": 1526, "toright": 1598, "onewaydir": " "}}, {"type": "Feature", "geometry": {"type": "LineString", "coordinates": [[-95.4000847764667, 29.7906621790994], [-95.4001077867373, 29.7924380633297], [-95.4001230896118, 29.7925046688011]]}, "properties": {"centerlineid": 10083032, "roadclass": "LOCAL", "fullname": "ALLSTON ST", "fromleft": 1101, "toleft": 1199, "fromright": 1100, "toright": 1198, "onewaydir": " "}}, {"type": "Feature", "geometry": {"type": "LineString", "coordinates": [[-95.4131920928325, 29.7959856814578], [-95.4132379475423, 29.7978434300823]]}, "properties": {"centerlineid": 10083067, "roadclass": "LOCAL", "fullname": "PRINCE ST", "fromleft": 1401, "toleft": 1499, "fromright": 1400, "toright": 1498, "onewaydir": " "}}, {"type": "Feature", "geometry": {"type": "LineString", "coordinates": [[-95.4100868868577, 29.7997258442398], [-95.4100946775669, 29.8007483010318]]}, "properties": {"centerlineid": 10083084, "roadclass": "MAJOR", "fullname": "N SHEPHERD DR", "fromleft": 1601, "toleft": 1699, "fromright": 1600, "toright": 1698, "onewaydir": "TF"}}, {"type": "Feature", "geometry": {"type": "LineString", "coordinates": [[-95.3992226954456, 29.8039641536801], [-95.4014352865938, 29.803937464987]]}, "properties": {"centerlineid": 10083117, "roadclass": "MAJOR", "fullname": "W 20TH ST", "fromleft": 201, "toleft": 299, "fromright": 200, "toright": 298, "onewaydir": " "}}, {"type": "Feature", "geometry": {"type": "LineString", "coordinates": [[-95.4122841786548, 29.8047803082044], [-95.4179529343961, 29.8047098302652], [-95.4180672063041, 29.8047137208385]]}, "properties": {"centerlineid": 10083132, "roadclass": "LOCAL", "fullname": "W 21ST ST", "fromleft": 801, "toleft": 1099, "fromright": 800, "toright": 1098, "onewaydir": " "}}, {"type": "Feature", "geometry": {"type": "LineString", "coordinates": [[-95.4139890586827, 29.7946455233293], [-95.4140029905561, 29.7946345865819], [-95.4140180868745, 29.7946248965178], [-95.4140342015875, 29.7946165468841], [-95.414051178792, 29.7946096184596], [-95.414068854241, 29.794604178274], [-95.4140870569322, 29.7946002789586], [-95.4141056107627, 29.7945979582375], [-95.4141243362325, 29.7945972385627], [-95.4145348974622, 29.79459908272]]}, "properties": {"centerlineid": 10083198, "roadclass": "LOCAL", "fullname": "WYNNWOOD LN", "fromleft": 901, "toleft": 913, "fromright": 900, "toright": 912, "onewaydir": " "}}, {"type": "Feature", "geometry": {"type": "LineString", "coordinates": [[-95.4123223081396, 29.8068117252094], [-95.4123300458634, 29.807328543275]]}, "properties": {"centerlineid": 10083233, "roadclass": "MAJOR", "fullname": "N DURHAM DR", "fromleft": 2301, "toleft": 2313, "fromright": 2300, "toright": 2312, "onewaydir": "TF"}}, {"type": "Feature", "geometry": {"type": "LineString", "coordinates": [[-95.4037546966787, 29.8100161996071], [-95.4059975874582, 29.8099627992467]]}, "properties": {"centerlineid": 10083679, "roadclass": "LOCAL", "fullname": "W 26TH ST", "fromleft": 401, "toleft": 499, "fromright": 400, "toright": 498, "onewaydir": " "}}, {"type": "Feature", "geometry": {"type": "LineString", "coordinates": [[-95.4081186996254, 29.8078912401628], [-95.4081262126292, 29.8083987034329]]}, "properties": {"centerlineid": 10083680, "roadclass": "LOCAL", "fullname": "LAWRENCE ST", "fromleft": 2401, "toleft": 2409, "fromright": 2400, "toright": 2408, "onewaydir": " "}}, {"type": "Feature", "geometry": {"type": "LineString", "coordinates": [[-95.3993643091968, 29.8100657235789], [-95.3993762099839, 29.8105315743173]]}, "properties": {"centerlineid": 10083808, "roadclass": "MAJOR", "fullname": "YALE ST", "fromleft": 2601, "toleft": 2615, "fromright": 2600, "toright": 2614, "onewaydir": " "}}, {"type": "Feature", "geometry": {"type": "LineString", "coordinates": [[-95.4015845152825, 29.8110511045549], [-95.4037850085408, 29.8110440966631]]}, "properties": {"centerlineid": 10084027, "roadclass": "LOCAL", "fullname": "W 27TH ST", "fromleft": 301, "toleft": 399, "fromright": 300, "toright": 398, "onewaydir": " "}}, {"type": "Feature", "geometry": {"type": "LineString", "coordinates": [[-95.3932870253318, 29.79997593541], [-95.39331761916, 29.8012023820304], [-95.3933328998975, 29.8020052988787]]}, "properties": {"centerlineid": 10086452, "roadclass": "LOCAL", "fullname": "COLUMBIA ST", "fromleft": 1601, "toleft": 1799, "fromright": 1600, "toright": 1798, "onewaydir": " "}}, {"type": "Feature", "geometry": {"type": "LineString", "coordinates": [[-95.3953089043512, 29.7907404542617], [-95.3953469710855, 29.7925829387205]]}, "properties": {"centerlineid": 10086455, "roadclass": "LOCAL", "fullname": "CORTLANDT ST", "fromleft": 1101, "toleft": 1199, "fromright": 1100, "toright": 1198, "onewaydir": " "}}, {"type": "Feature", "geometry": {"type": "LineString", "coordinates": [[-95.3871072203515, 29.797074748276], [-95.3877189646649, 29.7970637902334], [-95.3878472058314, 29.7970614790466], [-95.3879389303306, 29.7970843230822]]}, "properties": {"centerlineid": 10086472, "roadclass": "LOCAL", "fullname": "ALGREGG ST", "fromleft": 1125, "toleft": 1199, "fromright": 1124, "toright": 1198, "onewaydir": " "}}, {"type": "Feature", "geometry": {"type": "LineString", "coordinates": [[-95.3910975254419, 29.8050817616314], [-95.3910975141191, 29.8053850030751], [-95.391097491825, 29.8054881298705]]}, "properties": {"centerlineid": 10086554, "roadclass": "LOCAL", "fullname": "GOSTICK ST", "fromleft": 2031, "toleft": 2107, "fromright": 2030, "toright": 2106, "onewaydir": " "}}, {"type": "Feature", "geometry": {"type": "LineString", "coordinates": [[-95.4123606537566, 29.8088431456017], [-95.4147790113954, 29.8088317408628]]}, "properties": {"centerlineid": 10084254, "roadclass": "LOCAL", "fullname": "W 25TH ST", "fromleft": 801, "toleft": 899, "fromright": 800, "toright": 898, "onewaydir": " "}}, {"type": "Feature", "geometry": {"type": "LineString", "coordinates": [[-95.3978723881398, 29.7999129773078], [-95.3965905202406, 29.7999318791219]]}, "properties": {"centerlineid": 10086693, "roadclass": "LOCAL", "fullname": "E 16TH ST", "fromleft": 101, "toleft": 199, "fromright": 100, "toright": 198, "onewaydir": " "}}, {"type": "Feature", "geometry": {"type": "LineString", "coordinates": [[-95.3966744866278, 29.8040079750951], [-95.3955605567999, 29.8040289632383]]}, "properties": {"centerlineid": 10086738, "roadclass": "MAJOR", "fullname": "E 20TH ST", "fromleft": 201, "toleft": 299, "fromright": 200, "toright": 298, "onewaydir": " "}}, {"type": "Feature", "geometry": {"type": "LineString", "coordinates": [[-95.3966439331077, 29.8019672115792], [-95.3955452454165, 29.8019861444139]]}, "properties": {"centerlineid": 10086749, "roadclass": "LOCAL", "fullname": "E 18TH ST", "fromleft": 201, "toleft": 299, "fromright": 200, "toright": 298, "onewaydir": " "}}, {"type": "Feature", "geometry": {"type": "LineString", "coordinates": [[-95.3979105062065, 29.801944128925], [-95.3966439331077, 29.8019672115792]]}, "properties": {"centerlineid": 10086750, "roadclass": "LOCAL", "fullname": "E 18TH ST", "fromleft": 101, "toleft": 199, "fromright": 100, "toright": 198, "onewaydir": " "}}, {"type": "Feature", "geometry": {"type": "LineString", "coordinates": [[-95.3993883094521, 29.8113648125574], [-95.3993919474383, 29.8116106268344], [-95.3994006406178, 29.8121075209979]]}, "properties": {"centerlineid": 10084413, "roadclass": "MAJOR", "fullname": "YALE ST", "fromleft": 2707, "toleft": 2799, "fromright": 2706, "toright": 2798, "onewaydir": " "}}, {"type": "Feature", "geometry": {"type": "LineString", "coordinates": [[-95.3899988327101, 29.7926441017757], [-95.3883507526943, 29.7926591520674], [-95.3878807181854, 29.7926741828112]]}, "properties": {"centerlineid": 10086761, "roadclass": "LOCAL", "fullname": "E 12TH ST", "fromleft": 701, "toleft": 799, "fromright": 700, "toright": 798, "onewaydir": " "}}, {"type": "Feature", "geometry": {"type": "LineString", "coordinates": [[-95.3891977626307, 29.8098290812473], [-95.3892130068841, 29.8106607905998]]}, "properties": {"centerlineid": 10084580, "roadclass": "LOCAL", "fullname": "CORNELL ST", "fromleft": 2501, "toleft": 2599, "fromright": 2500, "toright": 2598, "onewaydir": " "}}, {"type": "Feature", "geometry": {"type": "LineString", "coordinates": [[-95.3960229225055, 29.8097295819861], [-95.3945983807528, 29.8097593833124]]}, "properties": {"centerlineid": 10084904, "roadclass": "LOCAL", "fullname": "AURORA ST", "fromleft": 301, "toleft": 399, "fromright": 300, "toright": 398, "onewaydir": " "}}, {"type": "Feature", "geometry": {"type": "LineString", "coordinates": [[-95.3895333825382, 29.8081659381359], [-95.3893960135708, 29.8081545172297], [-95.389354733545, 29.8081559171388], [-95.3888009799599, 29.8081737034708], [-95.3878015806785, 29.8081869219789], [-95.3871209143639, 29.8081975581776]]}, "properties": {"centerlineid": 10084917, "roadclass": "LOCAL", "fullname": "E 24TH ST", "fromleft": 801, "toleft": 899, "fromright": 800, "toright": 898, "onewaydir": " "}}, {"type": "Feature", "geometry": {"type": "LineString", "coordinates": [[-95.3994013779839, 29.8121851243873], [-95.3989174020472, 29.8121886409534], [-95.3975595524828, 29.8122038869791]]}, "properties": {"centerlineid": 10084953, "roadclass": "LOCAL", "fullname": "E 28TH ST", "fromleft": 101, "toleft": 199, "fromright": 100, "toright": 198, "onewaydir": " "}}, {"type": "Feature", "geometry": {"type": "LineString", "coordinates": [[-95.4230340644299, 29.7974448432862], [-95.4234231312967, 29.7981943710769], [-95.4236837367288, 29.7988690938267], [-95.4238924481857, 29.7994765026783], [-95.4241968861135, 29.8001652744347], [-95.4245370497365, 29.8007177370579], [-95.424954588029, 29.8012816894203], [-95.4253381829239, 29.8018010707645]]}, "properties": {"centerlineid": 10082715, "roadclass": "MAJOR", "fullname": "E T C JESTER BLVD", "fromleft": 1301, "toleft": 1899, "fromright": 1300, "toright": 1898, "onewaydir": " "}}, {"type": "Feature", "geometry": {"type": "LineString", "coordinates": [[-95.4223169222928, 29.8027128508897], [-95.4223550099596, 29.8037295985957]]}, "properties": {"centerlineid": 10082840, "roadclass": "LOCAL", "fullname": "BEVIS ST", "fromleft": 1901, "toleft": 1999, "fromright": 1900, "toright": 1998, "onewaydir": " "}}, {"type": "Feature", "geometry": {"type": "LineString", "coordinates": [[-95.4178890890755, 29.7955665255444], [-95.4183336247965, 29.7955784043038], [-95.4214492740099, 29.7955911479108]]}, "properties": {"centerlineid": 10082892, "roadclass": "LOCAL", "fullname": "W 14TH ST", "fromleft": 2001, "toleft": 2099, "fromright": 2000, "toright": 2098, "onewaydir": " "}}, {"type": "Feature", "geometry": {"type": "LineString", "coordinates": [[-95.4002145587469, 29.798039917737], [-95.400252690897, 29.7998710010353]]}, "properties": {"centerlineid": 10082938, "roadclass": "LOCAL", "fullname": "ALLSTON ST", "fromleft": 1501, "toleft": 1599, "fromright": 1500, "toright": 1598, "onewaydir": " "}}, {"type": "Feature", "geometry": {"type": "LineString", "coordinates": [[-95.405951756451, 29.8058942638308], [-95.4059595008276, 29.8063978265729]]}, "properties": {"centerlineid": 10082972, "roadclass": "LOCAL", "fullname": "NICHOLSON ST", "fromleft": 2201, "toleft": 2215, "fromright": 2200, "toright": 2214, "onewaydir": " "}}, {"type": "Feature", "geometry": {"type": "LineString", "coordinates": [[-95.4061958686448, 29.792418854702], [-95.4070656792177, 29.7923978886619]]}, "properties": {"centerlineid": 10082995, "roadclass": "LOCAL", "fullname": "W 12TH ST", "fromleft": 901, "toleft": 999, "fromright": 900, "toright": 998, "onewaydir": " "}}, {"type": "Feature", "geometry": {"type": "LineString", "coordinates": [[-95.4080956622769, 29.8068918210259], [-95.4085152686986, 29.806884317951], [-95.4100487812406, 29.8068632908744], [-95.4102167450523, 29.80684802127]]}, "properties": {"centerlineid": 10083048, "roadclass": "LOCAL", "fullname": "W 23RD ST", "fromleft": 601, "toleft": 699, "fromright": 600, "toright": 698, "onewaydir": " "}}, {"type": "Feature", "geometry": {"type": "LineString", "coordinates": [[-95.4132685235414, 29.7996973251343], [-95.4140694462752, 29.7996820524269]]}, "properties": {"centerlineid": 10083089, "roadclass": "LOCAL", "fullname": "W 16TH ST", "fromleft": 821, "toleft": 899, "fromright": 820, "toright": 898, "onewaydir": " "}}, {"type": "Feature", "geometry": {"type": "LineString", "coordinates": [[-95.4063409805566, 29.7997888417005], [-95.4068749183773, 29.7997794775345]]}, "properties": {"centerlineid": 10083097, "roadclass": "LOCAL", "fullname": "W 16TH ST", "fromleft": 509, "toleft": 525, "fromright": 508, "toright": 524, "onewaydir": " "}}, {"type": "Feature", "geometry": {"type": "LineString", "coordinates": [[-95.4079738503345, 29.7997774259828], [-95.4079888422682, 29.8007806892397]]}, "properties": {"centerlineid": 10083098, "roadclass": "LOCAL", "fullname": "LAWRENCE ST", "fromleft": 1601, "toleft": 1699, "fromright": 1600, "toright": 1698, "onewaydir": " "}}, {"type": "Feature", "geometry": {"type": "LineString", "coordinates": [[-95.403563935971, 29.799844285521], [-95.4035791845811, 29.8008454980738]]}, "properties": {"centerlineid": 10083173, "roadclass": "LOCAL", "fullname": "ASHLAND ST", "fromleft": 1601, "toleft": 1699, "fromright": 1600, "toright": 1698, "onewaydir": " "}}, {"type": "Feature", "geometry": {"type": "LineString", "coordinates": [[-95.4175180183995, 29.8136439034066], [-95.420295120429, 29.8136304445892]]}, "properties": {"centerlineid": 10083883, "roadclass": "LOCAL", "fullname": "W 30TH ST", "fromleft": 1001, "toleft": 1099, "fromright": 1000, "toright": 1098, "onewaydir": " "}}, {"type": "Feature", "geometry": {"type": "LineString", "coordinates": [[-95.3888543289988, 29.8041282318647], [-95.3889230184845, 29.8043513622354], [-95.3890909500902, 29.8048129596864]]}, "properties": {"centerlineid": 10086420, "roadclass": "LOCAL", "fullname": "SHELDON ST", "fromleft": 2001, "toleft": 2009, "fromright": 2000, "toright": 2008, "onewaydir": " "}}, {"type": "Feature", "geometry": {"type": "LineString", "coordinates": [[-95.3991693250537, 29.8009066700385], [-95.3991921614532, 29.801913810713]]}, "properties": {"centerlineid": 10086449, "roadclass": "MAJOR", "fullname": "YALE ST", "fromleft": 1701, "toleft": 1799, "fromright": 1700, "toright": 1798, "onewaydir": " "}}, {"type": "Feature", "geometry": {"type": "LineString", "coordinates": [[-95.4059976038596, 29.8079331926066], [-95.4081186996254, 29.8078912401628]]}, "properties": {"centerlineid": 10084362, "roadclass": "LOCAL", "fullname": "W 24TH ST", "fromleft": 501, "toleft": 599, "fromright": 500, "toright": 598, "onewaydir": " "}}, {"type": "Feature", "geometry": {"type": "LineString", "coordinates": [[-95.3897469714686, 29.7992204734764], [-95.3881218923073, 29.7992471694786], [-95.3880456771181, 29.799247162694], [-95.3879845366403, 29.7991784845685]]}, "properties": {"centerlineid": 10086734, "roadclass": "LOCAL", "fullname": "PEDDIE ST", "fromleft": 801, "toleft": 899, "fromright": 800, "toright": 898, "onewaydir": " "}}, {"type": "Feature", "geometry": {"type": "LineString", "coordinates": [[-95.3955452454165, 29.8019861444139], [-95.3944237922101, 29.8019957101327]]}, "properties": {"centerlineid": 10086748, "roadclass": "LOCAL", "fullname": "E 18TH ST", "fromleft": 301, "toleft": 399, "fromright": 300, "toright": 398, "onewaydir": " "}}, {"type": "Feature", "geometry": {"type": "LineString", "coordinates": [[-95.3920663413701, 29.7935520041767], [-95.3911508890063, 29.7935556410443], [-95.3899988558702, 29.7935729510243]]}, "properties": {"centerlineid": 10086760, "roadclass": "LOCAL", "fullname": "E 12TH 1/2 ST", "fromleft": 601, "toleft": 699, "fromright": 600, "toright": 698, "onewaydir": " "}}, {"type": "Feature", "geometry": {"type": "LineString", "coordinates": [[-95.3956064074301, 29.8060603684206], [-95.3944999931708, 29.8060717834716]]}, "properties": {"centerlineid": 10086781, "roadclass": "LOCAL", "fullname": "E 22ND ST", "fromleft": 301, "toleft": 399, "fromright": 300, "toright": 398, "onewaydir": " "}}, {"type": "Feature", "geometry": {"type": "LineString", "coordinates": [[-95.3974450090801, 29.8070159805619], [-95.396727868531, 29.8070253150194]]}, "properties": {"centerlineid": 10086790, "roadclass": "LOCAL", "fullname": "E 23RD ST", "fromleft": 201, "toleft": 207, "fromright": 200, "toright": 206, "onewaydir": " "}}, {"type": "Feature", "geometry": {"type": "LineString", "coordinates": [[-95.3970101545975, 29.8130200958315], [-95.395598640278, 29.8131784544918], [-95.3951868322885, 29.8132090136981]]}, "properties": {"centerlineid": 10085116, "roadclass": "RAMP", "fullname": "EB 610 N MAIN EXIT RAMP", "fromleft": 0, "toleft": 0, "fromright": 0, "toright": 0, "onewaydir": "FT"}}, {"type": "Feature", "geometry": {"type": "LineString", "coordinates": [[-95.4223244626674, 29.8016847148199], [-95.4238426927333, 29.8017000141161], [-95.4242983954622, 29.8017043689312], [-95.4243266554436, 29.8017068927988], [-95.4243539235179, 29.8017138401522], [-95.4243792972345, 29.8017249810653], [-95.4244019368364, 29.8017399468239], [-95.424421093053, 29.8017582421283], [-95.4244361318969, 29.8017792614856], [-95.4244465556466, 29.8018023092485], [-95.4244520193188, 29.8018266226378], [-95.42446834812, 29.801965147413], [-95.4244770200631, 29.8020125431954], [-95.4244906862088, 29.802059035147], [-95.424509229163, 29.8021042238731], [-95.4245324896364, 29.8021477211738], [-95.4245602678124, 29.8021891533793], [-95.4245923250635, 29.8022281645599], [-95.4246283860014, 29.8022644195835], [-95.4246681408422, 29.8022976069951], [-95.4247125303689, 29.8023313704899]]}, "properties": {"centerlineid": 10082772, "roadclass": "LOCAL", "fullname": "W 18TH ST", "fromleft": 1301, "toleft": 1399, "fromright": 1300, "toright": 1398, "onewaydir": " "}}, {"type": "Feature", "geometry": {"type": "LineString", "coordinates": [[-95.4222482595991, 29.7986502771027], [-95.4222710107593, 29.7996450858244], [-95.4222710737042, 29.7996478271095]]}, "properties": {"centerlineid": 10082803, "roadclass": "LOCAL", "fullname": "BEVIS ST", "fromleft": 1501, "toleft": 1599, "fromright": 1500, "toright": 1598, "onewaydir": " "}}, {"type": "Feature", "geometry": {"type": "LineString", "coordinates": [[-95.4057840155661, 29.8008130892551], [-95.4057915443803, 29.801009544886], [-95.4058068747425, 29.8018259495132]]}, "properties": {"centerlineid": 10083024, "roadclass": "LOCAL", "fullname": "NICHOLSON ST", "fromleft": 1701, "toleft": 1799, "fromright": 1700, "toright": 1798, "onewaydir": " "}}, {"type": "Feature", "geometry": {"type": "LineString", "coordinates": [[-95.4046242478549, 29.7979694080513], [-95.4046547966039, 29.7998212165128]]}, "properties": {"centerlineid": 10083092, "roadclass": "LOCAL", "fullname": "WAVERLY ST", "fromleft": 1501, "toleft": 1599, "fromright": 1500, "toright": 1598, "onewaydir": " "}}, {"type": "Feature", "geometry": {"type": "LineString", "coordinates": [[-95.4014352865938, 29.803937464987], [-95.4036476840192, 29.8039011967427]]}, "properties": {"centerlineid": 10083118, "roadclass": "MAJOR", "fullname": "W 20TH ST", "fromleft": 301, "toleft": 399, "fromright": 300, "toright": 398, "onewaydir": " "}}, {"type": "Feature", "geometry": {"type": "LineString", "coordinates": [[-95.4224695686934, 29.8087190173094], [-95.422492375975, 29.8097396362151]]}, "properties": {"centerlineid": 10083641, "roadclass": "LOCAL", "fullname": "BEVIS ST", "fromleft": 2501, "toleft": 2599, "fromright": 2500, "toright": 2598, "onewaydir": " "}}, {"type": "Feature", "geometry": {"type": "LineString", "coordinates": [[-95.420295120429, 29.8136304445892], [-95.4224846552299, 29.8136172076954]]}, "properties": {"centerlineid": 10083884, "roadclass": "LOCAL", "fullname": "W 30TH ST", "fromleft": 1101, "toleft": 1199, "fromright": 1100, "toright": 1198, "onewaydir": " "}}, {"type": "Feature", "geometry": {"type": "LineString", "coordinates": [[-95.3954537626226, 29.798102887392], [-95.3954843358191, 29.7999492609849]]}, "properties": {"centerlineid": 10086332, "roadclass": "LOCAL", "fullname": "CORTLANDT ST", "fromleft": 1501, "toleft": 1599, "fromright": 1500, "toright": 1598, "onewaydir": " "}}, {"type": "Feature", "geometry": {"type": "LineString", "coordinates": [[-95.3909676690493, 29.7970614742182], [-95.3909754272311, 29.7977690626455]]}, "properties": {"centerlineid": 10086337, "roadclass": "LOCAL", "fullname": "HALL PL", "fromleft": 1401, "toleft": 1443, "fromright": 1400, "toright": 1442, "onewaydir": " "}}, {"type": "Feature", "geometry": {"type": "LineString", "coordinates": [[-95.3871300579676, 29.7984517524244], [-95.3877280665139, 29.7984373525467], [-95.3879236431222, 29.7984328083759], [-95.3879770365613, 29.7984823441147]]}, "properties": {"centerlineid": 10086350, "roadclass": "LOCAL", "fullname": "LE GREEN ST", "fromleft": 1123, "toleft": 1199, "fromright": 1122, "toright": 1198, "onewaydir": " "}}, {"type": "Feature", "geometry": {"type": "LineString", "coordinates": [[-95.3902658334334, 29.8047880832819], [-95.3902733586358, 29.8051314858665], [-95.3902886476903, 29.8053640163426], [-95.3902886172435, 29.8054899355251]]}, "properties": {"centerlineid": 10086371, "roadclass": "LOCAL", "fullname": "SINGLETON ST", "fromleft": 2011, "toleft": 2199, "fromright": 2010, "toright": 2198, "onewaydir": " "}}, {"type": "Feature", "geometry": {"type": "LineString", "coordinates": [[-95.3943856696488, 29.7999681843299], [-95.3943856878851, 29.8000521484566], [-95.3944085097778, 29.8011850249301], [-95.3944237922101, 29.8019957101327]]}, "properties": {"centerlineid": 10086453, "roadclass": "LOCAL", "fullname": "ARLINGTON ST", "fromleft": 1601, "toleft": 1799, "fromright": 1600, "toright": 1798, "onewaydir": " "}}, {"type": "Feature", "geometry": {"type": "LineString", "coordinates": [[-95.3933328998975, 29.8020052988787], [-95.3933557225997, 29.8036264622219], [-95.3933709966062, 29.8040481273635]]}, "properties": {"centerlineid": 10086458, "roadclass": "LOCAL", "fullname": "COLUMBIA ST", "fromleft": 1801, "toleft": 1999, "fromright": 1800, "toright": 1998, "onewaydir": " "}}, {"type": "Feature", "geometry": {"type": "LineString", "coordinates": [[-95.3922495466899, 29.803040962685], [-95.3922723803577, 29.8040688976828]]}, "properties": {"centerlineid": 10086525, "roadclass": "LOCAL", "fullname": "OXFORD ST", "fromleft": 1901, "toleft": 1999, "fromright": 1900, "toright": 1998, "onewaydir": " "}}, {"type": "Feature", "geometry": {"type": "LineString", "coordinates": [[-95.3989785908145, 29.7906870307979], [-95.3990166643016, 29.7925160695125]]}, "properties": {"centerlineid": 10086552, "roadclass": "MAJOR", "fullname": "YALE ST", "fromleft": 1101, "toleft": 1199, "fromright": 1100, "toright": 1198, "onewaydir": " "}}, {"type": "Feature", "geometry": {"type": "LineString", "coordinates": [[-95.4081262126292, 29.8083987034329], [-95.4081415030513, 29.808915491983]]}, "properties": {"centerlineid": 10084355, "roadclass": "LOCAL", "fullname": "LAWRENCE ST", "fromleft": 2411, "toleft": 2499, "fromright": 2410, "toright": 2498, "onewaydir": " "}}, {"type": "Feature", "geometry": {"type": "LineString", "coordinates": [[-95.3931878031399, 29.7944502816984], [-95.3920815909639, 29.7944655863627]]}, "properties": {"centerlineid": 10086705, "roadclass": "LOCAL", "fullname": "E 13TH ST", "fromleft": 501, "toleft": 599, "fromright": 500, "toright": 598, "onewaydir": " "}}, {"type": "Feature", "geometry": {"type": "LineString", "coordinates": [[-95.3909676690493, 29.7970614742182], [-95.3908761985161, 29.7970480326101], [-95.3897163811951, 29.7970747135594]]}, "properties": {"centerlineid": 10086745, "roadclass": "LOCAL", "fullname": "ALGREGG ST", "fromleft": 701, "toleft": 799, "fromright": 700, "toright": 798, "onewaydir": " "}}, {"type": "Feature", "geometry": {"type": "LineString", "coordinates": [[-95.4081871650976, 29.8119693546946], [-95.4082101907972, 29.8125527774247]]}, "properties": {"centerlineid": 10084410, "roadclass": "LOCAL", "fullname": "LAWRENCE ST", "fromleft": 2801, "toleft": 2899, "fromright": 2800, "toright": 2898, "onewaydir": " "}}, {"type": "Feature", "geometry": {"type": "LineString", "coordinates": [[-95.4136498265917, 29.8131460249439], [-95.4148401662934, 29.8131193449409]]}, "properties": {"centerlineid": 10084451, "roadclass": "FRONTAGE", "fullname": "N LOOP FWY W", "fromleft": 0, "toleft": 0, "fromright": 800, "toright": 898, "onewaydir": "FT"}}, {"type": "Feature", "geometry": {"type": "LineString", "coordinates": [[-95.4103235454112, 29.8131727382204], [-95.4116129236959, 29.8131556214161]]}, "properties": {"centerlineid": 10084454, "roadclass": "FRONTAGE", "fullname": "N LOOP FWY W", "fromleft": 0, "toleft": 0, "fromright": 700, "toright": 714, "onewaydir": "FT"}}, {"type": "Feature", "geometry": {"type": "LineString", "coordinates": [[-95.4202798338384, 29.8131709217518], [-95.4224696056325, 29.8131537842737], [-95.4225987154031, 29.8131530884502], [-95.4240793350283, 29.8131460254288], [-95.4254296491302, 29.8131403101678]]}, "properties": {"centerlineid": 10084455, "roadclass": "FRONTAGE", "fullname": "N LOOP FWY W", "fromleft": 0, "toleft": 0, "fromright": 1100, "toright": 1298, "onewaydir": "FT"}}, {"type": "Feature", "geometry": {"type": "LineString", "coordinates": [[-95.3922495466899, 29.803040962685], [-95.3904871634432, 29.8030694819196]]}, "properties": {"centerlineid": 10086767, "roadclass": "LOCAL", "fullname": "E 19TH ST", "fromleft": 601, "toleft": 699, "fromright": 600, "toright": 698, "onewaydir": " "}}, {"type": "Feature", "geometry": {"type": "LineString", "coordinates": [[-95.394556996882, 29.8081000468424], [-95.3945767520208, 29.8089277362648]]}, "properties": {"centerlineid": 10084587, "roadclass": "LOCAL", "fullname": "ARLINGTON ST", "fromleft": 2401, "toleft": 2499, "fromright": 2400, "toright": 2498, "onewaydir": " "}}, {"type": "Feature", "geometry": {"type": "LineString", "coordinates": [[-95.3923944619057, 29.8106130765857], [-95.3908609063988, 29.8106454824049]]}, "properties": {"centerlineid": 10084879, "roadclass": "LOCAL", "fullname": "E 26TH ST", "fromleft": 601, "toleft": 625, "fromright": 600, "toright": 624, "onewaydir": " "}}, {"type": "Feature", "geometry": {"type": "LineString", "coordinates": [[-95.394614578283, 29.8114217177296], [-95.3935158972285, 29.8114390560042]]}, "properties": {"centerlineid": 10084922, "roadclass": "LOCAL", "fullname": "E 27TH ST", "fromleft": 401, "toleft": 499, "fromright": 400, "toright": 498, "onewaydir": " "}}, {"type": "Feature", "geometry": {"type": "LineString", "coordinates": [[-95.3960120602694, 29.8089116488055], [-95.3945767520208, 29.8089277362648]]}, "properties": {"centerlineid": 10084939, "roadclass": "LOCAL", "fullname": "E 25TH ST", "fromleft": 301, "toleft": 399, "fromright": 300, "toright": 398, "onewaydir": " "}}, {"type": "Feature", "geometry": {"type": "LineString", "coordinates": [[-95.4101174748396, 29.8017611577699], [-95.4112695296465, 29.8017440455228], [-95.4122307954363, 29.8017287486508]]}, "properties": {"centerlineid": 10082925, "roadclass": "LOCAL", "fullname": "W 18TH ST", "fromleft": 701, "toleft": 799, "fromright": 700, "toright": 798, "onewaydir": " "}}, {"type": "Feature", "geometry": {"type": "LineString", "coordinates": [[-95.4100412921056, 29.7978911270908], [-95.4108651900236, 29.7978833720723]]}, "properties": {"centerlineid": 10082953, "roadclass": "LOCAL", "fullname": "W 15TH ST", "fromleft": 1301, "toleft": 1399, "fromright": 1300, "toright": 1398, "onewaydir": " "}}, {"type": "Feature", "geometry": {"type": "LineString", "coordinates": [[-95.4067987047798, 29.7960849006093], [-95.4068445846296, 29.7979310715849]]}, "properties": {"centerlineid": 10083043, "roadclass": "LOCAL", "fullname": "BLAIR ST", "fromleft": 1401, "toleft": 1499, "fromright": 1400, "toright": 1498, "onewaydir": " "}}, {"type": "Feature", "geometry": {"type": "LineString", "coordinates": [[-95.4068445846296, 29.7979310715849], [-95.4068749183773, 29.7997794775345]]}, "properties": {"centerlineid": 10083044, "roadclass": "LOCAL", "fullname": "BLAIR ST", "fromleft": 1501, "toleft": 1599, "fromright": 1500, "toright": 1598, "onewaydir": " "}}, {"type": "Feature", "geometry": {"type": "LineString", "coordinates": [[-95.4122461238827, 29.8027452654484], [-95.4180439872637, 29.802717924492]]}, "properties": {"centerlineid": 10083062, "roadclass": "LOCAL", "fullname": "W 19TH ST", "fromleft": 801, "toleft": 1099, "fromright": 800, "toright": 1098, "onewaydir": " "}}, {"type": "Feature", "geometry": {"type": "LineString", "coordinates": [[-95.4179729518536, 29.7996692471811], [-95.4179927205294, 29.8006850223963]]}, "properties": {"centerlineid": 10083091, "roadclass": "LOCAL", "fullname": "BEALL ST", "fromleft": 1601, "toleft": 1699, "fromright": 1600, "toright": 1698, "onewaydir": " "}}, {"type": "Feature", "geometry": {"type": "LineString", "coordinates": [[-95.4123300458634, 29.807328543275], [-95.4123453637586, 29.8078284946124]]}, "properties": {"centerlineid": 10083231, "roadclass": "MAJOR", "fullname": "N DURHAM DR", "fromleft": 2315, "toleft": 2399, "fromright": 2314, "toright": 2398, "onewaydir": "TF"}}, {"type": "Feature", "geometry": {"type": "LineString", "coordinates": [[-95.3921808662896, 29.7999834752414], [-95.3921959166918, 29.8010248321611]]}, "properties": {"centerlineid": 10086324, "roadclass": "LOCAL", "fullname": "OXFORD ST", "fromleft": 1601, "toleft": 1627, "fromright": 1600, "toright": 1626, "onewaydir": " "}}, {"type": "Feature", "geometry": {"type": "LineString", "coordinates": [[-95.3965599605529, 29.798095137109], [-95.3965905202406, 29.7999318791219]]}, "properties": {"centerlineid": 10086327, "roadclass": "LOCAL", "fullname": "HARVARD ST", "fromleft": 1501, "toleft": 1599, "fromright": 1500, "toright": 1598, "onewaydir": " "}}, {"type": "Feature", "geometry": {"type": "LineString", "coordinates": [[-95.3880457067009, 29.8037980414968], [-95.3880379399879, 29.8040805147304]]}, "properties": {"centerlineid": 10086340, "roadclass": "MAJOR", "fullname": "STUDEWOOD ST", "fromleft": 1925, "toleft": 1999, "fromright": 1924, "toright": 1998, "onewaydir": " "}}, {"type": "Feature", "geometry": {"type": "LineString", "coordinates": [[-95.3861612275542, 29.8039527645468], [-95.3877341722006, 29.8039742526471], [-95.3877780741607, 29.8039772384376], [-95.3878212126088, 29.8039849496662], [-95.3878629214756, 29.8039972672694], [-95.3879025567644, 29.8040140010601], [-95.3880379399879, 29.8040805147304]]}, "properties": {"centerlineid": 10086469, "roadclass": "MAJOR", "fullname": "W CAVALCADE ST", "fromleft": 1101, "toleft": 1199, "fromright": 1100, "toright": 1198, "onewaydir": " "}}, {"type": "Feature", "geometry": {"type": "LineString", "coordinates": [[-95.38696240938, 29.8025752693043], [-95.3877655007052, 29.8025672861948], [-95.38799982489, 29.8025622489959], [-95.3880532145101, 29.8025622466476]]}, "properties": {"centerlineid": 10086499, "roadclass": "LOCAL", "fullname": "DUNBAR ST", "fromleft": 1121, "toleft": 1199, "fromright": 1120, "toright": 1198, "onewaydir": " "}}, {"type": "Feature", "geometry": {"type": "LineString", "coordinates": [[-95.3953469710855, 29.7925829387205], [-95.3942483521325, 29.7926057687179]]}, "properties": {"centerlineid": 10086720, "roadclass": "LOCAL", "fullname": "E 12TH ST", "fromleft": 301, "toleft": 399, "fromright": 300, "toright": 398, "onewaydir": " "}}, {"type": "Feature", "geometry": {"type": "LineString", "coordinates": [[-95.3921808662896, 29.7999834752414], [-95.391333908261, 29.8000062638128], [-95.3911584022681, 29.7999967017799], [-95.391028839021, 29.799975955579]]}, "properties": {"centerlineid": 10086743, "roadclass": "LOCAL", "fullname": "E 16TH ST", "fromleft": 601, "toleft": 699, "fromright": 600, "toright": 698, "onewaydir": " "}}, {"type": "Feature", "geometry": {"type": "LineString", "coordinates": [[-95.4120628727629, 29.8124594529921], [-95.4124349582002, 29.8124660614362]]}, "properties": {"centerlineid": 10084437, "roadclass": "FRONTAGE", "fullname": "N LOOP FWY W", "fromleft": 801, "toleft": 805, "fromright": 0, "toright": 0, "onewaydir": " "}}, {"type": "Feature", "geometry": {"type": "LineString", "coordinates": [[-95.3992760866678, 29.8060031082521], [-95.3987878442583, 29.8060088333604], [-95.3967050396433, 29.8060336660473]]}, "properties": {"centerlineid": 10086793, "roadclass": "LOCAL", "fullname": "E 22ND ST", "fromleft": 101, "toleft": 199, "fromright": 100, "toright": 198, "onewaydir": " "}}, {"type": "Feature", "geometry": {"type": "LineString", "coordinates": [[-95.419013479957, 29.8126769185585], [-95.4173578416796, 29.8125203947987], [-95.4168848602752, 29.8124765888336], [-95.4165033392031, 29.812406059531]]}, "properties": {"centerlineid": 10084572, "roadclass": "RAMP", "fullname": "EB 610 N DURHAM EXIT RAMP", "fromleft": 0, "toleft": 0, "fromright": 0, "toright": 0, "onewaydir": "TF"}}, {"type": "Feature", "geometry": {"type": "LineString", "coordinates": [[-95.3934898380666, 29.8097744088725], [-95.3935084062728, 29.810600485528]]}, "properties": {"centerlineid": 10084653, "roadclass": "LOCAL", "fullname": "COLUMBIA ST", "fromleft": 2601, "toleft": 2619, "fromright": 2600, "toright": 2618, "onewaydir": " "}}, {"type": "Feature", "geometry": {"type": "LineString", "coordinates": [[-95.3898384419851, 29.8089955908424], [-95.3901512937971, 29.8098176859456]]}, "properties": {"centerlineid": 10084785, "roadclass": "MAJOR", "fullname": "N MAIN ST", "fromleft": 6501, "toleft": 6599, "fromright": 6500, "toright": 6598, "onewaydir": " "}}, {"type": "Feature", "geometry": {"type": "LineString", "coordinates": [[-95.3993083307346, 29.8076662870091], [-95.3988259255852, 29.8076776608918], [-95.39744502129, 29.8077025189273]]}, "properties": {"centerlineid": 10084913, "roadclass": "LOCAL", "fullname": "E 24TH ST", "fromleft": 101, "toleft": 199, "fromright": 100, "toright": 198, "onewaydir": " "}}, {"type": "Feature", "geometry": {"type": "LineString", "coordinates": [[-95.4140595309977, 29.7986955191841], [-95.4140694462752, 29.7996820524269]]}, "properties": {"centerlineid": 10082943, "roadclass": "LOCAL", "fullname": "DIAN ST", "fromleft": 1521, "toleft": 1599, "fromright": 1520, "toright": 1598, "onewaydir": " "}}, {"type": "Feature", "geometry": {"type": "LineString", "coordinates": [[-95.410125031135, 29.8027872352759], [-95.4101555761464, 29.8038133232918]]}, "properties": {"centerlineid": 10083001, "roadclass": "MAJOR", "fullname": "N SHEPHERD DR", "fromleft": 1901, "toleft": 1999, "fromright": 1900, "toright": 1998, "onewaydir": "TF"}}, {"type": "Feature", "geometry": {"type": "LineString", "coordinates": [[-95.4061502749043, 29.7905649654339], [-95.4061958686448, 29.792418854702]]}, "properties": {"centerlineid": 10083030, "roadclass": "LOCAL", "fullname": "HERKIMER ST", "fromleft": 1101, "toleft": 1199, "fromright": 1100, "toright": 1198, "onewaydir": " "}}, {"type": "Feature", "geometry": {"type": "LineString", "coordinates": [[-95.4091866696156, 29.796045056504], [-95.4100029336674, 29.7960372504922]]}, "properties": {"centerlineid": 10083064, "roadclass": "LOCAL", "fullname": "W 14TH ST", "fromleft": 1201, "toleft": 1299, "fromright": 1200, "toright": 1298, "onewaydir": " "}}, {"type": "Feature", "geometry": {"type": "LineString", "coordinates": [[-95.4075998015409, 29.7960639489687], [-95.4076073657148, 29.7968362805898], [-95.4076379285078, 29.7979292163438]]}, "properties": {"centerlineid": 10083183, "roadclass": "LOCAL", "fullname": "LAWRENCE ST", "fromleft": 1401, "toleft": 1499, "fromright": 1400, "toright": 1498, "onewaydir": " "}}, {"type": "Feature", "geometry": {"type": "LineString", "coordinates": [[-95.4131615144457, 29.7941470394432], [-95.4131920928325, 29.7959856814578]]}, "properties": {"centerlineid": 10083215, "roadclass": "LOCAL", "fullname": "PRINCE ST", "fromleft": 1301, "toleft": 1399, "fromright": 1300, "toright": 1398, "onewaydir": " "}}, {"type": "Feature", "geometry": {"type": "LineString", "coordinates": [[-95.4045174280046, 29.7924437571921], [-95.4045252085739, 29.7930883144862], [-95.4045480177169, 29.7939161344242], [-95.4045404696179, 29.7942784817049]]}, "properties": {"centerlineid": 10083226, "roadclass": "LOCAL", "fullname": "WAVERLY ST", "fromleft": 1201, "toleft": 1299, "fromright": 1200, "toright": 1298, "onewaydir": " "}}, {"type": "Feature", "geometry": {"type": "LineString", "coordinates": [[-95.4122461238827, 29.8027452654484], [-95.4122613928559, 29.8037695478322]]}, "properties": {"centerlineid": 10083237, "roadclass": "MAJOR", "fullname": "N DURHAM DR", "fromleft": 1901, "toleft": 1999, "fromright": 1900, "toright": 1998, "onewaydir": "TF"}}, {"type": "Feature", "geometry": {"type": "LineString", "coordinates": [[-95.4081415030513, 29.808915491983], [-95.408439050315, 29.8089118339054], [-95.4096672780911, 29.8088908671108], [-95.4102470772083, 29.808875553791]]}, "properties": {"centerlineid": 10083842, "roadclass": "LOCAL", "fullname": "W 25TH ST", "fromleft": 601, "toleft": 699, "fromright": 600, "toright": 698, "onewaydir": " "}}, {"type": "Feature", "geometry": {"type": "LineString", "coordinates": [[-95.4081186996254, 29.8078912401628], [-95.408477132713, 29.8078836777448], [-95.4102242808399, 29.8078702354726]]}, "properties": {"centerlineid": 10083843, "roadclass": "LOCAL", "fullname": "W 24TH ST", "fromleft": 601, "toleft": 699, "fromright": 600, "toright": 698, "onewaydir": " "}}, {"type": "Feature", "geometry": {"type": "LineString", "coordinates": [[-95.4147562338919, 29.8109145067371], [-95.4147799314056, 29.8109507710837], [-95.4147966673285, 29.8110020298976], [-95.4147986262282, 29.811046736205], [-95.4148096074811, 29.8117918357576], [-95.4148096113115, 29.8118281175156]]}, "properties": {"centerlineid": 10084506, "roadclass": "LOCAL", "fullname": "BRINKMAN ST", "fromleft": 2701, "toleft": 2725, "fromright": 2700, "toright": 2724, "onewaydir": " "}}, {"type": "Feature", "geometry": {"type": "LineString", "coordinates": [[-95.3879770365613, 29.7984823441147], [-95.3879845366403, 29.7991784845685]]}, "properties": {"centerlineid": 10086406, "roadclass": "MAJOR", "fullname": "STUDEWOOD ST", "fromleft": 1501, "toleft": 1525, "fromright": 1500, "toright": 1524, "onewaydir": " "}}, {"type": "Feature", "geometry": {"type": "LineString", "coordinates": [[-95.3956064074301, 29.8060603684206], [-95.3955986491368, 29.8072409388655]]}, "properties": {"centerlineid": 10086411, "roadclass": "LOCAL", "fullname": "CORTLANDT ST", "fromleft": 2201, "toleft": 2299, "fromright": 2200, "toright": 2298, "onewaydir": " "}}, {"type": "Feature", "geometry": {"type": "LineString", "coordinates": [[-95.3979105062065, 29.801944128925], [-95.3979333290641, 29.8029588519449]]}, "properties": {"centerlineid": 10086575, "roadclass": "MAJOR", "fullname": "HEIGHTS BLVD", "fromleft": 1801, "toleft": 1899, "fromright": 1800, "toright": 1898, "onewaydir": " "}}, {"type": "Feature", "geometry": {"type": "LineString", "coordinates": [[-95.410262382606, 29.8098998360404], [-95.4102776475442, 29.8104070412916], [-95.4102854389997, 29.8109220462675]]}, "properties": {"centerlineid": 10084257, "roadclass": "MAJOR", "fullname": "N SHEPHERD DR", "fromleft": 2601, "toleft": 2699, "fromright": 2600, "toright": 2698, "onewaydir": "TF"}}, {"type": "Feature", "geometry": {"type": "LineString", "coordinates": [[-95.3902658334334, 29.8047880832819], [-95.3894722453309, 29.8048072748367]]}, "properties": {"centerlineid": 10086700, "roadclass": "LOCAL", "fullname": "WILDER ST", "fromleft": 701, "toleft": 799, "fromright": 700, "toright": 798, "onewaydir": " "}}, {"type": "Feature", "geometry": {"type": "LineString", "coordinates": [[-95.4103157776334, 29.8119253337299], [-95.4104531147205, 29.8119424065516], [-95.4114831153046, 29.8119273708992], [-95.4122919557496, 29.8119157133837]]}, "properties": {"centerlineid": 10084505, "roadclass": "LOCAL", "fullname": "W 28TH ST", "fromleft": 701, "toleft": 799, "fromright": 700, "toright": 798, "onewaydir": " "}}, {"type": "Feature", "geometry": {"type": "LineString", "coordinates": [[-95.4103235293876, 29.8125050881745], [-95.4103235347968, 29.8127586528157], [-95.4103235407204, 29.8129791650674], [-95.4103235454112, 29.8131727382204]]}, "properties": {"centerlineid": 10084511, "roadclass": "MAJOR", "fullname": "N SHEPHERD DR", "fromleft": 0, "toleft": 0, "fromright": 0, "toright": 0, "onewaydir": "TF"}}, {"type": "Feature", "geometry": {"type": "LineString", "coordinates": [[-95.4124349582002, 29.8124660614362], [-95.4122559064988, 29.8125223175161], [-95.4122308447932, 29.812531219731], [-95.4122067034409, 29.8125418821674], [-95.4121836446788, 29.8125542331709], [-95.4121618234689, 29.812568189739], [-95.4121413864564, 29.8125836580796], [-95.4121224709847, 29.812600534241], [-95.412105204172, 29.8126187048105], [-95.4120897020574, 29.8126380476763], [-95.4120130368372, 29.812742585408], [-95.4119155964912, 29.8129222841321], [-95.4119080905772, 29.8129385512735], [-95.4119028387761, 29.8129554772679], [-95.4118999145048, 29.8129728255032], [-95.4118993586437, 29.8129903534647], [-95.4119011789645, 29.8130078161249], [-95.4119053500217, 29.8130249693694], [-95.4119118135083, 29.8130415734087], [-95.4119204790706, 29.8130573961309], [-95.4119312255716, 29.8130722163463], [-95.411943902784, 29.813085826879], [-95.4119583334904, 29.8130980374638], [-95.4119743159606, 29.8131086774059], [-95.4119916267718, 29.8131175979665], [-95.4120100239316, 29.8131246744424], [-95.412029250261, 29.8131298079098], [-95.4120490369898, 29.8131329266064], [-95.4122633738622, 29.8131554003134]]}, "properties": {"centerlineid": 10084551, "roadclass": "RAMP", "fullname": "EB 610 N DURHAM UTURN RAMP", "fromleft": 0, "toleft": 0, "fromright": 0, "toright": 0, "onewaydir": " "}}, {"type": "Feature", "geometry": {"type": "LineString", "coordinates": [[-95.3945983807528, 29.8097593833124], [-95.3946156773693, 29.8105936092497]]}, "properties": {"centerlineid": 10084655, "roadclass": "LOCAL", "fullname": "ARLINGTON ST", "fromleft": 2601, "toleft": 2605, "fromright": 2600, "toright": 2604, "onewaydir": " "}}, {"type": "Feature", "geometry": {"type": "LineString", "coordinates": [[-95.399298937494, 29.807530952955], [-95.3993083307346, 29.8076662870091], [-95.3993246368378, 29.808044381128]]}, "properties": {"centerlineid": 10084823, "roadclass": "MAJOR", "fullname": "YALE ST", "fromleft": 2311, "toleft": 2399, "fromright": 2310, "toright": 2398, "onewaydir": " "}}, {"type": "Feature", "geometry": {"type": "LineString", "coordinates": [[-95.3934735938528, 29.8089410907563], [-95.39237613686, 29.8089580333064]]}, "properties": {"centerlineid": 10084938, "roadclass": "LOCAL", "fullname": "E 25TH ST", "fromleft": 501, "toleft": 599, "fromright": 500, "toright": 598, "onewaydir": " "}}, {"type": "Feature", "geometry": {"type": "LineString", "coordinates": [[-95.4179927205294, 29.8006850223963], [-95.4200890492102, 29.8006663794773], [-95.4223091526236, 29.8006739238306]]}, "properties": {"centerlineid": 10082792, "roadclass": "LOCAL", "fullname": "W 17TH ST", "fromleft": 1101, "toleft": 1299, "fromright": 1100, "toright": 1298, "onewaydir": " "}}, {"type": "Feature", "geometry": {"type": "LineString", "coordinates": [[-95.4223550099596, 29.8037295985957], [-95.4223625858936, 29.804673524638]]}, "properties": {"centerlineid": 10082842, "roadclass": "LOCAL", "fullname": "BEVIS ST", "fromleft": 2001, "toleft": 2099, "fromright": 2000, "toright": 2098, "onewaydir": " "}}, {"type": "Feature", "geometry": {"type": "LineString", "coordinates": [[-95.4100946775669, 29.8007483010318], [-95.4112467221906, 29.8007311901374], [-95.4119560901954, 29.8007216174601], [-95.4121165182815, 29.8007140954413]]}, "properties": {"centerlineid": 10083027, "roadclass": "LOCAL", "fullname": "W 17TH ST", "fromleft": 701, "toleft": 799, "fromright": 700, "toright": 798, "onewaydir": " "}}, {"type": "Feature", "geometry": {"type": "LineString", "coordinates": [[-95.4080347157888, 29.8028139467545], [-95.4086526273097, 29.8028043608484], [-95.410125031135, 29.8027872352759]]}, "properties": {"centerlineid": 10083052, "roadclass": "LOCAL", "fullname": "W 19TH ST", "fromleft": 601, "toleft": 699, "fromright": 600, "toright": 698, "onewaydir": " "}}, {"type": "Feature", "geometry": {"type": "LineString", "coordinates": [[-95.408385660283, 29.7960561661316], [-95.4088888558826, 29.7960460350639], [-95.4091866696156, 29.796045056504]]}, "properties": {"centerlineid": 10083057, "roadclass": "LOCAL", "fullname": "W 14TH ST", "fromleft": 1101, "toleft": 1199, "fromright": 1100, "toright": 1198, "onewaydir": " "}}, {"type": "Feature", "geometry": {"type": "LineString", "coordinates": [[-95.4013894276058, 29.8018985260635], [-95.4035942765942, 29.8018526626446]]}, "properties": {"centerlineid": 10083168, "roadclass": "LOCAL", "fullname": "W 18TH ST", "fromleft": 301, "toleft": 399, "fromright": 300, "toright": 398, "onewaydir": " "}}, {"type": "Feature", "geometry": {"type": "LineString", "coordinates": [[-95.4115823501713, 29.7941659891832], [-95.4123681841516, 29.7941584625666]]}, "properties": {"centerlineid": 10083214, "roadclass": "LOCAL", "fullname": "W 13TH ST", "fromleft": 1501, "toleft": 1599, "fromright": 1500, "toright": 1598, "onewaydir": " "}}, {"type": "Feature", "geometry": {"type": "LineString", "coordinates": [[-95.4099344873028, 29.7923673030645], [-95.4099887948823, 29.794066374764], [-95.4099746519414, 29.7941764529212]]}, "properties": {"centerlineid": 10083218, "roadclass": "MAJOR", "fullname": "N SHEPHERD DR", "fromleft": 1201, "toleft": 1299, "fromright": 1200, "toright": 1298, "onewaydir": "TF"}}, {"type": "Feature", "geometry": {"type": "LineString", "coordinates": [[-95.4024499966208, 29.7998443049721], [-95.403563935971, 29.799844285521]]}, "properties": {"centerlineid": 10083224, "roadclass": "LOCAL", "fullname": "W 16TH ST", "fromleft": 329, "toleft": 399, "fromright": 328, "toright": 398, "onewaydir": " "}}, {"type": "Feature", "geometry": {"type": "LineString", "coordinates": [[-95.4061958686448, 29.792418854702], [-95.4062189045966, 29.7931437841949], [-95.4062342275975, 29.7939620047692], [-95.4062417614343, 29.7942460971711]]}, "properties": {"centerlineid": 10083225, "roadclass": "LOCAL", "fullname": "HERKIMER ST", "fromleft": 1201, "toleft": 1299, "fromright": 1200, "toright": 1298, "onewaydir": " "}}, {"type": "Feature", "geometry": {"type": "LineString", "coordinates": [[-95.401557394367, 29.8100351543058], [-95.4037546966787, 29.8100161996071]]}, "properties": {"centerlineid": 10083813, "roadclass": "LOCAL", "fullname": "W 26TH ST", "fromleft": 301, "toleft": 399, "fromright": 300, "toright": 398, "onewaydir": " "}}, {"type": "Feature", "geometry": {"type": "LineString", "coordinates": [[-95.3943628607467, 29.7981199719872], [-95.3943551076752, 29.7981808871258], [-95.3943856696488, 29.7999681843299]]}, "properties": {"centerlineid": 10086325, "roadclass": "LOCAL", "fullname": "ARLINGTON ST", "fromleft": 1501, "toleft": 1599, "fromright": 1500, "toright": 1598, "onewaydir": " "}}, {"type": "Feature", "geometry": {"type": "LineString", "coordinates": [[-95.3861612475375, 29.8046354445821], [-95.3861918085202, 29.8046354312006], [-95.387931172212, 29.8046222074621], [-95.388019711842, 29.804622222437], [-95.3880456857754, 29.8046222249551]]}, "properties": {"centerlineid": 10086498, "roadclass": "LOCAL", "fullname": "ROBBIE ST", "fromleft": 1101, "toleft": 1199, "fromright": 1100, "toright": 1198, "onewaydir": " "}}, {"type": "Feature", "geometry": {"type": "LineString", "coordinates": [[-95.3922342333327, 29.8020281126441], [-95.3922495466899, 29.803040962685]]}, "properties": {"centerlineid": 10086533, "roadclass": "LOCAL", "fullname": "OXFORD ST", "fromleft": 1801, "toleft": 1899, "fromright": 1800, "toright": 1898, "onewaydir": " "}}, {"type": "Feature", "geometry": {"type": "LineString", "coordinates": [[-95.3944237922101, 29.8019957101327], [-95.3944696860002, 29.8040328405495]]}, "properties": {"centerlineid": 10086567, "roadclass": "LOCAL", "fullname": "ARLINGTON ST", "fromleft": 1801, "toleft": 1999, "fromright": 1800, "toright": 1998, "onewaydir": " "}}, {"type": "Feature", "geometry": {"type": "LineString", "coordinates": [[-95.389739425103, 29.7985147040119], [-95.3897469714686, 29.7992204734764]]}, "properties": {"centerlineid": 10086569, "roadclass": "LOCAL", "fullname": "BEVERLY ST", "fromleft": 1501, "toleft": 1599, "fromright": 1500, "toright": 1598, "onewaydir": " "}}, {"type": "Feature", "geometry": {"type": "LineString", "coordinates": [[-95.3879192044598, 29.7945243210436], [-95.3879158733747, 29.7949919797437]]}, "properties": {"centerlineid": 10086598, "roadclass": "MAJOR", "fullname": "STUDEWOOD ST", "fromleft": 1301, "toleft": 1309, "fromright": 1300, "toright": 1308, "onewaydir": " "}}, {"type": "Feature", "geometry": {"type": "LineString", "coordinates": [[-95.399085332178, 29.7962184156046], [-95.400184011825, 29.7962069914249]]}, "properties": {"centerlineid": 10086644, "roadclass": "LOCAL", "fullname": "W 14TH ST", "fromleft": 201, "toleft": 299, "fromright": 200, "toright": 298, "onewaydir": " "}}, {"type": "Feature", "geometry": {"type": "LineString", "coordinates": [[-95.412398736079, 29.8108896288796], [-95.4123987672629, 29.811135841948], [-95.4123865570077, 29.8112920832792], [-95.412380312299, 29.811361600847], [-95.4123724544119, 29.8114309938626], [-95.4123629865669, 29.8115002338599], [-95.4123519126443, 29.8115692924356], [-95.4123070295483, 29.8118299230996], [-95.4122919557496, 29.8119157133837]]}, "properties": {"centerlineid": 10084412, "roadclass": "MAJOR", "fullname": "N DURHAM DR", "fromleft": 2701, "toleft": 2799, "fromright": 2700, "toright": 2798, "onewaydir": "TF"}}, {"type": "Feature", "geometry": {"type": "MultiLineString", "coordinates": [[[-95.3994057133533, 29.8126424523812], [-95.3994087466836, 29.8129057204202]], [[-95.3994087466836, 29.8129057204202], [-95.3994110708097, 29.8131076610114]], [[-95.3994110708097, 29.8131076610114], [-95.3994134931052, 29.8133178501385]]]}, "properties": {"centerlineid": 10084423, "roadclass": "MAJOR", "fullname": "YALE ST", "fromleft": 0, "toleft": 0, "fromright": 0, "toright": 0, "onewaydir": " "}}, {"type": "Feature", "geometry": {"type": "LineString", "coordinates": [[-95.4069969878703, 29.8125623650113], [-95.4082101907972, 29.8125527774247]]}, "properties": {"centerlineid": 10084466, "roadclass": "FRONTAGE", "fullname": "N LOOP FWY W", "fromleft": 525, "toleft": 599, "fromright": 0, "toright": 0, "onewaydir": "TF"}}, {"type": "Feature", "geometry": {"type": "LineString", "coordinates": [[-95.4124349582002, 29.8124660614362], [-95.4129937930993, 29.8124574310635], [-95.4149545101429, 29.8124174950045]]}, "properties": {"centerlineid": 10084479, "roadclass": "FRONTAGE", "fullname": "N LOOP FWY W", "fromleft": 807, "toleft": 899, "fromright": 0, "toright": 0, "onewaydir": "TF"}}, {"type": "Feature", "geometry": {"type": "LineString", "coordinates": [[-95.3891746970628, 29.8055643210965], [-95.3885948994955, 29.8055739147532]]}, "properties": {"centerlineid": 10086777, "roadclass": "LOCAL", "fullname": "E 21ST ST", "fromleft": 731, "toleft": 799, "fromright": 730, "toright": 798, "onewaydir": " "}}, {"type": "Feature", "geometry": {"type": "LineString", "coordinates": [[-95.3912576594858, 29.8089784484198], [-95.3905480682233, 29.8089880459504]]}, "properties": {"centerlineid": 10084875, "roadclass": "LOCAL", "fullname": "E 25TH ST", "fromleft": 701, "toleft": 717, "fromright": 700, "toright": 716, "onewaydir": " "}}, {"type": "Feature", "geometry": {"type": "LineString", "coordinates": [[-95.3975137161756, 29.8105482954875], [-95.3960413567455, 29.8105660315134]]}, "properties": {"centerlineid": 10084901, "roadclass": "LOCAL", "fullname": "E 26TH ST", "fromleft": 201, "toleft": 299, "fromright": 200, "toright": 298, "onewaydir": " "}}, {"type": "Feature", "geometry": {"type": "LineString", "coordinates": [[-95.3975061620839, 29.8097204705298], [-95.3961174992596, 29.8097300821373], [-95.3960229225055, 29.8097295819861]]}, "properties": {"centerlineid": 10084905, "roadclass": "LOCAL", "fullname": "AURORA ST", "fromleft": 201, "toleft": 299, "fromright": 200, "toright": 298, "onewaydir": " "}}, {"type": "Feature", "geometry": {"type": "LineString", "coordinates": [[-95.422858594682, 29.8027053509829], [-95.42383517124, 29.8026900532011], [-95.4238580180011, 29.8026880110927], [-95.424315741448, 29.8026651940027]]}, "properties": {"centerlineid": 10082720, "roadclass": "LOCAL", "fullname": "W 19TH ST", "fromleft": 1313, "toleft": 1499, "fromright": 1312, "toright": 1498, "onewaydir": " "}}, {"type": "Feature", "geometry": {"type": "LineString", "coordinates": [[-95.4226144524276, 29.7930997542793], [-95.4230949790206, 29.7935766270982], [-95.4233163498195, 29.7938474458345]]}, "properties": {"centerlineid": 10082814, "roadclass": "MAJOR", "fullname": "W T C JESTER BLVD", "fromleft": 1101, "toleft": 1199, "fromright": 1100, "toright": 1198, "onewaydir": " "}}, {"type": "Feature", "geometry": {"type": "LineString", "coordinates": [[-95.4223244626674, 29.8016847148199], [-95.4223169222928, 29.8027128508897]]}, "properties": {"centerlineid": 10082890, "roadclass": "LOCAL", "fullname": "BEVIS ST", "fromleft": 1801, "toleft": 1899, "fromright": 1800, "toright": 1898, "onewaydir": " "}}, {"type": "Feature", "geometry": {"type": "LineString", "coordinates": [[-95.4084543117289, 29.7997717046082], [-95.4087593820153, 29.7997642007233], [-95.4092554672953, 29.799746836459]]}, "properties": {"centerlineid": 10083055, "roadclass": "LOCAL", "fullname": "W 16TH ST", "fromleft": 617, "toleft": 627, "fromright": 616, "toright": 626, "onewaydir": " "}}, {"type": "Feature", "geometry": {"type": "LineString", "coordinates": [[-95.4057306537938, 29.7998136922557], [-95.4063409805566, 29.7997888417005]]}, "properties": {"centerlineid": 10083096, "roadclass": "LOCAL", "fullname": "W 16TH ST", "fromleft": 501, "toleft": 507, "fromright": 500, "toright": 506, "onewaydir": " "}}, {"type": "Feature", "geometry": {"type": "LineString", "coordinates": [[-95.4033654071386, 29.7906240962658], [-95.4034188219361, 29.7924437300732]]}, "properties": {"centerlineid": 10083130, "roadclass": "LOCAL", "fullname": "ASHLAND ST", "fromleft": 1101, "toleft": 1199, "fromright": 1100, "toright": 1198, "onewaydir": " "}}, {"type": "Feature", "geometry": {"type": "LineString", "coordinates": [[-95.4115823501713, 29.7941659891832], [-95.4116204687326, 29.7960123692321]]}, "properties": {"centerlineid": 10083240, "roadclass": "MAJOR", "fullname": "N DURHAM DR", "fromleft": 1301, "toleft": 1399, "fromright": 1300, "toright": 1398, "onewaydir": "TF"}}, {"type": "Feature", "geometry": {"type": "LineString", "coordinates": [[-95.4116204687326, 29.7960123692321], [-95.411651014706, 29.7978662678987]]}, "properties": {"centerlineid": 10083241, "roadclass": "MAJOR", "fullname": "N DURHAM DR", "fromleft": 1401, "toleft": 1499, "fromright": 1400, "toright": 1498, "onewaydir": "TF"}}, {"type": "Feature", "geometry": {"type": "LineString", "coordinates": [[-95.3993643091968, 29.8100657235789], [-95.401557394367, 29.8100351543058]]}, "properties": {"centerlineid": 10083814, "roadclass": "LOCAL", "fullname": "W 26TH ST", "fromleft": 201, "toleft": 299, "fromright": 200, "toright": 298, "onewaydir": " "}}, {"type": "Feature", "geometry": {"type": "LineString", "coordinates": [[-95.4224846552299, 29.8136172076954], [-95.4224999436909, 29.8143991343111]]}, "properties": {"centerlineid": 10083885, "roadclass": "LOCAL", "fullname": "BEVIS ST", "fromleft": 3001, "toleft": 3015, "fromright": 3000, "toright": 3014, "onewaydir": " "}}, {"type": "Feature", "geometry": {"type": "LineString", "coordinates": [[-95.4148401662934, 29.8131193449409], [-95.414842713499, 29.8132334246284], [-95.4148552394569, 29.8138040960869]]}, "properties": {"centerlineid": 10084035, "roadclass": "LOCAL", "fullname": "ATTRIDGE RD", "fromleft": 2901, "toleft": 2999, "fromright": 2900, "toright": 2998, "onewaydir": " "}}, {"type": "Feature", "geometry": {"type": "LineString", "coordinates": [[-95.3978340513785, 29.7980723047954], [-95.3978723881398, 29.7999129773078]]}, "properties": {"centerlineid": 10086336, "roadclass": "MAJOR", "fullname": "HEIGHTS BLVD", "fromleft": 1501, "toleft": 1599, "fromright": 1500, "toright": 1598, "onewaydir": " "}}, {"type": "Feature", "geometry": {"type": "LineString", "coordinates": [[-95.3954843358191, 29.7999492609849], [-95.3955149127999, 29.8011678910284], [-95.3955299890558, 29.8019288441489], [-95.3955452454165, 29.8019861444139]]}, "properties": {"centerlineid": 10086441, "roadclass": "LOCAL", "fullname": "CORTLANDT ST", "fromleft": 1601, "toleft": 1799, "fromright": 1600, "toright": 1798, "onewaydir": " "}}, {"type": "Feature", "geometry": {"type": "LineString", "coordinates": [[-95.3864359380825, 29.8019021741947], [-95.3877572731824, 29.8018736384859], [-95.3880226584516, 29.8018679511138], [-95.3880303933391, 29.8018679270876]]}, "properties": {"centerlineid": 10086500, "roadclass": "LOCAL", "fullname": "JEROME ST", "fromleft": 1101, "toleft": 1199, "fromright": 1100, "toright": 1198, "onewaydir": " "}}, {"type": "Feature", "geometry": {"type": "LineString", "coordinates": [[-95.396407533452, 29.790721292542], [-95.3964456426735, 29.7925676385153]]}, "properties": {"centerlineid": 10086551, "roadclass": "LOCAL", "fullname": "HARVARD ST", "fromleft": 1101, "toleft": 1199, "fromright": 1100, "toright": 1198, "onewaydir": " "}}, {"type": "Feature", "geometry": {"type": "LineString", "coordinates": [[-95.3993246368378, 29.808044381128], [-95.4015306230262, 29.8079969188845]]}, "properties": {"centerlineid": 10084358, "roadclass": "LOCAL", "fullname": "W 24TH ST", "fromleft": 201, "toleft": 299, "fromright": 200, "toright": 298, "onewaydir": " "}}, {"type": "Feature", "geometry": {"type": "LineString", "coordinates": [[-95.3964837514204, 29.7944064945953], [-95.3953850795275, 29.7944121674362]]}, "properties": {"centerlineid": 10086708, "roadclass": "LOCAL", "fullname": "E 13TH ST", "fromleft": 201, "toleft": 299, "fromright": 200, "toright": 298, "onewaydir": " "}}, {"type": "Feature", "geometry": {"type": "LineString", "coordinates": [[-95.3900216992977, 29.7944959480417], [-95.3882821108257, 29.7945264914667], [-95.3879192044598, 29.7945243210436]]}, "properties": {"centerlineid": 10086716, "roadclass": "LOCAL", "fullname": "E 13TH ST", "fromleft": 701, "toleft": 799, "fromright": 700, "toright": 798, "onewaydir": " "}}, {"type": "Feature", "geometry": {"type": "LineString", "coordinates": [[-95.3935084062728, 29.810600485528], [-95.3935158972285, 29.8114390560042]]}, "properties": {"centerlineid": 10084689, "roadclass": "LOCAL", "fullname": "COLUMBIA ST", "fromleft": 2621, "toleft": 2699, "fromright": 2620, "toright": 2698, "onewaydir": " "}}, {"type": "Feature", "geometry": {"type": "LineString", "coordinates": [[-95.3907388003925, 29.8114714939376], [-95.3909829858252, 29.8121619080424], [-95.3910288382048, 29.8122935754657]]}, "properties": {"centerlineid": 10084701, "roadclass": "MAJOR", "fullname": "N MAIN ST", "fromleft": 6701, "toleft": 6799, "fromright": 6700, "toright": 6798, "onewaydir": " "}}, {"type": "Feature", "geometry": {"type": "LineString", "coordinates": [[-95.3872140480079, 29.8123436366215], [-95.3872195191525, 29.8125687680189], [-95.3872329180228, 29.8131752936409]]}, "properties": {"centerlineid": 10084856, "roadclass": "LOCAL", "fullname": "PRINCETON ST", "fromleft": 2801, "toleft": 2899, "fromright": 2800, "toright": 2898, "onewaydir": " "}}, {"type": "Feature", "geometry": {"type": "LineString", "coordinates": [[-95.3945767520208, 29.8089277362648], [-95.3934735938528, 29.8089410907563]]}, "properties": {"centerlineid": 10084926, "roadclass": "LOCAL", "fullname": "E 25TH ST", "fromleft": 401, "toleft": 499, "fromright": 400, "toright": 498, "onewaydir": " "}}, {"type": "Feature", "geometry": {"type": "LineString", "coordinates": [[-95.4222710737042, 29.7996478271095], [-95.4222941040131, 29.8000083387624], [-95.4223091526236, 29.8006739238306]]}, "properties": {"centerlineid": 10082738, "roadclass": "LOCAL", "fullname": "BEVIS ST", "fromleft": 1601, "toleft": 1699, "fromright": 1600, "toright": 1698, "onewaydir": " "}}, {"type": "Feature", "geometry": {"type": "LineString", "coordinates": [[-95.4180540669501, 29.8037256701289], [-95.4223550099596, 29.8037295985957]]}, "properties": {"centerlineid": 10082841, "roadclass": "MAJOR", "fullname": "W 20TH ST", "fromleft": 1101, "toleft": 1299, "fromright": 1100, "toright": 1298, "onewaydir": " "}}, {"type": "Feature", "geometry": {"type": "LineString", "coordinates": [[-95.4181205962476, 29.8067391680513], [-95.4224236895826, 29.8066974519003]]}, "properties": {"centerlineid": 10082864, "roadclass": "LOCAL", "fullname": "W 23RD ST", "fromleft": 1101, "toleft": 1299, "fromright": 1100, "toright": 1298, "onewaydir": " "}}, {"type": "Feature", "geometry": {"type": "LineString", "coordinates": [[-95.4036798794954, 29.8054314829566], [-95.4036818459283, 29.8059244517809]]}, "properties": {"centerlineid": 10082950, "roadclass": "LOCAL", "fullname": "ASHLAND ST", "fromleft": 2121, "toleft": 2199, "fromright": 2120, "toright": 2198, "onewaydir": " "}}, {"type": "Feature", "geometry": {"type": "LineString", "coordinates": [[-95.4036818459283, 29.8059244517809], [-95.405951756451, 29.8058942638308]]}, "properties": {"centerlineid": 10082973, "roadclass": "LOCAL", "fullname": "W 22ND ST", "fromleft": 401, "toleft": 499, "fromright": 400, "toright": 498, "onewaydir": " "}}, {"type": "Feature", "geometry": {"type": "LineString", "coordinates": [[-95.405684775952, 29.7979559378742], [-95.406310403821, 29.7979445213633]]}, "properties": {"centerlineid": 10083042, "roadclass": "LOCAL", "fullname": "W 15TH ST", "fromleft": 801, "toleft": 807, "fromright": 800, "toright": 806, "onewaydir": " "}}, {"type": "Feature", "geometry": {"type": "LineString", "coordinates": [[-95.4080500066312, 29.8038363718095], [-95.4101555761464, 29.8038133232918]]}, "properties": {"centerlineid": 10083051, "roadclass": "MAJOR", "fullname": "W 20TH ST", "fromleft": 601, "toleft": 699, "fromright": 600, "toright": 698, "onewaydir": " "}}, {"type": "Feature", "geometry": {"type": "LineString", "coordinates": [[-95.4080956622769, 29.8068918210259], [-95.4081109231015, 29.8073821878214], [-95.4081186996254, 29.8078912401628]]}, "properties": {"centerlineid": 10083105, "roadclass": "LOCAL", "fullname": "LAWRENCE ST", "fromleft": 2301, "toleft": 2399, "fromright": 2300, "toright": 2398, "onewaydir": " "}}, {"type": "Feature", "geometry": {"type": "LineString", "coordinates": [[-95.4180540669501, 29.8037256701289], [-95.4180672063041, 29.8047137208385]]}, "properties": {"centerlineid": 10083134, "roadclass": "LOCAL", "fullname": "BEALL ST", "fromleft": 2001, "toleft": 2099, "fromright": 2000, "toright": 2098, "onewaydir": " "}}, {"type": "Feature", "geometry": {"type": "LineString", "coordinates": [[-95.4178764703061, 29.7945933440036], [-95.41809027683, 29.794593336853], [-95.4192034174694, 29.7945968742687], [-95.4192431632436, 29.7945960074719], [-95.4192827869727, 29.7945931578158], [-95.4193221587328, 29.7945883346444], [-95.4193611494262, 29.7945815537726], [-95.4193996312047, 29.7945728374342], [-95.419437477889, 29.7945622142099], [-95.4194745653823, 29.7945497189323], [-95.4195107720773, 29.7945353925728], [-95.4195626867613, 29.7945132669215]]}, "properties": {"centerlineid": 10083141, "roadclass": "LOCAL", "fullname": "WYNNWOOD LN", "fromleft": 1101, "toleft": 1131, "fromright": 1100, "toright": 1130, "onewaydir": " "}}, {"type": "Feature", "geometry": {"type": "LineString", "coordinates": [[-95.4075539565769, 29.7942118693861], [-95.4075998015409, 29.7960639489687]]}, "properties": {"centerlineid": 10083182, "roadclass": "LOCAL", "fullname": "LAWRENCE ST", "fromleft": 1301, "toleft": 1399, "fromright": 1300, "toright": 1398, "onewaydir": " "}}, {"type": "Feature", "geometry": {"type": "LineString", "coordinates": [[-95.4108651900236, 29.7978833720723], [-95.4111933165805, 29.7978797376594], [-95.4115211850365, 29.7978758630962], [-95.411651014706, 29.7978662678987]]}, "properties": {"centerlineid": 10083210, "roadclass": "LOCAL", "fullname": "W 15TH ST", "fromleft": 1401, "toleft": 1499, "fromright": 1400, "toright": 1498, "onewaydir": " "}}, {"type": "Feature", "geometry": {"type": "LineString", "coordinates": [[-95.4122841786548, 29.8047803082044], [-95.412299469806, 29.8058009640643]]}, "properties": {"centerlineid": 10083235, "roadclass": "MAJOR", "fullname": "N DURHAM DR", "fromleft": 2101, "toleft": 2199, "fromright": 2100, "toright": 2198, "onewaydir": "TF"}}, {"type": "Feature", "geometry": {"type": "LineString", "coordinates": [[-95.4037546966787, 29.8100161996071], [-95.4037774792025, 29.8105120256948]]}, "properties": {"centerlineid": 10083675, "roadclass": "LOCAL", "fullname": "ASHLAND ST", "fromleft": 2601, "toleft": 2615, "fromright": 2600, "toright": 2614, "onewaydir": " "}}, {"type": "Feature", "geometry": {"type": "LineString", "coordinates": [[-95.4015306230262, 29.8079969188845], [-95.4037240843455, 29.8079715372745]]}, "properties": {"centerlineid": 10084359, "roadclass": "LOCAL", "fullname": "W 24TH ST", "fromleft": 301, "toleft": 399, "fromright": 300, "toright": 398, "onewaydir": " "}}, {"type": "Feature", "geometry": {"type": "LineString", "coordinates": [[-95.3965905202406, 29.7999318791219], [-95.3966210907816, 29.8011526025999], [-95.3966439331077, 29.8019672115792]]}, "properties": {"centerlineid": 10086649, "roadclass": "LOCAL", "fullname": "HARVARD ST", "fromleft": 1601, "toleft": 1799, "fromright": 1600, "toright": 1798, "onewaydir": " "}}, {"type": "Feature", "geometry": {"type": "LineString", "coordinates": [[-95.3931421799041, 29.7926114522127], [-95.3931725272898, 29.7936110799484], [-95.3931878031399, 29.7944502816984]]}, "properties": {"centerlineid": 10086674, "roadclass": "LOCAL", "fullname": "COLUMBIA ST", "fromleft": 1201, "toleft": 1299, "fromright": 1200, "toright": 1298, "onewaydir": " "}}, {"type": "Feature", "geometry": {"type": "LineString", "coordinates": [[-95.3899988327101, 29.7926441017757], [-95.390006409823, 29.7935252887424], [-95.3899988558702, 29.7935729510243]]}, "properties": {"centerlineid": 10086681, "roadclass": "LOCAL", "fullname": "BEVERLY ST", "fromleft": 1201, "toleft": 1299, "fromright": 1200, "toright": 1298, "onewaydir": " "}}, {"type": "Feature", "geometry": {"type": "LineString", "coordinates": [[-95.3935158972285, 29.8114390560042], [-95.3935387406635, 29.8121217886424], [-95.3935387351376, 29.8122516155868]]}, "properties": {"centerlineid": 10084697, "roadclass": "LOCAL", "fullname": "COLUMBIA ST", "fromleft": 2701, "toleft": 2799, "fromright": 2700, "toright": 2798, "onewaydir": " "}}, {"type": "Feature", "geometry": {"type": "LineString", "coordinates": [[-95.3975442815036, 29.8113740418381], [-95.3960488667024, 29.8113971130013]]}, "properties": {"centerlineid": 10084924, "roadclass": "LOCAL", "fullname": "E 27TH ST", "fromleft": 201, "toleft": 299, "fromright": 200, "toright": 298, "onewaydir": " "}}, {"type": "Feature", "geometry": {"type": "LineString", "coordinates": [[-95.3946373526759, 29.8122438581961], [-95.3935387351376, 29.8122516155868]]}, "properties": {"centerlineid": 10084948, "roadclass": "LOCAL", "fullname": "E 28TH ST", "fromleft": 401, "toleft": 499, "fromright": 400, "toright": 498, "onewaydir": " "}}, {"type": "Feature", "geometry": {"type": "LineString", "coordinates": [[-95.4101174748396, 29.8017611577699], [-95.410125031135, 29.8027872352759]]}, "properties": {"centerlineid": 10083002, "roadclass": "MAJOR", "fullname": "N SHEPHERD DR", "fromleft": 1801, "toleft": 1899, "fromright": 1800, "toright": 1898, "onewaydir": "TF"}}, {"type": "Feature", "geometry": {"type": "LineString", "coordinates": [[-95.4124062586815, 29.7959988865747], [-95.4124521599001, 29.7978548701052]]}, "properties": {"centerlineid": 10083012, "roadclass": "LOCAL", "fullname": "NASHUA ST", "fromleft": 1401, "toleft": 1499, "fromright": 1400, "toright": 1498, "onewaydir": " "}}, {"type": "Feature", "geometry": {"type": "LineString", "coordinates": [[-95.405578003753, 29.792422755565], [-95.4056160830889, 29.793944872979], [-95.4056238832578, 29.7942652556636]]}, "properties": {"centerlineid": 10083020, "roadclass": "LOCAL", "fullname": "NICHOLSON ST", "fromleft": 1201, "toleft": 1299, "fromright": 1200, "toright": 1298, "onewaydir": " "}}, {"type": "Feature", "geometry": {"type": "LineString", "coordinates": [[-95.4035255646647, 29.7979864971895], [-95.403563935971, 29.799844285521]]}, "properties": {"centerlineid": 10083037, "roadclass": "LOCAL", "fullname": "ASHLAND ST", "fromleft": 1501, "toleft": 1599, "fromright": 1500, "toright": 1598, "onewaydir": " "}}, {"type": "Feature", "geometry": {"type": "LineString", "coordinates": [[-95.4084313117639, 29.7979216830283], [-95.4084543117289, 29.7997717046082]]}, "properties": {"centerlineid": 10083047, "roadclass": "LOCAL", "fullname": "ALEXANDER ST", "fromleft": 1501, "toleft": 1599, "fromright": 1500, "toright": 1598, "onewaydir": " "}}, {"type": "Feature", "geometry": {"type": "LineString", "coordinates": [[-95.4121165182815, 29.8007140954413], [-95.4179927205294, 29.8006850223963]]}, "properties": {"centerlineid": 10083074, "roadclass": "LOCAL", "fullname": "W 17TH ST", "fromleft": 801, "toleft": 1099, "fromright": 800, "toright": 1098, "onewaydir": " "}}, {"type": "Feature", "geometry": {"type": "LineString", "coordinates": [[-95.4015040054777, 29.8069776311358], [-95.403701271203, 29.8069472829622]]}, "properties": {"centerlineid": 10083110, "roadclass": "LOCAL", "fullname": "W 23RD ST", "fromleft": 301, "toleft": 399, "fromright": 300, "toright": 398, "onewaydir": " "}}, {"type": "Feature", "geometry": {"type": "LineString", "coordinates": [[-95.4036248335871, 29.8028901507803], [-95.4036248154121, 29.8034033216156]]}, "properties": {"centerlineid": 10083124, "roadclass": "LOCAL", "fullname": "ASHLAND ST", "fromleft": 1901, "toleft": 1919, "fromright": 1900, "toright": 1918, "onewaydir": " "}}, {"type": "Feature", "geometry": {"type": "LineString", "coordinates": [[-95.4079966001337, 29.801797423698], [-95.4080347157888, 29.8028139467545]]}, "properties": {"centerlineid": 10083126, "roadclass": "LOCAL", "fullname": "LAWRENCE ST", "fromleft": 1801, "toleft": 1899, "fromright": 1800, "toright": 1898, "onewaydir": " "}}, {"type": "Feature", "geometry": {"type": "LineString", "coordinates": [[-95.4107964742261, 29.7941656218249], [-95.4108269399643, 29.7960276451409]]}, "properties": {"centerlineid": 10083143, "roadclass": "LOCAL", "fullname": "LAIRD ST", "fromleft": 1301, "toleft": 1399, "fromright": 1300, "toright": 1398, "onewaydir": " "}}, {"type": "Feature", "geometry": {"type": "LineString", "coordinates": [[-95.4080117032786, 29.7923903567885], [-95.4089579137033, 29.7923654726833]]}, "properties": {"centerlineid": 10083145, "roadclass": "LOCAL", "fullname": "W 12TH ST", "fromleft": 1101, "toleft": 1199, "fromright": 1100, "toright": 1198, "onewaydir": " "}}, {"type": "Feature", "geometry": {"type": "LineString", "coordinates": [[-95.4145348974622, 29.79459908272], [-95.4154733419464, 29.7946029224932]]}, "properties": {"centerlineid": 10083199, "roadclass": "LOCAL", "fullname": "WYNNWOOD LN", "fromleft": 915, "toleft": 925, "fromright": 914, "toright": 924, "onewaydir": " "}}, {"type": "Feature", "geometry": {"type": "LineString", "coordinates": [[-95.4045404696179, 29.7942784817049], [-95.4045708338798, 29.7961248464243]]}, "properties": {"centerlineid": 10083206, "roadclass": "LOCAL", "fullname": "WAVERLY ST", "fromleft": 1301, "toleft": 1399, "fromright": 1300, "toright": 1398, "onewaydir": " "}}, {"type": "Feature", "geometry": {"type": "LineString", "coordinates": [[-95.4134439756139, 29.792317797448], [-95.4134743334051, 29.7931741431482], [-95.4135048958876, 29.7941354344685]]}, "properties": {"centerlineid": 10083211, "roadclass": "LOCAL", "fullname": "PRINCE ST", "fromleft": 1201, "toleft": 1299, "fromright": 1200, "toright": 1298, "onewaydir": " "}}, {"type": "Feature", "geometry": {"type": "LineString", "coordinates": [[-95.411651014706, 29.7978662678987], [-95.4117044313723, 29.7997069138098]]}, "properties": {"centerlineid": 10083232, "roadclass": "MAJOR", "fullname": "N DURHAM DR", "fromleft": 1501, "toleft": 1599, "fromright": 1500, "toright": 1598, "onewaydir": "TF"}}, {"type": "Feature", "geometry": {"type": "LineString", "coordinates": [[-95.401557394367, 29.8100351543058], [-95.4015845152825, 29.8110511045549]]}, "properties": {"centerlineid": 10083676, "roadclass": "LOCAL", "fullname": "RUTLAND ST", "fromleft": 2601, "toleft": 2699, "fromright": 2600, "toright": 2698, "onewaydir": " "}}, {"type": "Feature", "geometry": {"type": "LineString", "coordinates": [[-95.3993762099839, 29.8105315743173], [-95.3993766522642, 29.8105780738596], [-95.3993840122262, 29.8110751986624]]}, "properties": {"centerlineid": 10083807, "roadclass": "MAJOR", "fullname": "YALE ST", "fromleft": 2617, "toleft": 2699, "fromright": 2616, "toright": 2698, "onewaydir": " "}}, {"type": "Feature", "geometry": {"type": "LineString", "coordinates": [[-95.4060281772483, 29.8114904293978], [-95.4060357126922, 29.811927374193], [-95.406035693529, 29.8120035681489]]}, "properties": {"centerlineid": 10084054, "roadclass": "LOCAL", "fullname": "NICHOLSON ST", "fromleft": 2707, "toleft": 2799, "fromright": 2706, "toright": 2798, "onewaydir": " "}}, {"type": "Feature", "geometry": {"type": "LineString", "coordinates": [[-95.3910363684579, 29.8010305547196], [-95.3910363294218, 29.8012365751561], [-95.3910363747355, 29.8013739413286]]}, "properties": {"centerlineid": 10086445, "roadclass": "LOCAL", "fullname": "BLOUNT ST", "fromleft": 1701, "toleft": 1709, "fromright": 1700, "toright": 1708, "onewaydir": " "}}, {"type": "Feature", "geometry": {"type": "LineString", "coordinates": [[-95.3931038223654, 29.7907632826474], [-95.3931421799041, 29.7926114522127]]}, "properties": {"centerlineid": 10086456, "roadclass": "LOCAL", "fullname": "COLUMBIA ST", "fromleft": 1101, "toleft": 1199, "fromright": 1100, "toright": 1198, "onewaydir": " "}}, {"type": "Feature", "geometry": {"type": "LineString", "coordinates": [[-95.3955452454165, 29.8019861444139], [-95.3955605567999, 29.8040289632383]]}, "properties": {"centerlineid": 10086574, "roadclass": "LOCAL", "fullname": "CORTLANDT ST", "fromleft": 1801, "toleft": 1999, "fromright": 1800, "toright": 1998, "onewaydir": " "}}, {"type": "Feature", "geometry": {"type": "LineString", "coordinates": [[-95.3977959683797, 29.7962259150907], [-95.3985895250332, 29.796222259939], [-95.399085332178, 29.7962184156046]]}, "properties": {"centerlineid": 10086653, "roadclass": "LOCAL", "fullname": "W 14TH ST", "fromleft": 101, "toleft": 199, "fromright": 100, "toright": 198, "onewaydir": " "}}, {"type": "Feature", "geometry": {"type": "LineString", "coordinates": [[-95.389724132037, 29.7977957474928], [-95.3881677584475, 29.7978242938822], [-95.3879617129404, 29.7978263232793]]}, "properties": {"centerlineid": 10086712, "roadclass": "LOCAL", "fullname": "RALFALLEN ST", "fromleft": 801, "toleft": 899, "fromright": 800, "toright": 898, "onewaydir": " "}}, {"type": "Feature", "geometry": {"type": "LineString", "coordinates": [[-95.4103157776334, 29.8119253337299], [-95.4103235293876, 29.8125050881745]]}, "properties": {"centerlineid": 10084508, "roadclass": "MAJOR", "fullname": "N SHEPHERD DR", "fromleft": 2801, "toleft": 2899, "fromright": 2800, "toright": 2898, "onewaydir": "TF"}}, {"type": "Feature", "geometry": {"type": "LineString", "coordinates": [[-95.3933328998975, 29.8020052988787], [-95.3922342333327, 29.8020281126441]]}, "properties": {"centerlineid": 10086771, "roadclass": "LOCAL", "fullname": "E 18TH ST", "fromleft": 501, "toleft": 599, "fromright": 500, "toright": 598, "onewaydir": " "}}, {"type": "Feature", "geometry": {"type": "LineString", "coordinates": [[-95.3923257365122, 29.8072943111098], [-95.3912195535502, 29.8073153349805]]}, "properties": {"centerlineid": 10086784, "roadclass": "LOCAL", "fullname": "E 23RD ST", "fromleft": 601, "toleft": 699, "fromright": 600, "toright": 698, "onewaydir": " "}}, {"type": "Feature", "geometry": {"type": "LineString", "coordinates": [[-95.3955986491368, 29.8072409388655], [-95.394515289645, 29.8072637657267]]}, "properties": {"centerlineid": 10086787, "roadclass": "LOCAL", "fullname": "E 23RD ST", "fromleft": 307, "toleft": 399, "fromright": 306, "toright": 398, "onewaydir": " "}}, {"type": "Feature", "geometry": {"type": "LineString", "coordinates": [[-95.3895141286179, 29.8068731347499], [-95.3891364147481, 29.8068942720428], [-95.3890297937775, 29.8067868769983]]}, "properties": {"centerlineid": 10086791, "roadclass": "LOCAL", "fullname": "E 22ND ST", "fromleft": 751, "toleft": 799, "fromright": 750, "toright": 798, "onewaydir": " "}}, {"type": "Feature", "geometry": {"type": "LineString", "coordinates": [[-95.4067300464699, 29.8130488429532], [-95.4082941562732, 29.8130068393926], [-95.4101830092567, 29.8129810822929], [-95.4103235407204, 29.8129791650674], [-95.4117394032412, 29.8129599353], [-95.41189630659, 29.8129578565952], [-95.4156869307132, 29.8129075911143]]}, "properties": {"centerlineid": 10084553, "roadclass": "FREEWAY", "fullname": "N IH 610 W", "fromleft": 0, "toleft": 0, "fromright": 500, "toright": 898, "onewaydir": "FT"}}, {"type": "Feature", "geometry": {"type": "LineString", "coordinates": [[-95.419013479957, 29.8126769185585], [-95.425818695998, 29.8126388188745]]}, "properties": {"centerlineid": 10084566, "roadclass": "FREEWAY", "fullname": "N IH 610 W", "fromleft": 1101, "toleft": 1399, "fromright": 0, "toright": 0, "onewaydir": "TF"}}, {"type": "Feature", "geometry": {"type": "LineString", "coordinates": [[-95.3903192023527, 29.807322865965], [-95.3899683018485, 29.80732853473]]}, "properties": {"centerlineid": 10084881, "roadclass": "LOCAL", "fullname": "E 23RD ST", "fromleft": 721, "toleft": 729, "fromright": 720, "toright": 728, "onewaydir": " "}}, {"type": "Feature", "geometry": {"type": "LineString", "coordinates": [[-95.3907388003925, 29.8114714939376], [-95.3905957554669, 29.8114726199678], [-95.3892358465304, 29.8114828877123]]}, "properties": {"centerlineid": 10084912, "roadclass": "LOCAL", "fullname": "E 27TH ST", "fromleft": 701, "toleft": 799, "fromright": 700, "toright": 798, "onewaydir": " "}}, {"type": "Feature", "geometry": {"type": "LineString", "coordinates": [[-95.4236444101008, 29.7945493404349], [-95.4236978388129, 29.7948051184657], [-95.423850464487, 29.7955717807682]]}, "properties": {"centerlineid": 10082812, "roadclass": "MAJOR", "fullname": "W T C JESTER BLVD", "fromleft": 1301, "toleft": 1399, "fromright": 1300, "toright": 1398, "onewaydir": " "}}, {"type": "Feature", "geometry": {"type": "LineString", "coordinates": [[-95.4013207647802, 29.7980227778299], [-95.4024193923918, 29.7979997498424]]}, "properties": {"centerlineid": 10082941, "roadclass": "LOCAL", "fullname": "W 15TH ST", "fromleft": 401, "toleft": 499, "fromright": 400, "toright": 498, "onewaydir": " "}}, {"type": "Feature", "geometry": {"type": "LineString", "coordinates": [[-95.4100412921056, 29.7978911270908], [-95.4100868868577, 29.7997258442398]]}, "properties": {"centerlineid": 10082951, "roadclass": "MAJOR", "fullname": "N SHEPHERD DR", "fromleft": 1501, "toleft": 1599, "fromright": 1500, "toright": 1598, "onewaydir": "TF"}}, {"type": "Feature", "geometry": {"type": "LineString", "coordinates": [[-95.408088128867, 29.8063864500457], [-95.4080956622769, 29.8068918210259]]}, "properties": {"centerlineid": 10082967, "roadclass": "LOCAL", "fullname": "LAWRENCE ST", "fromleft": 2217, "toleft": 2299, "fromright": 2216, "toright": 2298, "onewaydir": " "}}, {"type": "Feature", "geometry": {"type": "LineString", "coordinates": [[-95.4178890890755, 29.7955665255444], [-95.4179029941822, 29.7965176787345]]}, "properties": {"centerlineid": 10083015, "roadclass": "LOCAL", "fullname": "BEALL ST", "fromleft": 1301, "toleft": 1399, "fromright": 1300, "toright": 1398, "onewaydir": " "}}, {"type": "Feature", "geometry": {"type": "LineString", "coordinates": [[-95.4024193923918, 29.7979997498424], [-95.4035255646647, 29.7979864971895]]}, "properties": {"centerlineid": 10083036, "roadclass": "LOCAL", "fullname": "W 15TH ST", "fromleft": 501, "toleft": 599, "fromright": 500, "toright": 598, "onewaydir": " "}}, {"type": "Feature", "geometry": {"type": "LineString", "coordinates": [[-95.4100868868577, 29.7997258442398], [-95.4109033232482, 29.7997183085139]]}, "properties": {"centerlineid": 10083085, "roadclass": "LOCAL", "fullname": "W 16TH ST", "fromleft": 701, "toleft": 717, "fromright": 700, "toright": 716, "onewaydir": " "}}, {"type": "Feature", "geometry": {"type": "LineString", "coordinates": [[-95.4187006427471, 29.7927850807787], [-95.4188149548924, 29.7930349517199], [-95.4189904279584, 29.7933306468626], [-95.4191202132435, 29.7935499048473]]}, "properties": {"centerlineid": 10083103, "roadclass": "MAJOR", "fullname": "E T C JESTER BLVD", "fromleft": 1021, "toleft": 1105, "fromright": 1020, "toright": 1104, "onewaydir": " "}}, {"type": "Feature", "geometry": {"type": "LineString", "coordinates": [[-95.4035942765942, 29.8018526626446], [-95.4036248335871, 29.8028901507803]]}, "properties": {"centerlineid": 10083155, "roadclass": "LOCAL", "fullname": "ASHLAND ST", "fromleft": 1801, "toleft": 1899, "fromright": 1800, "toright": 1898, "onewaydir": " "}}, {"type": "Feature", "geometry": {"type": "LineString", "coordinates": [[-95.4165567007326, 29.7928003938075], [-95.4164780141721, 29.7929398553614], [-95.4164404086986, 29.7930089296603], [-95.4164050333064, 29.793078894512], [-95.4163719156895, 29.793149695153], [-95.4163410817745, 29.7932212761657], [-95.4163125557011, 29.7932935815213], [-95.4162863598024, 29.7933665546241], [-95.4162625145879, 29.7934401383556], [-95.4162410387271, 29.7935142751191], [-95.4162058092924, 29.7936434750479]]}, "properties": {"centerlineid": 10083186, "roadclass": "LOCAL", "fullname": "TIMBERGROVE LN", "fromleft": 1201, "toleft": 1219, "fromright": 1200, "toright": 1218, "onewaydir": " "}}, {"type": "Feature", "geometry": {"type": "LineString", "coordinates": [[-95.4181205962476, 29.8067391680513], [-95.4181436682374, 29.8077616086485]]}, "properties": {"centerlineid": 10083189, "roadclass": "LOCAL", "fullname": "BEALL ST", "fromleft": 2301, "toleft": 2399, "fromright": 2300, "toright": 2398, "onewaydir": " "}}, {"type": "Feature", "geometry": {"type": "LineString", "coordinates": [[-95.4179927205294, 29.8006850223963], [-95.418007154596, 29.801714781552]]}, "properties": {"centerlineid": 10083209, "roadclass": "LOCAL", "fullname": "BEALL ST", "fromleft": 1701, "toleft": 1799, "fromright": 1700, "toright": 1798, "onewaydir": " "}}, {"type": "Feature", "geometry": {"type": "LineString", "coordinates": [[-95.4162058092924, 29.7936434750479], [-95.416137097382, 29.7940553095013], [-95.4161218330583, 29.7942271529148], [-95.4161142779162, 29.7946029437166]]}, "properties": {"centerlineid": 10083216, "roadclass": "LOCAL", "fullname": "TIMBERGROVE LN", "fromleft": 1221, "toleft": 1299, "fromright": 1220, "toright": 1298, "onewaydir": " "}}, {"type": "Feature", "geometry": {"type": "LineString", "coordinates": [[-95.4147790113954, 29.8088317408628], [-95.4175942315087, 29.8087954536401], [-95.4181664803757, 29.8087763219007]]}, "properties": {"centerlineid": 10083966, "roadclass": "LOCAL", "fullname": "W 25TH ST", "fromleft": 901, "toleft": 1099, "fromright": 900, "toright": 1098, "onewaydir": " "}}, {"type": "Feature", "geometry": {"type": "LineString", "coordinates": [[-95.4225230824619, 29.810947178976], [-95.4226346230123, 29.8109458868607], [-95.4236094704559, 29.8109345898485], [-95.4256325870104, 29.8109111225799], [-95.4256639950938, 29.810910758286]]}, "properties": {"centerlineid": 10084483, "roadclass": "LOCAL", "fullname": "W 28TH ST", "fromleft": 1301, "toleft": 1599, "fromright": 1300, "toright": 1598, "onewaydir": " "}}, {"type": "Feature", "geometry": {"type": "LineString", "coordinates": [[-95.3878601427361, 29.7917498734515], [-95.3878625042853, 29.792230181297]]}, "properties": {"centerlineid": 10086435, "roadclass": "MAJOR", "fullname": "STUDEWOOD ST", "fromleft": 1117, "toleft": 1125, "fromright": 1116, "toright": 1124, "onewaydir": " "}}, {"type": "Feature", "geometry": {"type": "LineString", "coordinates": [[-95.3881239793251, 29.8067649947263], [-95.3888276470425, 29.806753568499], [-95.3889688675355, 29.8067526278268], [-95.3890297937775, 29.8067868769983]]}, "properties": {"centerlineid": 10086468, "roadclass": "LOCAL", "fullname": "NADINE ST", "fromleft": 1201, "toleft": 1299, "fromright": 1200, "toright": 1298, "onewaydir": " "}}, {"type": "Feature", "geometry": {"type": "LineString", "coordinates": [[-95.3880456857754, 29.8046222249551], [-95.3880447670205, 29.8046888110189], [-95.3880379417903, 29.805303067123], [-95.3880226832508, 29.8053393577284]]}, "properties": {"centerlineid": 10086497, "roadclass": "LOCAL", "fullname": "STUDEWOOD ST", "fromleft": 2051, "toleft": 2099, "fromright": 2050, "toright": 2098, "onewaydir": " "}}, {"type": "Feature", "geometry": {"type": "LineString", "coordinates": [[-95.3880457167185, 29.8021445098057], [-95.3880532145101, 29.8025622466476]]}, "properties": {"centerlineid": 10086531, "roadclass": "MAJOR", "fullname": "STUDEWOOD ST", "fromleft": 1801, "toleft": 1811, "fromright": 1800, "toright": 1810, "onewaydir": " "}}, {"type": "Feature", "geometry": {"type": "LineString", "coordinates": [[-95.3977197477242, 29.7925409494107], [-95.3977503218663, 29.792930000556], [-95.3977503227002, 29.7937331583553], [-95.3977656304073, 29.7943777341808]]}, "properties": {"centerlineid": 10086672, "roadclass": "MAJOR", "fullname": "HEIGHTS BLVD", "fromleft": 1201, "toleft": 1299, "fromright": 1200, "toright": 1298, "onewaydir": " "}}, {"type": "Feature", "geometry": {"type": "LineString", "coordinates": [[-95.3965599605529, 29.798095137109], [-95.3954537626226, 29.798102887392]]}, "properties": {"centerlineid": 10086696, "roadclass": "LOCAL", "fullname": "E 15TH ST", "fromleft": 201, "toleft": 299, "fromright": 200, "toright": 298, "onewaydir": " "}}, {"type": "Feature", "geometry": {"type": "LineString", "coordinates": [[-95.3944237922101, 29.8019957101327], [-95.3933328998975, 29.8020052988787]]}, "properties": {"centerlineid": 10086723, "roadclass": "LOCAL", "fullname": "E 18TH ST", "fromleft": 401, "toleft": 499, "fromright": 400, "toright": 498, "onewaydir": " "}}, {"type": "Feature", "geometry": {"type": "LineString", "coordinates": [[-95.3943245657069, 29.7962813911219], [-95.3932258731382, 29.7962946276274]]}, "properties": {"centerlineid": 10086756, "roadclass": "LOCAL", "fullname": "E 14TH ST", "fromleft": 401, "toleft": 499, "fromright": 400, "toright": 498, "onewaydir": " "}}, {"type": "Feature", "geometry": {"type": "LineString", "coordinates": [[-95.3994057133533, 29.8126424523812], [-95.3996576051612, 29.8126541028484], [-95.4016107670354, 29.8126367650392]]}, "properties": {"centerlineid": 10084474, "roadclass": "FRONTAGE", "fullname": "N LOOP FWY W", "fromleft": 201, "toleft": 299, "fromright": 0, "toright": 0, "onewaydir": "TF"}}, {"type": "Feature", "geometry": {"type": "LineString", "coordinates": [[-95.3944999931708, 29.8060717834716], [-95.3934015674297, 29.8060774963059]]}, "properties": {"centerlineid": 10086780, "roadclass": "LOCAL", "fullname": "E 22ND ST", "fromleft": 401, "toleft": 499, "fromright": 400, "toright": 498, "onewaydir": " "}}, {"type": "Feature", "geometry": {"type": "LineString", "coordinates": [[-95.3908533518999, 29.8098101656848], [-95.3901512937971, 29.8098176859456]]}, "properties": {"centerlineid": 10084878, "roadclass": "LOCAL", "fullname": "AURORA ST", "fromleft": 705, "toleft": 715, "fromright": 704, "toright": 714, "onewaydir": " "}}, {"type": "Feature", "geometry": {"type": "LineString", "coordinates": [[-95.3970101545975, 29.8130200958315], [-95.3956979374868, 29.8133043919892], [-95.3948052988232, 29.813559956969], [-95.3944277345773, 29.8136569575345], [-95.3943131325027, 29.8136850027243], [-95.3941977379397, 29.813710457144], [-95.3940816278934, 29.8137333038073], [-95.3939648798465, 29.8137535274682], [-95.3938475717077, 29.8137711146308], [-95.3937297817595, 29.8137860535589], [-95.393611588606, 29.8137983342834], [-95.3934930711206, 29.813807948609], [-95.3931343752032, 29.8138328138714], [-95.391934614892, 29.8138744736284], [-95.3916155164413, 29.8138823481392], [-95.389373197519, 29.8138823334684]]}, "properties": {"centerlineid": 10085107, "roadclass": "FREEWAY", "fullname": "N IH 610", "fromleft": 0, "toleft": 0, "fromright": 212, "toright": 796, "onewaydir": "FT"}}, {"type": "Feature", "geometry": {"type": "LineString", "coordinates": [[-95.4124521599001, 29.7978548701052], [-95.4124827241265, 29.7997087676539]]}, "properties": {"centerlineid": 10082955, "roadclass": "LOCAL", "fullname": "NASHUA ST", "fromleft": 1501, "toleft": 1599, "fromright": 1500, "toright": 1598, "onewaydir": " "}}, {"type": "Feature", "geometry": {"type": "LineString", "coordinates": [[-95.4014122528744, 29.8029111545635], [-95.4014275647799, 29.8034339004922]]}, "properties": {"centerlineid": 10082964, "roadclass": "LOCAL", "fullname": "RUTLAND ST", "fromleft": 1901, "toleft": 1909, "fromright": 1900, "toright": 1908, "onewaydir": " "}}, {"type": "Feature", "geometry": {"type": "LineString", "coordinates": [[-95.4117044313723, 29.7997069138098], [-95.4122002140942, 29.7997087417092]]}, "properties": {"centerlineid": 10083004, "roadclass": "LOCAL", "fullname": "W 16TH ST", "fromleft": 739, "toleft": 749, "fromright": 738, "toright": 748, "onewaydir": " "}}, {"type": "Feature", "geometry": {"type": "LineString", "coordinates": [[-95.4140391429981, 29.7978358808316], [-95.4140595309977, 29.7986955191841]]}, "properties": {"centerlineid": 10083007, "roadclass": "LOCAL", "fullname": "DIAN ST", "fromleft": 1501, "toleft": 1519, "fromright": 1500, "toright": 1518, "onewaydir": " "}}, {"type": "Feature", "geometry": {"type": "LineString", "coordinates": [[-95.4124062586815, 29.7959988865747], [-95.4131920928325, 29.7959856814578]]}, "properties": {"centerlineid": 10083013, "roadclass": "LOCAL", "fullname": "W 14TH ST", "fromleft": 1601, "toleft": 1699, "fromright": 1600, "toright": 1698, "onewaydir": " "}}, {"type": "Feature", "geometry": {"type": "LineString", "coordinates": [[-95.4124827241265, 29.7997087676539], [-95.4132685235414, 29.7996973251343]]}, "properties": {"centerlineid": 10083088, "roadclass": "LOCAL", "fullname": "W 16TH ST", "fromleft": 801, "toleft": 819, "fromright": 800, "toright": 818, "onewaydir": " "}}, {"type": "Feature", "geometry": {"type": "LineString", "coordinates": [[-95.406310403821, 29.7979445213633], [-95.4063409805566, 29.7997888417005]]}, "properties": {"centerlineid": 10083095, "roadclass": "LOCAL", "fullname": "HERKIMER ST", "fromleft": 1501, "toleft": 1599, "fromright": 1500, "toright": 1598, "onewaydir": " "}}, {"type": "Feature", "geometry": {"type": "LineString", "coordinates": [[-95.3994006406178, 29.8121075209979], [-95.4015954856547, 29.8120722502793]]}, "properties": {"centerlineid": 10083908, "roadclass": "LOCAL", "fullname": "W 28TH ST", "fromleft": 201, "toleft": 299, "fromright": 200, "toright": 298, "onewaydir": " "}}, {"type": "Feature", "geometry": {"type": "LineString", "coordinates": [[-95.3861000803704, 29.7950204867067], [-95.3879158733747, 29.7949919797437]]}, "properties": {"centerlineid": 10086353, "roadclass": "LOCAL", "fullname": "FUGATE ST", "fromleft": 1101, "toleft": 1199, "fromright": 1100, "toright": 1198, "onewaydir": " "}}, {"type": "Feature", "geometry": {"type": "LineString", "coordinates": [[-95.3979333290641, 29.8029588519449], [-95.3979561171435, 29.8039851561627]]}, "properties": {"centerlineid": 10086527, "roadclass": "MAJOR", "fullname": "HEIGHTS BLVD", "fromleft": 1901, "toleft": 1999, "fromright": 1900, "toright": 1998, "onewaydir": " "}}, {"type": "Feature", "geometry": {"type": "LineString", "coordinates": [[-95.3920282248519, 29.7917035598218], [-95.3920510144304, 29.7926134853905]]}, "properties": {"centerlineid": 10086541, "roadclass": "LOCAL", "fullname": "OXFORD ST", "fromleft": 1131, "toleft": 1199, "fromright": 1130, "toright": 1198, "onewaydir": " "}}, {"type": "Feature", "geometry": {"type": "LineString", "coordinates": [[-95.4181436682374, 29.8077616086485], [-95.4181664803757, 29.8087763219007]]}, "properties": {"centerlineid": 10084373, "roadclass": "LOCAL", "fullname": "BEALL ST", "fromleft": 2401, "toleft": 2499, "fromright": 2400, "toright": 2498, "onewaydir": " "}}, {"type": "Feature", "geometry": {"type": "LineString", "coordinates": [[-95.3993447754624, 29.8090528575467], [-95.3993617855959, 29.8096801657964]]}, "properties": {"centerlineid": 10084379, "roadclass": "MAJOR", "fullname": "YALE ST", "fromleft": 2501, "toleft": 2515, "fromright": 2500, "toright": 2514, "onewaydir": " "}}, {"type": "Feature", "geometry": {"type": "LineString", "coordinates": [[-95.389739425103, 29.7985147040119], [-95.3881447475349, 29.7985357059593], [-95.3880226456224, 29.798537765416], [-95.3879770365613, 29.7984823441147]]}, "properties": {"centerlineid": 10086754, "roadclass": "LOCAL", "fullname": "LE GREEN ST", "fromleft": 801, "toleft": 999, "fromright": 800, "toright": 998, "onewaydir": " "}}, {"type": "Feature", "geometry": {"type": "LineString", "coordinates": [[-95.4223169222928, 29.8027128508897], [-95.422858594682, 29.8027053509829]]}, "properties": {"centerlineid": 10082765, "roadclass": "LOCAL", "fullname": "W 19TH ST", "fromleft": 1301, "toleft": 1311, "fromright": 1300, "toright": 1310, "onewaydir": " "}}, {"type": "Feature", "geometry": {"type": "LineString", "coordinates": [[-95.4223703364619, 29.8048129546627], [-95.4223931487903, 29.8056768129498]]}, "properties": {"centerlineid": 10082836, "roadclass": "LOCAL", "fullname": "BEVIS ST", "fromleft": 2105, "toleft": 2199, "fromright": 2104, "toright": 2198, "onewaydir": " "}}, {"type": "Feature", "geometry": {"type": "LineString", "coordinates": [[-95.4100946775669, 29.8007483010318], [-95.4101021915091, 29.8009408946196], [-95.4101174748396, 29.8017611577699]]}, "properties": {"centerlineid": 10082926, "roadclass": "MAJOR", "fullname": "N SHEPHERD DR", "fromleft": 1701, "toleft": 1799, "fromright": 1700, "toright": 1798, "onewaydir": "TF"}}, {"type": "Feature", "geometry": {"type": "LineString", "coordinates": [[-95.4109033232482, 29.7997183085139], [-95.4112236477202, 29.7997183250303], [-95.4112314338047, 29.7997183473029], [-95.4117044313723, 29.7997069138098]]}, "properties": {"centerlineid": 10082927, "roadclass": "LOCAL", "fullname": "W 16TH ST", "fromleft": 719, "toleft": 737, "fromright": 718, "toright": 736, "onewaydir": " "}}, {"type": "Feature", "geometry": {"type": "LineString", "coordinates": [[-95.4101633206534, 29.8048204727849], [-95.4101861467941, 29.8058294667234]]}, "properties": {"centerlineid": 10082999, "roadclass": "MAJOR", "fullname": "N SHEPHERD DR", "fromleft": 2101, "toleft": 2199, "fromright": 2100, "toright": 2198, "onewaydir": "TF"}}, {"type": "Feature", "geometry": {"type": "LineString", "coordinates": [[-95.4068445846296, 29.7979310715849], [-95.4076379285078, 29.7979292163438]]}, "properties": {"centerlineid": 10083046, "roadclass": "LOCAL", "fullname": "W 15TH ST", "fromleft": 901, "toleft": 999, "fromright": 900, "toright": 998, "onewaydir": " "}}, {"type": "Feature", "geometry": {"type": "LineString", "coordinates": [[-95.4143060198771, 29.7959514288174], [-95.4143734537079, 29.7958941391426], [-95.4144396404916, 29.7958468165707], [-95.4145324820505, 29.7957849401252], [-95.4146299543863, 29.7957287418866], [-95.4147316018002, 29.7956784845867], [-95.4148369490766, 29.7956344031828], [-95.4148682468934, 29.7956224369818], [-95.4149527026749, 29.7956000909905], [-95.415038848428, 29.7955833575231], [-95.4151261946186, 29.7955723316695], [-95.4152142448912, 29.7955670760857], [-95.415243054645, 29.7955663052372], [-95.4178890890755, 29.7955665255444]]}, "properties": {"centerlineid": 10083072, "roadclass": "LOCAL", "fullname": "W 14TH ST", "fromleft": 1801, "toleft": 1999, "fromright": 1800, "toright": 1998, "onewaydir": " "}}, {"type": "Feature", "geometry": {"type": "LineString", "coordinates": [[-95.405578003753, 29.792422755565], [-95.4060662746104, 29.7924113326511], [-95.4061958686448, 29.792418854702]]}, "properties": {"centerlineid": 10083146, "roadclass": "LOCAL", "fullname": "W 12TH ST", "fromleft": 801, "toleft": 899, "fromright": 800, "toright": 898, "onewaydir": " "}}, {"type": "Feature", "geometry": {"type": "LineString", "coordinates": [[-95.4036629405314, 29.8049233897864], [-95.4059289154285, 29.804877776612]]}, "properties": {"centerlineid": 10083151, "roadclass": "LOCAL", "fullname": "W 21ST ST", "fromleft": 401, "toleft": 499, "fromright": 400, "toright": 498, "onewaydir": " "}}, {"type": "Feature", "geometry": {"type": "LineString", "coordinates": [[-95.4076379285078, 29.7979292163438], [-95.4084313117639, 29.7979216830283]]}, "properties": {"centerlineid": 10083160, "roadclass": "LOCAL", "fullname": "W 15TH ST", "fromleft": 1001, "toleft": 1099, "fromright": 1000, "toright": 1098, "onewaydir": " "}}, {"type": "Feature", "geometry": {"type": "LineString", "coordinates": [[-95.4102167450523, 29.80684802127], [-95.4102242808399, 29.8078702354726]]}, "properties": {"centerlineid": 10083190, "roadclass": "MAJOR", "fullname": "N SHEPHERD DR", "fromleft": 2301, "toleft": 2399, "fromright": 2300, "toright": 2398, "onewaydir": "TF"}}, {"type": "Feature", "geometry": {"type": "LineString", "coordinates": [[-95.4034874797104, 29.7961478815511], [-95.4045708338798, 29.7961248464243]]}, "properties": {"centerlineid": 10083207, "roadclass": "LOCAL", "fullname": "W 14TH ST", "fromleft": 601, "toleft": 699, "fromright": 600, "toright": 698, "onewaydir": " "}}, {"type": "Feature", "geometry": {"type": "LineString", "coordinates": [[-95.4059900494358, 29.8089328167554], [-95.4059747793947, 29.8094628805688]]}, "properties": {"centerlineid": 10083824, "roadclass": "LOCAL", "fullname": "NICHOLSON ST", "fromleft": 2451, "toleft": 2499, "fromright": 2450, "toright": 2498, "onewaydir": " "}}, {"type": "Feature", "geometry": {"type": "LineString", "coordinates": [[-95.412398736079, 29.8108896288796], [-95.4145430867262, 29.8108574411794], [-95.4146154111779, 29.8108593754216], [-95.4146637023973, 29.81086682536], [-95.4147219839732, 29.8108914810427], [-95.4147562338919, 29.8109145067371]]}, "properties": {"centerlineid": 10084204, "roadclass": "LOCAL", "fullname": "W 27TH ST", "fromleft": 801, "toleft": 899, "fromright": 800, "toright": 898, "onewaydir": " "}}, {"type": "Feature", "geometry": {"type": "LineString", "coordinates": [[-95.3894800037521, 29.8059859847904], [-95.3895141286179, 29.8068731347499]]}, "properties": {"centerlineid": 10086409, "roadclass": "LOCAL", "fullname": "CARTER ST", "fromleft": 2101, "toleft": 2199, "fromright": 2100, "toright": 2198, "onewaydir": " "}}, {"type": "Feature", "geometry": {"type": "LineString", "coordinates": [[-95.3890909680691, 29.8021330824311], [-95.3891137724425, 29.8030886405036]]}, "properties": {"centerlineid": 10086565, "roadclass": "LOCAL", "fullname": "SHELDON ST", "fromleft": 5401, "toleft": 5499, "fromright": 5400, "toright": 5498, "onewaydir": " "}}, {"type": "Feature", "geometry": {"type": "LineString", "coordinates": [[-95.3897163811951, 29.7970747135594], [-95.3897316426147, 29.7977252429468], [-95.389724132037, 29.7977957474928]]}, "properties": {"centerlineid": 10086573, "roadclass": "LOCAL", "fullname": "BEVERLY ST", "fromleft": 1401, "toleft": 1429, "fromright": 1400, "toright": 1428, "onewaydir": " "}}, {"type": "Feature", "geometry": {"type": "LineString", "coordinates": [[-95.4037240843455, 29.8079715372745], [-95.4037241098807, 29.8088660030286]]}, "properties": {"centerlineid": 10084353, "roadclass": "LOCAL", "fullname": "ASHLAND ST", "fromleft": 2401, "toleft": 2499, "fromright": 2400, "toright": 2498, "onewaydir": " "}}, {"type": "Feature", "geometry": {"type": "LineString", "coordinates": [[-95.387921724075, 29.7954569904583], [-95.387923970472, 29.7956763604303], [-95.3879311403142, 29.7963767317828]]}, "properties": {"centerlineid": 10086632, "roadclass": "MAJOR", "fullname": "STUDEWOOD ST", "fromleft": 1331, "toleft": 1349, "fromright": 1330, "toright": 1348, "onewaydir": " "}}, {"type": "Feature", "geometry": {"type": "LineString", "coordinates": [[-95.3942864631497, 29.7944389046741], [-95.3943245657069, 29.7962813911219]]}, "properties": {"centerlineid": 10086636, "roadclass": "LOCAL", "fullname": "ARLINGTON ST", "fromleft": 1301, "toleft": 1399, "fromright": 1300, "toright": 1398, "onewaydir": " "}}, {"type": "Feature", "geometry": {"type": "LineString", "coordinates": [[-95.4123987412801, 29.8103938115862], [-95.412398736079, 29.8108896288796]]}, "properties": {"centerlineid": 10084426, "roadclass": "MAJOR", "fullname": "N DURHAM DR", "fromleft": 2611, "toleft": 2699, "fromright": 2610, "toright": 2698, "onewaydir": "TF"}}, {"type": "Feature", "geometry": {"type": "LineString", "coordinates": [[-95.4099335971858, 29.8125447452515], [-95.4103235293876, 29.8125050881745]]}, "properties": {"centerlineid": 10084435, "roadclass": "FRONTAGE", "fullname": "N LOOP FWY W", "fromleft": 697, "toleft": 699, "fromright": 0, "toright": 0, "onewaydir": " "}}, {"type": "Feature", "geometry": {"type": "LineString", "coordinates": [[-95.4225230824619, 29.810947178976], [-95.422591674885, 29.8123640790812]]}, "properties": {"centerlineid": 10084482, "roadclass": "LOCAL", "fullname": "BEVIS ST", "fromleft": 2701, "toleft": 2799, "fromright": 2700, "toright": 2798, "onewaydir": " "}}, {"type": "Feature", "geometry": {"type": "LineString", "coordinates": [[-95.3959420718963, 29.8072370537769], [-95.3955986491368, 29.8072409388655]]}, "properties": {"centerlineid": 10086788, "roadclass": "LOCAL", "fullname": "E 23RD ST", "fromleft": 301, "toleft": 305, "fromright": 300, "toright": 304, "onewaydir": " "}}, {"type": "Feature", "geometry": {"type": "LineString", "coordinates": [[-95.3892664131756, 29.8123202685196], [-95.3892816893601, 29.8131480695036]]}, "properties": {"centerlineid": 10084582, "roadclass": "LOCAL", "fullname": "CORNELL ST", "fromleft": 2801, "toleft": 2899, "fromright": 2800, "toright": 2898, "onewaydir": " "}}, {"type": "Feature", "geometry": {"type": "LineString", "coordinates": [[-95.39237613686, 29.8089580333064], [-95.3923791609161, 29.8097852730803]]}, "properties": {"centerlineid": 10084835, "roadclass": "LOCAL", "fullname": "OXFORD ST", "fromleft": 2501, "toleft": 2599, "fromright": 2500, "toright": 2598, "onewaydir": " "}}, {"type": "Feature", "geometry": {"type": "LineString", "coordinates": [[-95.3946156773693, 29.8105936092497], [-95.394614578283, 29.8114217177296]]}, "properties": {"centerlineid": 10084862, "roadclass": "LOCAL", "fullname": "ARLINGTON ST", "fromleft": 2607, "toleft": 2699, "fromright": 2606, "toright": 2698, "onewaydir": " "}}, {"type": "Feature", "geometry": {"type": "LineString", "coordinates": [[-95.3892130068841, 29.8106607905998], [-95.387710056104, 29.8106799356973], [-95.3871681301202, 29.8106856609087]]}, "properties": {"centerlineid": 10084897, "roadclass": "LOCAL", "fullname": "E 26TH ST", "fromleft": 801, "toleft": 899, "fromright": 800, "toright": 898, "onewaydir": " "}}, {"type": "Feature", "geometry": {"type": "LineString", "coordinates": [[-95.3871681301202, 29.8106856609087], [-95.3863138560691, 29.8106970591221], [-95.3849695458479, 29.8107141342433]]}, "properties": {"centerlineid": 10084921, "roadclass": "LOCAL", "fullname": "E 26TH ST", "fromleft": 901, "toleft": 1099, "fromright": 900, "toright": 1098, "onewaydir": " "}}, {"type": "Feature", "geometry": {"type": "LineString", "coordinates": [[-95.4125207938422, 29.7923369577631], [-95.4125436463977, 29.7932199891671]]}, "properties": {"centerlineid": 10082932, "roadclass": "LOCAL", "fullname": "NASHUA ST", "fromleft": 1201, "toleft": 1299, "fromright": 1200, "toright": 1298, "onewaydir": " "}}, {"type": "Feature", "geometry": {"type": "LineString", "coordinates": [[-95.4013207647802, 29.7980227778299], [-95.4013588766426, 29.7998595804508]]}, "properties": {"centerlineid": 10082940, "roadclass": "LOCAL", "fullname": "RUTLAND ST", "fromleft": 1501, "toleft": 1599, "fromright": 1500, "toright": 1598, "onewaydir": " "}}, {"type": "Feature", "geometry": {"type": "LineString", "coordinates": [[-95.4160612099069, 29.7986795523806], [-95.417949521162, 29.7986837058242]]}, "properties": {"centerlineid": 10082945, "roadclass": "LOCAL", "fullname": "W 15TH 1/2 ST", "fromleft": 1001, "toleft": 1099, "fromright": 1000, "toright": 1098, "onewaydir": " "}}, {"type": "Feature", "geometry": {"type": "LineString", "coordinates": [[-95.4014506029896, 29.8049407268849], [-95.40146564675, 29.805457557285]]}, "properties": {"centerlineid": 10082975, "roadclass": "LOCAL", "fullname": "RUTLAND ST", "fromleft": 2101, "toleft": 2109, "fromright": 2100, "toright": 2108, "onewaydir": " "}}, {"type": "Feature", "geometry": {"type": "LineString", "coordinates": [[-95.4062417614343, 29.7942460971711], [-95.4067606286769, 29.7942307956392]]}, "properties": {"centerlineid": 10082991, "roadclass": "LOCAL", "fullname": "W 13TH ST", "fromleft": 811, "toleft": 899, "fromright": 810, "toright": 898, "onewaydir": " "}}, {"type": "Feature", "geometry": {"type": "LineString", "coordinates": [[-95.4035791845811, 29.8008454980738], [-95.4035792240421, 29.8010440322642], [-95.4035942765942, 29.8018526626446]]}, "properties": {"centerlineid": 10083025, "roadclass": "LOCAL", "fullname": "ASHLAND ST", "fromleft": 1701, "toleft": 1799, "fromright": 1700, "toright": 1798, "onewaydir": " "}}, {"type": "Feature", "geometry": {"type": "LineString", "coordinates": [[-95.4036476840192, 29.8039011967427], [-95.4058983410403, 29.803868804107]]}, "properties": {"centerlineid": 10083120, "roadclass": "MAJOR", "fullname": "W 20TH ST", "fromleft": 401, "toleft": 499, "fromright": 400, "toright": 498, "onewaydir": " "}}, {"type": "Feature", "geometry": {"type": "LineString", "coordinates": [[-95.4059289154285, 29.804877776612], [-95.4080575181125, 29.8048510519179]]}, "properties": {"centerlineid": 10083150, "roadclass": "LOCAL", "fullname": "W 21ST ST", "fromleft": 501, "toleft": 599, "fromright": 500, "toright": 598, "onewaydir": " "}}, {"type": "Feature", "geometry": {"type": "LineString", "coordinates": [[-95.412299469806, 29.8058009640643], [-95.4122994749194, 29.8059553988425], [-95.4123147688479, 29.8063120304027]]}, "properties": {"centerlineid": 10083242, "roadclass": "MAJOR", "fullname": "N DURHAM DR", "fromleft": 2201, "toleft": 2209, "fromright": 2200, "toright": 2208, "onewaydir": "TF"}}, {"type": "Feature", "geometry": {"type": "LineString", "coordinates": [[-95.3993840122262, 29.8110751986624], [-95.4015845152825, 29.8110511045549]]}, "properties": {"centerlineid": 10083673, "roadclass": "LOCAL", "fullname": "W 27TH ST", "fromleft": 201, "toleft": 299, "fromright": 200, "toright": 298, "onewaydir": " "}}, {"type": "Feature", "geometry": {"type": "LineString", "coordinates": [[-95.399047269364, 29.794358815705], [-95.4001458829418, 29.7943471570269]]}, "properties": {"centerlineid": 10086428, "roadclass": "LOCAL", "fullname": "W 13TH ST", "fromleft": 201, "toleft": 299, "fromright": 200, "toright": 298, "onewaydir": " "}}, {"type": "Feature", "geometry": {"type": "LineString", "coordinates": [[-95.420295120429, 29.8136304445892], [-95.4202951042947, 29.8144162892945]]}, "properties": {"centerlineid": 10084158, "roadclass": "LOCAL", "fullname": "ALBA RD", "fromleft": 3001, "toleft": 3015, "fromright": 3000, "toright": 3014, "onewaydir": " "}}, {"type": "Feature", "geometry": {"type": "LineString", "coordinates": [[-95.3923104846841, 29.806092794614], [-95.3923257365122, 29.8072943111098]]}, "properties": {"centerlineid": 10086503, "roadclass": "LOCAL", "fullname": "OXFORD ST", "fromleft": 2201, "toleft": 2299, "fromright": 2200, "toright": 2298, "onewaydir": " "}}, {"type": "Feature", "geometry": {"type": "LineString", "coordinates": [[-95.3910363747355, 29.8013739413286], [-95.3910516487754, 29.8020605205189]]}, "properties": {"centerlineid": 10086579, "roadclass": "LOCAL", "fullname": "BLOUNT ST", "fromleft": 1711, "toleft": 1799, "fromright": 1710, "toright": 1798, "onewaydir": " "}}, {"type": "Feature", "geometry": {"type": "LineString", "coordinates": [[-95.4122919557496, 29.8119157133837], [-95.4120628727629, 29.8124594529921]]}, "properties": {"centerlineid": 10084421, "roadclass": "MAJOR", "fullname": "N DURHAM DR", "fromleft": 2801, "toleft": 2899, "fromright": 2800, "toright": 2898, "onewaydir": "TF"}}, {"type": "Feature", "geometry": {"type": "LineString", "coordinates": [[-95.4149545101429, 29.8124174950045], [-95.4165033392031, 29.812406059531]]}, "properties": {"centerlineid": 10084470, "roadclass": "FRONTAGE", "fullname": "N LOOP FWY W", "fromleft": 901, "toleft": 999, "fromright": 0, "toright": 0, "onewaydir": "TF"}}, {"type": "Feature", "geometry": {"type": "LineString", "coordinates": [[-95.3967050396433, 29.8060336660473], [-95.3966058315412, 29.8060412312484], [-95.3956751125366, 29.8060526337715], [-95.3956064074301, 29.8060603684206]]}, "properties": {"centerlineid": 10086782, "roadclass": "LOCAL", "fullname": "E 22ND ST", "fromleft": 201, "toleft": 299, "fromright": 200, "toright": 298, "onewaydir": " "}}, {"type": "Feature", "geometry": {"type": "LineString", "coordinates": [[-95.4136498265917, 29.8131460249439], [-95.4144586596917, 29.8130164349019], [-95.4156869307132, 29.8129075911143]]}, "properties": {"centerlineid": 10084563, "roadclass": "RAMP", "fullname": "DURHAM WB 610 N ENT RAMP", "fromleft": 0, "toleft": 0, "fromright": 0, "toright": 0, "onewaydir": "FT"}}, {"type": "Feature", "geometry": {"type": "LineString", "coordinates": [[-95.3910288382048, 29.8122935754657], [-95.3913416761878, 29.8131136170154]]}, "properties": {"centerlineid": 10084857, "roadclass": "MAJOR", "fullname": "N MAIN ST", "fromleft": 6801, "toleft": 6899, "fromright": 6800, "toright": 6898, "onewaydir": " "}}, {"type": "Feature", "geometry": {"type": "LineString", "coordinates": [[-95.3904337357696, 29.8106416105767], [-95.3902861205525, 29.8106452648025], [-95.3899454746519, 29.8106532567345], [-95.3892130068841, 29.8106607905998]]}, "properties": {"centerlineid": 10084885, "roadclass": "LOCAL", "fullname": "E 26TH ST", "fromleft": 701, "toleft": 799, "fromright": 700, "toright": 798, "onewaydir": " "}}, {"type": "Feature", "geometry": {"type": "LineString", "coordinates": [[-95.3959726393718, 29.8080744315537], [-95.394556996882, 29.8081000468424]]}, "properties": {"centerlineid": 10084933, "roadclass": "LOCAL", "fullname": "E 24TH ST", "fromleft": 301, "toleft": 399, "fromright": 300, "toright": 398, "onewaydir": " "}}, {"type": "Feature", "geometry": {"type": "LineString", "coordinates": [[-95.3935158972285, 29.8114390560042], [-95.3924172739885, 29.8114427101966]]}, "properties": {"centerlineid": 10084952, "roadclass": "LOCAL", "fullname": "E 27TH ST", "fromleft": 501, "toleft": 599, "fromright": 500, "toright": 598, "onewaydir": " "}}, {"type": "Feature", "geometry": {"type": "LineString", "coordinates": [[-95.4181436682374, 29.8077616086485], [-95.4211954432647, 29.8077273794894], [-95.4224389898076, 29.8077100540051]]}, "properties": {"centerlineid": 10082907, "roadclass": "LOCAL", "fullname": "W 24TH ST", "fromleft": 1101, "toleft": 1299, "fromright": 1100, "toright": 1298, "onewaydir": " "}}, {"type": "Feature", "geometry": {"type": "LineString", "coordinates": [[-95.4092554672953, 29.799746836459], [-95.4100868868577, 29.7997258442398]]}, "properties": {"centerlineid": 10083019, "roadclass": "LOCAL", "fullname": "W 16TH ST", "fromleft": 629, "toleft": 699, "fromright": 628, "toright": 698, "onewaydir": " "}}, {"type": "Feature", "geometry": {"type": "LineString", "coordinates": [[-95.4102167450523, 29.80684802127], [-95.4113762919302, 29.8068288742299], [-95.4123223081396, 29.8068117252094]]}, "properties": {"centerlineid": 10083080, "roadclass": "LOCAL", "fullname": "W 23RD ST", "fromleft": 701, "toleft": 799, "fromright": 700, "toright": 798, "onewaydir": " "}}, {"type": "Feature", "geometry": {"type": "LineString", "coordinates": [[-95.4058983410403, 29.803868804107], [-95.4080500066312, 29.8038363718095]]}, "properties": {"centerlineid": 10083121, "roadclass": "MAJOR", "fullname": "W 20TH ST", "fromleft": 501, "toleft": 599, "fromright": 500, "toright": 598, "onewaydir": " "}}, {"type": "Feature", "geometry": {"type": "LineString", "coordinates": [[-95.4013894276058, 29.8018985260635], [-95.4014122528744, 29.8029111545635]]}, "properties": {"centerlineid": 10083167, "roadclass": "LOCAL", "fullname": "RUTLAND ST", "fromleft": 1801, "toleft": 1899, "fromright": 1800, "toright": 1898, "onewaydir": " "}}, {"type": "Feature", "geometry": {"type": "LineString", "coordinates": [[-95.4058068747425, 29.8018259495132], [-95.4058221550216, 29.8027815302005], [-95.4058755516615, 29.8028463644995]]}, "properties": {"centerlineid": 10083170, "roadclass": "LOCAL", "fullname": "NICHOLSON ST", "fromleft": 1801, "toleft": 1899, "fromright": 1800, "toright": 1898, "onewaydir": " "}}, {"type": "Feature", "geometry": {"type": "LineString", "coordinates": [[-95.4144433824585, 29.792310251715], [-95.4144890271, 29.7927184467813], [-95.4145273843892, 29.7933612154446], [-95.4145426436818, 29.7941831065388], [-95.4145348974622, 29.79459908272]]}, "properties": {"centerlineid": 10083217, "roadclass": "LOCAL", "fullname": "BAY OAKS RD", "fromleft": 1201, "toleft": 1299, "fromright": 1200, "toright": 1298, "onewaydir": " "}}, {"type": "Feature", "geometry": {"type": "LineString", "coordinates": [[-95.4037774792025, 29.8105120256948], [-95.4037850085408, 29.8110440966631]]}, "properties": {"centerlineid": 10083809, "roadclass": "LOCAL", "fullname": "ASHLAND ST", "fromleft": 2617, "toleft": 2699, "fromright": 2616, "toright": 2698, "onewaydir": " "}}, {"type": "Feature", "geometry": {"type": "LineString", "coordinates": [[-95.4224846552299, 29.8136172076954], [-95.4240868391964, 29.8136058058067], [-95.4242183340842, 29.8136048154723], [-95.4243001484743, 29.8136063236718], [-95.4243817147549, 29.8136120770775], [-95.4244627435288, 29.8136220552762], [-95.4245429473057, 29.8136362228654], [-95.4246220415222, 29.8136545295782], [-95.424699745551, 29.8136769104624], [-95.4247757836968, 29.8137032861103], [-95.4248498861743, 29.813733562941], [-95.4249491223511, 29.813798354369], [-95.4250177931943, 29.8138403755935]]}, "properties": {"centerlineid": 10084045, "roadclass": "LOCAL", "fullname": "W 30TH ST", "fromleft": 1201, "toleft": 1299, "fromright": 1200, "toright": 1298, "onewaydir": " "}}, {"type": "Feature", "geometry": {"type": "LineString", "coordinates": [[-95.3861153844334, 29.7957052562057], [-95.387923970472, 29.7956763604303]]}, "properties": {"centerlineid": 10086352, "roadclass": "LOCAL", "fullname": "W GARDNER ST", "fromleft": 1101, "toleft": 1199, "fromright": 1100, "toright": 1198, "onewaydir": " "}}, {"type": "Feature", "geometry": {"type": "LineString", "coordinates": [[-95.3860619608346, 29.7922586799028], [-95.3876787915704, 29.7922329054434], [-95.3878625042853, 29.792230181297]]}, "properties": {"centerlineid": 10086354, "roadclass": "LOCAL", "fullname": "W COTTAGE ST", "fromleft": 1101, "toleft": 1199, "fromright": 1100, "toright": 1198, "onewaydir": " "}}, {"type": "Feature", "geometry": {"type": "LineString", "coordinates": [[-95.3978952310805, 29.8009256072922], [-95.3979105062065, 29.801944128925]]}, "properties": {"centerlineid": 10086447, "roadclass": "MAJOR", "fullname": "HEIGHTS BLVD", "fromleft": 1701, "toleft": 1799, "fromright": 1700, "toright": 1798, "onewaydir": " "}}, {"type": "Feature", "geometry": {"type": "LineString", "coordinates": [[-95.387450656613, 29.8032011509505], [-95.3877775914742, 29.8036216824381], [-95.3879389095908, 29.8038286081264]]}, "properties": {"centerlineid": 10086470, "roadclass": "MAJOR", "fullname": "N MAIN ST", "fromleft": 5801, "toleft": 5829, "fromright": 5800, "toright": 5828, "onewaydir": " "}}, {"type": "Feature", "geometry": {"type": "LineString", "coordinates": [[-95.3862068736613, 29.8005308680774], [-95.3863213848387, 29.8005233046], [-95.3877422387334, 29.8005018708788], [-95.3879692468442, 29.8004984533515], [-95.388007589679, 29.8006280583845]]}, "properties": {"centerlineid": 10086471, "roadclass": "LOCAL", "fullname": "WALLING ST", "fromleft": 1101, "toleft": 1199, "fromright": 1100, "toright": 1198, "onewaydir": " "}}, {"type": "Feature", "geometry": {"type": "LineString", "coordinates": [[-95.3875928307456, 29.8073056838788], [-95.387915855854, 29.8071787730745], [-95.3879370606996, 29.807169682257], [-95.3879575172331, 29.8071593694403], [-95.3879771329981, 29.8071478812349], [-95.3879958193385, 29.8071352695636], [-95.3880134917986, 29.8071215914268], [-95.3880300705056, 29.8071069086449], [-95.3880454805299, 29.807091287579], [-95.388059652224, 29.807074798831], [-95.3880725215375, 29.807057516924], [-95.3880840303063, 29.8070395199664], [-95.3880941265155, 29.8070208892979], [-95.3881027645348, 29.8070017091225], [-95.3881099053241, 29.8069820661276], [-95.3881155166106, 29.8069620490926], [-95.3881195730343, 29.806941748487], [-95.3881220562624, 29.8069212560622], [-95.3881226080368, 29.8069145550135], [-95.3881239793251, 29.8067649947263]]}, "properties": {"centerlineid": 10086624, "roadclass": "LOCAL", "fullname": "STUDEWOOD ST", "fromleft": 2233, "toleft": 2299, "fromright": 2234, "toright": 2298, "onewaydir": " "}}, {"type": "Feature", "geometry": {"type": "LineString", "coordinates": [[-95.3992914110765, 29.8070025093755], [-95.399298937494, 29.807530952955]]}, "properties": {"centerlineid": 10086626, "roadclass": "MAJOR", "fullname": "YALE ST", "fromleft": 2301, "toleft": 2309, "fromright": 2300, "toright": 2308, "onewaydir": " "}}, {"type": "Feature", "geometry": {"type": "LineString", "coordinates": [[-95.422591674885, 29.8123640790812], [-95.4275888644017, 29.8123296390582]]}, "properties": {"centerlineid": 10084467, "roadclass": "FRONTAGE", "fullname": "N LOOP FWY W", "fromleft": 1301, "toleft": 1499, "fromright": 0, "toright": 0, "onewaydir": "TF"}}, {"type": "Feature", "geometry": {"type": "LineString", "coordinates": [[-95.3992914110765, 29.8070025093755], [-95.3991693389062, 29.8069929050813], [-95.3988106517202, 29.8069986213568], [-95.3983453955133, 29.8070043091404], [-95.3974450090801, 29.8070159805619]]}, "properties": {"centerlineid": 10086794, "roadclass": "LOCAL", "fullname": "E 23RD ST", "fromleft": 101, "toleft": 199, "fromright": 100, "toright": 198, "onewaydir": " "}}, {"type": "Feature", "geometry": {"type": "LineString", "coordinates": [[-95.3960716464688, 29.8129573318064], [-95.3951868322885, 29.8132090136981]]}, "properties": {"centerlineid": 10084723, "roadclass": "FRONTAGE", "fullname": "N LOOP", "fromleft": 0, "toleft": 0, "fromright": 300, "toright": 320, "onewaydir": "FT"}}, {"type": "Feature", "geometry": {"type": "LineString", "coordinates": [[-95.3975595524828, 29.8122038869791], [-95.3975595517494, 29.8127036146344]]}, "properties": {"centerlineid": 10084868, "roadclass": "LOCAL", "fullname": "HARVARD ST", "fromleft": 2801, "toleft": 2899, "fromright": 2800, "toright": 2898, "onewaydir": " "}}, {"type": "Feature", "geometry": {"type": "LineString", "coordinates": [[-95.3899683018485, 29.80732853473], [-95.3892358718122, 29.8073402078716]]}, "properties": {"centerlineid": 10084882, "roadclass": "LOCAL", "fullname": "E 23RD ST", "fromleft": 731, "toleft": 799, "fromright": 730, "toright": 798, "onewaydir": " "}}, {"type": "Feature", "geometry": {"type": "LineString", "coordinates": [[-95.3871912090872, 29.8115171169773], [-95.3863289490115, 29.8115248576819], [-95.385068074072, 29.8115414106782], [-95.385017477991, 29.8115503639833], [-95.3849735955063, 29.8115646537098], [-95.3849024127441, 29.8115953874516]]}, "properties": {"centerlineid": 10084889, "roadclass": "LOCAL", "fullname": "E 27TH ST", "fromleft": 901, "toleft": 1099, "fromright": 900, "toright": 1098, "onewaydir": " "}}, {"type": "Feature", "geometry": {"type": "LineString", "coordinates": [[-95.423850464487, 29.7955717807682], [-95.4239647718248, 29.7960123629261], [-95.4241249672393, 29.796351880631], [-95.4243004538701, 29.7966113328722]]}, "properties": {"centerlineid": 10082789, "roadclass": "MAJOR", "fullname": "W T C JESTER BLVD", "fromleft": 1401, "toleft": 1499, "fromright": 1400, "toright": 1498, "onewaydir": " "}}, {"type": "Feature", "geometry": {"type": "LineString", "coordinates": [[-95.4195626867613, 29.7945132669215], [-95.4196261939063, 29.794465603994], [-95.4196514054419, 29.7944459763464], [-95.4196757830202, 29.7944255629697], [-95.4196992944731, 29.7944043908013], [-95.4197219087755, 29.79438248778], [-95.4197435960862, 29.7943598828088], [-95.4197643277874, 29.7943366057173], [-95.4197840765223, 29.7943126872216], [-95.4198028162313, 29.7942881588845], [-95.4199288697747, 29.7941164917971]]}, "properties": {"centerlineid": 10082908, "roadclass": "LOCAL", "fullname": "WYNNWOOD LN", "fromleft": 1133, "toleft": 1199, "fromright": 1132, "toright": 1198, "onewaydir": " "}}, {"type": "Feature", "geometry": {"type": "LineString", "coordinates": [[-95.4108269399643, 29.7960276451409], [-95.4108651900236, 29.7978833720723]]}, "properties": {"centerlineid": 10082952, "roadclass": "LOCAL", "fullname": "LAIRD ST", "fromleft": 1401, "toleft": 1499, "fromright": 1400, "toright": 1498, "onewaydir": " "}}, {"type": "Feature", "geometry": {"type": "LineString", "coordinates": [[-95.4056238832578, 29.7942652556636], [-95.4062417614343, 29.7942460971711]]}, "properties": {"centerlineid": 10082989, "roadclass": "LOCAL", "fullname": "W 13TH ST", "fromleft": 801, "toleft": 809, "fromright": 800, "toright": 808, "onewaydir": " "}}, {"type": "Feature", "geometry": {"type": "LineString", "coordinates": [[-95.4036248154121, 29.8034033216156], [-95.4036476840192, 29.8039011967427]]}, "properties": {"centerlineid": 10083122, "roadclass": "LOCAL", "fullname": "ASHLAND ST", "fromleft": 1921, "toleft": 1999, "fromright": 1920, "toright": 1998, "onewaydir": " "}}, {"type": "Feature", "geometry": {"type": "LineString", "coordinates": [[-95.4099746519414, 29.7941764529212], [-95.4100029336674, 29.7960372504922]]}, "properties": {"centerlineid": 10083142, "roadclass": "MAJOR", "fullname": "N SHEPHERD DR", "fromleft": 1301, "toleft": 1399, "fromright": 1300, "toright": 1398, "onewaydir": "TF"}}, {"type": "Feature", "geometry": {"type": "LineString", "coordinates": [[-95.4045174280046, 29.7924437571921], [-95.405578003753, 29.792422755565]]}, "properties": {"centerlineid": 10083147, "roadclass": "LOCAL", "fullname": "W 12TH ST", "fromleft": 701, "toleft": 799, "fromright": 700, "toright": 798, "onewaydir": " "}}, {"type": "Feature", "geometry": {"type": "LineString", "coordinates": [[-95.4013741607708, 29.8008742401311], [-95.4035791845811, 29.8008454980738]]}, "properties": {"centerlineid": 10083174, "roadclass": "LOCAL", "fullname": "W 17TH ST", "fromleft": 301, "toleft": 399, "fromright": 300, "toright": 398, "onewaydir": " "}}, {"type": "Feature", "geometry": {"type": "LineString", "coordinates": [[-95.4123453637586, 29.8078284946124], [-95.415122445778, 29.8078036104441], [-95.4176248068105, 29.8077673291473], [-95.4181436682374, 29.8077616086485]]}, "properties": {"centerlineid": 10083188, "roadclass": "LOCAL", "fullname": "W 24TH ST", "fromleft": 801, "toleft": 1099, "fromright": 800, "toright": 1098, "onewaydir": " "}}, {"type": "Feature", "geometry": {"type": "LineString", "coordinates": [[-95.4012901751908, 29.796185988822], [-95.4023735264235, 29.7961629702172]]}, "properties": {"centerlineid": 10083204, "roadclass": "LOCAL", "fullname": "W 14TH ST", "fromleft": 401, "toleft": 499, "fromright": 400, "toright": 498, "onewaydir": " "}}, {"type": "Feature", "geometry": {"type": "LineString", "coordinates": [[-95.4081415030513, 29.808915491983], [-95.408141502837, 29.8094151713573]]}, "properties": {"centerlineid": 10083826, "roadclass": "LOCAL", "fullname": "LAWRENCE ST", "fromleft": 2501, "toleft": 2509, "fromright": 2500, "toright": 2508, "onewaydir": " "}}, {"type": "Feature", "geometry": {"type": "LineString", "coordinates": [[-95.4059289154285, 29.804877776612], [-95.405941857449, 29.8053908632728], [-95.4059517641777, 29.8057835997404], [-95.405951756451, 29.8058942638308]]}, "properties": {"centerlineid": 10082947, "roadclass": "LOCAL", "fullname": "NICHOLSON ST", "fromleft": 2101, "toleft": 2199, "fromright": 2100, "toright": 2198, "onewaydir": " "}}, {"type": "Feature", "geometry": {"type": "LineString", "coordinates": [[-95.3880532464015, 29.8031018874976], [-95.3880457067009, 29.8037980414968]]}, "properties": {"centerlineid": 10086339, "roadclass": "MAJOR", "fullname": "STUDEWOOD ST", "fromleft": 1901, "toleft": 1923, "fromright": 1900, "toright": 1922, "onewaydir": " "}}, {"type": "Feature", "geometry": {"type": "LineString", "coordinates": [[-95.3921350088172, 29.7972291916642], [-95.392157798809, 29.7981466981991]]}, "properties": {"centerlineid": 10086465, "roadclass": "LOCAL", "fullname": "OXFORD ST", "fromleft": 1421, "toleft": 1499, "fromright": 1420, "toright": 1498, "onewaydir": " "}}, {"type": "Feature", "geometry": {"type": "LineString", "coordinates": [[-95.391097491825, 29.8054881298705], [-95.3911125435151, 29.8061041828868]]}, "properties": {"centerlineid": 10086519, "roadclass": "LOCAL", "fullname": "GOSTICK ST", "fromleft": 2109, "toleft": 2199, "fromright": 2108, "toright": 2198, "onewaydir": " "}}, {"type": "Feature", "geometry": {"type": "LineString", "coordinates": [[-95.3910210439962, 29.80066637998], [-95.3910363684579, 29.8010305547196]]}, "properties": {"centerlineid": 10086583, "roadclass": "LOCAL", "fullname": "BLOUNT ST", "fromleft": 1617, "toleft": 1699, "fromright": 1616, "toright": 1698, "onewaydir": " "}}, {"type": "Feature", "geometry": {"type": "LineString", "coordinates": [[-95.3943245657069, 29.7962813911219], [-95.3943628607467, 29.7981199719872]]}, "properties": {"centerlineid": 10086637, "roadclass": "LOCAL", "fullname": "ARLINGTON ST", "fromleft": 1401, "toleft": 1499, "fromright": 1400, "toright": 1498, "onewaydir": " "}}, {"type": "Feature", "geometry": {"type": "LineString", "coordinates": [[-95.3931421799041, 29.7926114522127], [-95.3920510144304, 29.7926134853905]]}, "properties": {"centerlineid": 10086711, "roadclass": "LOCAL", "fullname": "E 12TH ST", "fromleft": 501, "toleft": 599, "fromright": 500, "toright": 598, "onewaydir": " "}}, {"type": "Feature", "geometry": {"type": "LineString", "coordinates": [[-95.3932870253318, 29.79997593541], [-95.3921808662896, 29.7999834752414]]}, "properties": {"centerlineid": 10086742, "roadclass": "LOCAL", "fullname": "E 16TH ST", "fromleft": 501, "toleft": 599, "fromright": 500, "toright": 598, "onewaydir": " "}}, {"type": "Feature", "geometry": {"type": "LineString", "coordinates": [[-95.4081720672468, 29.8109564751947], [-95.4083703612004, 29.810952623325], [-95.4102854389997, 29.8109220462675]]}, "properties": {"centerlineid": 10084417, "roadclass": "LOCAL", "fullname": "W 27TH ST", "fromleft": 601, "toleft": 699, "fromright": 600, "toright": 698, "onewaydir": " "}}, {"type": "Feature", "geometry": {"type": "LineString", "coordinates": [[-95.4082101907972, 29.8125527774247], [-95.4083092014863, 29.8125509628969], [-95.409247670861, 29.8125527979228], [-95.4099335971858, 29.8125447452515]]}, "properties": {"centerlineid": 10084478, "roadclass": "FRONTAGE", "fullname": "N LOOP FWY W", "fromleft": 601, "toleft": 695, "fromright": 0, "toright": 0, "onewaydir": "TF"}}, {"type": "Feature", "geometry": {"type": "LineString", "coordinates": [[-95.396727868531, 29.8070253150194], [-95.396048864488, 29.8070330655408], [-95.3960275737684, 29.807036572136], [-95.3960116448471, 29.8070404626042], [-95.3959967212702, 29.8070466856815], [-95.3959832483293, 29.807055055683], [-95.3959716280319, 29.8070653228635], [-95.3959622071065, 29.8070771808698], [-95.3959552666569, 29.8070902758809], [-95.3959510137741, 29.807104217166], [-95.3959495753574, 29.8071185887428], [-95.3959495626069, 29.8071398497769], [-95.3959420718963, 29.8072370537769]]}, "properties": {"centerlineid": 10086789, "roadclass": "LOCAL", "fullname": "E 23RD ST", "fromleft": 209, "toleft": 299, "fromright": 208, "toright": 298, "onewaydir": " "}}, {"type": "Feature", "geometry": {"type": "LineString", "coordinates": [[-95.3960229225055, 29.8097295819861], [-95.3960413567455, 29.8105660315134]]}, "properties": {"centerlineid": 10084644, "roadclass": "LOCAL", "fullname": "CORTLANDT ST", "fromleft": 2601, "toleft": 2611, "fromright": 2600, "toright": 2610, "onewaydir": " "}}, {"type": "Feature", "geometry": {"type": "LineString", "coordinates": [[-95.3871530935177, 29.8098500952793], [-95.3871681301202, 29.8106856609087]]}, "properties": {"centerlineid": 10084648, "roadclass": "LOCAL", "fullname": "PRINCETON ST", "fromleft": 2551, "toleft": 2599, "fromright": 2550, "toright": 2598, "onewaydir": " "}}, {"type": "Feature", "geometry": {"type": "LineString", "coordinates": [[-95.3923674561823, 29.8081342687333], [-95.39237613686, 29.8089580333064]]}, "properties": {"centerlineid": 10084834, "roadclass": "LOCAL", "fullname": "OXFORD ST", "fromleft": 2401, "toleft": 2499, "fromright": 2400, "toright": 2498, "onewaydir": " "}}, {"type": "Feature", "geometry": {"type": "LineString", "coordinates": [[-95.3946156773693, 29.8105936092497], [-95.3935084062728, 29.810600485528]]}, "properties": {"centerlineid": 10084899, "roadclass": "LOCAL", "fullname": "E 26TH ST", "fromleft": 401, "toleft": 499, "fromright": 400, "toright": 498, "onewaydir": " "}}, {"type": "Feature", "geometry": {"type": "LineString", "coordinates": [[-95.3960413567455, 29.8105660315134], [-95.3946156773693, 29.8105936092497]]}, "properties": {"centerlineid": 10084900, "roadclass": "LOCAL", "fullname": "E 26TH ST", "fromleft": 301, "toleft": 399, "fromright": 300, "toright": 398, "onewaydir": " "}}, {"type": "Feature", "geometry": {"type": "LineString", "coordinates": [[-95.3912423889956, 29.8081470161948], [-95.3895333825382, 29.8081659381359]]}, "properties": {"centerlineid": 10084929, "roadclass": "LOCAL", "fullname": "E 24TH ST", "fromleft": 701, "toleft": 799, "fromright": 700, "toright": 798, "onewaydir": " "}}, {"type": "Feature", "geometry": {"type": "LineString", "coordinates": [[-95.4224236895826, 29.8066974519003], [-95.4224389898076, 29.8077100540051]]}, "properties": {"centerlineid": 10082806, "roadclass": "LOCAL", "fullname": "BEVIS ST", "fromleft": 2301, "toleft": 2399, "fromright": 2300, "toright": 2398, "onewaydir": " "}}, {"type": "Feature", "geometry": {"type": "LineString", "coordinates": [[-95.4233163498195, 29.7938474458345], [-95.423598570958, 29.7944254071011], [-95.4236444101008, 29.7945493404349]]}, "properties": {"centerlineid": 10082880, "roadclass": "MAJOR", "fullname": "W T C JESTER BLVD", "fromleft": 1201, "toleft": 1299, "fromright": 1200, "toright": 1298, "onewaydir": " "}}, {"type": "Feature", "geometry": {"type": "LineString", "coordinates": [[-95.4035791845811, 29.8008454980738], [-95.4057840155661, 29.8008130892551]]}, "properties": {"centerlineid": 10082928, "roadclass": "LOCAL", "fullname": "W 17TH ST", "fromleft": 401, "toleft": 499, "fromright": 400, "toright": 498, "onewaydir": " "}}, {"type": "Feature", "geometry": {"type": "LineString", "coordinates": [[-95.412299469806, 29.8058009640643], [-95.4162363854347, 29.8057664842298], [-95.4171212080668, 29.8057418525399], [-95.4180977944863, 29.805730224752]]}, "properties": {"centerlineid": 10082997, "roadclass": "LOCAL", "fullname": "W 22ND ST", "fromleft": 801, "toleft": 1099, "fromright": 800, "toright": 1098, "onewaydir": " "}}, {"type": "Feature", "geometry": {"type": "LineString", "coordinates": [[-95.4092324129386, 29.7979100708328], [-95.4092323816229, 29.79796551675], [-95.4092554672953, 29.799746836459]]}, "properties": {"centerlineid": 10083008, "roadclass": "LOCAL", "fullname": "DOROTHY ST", "fromleft": 1501, "toleft": 1599, "fromright": 1500, "toright": 1598, "onewaydir": " "}}, {"type": "Feature", "geometry": {"type": "LineString", "coordinates": [[-95.4092324129386, 29.7979100708328], [-95.4100412921056, 29.7978911270908]]}, "properties": {"centerlineid": 10083009, "roadclass": "LOCAL", "fullname": "W 15TH ST", "fromleft": 1201, "toleft": 1299, "fromright": 1200, "toright": 1298, "onewaydir": " "}}, {"type": "Feature", "geometry": {"type": "LineString", "coordinates": [[-95.4100029336674, 29.7960372504922], [-95.4108269399643, 29.7960276451409]]}, "properties": {"centerlineid": 10083065, "roadclass": "LOCAL", "fullname": "W 14TH ST", "fromleft": 1301, "toleft": 1399, "fromright": 1300, "toright": 1398, "onewaydir": " "}}, {"type": "Feature", "geometry": {"type": "LineString", "coordinates": [[-95.4116204687326, 29.7960123692321], [-95.4124062586815, 29.7959988865747]]}, "properties": {"centerlineid": 10083066, "roadclass": "LOCAL", "fullname": "W 14TH ST", "fromleft": 1501, "toleft": 1599, "fromright": 1500, "toright": 1598, "onewaydir": " "}}, {"type": "Feature", "geometry": {"type": "LineString", "coordinates": [[-95.4058908082026, 29.8069242255454], [-95.4059060913373, 29.8074106860262]]}, "properties": {"centerlineid": 10083111, "roadclass": "LOCAL", "fullname": "NICHOLSON ST", "fromleft": 2301, "toleft": 2315, "fromright": 2300, "toright": 2314, "onewaydir": " "}}, {"type": "Feature", "geometry": {"type": "LineString", "coordinates": [[-95.4034188219361, 29.7924437300732], [-95.4045174280046, 29.7924437571921]]}, "properties": {"centerlineid": 10083148, "roadclass": "LOCAL", "fullname": "W 12TH ST", "fromleft": 601, "toleft": 699, "fromright": 600, "toright": 698, "onewaydir": " "}}, {"type": "Feature", "geometry": {"type": "LineString", "coordinates": [[-95.4080500066312, 29.8038363718095], [-95.4080575181125, 29.8048510519179]]}, "properties": {"centerlineid": 10083152, "roadclass": "LOCAL", "fullname": "LAWRENCE ST", "fromleft": 2001, "toleft": 2099, "fromright": 2000, "toright": 2098, "onewaydir": " "}}, {"type": "Feature", "geometry": {"type": "LineString", "coordinates": [[-95.3977959683797, 29.7962259150907], [-95.3978340513785, 29.7980723047954]]}, "properties": {"centerlineid": 10086335, "roadclass": "MAJOR", "fullname": "HEIGHTS BLVD", "fromleft": 1401, "toleft": 1499, "fromright": 1400, "toright": 1498, "onewaydir": " "}}, {"type": "Feature", "geometry": {"type": "LineString", "coordinates": [[-95.3977044509343, 29.7906927509298], [-95.3977197477242, 29.7925409494107]]}, "properties": {"centerlineid": 10086615, "roadclass": "MAJOR", "fullname": "HEIGHTS BLVD", "fromleft": 1101, "toleft": 1199, "fromright": 1100, "toright": 1198, "onewaydir": " "}}, {"type": "Feature", "geometry": {"type": "LineString", "coordinates": [[-95.3954843358191, 29.7999492609849], [-95.3943856696488, 29.7999681843299]]}, "properties": {"centerlineid": 10086691, "roadclass": "LOCAL", "fullname": "E 16TH ST", "fromleft": 301, "toleft": 399, "fromright": 300, "toright": 398, "onewaydir": " "}}, {"type": "Feature", "geometry": {"type": "LineString", "coordinates": [[-95.3965905202406, 29.7999318791219], [-95.3954843358191, 29.7999492609849]]}, "properties": {"centerlineid": 10086692, "roadclass": "LOCAL", "fullname": "E 16TH ST", "fromleft": 201, "toleft": 299, "fromright": 200, "toright": 298, "onewaydir": " "}}, {"type": "Feature", "geometry": {"type": "LineString", "coordinates": [[-95.4120628727629, 29.8124594529921], [-95.4118790697337, 29.8127438383412], [-95.4117394032412, 29.8129599353], [-95.4116129236959, 29.8131556214161]]}, "properties": {"centerlineid": 10084420, "roadclass": "MAJOR", "fullname": "N DURHAM DR", "fromleft": 0, "toleft": 0, "fromright": 0, "toright": 0, "onewaydir": "TF"}}, {"type": "Feature", "geometry": {"type": "LineString", "coordinates": [[-95.4016107670354, 29.8126367650392], [-95.4038002878133, 29.8126025280171]]}, "properties": {"centerlineid": 10084475, "roadclass": "FRONTAGE", "fullname": "N LOOP FWY W", "fromleft": 301, "toleft": 399, "fromright": 0, "toright": 0, "onewaydir": "TF"}}, {"type": "Feature", "geometry": {"type": "LineString", "coordinates": [[-95.3903116747544, 29.8068213519112], [-95.3895141286179, 29.8068731347499]]}, "properties": {"centerlineid": 10086792, "roadclass": "LOCAL", "fullname": "E 22ND ST", "fromleft": 701, "toleft": 749, "fromright": 700, "toright": 748, "onewaydir": " "}}, {"type": "Feature", "geometry": {"type": "LineString", "coordinates": [[-95.3892130068841, 29.8106607905998], [-95.3892358465304, 29.8114828877123]]}, "properties": {"centerlineid": 10084584, "roadclass": "LOCAL", "fullname": "CORNELL ST", "fromleft": 2601, "toleft": 2699, "fromright": 2600, "toright": 2698, "onewaydir": " "}}, {"type": "Feature", "geometry": {"type": "LineString", "coordinates": [[-95.4179029941822, 29.7965176787345], [-95.417928453552, 29.797803775633]]}, "properties": {"centerlineid": 10083011, "roadclass": "LOCAL", "fullname": "BEALL ST", "fromleft": 1419, "toleft": 1499, "fromright": 1418, "toright": 1498, "onewaydir": " "}}, {"type": "Feature", "geometry": {"type": "LineString", "coordinates": [[-95.4091408892509, 29.7941965703464], [-95.4091866696156, 29.796045056504]]}, "properties": {"centerlineid": 10083017, "roadclass": "LOCAL", "fullname": "DOROTHY ST", "fromleft": 1301, "toleft": 1399, "fromright": 1300, "toright": 1398, "onewaydir": " "}}, {"type": "Feature", "geometry": {"type": "LineString", "coordinates": [[-95.4084313117639, 29.7979216830283], [-95.4088280638431, 29.7979139376945], [-95.4092324129386, 29.7979100708328]]}, "properties": {"centerlineid": 10083056, "roadclass": "LOCAL", "fullname": "W 15TH ST", "fromleft": 1101, "toleft": 1199, "fromright": 1100, "toright": 1198, "onewaydir": " "}}, {"type": "Feature", "geometry": {"type": "LineString", "coordinates": [[-95.4036248335871, 29.8028901507803], [-95.4058755516615, 29.8028463644995]]}, "properties": {"centerlineid": 10083153, "roadclass": "LOCAL", "fullname": "W 19TH ST", "fromleft": 401, "toleft": 499, "fromright": 400, "toright": 498, "onewaydir": " "}}, {"type": "Feature", "geometry": {"type": "LineString", "coordinates": [[-95.4123147688479, 29.8063120304027], [-95.4123223081396, 29.8068117252094]]}, "properties": {"centerlineid": 10083234, "roadclass": "MAJOR", "fullname": "N DURHAM DR", "fromleft": 2211, "toleft": 2299, "fromright": 2210, "toright": 2298, "onewaydir": "TF"}}, {"type": "Feature", "geometry": {"type": "LineString", "coordinates": [[-95.410262382606, 29.8098998360404], [-95.4114374541611, 29.8098845458138], [-95.4123834578455, 29.8098731170844]]}, "properties": {"centerlineid": 10083631, "roadclass": "LOCAL", "fullname": "W 26TH ST", "fromleft": 701, "toleft": 799, "fromright": 700, "toright": 798, "onewaydir": " "}}, {"type": "Feature", "geometry": {"type": "LineString", "coordinates": [[-95.3977197477242, 29.7925409494107], [-95.398513079153, 29.7925352414741], [-95.3989174089895, 29.7925313583658], [-95.3990166643016, 29.7925160695125]]}, "properties": {"centerlineid": 10086358, "roadclass": "LOCAL", "fullname": "W 12TH ST", "fromleft": 101, "toleft": 199, "fromright": 100, "toright": 198, "onewaydir": " "}}, {"type": "Feature", "geometry": {"type": "LineString", "coordinates": [[-95.3933709966062, 29.8040481273635], [-95.3933938073352, 29.8054479645443], [-95.3934015674297, 29.8060774963059]]}, "properties": {"centerlineid": 10086370, "roadclass": "LOCAL", "fullname": "COLUMBIA ST", "fromleft": 2001, "toleft": 2199, "fromright": 2000, "toright": 2198, "onewaydir": " "}}, {"type": "Feature", "geometry": {"type": "LineString", "coordinates": [[-95.3879311403142, 29.7963767317828], [-95.3879389303306, 29.7970843230822]]}, "properties": {"centerlineid": 10086633, "roadclass": "MAJOR", "fullname": "STUDEWOOD ST", "fromleft": 1351, "toleft": 1399, "fromright": 1350, "toright": 1398, "onewaydir": " "}}, {"type": "Feature", "geometry": {"type": "LineString", "coordinates": [[-95.3900369751944, 29.7954173000908], [-95.3882517596196, 29.7954496849697], [-95.387921724075, 29.7954569904583]]}, "properties": {"centerlineid": 10086715, "roadclass": "LOCAL", "fullname": "E 13TH 1/2 ST", "fromleft": 701, "toleft": 799, "fromright": 700, "toright": 798, "onewaydir": " "}}, {"type": "Feature", "geometry": {"type": "LineString", "coordinates": [[-95.4081720672468, 29.8109564751947], [-95.4081871317118, 29.8114600455636], [-95.4081871187559, 29.8118949745221], [-95.4081871650976, 29.8119693546946]]}, "properties": {"centerlineid": 10084407, "roadclass": "LOCAL", "fullname": "LAWRENCE ST", "fromleft": 2701, "toleft": 2799, "fromright": 2700, "toright": 2798, "onewaydir": " "}}, {"type": "Feature", "geometry": {"type": "LineString", "coordinates": [[-95.406035693529, 29.8120035681489], [-95.4060357239217, 29.812570138339]]}, "properties": {"centerlineid": 10084424, "roadclass": "LOCAL", "fullname": "NICHOLSON ST", "fromleft": 2801, "toleft": 2899, "fromright": 2800, "toright": 2898, "onewaydir": " "}}, {"type": "Feature", "geometry": {"type": "LineString", "coordinates": [[-95.4008015991806, 29.813082749205], [-95.4021143467652, 29.8131994082849], [-95.4027094337562, 29.8132701724801]]}, "properties": {"centerlineid": 10084562, "roadclass": "RAMP", "fullname": "WB 610 N SHEPHERD EXIT RAMP", "fromleft": 0, "toleft": 0, "fromright": 0, "toright": 0, "onewaydir": "FT"}}, {"type": "Feature", "geometry": {"type": "LineString", "coordinates": [[-95.3994087466836, 29.8129057204202], [-95.4028081345302, 29.8128391130218], [-95.4081871513104, 29.8127798102674]]}, "properties": {"centerlineid": 10084568, "roadclass": "FREEWAY", "fullname": "N IH 610 W", "fromleft": 301, "toleft": 599, "fromright": 0, "toright": 0, "onewaydir": "TF"}}, {"type": "Feature", "geometry": {"type": "LineString", "coordinates": [[-95.3960488667024, 29.8113971130013], [-95.3960641356968, 29.8120818278727], [-95.3960641462035, 29.812232449374]]}, "properties": {"centerlineid": 10084699, "roadclass": "LOCAL", "fullname": "CORTLANDT ST", "fromleft": 2701, "toleft": 2799, "fromright": 2700, "toright": 2798, "onewaydir": " "}}, {"type": "Feature", "geometry": {"type": "LineString", "coordinates": [[-95.3871912090872, 29.8115171169773], [-95.3872152316909, 29.812154935992], [-95.3872140480079, 29.8123436366215]]}, "properties": {"centerlineid": 10084700, "roadclass": "LOCAL", "fullname": "PRINCETON ST", "fromleft": 2701, "toleft": 2799, "fromright": 2700, "toright": 2798, "onewaydir": " "}}, {"type": "Feature", "geometry": {"type": "LineString", "coordinates": [[-95.397475579664, 29.8083834137274], [-95.3974909054182, 29.8090758989642]]}, "properties": {"centerlineid": 10084807, "roadclass": "LOCAL", "fullname": "HARVARD ST", "fromleft": 2421, "toleft": 2499, "fromright": 2420, "toright": 2498, "onewaydir": " "}}, {"type": "Feature", "geometry": {"type": "LineString", "coordinates": [[-95.3945983807528, 29.8097593833124], [-95.3934898380666, 29.8097744088725]]}, "properties": {"centerlineid": 10084903, "roadclass": "LOCAL", "fullname": "AURORA ST", "fromleft": 401, "toleft": 499, "fromright": 400, "toright": 498, "onewaydir": " "}}, {"type": "Feature", "geometry": {"type": "LineString", "coordinates": [[-95.406310403821, 29.7979445213633], [-95.4068445846296, 29.7979310715849]]}, "properties": {"centerlineid": 10083045, "roadclass": "LOCAL", "fullname": "W 15TH ST", "fromleft": 809, "toleft": 899, "fromright": 808, "toright": 898, "onewaydir": " "}}, {"type": "Feature", "geometry": {"type": "LineString", "coordinates": [[-95.3991921614532, 29.801913810713], [-95.4013894276058, 29.8018985260635]]}, "properties": {"centerlineid": 10083166, "roadclass": "LOCAL", "fullname": "W 18TH ST", "fromleft": 201, "toleft": 299, "fromright": 200, "toright": 298, "onewaydir": " "}}, {"type": "Feature", "geometry": {"type": "LineString", "coordinates": [[-95.4075998015409, 29.7960639489687], [-95.407691333596, 29.796069611011], [-95.408385660283, 29.7960561661316]]}, "properties": {"centerlineid": 10083185, "roadclass": "LOCAL", "fullname": "W 14TH ST", "fromleft": 1001, "toleft": 1099, "fromright": 1000, "toright": 1098, "onewaydir": " "}}, {"type": "Feature", "geometry": {"type": "LineString", "coordinates": [[-95.4059060913373, 29.8074106860262], [-95.4059213831813, 29.807866585568], [-95.4059976038596, 29.8079331926066]]}, "properties": {"centerlineid": 10083201, "roadclass": "LOCAL", "fullname": "NICHOLSON ST", "fromleft": 2317, "toleft": 2399, "fromright": 2316, "toright": 2398, "onewaydir": " "}}, {"type": "Feature", "geometry": {"type": "LineString", "coordinates": [[-95.4023735264235, 29.7961629702172], [-95.4024041083867, 29.7970996133252], [-95.4024193923918, 29.7979997498424]]}, "properties": {"centerlineid": 10083203, "roadclass": "LOCAL", "fullname": "TULANE ST", "fromleft": 1401, "toleft": 1499, "fromright": 1400, "toright": 1498, "onewaydir": " "}}, {"type": "Feature", "geometry": {"type": "LineString", "coordinates": [[-95.4023735264235, 29.7961629702172], [-95.4034874797104, 29.7961478815511]]}, "properties": {"centerlineid": 10083205, "roadclass": "LOCAL", "fullname": "W 14TH ST", "fromleft": 501, "toleft": 599, "fromright": 500, "toright": 598, "onewaydir": " "}}, {"type": "Feature", "geometry": {"type": "LineString", "coordinates": [[-95.4012064192323, 29.7924857537057], [-95.401221518765, 29.7930159844546], [-95.4012445744493, 29.7938285074215], [-95.4012520942685, 29.7943377875483]]}, "properties": {"centerlineid": 10083228, "roadclass": "LOCAL", "fullname": "RUTLAND ST", "fromleft": 1201, "toleft": 1299, "fromright": 1200, "toright": 1298, "onewaydir": " "}}, {"type": "Feature", "geometry": {"type": "LineString", "coordinates": [[-95.4015491710154, 29.8090123327524], [-95.4017016736704, 29.8089982315965], [-95.4018756611076, 29.8089665124054], [-95.4020206979032, 29.8089106221144], [-95.4021796135556, 29.8088836963012], [-95.4023556694847, 29.8088785243268], [-95.4037241098807, 29.8088660030286]]}, "properties": {"centerlineid": 10083825, "roadclass": "LOCAL", "fullname": "W 25TH ST", "fromleft": 301, "toleft": 399, "fromright": 300, "toright": 398, "onewaydir": " "}}, {"type": "Feature", "geometry": {"type": "LineString", "coordinates": [[-95.4015954856547, 29.8120722502793], [-95.4037927908652, 29.8120378028947]]}, "properties": {"centerlineid": 10083909, "roadclass": "LOCAL", "fullname": "W 28TH ST", "fromleft": 301, "toleft": 399, "fromright": 300, "toright": 398, "onewaydir": " "}}, {"type": "Feature", "geometry": {"type": "LineString", "coordinates": [[-95.3954231893431, 29.7962640489956], [-95.3954537626226, 29.798102887392]]}, "properties": {"centerlineid": 10086331, "roadclass": "LOCAL", "fullname": "CORTLANDT ST", "fromleft": 1401, "toleft": 1499, "fromright": 1400, "toright": 1498, "onewaydir": " "}}, {"type": "Feature", "geometry": {"type": "LineString", "coordinates": [[-95.3862298934386, 29.8012117056402], [-95.387749530099, 29.8011888882981], [-95.3880075969917, 29.801185004356]]}, "properties": {"centerlineid": 10086348, "roadclass": "LOCAL", "fullname": "WINSTON ST", "fromleft": 1101, "toleft": 1199, "fromright": 1100, "toright": 1198, "onewaydir": " "}}, {"type": "Feature", "geometry": {"type": "LineString", "coordinates": [[-95.3879845366403, 29.7991784845685], [-95.3879998619728, 29.7999052108674]]}, "properties": {"centerlineid": 10086396, "roadclass": "MAJOR", "fullname": "STUDEWOOD ST", "fromleft": 1527, "toleft": 1599, "fromright": 1526, "toright": 1598, "onewaydir": " "}}, {"type": "Feature", "geometry": {"type": "LineString", "coordinates": [[-95.3992760866678, 29.8060031082521], [-95.3992914110765, 29.8070025093755]]}, "properties": {"centerlineid": 10086412, "roadclass": "MAJOR", "fullname": "YALE ST", "fromleft": 2201, "toleft": 2299, "fromright": 2200, "toright": 2298, "onewaydir": " "}}, {"type": "Feature", "geometry": {"type": "LineString", "coordinates": [[-95.3890909500902, 29.8048129596864], [-95.3892664060694, 29.8052820621443]]}, "properties": {"centerlineid": 10086419, "roadclass": "LOCAL", "fullname": "SHELDON ST", "fromleft": 2011, "toleft": 2099, "fromright": 2010, "toright": 2098, "onewaydir": " "}}, {"type": "Feature", "geometry": {"type": "LineString", "coordinates": [[-95.3920510144304, 29.7926134853905], [-95.3920663413701, 29.7935520041767]]}, "properties": {"centerlineid": 10086432, "roadclass": "LOCAL", "fullname": "OXFORD ST", "fromleft": 1201, "toleft": 1219, "fromright": 1200, "toright": 1218, "onewaydir": " "}}, {"type": "Feature", "geometry": {"type": "LineString", "coordinates": [[-95.3932564906087, 29.7981295612961], [-95.3932870253318, 29.79997593541]]}, "properties": {"centerlineid": 10086494, "roadclass": "LOCAL", "fullname": "COLUMBIA ST", "fromleft": 1501, "toleft": 1599, "fromright": 1500, "toright": 1598, "onewaydir": " "}}, {"type": "Feature", "geometry": {"type": "LineString", "coordinates": [[-95.4037240843455, 29.8079715372745], [-95.4059976038596, 29.8079331926066]]}, "properties": {"centerlineid": 10084361, "roadclass": "LOCAL", "fullname": "W 24TH ST", "fromleft": 401, "toleft": 499, "fromright": 400, "toright": 498, "onewaydir": " "}}, {"type": "Feature", "geometry": {"type": "LineString", "coordinates": [[-95.3964456426735, 29.7925676385153], [-95.3964531461885, 29.7928804795542], [-95.3964684438059, 29.7936987027289], [-95.3964837514204, 29.7944064945953]]}, "properties": {"centerlineid": 10086678, "roadclass": "LOCAL", "fullname": "HARVARD ST", "fromleft": 1201, "toleft": 1299, "fromright": 1200, "toright": 1298, "onewaydir": " "}}, {"type": "Feature", "geometry": {"type": "LineString", "coordinates": [[-95.3922342333327, 29.8020281126441], [-95.391211794721, 29.8020491083553], [-95.3910516487754, 29.8020605205189]]}, "properties": {"centerlineid": 10086741, "roadclass": "LOCAL", "fullname": "E 18TH ST", "fromleft": 601, "toleft": 699, "fromright": 600, "toright": 698, "onewaydir": " "}}, {"type": "Feature", "geometry": {"type": "LineString", "coordinates": [[-95.392157798809, 29.7981466981991], [-95.3910210518862, 29.7981601488016]]}, "properties": {"centerlineid": 10086744, "roadclass": "LOCAL", "fullname": "E 15TH ST", "fromleft": 601, "toleft": 699, "fromright": 600, "toright": 698, "onewaydir": " "}}, {"type": "Feature", "geometry": {"type": "LineString", "coordinates": [[-95.3921959166918, 29.8010248321611], [-95.3910363684579, 29.8010305547196]]}, "properties": {"centerlineid": 10086752, "roadclass": "LOCAL", "fullname": "E 17TH ST", "fromleft": 601, "toleft": 699, "fromright": 600, "toright": 698, "onewaydir": " "}}, {"type": "Feature", "geometry": {"type": "LineString", "coordinates": [[-95.3994006406178, 29.8121075209979], [-95.3994013779839, 29.8121851243873], [-95.3994057133533, 29.8126424523812]]}, "properties": {"centerlineid": 10084408, "roadclass": "MAJOR", "fullname": "YALE ST", "fromleft": 2801, "toleft": 2899, "fromright": 2800, "toright": 2898, "onewaydir": " "}}, {"type": "Feature", "geometry": {"type": "LineString", "coordinates": [[-95.4081871650976, 29.8119693546946], [-95.4083322704583, 29.8119672890746], [-95.4103157776334, 29.8119253337299]]}, "properties": {"centerlineid": 10084416, "roadclass": "LOCAL", "fullname": "W 28TH ST", "fromleft": 601, "toleft": 699, "fromright": 600, "toright": 698, "onewaydir": " "}}, {"type": "Feature", "geometry": {"type": "LineString", "coordinates": [[-95.4043038583835, 29.8125986380819], [-95.4033120258817, 29.8127455865607], [-95.4024727952455, 29.812842802071]]}, "properties": {"centerlineid": 10084548, "roadclass": "RAMP", "fullname": "SHEPHERD EB 610 N ENT RAMP", "fromleft": 0, "toleft": 0, "fromright": 0, "toright": 0, "onewaydir": "FT"}}, {"type": "Feature", "geometry": {"type": "LineString", "coordinates": [[-95.3994057133533, 29.8126424523812], [-95.3989251683217, 29.8126559217461], [-95.3984215878483, 29.812669141793], [-95.3975595517494, 29.8127036146344]]}, "properties": {"centerlineid": 10084579, "roadclass": "FRONTAGE", "fullname": "N LOOP", "fromleft": 0, "toleft": 0, "fromright": 100, "toright": 198, "onewaydir": "FT"}}, {"type": "Feature", "geometry": {"type": "LineString", "coordinates": [[-95.3959726393718, 29.8080744315537], [-95.3960008141687, 29.8084102561241]]}, "properties": {"centerlineid": 10084812, "roadclass": "LOCAL", "fullname": "CORTLANDT ST", "fromleft": 2401, "toleft": 2449, "fromright": 2400, "toright": 2448, "onewaydir": " "}}, {"type": "Feature", "geometry": {"type": "LineString", "coordinates": [[-95.3898384419851, 29.8089955908424], [-95.3897163710056, 29.8089919311681], [-95.3896677537933, 29.8089926224512], [-95.3877709954078, 29.8090186069453], [-95.3871300470614, 29.8090222684109]]}, "properties": {"centerlineid": 10084916, "roadclass": "LOCAL", "fullname": "E 25TH ST", "fromleft": 801, "toleft": 899, "fromright": 800, "toright": 898, "onewaydir": " "}}, {"type": "Feature", "geometry": {"type": "LineString", "coordinates": [[-95.4014581438869, 29.8044293861243], [-95.4014506029896, 29.8049407268849]]}, "properties": {"centerlineid": 10082978, "roadclass": "LOCAL", "fullname": "RUTLAND ST", "fromleft": 2021, "toleft": 2099, "fromright": 2020, "toright": 2098, "onewaydir": " "}}, {"type": "Feature", "geometry": {"type": "LineString", "coordinates": [[-95.4079888422682, 29.8007806892397], [-95.4079888662656, 29.8009753153399], [-95.4079966001337, 29.801797423698]]}, "properties": {"centerlineid": 10083026, "roadclass": "LOCAL", "fullname": "LAWRENCE ST", "fromleft": 1701, "toleft": 1799, "fromright": 1700, "toright": 1798, "onewaydir": " "}}, {"type": "Feature", "geometry": {"type": "LineString", "coordinates": [[-95.4022898222369, 29.7906432361513], [-95.4023126485841, 29.7924722828599]]}, "properties": {"centerlineid": 10083034, "roadclass": "LOCAL", "fullname": "TULANE ST", "fromleft": 1101, "toleft": 1199, "fromright": 1100, "toright": 1198, "onewaydir": " "}}, {"type": "Feature", "geometry": {"type": "LineString", "coordinates": [[-95.4080728298622, 29.8058714289659], [-95.4085458401808, 29.8058543306516], [-95.4101861467941, 29.8058294667234]]}, "properties": {"centerlineid": 10083049, "roadclass": "LOCAL", "fullname": "W 22ND ST", "fromleft": 601, "toleft": 699, "fromright": 600, "toright": 698, "onewaydir": " "}}, {"type": "Feature", "geometry": {"type": "LineString", "coordinates": [[-95.418007154596, 29.801714781552], [-95.4180439872637, 29.802717924492]]}, "properties": {"centerlineid": 10083061, "roadclass": "LOCAL", "fullname": "BEALL ST", "fromleft": 1801, "toleft": 1899, "fromright": 1800, "toright": 1898, "onewaydir": " "}}, {"type": "Feature", "geometry": {"type": "LineString", "coordinates": [[-95.401480932819, 29.8064722141576], [-95.4015040054777, 29.8069776311358]]}, "properties": {"centerlineid": 10083107, "roadclass": "LOCAL", "fullname": "RUTLAND ST", "fromleft": 2217, "toleft": 2299, "fromright": 2216, "toright": 2298, "onewaydir": " "}}, {"type": "Feature", "geometry": {"type": "LineString", "coordinates": [[-95.4011681303529, 29.7906526160952], [-95.4012064192323, 29.7924857537057]]}, "properties": {"centerlineid": 10083129, "roadclass": "LOCAL", "fullname": "RUTLAND ST", "fromleft": 1101, "toleft": 1199, "fromright": 1100, "toright": 1198, "onewaydir": " "}}, {"type": "Feature", "geometry": {"type": "LineString", "coordinates": [[-95.4057306537938, 29.7998136922557], [-95.4057459122542, 29.7999300668327], [-95.4057840132128, 29.8005059870205], [-95.4057840155661, 29.8008130892551]]}, "properties": {"centerlineid": 10083158, "roadclass": "LOCAL", "fullname": "NICHOLSON ST", "fromleft": 1601, "toleft": 1699, "fromright": 1600, "toright": 1698, "onewaydir": " "}}, {"type": "Feature", "geometry": {"type": "LineString", "coordinates": [[-95.408385660283, 29.7960561661316], [-95.4083931772504, 29.796790632472], [-95.4084313117639, 29.7979216830283]]}, "properties": {"centerlineid": 10083163, "roadclass": "LOCAL", "fullname": "ALEXANDER ST", "fromleft": 1401, "toleft": 1499, "fromright": 1400, "toright": 1498, "onewaydir": " "}}, {"type": "Feature", "geometry": {"type": "LineString", "coordinates": [[-95.4062723289167, 29.7960981405879], [-95.406310403821, 29.7979445213633]]}, "properties": {"centerlineid": 10083179, "roadclass": "LOCAL", "fullname": "HERKIMER ST", "fromleft": 1401, "toleft": 1499, "fromright": 1400, "toright": 1498, "onewaydir": " "}}, {"type": "Feature", "geometry": {"type": "LineString", "coordinates": [[-95.387061381514, 29.7943147829285], [-95.3879130332454, 29.794304510113]]}, "properties": {"centerlineid": 10086473, "roadclass": "LOCAL", "fullname": "W MELWOOD ST", "fromleft": 1125, "toleft": 1199, "fromright": 1124, "toright": 1198, "onewaydir": " "}}, {"type": "Feature", "geometry": {"type": "LineString", "coordinates": [[-95.3991234524928, 29.7980417317838], [-95.3991693467133, 29.7998880945974]]}, "properties": {"centerlineid": 10086570, "roadclass": "MAJOR", "fullname": "YALE ST", "fromleft": 1501, "toleft": 1599, "fromright": 1500, "toright": 1598, "onewaydir": " "}}, {"type": "Feature", "geometry": {"type": "LineString", "coordinates": [[-95.399047269364, 29.794358815705], [-95.399085332178, 29.7962184156046]]}, "properties": {"centerlineid": 10086640, "roadclass": "MAJOR", "fullname": "YALE ST", "fromleft": 1301, "toleft": 1399, "fromright": 1300, "toright": 1398, "onewaydir": " "}}, {"type": "Feature", "geometry": {"type": "LineString", "coordinates": [[-95.3990166643016, 29.7925160695125], [-95.3990394949566, 29.7937694269692], [-95.399047269364, 29.794358815705]]}, "properties": {"centerlineid": 10086677, "roadclass": "MAJOR", "fullname": "YALE ST", "fromleft": 1201, "toleft": 1299, "fromright": 1200, "toright": 1298, "onewaydir": " "}}, {"type": "Feature", "geometry": {"type": "LineString", "coordinates": [[-95.4015877190795, 29.8115668725961], [-95.401595453804, 29.8119960559957], [-95.4015954856547, 29.8120722502793]]}, "properties": {"centerlineid": 10084414, "roadclass": "LOCAL", "fullname": "RUTLAND ST", "fromleft": 2721, "toleft": 2799, "fromright": 2720, "toright": 2798, "onewaydir": " "}}, {"type": "Feature", "geometry": {"type": "LineString", "coordinates": [[-95.4060357239217, 29.812570138339], [-95.4069969878703, 29.8125623650113]]}, "properties": {"centerlineid": 10084473, "roadclass": "FRONTAGE", "fullname": "N LOOP FWY W", "fromleft": 501, "toleft": 523, "fromright": 0, "toright": 0, "onewaydir": "TF"}}, {"type": "Feature", "geometry": {"type": "LineString", "coordinates": [[-95.3904337357696, 29.8106416105767], [-95.3907388003925, 29.8114714939376]]}, "properties": {"centerlineid": 10084688, "roadclass": "MAJOR", "fullname": "N MAIN ST", "fromleft": 6621, "toleft": 6699, "fromright": 6620, "toright": 6698, "onewaydir": " "}}, {"type": "Feature", "geometry": {"type": "LineString", "coordinates": [[-95.3912195535502, 29.8073153349805], [-95.3911130694638, 29.8073259803939], [-95.3903192023527, 29.807322865965]]}, "properties": {"centerlineid": 10084934, "roadclass": "LOCAL", "fullname": "E 23RD ST", "fromleft": 701, "toleft": 719, "fromright": 700, "toright": 718, "onewaydir": " "}}, {"type": "Feature", "geometry": {"type": "LineString", "coordinates": [[-95.4199288697747, 29.7941164917971], [-95.4210674078466, 29.7945828457176], [-95.4212843421146, 29.7947211849129], [-95.4216495870826, 29.79496379021], [-95.421944571787, 29.7952188500387]]}, "properties": {"centerlineid": 10082915, "roadclass": "MAJOR", "fullname": "E T C JESTER BLVD", "fromleft": 1139, "toleft": 1199, "fromright": 1138, "toright": 1198, "onewaydir": " "}}, {"type": "Feature", "geometry": {"type": "LineString", "coordinates": [[-95.4036818459283, 29.8059244517809], [-95.403701271203, 29.8069472829622]]}, "properties": {"centerlineid": 10082965, "roadclass": "LOCAL", "fullname": "ASHLAND ST", "fromleft": 2201, "toleft": 2299, "fromright": 2200, "toright": 2298, "onewaydir": " "}}, {"type": "Feature", "geometry": {"type": "LineString", "coordinates": [[-95.4036476840192, 29.8039011967427], [-95.4036476508109, 29.8044026920631]]}, "properties": {"centerlineid": 10082980, "roadclass": "LOCAL", "fullname": "ASHLAND ST", "fromleft": 2001, "toleft": 2009, "fromright": 2000, "toright": 2008, "onewaydir": " "}}, {"type": "Feature", "geometry": {"type": "LineString", "coordinates": [[-95.4080347157888, 29.8028139467545], [-95.4080500066312, 29.8038363718095]]}, "properties": {"centerlineid": 10083128, "roadclass": "LOCAL", "fullname": "LAWRENCE ST", "fromleft": 1901, "toleft": 1999, "fromright": 1900, "toright": 1998, "onewaydir": " "}}, {"type": "Feature", "geometry": {"type": "LineString", "coordinates": [[-95.4154733419464, 29.7946029224932], [-95.4161142779162, 29.7946029437166]]}, "properties": {"centerlineid": 10083200, "roadclass": "LOCAL", "fullname": "WYNNWOOD LN", "fromleft": 927, "toleft": 999, "fromright": 926, "toright": 998, "onewaydir": " "}}, {"type": "Feature", "geometry": {"type": "LineString", "coordinates": [[-95.4147790113954, 29.8088317408628], [-95.4148018339262, 29.8098482676421]]}, "properties": {"centerlineid": 10083643, "roadclass": "LOCAL", "fullname": "BRINKMAN ST", "fromleft": 2501, "toleft": 2599, "fromright": 2500, "toright": 2598, "onewaydir": " "}}, {"type": "Feature", "geometry": {"type": "LineString", "coordinates": [[-95.4181664803757, 29.8087763219007], [-95.4211190544561, 29.8087381862524], [-95.4224695686934, 29.8087190173094]]}, "properties": {"centerlineid": 10083803, "roadclass": "LOCAL", "fullname": "W 25TH ST", "fromleft": 1101, "toleft": 1299, "fromright": 1100, "toright": 1298, "onewaydir": " "}}, {"type": "Feature", "geometry": {"type": "LineString", "coordinates": [[-95.4058983410403, 29.803868804107], [-95.405925687052, 29.8043621982703], [-95.4059289154285, 29.804877776612]]}, "properties": {"centerlineid": 10083119, "roadclass": "LOCAL", "fullname": "NICHOLSON ST", "fromleft": 2001, "toleft": 2099, "fromright": 2000, "toright": 2098, "onewaydir": " "}}, {"type": "Feature", "geometry": {"type": "LineString", "coordinates": [[-95.4122919557496, 29.8119157133837], [-95.4132379845703, 29.8118949756674], [-95.413893959516, 29.8118814968104], [-95.4144890155577, 29.8118529910444], [-95.4148096113115, 29.8118281175156]]}, "properties": {"centerlineid": 10084202, "roadclass": "LOCAL", "fullname": "W 28TH ST", "fromleft": 801, "toleft": 899, "fromright": 800, "toright": 898, "onewaydir": " "}}, {"type": "Feature", "geometry": {"type": "LineString", "coordinates": [[-95.3974450090801, 29.8070159805619], [-95.39744502129, 29.8077025189273]]}, "properties": {"centerlineid": 10086511, "roadclass": "LOCAL", "fullname": "HARVARD ST", "fromleft": 2301, "toleft": 2399, "fromright": 2300, "toright": 2398, "onewaydir": " "}}, {"type": "Feature", "geometry": {"type": "LineString", "coordinates": [[-95.4224389898076, 29.8077100540051], [-95.4224695686934, 29.8087190173094]]}, "properties": {"centerlineid": 10084374, "roadclass": "LOCAL", "fullname": "BEVIS ST", "fromleft": 2401, "toleft": 2499, "fromright": 2400, "toright": 2498, "onewaydir": " "}}, {"type": "Feature", "geometry": {"type": "LineString", "coordinates": [[-95.3878807181854, 29.7926741828112], [-95.3878822707864, 29.7929299720955], [-95.3878855369959, 29.793468012506], [-95.3878930828833, 29.7935937177541]]}, "properties": {"centerlineid": 10086675, "roadclass": "MAJOR", "fullname": "STUDEWOOD ST", "fromleft": 1201, "toleft": 1215, "fromright": 1200, "toright": 1214, "onewaydir": " "}}, {"type": "Feature", "geometry": {"type": "LineString", "coordinates": [[-95.3900522474095, 29.7963326974875], [-95.3882211946104, 29.7963728724714], [-95.3879311403142, 29.7963767317828]]}, "properties": {"centerlineid": 10086714, "roadclass": "LOCAL", "fullname": "E 14TH ST", "fromleft": 701, "toleft": 799, "fromright": 700, "toright": 798, "onewaydir": " "}}, {"type": "Feature", "geometry": {"type": "LineString", "coordinates": [[-95.3977959683797, 29.7962259150907], [-95.3965295931018, 29.7962469081567]]}, "properties": {"centerlineid": 10086759, "roadclass": "LOCAL", "fullname": "E 14TH ST", "fromleft": 101, "toleft": 199, "fromright": 100, "toright": 198, "onewaydir": " "}}, {"type": "Feature", "geometry": {"type": "LineString", "coordinates": [[-95.4103235293876, 29.8125050881745], [-95.4114908409368, 29.8124747501507], [-95.4120628727629, 29.8124594529921]]}, "properties": {"centerlineid": 10084476, "roadclass": "FRONTAGE", "fullname": "N LOOP FWY W", "fromleft": 701, "toleft": 799, "fromright": 0, "toright": 0, "onewaydir": "TF"}}, {"type": "Feature", "geometry": {"type": "LineString", "coordinates": [[-95.3892358465304, 29.8114828877123], [-95.3892586470911, 29.8121886016655], [-95.3892664131756, 29.8123202685196]]}, "properties": {"centerlineid": 10084597, "roadclass": "LOCAL", "fullname": "CORNELL ST", "fromleft": 2701, "toleft": 2799, "fromright": 2700, "toright": 2798, "onewaydir": " "}}, {"type": "Feature", "geometry": {"type": "LineString", "coordinates": [[-95.3923257365122, 29.8072943111098], [-95.3923674561823, 29.8081342687333]]}, "properties": {"centerlineid": 10084770, "roadclass": "LOCAL", "fullname": "OXFORD ST", "fromleft": 2301, "toleft": 2399, "fromright": 2300, "toright": 2398, "onewaydir": " "}}, {"type": "Feature", "geometry": {"type": "LineString", "coordinates": [[-95.3959420718963, 29.8072370537769], [-95.3959648493884, 29.8077273931101]]}, "properties": {"centerlineid": 10084772, "roadclass": "LOCAL", "fullname": "CORTLANDT ST", "fromleft": 2301, "toleft": 2349, "fromright": 2300, "toright": 2348, "onewaydir": " "}}, {"type": "Feature", "geometry": {"type": "LineString", "coordinates": [[-95.3934472071225, 29.8081107119629], [-95.3923674561823, 29.8081342687333]]}, "properties": {"centerlineid": 10084931, "roadclass": "LOCAL", "fullname": "E 24TH ST", "fromleft": 501, "toleft": 599, "fromright": 500, "toright": 598, "onewaydir": " "}}, {"type": "Feature", "geometry": {"type": "LineString", "coordinates": [[-95.394556996882, 29.8081000468424], [-95.3934472071225, 29.8081107119629]]}, "properties": {"centerlineid": 10084932, "roadclass": "LOCAL", "fullname": "E 24TH ST", "fromleft": 401, "toleft": 499, "fromright": 400, "toright": 498, "onewaydir": " "}}, {"type": "Feature", "geometry": {"type": "LineString", "coordinates": [[-95.3994110708097, 29.8131076610114], [-95.3977937958212, 29.8131188138316], [-95.3976917335368, 29.813121435592], [-95.3975898955415, 29.8131278895035], [-95.397488470949, 29.8131381635812], [-95.3973876481051, 29.8131522387461], [-95.3971064630458, 29.8131969315094], [-95.3966745035091, 29.8132548677591]]}, "properties": {"centerlineid": 10085105, "roadclass": "FREEWAY", "fullname": "N IH 610", "fromleft": 101, "toleft": 221, "fromright": 0, "toright": 0, "onewaydir": "TF"}}, {"type": "Feature", "geometry": {"type": "LineString", "coordinates": [[-95.4223931487903, 29.8056768129498], [-95.4224084515192, 29.8062242070645], [-95.4224236895826, 29.8066974519003]]}, "properties": {"centerlineid": 10082795, "roadclass": "LOCAL", "fullname": "BEVIS ST", "fromleft": 2201, "toleft": 2299, "fromright": 2200, "toright": 2298, "onewaydir": " "}}, {"type": "Feature", "geometry": {"type": "LineString", "coordinates": [[-95.411651014706, 29.7978662678987], [-95.4124521599001, 29.7978548701052]]}, "properties": {"centerlineid": 10083010, "roadclass": "LOCAL", "fullname": "W 15TH ST", "fromleft": 1501, "toleft": 1599, "fromright": 1500, "toright": 1598, "onewaydir": " "}}, {"type": "Feature", "geometry": {"type": "LineString", "coordinates": [[-95.4079888422682, 29.8007806892397], [-95.4087290735123, 29.800773171331], [-95.4100946775669, 29.8007483010318]]}, "properties": {"centerlineid": 10083054, "roadclass": "LOCAL", "fullname": "W 17TH ST", "fromleft": 601, "toleft": 699, "fromright": 600, "toright": 698, "onewaydir": " "}}, {"type": "Feature", "geometry": {"type": "LineString", "coordinates": [[-95.403563935971, 29.799844285521], [-95.4046547966039, 29.7998212165128]]}, "properties": {"centerlineid": 10083093, "roadclass": "LOCAL", "fullname": "W 16TH ST", "fromleft": 401, "toleft": 421, "fromright": 400, "toright": 420, "onewaydir": " "}}, {"type": "Feature", "geometry": {"type": "LineString", "coordinates": [[-95.4059595008276, 29.8063978265729], [-95.4059670421971, 29.8068345849018], [-95.4058908082026, 29.8069242255454]]}, "properties": {"centerlineid": 10083112, "roadclass": "LOCAL", "fullname": "NICHOLSON ST", "fromleft": 2217, "toleft": 2299, "fromright": 2216, "toright": 2298, "onewaydir": " "}}, {"type": "Feature", "geometry": {"type": "LineString", "coordinates": [[-95.4045708338798, 29.7961248464243], [-95.4056542180984, 29.7960963117116]]}, "properties": {"centerlineid": 10083177, "roadclass": "LOCAL", "fullname": "W 14TH ST", "fromleft": 701, "toleft": 799, "fromright": 700, "toright": 798, "onewaydir": " "}}, {"type": "Feature", "geometry": {"type": "LineString", "coordinates": [[-95.4062723289167, 29.7960981405879], [-95.4063943707141, 29.7960885730404], [-95.4067987047798, 29.7960849006093]]}, "properties": {"centerlineid": 10083181, "roadclass": "LOCAL", "fullname": "W 14TH ST", "fromleft": 831, "toleft": 899, "fromright": 830, "toright": 898, "onewaydir": " "}}, {"type": "Feature", "geometry": {"type": "LineString", "coordinates": [[-95.3887475847882, 29.806027750555], [-95.3890297937775, 29.8067868769983]]}, "properties": {"centerlineid": 10086408, "roadclass": "MAJOR", "fullname": "N MAIN ST", "fromleft": 6101, "toleft": 6199, "fromright": 6100, "toright": 6198, "onewaydir": " "}}, {"type": "Feature", "geometry": {"type": "LineString", "coordinates": [[-95.3885109229943, 29.8053411617747], [-95.3885948994955, 29.8055739147532]]}, "properties": {"centerlineid": 10086418, "roadclass": "MAJOR", "fullname": "N MAIN ST", "fromleft": 6001, "toleft": 6009, "fromright": 6000, "toright": 6008, "onewaydir": " "}}, {"type": "Feature", "geometry": {"type": "LineString", "coordinates": [[-95.3993617855959, 29.8096801657964], [-95.3993643091968, 29.8100657235789]]}, "properties": {"centerlineid": 10084377, "roadclass": "MAJOR", "fullname": "YALE ST", "fromleft": 2517, "toleft": 2599, "fromright": 2516, "toright": 2598, "onewaydir": " "}}, {"type": "Feature", "geometry": {"type": "LineString", "coordinates": [[-95.3993447754624, 29.8090528575467], [-95.4015491710154, 29.8090123327524]]}, "properties": {"centerlineid": 10084382, "roadclass": "LOCAL", "fullname": "W 25TH ST", "fromleft": 201, "toleft": 299, "fromright": 200, "toright": 298, "onewaydir": " "}}, {"type": "Feature", "geometry": {"type": "LineString", "coordinates": [[-95.3910759128171, 29.80409378695], [-95.3905040904812, 29.8040885613559], [-95.3902505171315, 29.8040862446566]]}, "properties": {"centerlineid": 10086703, "roadclass": "MAJOR", "fullname": "E 20TH ST", "fromleft": 701, "toleft": 705, "fromright": 700, "toright": 704, "onewaydir": " "}}, {"type": "Feature", "geometry": {"type": "LineString", "coordinates": [[-95.4122633738622, 29.8131554003134], [-95.4136498265917, 29.8131460249439]]}, "properties": {"centerlineid": 10084461, "roadclass": "FRONTAGE", "fullname": "N LOOP FWY W", "fromleft": 0, "toleft": 0, "fromright": 720, "toright": 798, "onewaydir": "FT"}}, {"type": "Feature", "geometry": {"type": "LineString", "coordinates": [[-95.3975442815036, 29.8113740418381], [-95.3975595601938, 29.8120588027967], [-95.3975595524828, 29.8122038869791]]}, "properties": {"centerlineid": 10084704, "roadclass": "LOCAL", "fullname": "HARVARD ST", "fromleft": 2701, "toleft": 2799, "fromright": 2700, "toright": 2798, "onewaydir": " "}}, {"type": "Feature", "geometry": {"type": "LineString", "coordinates": [[-95.3975137161756, 29.8105482954875], [-95.3975442815036, 29.8113740418381]]}, "properties": {"centerlineid": 10084779, "roadclass": "LOCAL", "fullname": "HARVARD ST", "fromleft": 2609, "toleft": 2699, "fromright": 2608, "toright": 2698, "onewaydir": " "}}, {"type": "Feature", "geometry": {"type": "LineString", "coordinates": [[-95.3923944619057, 29.8106130765857], [-95.3924172739885, 29.8114427101966]]}, "properties": {"centerlineid": 10084861, "roadclass": "LOCAL", "fullname": "OXFORD ST", "fromleft": 2617, "toleft": 2699, "fromright": 2616, "toright": 2698, "onewaydir": " "}}, {"type": "Feature", "geometry": {"type": "LineString", "coordinates": [[-95.3892664131756, 29.8123202685196], [-95.3879038123641, 29.8123374846609], [-95.3875276763846, 29.8123435575671], [-95.3872140480079, 29.8123436366215]]}, "properties": {"centerlineid": 10084895, "roadclass": "LOCAL", "fullname": "E 28TH ST", "fromleft": 801, "toleft": 899, "fromright": 800, "toright": 898, "onewaydir": " "}}, {"type": "Feature", "geometry": {"type": "LineString", "coordinates": [[-95.3960641462035, 29.812232449374], [-95.3946373526759, 29.8122438581961]]}, "properties": {"centerlineid": 10084954, "roadclass": "LOCAL", "fullname": "E 28TH ST", "fromleft": 301, "toleft": 399, "fromright": 300, "toright": 398, "onewaydir": " "}}, {"type": "Feature", "geometry": {"type": "LineString", "coordinates": [[-95.4224389898076, 29.8077100540051], [-95.423964767899, 29.807704339356], [-95.4258339904614, 29.8076986462275]]}, "properties": {"centerlineid": 10082798, "roadclass": "LOCAL", "fullname": "W 24TH ST", "fromleft": 1301, "toleft": 1499, "fromright": 1300, "toright": 1498, "onewaydir": " "}}, {"type": "Feature", "geometry": {"type": "LineString", "coordinates": [[-95.4180439872637, 29.802717924492], [-95.4223169222928, 29.8027128508897]]}, "properties": {"centerlineid": 10082887, "roadclass": "LOCAL", "fullname": "W 19TH ST", "fromleft": 1101, "toleft": 1299, "fromright": 1100, "toright": 1298, "onewaydir": " "}}, {"type": "Feature", "geometry": {"type": "LineString", "coordinates": [[-95.4080728298622, 29.8058714289659], [-95.4080803420788, 29.8059458242647], [-95.408088128867, 29.8063864500457]]}, "properties": {"centerlineid": 10082968, "roadclass": "LOCAL", "fullname": "LAWRENCE ST", "fromleft": 2201, "toleft": 2215, "fromright": 2200, "toright": 2214, "onewaydir": " "}}, {"type": "Feature", "geometry": {"type": "LineString", "coordinates": [[-95.4123223081396, 29.8068117252094], [-95.4176629077854, 29.8067451261234], [-95.4181205962476, 29.8067391680513]]}, "properties": {"centerlineid": 10083083, "roadclass": "LOCAL", "fullname": "W 23RD ST", "fromleft": 801, "toleft": 1099, "fromright": 800, "toright": 1098, "onewaydir": " "}}, {"type": "Feature", "geometry": {"type": "LineString", "coordinates": [[-95.4107964742261, 29.7941656218249], [-95.4115823501713, 29.7941659891832]]}, "properties": {"centerlineid": 10083101, "roadclass": "LOCAL", "fullname": "W 13TH ST", "fromleft": 1401, "toleft": 1499, "fromright": 1400, "toright": 1498, "onewaydir": " "}}, {"type": "Feature", "geometry": {"type": "LineString", "coordinates": [[-95.4217218427738, 29.8097547027282], [-95.4217245389753, 29.8098356661559], [-95.4217510541902, 29.8106321207258]]}, "properties": {"centerlineid": 10084291, "roadclass": "PRIVATE", "fullname": "SHADY ACRES CT", "fromleft": 2601, "toleft": 2699, "fromright": 2600, "toright": 2698, "onewaydir": " "}}, {"type": "Feature", "geometry": {"type": "LineString", "coordinates": [[-95.4212975389591, 29.8097604486959], [-95.4217218427738, 29.8097547027282]]}, "properties": {"centerlineid": 10159979, "roadclass": "LOCAL", "fullname": "W 26TH ST", "fromleft": 1231, "toleft": 1241, "fromright": 1230, "toright": 1240, "onewaydir": " "}}, {"type": "Feature", "geometry": {"type": "LineString", "coordinates": [[-95.4211583136845, 29.7986534998788], [-95.4222482595991, 29.7986502771027]]}, "properties": {"centerlineid": 10195298, "roadclass": "LOCAL", "fullname": "W 15TH 1/2 ST", "fromleft": 1221, "toleft": 1299, "fromright": 1220, "toright": 1298, "onewaydir": " "}}, {"type": "Feature", "geometry": {"type": "LineString", "coordinates": [[-95.417942018847, 29.7979815154435], [-95.417949521162, 29.7986837058242]]}, "properties": {"centerlineid": 10196178, "roadclass": "LOCAL", "fullname": "BEALL ST", "fromleft": 1505, "toleft": 1525, "fromright": 1506, "toright": 1524, "onewaydir": " "}}, {"type": "Feature", "geometry": {"type": "LineString", "coordinates": [[-95.417928453552, 29.797803775633], [-95.417942018847, 29.7979815154435]]}, "properties": {"centerlineid": 10196186, "roadclass": "LOCAL", "fullname": "BEALL ST", "fromleft": 1501, "toleft": 1503, "fromright": 1500, "toright": 1504, "onewaydir": " "}}, {"type": "Feature", "geometry": {"type": "LineString", "coordinates": [[-95.419436676487, 29.7983209350994], [-95.4196722492743, 29.7983201571224]]}, "properties": {"centerlineid": 10196971, "roadclass": "PRIVATE", "fullname": "NELSON FALLS LN", "fromleft": 1101, "toleft": 1179, "fromright": 1100, "toright": 1178, "onewaydir": " "}}, {"type": "Feature", "geometry": {"type": "LineString", "coordinates": [[-95.4196722492743, 29.7983201571224], [-95.4199626309511, 29.7983150970288]]}, "properties": {"centerlineid": 10196646, "roadclass": "PRIVATE", "fullname": "NELSON FALLS LN", "fromleft": 1181, "toleft": 1199, "fromright": 1180, "toright": 1198, "onewaydir": " "}}, {"type": "Feature", "geometry": {"type": "LineString", "coordinates": [[-95.4199626309511, 29.7983150970288], [-95.4211628912338, 29.7983151779646]]}, "properties": {"centerlineid": 10196647, "roadclass": "PRIVATE", "fullname": "NELSON FALLS LN", "fromleft": 1201, "toleft": 1259, "fromright": 1200, "toright": 1258, "onewaydir": " "}}, {"type": "Feature", "geometry": {"type": "LineString", "coordinates": [[-95.4211628912338, 29.7983151779646], [-95.4211583136845, 29.7986534998788]]}, "properties": {"centerlineid": 10196649, "roadclass": "PRIVATE", "fullname": "SCOBEY LN", "fromleft": 1511, "toleft": 1519, "fromright": 1510, "toright": 1518, "onewaydir": " "}}, {"type": "Feature", "geometry": {"type": "LineString", "coordinates": [[-95.421154415566, 29.7979673420203], [-95.4211628912338, 29.7983151779646]]}, "properties": {"centerlineid": 10196650, "roadclass": "PRIVATE", "fullname": "SCOBEY LN", "fromleft": 1501, "toleft": 1509, "fromright": 1500, "toright": 1508, "onewaydir": " "}}, {"type": "Feature", "geometry": {"type": "LineString", "coordinates": [[-95.4182593117503, 29.7979756639575], [-95.4182641449348, 29.7982122310822]]}, "properties": {"centerlineid": 10196652, "roadclass": "PRIVATE", "fullname": "HATCHER SPRING LN", "fromleft": 1501, "toleft": 1529, "fromright": 1500, "toright": 1528, "onewaydir": " "}}, {"type": "Feature", "geometry": {"type": "LineString", "coordinates": [[-95.4199713099495, 29.7979741110964], [-95.421154415566, 29.7979673420203]]}, "properties": {"centerlineid": 10196653, "roadclass": "PRIVATE", "fullname": "HOBBS REACH LN", "fromleft": 1201, "toleft": 1299, "fromright": 1200, "toright": 1298, "onewaydir": " "}}, {"type": "Feature", "geometry": {"type": "LineString", "coordinates": [[-95.4182593117503, 29.7979756639575], [-95.4187221573205, 29.7979742420637]]}, "properties": {"centerlineid": 10196655, "roadclass": "PRIVATE", "fullname": "BEASLEY HILLS LN", "fromleft": 1111, "toleft": 1129, "fromright": 1110, "toright": 1128, "onewaydir": " "}}, {"type": "Feature", "geometry": {"type": "LineString", "coordinates": [[-95.417942018847, 29.7979815154435], [-95.4182593117503, 29.7979756639575]]}, "properties": {"centerlineid": 10196656, "roadclass": "PRIVATE", "fullname": "BEASLEY HILLS LN", "fromleft": 1101, "toleft": 1109, "fromright": 1100, "toright": 1108, "onewaydir": " "}}, {"type": "Feature", "geometry": {"type": "LineString", "coordinates": [[-95.4191851640775, 29.7979655755528], [-95.4191860283246, 29.7982067688216]]}, "properties": {"centerlineid": 10196657, "roadclass": "PRIVATE", "fullname": "DYER LAKE LN", "fromleft": 1501, "toleft": 1529, "fromright": 1500, "toright": 1528, "onewaydir": " "}}, {"type": "Feature", "geometry": {"type": "LineString", "coordinates": [[-95.4187221573205, 29.7979742420637], [-95.4187212105909, 29.7982029481642]]}, "properties": {"centerlineid": 10196658, "roadclass": "PRIVATE", "fullname": "REED HOLLOW LN", "fromleft": 1501, "toleft": 1529, "fromright": 1500, "toright": 1528, "onewaydir": " "}}, {"type": "Feature", "geometry": {"type": "LineString", "coordinates": [[-95.4191851640775, 29.7979655755528], [-95.4196734458325, 29.7979609528782]]}, "properties": {"centerlineid": 10196659, "roadclass": "PRIVATE", "fullname": "BEASLEY HILLS LN", "fromleft": 1161, "toleft": 1199, "fromright": 1160, "toright": 1198, "onewaydir": " "}}, {"type": "Feature", "geometry": {"type": "LineString", "coordinates": [[-95.4199626309511, 29.7983150970288], [-95.4199718565233, 29.7986605091658]]}, "properties": {"centerlineid": 10196910, "roadclass": "PRIVATE", "fullname": "LYNNWOOD HOLLOW LN", "fromleft": 1511, "toleft": 1519, "fromright": 1510, "toright": 1518, "onewaydir": null}}, {"type": "Feature", "geometry": {"type": "LineString", "coordinates": [[-95.3986334217061, 29.8039750073001], [-95.3992226954456, 29.8039641536801]]}, "properties": {"centerlineid": 10202785, "roadclass": "MAJOR", "fullname": "W 20TH ST", "fromleft": 153, "toleft": 199, "fromright": 152, "toright": 198, "onewaydir": " "}}, {"type": "Feature", "geometry": {"type": "LineString", "coordinates": [[-95.3979561171435, 29.8039851561627], [-95.3986334217061, 29.8039750073001]]}, "properties": {"centerlineid": 10202786, "roadclass": "MAJOR", "fullname": "W 20TH ST", "fromleft": 101, "toleft": 151, "fromright": 100, "toright": 150, "onewaydir": " "}}, {"type": "Feature", "geometry": {"type": "LineString", "coordinates": [[-95.3979561171435, 29.8039851561627], [-95.3974320679668, 29.8039944882588]]}, "properties": {"centerlineid": 10202787, "roadclass": "MAJOR", "fullname": "E 20TH ST", "fromleft": 101, "toleft": 141, "fromright": 100, "toright": 140, "onewaydir": " "}}, {"type": "Feature", "geometry": {"type": "LineString", "coordinates": [[-95.3974320679668, 29.8039944882588], [-95.3966744866278, 29.8040079750951]]}, "properties": {"centerlineid": 10202788, "roadclass": "MAJOR", "fullname": "E 20TH ST", "fromleft": 143, "toleft": 199, "fromright": 142, "toright": 198, "onewaydir": " "}}, {"type": "Feature", "geometry": {"type": "LineString", "coordinates": [[-95.4048318309333, 29.8132519032031], [-95.4056391324324, 29.8132434825782]]}, "properties": {"centerlineid": 10202887, "roadclass": "FRONTAGE", "fullname": "N LOOP FWY W", "fromleft": 0, "toleft": 0, "fromright": 418, "toright": 428, "onewaydir": "FT"}}, {"type": "Feature", "geometry": {"type": "LineString", "coordinates": [[-95.403823099005, 29.8132624172344], [-95.4048318309333, 29.8132519032031]]}, "properties": {"centerlineid": 10202886, "roadclass": "FRONTAGE", "fullname": "N LOOP FWY W", "fromleft": 0, "toleft": 0, "fromright": 400, "toright": 416, "onewaydir": "FT"}}, {"type": "Feature", "geometry": {"type": "LineString", "coordinates": [[-95.3992226954456, 29.8039641536801], [-95.3992608352599, 29.8049653778371]]}, "properties": {"centerlineid": 10202913, "roadclass": "MAJOR", "fullname": "YALE ST", "fromleft": 2001, "toleft": 2099, "fromright": 2000, "toright": 2098, "onewaydir": " "}}, {"type": "Feature", "geometry": {"type": "LineString", "coordinates": [[-95.3991999169624, 29.8029341763833], [-95.399208352711, 29.8032248353071]]}, "properties": {"centerlineid": 10202916, "roadclass": "MAJOR", "fullname": "YALE ST", "fromleft": 1901, "toleft": 1909, "fromright": 1900, "toright": 1908, "onewaydir": " "}}, {"type": "Feature", "geometry": {"type": "LineString", "coordinates": [[-95.399208352711, 29.8032248353071], [-95.3992151748998, 29.8034598517246], [-95.3992226954456, 29.8039641536801]]}, "properties": {"centerlineid": 10202915, "roadclass": "MAJOR", "fullname": "YALE ST", "fromleft": 1911, "toleft": 1929, "fromright": 1910, "toright": 1928, "onewaydir": " "}}, {"type": "Feature", "geometry": {"type": "LineString", "coordinates": [[-95.3880071850426, 29.8005902489506], [-95.388007589679, 29.8006280583845]]}, "properties": {"centerlineid": 10203053, "roadclass": "MAJOR", "fullname": "STUDEWOOD ST", "fromleft": 1697, "toleft": 1699, "fromright": 1696, "toright": 1698, "onewaydir": " "}}, {"type": "Feature", "geometry": {"type": "LineString", "coordinates": [[-95.3880532145101, 29.8025622466476], [-95.3880532208185, 29.8026903740453]]}, "properties": {"centerlineid": 10203055, "roadclass": "MAJOR", "fullname": "STUDEWOOD ST", "fromleft": 1813, "toleft": 1833, "fromright": 1812, "toright": 1832, "onewaydir": " "}}, {"type": "Feature", "geometry": {"type": "LineString", "coordinates": [[-95.3880532208185, 29.8026903740453], [-95.3880532464015, 29.8031018874976]]}, "properties": {"centerlineid": 10203056, "roadclass": "MAJOR", "fullname": "STUDEWOOD ST", "fromleft": 1835, "toleft": 1899, "fromright": 1834, "toright": 1898, "onewaydir": " "}}, {"type": "Feature", "geometry": {"type": "LineString", "coordinates": [[-95.3894647234388, 29.8006967109891], [-95.3894708978705, 29.8009252683741]]}, "properties": {"centerlineid": 10203060, "roadclass": "LOCAL", "fullname": "BEVERLY ST", "fromleft": 1701, "toleft": 1707, "fromright": 1700, "toright": 1706, "onewaydir": " "}}, {"type": "Feature", "geometry": {"type": "LineString", "coordinates": [[-95.3901668397074, 29.8021128399093], [-95.3894875279204, 29.8021252984064]]}, "properties": {"centerlineid": 10203066, "roadclass": "LOCAL", "fullname": "E 18TH ST", "fromleft": 723, "toleft": 737, "fromright": 722, "toright": 736, "onewaydir": " "}}, {"type": "Feature", "geometry": {"type": "LineString", "coordinates": [[-95.3910516487754, 29.8020605205189], [-95.3909524148228, 29.8020719430884], [-95.3908684150347, 29.8020854050728], [-95.3904184671316, 29.8021082238441], [-95.3901668397074, 29.8021128399093]]}, "properties": {"centerlineid": 10203065, "roadclass": "LOCAL", "fullname": "E 18TH ST", "fromleft": 701, "toleft": 721, "fromright": 700, "toright": 720, "onewaydir": " "}}, {"type": "Feature", "geometry": {"type": "LineString", "coordinates": [[-95.3885678225951, 29.8007028818199], [-95.3880685005214, 29.8007063121903], [-95.3880379393838, 29.800706327092], [-95.388007589679, 29.8006280583845]]}, "properties": {"centerlineid": 10203068, "roadclass": "LOCAL", "fullname": "E 17TH ST", "fromleft": 777, "toleft": 799, "fromright": 776, "toright": 798, "onewaydir": " "}}, {"type": "Feature", "geometry": {"type": "LineString", "coordinates": [[-95.3894647234388, 29.8006967109891], [-95.3885678225951, 29.8007028818199]]}, "properties": {"centerlineid": 10203067, "roadclass": "LOCAL", "fullname": "E 17TH ST", "fromleft": 741, "toleft": 775, "fromright": 740, "toright": 774, "onewaydir": " "}}, {"type": "Feature", "geometry": {"type": "LineString", "coordinates": [[-95.3896466923733, 29.800693166367], [-95.3894647234388, 29.8006967109891]]}, "properties": {"centerlineid": 10203070, "roadclass": "LOCAL", "fullname": "E 17TH ST", "fromleft": 737, "toleft": 739, "fromright": 736, "toright": 738, "onewaydir": " "}}, {"type": "Feature", "geometry": {"type": "LineString", "coordinates": [[-95.3910210439962, 29.80066637998], [-95.3896466923733, 29.800693166367]]}, "properties": {"centerlineid": 10203069, "roadclass": "LOCAL", "fullname": "E 17TH ST", "fromleft": 701, "toleft": 735, "fromright": 700, "toright": 734, "onewaydir": " "}}, {"type": "Feature", "geometry": {"type": "LineString", "coordinates": [[-95.4070581762121, 29.7920954930225], [-95.4070656792177, 29.7923978886619]]}, "properties": {"centerlineid": 10203170, "roadclass": "LOCAL", "fullname": "LAWRENCE ST", "fromleft": 1185, "toleft": 1199, "fromright": 1184, "toright": 1198, "onewaydir": " "}}, {"type": "Feature", "geometry": {"type": "LineString", "coordinates": [[-95.3873524623392, 29.8030752790324], [-95.387450656613, 29.8032011509505]]}, "properties": {"centerlineid": 10204500, "roadclass": "MAJOR", "fullname": "N MAIN ST", "fromleft": 5715, "toleft": 5799, "fromright": 5714, "toright": 5798, "onewaydir": " "}}, {"type": "Feature", "geometry": {"type": "LineString", "coordinates": [[-95.4208627926714, 29.8097663365337], [-95.4208650577774, 29.809854143124], [-95.4208643142914, 29.809879563567], [-95.4208607812661, 29.8099048049259], [-95.4208544912102, 29.8099296349319], [-95.4208455020023, 29.809953825101], [-95.4208365371853, 29.8099764864542], [-95.4208163993248, 29.8100882520223], [-95.4208293047691, 29.8106369651498]]}, "properties": {"centerlineid": 10206485, "roadclass": "PRIVATE", "fullname": "SHADY WOODS LN", "fromleft": 2601, "toleft": 2699, "fromright": 2600, "toright": 2698, "onewaydir": ""}}, {"type": "Feature", "geometry": {"type": "LineString", "coordinates": [[-95.4210050821824, 29.8106339016548], [-95.4208293047691, 29.8106369651498], [-95.4202190919767, 29.8106633361624]]}, "properties": {"centerlineid": 10206486, "roadclass": "PRIVATE", "fullname": "CREEKSIDE ACRES CT", "fromleft": 1201, "toleft": 1299, "fromright": 1200, "toright": 1298, "onewaydir": ""}}, {"type": "Feature", "geometry": {"type": "LineString", "coordinates": [[-95.4234995563448, 29.8097357598633], [-95.424010671711, 29.8097337194406], [-95.4242109181792, 29.8097331131888]]}, "properties": {"centerlineid": 10206631, "roadclass": "LOCAL", "fullname": "W 26TH ST", "fromleft": 1327, "toleft": 1379, "fromright": 1326, "toright": 1378, "onewaydir": " "}}, {"type": "Feature", "geometry": {"type": "LineString", "coordinates": [[-95.4181970563771, 29.8098024048903], [-95.4192497355429, 29.8097881677118]]}, "properties": {"centerlineid": 10206867, "roadclass": "LOCAL", "fullname": "W 26TH ST", "fromleft": 1101, "toleft": 1145, "fromright": 1100, "toright": 1144, "onewaydir": " "}}, {"type": "Feature", "geometry": {"type": "LineString", "coordinates": [[-95.4192497355429, 29.8097881677118], [-95.4192660753973, 29.8104621426383]]}, "properties": {"centerlineid": 10206868, "roadclass": "PRIVATE", "fullname": "GARDEN AT SHADEY ACRES CT", "fromleft": 2601, "toleft": 2699, "fromright": 2600, "toright": 2698, "onewaydir": ""}}, {"type": "Feature", "geometry": {"type": "LineString", "coordinates": [[-95.3875928307456, 29.8073056838788], [-95.3870919448315, 29.8075099589423]]}, "properties": {"centerlineid": 10206888, "roadclass": "LOCAL", "fullname": "GIBBS ST", "fromleft": 801, "toleft": 899, "fromright": 800, "toright": 898, "onewaydir": " "}}, {"type": "Feature", "geometry": {"type": "LineString", "coordinates": [[-95.418802249824, 29.8104802399785], [-95.4192659601151, 29.8104621463292]]}, "properties": {"centerlineid": 10206956, "roadclass": "PRIVATE", "fullname": "BEALL LANDING CT", "fromleft": 1101, "toleft": 1151, "fromright": 1100, "toright": 1150, "onewaydir": ""}}, {"type": "Feature", "geometry": {"type": "LineString", "coordinates": [[-95.4192659601151, 29.8104621463292], [-95.4192660753973, 29.8104621426383], [-95.4197358450707, 29.8104613520081]]}, "properties": {"centerlineid": 10206957, "roadclass": "PRIVATE", "fullname": "BEALL LANDING CT", "fromleft": 1153, "toleft": 1199, "fromright": 1152, "toright": 1198, "onewaydir": ""}}, {"type": "Feature", "geometry": {"type": "LineString", "coordinates": [[-95.4081568111639, 29.8099208438285], [-95.408158814826, 29.8104397788096]]}, "properties": {"centerlineid": 10208030, "roadclass": "LOCAL", "fullname": "LAWRENCE ST", "fromleft": 2601, "toleft": 2609, "fromright": 2600, "toright": 2608, "onewaydir": " "}}, {"type": "Feature", "geometry": {"type": "LineString", "coordinates": [[-95.4161367414841, 29.8098298087142], [-95.416142010018, 29.8103841907174]]}, "properties": {"centerlineid": 10208504, "roadclass": "PRIVATE", "fullname": "FOUNTAIN KEY BLVD", "fromleft": 2601, "toleft": 2699, "fromright": 2600, "toright": 2698, "onewaydir": ""}}, {"type": "Feature", "geometry": {"type": "LineString", "coordinates": [[-95.4196738792703, 29.7978311444778], [-95.4196734515779, 29.7979592785758]]}, "properties": {"centerlineid": 10218906, "roadclass": "PRIVATE", "fullname": "BENTLY GREEN LN", "fromleft": 1501, "toleft": 1511, "fromright": 1500, "toright": 1510, "onewaydir": " "}}, {"type": "Feature", "geometry": {"type": "LineString", "coordinates": [[-95.4196734515779, 29.7979592785758], [-95.4196734458325, 29.7979609528782], [-95.4196722492743, 29.7983201571224]]}, "properties": {"centerlineid": 10218907, "roadclass": "PRIVATE", "fullname": "BENTLY GREEN LN", "fromleft": 1513, "toleft": 1519, "fromright": 1512, "toright": 1518, "onewaydir": " "}}, {"type": "Feature", "geometry": {"type": "LineString", "coordinates": [[-95.4208627926714, 29.8097663365337], [-95.4212975389591, 29.8097604486959]]}, "properties": {"centerlineid": 10219611, "roadclass": "LOCAL", "fullname": "W 26TH ST", "fromleft": 1215, "toleft": 1229, "fromright": 1214, "toright": 1228, "onewaydir": " "}}, {"type": "Feature", "geometry": {"type": "LineString", "coordinates": [[-95.4223550099596, 29.8037295985957], [-95.4225540571521, 29.8037178535213], [-95.4226257709808, 29.8037122085342], [-95.4226971217465, 29.8037037602689], [-95.4227679654551, 29.8036925257749], [-95.4228381591364, 29.8036785277248], [-95.4229075611319, 29.8036617943681], [-95.422976031381, 29.8036423594746], [-95.4230434317037, 29.803620262266], [-95.4231096260795, 29.8035955473368], [-95.4231744809221, 29.8035682645643], [-95.4232378653485, 29.8035384690081], [-95.4232996514438, 29.8035062207986], [-95.4233597145186, 29.8034715850159], [-95.4234179333616, 29.8034346315586], [-95.4234741904834, 29.8033954350021], [-95.4235283723541, 29.803354074449], [-95.4235803696321, 29.8033106333686], [-95.4236597233514, 29.803241289467], [-95.4238657846614, 29.8030580701139], [-95.4243131068833, 29.8026674954931]]}, "properties": {"centerlineid": 10220588, "roadclass": "MAJOR", "fullname": "W 20TH ST", "fromleft": 1301, "toleft": 1381, "fromright": 1300, "toright": 1380, "onewaydir": " "}}, {"type": "Feature", "geometry": {"type": "LineString", "coordinates": [[-95.3878930828833, 29.7935937177541], [-95.387912793256, 29.7942959462383], [-95.3879130332454, 29.794304510113]]}, "properties": {"centerlineid": 10227566, "roadclass": "MAJOR", "fullname": "STUDEWOOD ST", "fromleft": 1217, "toleft": 1281, "fromright": 1216, "toright": 1280, "onewaydir": " "}}, {"type": "Feature", "geometry": {"type": "LineString", "coordinates": [[-95.4161367414841, 29.8098298087142], [-95.4175561244644, 29.8098101648783], [-95.4181970563771, 29.8098024048903]]}, "properties": {"centerlineid": 10230672, "roadclass": "LOCAL", "fullname": "W 26TH ST", "fromleft": 981, "toleft": 1099, "fromright": 980, "toright": 1098, "onewaydir": " "}}, {"type": "Feature", "geometry": {"type": "LineString", "coordinates": [[-95.4180977944863, 29.805730224752], [-95.4214242985414, 29.8056884460665], [-95.4223931487903, 29.8056768129498]]}, "properties": {"centerlineid": 10236470, "roadclass": "LOCAL", "fullname": "W 22ND ST", "fromleft": 1101, "toleft": 1299, "fromright": 1100, "toright": 1298, "onewaydir": " "}}, {"type": "Feature", "geometry": {"type": "LineString", "coordinates": [[-95.4153984298084, 29.7977903374106], [-95.4154003897464, 29.797362113362]]}, "properties": {"centerlineid": 11000190, "roadclass": "LOCAL", "fullname": "TESTING BR", "fromleft": 101, "toleft": 199, "fromright": 100, "toright": 198, "onewaydir": ""}}, {"type": "Feature", "geometry": {"type": "LineString", "coordinates": [[-95.4122002140942, 29.7997087417092], [-95.4121926917948, 29.8001817530837], [-95.4121992703172, 29.8002950758036], [-95.4121994161759, 29.8002981002762], [-95.4121994998754, 29.8003011264701], [-95.4121995240404, 29.8003041533273], [-95.4121994886709, 29.8003071808478], [-95.4121993912611, 29.8003102067078], [-95.4121992344357, 29.8003132298492], [-95.4121990155702, 29.8003162513302], [-95.4121987373684, 29.8003192678379], [-95.4121983984981, 29.8003222804652], [-95.4121980002917, 29.8003252881195], [-95.4121975415358, 29.8003282885115], [-95.4121970222304, 29.800331281641], [-95.4121964437078, 29.8003342664157], [-95.4121958047151, 29.8003372416735], [-95.4121951078372, 29.8003402074837], [-95.4121943505685, 29.8003431615224], [-95.4121935342015, 29.8003461038243], [-95.4121926600684, 29.8003490332967], [-95.412191726956, 29.8003519476505], [-95.4121907347849, 29.8003548491402], [-95.4121896862592, 29.800357734453], [-95.4121885800863, 29.8003606035546], [-95.4121874163058, 29.8003634553176], [-95.4121861949179, 29.8003662897418], [-95.4121849172943, 29.8003691046075], [-95.4121835847671, 29.800371898822], [-95.4121821947118, 29.8003746734432], [-95.4121807498323, 29.8003774251586], [-95.4121792513417, 29.8003801562573], [-95.4121776968138, 29.800382862161], [-95.4121760900466, 29.800385545228], [-95.4121744285743, 29.8003882020073], [-95.4121727149024, 29.8003908348227], [-95.4121709478574, 29.8003934402577], [-95.4121691299848, 29.8003960195088], [-95.4121672601109, 29.8003985691596], [-95.412165339449, 29.8004010914991], [-95.4121633694105, 29.8004035831802], [-95.412161348703, 29.8004060441683], [-95.4121592798717, 29.8004084756597], [-95.4121571630357, 29.8004108742728], [-95.412154998195, 29.8004132400075], [-95.4121527853495, 29.8004155728637], [-95.4121505271241, 29.8004178717834], [-95.4121482235582, 29.8004201356393], [-95.4121330662479, 29.8004347707388], [-95.4121318762994, 29.8004359394445], [-95.4121307103136, 29.8004371257168], [-95.4121295669581, 29.8004383306481], [-95.4121284476446, 29.8004395508914], [-95.4121273535863, 29.8004407887357], [-95.4121262822774, 29.8004420418573], [-95.4121252375558, 29.8004433114873], [-95.4121242168365, 29.8004445975565], [-95.4121232227839, 29.8004458978795], [-95.4121222541053, 29.8004472124218], [-95.4121213108009, 29.8004485411832], [-95.4121203941234, 29.8004498853258], [-95.4121195041919, 29.8004512414676], [-95.4121186422196, 29.8004526118978], [-95.4121178057007, 29.8004539942928], [-95.4121169984732, 29.8004553898834], [-95.4121162167387, 29.8004567963115], [-95.4121154643353, 29.800458214808], [-95.4121147399703, 29.8004596453383], [-95.4121140437628, 29.8004610845207], [-95.4121133756334, 29.8004625346096], [-95.4121127369144, 29.8004639945125], [-95.4121121263131, 29.8004654641946], [-95.4121115451618, 29.8004669425634], [-95.4121109934606, 29.8004684296187], [-95.4121104712092, 29.8004699253608], [-95.4121099771551, 29.8004714286275], [-95.4121095152153, 29.8004729383955], [-95.4121090815122, 29.800474454561], [-95.4121086772989, 29.8004759782858], [-95.4121083052792, 29.8004775062573], [-95.4121079614963, 29.8004790406262], [-95.4121076485749, 29.8004805803346], [-95.4121073665943, 29.8004821231278], [-95.4121071154752, 29.8004836712603], [-95.4121068940045, 29.8004852224431], [-95.4121067034746, 29.8004867767106], [-95.4121065426326, 29.8004883329011], [-95.412106414024, 29.8004898922111], [-95.4121011953231, 29.8005614371577], [-95.4121165182815, 29.8007140954413]]}, "properties": {"centerlineid": 10083086, "roadclass": "LOCAL", "fullname": "NASHUA ST", "fromleft": 1601, "toleft": 1699, "fromright": 1600, "toright": 1698, "onewaydir": null}}, {"type": "Feature", "geometry": {"type": "LineString", "coordinates": [[-95.3921730943123, 29.799083120352], [-95.3911483286822, 29.7990886355595], [-95.3911381075893, 29.7990887665916], [-95.3911278889052, 29.7990890488863], [-95.3911176790922, 29.7990894826176], [-95.3911074781504, 29.7990900677856], [-95.3910972899969, 29.7990908033673], [-95.3910871184694, 29.7990916905945], [-95.3910769648602, 29.7990927295018], [-95.3910668331266, 29.7990939179393], [-95.3910567258534, 29.7990952559764], [-95.3910466469181, 29.7990967437176], [-95.3910365976131, 29.7990983811977], [-95.3910265818557, 29.7991001673937], [-95.3910166022309, 29.7991021023753], [-95.3910066626957, 29.7991041839925], [-95.3909967645029, 29.7991064134071], [-95.3909869116095, 29.7991087884691], [-95.3909771052681, 29.7991113103406], [-95.3909673507285, 29.7991139769062], [-95.3909576493229, 29.7991167870735], [-95.3909480036363, 29.799119740912], [-95.390938417546, 29.7991228385262], [-95.3909288924643, 29.7991260765691], [-95.3908989736034, 29.7991365059979], [-95.390833044629, 29.7991632250812], [-95.3908224651384, 29.7991674141332], [-95.3908118046366, 29.7991714430344], [-95.3908010645357, 29.7991753084379], [-95.3907902487531, 29.7991790093209], [-95.3907793611663, 29.7991825457876], [-95.3907684031478, 29.7991859156183], [-95.3907573811598, 29.799189118987], [-95.3907462952823, 29.799192153639], [-95.3907351519777, 29.7991950197487], [-95.3907239526184, 29.7991977150958], [-95.3907126997494, 29.7992002408775], [-95.3907013999132, 29.7992025950131], [-95.3906900531495, 29.7992047763754], [-95.3906786659209, 29.7992067851384], [-95.3906672395598, 29.7992086202095], [-95.3906557779837, 29.799210280566], [-95.3906442850301, 29.7992117674394], [-95.3906327646563, 29.7992130786796], [-95.3906212194075, 29.7992142154835], [-95.390609653241, 29.7992151757009], [-95.3905980687019, 29.7992159605288], [-95.3905864723324, 29.7992165678865], [-95.3905748640529, 29.7992170000287], [-95.3905632491132, 29.7992172548398], [-95.3901971449096, 29.7992225050577], [-95.3897469714686, 29.7992204734764]]}, "properties": {"centerlineid": 10086728, "roadclass": "LOCAL", "fullname": "PEDDIE ST", "fromleft": 601, "toleft": 799, "fromright": 600, "toright": 798, "onewaydir": " "}}, {"type": "Feature", "geometry": {"type": "LineString", "coordinates": [[-95.3921350088172, 29.7972291916642], [-95.3914930536187, 29.7972384550444], [-95.3914857942292, 29.7972385056015], [-95.3914785348318, 29.7972384467083], [-95.3914712780114, 29.7972382784342], [-95.391464026353, 29.797238000849], [-95.3914567798167, 29.7972376150798], [-95.3914495423198, 29.7972371201038], [-95.3914423164473, 29.7972365159907], [-95.3914351034516, 29.7972358039023], [-95.3914279046652, 29.7972349827463], [-95.3914207239257, 29.7972340537543], [-95.3914135625254, 29.7972330169611], [-95.3914064230494, 29.7972318724364], [-95.3913993067501, 29.7972306213421], [-95.3913922162525, 29.7972292626206], [-95.3913851541016, 29.7972277974688], [-95.39137812155, 29.7972262270487], [-95.3913711212225, 29.7972245503026], [-95.3913641543318, 29.7972227695199], [-95.3913572247951, 29.7972208836778], [-95.3913503338652, 29.7972188939382], [-95.3913434815419, 29.7972168003013], [-95.3913366729553, 29.7972146040334], [-95.3913299093579, 29.7972123062966], [-95.3913231907497, 29.7972099070909], [-95.3913165209683, 29.7972074076481], [-95.3913099026385, 29.7972048069104], [-95.3913033356406, 29.7972021082596], [-95.3912968225994, 29.797199310638], [-95.3912903660201, 29.7971964163699], [-95.3912839685275, 29.7971934243976], [-95.3910591697899, 29.7970861255885], [-95.3909676690493, 29.7970614742182]]}, "properties": {"centerlineid": 10086727, "roadclass": "LOCAL", "fullname": "ALGREGG ST", "fromleft": 601, "toleft": 699, "fromright": 600, "toright": 698, "onewaydir": " "}}, {"type": "Feature", "geometry": {"type": "LineString", "coordinates": [[-95.3908130778556, 29.7984994469112], [-95.3908164109646, 29.7984993956107], [-95.3908197419518, 29.7984992946056], [-95.3908230708171, 29.798499143896], [-95.3908263962282, 29.7984989445744], [-95.3908297169325, 29.7984986954786], [-95.3908330328901, 29.798498397736], [-95.3908363428483, 29.7984980501845], [-95.3908396454749, 29.7984976539165], [-95.3908429395171, 29.7984972077701], [-95.3908462236028, 29.7984967139648], [-95.3908494990644, 29.7984961714083], [-95.3908527620244, 29.7984955799962], [-95.3908560137353, 29.7984949408905], [-95.3908592529446, 29.7984942529292], [-95.39086247832, 29.7984935172047], [-95.3908656872764, 29.7984927336475], [-95.3908688823988, 29.7984919023272], [-95.3908720597698, 29.7984910242664], [-95.3908752193896, 29.7984900994655], [-95.3908783612979, 29.798489126797], [-95.3908814841225, 29.7984881084807], [-95.3908845852785, 29.798487044447], [-95.3908876660982, 29.7984859336035], [-95.3908907252093, 29.7984847781698], [-95.3908937600668, 29.7984835769491], [-95.3908967719232, 29.7984823311035], [-95.3908997581937, 29.7984810405634], [-95.3909027201706, 29.7984797053635], [-95.3909218381074, 29.7984709089676], [-95.3909303212527, 29.7984633337128], [-95.3909335839861, 29.7984603727621], [-95.3909367901139, 29.7984573662817], [-95.3909399408889, 29.7984543154338], [-95.3909430350584, 29.7984512190561], [-95.3909460699177, 29.798448080461], [-95.3909490467993, 29.798444898556], [-95.3909519643309, 29.7984416755608], [-95.3909548212199, 29.7984384114407], [-95.3909576174265, 29.7984351073229], [-95.3909603516185, 29.7984317642999], [-95.3909630224632, 29.7984283834642], [-95.3909656312533, 29.7984249648506], [-95.3909904715816, 29.7983716737866], [-95.3910135190379, 29.7982840529818], [-95.3910210518862, 29.7981601488016]]}, "properties": {"centerlineid": 10086492, "roadclass": "LOCAL", "fullname": "HALL PL", "fromleft": 1501, "toleft": 1599, "fromright": 1500, "toright": 1598, "onewaydir": " "}}, {"type": "Feature", "geometry": {"type": "LineString", "coordinates": [[-95.4143060198771, 29.7959514288174], [-95.4143693232734, 29.7960130043941], [-95.4144347516905, 29.796083536011], [-95.4146747101482, 29.7963612596679], [-95.4147316523428, 29.7964239218818], [-95.414745485162, 29.7964386883725], [-95.4147491023639, 29.7964422547704], [-95.4147527887953, 29.7964457654744], [-95.4147565457087, 29.7964492216464], [-95.4147603693855, 29.7964526186735], [-95.4147642610388, 29.7964559588449], [-95.4147682168704, 29.7964592398022], [-95.4147722382126, 29.7964624604528], [-95.41477632252, 29.7964656196002], [-95.4147804685001, 29.79646871721], [-95.4147846762323, 29.7964717510274], [-95.4147889417994, 29.796474722076], [-95.4147932679054, 29.7964776270432], [-95.4147976493408, 29.7964804669181], [-95.4148020861451, 29.7964832405731], [-95.414806578358, 29.7964859468812], [-95.4148111234343, 29.7964885846457], [-95.414815718789, 29.7964911537977], [-95.4148203657542, 29.7964936532445], [-95.4148250617846, 29.7964960817895], [-95.4148298042557, 29.7964984404909], [-95.4148345932863, 29.7965007259669], [-95.4148394262519, 29.7965029392756], [-95.4148443031921, 29.7965050792897], [-95.414849221522, 29.7965071459401], [-95.4148541800284, 29.7965091369376], [-95.4148591773793, 29.796511053375], [-95.414864212282, 29.7965128952177], [-95.414869282231, 29.796514660142], [-95.4148743872263, 29.7965163481479], [-95.4148795246829, 29.7965179591661], [-95.4148846920556, 29.7965194920005], [-95.4148898906368, 29.7965209466854], [-95.4148951165491, 29.7965223231171], [-95.4149003698321, 29.7965236201685], [-95.4149056465688, 29.7965248388631], [-95.414910948131, 29.7965259769808], [-95.4149162706412, 29.796527034418], [-95.4149216127673, 29.7965280122673], [-95.414926974549, 29.7965289094016], [-95.414932353441, 29.7965297246244], [-95.414937746779, 29.796530460121], [-95.4149431546424, 29.7965311136369], [-95.4149485744462, 29.7965316851032], [-95.4149540036054, 29.7965321744505], [-95.4149594433729, 29.7965325828406], [-95.4149648899505, 29.7965329079155], [-95.4149703419666, 29.7965331518949], [-95.4149757982079, 29.79653331249], [-95.4149812560103, 29.7965333918859], [-95.4150585574042, 29.7965339281168], [-95.4179029941822, 29.7965176787345]]}, "properties": {"centerlineid": 10083138, "roadclass": "LOCAL", "fullname": "W 14TH 1/2 ST", "fromleft": 1801, "toleft": 1999, "fromright": 1800, "toright": 1998, "onewaydir": " "}}, {"type": "Feature", "geometry": {"type": "LineString", "coordinates": [[-95.4243004538701, 29.7966113328722], [-95.4243756802293, 29.7967347972791], [-95.4243932272449, 29.7967630314928], [-95.4244113072444, 29.7967910079911], [-95.4244299152556, 29.7968187209994], [-95.4244490450934, 29.7968461624544], [-95.4244686918648, 29.7968733243267], [-95.424488850677, 29.7969001985873], [-95.4245095165578, 29.7969267794618], [-95.424530682069, 29.7969530577246], [-95.4245523434913, 29.7969790287631], [-95.4245744933865, 29.7970046833518], [-95.4245971267825, 29.7970300157163], [-95.4246202362012, 29.7970550177585], [-95.4246438166706, 29.7970796837037], [-95.424667860673, 29.7971040065813], [-95.4246923632759, 29.7971279794894], [-95.4247173156691, 29.7971515954226], [-95.4249185253042, 29.7973170505561], [-95.4253840479441, 29.7976583838597]]}, "properties": {"centerlineid": 10082788, "roadclass": "MAJOR", "fullname": "W T C JESTER BLVD", "fromleft": 1501, "toleft": 1599, "fromright": 1500, "toright": 1598, "onewaydir": " "}}, {"type": "Feature", "geometry": {"type": "LineString", "coordinates": [[-95.3908130778556, 29.7984994469112], [-95.3898461975265, 29.7985072067357], [-95.389739425103, 29.7985147040119]]}, "properties": {"centerlineid": 10086729, "roadclass": "LOCAL", "fullname": "LE GREEN ST", "fromleft": 701, "toleft": 799, "fromright": 700, "toright": 798, "onewaydir": " "}}, {"type": "Feature", "geometry": {"type": "LineString", "coordinates": [[-95.4233163498195, 29.7938474458345], [-95.4233273957107, 29.7938412627765], [-95.4233463649813, 29.7938308420944], [-95.4233655352267, 29.7938207032156], [-95.4233848998268, 29.7938108504766], [-95.4234044535724, 29.7938012848668], [-95.4234241898434, 29.7937920107228], [-95.4234441046439, 29.7937830313228], [-95.4234641915121, 29.7937743464944], [-95.4234844437881, 29.7937659617014], [-95.4235048563026, 29.7937578768061], [-95.4235254237276, 29.7937500961793], [-95.4235461395223, 29.7937426219033], [-95.423566998517, 29.7937354538399], [-95.4235879927596, 29.7937285974188], [-95.4236091184127, 29.793722051409], [-95.4236303688561, 29.7937158201472], [-95.4236517362959, 29.7937099045538], [-95.4236617238824, 29.7937073016629], [-95.4236891179262, 29.7937012139979], [-95.4237166260008, 29.7936955265453], [-95.4237442377277, 29.7936902401564], [-95.4237719478188, 29.7936853580753], [-95.4237997472275, 29.7936808800604], [-95.4238276294129, 29.7936768081939], [-95.4238555852494, 29.7936731444888], [-95.4238836070222, 29.7936698876111], [-95.423911686898, 29.7936670396083], [-95.4239398183756, 29.7936646014353], [-95.4239679923687, 29.793662573978], [-95.4239962010837, 29.7936609581568], [-95.4240244367663, 29.7936597537647], [-95.4240526916622, 29.7936589605949], [-95.4240809579779, 29.7936585795677], [-95.4256051139927, 29.7936491685446], [-95.4260324857235, 29.79361474582], [-95.4264520713566, 29.7935499243262], [-95.4268564063845, 29.7934545536815], [-95.427230154846, 29.7933858562948], [-95.4272534657253, 29.7933848313802]]}, "properties": {"centerlineid": 10202986, "roadclass": "LOCAL", "fullname": "GROVEWOOD LN", "fromleft": 6201, "toleft": 6383, "fromright": 6200, "toright": 6382, "onewaydir": " "}}, {"type": "Feature", "geometry": {"type": "LineString", "coordinates": [[-95.4226144524276, 29.7930997542793], [-95.422774653078, 29.7930025310263], [-95.4228381995857, 29.7929620461727], [-95.4228526707173, 29.7929529926707], [-95.4228673191881, 29.7929441571561], [-95.4228821409231, 29.7929355451619], [-95.4228971294603, 29.7929271565155], [-95.4229122820964, 29.7929189945296], [-95.422927594875, 29.7929110613555], [-95.4229430612155, 29.7929033602024], [-95.4229586784542, 29.7928958932559], [-95.4229744400893, 29.7928886614707], [-95.4229903420857, 29.7928816692525], [-95.4230063818585, 29.7928749165322], [-95.4230225515348, 29.7928684064848], [-95.4230388471978, 29.792862140134], [-95.4230552648914, 29.7928561196308], [-95.4230717993273, 29.7928503482191], [-95.4230884453361, 29.792844825761], [-95.4231051976689, 29.7928395543729], [-95.4231220523697, 29.792834536206], [-95.4231390028974, 29.7928297733424], [-95.4231560454145, 29.7928252645512], [-95.4231731758855, 29.7928210142382], [-95.4231903865958, 29.792817021069], [-95.4232076735496, 29.792813288322], [-95.4232250328697, 29.7928098158939], [-95.4232424567623, 29.7928066047047], [-95.4232599425636, 29.7928036569402], [-95.4232774838117, 29.7928009724279], [-95.4232950765898, 29.7927985521917], [-95.4233127131042, 29.7927963971517], [-95.4233303907306, 29.7927945083664], [-95.4233481017146, 29.7927928856288], [-95.4233658434717, 29.79279152887], [-95.4233836082077, 29.7927904390102], [-95.4234013932592, 29.7927896182351], [-95.4234191909507, 29.7927890640832], [-95.4234369973655, 29.7927887775783], [-95.4236519803743, 29.7927869403177], [-95.4254221310173, 29.792777547146]]}, "properties": {"centerlineid": 10082748, "roadclass": "LOCAL", "fullname": "WALTWAY DR", "fromleft": 6101, "toleft": 6299, "fromright": 6100, "toright": 6298, "onewaydir": " "}}, {"type": "Feature", "geometry": {"type": "LineString", "coordinates": [[-95.4230340644299, 29.7974448432862], [-95.4228157373547, 29.7975000907577], [-95.4228022592422, 29.7975036091792], [-95.4227888517962, 29.7975073258162], [-95.4227755176807, 29.7975112384831], [-95.4227622608126, 29.797515346156], [-95.4227490850691, 29.7975196489385], [-95.4227359944464, 29.7975241435523], [-95.4227229927822, 29.797528831228], [-95.4227100827801, 29.797533708653], [-95.4226972696494, 29.7975387748378], [-95.4226845560145, 29.7975440287242], [-95.4226719458319, 29.7975494681612], [-95.4226594416866, 29.7975550932177], [-95.422647048867, 29.79756090065], [-95.422634768705, 29.7975668893652], [-95.4226226077026, 29.7975730584086], [-95.4226105659783, 29.7975794043982], [-95.4225986500341, 29.7975859263795], [-95.4225868612018, 29.7975926232596], [-95.4225752034776, 29.7975994917601], [-95.4225636794858, 29.7976065308228], [-95.4225522931831, 29.7976137382967], [-95.4225410485258, 29.7976211120307], [-95.4225299481385, 29.7976286509665], [-95.4225189934717, 29.7976363506295], [-95.422508189735, 29.7976442100305], [-95.4224975395528, 29.7976522281111], [-95.4224870469211, 29.7976604015931], [-95.4224767119587, 29.7976687270948], [-95.4224733120566, 29.7976717167211], [-95.4224646550073, 29.7976795995605], [-95.4224561563393, 29.7976876141288], [-95.422447818796, 29.7976957559856], [-95.4224396463338, 29.79770402298], [-95.4224316390317, 29.7977124128574], [-95.422423799554, 29.7977209234324], [-95.422416133189, 29.7977295514609], [-95.4224086387236, 29.7977382946541], [-95.4224013201142, 29.7977471508608], [-95.4223941800645, 29.7977561167683], [-95.4223872186931, 29.7977651889946], [-95.4223804412491, 29.7977743654234], [-95.422373846519, 29.7977836437654], [-95.4223674384991, 29.7977930207424], [-95.422361218561, 29.7978024941343], [-95.4223551881157, 29.7978120605938], [-95.422349351199, 29.7978217157153], [-95.4223437065184, 29.7978314594643], [-95.4223382568171, 29.7978412874007], [-95.4223330047988, 29.7978511962116], [-95.4223279518747, 29.7978611825498], [-95.4223230980843, 29.7978712452879], [-95.4223184462104, 29.7978813788586], [-95.4223139975851, 29.7978915821691], [-95.4223097536195, 29.797901851872], [-95.4223057144325, 29.7979121845856], [-95.4223018827275, 29.797922576997], [-95.4222982586234, 29.7979330257242], [-95.4222948435314, 29.7979435274202], [-95.422291638823, 29.7979540798647], [-95.422288644617, 29.7979646796759], [-95.4222858636566, 29.7979753224137], [-95.4222832946889, 29.7979860069164], [-95.4222809392043, 29.797996727582], [-95.4222787985348, 29.7980074833177], [-95.4222768728388, 29.7980182696144], [-95.4222751621953, 29.7980290842177], [-95.4222736680552, 29.7980399226528], [-95.4222723905371, 29.7980507815378], [-95.4222635206659, 29.7981332373597], [-95.4222482595991, 29.7986502771027]]}, "properties": {"centerlineid": 10082766, "roadclass": "LOCAL", "fullname": "BEVIS ST", "fromleft": 1401, "toleft": 1499, "fromright": 1400, "toright": 1498, "onewaydir": " "}}, {"type": "Feature", "geometry": {"type": "LineString", "coordinates": [[-95.3920815909639, 29.7944655863627], [-95.3900216992977, 29.7944959480417]]}, "properties": {"centerlineid": 10086699, "roadclass": "LOCAL", "fullname": "E 13TH ST", "fromleft": 601, "toleft": 699, "fromright": 600, "toright": 698, "onewaydir": " "}}, {"type": "Feature", "geometry": {"type": "LineString", "coordinates": [[-95.4062417614343, 29.7942460971711], [-95.4062723289167, 29.7960981405879]]}, "properties": {"centerlineid": 10083178, "roadclass": "LOCAL", "fullname": "HERKIMER ST", "fromleft": 1301, "toleft": 1399, "fromright": 1300, "toright": 1398, "onewaydir": " "}}, {"type": "Feature", "geometry": {"type": "LineString", "coordinates": [[-95.3861917914374, 29.7998442923138], [-95.3877374222308, 29.7998173403165], [-95.3879539826484, 29.7998136853234], [-95.3879998619728, 29.7999052108674]]}, "properties": {"centerlineid": 10086349, "roadclass": "LOCAL", "fullname": "E 16TH ST", "fromleft": 1101, "toleft": 1199, "fromright": 1100, "toright": 1198, "onewaydir": " "}}, {"type": "Feature", "geometry": {"type": "LineString", "coordinates": [[-95.397475579664, 29.8083834137274], [-95.3960008141687, 29.8084102561241]]}, "properties": {"centerlineid": 10084928, "roadclass": "LOCAL", "fullname": "MUNFORD ST", "fromleft": 201, "toleft": 299, "fromright": 200, "toright": 298, "onewaydir": " "}}, {"type": "Feature", "geometry": {"type": "LineString", "coordinates": [[-95.3881066396213, 29.8060469062066], [-95.3880991001177, 29.8062928698413], [-95.3881143785142, 29.8064683703326], [-95.3881239793251, 29.8067649947263]]}, "properties": {"centerlineid": 10086343, "roadclass": "LOCAL", "fullname": "STUDEWOOD ST", "fromleft": 2201, "toleft": 2231, "fromright": 2200, "toright": 2230, "onewaydir": " "}}, {"type": "Feature", "geometry": {"type": "LineString", "coordinates": [[-95.4117044313723, 29.7997069138098], [-95.4118111830626, 29.8000197582678], [-95.4120478324325, 29.8004849787183], [-95.4121165182815, 29.8007140954413]]}, "properties": {"centerlineid": 10083239, "roadclass": "MAJOR", "fullname": "N DURHAM DR", "fromleft": 1601, "toleft": 1699, "fromright": 1600, "toright": 1698, "onewaydir": "TF"}}, {"type": "Feature", "geometry": {"type": "LineString", "coordinates": [[-95.3899758373051, 29.7917284479654], [-95.3899988327101, 29.7926441017757]]}, "properties": {"centerlineid": 10086454, "roadclass": "LOCAL", "fullname": "BEVERLY ST", "fromleft": 1117, "toleft": 1199, "fromright": 1116, "toright": 1198, "onewaydir": " "}}, {"type": "Feature", "geometry": {"type": "LineString", "coordinates": [[-95.4037163233634, 29.8074565765254], [-95.4037240843455, 29.8079715372745]]}, "properties": {"centerlineid": 10084063, "roadclass": "LOCAL", "fullname": "ASHLAND ST", "fromleft": 2311, "toleft": 2399, "fromright": 2310, "toright": 2398, "onewaydir": " "}}, {"type": "Feature", "geometry": {"type": "LineString", "coordinates": [[-95.408158814826, 29.8104397788096], [-95.4081720672468, 29.8109564751947]]}, "properties": {"centerlineid": 10208029, "roadclass": "LOCAL", "fullname": "LAWRENCE ST", "fromleft": 2611, "toleft": 2699, "fromright": 2610, "toright": 2698, "onewaydir": " "}}, {"type": "Feature", "geometry": {"type": "LineString", "coordinates": [[-95.4124521599001, 29.7978548701052], [-95.4132379475423, 29.7978434300823]]}, "properties": {"centerlineid": 10082956, "roadclass": "LOCAL", "fullname": "W 15TH ST", "fromleft": 1601, "toleft": 1699, "fromright": 1600, "toright": 1698, "onewaydir": " "}}, {"type": "Feature", "geometry": {"type": "LineString", "coordinates": [[-95.3943856696488, 29.7999681843299], [-95.3932870253318, 29.79997593541]]}, "properties": {"centerlineid": 10086690, "roadclass": "LOCAL", "fullname": "E 16TH ST", "fromleft": 401, "toleft": 499, "fromright": 400, "toright": 498, "onewaydir": " "}}, {"type": "Feature", "geometry": {"type": "LineString", "coordinates": [[-95.3894875279204, 29.8021252984064], [-95.3890909680691, 29.8021330824311]]}, "properties": {"centerlineid": 10086769, "roadclass": "LOCAL", "fullname": "E 18TH ST", "fromleft": 739, "toleft": 743, "fromright": 738, "toright": 742, "onewaydir": " "}}, {"type": "Feature", "geometry": {"type": "LineString", "coordinates": [[-95.4070656792177, 29.7923978886619], [-95.4080117032786, 29.7923903567885]]}, "properties": {"centerlineid": 10082996, "roadclass": "LOCAL", "fullname": "W 12TH ST", "fromleft": 1001, "toleft": 1099, "fromright": 1000, "toright": 1098, "onewaydir": " "}}, {"type": "Feature", "geometry": {"type": "LineString", "coordinates": [[-95.3967050396433, 29.8060336660473], [-95.396727868531, 29.8070253150194]]}, "properties": {"centerlineid": 10086342, "roadclass": "LOCAL", "fullname": "HARVARD ST", "fromleft": 2201, "toleft": 2299, "fromright": 2200, "toright": 2298, "onewaydir": " "}}, {"type": "Feature", "geometry": {"type": "LineString", "coordinates": [[-95.3978340513785, 29.7980723047954], [-95.3986276355737, 29.7980531113254], [-95.3991234524928, 29.7980417317838]]}, "properties": {"centerlineid": 10086669, "roadclass": "LOCAL", "fullname": "W 15TH ST", "fromleft": 101, "toleft": 199, "fromright": 100, "toright": 198, "onewaydir": " "}}, {"type": "Feature", "geometry": {"type": "LineString", "coordinates": [[-95.4103235454112, 29.8131727382204], [-95.4103387889167, 29.8139033136154]]}, "properties": {"centerlineid": 10083627, "roadclass": "MAJOR", "fullname": "N SHEPHERD DR", "fromleft": 2901, "toleft": 2999, "fromright": 2900, "toright": 2998, "onewaydir": "TF"}}, {"type": "Feature", "geometry": {"type": "LineString", "coordinates": [[-95.4067987047798, 29.7960849006093], [-95.4075998015409, 29.7960639489687]]}, "properties": {"centerlineid": 10083184, "roadclass": "LOCAL", "fullname": "W 14TH ST", "fromleft": 901, "toleft": 999, "fromright": 900, "toright": 998, "onewaydir": " "}}, {"type": "Feature", "geometry": {"type": "LineString", "coordinates": [[-95.4015845152825, 29.8110511045549], [-95.4015877190795, 29.8115668725961]]}, "properties": {"centerlineid": 10084025, "roadclass": "LOCAL", "fullname": "RUTLAND ST", "fromleft": 2701, "toleft": 2719, "fromright": 2700, "toright": 2718, "onewaydir": " "}}, {"type": "Feature", "geometry": {"type": "LineString", "coordinates": [[-95.3912576594858, 29.8089784484198], [-95.3912729509484, 29.8098062973762]]}, "properties": {"centerlineid": 10084833, "roadclass": "LOCAL", "fullname": "GOSTICK ST", "fromleft": 2501, "toleft": 2599, "fromright": 2500, "toright": 2598, "onewaydir": " "}}, {"type": "Feature", "geometry": {"type": "LineString", "coordinates": [[-95.392157798809, 29.7981466981991], [-95.3921730943123, 29.799083120352]]}, "properties": {"centerlineid": 10086493, "roadclass": "LOCAL", "fullname": "OXFORD ST", "fromleft": 1501, "toleft": 1523, "fromright": 1500, "toright": 1522, "onewaydir": " "}}, {"type": "Feature", "geometry": {"type": "LineString", "coordinates": [[-95.4192497355429, 29.8097881677118], [-95.4208627926714, 29.8097663365337]]}, "properties": {"centerlineid": 10219610, "roadclass": "LOCAL", "fullname": "W 26TH ST", "fromleft": 1147, "toleft": 1213, "fromright": 1146, "toright": 1212, "onewaydir": " "}}, {"type": "Feature", "geometry": {"type": "LineString", "coordinates": [[-95.3993617855959, 29.8096801657964], [-95.3975061620839, 29.8097204705298]]}, "properties": {"centerlineid": 10084908, "roadclass": "LOCAL", "fullname": "AURORA ST", "fromleft": 101, "toleft": 199, "fromright": 100, "toright": 198, "onewaydir": " "}}, {"type": "Feature", "geometry": {"type": "LineString", "coordinates": [[-95.3861687573993, 29.8053429807716], [-95.3862068401276, 29.805342983971], [-95.3879006137195, 29.8053372782586], [-95.3880226832508, 29.8053393577284]]}, "properties": {"centerlineid": 10086477, "roadclass": "LOCAL", "fullname": "LOUISE ST", "fromleft": 1101, "toleft": 1199, "fromright": 1100, "toright": 1198, "onewaydir": " "}}, {"type": "Feature", "geometry": {"type": "LineString", "coordinates": [[-95.3946373526759, 29.8122438581961], [-95.3946524622803, 29.8130086666313], [-95.3946526544301, 29.8130812422379]]}, "properties": {"centerlineid": 10084864, "roadclass": "LOCAL", "fullname": "ARLINGTON ST", "fromleft": 2801, "toleft": 2899, "fromright": 2800, "toright": 2898, "onewaydir": " "}}, {"type": "Feature", "geometry": {"type": "LineString", "coordinates": [[-95.4115595162027, 29.7923369492137], [-95.4115595191518, 29.7932962151249], [-95.4115747884961, 29.7941050830163], [-95.4115823501713, 29.7941659891832]]}, "properties": {"centerlineid": 10083243, "roadclass": "MAJOR", "fullname": "N DURHAM DR", "fromleft": 1201, "toleft": 1299, "fromright": 1200, "toright": 1298, "onewaydir": "TF"}}, {"type": "Feature", "geometry": {"type": "LineString", "coordinates": [[-95.3923674561823, 29.8081342687333], [-95.3912423889956, 29.8081470161948]]}, "properties": {"centerlineid": 10084930, "roadclass": "LOCAL", "fullname": "E 24TH ST", "fromleft": 601, "toleft": 699, "fromright": 600, "toright": 698, "onewaydir": " "}}, {"type": "Feature", "geometry": {"type": "LineString", "coordinates": [[-95.400184011825, 29.7962069914249], [-95.4012901751908, 29.796185988822]]}, "properties": {"centerlineid": 10083162, "roadclass": "LOCAL", "fullname": "W 14TH ST", "fromleft": 301, "toleft": 399, "fromright": 300, "toright": 398, "onewaydir": " "}}, {"type": "Feature", "geometry": {"type": "LineString", "coordinates": [[-95.3897163811951, 29.7970747135594], [-95.3881906121756, 29.7971052937922], [-95.3880379407808, 29.797109180022], [-95.3879389303306, 29.7970843230822]]}, "properties": {"centerlineid": 10086713, "roadclass": "LOCAL", "fullname": "ALGREGG ST", "fromleft": 801, "toleft": 899, "fromright": 800, "toright": 898, "onewaydir": " "}}, {"type": "Feature", "geometry": {"type": "LineString", "coordinates": [[-95.4075539565769, 29.7942118693861], [-95.408339769734, 29.7942004583481]]}, "properties": {"centerlineid": 10082993, "roadclass": "LOCAL", "fullname": "W 13TH ST", "fromleft": 1001, "toleft": 1099, "fromright": 1000, "toright": 1098, "onewaydir": " "}}, {"type": "Feature", "geometry": {"type": "LineString", "coordinates": [[-95.4211628912338, 29.7983151779646], [-95.4216222111038, 29.7983090809901]]}, "properties": {"centerlineid": 10196648, "roadclass": "PRIVATE", "fullname": "NELSON FALLS LN", "fromleft": 1261, "toleft": 1299, "fromright": 1260, "toright": 1298, "onewaydir": " "}}, {"type": "Feature", "geometry": {"type": "LineString", "coordinates": [[-95.3880379399879, 29.8040805147304], [-95.3880456857754, 29.8046222249551]]}, "properties": {"centerlineid": 10086562, "roadclass": "LOCAL", "fullname": "STUDEWOOD ST", "fromleft": 2001, "toleft": 2049, "fromright": 2000, "toright": 2048, "onewaydir": " "}}, {"type": "Feature", "geometry": {"type": "LineString", "coordinates": [[-95.3932258731382, 29.7962946276274], [-95.3932564906087, 29.7981295612961]]}, "properties": {"centerlineid": 10086635, "roadclass": "LOCAL", "fullname": "COLUMBIA ST", "fromleft": 1401, "toleft": 1499, "fromright": 1400, "toright": 1498, "onewaydir": " "}}, {"type": "Feature", "geometry": {"type": "LineString", "coordinates": [[-95.4212975389591, 29.8097604486959], [-95.4212995291399, 29.8098410220722], [-95.4213197892422, 29.8106612136146]]}, "properties": {"centerlineid": 10159978, "roadclass": "PRIVATE", "fullname": "ENCLAVE AT SHADY ACRES CT ", "fromleft": 2601, "toleft": 2699, "fromright": 2600, "toright": 2698, "onewaydir": null}}, {"type": "Feature", "geometry": {"type": "LineString", "coordinates": [[-95.4183496991302, 29.791991761276], [-95.4187006427471, 29.7927850807787]]}, "properties": {"centerlineid": 10083193, "roadclass": "MAJOR", "fullname": "E T C JESTER BLVD", "fromleft": 1001, "toleft": 1019, "fromright": 1000, "toright": 1018, "onewaydir": " "}}, {"type": "Feature", "geometry": {"type": "LineString", "coordinates": [[-95.4122307954363, 29.8017287486508], [-95.4122461238827, 29.8027452654484]]}, "properties": {"centerlineid": 10083238, "roadclass": "MAJOR", "fullname": "N DURHAM DR", "fromleft": 1801, "toleft": 1899, "fromright": 1800, "toright": 1898, "onewaydir": "TF"}}, {"type": "Feature", "geometry": {"type": "LineString", "coordinates": [[-95.4243004538701, 29.7966113328722], [-95.4244079864437, 29.7965534436391], [-95.4244201496874, 29.7965470194933], [-95.4244324384758, 29.7965407781012], [-95.4244448463071, 29.7965347204175], [-95.4244573718099, 29.7965288486623], [-95.4244700097352, 29.7965231649522], [-95.4244827574983, 29.7965176692183], [-95.4244956098107, 29.7965123647045], [-95.4245085653405, 29.7965072525036], [-95.4245216188785, 29.7965023336048], [-95.4245347677606, 29.7964976101939], [-95.4245480067777, 29.7964930832602], [-95.4245613319732, 29.7964887549548], [-95.42457473947, 29.7964846251742], [-95.4245882266436, 29.7964806949768], [-95.4246017894981, 29.7964769676409], [-95.4246154216109, 29.796473441867], [-95.424629122903, 29.7964701199095], [-95.4246428855405, 29.7964670038161], [-95.4246567083103, 29.7964640912978], [-95.424670584592, 29.7964613866914], [-95.4246845131722, 29.7964588877078], [-95.4246984887626, 29.7964565975908], [-95.4247125061935, 29.7964545162027], [-95.42472656288, 29.7964526434745], [-95.4247406536128, 29.7964509803955], [-95.4247547757676, 29.7964495280241], [-95.4247689241747, 29.7964482862224], [-95.4247830949567, 29.7964472548869], [-95.4247972829044, 29.796446435007], [-95.4248114854328, 29.7964458265139], [-95.4248256986648, 29.7964454293041], [-95.4248399160986, 29.7964452443325], [-95.4262002090266, 29.7964376934916]]}, "properties": {"centerlineid": 10082775, "roadclass": "LOCAL", "fullname": "LINDYANN LN", "fromleft": 6201, "toleft": 6299, "fromright": 6200, "toright": 6298, "onewaydir": " "}}, {"type": "Feature", "geometry": {"type": "LineString", "coordinates": [[-95.3992608352599, 29.8049653778371], [-95.4014506029896, 29.8049407268849]]}, "properties": {"centerlineid": 10082976, "roadclass": "LOCAL", "fullname": "W 21ST ST", "fromleft": 201, "toleft": 299, "fromright": 200, "toright": 298, "onewaydir": " "}}, {"type": "Feature", "geometry": {"type": "LineString", "coordinates": [[-95.410125031135, 29.8027872352759], [-95.4112923525354, 29.8027701127424], [-95.4120934302989, 29.8027587142712], [-95.4122461238827, 29.8027452654484]]}, "properties": {"centerlineid": 10083082, "roadclass": "LOCAL", "fullname": "W 19TH ST", "fromleft": 701, "toleft": 799, "fromright": 700, "toright": 798, "onewaydir": " "}}, {"type": "Feature", "geometry": {"type": "LineString", "coordinates": [[-95.3879998619728, 29.7999052108674], [-95.3880071850426, 29.8005902489506]]}, "properties": {"centerlineid": 10203054, "roadclass": "MAJOR", "fullname": "STUDEWOOD ST", "fromleft": 1601, "toleft": 1695, "fromright": 1600, "toright": 1694, "onewaydir": " "}}, {"type": "Feature", "geometry": {"type": "LineString", "coordinates": [[-95.4080575181125, 29.8048510519179], [-95.4080728390735, 29.8058408681147], [-95.4080728298622, 29.8058714289659]]}, "properties": {"centerlineid": 10082949, "roadclass": "LOCAL", "fullname": "LAWRENCE ST", "fromleft": 2101, "toleft": 2199, "fromright": 2100, "toright": 2198, "onewaydir": " "}}, {"type": "Feature", "geometry": {"type": "LineString", "coordinates": [[-95.4140694462752, 29.7996820524269], [-95.4157801510388, 29.7996643576225]]}, "properties": {"centerlineid": 10083090, "roadclass": "LOCAL", "fullname": "W 16TH ST", "fromleft": 901, "toleft": 999, "fromright": 900, "toright": 998, "onewaydir": " "}}, {"type": "Feature", "geometry": {"type": "LineString", "coordinates": [[-95.3934735938528, 29.8089410907563], [-95.3934898380666, 29.8097744088725]]}, "properties": {"centerlineid": 10084784, "roadclass": "LOCAL", "fullname": "COLUMBIA ST", "fromleft": 2501, "toleft": 2599, "fromright": 2500, "toright": 2598, "onewaydir": " "}}, {"type": "Feature", "geometry": {"type": "LineString", "coordinates": [[-95.3993447754624, 29.8090528575467], [-95.3988565226751, 29.8090585367513], [-95.3974909054182, 29.8090758989642]]}, "properties": {"centerlineid": 10084888, "roadclass": "LOCAL", "fullname": "E 25TH ST", "fromleft": 101, "toleft": 199, "fromright": 100, "toright": 198, "onewaydir": " "}}, {"type": "Feature", "geometry": {"type": "LineString", "coordinates": [[-95.4236444101008, 29.7945493404349], [-95.4236902774046, 29.7945493083566], [-95.4269937883188, 29.7945169280725], [-95.4276269456563, 29.7945151050035]]}, "properties": {"centerlineid": 10082767, "roadclass": "LOCAL", "fullname": "WYNNWOOD LN", "fromleft": 6201, "toleft": 6399, "fromright": 6200, "toright": 6398, "onewaydir": " "}}, {"type": "Feature", "geometry": {"type": "LineString", "coordinates": [[-95.4101555761464, 29.8038133232918], [-95.4122613928559, 29.8037695478322]]}, "properties": {"centerlineid": 10083079, "roadclass": "MAJOR", "fullname": "W 20TH ST", "fromleft": 701, "toleft": 799, "fromright": 700, "toright": 798, "onewaydir": " "}}, {"type": "Feature", "geometry": {"type": "LineString", "coordinates": [[-95.3892358465304, 29.8114828877123], [-95.3891290393789, 29.8114924781122], [-95.3876869995156, 29.8115114054392], [-95.3871912090872, 29.8115171169773]]}, "properties": {"centerlineid": 10084896, "roadclass": "LOCAL", "fullname": "E 27TH ST", "fromleft": 801, "toleft": 899, "fromright": 800, "toright": 898, "onewaydir": " "}}, {"type": "Feature", "geometry": {"type": "LineString", "coordinates": [[-95.421944571787, 29.7952188500387], [-95.4220111037145, 29.7952756122235], [-95.4220386641651, 29.7952995284941], [-95.4220657563856, 29.7953238486176], [-95.4220923715266, 29.7953485667165], [-95.4221185021102, 29.7953736746932], [-95.422144140619, 29.7953991655771], [-95.4221692795356, 29.795425032398], [-95.4221939113821, 29.795451267058], [-95.4222180299333, 29.7954778626213], [-95.4222416290038, 29.7955048110246], [-95.4222646984912, 29.7955321052286], [-95.4222872348343, 29.7955597361118], [-95.4223092305154, 29.7955876967038], [-95.4223306793491, 29.7956159789412], [-95.4223515738571, 29.7956445747265], [-95.4223719104782, 29.7956734749382], [-95.4223916816948, 29.7957026726057], [-95.4224108826927, 29.7957321574458], [-95.4224295072466, 29.7957619225226], [-95.4224475504632, 29.7957919598074], [-95.4224650062358, 29.7958222589822], [-95.4224818709634, 29.795852812053], [-95.4224981384999, 29.7958836098291], [-95.4225138039517, 29.7959146442818], [-95.42252886505, 29.7959459063241], [-95.4225433156484, 29.7959773867654], [-95.422557150893, 29.7960090764497], [-95.4225703685148, 29.7960409662898], [-95.4225829636994, 29.7960730460026], [-95.4225949340986, 29.7961053087552], [-95.422743716698, 29.7965182741332], [-95.4230340644299, 29.7974448432862]]}, "properties": {"centerlineid": 10082916, "roadclass": "MAJOR", "fullname": "E T C JESTER BLVD", "fromleft": 1201, "toleft": 1299, "fromright": 1200, "toright": 1298, "onewaydir": " "}}, {"type": "Feature", "geometry": {"type": "LineString", "coordinates": [[-95.4199718565233, 29.7986605091658], [-95.4211583136845, 29.7986534998788]]}, "properties": {"centerlineid": 10195306, "roadclass": "LOCAL", "fullname": "W 15TH 1/2 ST", "fromleft": 1201, "toleft": 1219, "fromright": 1200, "toright": 1218, "onewaydir": " "}}, {"type": "Feature", "geometry": {"type": "LineString", "coordinates": [[-95.4123681841516, 29.7941584625666], [-95.4131615144457, 29.7941470394432]]}, "properties": {"centerlineid": 10083219, "roadclass": "LOCAL", "fullname": "W 13TH ST", "fromleft": 1601, "toleft": 1699, "fromright": 1600, "toright": 1698, "onewaydir": " "}}, {"type": "Feature", "geometry": {"type": "LineString", "coordinates": [[-95.4165033392031, 29.812406059531], [-95.4172978599056, 29.8124003674636], [-95.4187579028414, 29.8123903797773], [-95.422591674885, 29.8123640790812]]}, "properties": {"centerlineid": 10084471, "roadclass": "FRONTAGE", "fullname": "N LOOP FWY W", "fromleft": 1001, "toleft": 1299, "fromright": 0, "toright": 0, "onewaydir": "TF"}}, {"type": "Feature", "geometry": {"type": "LineString", "coordinates": [[-95.4035942765942, 29.8018526626446], [-95.4058068747425, 29.8018259495132]]}, "properties": {"centerlineid": 10083169, "roadclass": "LOCAL", "fullname": "W 18TH ST", "fromleft": 401, "toleft": 499, "fromright": 400, "toright": 498, "onewaydir": " "}}, {"type": "Feature", "geometry": {"type": "LineString", "coordinates": [[-95.400184011825, 29.7962069914249], [-95.4002145587469, 29.798039917737]]}, "properties": {"centerlineid": 10083161, "roadclass": "LOCAL", "fullname": "ALLSTON ST", "fromleft": 1401, "toleft": 1499, "fromright": 1400, "toright": 1498, "onewaydir": " "}}, {"type": "Feature", "geometry": {"type": "LineString", "coordinates": [[-95.391097491825, 29.8054881298705], [-95.3902886172435, 29.8054899355251]]}, "properties": {"centerlineid": 10086783, "roadclass": "LOCAL", "fullname": "E 21ST ST", "fromleft": 701, "toleft": 709, "fromright": 700, "toright": 708, "onewaydir": " "}}, {"type": "Feature", "geometry": {"type": "LineString", "coordinates": [[-95.4224695686934, 29.8087190173094], [-95.4239878397212, 29.8087133352311], [-95.4258645565983, 29.8087057931641]]}, "properties": {"centerlineid": 10084048, "roadclass": "LOCAL", "fullname": "W 25TH ST", "fromleft": 1301, "toleft": 1499, "fromright": 1300, "toright": 1498, "onewaydir": " "}}, {"type": "Feature", "geometry": {"type": "LineString", "coordinates": [[-95.3910288382048, 29.8122935754657], [-95.3909035811443, 29.8122954120017], [-95.3892664131756, 29.8123202685196]]}, "properties": {"centerlineid": 10084884, "roadclass": "LOCAL", "fullname": "E 28TH ST", "fromleft": 701, "toleft": 799, "fromright": 700, "toright": 798, "onewaydir": " "}}, {"type": "Feature", "geometry": {"type": "LineString", "coordinates": [[-95.418007154596, 29.801714781552], [-95.4223244626674, 29.8016847148199]]}, "properties": {"centerlineid": 10082878, "roadclass": "LOCAL", "fullname": "W 18TH ST", "fromleft": 1101, "toleft": 1299, "fromright": 1100, "toright": 1298, "onewaydir": " "}}, {"type": "Feature", "geometry": {"type": "LineString", "coordinates": [[-95.4123834578455, 29.8098731170844], [-95.4123987412801, 29.8103938115862]]}, "properties": {"centerlineid": 10084427, "roadclass": "MAJOR", "fullname": "N DURHAM DR", "fromleft": 2601, "toleft": 2609, "fromright": 2600, "toright": 2608, "onewaydir": "TF"}}, {"type": "Feature", "geometry": {"type": "LineString", "coordinates": [[-95.3975595517494, 29.8127036146344], [-95.3966135664817, 29.8128389063885], [-95.3960716464688, 29.8129573318064]]}, "properties": {"centerlineid": 10084790, "roadclass": "FRONTAGE", "fullname": "N LOOP", "fromleft": 0, "toleft": 0, "fromright": 200, "toright": 298, "onewaydir": "FT"}}, {"type": "Feature", "geometry": {"type": "LineString", "coordinates": [[-95.4059747793947, 29.8094628805688], [-95.4059975874582, 29.8099627992467]]}, "properties": {"centerlineid": 10084378, "roadclass": "LOCAL", "fullname": "NICHOLSON ST", "fromleft": 2501, "toleft": 2599, "fromright": 2500, "toright": 2598, "onewaydir": " "}}, {"type": "Feature", "geometry": {"type": "LineString", "coordinates": [[-95.4132379475423, 29.7978434300823], [-95.4132685235414, 29.7996973251343]]}, "properties": {"centerlineid": 10082957, "roadclass": "LOCAL", "fullname": "PRINCE ST", "fromleft": 1501, "toleft": 1599, "fromright": 1500, "toright": 1598, "onewaydir": " "}}, {"type": "Feature", "geometry": {"type": "LineString", "coordinates": [[-95.4056238832578, 29.7942652556636], [-95.4056542285712, 29.7953561406306], [-95.4056542180984, 29.7960963117116]]}, "properties": {"centerlineid": 10082987, "roadclass": "LOCAL", "fullname": "NICHOLSON ST", "fromleft": 1301, "toleft": 1399, "fromright": 1300, "toright": 1398, "onewaydir": " "}}, {"type": "Feature", "geometry": {"type": "LineString", "coordinates": [[-95.3935084062728, 29.810600485528], [-95.3923944619057, 29.8106130765857]]}, "properties": {"centerlineid": 10084915, "roadclass": "LOCAL", "fullname": "E 26TH ST", "fromleft": 501, "toleft": 599, "fromright": 500, "toright": 598, "onewaydir": " "}}, {"type": "Feature", "geometry": {"type": "LineString", "coordinates": [[-95.3979333290641, 29.8029588519449], [-95.3987269153888, 29.8029437505834], [-95.3991999169624, 29.8029341763833]]}, "properties": {"centerlineid": 10086668, "roadclass": "LOCAL", "fullname": "W 19TH ST", "fromleft": 101, "toleft": 199, "fromright": 100, "toright": 198, "onewaydir": " "}}, {"type": "Feature", "geometry": {"type": "LineString", "coordinates": [[-95.4012901751908, 29.796185988822], [-95.4013207647802, 29.7980227778299]]}, "properties": {"centerlineid": 10083202, "roadclass": "LOCAL", "fullname": "RUTLAND ST", "fromleft": 1401, "toleft": 1499, "fromright": 1400, "toright": 1498, "onewaydir": " "}}, {"type": "Feature", "geometry": {"type": "LineString", "coordinates": [[-95.4014506029896, 29.8049407268849], [-95.4036629405314, 29.8049233897864]]}, "properties": {"centerlineid": 10082977, "roadclass": "LOCAL", "fullname": "W 21ST ST", "fromleft": 301, "toleft": 399, "fromright": 300, "toright": 398, "onewaydir": " "}}, {"type": "Feature", "geometry": {"type": "LineString", "coordinates": [[-95.4060129154591, 29.810992758943], [-95.4060281772483, 29.8114904293978]]}, "properties": {"centerlineid": 10084024, "roadclass": "LOCAL", "fullname": "NICHOLSON ST", "fromleft": 2701, "toleft": 2705, "fromright": 2700, "toright": 2704, "onewaydir": " "}}, {"type": "Feature", "geometry": {"type": "LineString", "coordinates": [[-95.4015040054777, 29.8069776311358], [-95.4015277056154, 29.8074952994811]]}, "properties": {"centerlineid": 10083108, "roadclass": "LOCAL", "fullname": "RUTLAND ST", "fromleft": 2301, "toleft": 2309, "fromright": 2300, "toright": 2308, "onewaydir": " "}}, {"type": "Feature", "geometry": {"type": "LineString", "coordinates": [[-95.3880226832508, 29.8053393577284], [-95.3880609764679, 29.8054041636241], [-95.3880838147562, 29.8054746473011], [-95.3880990878978, 29.8056081438777], [-95.3880990813735, 29.80592301438], [-95.3881066396213, 29.8060469062066]]}, "properties": {"centerlineid": 10086344, "roadclass": "LOCAL", "fullname": "STUDEWOOD ST", "fromleft": 2101, "toleft": 2199, "fromright": 2100, "toright": 2198, "onewaydir": " "}}, {"type": "Feature", "geometry": {"type": "LineString", "coordinates": [[-95.4199713099495, 29.7979741110964], [-95.4199626309511, 29.7983150970288]]}, "properties": {"centerlineid": 10196976, "roadclass": "PRIVATE", "fullname": "LYNNWOOD HOLLOW LN", "fromleft": 1501, "toleft": 1509, "fromright": 1500, "toright": 1508, "onewaydir": " "}}, {"type": "Feature", "geometry": {"type": "LineString", "coordinates": [[-95.4057840155661, 29.8008130892551], [-95.4069282985675, 29.8007998535517], [-95.4079888422682, 29.8007806892397]]}, "properties": {"centerlineid": 10082929, "roadclass": "LOCAL", "fullname": "W 17TH ST", "fromleft": 501, "toleft": 599, "fromright": 500, "toright": 598, "onewaydir": " "}}, {"type": "Feature", "geometry": {"type": "LineString", "coordinates": [[-95.4122613928559, 29.8037695478322], [-95.4122841786548, 29.8047803082044]]}, "properties": {"centerlineid": 10083236, "roadclass": "MAJOR", "fullname": "N DURHAM DR", "fromleft": 2001, "toleft": 2099, "fromright": 2000, "toright": 2098, "onewaydir": "TF"}}, {"type": "Feature", "geometry": {"type": "LineString", "coordinates": [[-95.3991693250537, 29.8009066700385], [-95.4013741607708, 29.8008742401311]]}, "properties": {"centerlineid": 10083172, "roadclass": "LOCAL", "fullname": "W 17TH ST", "fromleft": 201, "toleft": 299, "fromright": 200, "toright": 298, "onewaydir": " "}}, {"type": "Feature", "geometry": {"type": "LineString", "coordinates": [[-95.3975595524828, 29.8122038869791], [-95.3968271300672, 29.8122114176686], [-95.3960641462035, 29.812232449374]]}, "properties": {"centerlineid": 10084955, "roadclass": "LOCAL", "fullname": "E 28TH ST", "fromleft": 201, "toleft": 299, "fromright": 200, "toright": 298, "onewaydir": " "}}, {"type": "Feature", "geometry": {"type": "LineString", "coordinates": [[-95.3960488667024, 29.8113971130013], [-95.394614578283, 29.8114217177296]]}, "properties": {"centerlineid": 10084923, "roadclass": "LOCAL", "fullname": "E 27TH ST", "fromleft": 301, "toleft": 399, "fromright": 300, "toright": 398, "onewaydir": " "}}, {"type": "Feature", "geometry": {"type": "LineString", "coordinates": [[-95.394515289645, 29.8072637657267], [-95.3934166602848, 29.8072808709567]]}, "properties": {"centerlineid": 10086786, "roadclass": "LOCAL", "fullname": "E 23RD ST", "fromleft": 401, "toleft": 499, "fromright": 400, "toright": 498, "onewaydir": " "}}, {"type": "Feature", "geometry": {"type": "LineString", "coordinates": [[-95.4014733930816, 29.8059649821857], [-95.4015573744178, 29.8059611423027], [-95.4036818459283, 29.8059244517809]]}, "properties": {"centerlineid": 10082971, "roadclass": "LOCAL", "fullname": "W 22ND ST", "fromleft": 301, "toleft": 399, "fromright": 300, "toright": 398, "onewaydir": " "}}, {"type": "Feature", "geometry": {"type": "LineString", "coordinates": [[-95.4012064192323, 29.7924857537057], [-95.4023126485841, 29.7924722828599]]}, "properties": {"centerlineid": 10083028, "roadclass": "LOCAL", "fullname": "W 12TH ST", "fromleft": 401, "toleft": 499, "fromright": 400, "toright": 498, "onewaydir": " "}}, {"type": "Feature", "geometry": {"type": "LineString", "coordinates": [[-95.4001458829418, 29.7943471570269], [-95.400184011825, 29.7962069914249]]}, "properties": {"centerlineid": 10082981, "roadclass": "LOCAL", "fullname": "ALLSTON ST", "fromleft": 1301, "toleft": 1399, "fromright": 1300, "toright": 1398, "onewaydir": " "}}, {"type": "Feature", "geometry": {"type": "LineString", "coordinates": [[-95.3934015674297, 29.8060774963059], [-95.3923104846841, 29.806092794614]]}, "properties": {"centerlineid": 10086779, "roadclass": "LOCAL", "fullname": "E 22ND ST", "fromleft": 501, "toleft": 599, "fromright": 500, "toright": 598, "onewaydir": " "}}, {"type": "Feature", "geometry": {"type": "LineString", "coordinates": [[-95.3881066396213, 29.8060469062066], [-95.3885545054917, 29.8060336679533], [-95.3887475847882, 29.806027750555]]}, "properties": {"centerlineid": 10086346, "roadclass": "LOCAL", "fullname": "ADELE ST", "fromleft": 1201, "toleft": 1299, "fromright": 1200, "toright": 1298, "onewaydir": " "}}, {"type": "Feature", "geometry": {"type": "LineString", "coordinates": [[-95.3955605567999, 29.8040289632383], [-95.3955911378762, 29.8055070625058], [-95.3956064074301, 29.8060603684206]]}, "properties": {"centerlineid": 10086369, "roadclass": "LOCAL", "fullname": "CORTLANDT ST", "fromleft": 2001, "toleft": 2199, "fromright": 2000, "toright": 2198, "onewaydir": " "}}, {"type": "Feature", "geometry": {"type": "LineString", "coordinates": [[-95.3899988558702, 29.7935729510243], [-95.3883201708526, 29.79359192292], [-95.3878930828833, 29.7935937177541]]}, "properties": {"centerlineid": 10086717, "roadclass": "LOCAL", "fullname": "E 12TH 1/2 ST", "fromleft": 701, "toleft": 799, "fromright": 700, "toright": 798, "onewaydir": " "}}, {"type": "Feature", "geometry": {"type": "LineString", "coordinates": [[-95.3993372401134, 29.8085609282533], [-95.3993447754624, 29.8090528575467]]}, "properties": {"centerlineid": 10084677, "roadclass": "MAJOR", "fullname": "YALE ST", "fromleft": 2421, "toleft": 2499, "fromright": 2420, "toright": 2498, "onewaydir": " "}}, {"type": "Feature", "geometry": {"type": "LineString", "coordinates": [[-95.4035255646647, 29.7979864971895], [-95.4046242478549, 29.7979694080513]]}, "properties": {"centerlineid": 10083038, "roadclass": "LOCAL", "fullname": "W 15TH ST", "fromleft": 601, "toleft": 699, "fromright": 600, "toright": 698, "onewaydir": " "}}, {"type": "Feature", "geometry": {"type": "LineString", "coordinates": [[-95.4076379285078, 29.7979292163438], [-95.4076703646053, 29.7997779917487]]}, "properties": {"centerlineid": 10083159, "roadclass": "LOCAL", "fullname": "LAWRENCE ST", "fromleft": 1501, "toleft": 1599, "fromright": 1500, "toright": 1598, "onewaydir": " "}}, {"type": "Feature", "geometry": {"type": "LineString", "coordinates": [[-95.408141502837, 29.8094151713573], [-95.4081568111639, 29.8099208438285]]}, "properties": {"centerlineid": 10084376, "roadclass": "LOCAL", "fullname": "LAWRENCE ST", "fromleft": 2511, "toleft": 2599, "fromright": 2510, "toright": 2598, "onewaydir": " "}}, {"type": "Feature", "geometry": {"type": "LineString", "coordinates": [[-95.4055551848954, 29.7905782200934], [-95.405578003753, 29.792422755565]]}, "properties": {"centerlineid": 10083131, "roadclass": "LOCAL", "fullname": "NICHOLSON ST", "fromleft": 1101, "toleft": 1199, "fromright": 1100, "toright": 1198, "onewaydir": " "}}, {"type": "Feature", "geometry": {"type": "LineString", "coordinates": [[-95.422492375975, 29.8097396362151], [-95.4234995563448, 29.8097357598633]]}, "properties": {"centerlineid": 10083760, "roadclass": "LOCAL", "fullname": "W 26TH ST", "fromleft": 1301, "toleft": 1325, "fromright": 1300, "toright": 1324, "onewaydir": " "}}, {"type": "Feature", "geometry": {"type": "LineString", "coordinates": [[-95.3953850795275, 29.7944121674362], [-95.3942864631497, 29.7944389046741]]}, "properties": {"centerlineid": 10086707, "roadclass": "LOCAL", "fullname": "E 13TH ST", "fromleft": 301, "toleft": 399, "fromright": 300, "toright": 398, "onewaydir": " "}}, {"type": "Feature", "geometry": {"type": "LineString", "coordinates": [[-95.3921121744207, 29.7963099166802], [-95.3900522474095, 29.7963326974875]]}, "properties": {"centerlineid": 10086747, "roadclass": "LOCAL", "fullname": "E 14TH ST", "fromleft": 601, "toleft": 699, "fromright": 600, "toright": 698, "onewaydir": " "}}, {"type": "Feature", "geometry": {"type": "LineString", "coordinates": [[-95.3959648493884, 29.8077273931101], [-95.3959726393718, 29.8080744315537]]}, "properties": {"centerlineid": 10084819, "roadclass": "LOCAL", "fullname": "CORTLANDT ST", "fromleft": 2351, "toleft": 2399, "fromright": 2350, "toright": 2398, "onewaydir": " "}}, {"type": "Feature", "geometry": {"type": "LineString", "coordinates": [[-95.4123681841516, 29.7941584625666], [-95.4124062586815, 29.7959988865747]]}, "properties": {"centerlineid": 10083213, "roadclass": "LOCAL", "fullname": "NASHUA ST", "fromleft": 1301, "toleft": 1399, "fromright": 1300, "toright": 1398, "onewaydir": " "}}, {"type": "Feature", "geometry": {"type": "LineString", "coordinates": [[-95.4037850085408, 29.8110440966631], [-95.4060129154591, 29.810992758943]]}, "properties": {"centerlineid": 10084028, "roadclass": "LOCAL", "fullname": "W 27TH ST", "fromleft": 401, "toleft": 499, "fromright": 400, "toright": 498, "onewaydir": " "}}, {"type": "Feature", "geometry": {"type": "LineString", "coordinates": [[-95.388007589679, 29.8006280583845], [-95.3880075969917, 29.801185004356]]}, "properties": {"centerlineid": 10086391, "roadclass": "MAJOR", "fullname": "STUDEWOOD ST", "fromleft": 1701, "toleft": 1713, "fromright": 1700, "toright": 1712, "onewaydir": " "}}, {"type": "Feature", "geometry": {"type": "LineString", "coordinates": [[-95.4148018339262, 29.8098482676421], [-95.4161367414841, 29.8098298087142]]}, "properties": {"centerlineid": 10230671, "roadclass": "LOCAL", "fullname": "W 26TH ST", "fromleft": 901, "toleft": 979, "fromright": 900, "toright": 978, "onewaydir": " "}}, {"type": "Feature", "geometry": {"type": "LineString", "coordinates": [[-95.4046547966039, 29.7998212165128], [-95.4057306537938, 29.7998136922557]]}, "properties": {"centerlineid": 10083094, "roadclass": "LOCAL", "fullname": "W 16TH ST", "fromleft": 423, "toleft": 499, "fromright": 422, "toright": 498, "onewaydir": " "}}, {"type": "Feature", "geometry": {"type": "LineString", "coordinates": [[-95.403701271203, 29.8069472829622], [-95.4037163233634, 29.8074565765254]]}, "properties": {"centerlineid": 10083104, "roadclass": "LOCAL", "fullname": "ASHLAND ST", "fromleft": 2301, "toleft": 2309, "fromright": 2300, "toright": 2308, "onewaydir": " "}}, {"type": "Feature", "geometry": {"type": "LineString", "coordinates": [[-95.40146564675, 29.805457557285], [-95.4014734152747, 29.8056636014221], [-95.4014733930816, 29.8059649821857]]}, "properties": {"centerlineid": 10082948, "roadclass": "LOCAL", "fullname": "RUTLAND ST", "fromleft": 2111, "toleft": 2199, "fromright": 2110, "toright": 2198, "onewaydir": " "}}, {"type": "Feature", "geometry": {"type": "LineString", "coordinates": [[-95.4102548165937, 29.8093980937879], [-95.410262382606, 29.8098998360404]]}, "properties": {"centerlineid": 10084259, "roadclass": "MAJOR", "fullname": "N SHEPHERD DR", "fromleft": 2511, "toleft": 2599, "fromright": 2510, "toright": 2598, "onewaydir": "TF"}}, {"type": "Feature", "geometry": {"type": "LineString", "coordinates": [[-95.3909754272311, 29.7977690626455], [-95.389724132037, 29.7977957474928]]}, "properties": {"centerlineid": 10086698, "roadclass": "LOCAL", "fullname": "RALFALLEN ST", "fromleft": 701, "toleft": 799, "fromright": 700, "toright": 798, "onewaydir": " "}}, {"type": "Feature", "geometry": {"type": "LineString", "coordinates": [[-95.4058908082026, 29.8069242255454], [-95.4060662900943, 29.8069166966091], [-95.408004150767, 29.806882251519], [-95.4080956622769, 29.8068918210259]]}, "properties": {"centerlineid": 10083114, "roadclass": "LOCAL", "fullname": "W 23RD ST", "fromleft": 501, "toleft": 599, "fromright": 500, "toright": 598, "onewaydir": " "}}, {"type": "Feature", "geometry": {"type": "LineString", "coordinates": [[-95.4001230896118, 29.7925046688011], [-95.4012064192323, 29.7924857537057]]}, "properties": {"centerlineid": 10083149, "roadclass": "LOCAL", "fullname": "W 12TH ST", "fromleft": 301, "toleft": 399, "fromright": 300, "toright": 398, "onewaydir": " "}}, {"type": "Feature", "geometry": {"type": "LineString", "coordinates": [[-95.3991234524928, 29.7980417317838], [-95.4002145587469, 29.798039917737]]}, "properties": {"centerlineid": 10086571, "roadclass": "LOCAL", "fullname": "W 15TH ST", "fromleft": 201, "toleft": 299, "fromright": 200, "toright": 298, "onewaydir": " "}}, {"type": "Feature", "geometry": {"type": "LineString", "coordinates": [[-95.3978723881398, 29.7999129773078], [-95.3978952310805, 29.8009256072922]]}, "properties": {"centerlineid": 10086568, "roadclass": "MAJOR", "fullname": "HEIGHTS BLVD", "fromleft": 1601, "toleft": 1699, "fromright": 1600, "toright": 1698, "onewaydir": " "}}, {"type": "Feature", "geometry": {"type": "LineString", "coordinates": [[-95.4223931487903, 29.8056768129498], [-95.4239191733178, 29.8056692918403], [-95.4257883338181, 29.8056596923875]]}, "properties": {"centerlineid": 10082797, "roadclass": "LOCAL", "fullname": "W 22ND ST", "fromleft": 1301, "toleft": 1499, "fromright": 1300, "toright": 1498, "onewaydir": " "}}, {"type": "Feature", "geometry": {"type": "LineString", "coordinates": [[-95.4059975874582, 29.8099627992467], [-95.4081568111639, 29.8099208438285]]}, "properties": {"centerlineid": 10084375, "roadclass": "LOCAL", "fullname": "W 26TH ST", "fromleft": 501, "toleft": 599, "fromright": 500, "toright": 598, "onewaydir": " "}}, {"type": "Feature", "geometry": {"type": "LineString", "coordinates": [[-95.3880379399879, 29.8040805147304], [-95.3885109229943, 29.8053411617747]]}, "properties": {"centerlineid": 10086372, "roadclass": "MAJOR", "fullname": "N MAIN ST", "fromleft": 5901, "toleft": 5999, "fromright": 5900, "toright": 5998, "onewaydir": " "}}, {"type": "Feature", "geometry": {"type": "LineString", "coordinates": [[-95.3921959166918, 29.8010248321611], [-95.3922036967495, 29.8012194816259], [-95.3922342333327, 29.8020281126441]]}, "properties": {"centerlineid": 10086446, "roadclass": "LOCAL", "fullname": "OXFORD ST", "fromleft": 1629, "toleft": 1799, "fromright": 1628, "toright": 1798, "onewaydir": " "}}, {"type": "Feature", "geometry": {"type": "LineString", "coordinates": [[-95.4101633206534, 29.8048204727849], [-95.4113306529027, 29.804797674047], [-95.4122841786548, 29.8047803082044]]}, "properties": {"centerlineid": 10083081, "roadclass": "LOCAL", "fullname": "W 21ST ST", "fromleft": 701, "toleft": 799, "fromright": 700, "toright": 798, "onewaydir": " "}}, {"type": "Feature", "geometry": {"type": "LineString", "coordinates": [[-95.4037927908652, 29.8120378028947], [-95.4038002878133, 29.8126025280171]]}, "properties": {"centerlineid": 10084409, "roadclass": "LOCAL", "fullname": "ASHLAND ST", "fromleft": 2801, "toleft": 2899, "fromright": 2800, "toright": 2898, "onewaydir": " "}}, {"type": "Feature", "geometry": {"type": "LineString", "coordinates": [[-95.4102470772083, 29.808875553791], [-95.4114221830384, 29.8088620792954], [-95.4121621504872, 29.8088545800906], [-95.4123606537566, 29.8088431456017]]}, "properties": {"centerlineid": 10083632, "roadclass": "LOCAL", "fullname": "W 25TH ST", "fromleft": 701, "toleft": 799, "fromright": 700, "toright": 798, "onewaydir": " "}}, {"type": "Feature", "geometry": {"type": "LineString", "coordinates": [[-95.3992760866678, 29.8060031082521], [-95.4005577367608, 29.805974356335], [-95.4014733930816, 29.8059649821857]]}, "properties": {"centerlineid": 10082970, "roadclass": "LOCAL", "fullname": "W 22ND ST", "fromleft": 201, "toleft": 299, "fromright": 200, "toright": 298, "onewaydir": " "}}, {"type": "Feature", "geometry": {"type": "LineString", "coordinates": [[-95.4140595309977, 29.7986955191841], [-95.4158475741235, 29.798681006494]]}, "properties": {"centerlineid": 10082944, "roadclass": "LOCAL", "fullname": "W 15TH 1/2 ST", "fromleft": 901, "toleft": 999, "fromright": 900, "toright": 998, "onewaydir": " "}}, {"type": "Feature", "geometry": {"type": "LineString", "coordinates": [[-95.4101861467941, 29.8058294667234], [-95.4101861837874, 29.8058981271852], [-95.4102014485213, 29.8063462565921], [-95.4102167450523, 29.80684802127]]}, "properties": {"centerlineid": 10235681, "roadclass": "MAJOR", "fullname": "N SHEPHERD DR", "fromleft": 2201, "toleft": 2299, "fromright": 2200, "toright": 2298, "onewaydir": "TF"}}, {"type": "Feature", "geometry": {"type": "LineString", "coordinates": [[-95.3920663413701, 29.7935520041767], [-95.3920663454319, 29.7935805187974], [-95.3920815909639, 29.7944655863627]]}, "properties": {"centerlineid": 10086680, "roadclass": "LOCAL", "fullname": "OXFORD ST", "fromleft": 1221, "toleft": 1299, "fromright": 1220, "toright": 1298, "onewaydir": " "}}, {"type": "Feature", "geometry": {"type": "LineString", "coordinates": [[-95.4046242478549, 29.7979694080513], [-95.405684775952, 29.7979559378742]]}, "properties": {"centerlineid": 10083040, "roadclass": "LOCAL", "fullname": "W 15TH ST", "fromleft": 701, "toleft": 799, "fromright": 700, "toright": 798, "onewaydir": " "}}, {"type": "Feature", "geometry": {"type": "LineString", "coordinates": [[-95.4156869307132, 29.8129075911143], [-95.425269482221, 29.8128370799508]]}, "properties": {"centerlineid": 10084555, "roadclass": "FREEWAY", "fullname": "N IH 610 W", "fromleft": 0, "toleft": 0, "fromright": 900, "toright": 1298, "onewaydir": "FT"}}, {"type": "Feature", "geometry": {"type": "LineString", "coordinates": [[-95.4067606286769, 29.7942307956392], [-95.407473642907, 29.7942137856933], [-95.4075539565769, 29.7942118693861]]}, "properties": {"centerlineid": 10082992, "roadclass": "LOCAL", "fullname": "W 13TH ST", "fromleft": 901, "toleft": 999, "fromright": 900, "toright": 998, "onewaydir": " "}}, {"type": "Feature", "geometry": {"type": "LineString", "coordinates": [[-95.4123681623405, 29.8093770752281], [-95.4123834578455, 29.8098731170844]]}, "properties": {"centerlineid": 10084428, "roadclass": "MAJOR", "fullname": "N DURHAM DR", "fromleft": 2513, "toleft": 2599, "fromright": 2512, "toright": 2598, "onewaydir": "TF"}}, {"type": "Feature", "geometry": {"type": "LineString", "coordinates": [[-95.391738203869, 29.8122819681588], [-95.3910288382048, 29.8122935754657]]}, "properties": {"centerlineid": 10084873, "roadclass": "LOCAL", "fullname": "E 28TH ST", "fromleft": 617, "toleft": 699, "fromright": 616, "toright": 698, "onewaydir": " "}}, {"type": "Feature", "geometry": {"type": "LineString", "coordinates": [[-95.4059976038596, 29.8079331926066], [-95.4059900733042, 29.8084388583459]]}, "properties": {"centerlineid": 10084360, "roadclass": "LOCAL", "fullname": "NICHOLSON ST", "fromleft": 2401, "toleft": 2403, "fromright": 2400, "toright": 2402, "onewaydir": " "}}, {"type": "Feature", "geometry": {"type": "LineString", "coordinates": [[-95.389724132037, 29.7977957474928], [-95.389739425103, 29.7985147040119]]}, "properties": {"centerlineid": 10086572, "roadclass": "LOCAL", "fullname": "BEVERLY ST", "fromleft": 1431, "toleft": 1499, "fromright": 1430, "toright": 1498, "onewaydir": " "}}, {"type": "Feature", "geometry": {"type": "LineString", "coordinates": [[-95.3912729509484, 29.8098062973762], [-95.3908533518999, 29.8098101656848]]}, "properties": {"centerlineid": 10084877, "roadclass": "LOCAL", "fullname": "AURORA ST", "fromleft": 701, "toleft": 703, "fromright": 700, "toright": 702, "onewaydir": " "}}, {"type": "Feature", "geometry": {"type": "LineString", "coordinates": [[-95.4187221573205, 29.7979742420637], [-95.4191851640775, 29.7979655755528]]}, "properties": {"centerlineid": 10196654, "roadclass": "PRIVATE", "fullname": "BEASLEY HILLS LN", "fromleft": 1131, "toleft": 1159, "fromright": 1130, "toright": 1158, "onewaydir": " "}}, {"type": "Feature", "geometry": {"type": "LineString", "coordinates": [[-95.4108651900236, 29.7978833720723], [-95.4109033232482, 29.7997183085139]]}, "properties": {"centerlineid": 10082954, "roadclass": "LOCAL", "fullname": "LAIRD ST", "fromleft": 1501, "toleft": 1599, "fromright": 1500, "toright": 1598, "onewaydir": " "}}, {"type": "Feature", "geometry": {"type": "LineString", "coordinates": [[-95.3861840616409, 29.8067697827607], [-95.3862374534635, 29.8067697811354], [-95.3881239793251, 29.8067649947263]]}, "properties": {"centerlineid": 10086476, "roadclass": "LOCAL", "fullname": "NADINE ST", "fromleft": 1101, "toleft": 1199, "fromright": 1100, "toright": 1198, "onewaydir": " "}}, {"type": "Feature", "geometry": {"type": "LineString", "coordinates": [[-95.4036629405314, 29.8049233897864], [-95.4036798794954, 29.8054314829566]]}, "properties": {"centerlineid": 10082963, "roadclass": "LOCAL", "fullname": "ASHLAND ST", "fromleft": 2101, "toleft": 2119, "fromright": 2100, "toright": 2118, "onewaydir": " "}}, {"type": "Feature", "geometry": {"type": "LineString", "coordinates": [[-95.4123834578455, 29.8098731170844], [-95.4148018339262, 29.8098482676421]]}, "properties": {"centerlineid": 10083639, "roadclass": "LOCAL", "fullname": "W 26TH ST", "fromleft": 801, "toleft": 899, "fromright": 800, "toright": 898, "onewaydir": " "}}, {"type": "Feature", "geometry": {"type": "LineString", "coordinates": [[-95.4082254920191, 29.8132146946635], [-95.4082672517443, 29.8132133491413], [-95.4082864162717, 29.8132128865537], [-95.4099568706793, 29.8131850613303]]}, "properties": {"centerlineid": 10084462, "roadclass": "FRONTAGE", "fullname": "N LOOP FWY W", "fromleft": 0, "toleft": 0, "fromright": 600, "toright": 694, "onewaydir": "FT"}}, {"type": "Feature", "geometry": {"type": "LineString", "coordinates": [[-95.4079735490683, 29.7905515061194], [-95.4080117032786, 29.7923903567885]]}, "properties": {"centerlineid": 10082931, "roadclass": "LOCAL", "fullname": "ALEXANDER ST", "fromleft": 1101, "toleft": 1199, "fromright": 1100, "toright": 1198, "onewaydir": " "}}, {"type": "Feature", "geometry": {"type": "LineString", "coordinates": [[-95.4202798338384, 29.8131709217518], [-95.420281608946, 29.8132252070489], [-95.420295120429, 29.8136304445892]]}, "properties": {"centerlineid": 10083628, "roadclass": "LOCAL", "fullname": "ALBA RD", "fromleft": 2901, "toleft": 2999, "fromright": 2900, "toright": 2998, "onewaydir": " "}}, {"type": "Feature", "geometry": {"type": "LineString", "coordinates": [[-95.4034188219361, 29.7924437300732], [-95.4034340766954, 29.7930712301135], [-95.4034493882891, 29.7938876369368], [-95.4034571534064, 29.7942919363095]]}, "properties": {"centerlineid": 10083021, "roadclass": "LOCAL", "fullname": "ASHLAND ST", "fromleft": 1201, "toleft": 1299, "fromright": 1200, "toright": 1298, "onewaydir": " "}}, {"type": "Feature", "geometry": {"type": "LineString", "coordinates": [[-95.4015343187948, 29.8085111649355], [-95.4015491710154, 29.8090123327524]]}, "properties": {"centerlineid": 10084381, "roadclass": "LOCAL", "fullname": "RUTLAND ST", "fromleft": 2411, "toleft": 2499, "fromright": 2410, "toright": 2498, "onewaydir": " "}}, {"type": "Feature", "geometry": {"type": "LineString", "coordinates": [[-95.3904871634432, 29.8030694819196], [-95.3905040904812, 29.8040885613559]]}, "properties": {"centerlineid": 10086524, "roadclass": "LOCAL", "fullname": "BRADSHAW ST", "fromleft": 1901, "toleft": 1999, "fromright": 1900, "toright": 1998, "onewaydir": " "}}, {"type": "Feature", "geometry": {"type": "LineString", "coordinates": [[-95.408339769734, 29.7942004583481], [-95.4089579101556, 29.7941965541132], [-95.4091408892509, 29.7941965703464]]}, "properties": {"centerlineid": 10083058, "roadclass": "LOCAL", "fullname": "W 13TH ST", "fromleft": 1101, "toleft": 1199, "fromright": 1100, "toright": 1198, "onewaydir": " "}}, {"type": "Feature", "geometry": {"type": "LineString", "coordinates": [[-95.3894708978705, 29.8009252683741], [-95.3894799806682, 29.8012614649212], [-95.3894799696804, 29.8013988273766]]}, "properties": {"centerlineid": 10203059, "roadclass": "LOCAL", "fullname": "BEVERLY ST", "fromleft": 1709, "toleft": 1715, "fromright": 1708, "toright": 1714, "onewaydir": " "}}, {"type": "Feature", "geometry": {"type": "LineString", "coordinates": [[-95.402358501714, 29.7943168306143], [-95.402907697378, 29.7943111026471], [-95.4034571534064, 29.7942919363095]]}, "properties": {"centerlineid": 10082985, "roadclass": "LOCAL", "fullname": "W 13TH ST", "fromleft": 501, "toleft": 599, "fromright": 500, "toright": 598, "onewaydir": " "}}, {"type": "Feature", "geometry": {"type": "LineString", "coordinates": [[-95.4056391324324, 29.8132434825782], [-95.405990099587, 29.8131517190896], [-95.4067300464699, 29.8130488429532]]}, "properties": {"centerlineid": 10084560, "roadclass": "RAMP", "fullname": "YALE WB 610 N ENT RAMP", "fromleft": 0, "toleft": 0, "fromright": 0, "toright": 0, "onewaydir": "FT"}}, {"type": "Feature", "geometry": {"type": "LineString", "coordinates": [[-95.3879130332454, 29.794304510113], [-95.3879192044598, 29.7945243210436]]}, "properties": {"centerlineid": 10227565, "roadclass": "MAJOR", "fullname": "STUDEWOOD ST", "fromleft": 1283, "toleft": 1299, "fromright": 1282, "toright": 1298, "onewaydir": " "}}, {"type": "Feature", "geometry": {"type": "LineString", "coordinates": [[-95.3992608352599, 29.8049653778371], [-95.3992760866678, 29.8060031082521]]}, "properties": {"centerlineid": 10086380, "roadclass": "MAJOR", "fullname": "YALE ST", "fromleft": 2101, "toleft": 2199, "fromright": 2100, "toright": 2198, "onewaydir": " "}}, {"type": "Feature", "geometry": {"type": "LineString", "coordinates": [[-95.391028839021, 29.799975955579], [-95.3910210439962, 29.80066637998]]}, "properties": {"centerlineid": 10086582, "roadclass": "LOCAL", "fullname": "BLOUNT ST", "fromleft": 1601, "toleft": 1615, "fromright": 1600, "toright": 1614, "onewaydir": " "}}, {"type": "Feature", "geometry": {"type": "LineString", "coordinates": [[-95.4132379475423, 29.7978434300823], [-95.4140391429981, 29.7978358808316]]}, "properties": {"centerlineid": 10082958, "roadclass": "LOCAL", "fullname": "W 15TH ST", "fromleft": 1701, "toleft": 1799, "fromright": 1700, "toright": 1798, "onewaydir": " "}}, {"type": "Feature", "geometry": {"type": "LineString", "coordinates": [[-95.3942864631497, 29.7944389046741], [-95.3931878031399, 29.7944502816984]]}, "properties": {"centerlineid": 10086706, "roadclass": "LOCAL", "fullname": "E 13TH ST", "fromleft": 401, "toleft": 499, "fromright": 400, "toright": 498, "onewaydir": " "}}]}