{"type": "FeatureCollection", "features": [{"type": "Feature", "geometry": {"type": "LineString", "coordinates": [[-95.4097740846912, 29.7481436764071], [-95.4097818376225, 29.7480521531322], [-95.4097590269545, 29.7469037754626]]}, "properties": {"centerlineid": 10133692, "roadclass": "LOCAL", "fullname": "HULDY ST", "fromleft": 2001, "toleft": 2099, "fromright": 2000, "toright": 2098, "onewaydir": " "}}, {"type": "Feature", "geometry": {"type": "LineString", "coordinates": [[-95.4079430198778, 29.7491373745742], [-95.4079279361534, 29.7481682955652]]}, "properties": {"centerlineid": 10133711, "roadclass": "LOCAL", "fullname": "MCDUFFIE ST", "fromleft": 1901, "toleft": 1999, "fromright": 1900, "toright": 1998, "onewaydir": " "}}, {"type": "Feature", "geometry": {"type": "LineString", "coordinates": [[-95.4088661905933, 29.7491316538277], [-95.4097818192075, 29.7491145583917]]}, "properties": {"centerlineid": 10133732, "roadclass": "LOCAL", "fullname": "VERMONT ST", "fromleft": 2019, "toleft": 2029, "fromright": 2018, "toright": 2028, "onewaydir": " "}}, {"type": "Feature", "geometry": {"type": "LineString", "coordinates": [[-95.4063485535254, 29.7481817631889], [-95.4071343301395, 29.7481703687168]]}, "properties": {"centerlineid": 10133738, "roadclass": "LOCAL", "fullname": "WELCH ST", "fromleft": 1963, "toleft": 1973, "fromright": 1962, "toright": 1972, "onewaydir": " "}}, {"type": "Feature", "geometry": {"type": "LineString", "coordinates": [[-95.404662574568, 29.746964945298], [-95.4055170442616, 29.7469553576671]]}, "properties": {"centerlineid": 10133742, "roadclass": "LOCAL", "fullname": "INDIANA ST", "fromleft": 1937, "toleft": 1959, "fromright": 1936, "toright": 1958, "onewaydir": " "}}, {"type": "Feature", "geometry": {"type": "LineString", "coordinates": [[-95.4055170442616, 29.7469553576671], [-95.4056391284934, 29.746961051071], [-95.4063332216292, 29.7469553418166]]}, "properties": {"centerlineid": 10133743, "roadclass": "LOCAL", "fullname": "INDIANA ST", "fromleft": 1961, "toleft": 1967, "fromright": 1960, "toright": 1966, "onewaydir": " "}}, {"type": "Feature", "geometry": {"type": "LineString", "coordinates": [[-95.4063332216292, 29.7469553418166], [-95.4071115284097, 29.7469439335449]]}, "properties": {"centerlineid": 10133744, "roadclass": "LOCAL", "fullname": "INDIANA ST", "fromleft": 1969, "toleft": 1971, "fromright": 1968, "toright": 1970, "onewaydir": " "}}, {"type": "Feature", "geometry": {"type": "LineString", "coordinates": [[-95.4126428765895, 29.7481493951167], [-95.4126428789576, 29.7476248217014]]}, "properties": {"centerlineid": 10133760, "roadclass": "LOCAL", "fullname": "PERSA ST", "fromleft": 2001, "toleft": 2015, "fromright": 2000, "toright": 2014, "onewaydir": " "}}, {"type": "Feature", "geometry": {"type": "LineString", "coordinates": [[-95.4013741516111, 29.7507986740003], [-95.4021830036449, 29.7507986731569]]}, "properties": {"centerlineid": 10133783, "roadclass": "LOCAL", "fullname": "HADDON ST", "fromleft": 1701, "toleft": 1799, "fromright": 1700, "toright": 1798, "onewaydir": " "}}, {"type": "Feature", "geometry": {"type": "LineString", "coordinates": [[-95.4020531691124, 29.7419734506308], [-95.4020378825694, 29.7412218303243]]}, "properties": {"centerlineid": 10133797, "roadclass": "MAJOR", "fullname": "DUNLAVY ST", "fromleft": 2701, "toleft": 3499, "fromright": 2700, "toright": 3498, "onewaydir": " "}}, {"type": "Feature", "geometry": {"type": "LineString", "coordinates": [[-95.4115364689077, 29.7425817484622], [-95.4115211696387, 29.7406630590577]]}, "properties": {"centerlineid": 10133809, "roadclass": "LOCAL", "fullname": "PECKHAM ST", "fromleft": 2601, "toleft": 2699, "fromright": 2600, "toright": 2698, "onewaydir": " "}}, {"type": "Feature", "geometry": {"type": "LineString", "coordinates": [[-95.4070351156148, 29.7411608973567], [-95.4080744253726, 29.7411596639969], [-95.408131497745, 29.7411554620979], [-95.4081561614307, 29.7411389282572]]}, "properties": {"centerlineid": 10133824, "roadclass": "LOCAL", "fullname": "HAROLD ST", "fromleft": 1901, "toleft": 1999, "fromright": 1900, "toright": 1998, "onewaydir": " "}}, {"type": "Feature", "geometry": {"type": "LineString", "coordinates": [[-95.4056008143532, 29.7523607700444], [-95.4064172014186, 29.7523454553556]]}, "properties": {"centerlineid": 10133833, "roadclass": "LOCAL", "fullname": "PEDEN ST", "fromleft": 1933, "toleft": 1943, "fromright": 1932, "toright": 1942, "onewaydir": " "}}, {"type": "Feature", "geometry": {"type": "LineString", "coordinates": [[-95.4038842731847, 29.752400907314], [-95.4038689915453, 29.7507776944761]]}, "properties": {"centerlineid": 10133893, "roadclass": "LOCAL", "fullname": "ELMEN ST", "fromleft": 1501, "toleft": 1699, "fromright": 1500, "toright": 1698, "onewaydir": " "}}, {"type": "Feature", "geometry": {"type": "LineString", "coordinates": [[-95.4047081869342, 29.7507758885616], [-95.4046929169611, 29.7491716096181]]}, "properties": {"centerlineid": 10133926, "roadclass": "LOCAL", "fullname": "WOODHEAD ST", "fromleft": 1701, "toleft": 1899, "fromright": 1700, "toright": 1898, "onewaydir": " "}}, {"type": "Feature", "geometry": {"type": "LineString", "coordinates": [[-95.4029839272089, 29.7491850477782], [-95.4029688359327, 29.7482160141491]]}, "properties": {"centerlineid": 10133946, "roadclass": "LOCAL", "fullname": "PARK ST", "fromleft": 1901, "toleft": 1999, "fromright": 1900, "toright": 1998, "onewaydir": " "}}, {"type": "Feature", "geometry": {"type": "LineString", "coordinates": [[-95.4106516013924, 29.7446761625098], [-95.410705015024, 29.7446761514688], [-95.4116432827768, 29.7447007728051]]}, "properties": {"centerlineid": 10133961, "roadclass": "LOCAL", "fullname": "FAIRVIEW AVE", "fromleft": 2101, "toleft": 2119, "fromright": 2100, "toright": 2118, "onewaydir": " "}}, {"type": "Feature", "geometry": {"type": "LineString", "coordinates": [[-95.403746915336, 29.7427611119617], [-95.4046091745523, 29.7427457857817]]}, "properties": {"centerlineid": 10133972, "roadclass": "MAJOR", "fullname": "WESTHEIMER RD", "fromleft": 1735, "toleft": 1799, "fromright": 1734, "toright": 1798, "onewaydir": " "}}, {"type": "Feature", "geometry": {"type": "LineString", "coordinates": [[-95.4062645604396, 29.7427362403209], [-95.4070581291696, 29.7427476168699]]}, "properties": {"centerlineid": 10133975, "roadclass": "MAJOR", "fullname": "WESTHEIMER RD", "fromleft": 1831, "toleft": 1899, "fromright": 1830, "toright": 1898, "onewaydir": " "}}, {"type": "Feature", "geometry": {"type": "LineString", "coordinates": [[-95.4070581291696, 29.7427476168699], [-95.407843983253, 29.7427706905839]]}, "properties": {"centerlineid": 10133976, "roadclass": "MAJOR", "fullname": "WESTHEIMER RD", "fromleft": 1901, "toleft": 1919, "fromright": 1900, "toright": 1918, "onewaydir": " "}}, {"type": "Feature", "geometry": {"type": "LineString", "coordinates": [[-95.4093316646286, 29.7427038134261], [-95.4095524999355, 29.7426857746276], [-95.4097053916104, 29.7426732670739]]}, "properties": {"centerlineid": 10133992, "roadclass": "MAJOR", "fullname": "WESTHEIMER RD", "fromleft": 2017, "toleft": 2031, "fromright": 2016, "toright": 2030, "onewaydir": " "}}, {"type": "Feature", "geometry": {"type": "LineString", "coordinates": [[-95.3938287392974, 29.7444053079935], [-95.3938234017471, 29.7438592097114], [-95.3938431808314, 29.7437642091231], [-95.3939334574854, 29.7436878261876]]}, "properties": {"centerlineid": 10134025, "roadclass": "LOCAL", "fullname": "MT VERNON ST", "fromleft": 3201, "toleft": 3299, "fromright": 3200, "toright": 3298, "onewaydir": " "}}, {"type": "Feature", "geometry": {"type": "LineString", "coordinates": [[-95.3859399110996, 29.7434973868403], [-95.3859399171441, 29.7424272966472]]}, "properties": {"centerlineid": 10134031, "roadclass": "LOCAL", "fullname": "TAFT ST", "fromleft": 3301, "toleft": 3399, "fromright": 3300, "toright": 3398, "onewaydir": " "}}, {"type": "Feature", "geometry": {"type": "LineString", "coordinates": [[-95.388884914853, 29.7434611098452], [-95.3889536070298, 29.7432703786029], [-95.3889458641029, 29.7423987563229]]}, "properties": {"centerlineid": 10134036, "roadclass": "LOCAL", "fullname": "STANFORD ST", "fromleft": 3301, "toleft": 3399, "fromright": 3300, "toright": 3398, "onewaydir": " "}}, {"type": "Feature", "geometry": {"type": "LineString", "coordinates": [[-95.3889161167644, 29.7508557246094], [-95.3889095786794, 29.750174402505]]}, "properties": {"centerlineid": 10134042, "roadclass": "LOCAL", "fullname": "STANFORD ST", "fromleft": 2001, "toleft": 2099, "fromright": 2000, "toright": 2098, "onewaydir": " "}}, {"type": "Feature", "geometry": {"type": "LineString", "coordinates": [[-95.408172063511, 29.7407374210774], [-95.4081643054082, 29.7403006952306]]}, "properties": {"centerlineid": 10132045, "roadclass": "LOCAL", "fullname": "MCDUFFIE ST", "fromleft": 3551, "toleft": 3599, "fromright": 3550, "toright": 3598, "onewaydir": " "}}, {"type": "Feature", "geometry": {"type": "LineString", "coordinates": [[-95.4129251155259, 29.7376340494718], [-95.413016626054, 29.7376130569104], [-95.4163584665153, 29.737584571642]]}, "properties": {"centerlineid": 10132052, "roadclass": "LOCAL", "fullname": "SUL ROSS ST", "fromleft": 2201, "toleft": 2399, "fromright": 2200, "toright": 2398, "onewaydir": " "}}, {"type": "Feature", "geometry": {"type": "LineString", "coordinates": [[-95.4070962318, 29.7368520962888], [-95.408050002815, 29.7368445994255]]}, "properties": {"centerlineid": 10132129, "roadclass": "LOCAL", "fullname": "BRANARD ST", "fromleft": 1901, "toleft": 1999, "fromright": 1900, "toright": 1998, "onewaydir": " "}}, {"type": "Feature", "geometry": {"type": "LineString", "coordinates": [[-95.4094155935821, 29.7407203321939], [-95.4100029269588, 29.7407086723105], [-95.4107203319449, 29.7406936117623]]}, "properties": {"centerlineid": 10132154, "roadclass": "LOCAL", "fullname": "HAROLD ST", "fromleft": 2027, "toleft": 2099, "fromright": 2026, "toright": 2098, "onewaydir": " "}}, {"type": "Feature", "geometry": {"type": "LineString", "coordinates": [[-95.410689708932, 29.7376685131663], [-95.4106819786908, 29.7368215508226]]}, "properties": {"centerlineid": 10132178, "roadclass": "MAJOR", "fullname": "S SHEPHERD DR", "fromleft": 3201, "toleft": 3299, "fromright": 3200, "toright": 3298, "onewaydir": " "}}, {"type": "Feature", "geometry": {"type": "LineString", "coordinates": [[-95.4062876178796, 29.7386145368346], [-95.4062645572488, 29.737710502625]]}, "properties": {"centerlineid": 10132297, "roadclass": "LOCAL", "fullname": "DRISCOLL ST", "fromleft": 3801, "toleft": 3899, "fromright": 3800, "toright": 3898, "onewaydir": " "}}, {"type": "Feature", "geometry": {"type": "LineString", "coordinates": [[-95.4021283945947, 29.734322838712], [-95.4021218429472, 29.7335276313625]]}, "properties": {"centerlineid": 10132402, "roadclass": "MAJOR", "fullname": "DUNLAVY ST", "fromleft": 4301, "toleft": 4399, "fromright": 4300, "toright": 4398, "onewaydir": " "}}, {"type": "Feature", "geometry": {"type": "LineString", "coordinates": [[-95.3817060747477, 29.7377707462915], [-95.3816606531276, 29.7377396650671], [-95.3816215913205, 29.7377106670631], [-95.3815739982572, 29.7376752291954], [-95.3815434890604, 29.7376481332906], [-95.3815233218071, 29.7376380346525], [-95.3814959803818, 29.7376372961408], [-95.3814710798681, 29.7376449836491], [-95.3814129896481, 29.7376663419136]]}, "properties": {"centerlineid": 10137745, "roadclass": "LOCAL", "fullname": "TRUXILLO ST", "fromleft": 801, "toleft": 899, "fromright": 800, "toright": 898, "onewaydir": " "}}, {"type": "Feature", "geometry": {"type": "LineString", "coordinates": [[-95.3813622883172, 29.7432055690979], [-95.3810495114095, 29.7429976983147]]}, "properties": {"centerlineid": 10135614, "roadclass": "LOCAL", "fullname": "STUART ST", "fromleft": 501, "toleft": 599, "fromright": 500, "toright": 598, "onewaydir": " "}}, {"type": "Feature", "geometry": {"type": "LineString", "coordinates": [[-95.3776773256053, 29.7456869265557], [-95.3768380960759, 29.7451758438061]]}, "properties": {"centerlineid": 10135712, "roadclass": "LOCAL", "fullname": "DREW ST", "fromleft": 701, "toleft": 799, "fromright": 700, "toright": 798, "onewaydir": " "}}, {"type": "Feature", "geometry": {"type": "LineString", "coordinates": [[-95.3779367632357, 29.7421735292152], [-95.3771890249466, 29.7417406989312]]}, "properties": {"centerlineid": 10135732, "roadclass": "MAJOR", "fullname": "ELGIN ST", "fromleft": 901, "toleft": 927, "fromright": 900, "toright": 926, "onewaydir": " "}}, {"type": "Feature", "geometry": {"type": "LineString", "coordinates": [[-95.3771890273671, 29.7406762802206], [-95.3767235603988, 29.7404036117685]]}, "properties": {"centerlineid": 10135737, "roadclass": "LOCAL", "fullname": "STUART ST", "fromleft": 1017, "toleft": 1099, "fromright": 1016, "toright": 1098, "onewaydir": " "}}, {"type": "Feature", "geometry": {"type": "LineString", "coordinates": [[-95.3795237098143, 29.7525439859147], [-95.378998185075, 29.7522187637939]]}, "properties": {"centerlineid": 10135743, "roadclass": "LOCAL", "fullname": "WEBSTER ST", "fromleft": 169, "toleft": 199, "fromright": 168, "toright": 198, "onewaydir": "FT"}}, {"type": "Feature", "geometry": {"type": "LineString", "coordinates": [[-95.3765939751316, 29.7518514539359], [-95.3757317038951, 29.7513499301219]]}, "properties": {"centerlineid": 10135815, "roadclass": "MAJOR", "fullname": "GRAY ST", "fromleft": 401, "toleft": 499, "fromright": 400, "toright": 498, "onewaydir": "TF"}}, {"type": "Feature", "geometry": {"type": "LineString", "coordinates": [[-95.3806526862433, 29.7483056645121], [-95.3805612169698, 29.7482618862473], [-95.3797981738368, 29.7477945611562]]}, "properties": {"centerlineid": 10135826, "roadclass": "LOCAL", "fullname": "DENNIS ST", "fromleft": 301, "toleft": 399, "fromright": 300, "toright": 398, "onewaydir": " "}}, {"type": "Feature", "geometry": {"type": "LineString", "coordinates": [[-95.3816826745146, 29.7461524145185], [-95.3816826498044, 29.7459787626158], [-95.3816751412923, 29.745566694399]]}, "properties": {"centerlineid": 10135843, "roadclass": "LOCAL", "fullname": "BALDWIN ST", "fromleft": 3001, "toleft": 3049, "fromright": 3000, "toright": 3048, "onewaydir": " "}}, {"type": "Feature", "geometry": {"type": "LineString", "coordinates": [[-95.3823617026165, 29.7493377145329], [-95.3815071964287, 29.7488169933713]]}, "properties": {"centerlineid": 10135875, "roadclass": "LOCAL", "fullname": "DENNIS ST", "fromleft": 101, "toleft": 199, "fromright": 100, "toright": 198, "onewaydir": " "}}, {"type": "Feature", "geometry": {"type": "MultiLineString", "coordinates": [[[-95.3818506200589, 29.7419638511044], [-95.3817152936612, 29.7417732537857]], [[-95.3817152936612, 29.7417732537857], [-95.3815987071414, 29.7416090494913], [-95.3811334543024, 29.7413343546529]]]}, "properties": {"centerlineid": 10135879, "roadclass": "LOCAL", "fullname": "HOLMAN ST", "fromleft": 601, "toleft": 699, "fromright": 600, "toright": 698, "onewaydir": " "}}, {"type": "Feature", "geometry": {"type": "LineString", "coordinates": [[-95.3811334543024, 29.7413343546529], [-95.3802561138718, 29.7408117970858]]}, "properties": {"centerlineid": 10135880, "roadclass": "LOCAL", "fullname": "HOLMAN ST", "fromleft": 701, "toleft": 799, "fromright": 700, "toright": 798, "onewaydir": " "}}, {"type": "Feature", "geometry": {"type": "LineString", "coordinates": [[-95.3812861074228, 29.7520518071402], [-95.3812783190299, 29.7514222597967]]}, "properties": {"centerlineid": 10135959, "roadclass": "LOCAL", "fullname": "WILSON ST", "fromleft": 1901, "toleft": 1999, "fromright": 1900, "toright": 1998, "onewaydir": " "}}, {"type": "Feature", "geometry": {"type": "LineString", "coordinates": [[-95.377738267014, 29.7503770380607], [-95.377265237001, 29.750083376557]]}, "properties": {"centerlineid": 10135994, "roadclass": "LOCAL", "fullname": "HADLEY ST", "fromleft": 401, "toleft": 409, "fromright": 400, "toright": 408, "onewaydir": " "}}, {"type": "Feature", "geometry": {"type": "LineString", "coordinates": [[-95.3820377215514, 29.7424583169484], [-95.3823007774373, 29.7424674201062], [-95.3826058248102, 29.7424482591954]]}, "properties": {"centerlineid": 10136091, "roadclass": "LOCAL", "fullname": "HAWTHORNE ST", "fromleft": 1, "toleft": 115, "fromright": 2, "toright": 114, "onewaydir": " "}}, {"type": "Feature", "geometry": {"type": "LineString", "coordinates": [[-95.3787912526034, 29.7426866929953], [-95.3779598285078, 29.7421874562894], [-95.3779367632357, 29.7421735292152]]}, "properties": {"centerlineid": 10136094, "roadclass": "MAJOR", "fullname": "ELGIN ST", "fromleft": 801, "toleft": 899, "fromright": 800, "toright": 898, "onewaydir": " "}}, {"type": "Feature", "geometry": {"type": "LineString", "coordinates": [[-95.3804117334263, 29.7530092757591], [-95.3804190986886, 29.75270124133]]}, "properties": {"centerlineid": 10136109, "roadclass": "LOCAL", "fullname": "MATTHEWS ST", "fromleft": 1707, "toleft": 1799, "fromright": 1706, "toright": 1798, "onewaydir": " "}}, {"type": "Feature", "geometry": {"type": "LineString", "coordinates": [[-95.3774484530508, 29.7427782204693], [-95.3779367632357, 29.7421735292152]]}, "properties": {"centerlineid": 10136223, "roadclass": "LOCAL", "fullname": "TRAVIS ST", "fromleft": 3101, "toleft": 3199, "fromright": 3100, "toright": 3198, "onewaydir": "FT"}}, {"type": "Feature", "geometry": {"type": "LineString", "coordinates": [[-95.3768990103685, 29.7498640959955], [-95.3769334788834, 29.7498212090525], [-95.3774637663914, 29.7491583455733]]}, "properties": {"centerlineid": 10136276, "roadclass": "LOCAL", "fullname": "BRAZOS ST", "fromleft": 2301, "toleft": 2399, "fromright": 2300, "toright": 2398, "onewaydir": "FT"}}, {"type": "Feature", "geometry": {"type": "LineString", "coordinates": [[-95.3766701728807, 29.7469667439266], [-95.3767694366147, 29.7468389935091], [-95.3772271399, 29.7462457571901]]}, "properties": {"centerlineid": 10136281, "roadclass": "MAJOR", "fullname": "LOUISIANA ST", "fromleft": 2601, "toleft": 2699, "fromright": 2600, "toright": 2698, "onewaydir": "FT"}}, {"type": "Feature", "geometry": {"type": "LineString", "coordinates": [[-95.3783867083534, 29.7479985389083], [-95.3789514343115, 29.7472795684093]]}, "properties": {"centerlineid": 10136284, "roadclass": "LOCAL", "fullname": "BRAZOS ST", "fromleft": 2601, "toleft": 2699, "fromright": 2600, "toright": 2698, "onewaydir": "FT"}}, {"type": "Feature", "geometry": {"type": "LineString", "coordinates": [[-95.3779062108973, 29.7485956750423], [-95.3783867083534, 29.7479985389083]]}, "properties": {"centerlineid": 10136285, "roadclass": "LOCAL", "fullname": "BRAZOS ST", "fromleft": 2501, "toleft": 2599, "fromright": 2500, "toright": 2598, "onewaydir": "FT"}}, {"type": "Feature", "geometry": {"type": "LineString", "coordinates": [[-95.3773033499668, 29.7445693679724], [-95.3778680620966, 29.7438579376689]]}, "properties": {"centerlineid": 10136288, "roadclass": "LOCAL", "fullname": "MILAM ST", "fromleft": 2901, "toleft": 2999, "fromright": 2900, "toright": 2998, "onewaydir": "FT"}}, {"type": "Feature", "geometry": {"type": "LineString", "coordinates": [[-95.3781578644928, 29.7450823021042], [-95.3787378934534, 29.7443612816605]]}, "properties": {"centerlineid": 10136297, "roadclass": "MAJOR", "fullname": "LOUISIANA ST", "fromleft": 2901, "toleft": 2999, "fromright": 2900, "toright": 2998, "onewaydir": "FT"}}, {"type": "Feature", "geometry": {"type": "LineString", "coordinates": [[-95.3793938492151, 29.7467112177541], [-95.3798746271231, 29.7461026886404]]}, "properties": {"centerlineid": 10136305, "roadclass": "LOCAL", "fullname": "BRAZOS ST", "fromleft": 2801, "toleft": 2899, "fromright": 2800, "toright": 2898, "onewaydir": "FT"}}, {"type": "Feature", "geometry": {"type": "LineString", "coordinates": [[-95.3796151713757, 29.749625664862], [-95.3800882154825, 29.7490191580662]]}, "properties": {"centerlineid": 10136333, "roadclass": "LOCAL", "fullname": "BALDWIN ST", "fromleft": 2501, "toleft": 2599, "fromright": 2500, "toright": 2598, "onewaydir": " "}}, {"type": "Feature", "geometry": {"type": "LineString", "coordinates": [[-95.3859551908455, 29.7445768674762], [-95.3872368042266, 29.7445426811862]]}, "properties": {"centerlineid": 10134115, "roadclass": "MAJOR", "fullname": "WESTHEIMER RD", "fromleft": 401, "toleft": 499, "fromright": 400, "toright": 498, "onewaydir": " "}}, {"type": "Feature", "geometry": {"type": "LineString", "coordinates": [[-95.3888543515116, 29.7453894158252], [-95.3888543579354, 29.744515723607]]}, "properties": {"centerlineid": 10134122, "roadclass": "LOCAL", "fullname": "STANFORD ST", "fromleft": 2701, "toleft": 2799, "fromright": 2700, "toright": 2798, "onewaydir": " "}}, {"type": "Feature", "geometry": {"type": "LineString", "coordinates": [[-95.3920994966716, 29.751096975243], [-95.3920775415385, 29.7506768372937], [-95.3920749158302, 29.7505947707118], [-95.3920744150864, 29.7505047217636], [-95.3920791530211, 29.7504228534682]]}, "properties": {"centerlineid": 10134136, "roadclass": "MAJOR", "fullname": "MONTROSE BLVD", "fromleft": 2001, "toleft": 2099, "fromright": 2000, "toright": 2098, "onewaydir": " "}}, {"type": "Feature", "geometry": {"type": "LineString", "coordinates": [[-95.3904640922423, 29.7494559045919], [-95.3904606268653, 29.7487853566046]]}, "properties": {"centerlineid": 10134141, "roadclass": "LOCAL", "fullname": "CONVERSE ST", "fromleft": 2201, "toleft": 2299, "fromright": 2200, "toright": 2298, "onewaydir": " "}}, {"type": "Feature", "geometry": {"type": "LineString", "coordinates": [[-95.3994192256825, 29.749076594925], [-95.4005048501615, 29.7485669742006]]}, "properties": {"centerlineid": 10134142, "roadclass": "LOCAL", "fullname": "WELCH ST", "fromleft": 1601, "toleft": 1699, "fromright": 1600, "toright": 1698, "onewaydir": " "}}, {"type": "Feature", "geometry": {"type": "LineString", "coordinates": [[-95.3889230201643, 29.7413724294158], [-95.3889155041992, 29.7405199780997]]}, "properties": {"centerlineid": 10134159, "roadclass": "LOCAL", "fullname": "STANFORD ST", "fromleft": 3501, "toleft": 3599, "fromright": 3500, "toright": 3598, "onewaydir": " "}}, {"type": "Feature", "geometry": {"type": "LineString", "coordinates": [[-95.3896612793472, 29.7481367780449], [-95.3896578811581, 29.7474423383381]]}, "properties": {"centerlineid": 10134186, "roadclass": "LOCAL", "fullname": "CROCKER ST", "fromleft": 2401, "toleft": 2499, "fromright": 2400, "toright": 2498, "onewaydir": " "}}, {"type": "Feature", "geometry": {"type": "LineString", "coordinates": [[-95.3881420677602, 29.7515445448264], [-95.3881317104715, 29.7508707643858]]}, "properties": {"centerlineid": 10134194, "roadclass": "LOCAL", "fullname": "HOPKINS ST", "fromleft": 1901, "toleft": 1999, "fromright": 1900, "toright": 1998, "onewaydir": " "}}, {"type": "Feature", "geometry": {"type": "LineString", "coordinates": [[-95.383040771853, 29.7507833917012], [-95.3830332391969, 29.7507356943164], [-95.383033198965, 29.7505353891527], [-95.3830332361174, 29.7504666839712], [-95.3830254568844, 29.7504019066234], [-95.3830026286793, 29.7502759255372]]}, "properties": {"centerlineid": 10134201, "roadclass": "LOCAL", "fullname": "GILLETTE ST", "fromleft": 2101, "toleft": 2199, "fromright": 2100, "toright": 2198, "onewaydir": " "}}, {"type": "Feature", "geometry": {"type": "LineString", "coordinates": [[-95.3975442798117, 29.7420172344472], [-95.3975289958457, 29.7412695203379]]}, "properties": {"centerlineid": 10134229, "roadclass": "LOCAL", "fullname": "MULBERRY ST", "fromleft": 3451, "toleft": 3499, "fromright": 3450, "toright": 3498, "onewaydir": " "}}, {"type": "Feature", "geometry": {"type": "LineString", "coordinates": [[-95.3993522894708, 29.7412503426489], [-95.4020378825694, 29.7412218303243]]}, "properties": {"centerlineid": 10134245, "roadclass": "LOCAL", "fullname": "HAROLD ST", "fromleft": 1601, "toleft": 1699, "fromright": 1600, "toright": 1698, "onewaydir": " "}}, {"type": "Feature", "geometry": {"type": "LineString", "coordinates": [[-95.3839324965829, 29.7539109069909], [-95.3839316593994, 29.7537842198587], [-95.3839323667987, 29.7537348583407], [-95.38393737954, 29.7536792084195], [-95.3839419613052, 29.7536438890193], [-95.3839504720228, 29.753610418977], [-95.3839582762485, 29.7535780920824], [-95.3840020403341, 29.7534078531902], [-95.3840248553621, 29.7532515179322]]}, "properties": {"centerlineid": 10134247, "roadclass": "LOCAL", "fullname": "GENESEE ST", "fromleft": 1601, "toleft": 1699, "fromright": 1600, "toright": 1698, "onewaydir": " "}}, {"type": "Feature", "geometry": {"type": "LineString", "coordinates": [[-95.388862090842, 29.7467340276757], [-95.3888771454702, 29.7466520966462], [-95.3888771416197, 29.746638652072], [-95.3888696395252, 29.7461713676095], [-95.3888543515116, 29.7453894158252]]}, "properties": {"centerlineid": 10134251, "roadclass": "LOCAL", "fullname": "STANFORD ST", "fromleft": 2601, "toleft": 2699, "fromright": 2600, "toright": 2698, "onewaydir": " "}}, {"type": "Feature", "geometry": {"type": "LineString", "coordinates": [[-95.388892448496, 29.7533946106957], [-95.3888947183827, 29.7533861595017], [-95.388915477772, 29.7533088010135], [-95.3889154773421, 29.7529654096542]]}, "properties": {"centerlineid": 10134264, "roadclass": "LOCAL", "fullname": "STANFORD ST", "fromleft": 1601, "toleft": 1617, "fromright": 1600, "toright": 1616, "onewaydir": " "}}, {"type": "Feature", "geometry": {"type": "LineString", "coordinates": [[-95.3857263203444, 29.750283698575], [-95.3857110434425, 29.7495818485025]]}, "properties": {"centerlineid": 10134269, "roadclass": "LOCAL", "fullname": "TAFT ST", "fromleft": 2101, "toleft": 2199, "fromright": 2100, "toright": 2198, "onewaydir": " "}}, {"type": "Feature", "geometry": {"type": "LineString", "coordinates": [[-95.3910591540349, 29.7494082057628], [-95.3910897432978, 29.7493737694839], [-95.3910975000453, 29.7493262982867], [-95.3910975230429, 29.7491659054001], [-95.3911050561314, 29.749062979256], [-95.3911659794174, 29.7490134512326], [-95.3912729940154, 29.7489886097875]]}, "properties": {"centerlineid": 10134315, "roadclass": "LOCAL", "fullname": "GRANT ST", "fromleft": 2201, "toleft": 2299, "fromright": 2200, "toright": 2298, "onewaydir": " "}}, {"type": "Feature", "geometry": {"type": "LineString", "coordinates": [[-95.4008019138588, 29.7453036057842], [-95.4004053058516, 29.7446512904085]]}, "properties": {"centerlineid": 10134341, "roadclass": "LOCAL", "fullname": "MANDELL ST", "fromleft": 2401, "toleft": 2499, "fromright": 2400, "toright": 2498, "onewaydir": " "}}, {"type": "Feature", "geometry": {"type": "LineString", "coordinates": [[-95.3872902186654, 29.7481931884311], [-95.3872980042523, 29.7475066143702]]}, "properties": {"centerlineid": 10134366, "roadclass": "LOCAL", "fullname": "WHITNEY ST", "fromleft": 2401, "toleft": 2499, "fromright": 2400, "toright": 2498, "onewaydir": " "}}, {"type": "Feature", "geometry": {"type": "LineString", "coordinates": [[-95.393577733711, 29.7473294644343], [-95.393536206669, 29.7462784143603]]}, "properties": {"centerlineid": 10134373, "roadclass": "LOCAL", "fullname": "VAN BUREN ST", "fromleft": 2501, "toleft": 2599, "fromright": 2500, "toright": 2598, "onewaydir": " "}}, {"type": "Feature", "geometry": {"type": "LineString", "coordinates": [[-95.3896554741721, 29.746709402831], [-95.3896707521903, 29.7466406897732], [-95.3896782644319, 29.7466197263394], [-95.3896782819393, 29.7461944167249], [-95.3896629593532, 29.7453741325769]]}, "properties": {"centerlineid": 10134374, "roadclass": "LOCAL", "fullname": "CROCKER ST", "fromleft": 2601, "toleft": 2699, "fromright": 2600, "toright": 2698, "onewaydir": " "}}, {"type": "Feature", "geometry": {"type": "LineString", "coordinates": [[-95.3926157379706, 29.742345371889], [-95.3937981763276, 29.7423337116237]]}, "properties": {"centerlineid": 10134377, "roadclass": "LOCAL", "fullname": "HAWTHORNE ST", "fromleft": 1101, "toleft": 1199, "fromright": 1100, "toright": 1198, "onewaydir": " "}}, {"type": "Feature", "geometry": {"type": "LineString", "coordinates": [[-95.3975442798117, 29.7420172344472], [-95.399360050421, 29.742000132171]]}, "properties": {"centerlineid": 10134380, "roadclass": "LOCAL", "fullname": "HAWTHORNE ST", "fromleft": 1501, "toleft": 1599, "fromright": 1500, "toright": 1598, "onewaydir": " "}}, {"type": "Feature", "geometry": {"type": "LineString", "coordinates": [[-95.399306670126, 29.737786727555], [-95.4010690610795, 29.7377696114478]]}, "properties": {"centerlineid": 10136657, "roadclass": "LOCAL", "fullname": "SUL ROSS ST", "fromleft": 1601, "toleft": 1699, "fromright": 1600, "toright": 1698, "onewaydir": " "}}, {"type": "Feature", "geometry": {"type": "LineString", "coordinates": [[-95.3911509176714, 29.7370275736342], [-95.3911509179318, 29.7361730913623]]}, "properties": {"centerlineid": 10136744, "roadclass": "MAJOR", "fullname": "MONTROSE BLVD", "fromleft": 4001, "toleft": 4099, "fromright": 4000, "toright": 4098, "onewaydir": " "}}, {"type": "Feature", "geometry": {"type": "LineString", "coordinates": [[-95.3911356330965, 29.7353167550656], [-95.3911356055021, 29.734481158268]]}, "properties": {"centerlineid": 10136745, "roadclass": "MAJOR", "fullname": "MONTROSE BLVD", "fromleft": 4201, "toleft": 4299, "fromright": 4200, "toright": 4298, "onewaydir": " "}}, {"type": "Feature", "geometry": {"type": "LineString", "coordinates": [[-95.3929208098078, 29.7533259352259], [-95.3937349934831, 29.753305626032]]}, "properties": {"centerlineid": 10134414, "roadclass": "MAJOR", "fullname": "W GRAY ST", "fromleft": 1121, "toleft": 1199, "fromright": 1120, "toright": 1198, "onewaydir": " "}}, {"type": "Feature", "geometry": {"type": "LineString", "coordinates": [[-95.3937349934831, 29.753305626032], [-95.3946988713593, 29.7532892914314]]}, "properties": {"centerlineid": 10134415, "roadclass": "MAJOR", "fullname": "W GRAY ST", "fromleft": 1201, "toleft": 1219, "fromright": 1200, "toright": 1218, "onewaydir": " "}}, {"type": "Feature", "geometry": {"type": "LineString", "coordinates": [[-95.3872292831301, 29.7434649922449], [-95.388884914853, 29.7434611098452]]}, "properties": {"centerlineid": 10134486, "roadclass": "MAJOR", "fullname": "LOVETT BLVD", "fromleft": 501, "toleft": 799, "fromright": 500, "toright": 798, "onewaydir": " "}}, {"type": "Feature", "geometry": {"type": "LineString", "coordinates": [[-95.388884914853, 29.7434611098452], [-95.3899301732658, 29.7434611371432]]}, "properties": {"centerlineid": 10134487, "roadclass": "MAJOR", "fullname": "LOVETT BLVD", "fromleft": 801, "toleft": 899, "fromright": 800, "toright": 898, "onewaydir": " "}}, {"type": "Feature", "geometry": {"type": "LineString", "coordinates": [[-95.3966525941453, 29.7503887935568], [-95.397635787939, 29.7499345851386], [-95.397887470576, 29.7498164061615]]}, "properties": {"centerlineid": 10134502, "roadclass": "LOCAL", "fullname": "WELCH ST", "fromleft": 1401, "toleft": 1499, "fromright": 1400, "toright": 1498, "onewaydir": " "}}, {"type": "Feature", "geometry": {"type": "LineString", "coordinates": [[-95.3848412742266, 29.7482426813123], [-95.3850320201906, 29.7482408965156], [-95.3856882140057, 29.7482370155164]]}, "properties": {"centerlineid": 10134504, "roadclass": "LOCAL", "fullname": "FAIRVIEW AVE", "fromleft": 201, "toleft": 299, "fromright": 200, "toright": 298, "onewaydir": " "}}, {"type": "Feature", "geometry": {"type": "LineString", "coordinates": [[-95.3914920424285, 29.7455393322456], [-95.3918683590381, 29.7455286671625]]}, "properties": {"centerlineid": 10134521, "roadclass": "LOCAL", "fullname": "CALIFORNIA ST", "fromleft": 1021, "toleft": 1099, "fromright": 1020, "toright": 1098, "onewaydir": " "}}, {"type": "Feature", "geometry": {"type": "LineString", "coordinates": [[-95.3977731480843, 29.7441782627349], [-95.3987572528388, 29.7437166582006]]}, "properties": {"centerlineid": 10134525, "roadclass": "LOCAL", "fullname": "MISSOURI ST", "fromleft": 1701, "toleft": 1799, "fromright": 1700, "toright": 1798, "onewaydir": " "}}, {"type": "Feature", "geometry": {"type": "LineString", "coordinates": [[-95.3848259848325, 29.7475504134454], [-95.3850244576903, 29.7475486047472], [-95.3856804774842, 29.7475389983952]]}, "properties": {"centerlineid": 10134530, "roadclass": "LOCAL", "fullname": "HYDE PARK BLVD", "fromleft": 201, "toleft": 299, "fromright": 200, "toright": 298, "onewaydir": " "}}, {"type": "Feature", "geometry": {"type": "LineString", "coordinates": [[-95.3999863660646, 29.7456845576322], [-95.4008019138588, 29.7453036057842]]}, "properties": {"centerlineid": 10134536, "roadclass": "LOCAL", "fullname": "FAIRVIEW AVE", "fromleft": 1801, "toleft": 1819, "fromright": 1800, "toright": 1818, "onewaydir": " "}}, {"type": "Feature", "geometry": {"type": "LineString", "coordinates": [[-95.3856882140057, 29.7482370155164], [-95.3858103091982, 29.7482123527935], [-95.3865044040202, 29.7482084667781]]}, "properties": {"centerlineid": 10134553, "roadclass": "LOCAL", "fullname": "FAIRVIEW AVE", "fromleft": 301, "toleft": 399, "fromright": 300, "toright": 398, "onewaydir": " "}}, {"type": "Feature", "geometry": {"type": "LineString", "coordinates": [[-95.3920058600598, 29.7481014375023], [-95.3927912348738, 29.7480845861681]]}, "properties": {"centerlineid": 10134560, "roadclass": "LOCAL", "fullname": "FAIRVIEW AVE", "fromleft": 1101, "toleft": 1199, "fromright": 1100, "toright": 1198, "onewaydir": " "}}, {"type": "Feature", "geometry": {"type": "LineString", "coordinates": [[-95.39367201518, 29.7510705280294], [-95.3970390901733, 29.7510077861395]]}, "properties": {"centerlineid": 10134563, "roadclass": "LOCAL", "fullname": "WILLARD ST", "fromleft": 1201, "toleft": 1399, "fromright": 1200, "toright": 1398, "onewaydir": " "}}, {"type": "Feature", "geometry": {"type": "LineString", "coordinates": [[-95.3993372668155, 29.7403997393299], [-95.4020303565443, 29.7403787320023]]}, "properties": {"centerlineid": 10136777, "roadclass": "LOCAL", "fullname": "KIPLING ST", "fromleft": 1601, "toleft": 1699, "fromright": 1600, "toright": 1698, "onewaydir": " "}}, {"type": "Feature", "geometry": {"type": "LineString", "coordinates": [[-95.3911812217228, 29.7387824750671], [-95.3925699093116, 29.7387689872389]]}, "properties": {"centerlineid": 10136782, "roadclass": "MAJOR", "fullname": "W ALABAMA ST", "fromleft": 1001, "toleft": 1099, "fromright": 1000, "toright": 1098, "onewaydir": " "}}, {"type": "Feature", "geometry": {"type": "LineString", "coordinates": [[-95.389892074162, 29.7396463223727], [-95.3898767991014, 29.7387975219752]]}, "properties": {"centerlineid": 10136896, "roadclass": "LOCAL", "fullname": "ROSELAND ST", "fromleft": 3701, "toleft": 3799, "fromright": 3700, "toright": 3798, "onewaydir": " "}}, {"type": "Feature", "geometry": {"type": "LineString", "coordinates": [[-95.389892064654, 29.7405008038669], [-95.389892074162, 29.7396463223727]]}, "properties": {"centerlineid": 10136897, "roadclass": "LOCAL", "fullname": "ROSELAND ST", "fromleft": 3601, "toleft": 3699, "fromright": 3600, "toright": 3698, "onewaydir": " "}}, {"type": "Feature", "geometry": {"type": "LineString", "coordinates": [[-95.3993372668155, 29.7403997393299], [-95.3993295229697, 29.7395452377322]]}, "properties": {"centerlineid": 10136904, "roadclass": "LOCAL", "fullname": "MANDELL ST", "fromleft": 3601, "toleft": 3699, "fromright": 3600, "toright": 3698, "onewaydir": " "}}, {"type": "Feature", "geometry": {"type": "LineString", "coordinates": [[-95.3869739383752, 29.7388569298599], [-95.3869589627295, 29.7379351140046]]}, "properties": {"centerlineid": 10136907, "roadclass": "LOCAL", "fullname": "JACK ST", "fromleft": 3801, "toleft": 3899, "fromright": 3800, "toright": 3898, "onewaydir": " "}}, {"type": "Feature", "geometry": {"type": "LineString", "coordinates": [[-95.3896773845059, 29.7487988837292], [-95.3904605846683, 29.7487865492769]]}, "properties": {"centerlineid": 10134572, "roadclass": "LOCAL", "fullname": "FARGO ST", "fromleft": 801, "toleft": 899, "fromright": 800, "toright": 898, "onewaydir": " "}}, {"type": "Feature", "geometry": {"type": "LineString", "coordinates": [[-95.3896578811581, 29.7474423383381], [-95.3904608218678, 29.7474278257799]]}, "properties": {"centerlineid": 10134574, "roadclass": "LOCAL", "fullname": "HYDE PARK BLVD", "fromleft": 801, "toleft": 899, "fromright": 800, "toright": 898, "onewaydir": " "}}, {"type": "Feature", "geometry": {"type": "LineString", "coordinates": [[-95.3927578368398, 29.7462900917965], [-95.393536206669, 29.7462784143603]]}, "properties": {"centerlineid": 10134576, "roadclass": "LOCAL", "fullname": "MISSOURI ST", "fromleft": 1201, "toleft": 1299, "fromright": 1200, "toright": 1298, "onewaydir": " "}}, {"type": "Feature", "geometry": {"type": "LineString", "coordinates": [[-95.3872598969823, 29.7454275096435], [-95.3880610119189, 29.7454085924794]]}, "properties": {"centerlineid": 10134582, "roadclass": "LOCAL", "fullname": "AVONDALE ST", "fromleft": 501, "toleft": 599, "fromright": 500, "toright": 598, "onewaydir": " "}}, {"type": "Feature", "geometry": {"type": "LineString", "coordinates": [[-95.3880610119189, 29.7454085924794], [-95.3888543515116, 29.7453894158252]]}, "properties": {"centerlineid": 10134583, "roadclass": "LOCAL", "fullname": "AVONDALE ST", "fromleft": 601, "toleft": 699, "fromright": 600, "toright": 698, "onewaydir": " "}}, {"type": "Feature", "geometry": {"type": "LineString", "coordinates": [[-95.3873207765566, 29.7508920259936], [-95.3881317104715, 29.7508707643858]]}, "properties": {"centerlineid": 10134598, "roadclass": "LOCAL", "fullname": "WILLARD ST", "fromleft": 501, "toleft": 599, "fromright": 500, "toright": 598, "onewaydir": " "}}, {"type": "Feature", "geometry": {"type": "LineString", "coordinates": [[-95.3865224686992, 29.7488657821579], [-95.3872979986343, 29.7488646930165]]}, "properties": {"centerlineid": 10134604, "roadclass": "LOCAL", "fullname": "FARGO ST", "fromleft": 401, "toleft": 499, "fromright": 400, "toright": 498, "onewaydir": " "}}, {"type": "Feature", "geometry": {"type": "LineString", "coordinates": [[-95.3881069873972, 29.7488323949006], [-95.388879123927, 29.7488159925272]]}, "properties": {"centerlineid": 10134608, "roadclass": "LOCAL", "fullname": "FARGO ST", "fromleft": 601, "toleft": 699, "fromright": 600, "toright": 698, "onewaydir": " "}}, {"type": "Feature", "geometry": {"type": "LineString", "coordinates": [[-95.3955288898442, 29.748579580545], [-95.3967660046736, 29.7479967271876]]}, "properties": {"centerlineid": 10134611, "roadclass": "LOCAL", "fullname": "MARYLAND ST", "fromleft": 1401, "toleft": 1499, "fromright": 1400, "toright": 1498, "onewaydir": " "}}, {"type": "Feature", "geometry": {"type": "LineString", "coordinates": [[-95.3872980042523, 29.7475066143702], [-95.3880752552682, 29.7474790406833]]}, "properties": {"centerlineid": 10134631, "roadclass": "LOCAL", "fullname": "HYDE PARK BLVD", "fromleft": 501, "toleft": 599, "fromright": 500, "toright": 598, "onewaydir": " "}}, {"type": "Feature", "geometry": {"type": "LineString", "coordinates": [[-95.3888759735379, 29.7474570902869], [-95.3896578811581, 29.7474423383381]]}, "properties": {"centerlineid": 10134633, "roadclass": "LOCAL", "fullname": "HYDE PARK BLVD", "fromleft": 701, "toleft": 799, "fromright": 700, "toright": 798, "onewaydir": " "}}, {"type": "Feature", "geometry": {"type": "LineString", "coordinates": [[-95.3857263479236, 29.7515845131369], [-95.3865349869015, 29.751578786354]]}, "properties": {"centerlineid": 10134635, "roadclass": "LOCAL", "fullname": "BOMAR ST", "fromleft": 301, "toleft": 399, "fromright": 300, "toright": 398, "onewaydir": " "}}, {"type": "Feature", "geometry": {"type": "LineString", "coordinates": [[-95.383040771853, 29.7507833917012], [-95.3840077101006, 29.750796327885]]}, "properties": {"centerlineid": 10134650, "roadclass": "LOCAL", "fullname": "SUTTON ST", "fromleft": 1601, "toleft": 1699, "fromright": 1600, "toright": 1698, "onewaydir": " "}}, {"type": "Feature", "geometry": {"type": "LineString", "coordinates": [[-95.3832239470437, 29.7498449145134], [-95.3836663727233, 29.7492804120592]]}, "properties": {"centerlineid": 10134655, "roadclass": "LOCAL", "fullname": "BOSTON ST", "fromleft": 2701, "toleft": 2799, "fromright": 2700, "toright": 2798, "onewaydir": " "}}, {"type": "Feature", "geometry": {"type": "LineString", "coordinates": [[-95.3947594296302, 29.7395968158424], [-95.3947518843451, 29.7387423181032]]}, "properties": {"centerlineid": 10136912, "roadclass": "LOCAL", "fullname": "GRAUSTARK ST", "fromleft": 3701, "toleft": 3799, "fromright": 3700, "toright": 3798, "onewaydir": " "}}, {"type": "Feature", "geometry": {"type": "LineString", "coordinates": [[-95.3911125893967, 29.7333596960513], [-95.3910975188239, 29.7325681648102]]}, "properties": {"centerlineid": 10136915, "roadclass": "MAJOR", "fullname": "MONTROSE BLVD", "fromleft": 4401, "toleft": 4499, "fromright": 4400, "toright": 4498, "onewaydir": " "}}, {"type": "Feature", "geometry": {"type": "LineString", "coordinates": [[-95.394729087286, 29.7378382874171], [-95.3947213292549, 29.736983783529]]}, "properties": {"centerlineid": 10136937, "roadclass": "LOCAL", "fullname": "GRAUSTARK ST", "fromleft": 3901, "toleft": 3999, "fromright": 3900, "toright": 3998, "onewaydir": " "}}, {"type": "Feature", "geometry": {"type": "LineString", "coordinates": [[-95.3854210491796, 29.7371190791508], [-95.3854060006932, 29.7362378613203]]}, "properties": {"centerlineid": 10136942, "roadclass": "LOCAL", "fullname": "GARROTT ST", "fromleft": 4001, "toleft": 4099, "fromright": 4000, "toright": 4098, "onewaydir": " "}}, {"type": "Feature", "geometry": {"type": "LineString", "coordinates": [[-95.3937066315512, 29.7352900736707], [-95.3946985017902, 29.7352765800949]]}, "properties": {"centerlineid": 10136956, "roadclass": "LOCAL", "fullname": "COLQUITT ST", "fromleft": 1201, "toleft": 1299, "fromright": 1200, "toright": 1298, "onewaydir": " "}}, {"type": "Feature", "geometry": {"type": "LineString", "coordinates": [[-95.3992685781971, 29.7352366365553], [-95.4019539372024, 29.7352042648174]]}, "properties": {"centerlineid": 10136958, "roadclass": "LOCAL", "fullname": "COLQUITT ST", "fromleft": 1601, "toleft": 1699, "fromright": 1600, "toright": 1698, "onewaydir": " "}}, {"type": "Feature", "geometry": {"type": "LineString", "coordinates": [[-95.389892074162, 29.7396463223727], [-95.390227693156, 29.7396426651698], [-95.3911965271698, 29.7396367179578]]}, "properties": {"centerlineid": 10136996, "roadclass": "LOCAL", "fullname": "MARSHALL ST", "fromleft": 901, "toleft": 999, "fromright": 900, "toright": 998, "onewaydir": " "}}, {"type": "Feature", "geometry": {"type": "LineString", "coordinates": [[-95.38444444128, 29.7380098681362], [-95.3844369070357, 29.7371229448465]]}, "properties": {"centerlineid": 10137047, "roadclass": "LOCAL", "fullname": "BUTE ST", "fromleft": 3901, "toleft": 3999, "fromright": 3900, "toright": 3998, "onewaydir": " "}}, {"type": "Feature", "geometry": {"type": "LineString", "coordinates": [[-95.3854310022039, 29.7379986246965], [-95.3858636993526, 29.7379984362041], [-95.3859398974579, 29.7379870496069], [-95.386054464117, 29.7379489266196], [-95.3861459157863, 29.7379372980711], [-95.3869589627295, 29.7379351140046]]}, "properties": {"centerlineid": 10137090, "roadclass": "LOCAL", "fullname": "SUL ROSS ST", "fromleft": 501, "toleft": 599, "fromright": 500, "toright": 598, "onewaydir": " "}}, {"type": "Feature", "geometry": {"type": "LineString", "coordinates": [[-95.3889001845076, 29.7396636411392], [-95.389892074162, 29.7396463223727]]}, "properties": {"centerlineid": 10137095, "roadclass": "LOCAL", "fullname": "MARSHALL ST", "fromleft": 801, "toleft": 899, "fromright": 800, "toright": 898, "onewaydir": " "}}, {"type": "Feature", "geometry": {"type": "LineString", "coordinates": [[-95.3838343055634, 29.7388967723231], [-95.3844444741272, 29.7388949616478]]}, "properties": {"centerlineid": 10137097, "roadclass": "MAJOR", "fullname": "W ALABAMA ST", "fromleft": 311, "toleft": 399, "fromright": 310, "toright": 398, "onewaydir": " "}}, {"type": "Feature", "geometry": {"type": "LineString", "coordinates": [[-95.3844373324017, 29.7352390731881], [-95.3846765391037, 29.7348829815233], [-95.3847165217174, 29.7348166167572], [-95.3847692623917, 29.7347221241231], [-95.3848151581657, 29.734631651053], [-95.384839169253, 29.7345563507033]]}, "properties": {"centerlineid": 10137115, "roadclass": "FRONTAGE", "fullname": "SOUTHWEST FWY", "fromleft": 501, "toleft": 539, "fromright": 500, "toright": 538, "onewaydir": "FT"}}, {"type": "Feature", "geometry": {"type": "LineString", "coordinates": [[-95.3857569319174, 29.7345270592508], [-95.3859704655835, 29.7342619008604], [-95.3861306524212, 29.7340024670232], [-95.3866113925616, 29.733207051858], [-95.3868858888355, 29.7328848769924]]}, "properties": {"centerlineid": 10137120, "roadclass": "RAMP", "fullname": "SOUTHWEST FWY SPUR 527 RICHMOND RAMP", "fromleft": 0, "toleft": 0, "fromright": 0, "toright": 0, "onewaydir": "TF"}}, {"type": "Feature", "geometry": {"type": "LineString", "coordinates": [[-95.3823770010914, 29.7389045040388], [-95.382210607585, 29.7388996744073], [-95.3820485693219, 29.7388877913995], [-95.3818124782502, 29.7388757688691]]}, "properties": {"centerlineid": 10137155, "roadclass": "MAJOR", "fullname": "W ALABAMA ST", "fromleft": 171, "toleft": 175, "fromright": 170, "toright": 174, "onewaydir": " "}}, {"type": "Feature", "geometry": {"type": "LineString", "coordinates": [[-95.3785393574533, 29.7397665730006], [-95.3777613133152, 29.7393125047183], [-95.3776545256018, 29.7392515626459]]}, "properties": {"centerlineid": 10137208, "roadclass": "LOCAL", "fullname": "HOLMAN ST", "fromleft": 1001, "toleft": 1099, "fromright": 1000, "toright": 1098, "onewaydir": " "}}, {"type": "Feature", "geometry": {"type": "LineString", "coordinates": [[-95.3782343208154, 29.7385362585457], [-95.3773491999617, 29.7380041656016]]}, "properties": {"centerlineid": 10137271, "roadclass": "LOCAL", "fullname": "BERRY ST", "fromleft": 1101, "toleft": 1199, "fromright": 1100, "toright": 1198, "onewaydir": " "}}, {"type": "Feature", "geometry": {"type": "LineString", "coordinates": [[-95.3812783482462, 29.7331041679246], [-95.3816071043887, 29.7327006816745], [-95.3816217258335, 29.7326827349383]]}, "properties": {"centerlineid": 10137306, "roadclass": "LOCAL", "fullname": "SAN JACINTO ST", "fromleft": 4401, "toleft": 4499, "fromright": 4400, "toright": 4498, "onewaydir": "TF"}}, {"type": "Feature", "geometry": {"type": "MultiLineString", "coordinates": [[[-95.3799508479407, 29.7331632430051], [-95.3803095033215, 29.7327094310932], [-95.380339849278, 29.7326578720415]], [[-95.380339849278, 29.7326578720415], [-95.3803630317664, 29.7326132270369]], [[-95.3803630317664, 29.7326132270369], [-95.3803932788944, 29.7325549763136]]]}, "properties": {"centerlineid": 10137325, "roadclass": "LOCAL", "fullname": "CAROLINE ST", "fromleft": 4301, "toleft": 4399, "fromright": 4300, "toright": 4398, "onewaydir": "FT"}}, {"type": "Feature", "geometry": {"type": "LineString", "coordinates": [[-95.3827216715118, 29.7371485501134], [-95.3817233605453, 29.7371559829131]]}, "properties": {"centerlineid": 10137382, "roadclass": "LOCAL", "fullname": "ISABELLA ST", "fromleft": 701, "toleft": 899, "fromright": 700, "toright": 898, "onewaydir": " "}}, {"type": "Feature", "geometry": {"type": "LineString", "coordinates": [[-95.3780588484773, 29.7403711986467], [-95.3785393574533, 29.7397665730006]]}, "properties": {"centerlineid": 10137606, "roadclass": "MAJOR", "fullname": "MAIN ST", "fromleft": 3401, "toleft": 3499, "fromright": 3400, "toright": 3498, "onewaydir": " "}}, {"type": "Feature", "geometry": {"type": "LineString", "coordinates": [[-95.3812860869689, 29.7395242425101], [-95.3818124782502, 29.7388757688691]]}, "properties": {"centerlineid": 10137618, "roadclass": "LOCAL", "fullname": "MILAM ST", "fromleft": 3701, "toleft": 3799, "fromright": 3700, "toright": 3798, "onewaydir": "FT"}}, {"type": "Feature", "geometry": {"type": "LineString", "coordinates": [[-95.41182649493, 29.7490476902376], [-95.4129564501969, 29.749029250511], [-95.4140027341195, 29.7490121680634], [-95.4141611628847, 29.7490095806212]]}, "properties": {"centerlineid": 10133665, "roadclass": "MAJOR", "fullname": "SAN FELIPE ST", "fromleft": 2121, "toleft": 2225, "fromright": 2120, "toright": 2224, "onewaydir": " "}}, {"type": "Feature", "geometry": {"type": "LineString", "coordinates": [[-95.4119680347532, 29.7425798922386], [-95.4123255414857, 29.7425736367119]]}, "properties": {"centerlineid": 10133861, "roadclass": "MAJOR", "fullname": "WESTHEIMER RD", "fromleft": 2121, "toleft": 2127, "fromright": 2120, "toright": 2126, "onewaydir": " "}}, {"type": "Feature", "geometry": {"type": "LineString", "coordinates": [[-95.3819449860731, 29.7424551535839], [-95.3819420743925, 29.7421431803478]]}, "properties": {"centerlineid": 10135617, "roadclass": "MAJOR", "fullname": "BAGBY ST", "fromleft": 3401, "toleft": 3499, "fromright": 3400, "toright": 3498, "onewaydir": " "}}, {"type": "Feature", "geometry": {"type": "LineString", "coordinates": [[-95.4037546638486, 29.7431159223338], [-95.403746915336, 29.7427611119617]]}, "properties": {"centerlineid": 10133805, "roadclass": "LOCAL", "fullname": "ELMEN ST", "fromleft": 2523, "toleft": 2599, "fromright": 2522, "toright": 2598, "onewaydir": " "}}, {"type": "Feature", "geometry": {"type": "LineString", "coordinates": [[-95.4079660415465, 29.7507242752787], [-95.4079430198778, 29.7491373745742]]}, "properties": {"centerlineid": 10133929, "roadclass": "LOCAL", "fullname": "MCDUFFIE ST", "fromleft": 1701, "toleft": 1899, "fromright": 1700, "toright": 1898, "onewaydir": " "}}, {"type": "Feature", "geometry": {"type": "LineString", "coordinates": [[-95.3926364917882, 29.7446520288818], [-95.3926374303353, 29.7434212688039]]}, "properties": {"centerlineid": 10134024, "roadclass": "LOCAL", "fullname": "YOAKUM BLVD", "fromleft": 3201, "toleft": 3299, "fromright": 3200, "toright": 3298, "onewaydir": " "}}, {"type": "Feature", "geometry": {"type": "LineString", "coordinates": [[-95.3981699218807, 29.7448495711365], [-95.3977731480843, 29.7441782627349]]}, "properties": {"centerlineid": 10134063, "roadclass": "LOCAL", "fullname": "WINDSOR ST", "fromleft": 2601, "toleft": 2615, "fromright": 2600, "toright": 2614, "onewaydir": " "}}, {"type": "Feature", "geometry": {"type": "LineString", "coordinates": [[-95.3983376538401, 29.7430547395062], [-95.3981774682193, 29.7428012384841]]}, "properties": {"centerlineid": 10134068, "roadclass": "LOCAL", "fullname": "RIDGEWOOD ST", "fromleft": 2711, "toleft": 2799, "fromright": 2710, "toright": 2798, "onewaydir": " "}}, {"type": "Feature", "geometry": {"type": "LineString", "coordinates": [[-95.408050002815, 29.7368445994255], [-95.4099267122341, 29.7368272696376], [-95.4106819786908, 29.7368215508226]]}, "properties": {"centerlineid": 10132157, "roadclass": "LOCAL", "fullname": "BRANARD ST", "fromleft": 2001, "toleft": 2099, "fromright": 2000, "toright": 2098, "onewaydir": " "}}, {"type": "Feature", "geometry": {"type": "LineString", "coordinates": [[-95.4045252226577, 29.7377465401662], [-95.4062645572488, 29.737710502625]]}, "properties": {"centerlineid": 10132214, "roadclass": "LOCAL", "fullname": "SUL ROSS ST", "fromleft": 1801, "toleft": 1839, "fromright": 1800, "toright": 1838, "onewaydir": " "}}, {"type": "Feature", "geometry": {"type": "LineString", "coordinates": [[-95.3815530660514, 29.7452481461549], [-95.3808740239932, 29.7448267301493]]}, "properties": {"centerlineid": 10135717, "roadclass": "LOCAL", "fullname": "ROSALIE ST", "fromleft": 401, "toleft": 499, "fromright": 400, "toright": 498, "onewaydir": " "}}, {"type": "Feature", "geometry": {"type": "LineString", "coordinates": [[-95.3821709706298, 29.7507852138292], [-95.3821715726226, 29.7504074610871], [-95.3821661262437, 29.7502994862431], [-95.3821253348255, 29.7502246076894]]}, "properties": {"centerlineid": 10136171, "roadclass": "LOCAL", "fullname": "BAILEY ST", "fromleft": 2101, "toleft": 2199, "fromright": 2100, "toright": 2198, "onewaydir": " "}}, {"type": "Feature", "geometry": {"type": "LineString", "coordinates": [[-95.3765861996135, 29.742234695838], [-95.3770441403823, 29.7416567230373]]}, "properties": {"centerlineid": 10136262, "roadclass": "MAJOR", "fullname": "MAIN ST", "fromleft": 3101, "toleft": 3199, "fromright": 3100, "toright": 3198, "onewaydir": " "}}, {"type": "Feature", "geometry": {"type": "LineString", "coordinates": [[-95.3857416022142, 29.7529882182521], [-95.3857416043444, 29.7526601306465]]}, "properties": {"centerlineid": 10134125, "roadclass": "LOCAL", "fullname": "TAFT ST", "fromleft": 1639, "toleft": 1799, "fromright": 1638, "toright": 1798, "onewaydir": " "}}, {"type": "Feature", "geometry": {"type": "LineString", "coordinates": [[-95.392944962019, 29.7540362470822], [-95.3929208098078, 29.7533259352259]]}, "properties": {"centerlineid": 10134130, "roadclass": "LOCAL", "fullname": "MARCONI ST", "fromleft": 1501, "toleft": 1599, "fromright": 1500, "toright": 1598, "onewaydir": " "}}, {"type": "Feature", "geometry": {"type": "LineString", "coordinates": [[-95.3993522894708, 29.7412503426489], [-95.3993372668155, 29.7403997393299]]}, "properties": {"centerlineid": 10134240, "roadclass": "LOCAL", "fullname": "MANDELL ST", "fromleft": 3501, "toleft": 3599, "fromright": 3500, "toright": 3598, "onewaydir": " "}}, {"type": "Feature", "geometry": {"type": "LineString", "coordinates": [[-95.399360050421, 29.742000132171], [-95.4020531691124, 29.7419734506308]]}, "properties": {"centerlineid": 10134381, "roadclass": "LOCAL", "fullname": "HAWTHORNE ST", "fromleft": 1601, "toleft": 1699, "fromright": 1600, "toright": 1698, "onewaydir": " "}}, {"type": "Feature", "geometry": {"type": "LineString", "coordinates": [[-95.3869392934145, 29.737090539044], [-95.3879005969588, 29.7370752937314]]}, "properties": {"centerlineid": 10136660, "roadclass": "LOCAL", "fullname": "BRANARD ST", "fromleft": 601, "toleft": 799, "fromright": 600, "toright": 798, "onewaydir": " "}}, {"type": "Feature", "geometry": {"type": "LineString", "coordinates": [[-95.3841852540892, 29.7341512547085], [-95.3845742643709, 29.7336707122409], [-95.384597124317, 29.7336362549383], [-95.3846124153929, 29.7335942894167]]}, "properties": {"centerlineid": 10136727, "roadclass": "LOCAL", "fullname": "TRAVIS ST", "fromleft": 4501, "toleft": 4599, "fromright": 4500, "toright": 4598, "onewaydir": " "}}, {"type": "Feature", "geometry": {"type": "LineString", "coordinates": [[-95.3911736962376, 29.7378724824365], [-95.3911509176714, 29.7370275736342]]}, "properties": {"centerlineid": 10136743, "roadclass": "MAJOR", "fullname": "MONTROSE BLVD", "fromleft": 3901, "toleft": 3999, "fromright": 3900, "toright": 3998, "onewaydir": " "}}, {"type": "Feature", "geometry": {"type": "LineString", "coordinates": [[-95.3838646756626, 29.741586220271], [-95.3849024098687, 29.7415784553122], [-95.3854744048596, 29.7415727693223]]}, "properties": {"centerlineid": 10134480, "roadclass": "LOCAL", "fullname": "EMERSON ST", "fromleft": 201, "toleft": 399, "fromright": 200, "toright": 398, "onewaydir": " "}}, {"type": "Feature", "geometry": {"type": "LineString", "coordinates": [[-95.3921350127965, 29.7525286817576], [-95.3937066409852, 29.7524999133643]]}, "properties": {"centerlineid": 10134539, "roadclass": "LOCAL", "fullname": "PEDEN ST", "fromleft": 1101, "toleft": 1199, "fromright": 1100, "toright": 1198, "onewaydir": " "}}, {"type": "Feature", "geometry": {"type": "LineString", "coordinates": [[-95.3947747164576, 29.7404570100783], [-95.3957437778429, 29.7404417302849]]}, "properties": {"centerlineid": 10136775, "roadclass": "LOCAL", "fullname": "KIPLING ST", "fromleft": 1301, "toleft": 1399, "fromright": 1300, "toright": 1398, "onewaydir": " "}}, {"type": "Feature", "geometry": {"type": "LineString", "coordinates": [[-95.3869089509326, 29.7353644265494], [-95.3869089621945, 29.7344775195326]]}, "properties": {"centerlineid": 10136867, "roadclass": "LOCAL", "fullname": "JACK ST", "fromleft": 4201, "toleft": 4299, "fromright": 4200, "toright": 4298, "onewaydir": " "}}, {"type": "Feature", "geometry": {"type": "LineString", "coordinates": [[-95.3995202249924, 29.7335504883239], [-95.3995049417039, 29.7327570923032]]}, "properties": {"centerlineid": 10136882, "roadclass": "LOCAL", "fullname": "MANDELL ST", "fromleft": 4401, "toleft": 4499, "fromright": 4400, "toright": 4498, "onewaydir": " "}}, {"type": "Feature", "geometry": {"type": "LineString", "coordinates": [[-95.3925851975118, 29.7404818954543], [-95.392577436303, 29.7396310191948]]}, "properties": {"centerlineid": 10136898, "roadclass": "LOCAL", "fullname": "YOAKUM BLVD", "fromleft": 3601, "toleft": 3699, "fromright": 3600, "toright": 3698, "onewaydir": " "}}, {"type": "Feature", "geometry": {"type": "LineString", "coordinates": [[-95.3973457727281, 29.7435163642533], [-95.3975061620543, 29.7434440161438], [-95.3983376538401, 29.7430547395062]]}, "properties": {"centerlineid": 10134592, "roadclass": "LOCAL", "fullname": "CALIFORNIA ST", "fromleft": 1701, "toleft": 1799, "fromright": 1700, "toright": 1798, "onewaydir": " "}}, {"type": "Feature", "geometry": {"type": "LineString", "coordinates": [[-95.3911356330965, 29.7353167550656], [-95.3925240600694, 29.7353033082119]]}, "properties": {"centerlineid": 10136954, "roadclass": "LOCAL", "fullname": "COLQUITT ST", "fromleft": 1001, "toleft": 1099, "fromright": 1000, "toright": 1098, "onewaydir": " "}}, {"type": "Feature", "geometry": {"type": "LineString", "coordinates": [[-95.3834473448927, 29.7354042375058], [-95.3843381503879, 29.7353968922376]]}, "properties": {"centerlineid": 10136982, "roadclass": "LOCAL", "fullname": "COLQUITT ST", "fromleft": 301, "toleft": 399, "fromright": 300, "toright": 398, "onewaydir": " "}}, {"type": "Feature", "geometry": {"type": "LineString", "coordinates": [[-95.3844369070357, 29.7371229448465], [-95.3844369496347, 29.7362492968654]]}, "properties": {"centerlineid": 10137072, "roadclass": "LOCAL", "fullname": "BUTE ST", "fromleft": 4001, "toleft": 4099, "fromright": 4000, "toright": 4098, "onewaydir": " "}}, {"type": "Feature", "geometry": {"type": "LineString", "coordinates": [[-95.3780588484773, 29.7403711986467], [-95.3771812898657, 29.7398448455052]]}, "properties": {"centerlineid": 10137240, "roadclass": "LOCAL", "fullname": "FRANCIS ST", "fromleft": 1001, "toleft": 1099, "fromright": 1000, "toright": 1098, "onewaydir": " "}}, {"type": "Feature", "geometry": {"type": "LineString", "coordinates": [[-95.4063028840755, 29.7447142558134], [-95.407088727134, 29.7447199339306]]}, "properties": {"centerlineid": 10133653, "roadclass": "LOCAL", "fullname": "FAIRVIEW AVE", "fromleft": 1957, "toleft": 1961, "fromright": 1956, "toright": 1960, "onewaydir": " "}}, {"type": "Feature", "geometry": {"type": "LineString", "coordinates": [[-95.4126428765895, 29.7481493951167], [-95.4126805686053, 29.7481776575485], [-95.4127294507208, 29.7482109874011], [-95.4127816730708, 29.7482402059008], [-95.4128367830211, 29.7482650597965], [-95.4128943029079, 29.7482853336671], [-95.4129537341786, 29.7483008517887], [-95.4130145617127, 29.748311479658], [-95.4130762582869, 29.7483171251577], [-95.4131382891453, 29.7483177393554], [-95.4141458421057, 29.7482867580739]]}, "properties": {"centerlineid": 10133669, "roadclass": "LOCAL", "fullname": "WELCH ST", "fromleft": 2201, "toleft": 2229, "fromright": 2200, "toright": 2228, "onewaydir": " "}}, {"type": "Feature", "geometry": {"type": "LineString", "coordinates": [[-95.4030144648427, 29.7507909471177], [-95.4038689915453, 29.7507776944761]]}, "properties": {"centerlineid": 10133784, "roadclass": "LOCAL", "fullname": "HADDON ST", "fromleft": 1901, "toleft": 1919, "fromright": 1900, "toright": 1918, "onewaydir": " "}}, {"type": "Feature", "geometry": {"type": "LineString", "coordinates": [[-95.4079660415465, 29.7507242752787], [-95.4080803762954, 29.7507261308964], [-95.4088892154408, 29.7507204147387]]}, "properties": {"centerlineid": 10133789, "roadclass": "LOCAL", "fullname": "HADDON ST", "fromleft": 2021, "toleft": 2035, "fromright": 2020, "toright": 2034, "onewaydir": " "}}, {"type": "Feature", "geometry": {"type": "LineString", "coordinates": [[-95.4079279361534, 29.7481682955652], [-95.408042265672, 29.7481626159723], [-95.4088433538888, 29.7481493889657]]}, "properties": {"centerlineid": 10133837, "roadclass": "LOCAL", "fullname": "WELCH ST", "fromleft": 2001, "toleft": 2015, "fromright": 2000, "toright": 2014, "onewaydir": " "}}, {"type": "Feature", "geometry": {"type": "LineString", "coordinates": [[-95.4103387780111, 29.7550520484034], [-95.4105225946442, 29.7548859817722], [-95.4105474064861, 29.7548624420933], [-95.4105708719967, 29.7548378737511], [-95.4105929352405, 29.754812335311], [-95.4106135436248, 29.7547858876508], [-95.4106326480251, 29.7547585938156], [-95.4106502029023, 29.7547305188676], [-95.4106661664107, 29.754701729731], [-95.4106805004986, 29.7546722950322], [-95.4106931709984, 29.7546422849366], [-95.4107041477079, 29.754611770981], [-95.4107134044631, 29.7545808259034], [-95.4107209191995, 29.7545495234691], [-95.4107266740055, 29.7545179382957], [-95.4107306551647, 29.7544861456741], [-95.4107328531887, 29.7544542213902], [-95.4107332628397, 29.7544222415433], [-95.4107303351878, 29.7542293180137]]}, "properties": {"centerlineid": 10133884, "roadclass": "MAJOR", "fullname": "S SHEPHERD DR", "fromleft": 1301, "toleft": 1399, "fromright": 1300, "toright": 1398, "onewaydir": " "}}, {"type": "Feature", "geometry": {"type": "LineString", "coordinates": [[-95.404662574568, 29.746964945298], [-95.4046625460406, 29.7465966668879], [-95.4046548015726, 29.7464079709598], [-95.4046242361446, 29.744729550196]]}, "properties": {"centerlineid": 10133970, "roadclass": "LOCAL", "fullname": "WOODHEAD ST", "fromleft": 2101, "toleft": 2399, "fromright": 2100, "toright": 2398, "onewaydir": " "}}, {"type": "Feature", "geometry": {"type": "LineString", "coordinates": [[-95.4079888739456, 29.7523301965538], [-95.4083550693428, 29.75232833826]]}, "properties": {"centerlineid": 10133989, "roadclass": "LOCAL", "fullname": "PEDEN ST", "fromleft": 1983, "toleft": 1999, "fromright": 1982, "toright": 1998, "onewaydir": " "}}, {"type": "Feature", "geometry": {"type": "LineString", "coordinates": [[-95.410666930415, 29.7468980974875], [-95.4116663137145, 29.7468770941123]]}, "properties": {"centerlineid": 10133994, "roadclass": "LOCAL", "fullname": "AVALON PL", "fromleft": 2101, "toleft": 2117, "fromright": 2100, "toright": 2116, "onewaydir": " "}}, {"type": "Feature", "geometry": {"type": "LineString", "coordinates": [[-95.4070734551188, 29.735995799335], [-95.4080500233567, 29.7359900763225]]}, "properties": {"centerlineid": 10132239, "roadclass": "LOCAL", "fullname": "W MAIN ST", "fromleft": 1901, "toleft": 1999, "fromright": 1900, "toright": 1998, "onewaydir": " "}}, {"type": "Feature", "geometry": {"type": "LineString", "coordinates": [[-95.4107203319449, 29.7406936117623], [-95.4107887733334, 29.7406648837641], [-95.4108424049333, 29.7406630641607], [-95.4115211696387, 29.7406630590577]]}, "properties": {"centerlineid": 10132317, "roadclass": "LOCAL", "fullname": "HAROLD ST", "fromleft": 2101, "toleft": 2119, "fromright": 2100, "toright": 2118, "onewaydir": " "}}, {"type": "Feature", "geometry": {"type": "LineString", "coordinates": [[-95.3791575067684, 29.750157739963], [-95.3791040796106, 29.7501520635851], [-95.3790657824856, 29.7501271647563], [-95.3783105051072, 29.7496676241318]]}, "properties": {"centerlineid": 10135626, "roadclass": "LOCAL", "fullname": "MCILHENNY ST", "fromleft": 301, "toleft": 399, "fromright": 300, "toright": 398, "onewaydir": " "}}, {"type": "Feature", "geometry": {"type": "LineString", "coordinates": [[-95.3821786925751, 29.752687059003], [-95.382163401369, 29.7520479146119]]}, "properties": {"centerlineid": 10135708, "roadclass": "LOCAL", "fullname": "BAILEY ST", "fromleft": 1801, "toleft": 1899, "fromright": 1800, "toright": 1898, "onewaydir": " "}}, {"type": "Feature", "geometry": {"type": "LineString", "coordinates": [[-95.378890317154, 29.7409452813531], [-95.3789361339208, 29.7408919089001]]}, "properties": {"centerlineid": 10135738, "roadclass": "LOCAL", "fullname": "TRAVIS ST", "fromleft": 3331, "toleft": 3399, "fromright": 3330, "toright": 3398, "onewaydir": "FT"}}, {"type": "Feature", "geometry": {"type": "LineString", "coordinates": [[-95.3821253348255, 29.7502246076894], [-95.3817971933255, 29.7500509825567]]}, "properties": {"centerlineid": 10135833, "roadclass": "LOCAL", "fullname": "MCGOWEN ST", "fromleft": 1, "toleft": 99, "fromright": 2, "toright": 98, "onewaydir": " "}}, {"type": "Feature", "geometry": {"type": "LineString", "coordinates": [[-95.3787606751106, 29.7491049735768], [-95.3779062108973, 29.7485956750423]]}, "properties": {"centerlineid": 10135998, "roadclass": "LOCAL", "fullname": "BREMOND ST", "fromleft": 401, "toleft": 499, "fromright": 400, "toright": 498, "onewaydir": " "}}, {"type": "Feature", "geometry": {"type": "LineString", "coordinates": [[-95.3786614462231, 29.7530988978294], [-95.3786466322092, 29.7530897503442], [-95.3782646386033, 29.7528547461434]]}, "properties": {"centerlineid": 10136059, "roadclass": "MAJOR", "fullname": "GRAY ST", "fromleft": 101, "toleft": 199, "fromright": 100, "toright": 198, "onewaydir": "FT"}}, {"type": "Feature", "geometry": {"type": "LineString", "coordinates": [[-95.3800270439573, 29.7443174598453], [-95.3804925220261, 29.7437070708034]]}, "properties": {"centerlineid": 10136283, "roadclass": "LOCAL", "fullname": "SMITH ST", "fromleft": 3101, "toleft": 3199, "fromright": 3100, "toright": 3198, "onewaydir": "FT"}}, {"type": "Feature", "geometry": {"type": "LineString", "coordinates": [[-95.3904824183599, 29.7501402543809], [-95.390456577443, 29.7495206868635], [-95.3904640922423, 29.7494559045919]]}, "properties": {"centerlineid": 10134139, "roadclass": "LOCAL", "fullname": "CONVERSE ST", "fromleft": 2101, "toleft": 2199, "fromright": 2100, "toright": 2198, "onewaydir": " "}}, {"type": "Feature", "geometry": {"type": "LineString", "coordinates": [[-95.3830652310328, 29.7520367180753], [-95.3830632416325, 29.7519402263846], [-95.383061552386, 29.7514152799267]]}, "properties": {"centerlineid": 10134268, "roadclass": "LOCAL", "fullname": "GILLETTE ST", "fromleft": 1901, "toleft": 1999, "fromright": 1900, "toright": 1998, "onewaydir": " "}}, {"type": "Feature", "geometry": {"type": "LineString", "coordinates": [[-95.391179148296, 29.7481138951691], [-95.3909905086631, 29.7473959653465]]}, "properties": {"centerlineid": 10134369, "roadclass": "LOCAL", "fullname": "GRANT ST", "fromleft": 2401, "toleft": 2499, "fromright": 2400, "toright": 2498, "onewaydir": " "}}, {"type": "Feature", "geometry": {"type": "LineString", "coordinates": [[-95.3851922024479, 29.7534632730088], [-95.385718596507, 29.7534555166812]]}, "properties": {"centerlineid": 10134408, "roadclass": "MAJOR", "fullname": "W GRAY ST", "fromleft": 279, "toleft": 299, "fromright": 278, "toright": 298, "onewaydir": " "}}, {"type": "Feature", "geometry": {"type": "LineString", "coordinates": [[-95.3830635816184, 29.7526735961325], [-95.383910561546, 29.7526678491399], [-95.3839639141324, 29.7526831510067], [-95.3840098051849, 29.7527059740082]]}, "properties": {"centerlineid": 10134450, "roadclass": "LOCAL", "fullname": "ONEIL ST", "fromleft": 1601, "toleft": 1699, "fromright": 1600, "toright": 1698, "onewaydir": " "}}, {"type": "Feature", "geometry": {"type": "LineString", "coordinates": [[-95.3963235478143, 29.7440067028239], [-95.3973457727281, 29.7435163642533]]}, "properties": {"centerlineid": 10134499, "roadclass": "LOCAL", "fullname": "CALIFORNIA ST", "fromleft": 1601, "toleft": 1699, "fromright": 1600, "toright": 1698, "onewaydir": " "}}, {"type": "Feature", "geometry": {"type": "LineString", "coordinates": [[-95.3947518843451, 29.7387423181032], [-95.3957207303172, 29.7387251724354]]}, "properties": {"centerlineid": 10136785, "roadclass": "MAJOR", "fullname": "W ALABAMA ST", "fromleft": 1301, "toleft": 1399, "fromright": 1300, "toright": 1398, "onewaydir": " "}}, {"type": "Feature", "geometry": {"type": "LineString", "coordinates": [[-95.4015343456073, 29.7386640350759], [-95.4019922527529, 29.7386583321648]]}, "properties": {"centerlineid": 10136788, "roadclass": "MAJOR", "fullname": "W ALABAMA ST", "fromleft": 1651, "toleft": 1699, "fromright": 1650, "toright": 1698, "onewaydir": " "}}, {"type": "Feature", "geometry": {"type": "LineString", "coordinates": [[-95.3946679497301, 29.7335828888931], [-95.3946603931549, 29.732665405052]]}, "properties": {"centerlineid": 10136876, "roadclass": "LOCAL", "fullname": "GRAUSTARK ST", "fromleft": 4401, "toleft": 4499, "fromright": 4400, "toright": 4498, "onewaydir": " "}}, {"type": "Feature", "geometry": {"type": "LineString", "coordinates": [[-95.3865427462693, 29.7509036548744], [-95.3865883572069, 29.7508997689675], [-95.3873207765566, 29.7508920259936]]}, "properties": {"centerlineid": 10134645, "roadclass": "LOCAL", "fullname": "WILLARD ST", "fromleft": 401, "toleft": 499, "fromright": 400, "toright": 498, "onewaydir": " "}}, {"type": "Feature", "geometry": {"type": "LineString", "coordinates": [[-95.3808434254717, 29.7384732647424], [-95.3799889207452, 29.737958297945]]}, "properties": {"centerlineid": 10137272, "roadclass": "MAJOR", "fullname": "ALABAMA ST", "fromleft": 901, "toleft": 999, "fromright": 900, "toright": 998, "onewaydir": " "}}, {"type": "Feature", "geometry": {"type": "LineString", "coordinates": [[-95.3771812898657, 29.7398448455052], [-95.3763192434396, 29.7393202554189]]}, "properties": {"centerlineid": 10137460, "roadclass": "LOCAL", "fullname": "FRANCIS ST", "fromleft": 1101, "toleft": 1199, "fromright": 1100, "toright": 1198, "onewaydir": " "}}, {"type": "Feature", "geometry": {"type": "LineString", "coordinates": [[-95.3829798483439, 29.7341322955398], [-95.3821252939816, 29.7336058980405]]}, "properties": {"centerlineid": 10137655, "roadclass": "MAJOR", "fullname": "WHEELER ST", "fromleft": 1001, "toleft": 1099, "fromright": 1000, "toright": 1098, "onewaydir": " "}}, {"type": "Feature", "geometry": {"type": "LineString", "coordinates": [[-95.4123255414857, 29.7425736367119], [-95.4122994685492, 29.7406610164532]]}, "properties": {"centerlineid": 10133920, "roadclass": "LOCAL", "fullname": "PERSA ST", "fromleft": 2601, "toleft": 2699, "fromright": 2600, "toright": 2698, "onewaydir": " "}}, {"type": "Feature", "geometry": {"type": "LineString", "coordinates": [[-95.4047768625567, 29.7545179035758], [-95.4047615714119, 29.7531198829288]]}, "properties": {"centerlineid": 10133708, "roadclass": "LOCAL", "fullname": "WOODHEAD ST", "fromleft": 1313, "toleft": 1449, "fromright": 1312, "toright": 1448, "onewaydir": " "}}, {"type": "Feature", "geometry": {"type": "LineString", "coordinates": [[-95.4013360200804, 29.7482390585249], [-95.4020226067431, 29.7482408911073], [-95.402144686001, 29.7482256101696]]}, "properties": {"centerlineid": 10133733, "roadclass": "LOCAL", "fullname": "WELCH ST", "fromleft": 1801, "toleft": 1899, "fromright": 1800, "toright": 1898, "onewaydir": " "}}, {"type": "Feature", "geometry": {"type": "LineString", "coordinates": [[-95.4079048837217, 29.7469304576322], [-95.4088280751726, 29.7469190625895]]}, "properties": {"centerlineid": 10133746, "roadclass": "LOCAL", "fullname": "INDIANA ST", "fromleft": 2001, "toleft": 2019, "fromright": 2000, "toright": 2018, "onewaydir": " "}}, {"type": "Feature", "geometry": {"type": "LineString", "coordinates": [[-95.4037546827412, 29.7437566066064], [-95.4037546638486, 29.7431159223338]]}, "properties": {"centerlineid": 10133804, "roadclass": "LOCAL", "fullname": "ELMEN ST", "fromleft": 2501, "toleft": 2521, "fromright": 2500, "toright": 2520, "onewaydir": " "}}, {"type": "Feature", "geometry": {"type": "LineString", "coordinates": [[-95.4029382536635, 29.7457480987155], [-95.4029229625997, 29.7447484497083]]}, "properties": {"centerlineid": 10133936, "roadclass": "LOCAL", "fullname": "PARK ST", "fromleft": 2301, "toleft": 2399, "fromright": 2300, "toright": 2398, "onewaydir": " "}}, {"type": "Feature", "geometry": {"type": "LineString", "coordinates": [[-95.4054483738347, 29.7427343928039], [-95.4062645604396, 29.7427362403209]]}, "properties": {"centerlineid": 10133974, "roadclass": "MAJOR", "fullname": "WESTHEIMER RD", "fromleft": 1823, "toleft": 1829, "fromright": 1822, "toright": 1828, "onewaydir": " "}}, {"type": "Feature", "geometry": {"type": "LineString", "coordinates": [[-95.3995813972464, 29.7433255944788], [-95.3993522929967, 29.7429479496948], [-95.3992989258482, 29.7428621781391], [-95.3993141877008, 29.7428012324455]]}, "properties": {"centerlineid": 10134027, "roadclass": "LOCAL", "fullname": "MANDELL ST", "fromleft": 2701, "toleft": 2999, "fromright": 2700, "toright": 2998, "onewaydir": " "}}, {"type": "Feature", "geometry": {"type": "LineString", "coordinates": [[-95.3963235478143, 29.7440067028239], [-95.3959192626339, 29.7433523058568]]}, "properties": {"centerlineid": 10134066, "roadclass": "LOCAL", "fullname": "YUPON ST", "fromleft": 2701, "toleft": 2799, "fromright": 2700, "toright": 2798, "onewaydir": " "}}, {"type": "Feature", "geometry": {"type": "LineString", "coordinates": [[-95.4094155935821, 29.7407203321939], [-95.4094156088871, 29.7400125241861]]}, "properties": {"centerlineid": 10132112, "roadclass": "LOCAL", "fullname": "HULDY ST", "fromleft": 2801, "toleft": 2899, "fromright": 2800, "toright": 2898, "onewaydir": " "}}, {"type": "Feature", "geometry": {"type": "LineString", "coordinates": [[-95.4106972839765, 29.7385592910568], [-95.4129251189245, 29.7385496972833]]}, "properties": {"centerlineid": 10132319, "roadclass": "MAJOR", "fullname": "W ALABAMA ST", "fromleft": 2101, "toleft": 2199, "fromright": 2100, "toright": 2198, "onewaydir": " "}}, {"type": "Feature", "geometry": {"type": "LineString", "coordinates": [[-95.3813198701606, 29.753901948526], [-95.3813077096004, 29.7532725395735]]}, "properties": {"centerlineid": 10135706, "roadclass": "LOCAL", "fullname": "WILSON ST", "fromleft": 1601, "toleft": 1699, "fromright": 1600, "toright": 1698, "onewaydir": "FT"}}, {"type": "Feature", "geometry": {"type": "LineString", "coordinates": [[-95.3768456364739, 29.7531217235046], [-95.3767847244451, 29.7530760700462], [-95.3759911482664, 29.7526048758385]]}, "properties": {"centerlineid": 10135807, "roadclass": "LOCAL", "fullname": "PIERCE ST", "fromleft": 301, "toleft": 399, "fromright": 300, "toright": 398, "onewaydir": "FT"}}, {"type": "Feature", "geometry": {"type": "LineString", "coordinates": [[-95.3798134722634, 29.7414068925621], [-95.3793464001478, 29.7411326093333], [-95.3789361339208, 29.7408919089001]]}, "properties": {"centerlineid": 10135848, "roadclass": "LOCAL", "fullname": "FRANCIS ST", "fromleft": 801, "toleft": 899, "fromright": 800, "toright": 898, "onewaydir": " "}}, {"type": "Feature", "geometry": {"type": "LineString", "coordinates": [[-95.3815530660514, 29.7452481461549], [-95.3816064565771, 29.7450879878188], [-95.3816751439796, 29.7448075726795], [-95.3817057022785, 29.7444509569889]]}, "properties": {"centerlineid": 10136011, "roadclass": "MAJOR", "fullname": "BAGBY ST", "fromleft": 3101, "toleft": 3199, "fromright": 3100, "toright": 3198, "onewaydir": "FT"}}, {"type": "Feature", "geometry": {"type": "LineString", "coordinates": [[-95.3770441403823, 29.7416567230373], [-95.3776239546686, 29.7409338879522]]}, "properties": {"centerlineid": 10136362, "roadclass": "MAJOR", "fullname": "MAIN ST", "fromleft": 3201, "toleft": 3299, "fromright": 3200, "toright": 3298, "onewaydir": " "}}, {"type": "Feature", "geometry": {"type": "LineString", "coordinates": [[-95.3918471198391, 29.7446620684783], [-95.3926364917882, 29.7446520288818]]}, "properties": {"centerlineid": 10134118, "roadclass": "MAJOR", "fullname": "WESTHEIMER RD", "fromleft": 1001, "toleft": 1099, "fromright": 1000, "toright": 1098, "onewaydir": " "}}, {"type": "Feature", "geometry": {"type": "LineString", "coordinates": [[-95.3948053227977, 29.7434134160864], [-95.3947900205295, 29.7423243548237]]}, "properties": {"centerlineid": 10134227, "roadclass": "LOCAL", "fullname": "GRAUSTARK ST", "fromleft": 3301, "toleft": 3399, "fromright": 3300, "toright": 3398, "onewaydir": " "}}, {"type": "Feature", "geometry": {"type": "LineString", "coordinates": [[-95.3838646756626, 29.741586220271], [-95.3838571437149, 29.7406783179964]]}, "properties": {"centerlineid": 10134242, "roadclass": "LOCAL", "fullname": "FLORA ST", "fromleft": 3501, "toleft": 3599, "fromright": 3500, "toright": 3598, "onewaydir": " "}}, {"type": "Feature", "geometry": {"type": "LineString", "coordinates": [[-95.3937349934831, 29.753305626032], [-95.3937141664632, 29.7529234242213]]}, "properties": {"centerlineid": 10134262, "roadclass": "LOCAL", "fullname": "VAN BUREN ST", "fromleft": 1601, "toleft": 1615, "fromright": 1600, "toright": 1614, "onewaydir": " "}}, {"type": "Feature", "geometry": {"type": "LineString", "coordinates": [[-95.3871856967501, 29.7519774175311], [-95.3871669271007, 29.7515687471721]]}, "properties": {"centerlineid": 10134342, "roadclass": "LOCAL", "fullname": "BUELL CT", "fromleft": 1, "toleft": 99, "fromright": 2, "toright": 98, "onewaydir": " "}}, {"type": "Feature", "geometry": {"type": "LineString", "coordinates": [[-95.3856804774842, 29.7475389983952], [-95.3856804915977, 29.7468675172612]]}, "properties": {"centerlineid": 10134364, "roadclass": "LOCAL", "fullname": "TAFT ST", "fromleft": 2501, "toleft": 2599, "fromright": 2500, "toright": 2598, "onewaydir": " "}}, {"type": "Feature", "geometry": {"type": "LineString", "coordinates": [[-95.3888759735379, 29.7474570902869], [-95.388862090842, 29.7467340276757]]}, "properties": {"centerlineid": 10134367, "roadclass": "LOCAL", "fullname": "STANFORD ST", "fromleft": 2501, "toleft": 2599, "fromright": 2500, "toright": 2598, "onewaydir": " "}}, {"type": "Feature", "geometry": {"type": "LineString", "coordinates": [[-95.3865349560714, 29.7424197632902], [-95.3865274458899, 29.7413991511095]]}, "properties": {"centerlineid": 10134398, "roadclass": "LOCAL", "fullname": "AUDUBON PL", "fromleft": 3401, "toleft": 3499, "fromright": 3400, "toright": 3498, "onewaydir": " "}}, {"type": "Feature", "geometry": {"type": "LineString", "coordinates": [[-95.3904865416034, 29.7514985075699], [-95.3911749206189, 29.75148601956]]}, "properties": {"centerlineid": 10134542, "roadclass": "LOCAL", "fullname": "BOMAR ST", "fromleft": 901, "toleft": 999, "fromright": 900, "toright": 998, "onewaydir": " "}}, {"type": "Feature", "geometry": {"type": "LineString", "coordinates": [[-95.3937447687032, 29.7387594026349], [-95.3947518843451, 29.7387423181032]]}, "properties": {"centerlineid": 10136784, "roadclass": "MAJOR", "fullname": "W ALABAMA ST", "fromleft": 1201, "toleft": 1299, "fromright": 1200, "toright": 1298, "onewaydir": " "}}, {"type": "Feature", "geometry": {"type": "LineString", "coordinates": [[-95.3881066114315, 29.7501826104874], [-95.3889095786794, 29.750174402505]]}, "properties": {"centerlineid": 10134599, "roadclass": "LOCAL", "fullname": "WELCH ST", "fromleft": 601, "toleft": 699, "fromright": 600, "toright": 698, "onewaydir": " "}}, {"type": "Feature", "geometry": {"type": "LineString", "coordinates": [[-95.389800359751, 29.7525725058511], [-95.3921350127965, 29.7525286817576]]}, "properties": {"centerlineid": 10134602, "roadclass": "LOCAL", "fullname": "PEDEN ST", "fromleft": 801, "toleft": 1099, "fromright": 800, "toright": 1098, "onewaydir": " "}}, {"type": "Feature", "geometry": {"type": "LineString", "coordinates": [[-95.3840077101006, 29.750796327885], [-95.3839945066236, 29.7503160958146]]}, "properties": {"centerlineid": 10134654, "roadclass": "LOCAL", "fullname": "GENESEE ST", "fromleft": 2041, "toleft": 2099, "fromright": 2040, "toright": 2098, "onewaydir": " "}}, {"type": "Feature", "geometry": {"type": "LineString", "coordinates": [[-95.3824228299996, 29.7476649651185], [-95.3829645481702, 29.7469895959652], [-95.3830407345523, 29.7468674974478]]}, "properties": {"centerlineid": 10134659, "roadclass": "LOCAL", "fullname": "HELENA ST", "fromleft": 2901, "toleft": 2925, "fromright": 2900, "toright": 2924, "onewaydir": " "}}, {"type": "Feature", "geometry": {"type": "LineString", "coordinates": [[-95.3978952266952, 29.7352519555231], [-95.3992685781971, 29.7352366365553]]}, "properties": {"centerlineid": 10136957, "roadclass": "LOCAL", "fullname": "COLQUITT ST", "fromleft": 1501, "toleft": 1599, "fromright": 1500, "toright": 1598, "onewaydir": " "}}, {"type": "Feature", "geometry": {"type": "LineString", "coordinates": [[-95.3902964174081, 29.7345060423319], [-95.3902963935742, 29.7343801191537], [-95.390281085582, 29.7333846017414]]}, "properties": {"centerlineid": 10136992, "roadclass": "LOCAL", "fullname": "KYLE ST", "fromleft": 4301, "toleft": 4399, "fromright": 4300, "toright": 4398, "onewaydir": " "}}, {"type": "Feature", "geometry": {"type": "LineString", "coordinates": [[-95.3823770010914, 29.7389045040388], [-95.3834681045323, 29.7388986107056]]}, "properties": {"centerlineid": 10137093, "roadclass": "MAJOR", "fullname": "W ALABAMA ST", "fromleft": 177, "toleft": 299, "fromright": 176, "toright": 298, "onewaydir": " "}}, {"type": "Feature", "geometry": {"type": "LineString", "coordinates": [[-95.3797144741616, 29.7366481515915], [-95.3788368898374, 29.7361577674929]]}, "properties": {"centerlineid": 10137478, "roadclass": "LOCAL", "fullname": "TRUXILLO ST", "fromleft": 1101, "toleft": 1199, "fromright": 1100, "toright": 1198, "onewaydir": " "}}, {"type": "Feature", "geometry": {"type": "LineString", "coordinates": [[-95.3803704239839, 29.7342676084616], [-95.3800957230357, 29.7341035598428], [-95.3794931206511, 29.7337412302477]]}, "properties": {"centerlineid": 10137649, "roadclass": "LOCAL", "fullname": "EAGLE ST", "fromleft": 1201, "toleft": 1299, "fromright": 1200, "toright": 1298, "onewaydir": " "}}, {"type": "Feature", "geometry": {"type": "LineString", "coordinates": [[-95.405478723185, 29.7447295458108], [-95.4054634725854, 29.7437280830291]]}, "properties": {"centerlineid": 10133630, "roadclass": "LOCAL", "fullname": "MORSE ST", "fromleft": 2401, "toleft": 2499, "fromright": 2400, "toright": 2498, "onewaydir": " "}}, {"type": "Feature", "geometry": {"type": "LineString", "coordinates": [[-95.407088727134, 29.7447199339306], [-95.40708098466, 29.7440694149593], [-95.4070581291696, 29.7427476168699]]}, "properties": {"centerlineid": 10133648, "roadclass": "LOCAL", "fullname": "HAZARD ST", "fromleft": 2401, "toleft": 2599, "fromright": 2400, "toright": 2598, "onewaydir": " "}}, {"type": "Feature", "geometry": {"type": "LineString", "coordinates": [[-95.405478723185, 29.7447295458108], [-95.4061958944959, 29.7447295265752], [-95.4063028840755, 29.7447142558134]]}, "properties": {"centerlineid": 10133652, "roadclass": "LOCAL", "fullname": "FAIRVIEW AVE", "fromleft": 1935, "toleft": 1955, "fromright": 1934, "toright": 1954, "onewaydir": " "}}, {"type": "Feature", "geometry": {"type": "LineString", "coordinates": [[-95.4029229625997, 29.7447484497083], [-95.4037850082221, 29.744742749829]]}, "properties": {"centerlineid": 10133748, "roadclass": "LOCAL", "fullname": "FAIRVIEW AVE", "fromleft": 1919, "toleft": 1923, "fromright": 1918, "toright": 1922, "onewaydir": " "}}, {"type": "Feature", "geometry": {"type": "LineString", "coordinates": [[-95.4046091548761, 29.7430988055898], [-95.4046091745523, 29.7427457857817]]}, "properties": {"centerlineid": 10133803, "roadclass": "LOCAL", "fullname": "WOODHEAD ST", "fromleft": 2523, "toleft": 2599, "fromright": 2522, "toright": 2598, "onewaydir": " "}}, {"type": "Feature", "geometry": {"type": "LineString", "coordinates": [[-95.4055170442616, 29.7469553576671], [-95.4055093059067, 29.7466197122865], [-95.4055092979163, 29.74639452184], [-95.405478723185, 29.7447295458108]]}, "properties": {"centerlineid": 10133872, "roadclass": "LOCAL", "fullname": "MORSE ST", "fromleft": 2101, "toleft": 2399, "fromright": 2100, "toright": 2398, "onewaydir": " "}}, {"type": "Feature", "geometry": {"type": "LineString", "coordinates": [[-95.4038461594846, 29.7491811681771], [-95.4038383967575, 29.7491049501126], [-95.4038308917273, 29.7482123603123]]}, "properties": {"centerlineid": 10133947, "roadclass": "LOCAL", "fullname": "ELMEN ST", "fromleft": 1901, "toleft": 1999, "fromright": 1900, "toright": 1998, "onewaydir": " "}}, {"type": "Feature", "geometry": {"type": "LineString", "coordinates": [[-95.3856882521949, 29.7541765553526], [-95.3856804811435, 29.7535472445419], [-95.385718596507, 29.7534555166812]]}, "properties": {"centerlineid": 10134094, "roadclass": "LOCAL", "fullname": "TAFT ST", "fromleft": 1501, "toleft": 1599, "fromright": 1500, "toright": 1598, "onewaydir": " "}}, {"type": "Feature", "geometry": {"type": "LineString", "coordinates": [[-95.4020303565443, 29.7403787320023], [-95.4020415571646, 29.7403785216651], [-95.4045632933034, 29.7403388143957]]}, "properties": {"centerlineid": 10132173, "roadclass": "LOCAL", "fullname": "KIPLING ST", "fromleft": 1701, "toleft": 1799, "fromright": 1700, "toright": 1798, "onewaydir": " "}}, {"type": "Feature", "geometry": {"type": "LineString", "coordinates": [[-95.4129251189245, 29.7385496972833], [-95.4129251155259, 29.7376340494718]]}, "properties": {"centerlineid": 10132183, "roadclass": "LOCAL", "fullname": "GREENBRIAR DR", "fromleft": 3101, "toleft": 3199, "fromright": 3100, "toright": 3198, "onewaydir": " "}}, {"type": "Feature", "geometry": {"type": "LineString", "coordinates": [[-95.3802561138718, 29.7408117970858], [-95.3794166883087, 29.7403025381859]]}, "properties": {"centerlineid": 10135764, "roadclass": "LOCAL", "fullname": "HOLMAN ST", "fromleft": 801, "toleft": 899, "fromright": 800, "toright": 898, "onewaydir": " "}}, {"type": "Feature", "geometry": {"type": "LineString", "coordinates": [[-95.3815071964287, 29.7488169933713], [-95.3806526862433, 29.7483056645121]]}, "properties": {"centerlineid": 10136000, "roadclass": "LOCAL", "fullname": "DENNIS ST", "fromleft": 201, "toleft": 299, "fromright": 200, "toright": 298, "onewaydir": " "}}, {"type": "Feature", "geometry": {"type": "LineString", "coordinates": [[-95.3795312245814, 29.7527002555373], [-95.3795814428871, 29.7526445521566], [-95.379644103342, 29.7526145822145]]}, "properties": {"centerlineid": 10136151, "roadclass": "LOCAL", "fullname": "ONEIL ST", "fromleft": 1201, "toleft": 1249, "fromright": 1200, "toright": 1248, "onewaydir": " "}}, {"type": "Feature", "geometry": {"type": "LineString", "coordinates": [[-95.3830179157565, 29.7446587842801], [-95.3847878848806, 29.7446074743689]]}, "properties": {"centerlineid": 10134107, "roadclass": "MAJOR", "fullname": "WESTHEIMER RD", "fromleft": 201, "toleft": 299, "fromright": 200, "toright": 298, "onewaydir": " "}}, {"type": "Feature", "geometry": {"type": "LineString", "coordinates": [[-95.3859627296857, 29.7454505777045], [-95.3859551908455, 29.7445768674762]]}, "properties": {"centerlineid": 10134110, "roadclass": "LOCAL", "fullname": "TAFT ST", "fromleft": 2801, "toleft": 2899, "fromright": 2800, "toright": 2898, "onewaydir": " "}}, {"type": "Feature", "geometry": {"type": "LineString", "coordinates": [[-95.3912640554354, 29.7446654698238], [-95.3912499183801, 29.7434590606979]]}, "properties": {"centerlineid": 10134111, "roadclass": "MAJOR", "fullname": "MONTROSE BLVD", "fromleft": 3201, "toleft": 3299, "fromright": 3200, "toright": 3298, "onewaydir": " "}}, {"type": "Feature", "geometry": {"type": "LineString", "coordinates": [[-95.3981774682193, 29.7428012384841], [-95.3988640513579, 29.7427991817468]]}, "properties": {"centerlineid": 10134155, "roadclass": "MAJOR", "fullname": "WESTHEIMER RD", "fromleft": 1511, "toleft": 1525, "fromright": 1510, "toright": 1524, "onewaydir": " "}}, {"type": "Feature", "geometry": {"type": "LineString", "coordinates": [[-95.3872751437492, 29.7467703239857], [-95.3872751847962, 29.7466788248005], [-95.3872673856258, 29.74633154615]]}, "properties": {"centerlineid": 10134255, "roadclass": "LOCAL", "fullname": "WHITNEY ST", "fromleft": 2601, "toleft": 2605, "fromright": 2600, "toright": 2604, "onewaydir": " "}}, {"type": "Feature", "geometry": {"type": "LineString", "coordinates": [[-95.3986602011863, 29.7478768527183], [-95.3982900131043, 29.7472687647966]]}, "properties": {"centerlineid": 10134333, "roadclass": "LOCAL", "fullname": "YUPON ST", "fromleft": 2151, "toleft": 2299, "fromright": 2150, "toright": 2298, "onewaydir": " "}}, {"type": "Feature", "geometry": {"type": "LineString", "coordinates": [[-95.3880752552682, 29.7474790406833], [-95.3880685350183, 29.7467454300256]]}, "properties": {"centerlineid": 10134336, "roadclass": "LOCAL", "fullname": "HOPKINS ST", "fromleft": 2501, "toleft": 2599, "fromright": 2500, "toright": 2598, "onewaydir": " "}}, {"type": "Feature", "geometry": {"type": "LineString", "coordinates": [[-95.3888804767481, 29.7481433217471], [-95.3888759735379, 29.7474570902869]]}, "properties": {"centerlineid": 10134368, "roadclass": "LOCAL", "fullname": "STANFORD ST", "fromleft": 2401, "toleft": 2499, "fromright": 2400, "toright": 2498, "onewaydir": " "}}, {"type": "Feature", "geometry": {"type": "LineString", "coordinates": [[-95.3821862578336, 29.753262964192], [-95.3830635529999, 29.7532533424595]]}, "properties": {"centerlineid": 10134409, "roadclass": "MAJOR", "fullname": "W GRAY ST", "fromleft": 201, "toleft": 223, "fromright": 200, "toright": 222, "onewaydir": " "}}, {"type": "Feature", "geometry": {"type": "LineString", "coordinates": [[-95.3821786925751, 29.752687059003], [-95.3829948885861, 29.7526849977763], [-95.3830635816184, 29.7526735961325]]}, "properties": {"centerlineid": 10134449, "roadclass": "LOCAL", "fullname": "ONEIL ST", "fromleft": 1501, "toleft": 1599, "fromright": 1500, "toright": 1598, "onewaydir": " "}}, {"type": "Feature", "geometry": {"type": "LineString", "coordinates": [[-95.3913640859513, 29.7497934583836], [-95.391377547508, 29.7497842682297], [-95.3913997600653, 29.7497753148986], [-95.3914284328037, 29.7497693982164], [-95.3914624401729, 29.7497674481014], [-95.3920727357644, 29.7497533142415]]}, "properties": {"centerlineid": 10134511, "roadclass": "LOCAL", "fullname": "W DREW ST", "fromleft": 1001, "toleft": 1099, "fromright": 1000, "toright": 1098, "onewaydir": " "}}, {"type": "Feature", "geometry": {"type": "LineString", "coordinates": [[-95.3881116563962, 29.7495006502451], [-95.3888932576757, 29.7494833857286]]}, "properties": {"centerlineid": 10134516, "roadclass": "LOCAL", "fullname": "W DREW ST", "fromleft": 601, "toleft": 699, "fromright": 600, "toright": 698, "onewaydir": " "}}, {"type": "Feature", "geometry": {"type": "LineString", "coordinates": [[-95.3904794040865, 29.7508176030901], [-95.3910516218602, 29.7508100846457], [-95.3910822081902, 29.7508119319372], [-95.3911203401298, 29.7508235656538]]}, "properties": {"centerlineid": 10134544, "roadclass": "LOCAL", "fullname": "WILLARD ST", "fromleft": 901, "toleft": 999, "fromright": 900, "toright": 998, "onewaydir": " "}}, {"type": "Feature", "geometry": {"type": "LineString", "coordinates": [[-95.3911736962376, 29.7378724824365], [-95.3925621496928, 29.7378668026513]]}, "properties": {"centerlineid": 10136790, "roadclass": "LOCAL", "fullname": "SUL ROSS ST", "fromleft": 1001, "toleft": 1099, "fromright": 1000, "toright": 1098, "onewaydir": " "}}, {"type": "Feature", "geometry": {"type": "LineString", "coordinates": [[-95.3869317812861, 29.736218920919], [-95.3878855179824, 29.7362093799878]]}, "properties": {"centerlineid": 10136794, "roadclass": "LOCAL", "fullname": "W MAIN ST", "fromleft": 601, "toleft": 699, "fromright": 600, "toright": 698, "onewaydir": " "}}, {"type": "Feature", "geometry": {"type": "LineString", "coordinates": [[-95.3967507083572, 29.7344487975916], [-95.3970026167645, 29.7344469670721]]}, "properties": {"centerlineid": 10136802, "roadclass": "MAJOR", "fullname": "RICHMOND AVE", "fromleft": 1405, "toleft": 1407, "fromright": 1404, "toright": 1406, "onewaydir": " "}}, {"type": "Feature", "geometry": {"type": "LineString", "coordinates": [[-95.3888468285976, 29.7353473216007], [-95.3888543261626, 29.7345195097972]]}, "properties": {"centerlineid": 10136869, "roadclass": "LOCAL", "fullname": "STANFORD ST", "fromleft": 4201, "toleft": 4299, "fromright": 4200, "toright": 4298, "onewaydir": " "}}, {"type": "Feature", "geometry": {"type": "LineString", "coordinates": [[-95.3957437778429, 29.7404417302849], [-95.3957359900993, 29.7395833200988]]}, "properties": {"centerlineid": 10136902, "roadclass": "LOCAL", "fullname": "YUPON ST", "fromleft": 3601, "toleft": 3699, "fromright": 3600, "toright": 3698, "onewaydir": " "}}, {"type": "Feature", "geometry": {"type": "LineString", "coordinates": [[-95.3872979986343, 29.7488646930165], [-95.3881069873972, 29.7488323949006]]}, "properties": {"centerlineid": 10134607, "roadclass": "LOCAL", "fullname": "FARGO ST", "fromleft": 501, "toleft": 599, "fromright": 500, "toright": 598, "onewaydir": " "}}, {"type": "Feature", "geometry": {"type": "LineString", "coordinates": [[-95.3974983979845, 29.7387213072502], [-95.397506169962, 29.7386355054945], [-95.397498436772, 29.737803843619]]}, "properties": {"centerlineid": 10136913, "roadclass": "LOCAL", "fullname": "MULBERRY ST", "fromleft": 3801, "toleft": 3899, "fromright": 3800, "toright": 3898, "onewaydir": " "}}, {"type": "Feature", "geometry": {"type": "LineString", "coordinates": [[-95.3925621496928, 29.7378668026513], [-95.3925470560959, 29.7370122856731]]}, "properties": {"centerlineid": 10136935, "roadclass": "LOCAL", "fullname": "YOAKUM BLVD", "fromleft": 3901, "toleft": 3999, "fromright": 3900, "toright": 3998, "onewaydir": " "}}, {"type": "Feature", "geometry": {"type": "LineString", "coordinates": [[-95.3911356055021, 29.734481158268], [-95.3911125893967, 29.7333596960513]]}, "properties": {"centerlineid": 10136991, "roadclass": "MAJOR", "fullname": "MONTROSE BLVD", "fromleft": 4301, "toleft": 4399, "fromright": 4300, "toright": 4398, "onewaydir": " "}}, {"type": "Feature", "geometry": {"type": "LineString", "coordinates": [[-95.3888543261626, 29.7345195097972], [-95.3888543284327, 29.7343401838308], [-95.3888315134396, 29.7333960040176]]}, "properties": {"centerlineid": 10136993, "roadclass": "LOCAL", "fullname": "STANFORD ST", "fromleft": 4301, "toleft": 4399, "fromright": 4300, "toright": 4398, "onewaydir": " "}}, {"type": "Feature", "geometry": {"type": "LineString", "coordinates": [[-95.3841852540892, 29.7341512547085], [-95.3834494050212, 29.7336862159226], [-95.3833763621065, 29.7336401449539]]}, "properties": {"centerlineid": 10137105, "roadclass": "LOCAL", "fullname": "ROSEWOOD ST", "fromleft": 901, "toleft": 999, "fromright": 900, "toright": 998, "onewaydir": " "}}, {"type": "Feature", "geometry": {"type": "LineString", "coordinates": [[-95.3814129896481, 29.7376663419136], [-95.3814882024679, 29.7376251445118], [-95.3815150644552, 29.7376007931779], [-95.3815378663677, 29.7375751361017], [-95.3815585331811, 29.7375441687891], [-95.3815814811583, 29.7374989339161], [-95.3817233605453, 29.7371559829131]]}, "properties": {"centerlineid": 10137245, "roadclass": "LOCAL", "fullname": "TRAVIS ST", "fromleft": 3901, "toleft": 4099, "fromright": 3900, "toright": 4098, "onewaydir": "FT"}}, {"type": "Feature", "geometry": {"type": "LineString", "coordinates": [[-95.3812860869689, 29.7395242425101], [-95.3804238244329, 29.7390113024219]]}, "properties": {"centerlineid": 10137461, "roadclass": "LOCAL", "fullname": "WINBERN ST", "fromleft": 801, "toleft": 899, "fromright": 800, "toright": 898, "onewaydir": " "}}, {"type": "Feature", "geometry": {"type": "LineString", "coordinates": [[-95.3819268129219, 29.7414717058928], [-95.3819115393677, 29.74006408748], [-95.3820032596581, 29.7395128173143], [-95.3821022531846, 29.7391276735691], [-95.382210607585, 29.7388996744073], [-95.3823597727506, 29.7386184552543], [-95.3824553656102, 29.7384272605891], [-95.3824561324589, 29.7384257252751], [-95.3827013607498, 29.7381024546785], [-95.3829458200607, 29.7378008682022], [-95.3832677335261, 29.7374188976019], [-95.3836231469818, 29.7369336538631]]}, "properties": {"centerlineid": 10137510, "roadclass": "MAJOR", "fullname": "BAGBY ST", "fromleft": 0, "toleft": 0, "fromright": 3640, "toright": 3998, "onewaydir": "FT"}}, {"type": "Feature", "geometry": {"type": "LineString", "coordinates": [[-95.3805917909491, 29.7371763431443], [-95.3810367733175, 29.7366072303175]]}, "properties": {"centerlineid": 10137521, "roadclass": "MAJOR", "fullname": "MAIN ST", "fromleft": 3901, "toleft": 3999, "fromright": 3900, "toright": 3998, "onewaydir": " "}}, {"type": "Feature", "geometry": {"type": "LineString", "coordinates": [[-95.3771812898657, 29.7398448455052], [-95.3776545256018, 29.7392515626459]]}, "properties": {"centerlineid": 10137605, "roadclass": "MAJOR", "fullname": "FANNIN ST", "fromleft": 3401, "toleft": 3499, "fromright": 3400, "toright": 3498, "onewaydir": "FT"}}, {"type": "Feature", "geometry": {"type": "LineString", "coordinates": [[-95.3784325774539, 29.7350801396383], [-95.3775641877663, 29.7345647116003]]}, "properties": {"centerlineid": 10137640, "roadclass": "LOCAL", "fullname": "ISABELLA ST", "fromleft": 1301, "toleft": 1399, "fromright": 1300, "toright": 1398, "onewaydir": " "}}, {"type": "Feature", "geometry": {"type": "LineString", "coordinates": [[-95.3992685781971, 29.7352366365553], [-95.3992830359365, 29.7350684552418], [-95.3993148674375, 29.7349626723777], [-95.3993655428786, 29.7348205796812], [-95.3994426131588, 29.734636812724], [-95.3994752898328, 29.7345442589259], [-95.3995046846681, 29.7344255561777]]}, "properties": {"centerlineid": 10136989, "roadclass": "LOCAL", "fullname": "MANDELL ST", "fromleft": 4201, "toleft": 4299, "fromright": 4200, "toright": 4298, "onewaydir": " "}}, {"type": "Feature", "geometry": {"type": "LineString", "coordinates": [[-95.4029688359327, 29.7482160141491], [-95.4029458202191, 29.7469955266843]]}, "properties": {"centerlineid": 10133714, "roadclass": "LOCAL", "fullname": "PARK ST", "fromleft": 2001, "toleft": 2099, "fromright": 2000, "toright": 2098, "onewaydir": " "}}, {"type": "Feature", "geometry": {"type": "LineString", "coordinates": [[-95.4046929169611, 29.7491716096181], [-95.4055398821337, 29.7491622385933]]}, "properties": {"centerlineid": 10133728, "roadclass": "LOCAL", "fullname": "VERMONT ST", "fromleft": 1941, "toleft": 1949, "fromright": 1940, "toright": 1948, "onewaydir": " "}}, {"type": "Feature", "geometry": {"type": "LineString", "coordinates": [[-95.4047615714119, 29.7531198829288], [-95.4064249702928, 29.7530950096516]]}, "properties": {"centerlineid": 10133778, "roadclass": "MAJOR", "fullname": "W GRAY ST", "fromleft": 1933, "toleft": 1949, "fromright": 1932, "toright": 1948, "onewaydir": " "}}, {"type": "Feature", "geometry": {"type": "LineString", "coordinates": [[-95.4038689915453, 29.7507776944761], [-95.4038461594846, 29.7491811681771]]}, "properties": {"centerlineid": 10133892, "roadclass": "LOCAL", "fullname": "ELMEN ST", "fromleft": 1701, "toleft": 1899, "fromright": 1700, "toright": 1898, "onewaydir": " "}}, {"type": "Feature", "geometry": {"type": "LineString", "coordinates": [[-95.4022898290097, 29.7531600600379], [-95.4022875357664, 29.7530845022108], [-95.4022820540005, 29.7528892143314], [-95.4022514654888, 29.7525533289648], [-95.4022133702528, 29.7524333149035]]}, "properties": {"centerlineid": 10133963, "roadclass": "MAJOR", "fullname": "DUNLAVY ST", "fromleft": 1437, "toleft": 1499, "fromright": 1436, "toright": 1498, "onewaydir": " "}}, {"type": "Feature", "geometry": {"type": "LineString", "coordinates": [[-95.4021830036449, 29.7507986731569], [-95.4022948332788, 29.7507975372193], [-95.402572027929, 29.7507947921786]]}, "properties": {"centerlineid": 10134019, "roadclass": "LOCAL", "fullname": "HADDON ST", "fromleft": 1801, "toleft": 1821, "fromright": 1800, "toright": 1820, "onewaydir": " "}}, {"type": "Feature", "geometry": {"type": "LineString", "coordinates": [[-95.3889077191579, 29.7541213449291], [-95.388892448496, 29.7533946106957]]}, "properties": {"centerlineid": 10134083, "roadclass": "LOCAL", "fullname": "STANFORD ST", "fromleft": 1501, "toleft": 1599, "fromright": 1500, "toright": 1598, "onewaydir": " "}}, {"type": "Feature", "geometry": {"type": "LineString", "coordinates": [[-95.3830635529999, 29.7532533424595], [-95.3830635816184, 29.7526735961325]]}, "properties": {"centerlineid": 10134095, "roadclass": "LOCAL", "fullname": "GILLETTE ST", "fromleft": 1701, "toleft": 1799, "fromright": 1700, "toright": 1798, "onewaydir": " "}}, {"type": "Feature", "geometry": {"type": "LineString", "coordinates": [[-95.3921925760591, 29.755483136598], [-95.3921274484658, 29.7533334606743]]}, "properties": {"centerlineid": 10134097, "roadclass": "MAJOR", "fullname": "MONTROSE BLVD", "fromleft": 1301, "toleft": 1599, "fromright": 1300, "toright": 1598, "onewaydir": " "}}, {"type": "Feature", "geometry": {"type": "LineString", "coordinates": [[-95.4130928630012, 29.7398505335244], [-95.4130166280698, 29.7392687003092]]}, "properties": {"centerlineid": 10132076, "roadclass": "LOCAL", "fullname": "GREENBRIAR DR", "fromleft": 2901, "toleft": 2999, "fromright": 2900, "toright": 2998, "onewaydir": " "}}, {"type": "Feature", "geometry": {"type": "LineString", "coordinates": [[-95.3783105051072, 29.7496676241318], [-95.3774637663914, 29.7491583455733]]}, "properties": {"centerlineid": 10135630, "roadclass": "LOCAL", "fullname": "MCILHENNY ST", "fromleft": 401, "toleft": 499, "fromright": 400, "toright": 498, "onewaydir": " "}}, {"type": "Feature", "geometry": {"type": "LineString", "coordinates": [[-95.37958463205, 29.7448726017339], [-95.3787378934534, 29.7443612816605]]}, "properties": {"centerlineid": 10135720, "roadclass": "LOCAL", "fullname": "ANITA ST", "fromleft": 601, "toleft": 699, "fromright": 600, "toright": 698, "onewaydir": " "}}, {"type": "Feature", "geometry": {"type": "LineString", "coordinates": [[-95.3770441403823, 29.7416567230373], [-95.3761896482029, 29.7411036358282]]}, "properties": {"centerlineid": 10135733, "roadclass": "MAJOR", "fullname": "ELGIN ST", "fromleft": 1001, "toleft": 1099, "fromright": 1000, "toright": 1098, "onewaydir": " "}}, {"type": "Feature", "geometry": {"type": "LineString", "coordinates": [[-95.3800270439573, 29.7443174598453], [-95.3791725370714, 29.743796768991]]}, "properties": {"centerlineid": 10135840, "roadclass": "LOCAL", "fullname": "ROSALIE ST", "fromleft": 601, "toleft": 699, "fromright": 600, "toright": 698, "onewaydir": " "}}, {"type": "Feature", "geometry": {"type": "LineString", "coordinates": [[-95.3812861138133, 29.7526888655971], [-95.3812861074228, 29.7520518071402]]}, "properties": {"centerlineid": 10135997, "roadclass": "LOCAL", "fullname": "WILSON ST", "fromleft": 1801, "toleft": 1899, "fromright": 1800, "toright": 1898, "onewaydir": " "}}, {"type": "Feature", "geometry": {"type": "LineString", "coordinates": [[-95.3780891864314, 29.7467721531477], [-95.3772271399, 29.7462457571901]]}, "properties": {"centerlineid": 10136004, "roadclass": "LOCAL", "fullname": "DENNIS ST", "fromleft": 601, "toleft": 699, "fromright": 600, "toright": 698, "onewaydir": " "}}, {"type": "Feature", "geometry": {"type": "LineString", "coordinates": [[-95.3798134722634, 29.7414068925621], [-95.3798164418746, 29.741402785429], [-95.3802561138718, 29.7408117970858]]}, "properties": {"centerlineid": 10136350, "roadclass": "LOCAL", "fullname": "MILAM ST", "fromleft": 3401, "toleft": 3499, "fromright": 3400, "toright": 3498, "onewaydir": "FT"}}, {"type": "Feature", "geometry": {"type": "LineString", "coordinates": [[-95.3796457585866, 29.7432131075497], [-95.380202525602, 29.7424920560272]]}, "properties": {"centerlineid": 10136361, "roadclass": "MAJOR", "fullname": "LOUISIANA ST", "fromleft": 3201, "toleft": 3299, "fromright": 3200, "toright": 3298, "onewaydir": "FT"}}, {"type": "Feature", "geometry": {"type": "LineString", "coordinates": [[-95.3956903815734, 29.7369723660191], [-95.3973687908916, 29.7369589012426], [-95.3974909056264, 29.7369588824255]]}, "properties": {"centerlineid": 10136707, "roadclass": "LOCAL", "fullname": "BRANARD ST", "fromleft": 1401, "toleft": 1499, "fromright": 1400, "toright": 1498, "onewaydir": " "}}, {"type": "Feature", "geometry": {"type": "LineString", "coordinates": [[-95.3859399171441, 29.7424272966472], [-95.3865349560714, 29.7424197632902]]}, "properties": {"centerlineid": 10134474, "roadclass": "LOCAL", "fullname": "HAWTHORNE ST", "fromleft": 515, "toleft": 599, "fromright": 514, "toright": 598, "onewaydir": " "}}, {"type": "Feature", "geometry": {"type": "LineString", "coordinates": [[-95.3839867496479, 29.7495302529249], [-95.3840264294543, 29.7496073745531], [-95.3840585474681, 29.7496204277204], [-95.3848526085166, 29.7496073312278]]}, "properties": {"centerlineid": 10134477, "roadclass": "LOCAL", "fullname": "W DREW ST", "fromleft": 101, "toleft": 199, "fromright": 100, "toright": 198, "onewaydir": " "}}, {"type": "Feature", "geometry": {"type": "LineString", "coordinates": [[-95.3859399110996, 29.7434973868403], [-95.3872292831301, 29.7434649922449]]}, "properties": {"centerlineid": 10134485, "roadclass": "MAJOR", "fullname": "LOVETT BLVD", "fromleft": 401, "toleft": 499, "fromright": 400, "toright": 498, "onewaydir": " "}}, {"type": "Feature", "geometry": {"type": "LineString", "coordinates": [[-95.3889230201643, 29.7413724294158], [-95.3899071057042, 29.7413592247725]]}, "properties": {"centerlineid": 10134492, "roadclass": "LOCAL", "fullname": "HAROLD ST", "fromleft": 801, "toleft": 899, "fromright": 800, "toright": 898, "onewaydir": " "}}, {"type": "Feature", "geometry": {"type": "LineString", "coordinates": [[-95.3898156297265, 29.7519888449767], [-95.3898309298397, 29.7519963738206], [-95.3898614790027, 29.7520023140812], [-95.3910669105095, 29.7519963653206], [-95.3911125428236, 29.7519888484995], [-95.3911356135459, 29.7519756091016]]}, "properties": {"centerlineid": 10134541, "roadclass": "LOCAL", "fullname": "DAMON CT", "fromleft": 801, "toleft": 999, "fromright": 800, "toright": 998, "onewaydir": " "}}, {"type": "Feature", "geometry": {"type": "LineString", "coordinates": [[-95.3979730678186, 29.7466581183303], [-95.398993856313, 29.7461713685243]]}, "properties": {"centerlineid": 10134586, "roadclass": "LOCAL", "fullname": "FAIRVIEW AVE", "fromleft": 1601, "toleft": 1699, "fromright": 1600, "toright": 1698, "onewaydir": " "}}, {"type": "Feature", "geometry": {"type": "LineString", "coordinates": [[-95.3925470560959, 29.7370122856731], [-95.3925393467845, 29.7361539232682]]}, "properties": {"centerlineid": 10136946, "roadclass": "LOCAL", "fullname": "YOAKUM BLVD", "fromleft": 4001, "toleft": 4099, "fromright": 4000, "toright": 4098, "onewaydir": " "}}, {"type": "Feature", "geometry": {"type": "LineString", "coordinates": [[-95.3848793742002, 29.7353986602938], [-95.3847816784688, 29.7353970461282], [-95.3846721014975, 29.735403662031]]}, "properties": {"centerlineid": 10137079, "roadclass": "LOCAL", "fullname": "COLQUITT ST", "fromleft": 0, "toleft": 0, "fromright": 0, "toright": 0, "onewaydir": " "}}, {"type": "Feature", "geometry": {"type": "LineString", "coordinates": [[-95.3854340121294, 29.7388803996585], [-95.3864893111768, 29.7388682620104]]}, "properties": {"centerlineid": 10137088, "roadclass": "MAJOR", "fullname": "W ALABAMA ST", "fromleft": 501, "toleft": 599, "fromright": 500, "toright": 598, "onewaydir": " "}}, {"type": "Feature", "geometry": {"type": "LineString", "coordinates": [[-95.384839169253, 29.7345563507033], [-95.3849379117444, 29.7344572736583], [-95.3850218409776, 29.734359228704], [-95.3851204135767, 29.7342185890748], [-95.3854142868704, 29.7338464296359]]}, "properties": {"centerlineid": 10137110, "roadclass": "RAMP", "fullname": "SOUTHWEST FWY", "fromleft": 541, "toleft": 599, "fromright": 540, "toright": 598, "onewaydir": "FT"}}, {"type": "Feature", "geometry": {"type": "LineString", "coordinates": [[-95.4130547469595, 29.7475924016231], [-95.4141380778463, 29.7475809772244]]}, "properties": {"centerlineid": 10133676, "roadclass": "LOCAL", "fullname": "MIMOSA DR", "fromleft": 2201, "toleft": 2229, "fromright": 2200, "toright": 2228, "onewaydir": " "}}, {"type": "Feature", "geometry": {"type": "LineString", "coordinates": [[-95.4134743243648, 29.7447295213029], [-95.4147409394521, 29.7447484911036]]}, "properties": {"centerlineid": 10133683, "roadclass": "LOCAL", "fullname": "FAIRVIEW AVE", "fromleft": 2201, "toleft": 2253, "fromright": 2200, "toright": 2252, "onewaydir": " "}}, {"type": "Feature", "geometry": {"type": "LineString", "coordinates": [[-95.4046242431148, 29.7437415686177], [-95.4046091548761, 29.7430988055898]]}, "properties": {"centerlineid": 10133802, "roadclass": "LOCAL", "fullname": "WOODHEAD ST", "fromleft": 2501, "toleft": 2521, "fromright": 2500, "toright": 2520, "onewaydir": " "}}, {"type": "Feature", "geometry": {"type": "LineString", "coordinates": [[-95.404570842359, 29.7411894478435], [-95.4060647587554, 29.7411721462822], [-95.4070351156148, 29.7411608973567]]}, "properties": {"centerlineid": 10133822, "roadclass": "LOCAL", "fullname": "HAROLD ST", "fromleft": 1801, "toleft": 1899, "fromright": 1800, "toright": 1898, "onewaydir": " "}}, {"type": "Feature", "geometry": {"type": "LineString", "coordinates": [[-95.4063866093942, 29.7507470937821], [-95.4063485318387, 29.7491449018865]]}, "properties": {"centerlineid": 10133928, "roadclass": "LOCAL", "fullname": "DRISCOLL ST", "fromleft": 1701, "toleft": 1899, "fromright": 1700, "toright": 1898, "onewaydir": " "}}, {"type": "Feature", "geometry": {"type": "LineString", "coordinates": [[-95.3838799424719, 29.7424368824973], [-95.3838646756626, 29.741586220271]]}, "properties": {"centerlineid": 10134030, "roadclass": "LOCAL", "fullname": "FLORA ST", "fromleft": 3401, "toleft": 3499, "fromright": 3400, "toright": 3498, "onewaydir": " "}}, {"type": "Feature", "geometry": {"type": "LineString", "coordinates": [[-95.3881116563962, 29.7495006502451], [-95.3881069873972, 29.7488323949006]]}, "properties": {"centerlineid": 10134053, "roadclass": "LOCAL", "fullname": "HOPKINS ST", "fromleft": 2201, "toleft": 2299, "fromright": 2200, "toright": 2298, "onewaydir": " "}}, {"type": "Feature", "geometry": {"type": "LineString", "coordinates": [[-95.4094156088871, 29.7400125241861], [-95.4094078461349, 29.7393106955079]]}, "properties": {"centerlineid": 10132047, "roadclass": "LOCAL", "fullname": "HULDY ST", "fromleft": 2901, "toleft": 2999, "fromright": 2900, "toright": 2998, "onewaydir": " "}}, {"type": "Feature", "geometry": {"type": "LineString", "coordinates": [[-95.4070962670239, 29.7377048087499], [-95.4070962318, 29.7368520962888]]}, "properties": {"centerlineid": 10132298, "roadclass": "LOCAL", "fullname": "HAZARD ST", "fromleft": 3901, "toleft": 3999, "fromright": 3900, "toright": 3998, "onewaydir": " "}}, {"type": "Feature", "geometry": {"type": "LineString", "coordinates": [[-95.3752053270365, 29.7329973779652], [-95.3753074558318, 29.7329879087415], [-95.375944261791, 29.7329288646089], [-95.3762641626625, 29.7328992036517], [-95.3776929831981, 29.7327938049059], [-95.3778945125288, 29.7327844973606], [-95.3790155133125, 29.7327079590088], [-95.3791619870037, 29.7326991822761], [-95.3798212325064, 29.7326596728506]]}, "properties": {"centerlineid": 10137750, "roadclass": "FREEWAY", "fullname": "S US 59", "fromleft": 0, "toleft": 0, "fromright": 300, "toright": 498, "onewaydir": "FT"}}, {"type": "Feature", "geometry": {"type": "LineString", "coordinates": [[-95.3816751412923, 29.745566694399], [-95.3815377708951, 29.7455306543308], [-95.3815530660514, 29.7452481461549]]}, "properties": {"centerlineid": 10135713, "roadclass": "LOCAL", "fullname": "BALDWIN ST", "fromleft": 3051, "toleft": 3099, "fromright": 3050, "toright": 3098, "onewaydir": " "}}, {"type": "Feature", "geometry": {"type": "LineString", "coordinates": [[-95.3778680620966, 29.7438579376689], [-95.3783104907995, 29.7432874964111]]}, "properties": {"centerlineid": 10136287, "roadclass": "LOCAL", "fullname": "MILAM ST", "fromleft": 3001, "toleft": 3099, "fromright": 3000, "toright": 3098, "onewaydir": "FT"}}, {"type": "Feature", "geometry": {"type": "LineString", "coordinates": [[-95.3848718367906, 29.75202124], [-95.3848565380338, 29.7509816720688]]}, "properties": {"centerlineid": 10134126, "roadclass": "LOCAL", "fullname": "MASON ST", "fromleft": 1901, "toleft": 1999, "fromright": 1900, "toright": 1998, "onewaydir": " "}}, {"type": "Feature", "geometry": {"type": "LineString", "coordinates": [[-95.389662991759, 29.7446245501659], [-95.3897850631588, 29.7446530992708], [-95.3899223953589, 29.7446722438298], [-95.3900522466949, 29.7446797890562], [-95.3905234369493, 29.7446741789813]]}, "properties": {"centerlineid": 10134164, "roadclass": "MAJOR", "fullname": "WESTHEIMER RD", "fromleft": 801, "toleft": 899, "fromright": 800, "toright": 898, "onewaydir": " "}}, {"type": "Feature", "geometry": {"type": "LineString", "coordinates": [[-95.389736641798, 29.7555413342371], [-95.3897088282111, 29.754256621376], [-95.3897088480714, 29.7533868393844]]}, "properties": {"centerlineid": 10134211, "roadclass": "LOCAL", "fullname": "CROCKER ST", "fromleft": 1301, "toleft": 1599, "fromright": 1300, "toright": 1598, "onewaydir": " "}}, {"type": "Feature", "geometry": {"type": "LineString", "coordinates": [[-95.388879123927, 29.7488159925272], [-95.3888804767481, 29.7481433217471]]}, "properties": {"centerlineid": 10134321, "roadclass": "LOCAL", "fullname": "STANFORD ST", "fromleft": 2301, "toleft": 2399, "fromright": 2300, "toright": 2398, "onewaydir": " "}}, {"type": "Feature", "geometry": {"type": "LineString", "coordinates": [[-95.3840020383287, 29.752034702169], [-95.3841088267106, 29.7520269312594], [-95.3848718367906, 29.75202124]]}, "properties": {"centerlineid": 10134440, "roadclass": "LOCAL", "fullname": "W WEBSTER ST", "fromleft": 1701, "toleft": 1799, "fromright": 1700, "toright": 1798, "onewaydir": " "}}, {"type": "Feature", "geometry": {"type": "LineString", "coordinates": [[-95.3905289877845, 29.7455615845709], [-95.3914920424285, 29.7455393322456]]}, "properties": {"centerlineid": 10134520, "roadclass": "LOCAL", "fullname": "CALIFORNIA ST", "fromleft": 1001, "toleft": 1019, "fromright": 1000, "toright": 1018, "onewaydir": " "}}, {"type": "Feature", "geometry": {"type": "LineString", "coordinates": [[-95.3975137124866, 29.7395662437588], [-95.3993295229697, 29.7395452377322]]}, "properties": {"centerlineid": 10136781, "roadclass": "LOCAL", "fullname": "MARSHALL ST", "fromleft": 1501, "toleft": 1599, "fromright": 1500, "toright": 1598, "onewaydir": " "}}, {"type": "Feature", "geometry": {"type": "LineString", "coordinates": [[-95.3911509179318, 29.7361730913623], [-95.3925393467845, 29.7361539232682]]}, "properties": {"centerlineid": 10136791, "roadclass": "LOCAL", "fullname": "W MAIN ST", "fromleft": 1001, "toleft": 1099, "fromright": 1000, "toright": 1098, "onewaydir": " "}}, {"type": "Feature", "geometry": {"type": "LineString", "coordinates": [[-95.390281085582, 29.7333846017414], [-95.3903572883162, 29.7333654417731], [-95.3904488163702, 29.7333635818725], [-95.3911125893967, 29.7333596960513]]}, "properties": {"centerlineid": 10136828, "roadclass": "LOCAL", "fullname": "OAKLEY ST", "fromleft": 913, "toleft": 999, "fromright": 912, "toright": 998, "onewaydir": " "}}, {"type": "Feature", "geometry": {"type": "LineString", "coordinates": [[-95.386161214086, 29.7344985194347], [-95.3861612120051, 29.7340636253663]]}, "properties": {"centerlineid": 10136875, "roadclass": "LOCAL", "fullname": "ELSBURY ST", "fromleft": 4301, "toleft": 4399, "fromright": 4300, "toright": 4398, "onewaydir": " "}}, {"type": "Feature", "geometry": {"type": "LineString", "coordinates": [[-95.3888543515116, 29.7453894158252], [-95.3896629593532, 29.7453741325769]]}, "properties": {"centerlineid": 10134580, "roadclass": "LOCAL", "fullname": "AVONDALE ST", "fromleft": 701, "toleft": 799, "fromright": 700, "toright": 798, "onewaydir": " "}}, {"type": "Feature", "geometry": {"type": "LineString", "coordinates": [[-95.3912729940154, 29.7489886097875], [-95.3920357331049, 29.748973286744]]}, "properties": {"centerlineid": 10134605, "roadclass": "LOCAL", "fullname": "JACKSON BLVD", "fromleft": 1001, "toleft": 1099, "fromright": 1000, "toright": 1098, "onewaydir": " "}}, {"type": "Feature", "geometry": {"type": "LineString", "coordinates": [[-95.3943610991224, 29.7472963297528], [-95.3944276467152, 29.7472757903637], [-95.3945158990904, 29.7472374438482], [-95.3946509989177, 29.747170625577]]}, "properties": {"centerlineid": 10134617, "roadclass": "LOCAL", "fullname": "HYDE PARK BLVD", "fromleft": 1319, "toleft": 1399, "fromright": 1318, "toright": 1398, "onewaydir": " "}}, {"type": "Feature", "geometry": {"type": "LineString", "coordinates": [[-95.388862090842, 29.7467340276757], [-95.3889763896426, 29.7467187318076], [-95.3896554741721, 29.746709402831]]}, "properties": {"centerlineid": 10134620, "roadclass": "LOCAL", "fullname": "PACIFIC ST", "fromleft": 701, "toleft": 799, "fromright": 700, "toright": 798, "onewaydir": " "}}, {"type": "Feature", "geometry": {"type": "LineString", "coordinates": [[-95.3898233791883, 29.7345195307324], [-95.389823397253, 29.7343668606898], [-95.3898081015742, 29.7333921370101]]}, "properties": {"centerlineid": 10136987, "roadclass": "LOCAL", "fullname": "ROSELAND ST", "fromleft": 4301, "toleft": 4399, "fromright": 4300, "toright": 4398, "onewaydir": " "}}, {"type": "Feature", "geometry": {"type": "LineString", "coordinates": [[-95.3829798483439, 29.7341322955398], [-95.3833763621065, 29.7336401449539]]}, "properties": {"centerlineid": 10137050, "roadclass": "MAJOR", "fullname": "MAIN ST", "fromleft": 4401, "toleft": 4499, "fromright": 4400, "toright": 4498, "onewaydir": " "}}, {"type": "Feature", "geometry": {"type": "LineString", "coordinates": [[-95.37862331163, 29.7332187225479], [-95.3778945125288, 29.7327844973606], [-95.3777716176314, 29.7327094470738]]}, "properties": {"centerlineid": 10137646, "roadclass": "LOCAL", "fullname": "EAGLE ST", "fromleft": 1401, "toleft": 1499, "fromright": 1400, "toright": 1498, "onewaydir": " "}}, {"type": "Feature", "geometry": {"type": "LineString", "coordinates": [[-95.4029688359327, 29.7482160141491], [-95.4038308917273, 29.7482123603123]]}, "properties": {"centerlineid": 10133734, "roadclass": "LOCAL", "fullname": "WELCH ST", "fromleft": 1913, "toleft": 1925, "fromright": 1912, "toright": 1924, "onewaydir": " "}}, {"type": "Feature", "geometry": {"type": "LineString", "coordinates": [[-95.407843983253, 29.7427706905839], [-95.4082710901531, 29.7427743267397], [-95.4087290318733, 29.7427515280367]]}, "properties": {"centerlineid": 10133977, "roadclass": "MAJOR", "fullname": "WESTHEIMER RD", "fromleft": 1921, "toleft": 2007, "fromright": 1920, "toright": 2006, "onewaydir": " "}}, {"type": "Feature", "geometry": {"type": "LineString", "coordinates": [[-95.39367201518, 29.7510705280294], [-95.3936525172592, 29.7503977576146]]}, "properties": {"centerlineid": 10134039, "roadclass": "LOCAL", "fullname": "VAN BUREN ST", "fromleft": 1901, "toleft": 1999, "fromright": 1900, "toright": 1998, "onewaydir": " "}}, {"type": "Feature", "geometry": {"type": "LineString", "coordinates": [[-95.3993141877008, 29.7428012324455], [-95.3993753710835, 29.7428030629967], [-95.40048928199, 29.7427953174035]]}, "properties": {"centerlineid": 10134079, "roadclass": "MAJOR", "fullname": "WESTHEIMER RD", "fromleft": 1601, "toleft": 1627, "fromright": 1600, "toright": 1626, "onewaydir": " "}}, {"type": "Feature", "geometry": {"type": "LineString", "coordinates": [[-95.3947290679887, 29.7547068131827], [-95.3947127907033, 29.754011266488]]}, "properties": {"centerlineid": 10134089, "roadclass": "LOCAL", "fullname": "EBERHARD ST", "fromleft": 1401, "toleft": 1499, "fromright": 1400, "toright": 1498, "onewaydir": " "}}, {"type": "Feature", "geometry": {"type": "LineString", "coordinates": [[-95.3980335103836, 29.7532168339769], [-95.3992227298019, 29.753213406436]]}, "properties": {"centerlineid": 10134099, "roadclass": "MAJOR", "fullname": "W GRAY ST", "fromleft": 1401, "toleft": 1499, "fromright": 1400, "toright": 1498, "onewaydir": " "}}, {"type": "Feature", "geometry": {"type": "LineString", "coordinates": [[-95.4044793526558, 29.7351850824564], [-95.4062417370249, 29.7351622699556]]}, "properties": {"centerlineid": 10132309, "roadclass": "LOCAL", "fullname": "COLQUITT ST", "fromleft": 1801, "toleft": 1841, "fromright": 1800, "toright": 1840, "onewaydir": " "}}, {"type": "Feature", "geometry": {"type": "LineString", "coordinates": [[-95.379546544764, 29.7539134743193], [-95.3795465132445, 29.7532743693798]]}, "properties": {"centerlineid": 10135864, "roadclass": "LOCAL", "fullname": "CUSHING ST", "fromleft": 1601, "toleft": 1699, "fromright": 1600, "toright": 1698, "onewaydir": " "}}, {"type": "Feature", "geometry": {"type": "LineString", "coordinates": [[-95.3795465132445, 29.7532743693798], [-95.3804238322174, 29.7532896527905]]}, "properties": {"centerlineid": 10136120, "roadclass": "MAJOR", "fullname": "W GRAY ST", "fromleft": 121, "toleft": 139, "fromright": 120, "toright": 138, "onewaydir": "FT"}}, {"type": "Feature", "geometry": {"type": "LineString", "coordinates": [[-95.3804238322174, 29.7532896527905], [-95.3813077096004, 29.7532725395735]]}, "properties": {"centerlineid": 10136121, "roadclass": "MAJOR", "fullname": "W GRAY ST", "fromleft": 141, "toleft": 159, "fromright": 140, "toright": 158, "onewaydir": "FT"}}, {"type": "Feature", "geometry": {"type": "LineString", "coordinates": [[-95.38040854595, 29.752055687829], [-95.3812861074228, 29.7520518071402]]}, "properties": {"centerlineid": 10136158, "roadclass": "LOCAL", "fullname": "W WEBSTER ST", "fromleft": 1301, "toleft": 1399, "fromright": 1300, "toright": 1398, "onewaydir": " "}}, {"type": "Feature", "geometry": {"type": "LineString", "coordinates": [[-95.3776773256053, 29.7456869265557], [-95.3781578644928, 29.7450823021042]]}, "properties": {"centerlineid": 10136298, "roadclass": "MAJOR", "fullname": "LOUISIANA ST", "fromleft": 2801, "toleft": 2899, "fromright": 2800, "toright": 2898, "onewaydir": "FT"}}, {"type": "Feature", "geometry": {"type": "LineString", "coordinates": [[-95.3791725370714, 29.743796768991], [-95.3796457585866, 29.7432131075497]]}, "properties": {"centerlineid": 10136300, "roadclass": "MAJOR", "fullname": "LOUISIANA ST", "fromleft": 3101, "toleft": 3199, "fromright": 3100, "toright": 3198, "onewaydir": "FT"}}, {"type": "Feature", "geometry": {"type": "LineString", "coordinates": [[-95.3780891864314, 29.7467721531477], [-95.3785393773371, 29.7461980609792]]}, "properties": {"centerlineid": 10136304, "roadclass": "LOCAL", "fullname": "SMITH ST", "fromleft": 2701, "toleft": 2799, "fromright": 2700, "toright": 2798, "onewaydir": "FT"}}, {"type": "Feature", "geometry": {"type": "LineString", "coordinates": [[-95.3914920424285, 29.7455393322456], [-95.3914463945986, 29.7454347716318], [-95.3914084527683, 29.745341669481], [-95.3913654313802, 29.7452425889526], [-95.3913338709722, 29.7451470690585], [-95.3913052376446, 29.7450487089153], [-95.3912890931085, 29.7449634898419], [-95.3912805185538, 29.7448963863325], [-95.3912703077258, 29.7447981906561], [-95.3912640554354, 29.7446654698238]]}, "properties": {"centerlineid": 10134113, "roadclass": "MAJOR", "fullname": "MONTROSE BLVD", "fromleft": 2701, "toleft": 3199, "fromright": 2700, "toright": 3198, "onewaydir": " "}}, {"type": "Feature", "geometry": {"type": "LineString", "coordinates": [[-95.3925393467845, 29.7361539232682], [-95.3937219157827, 29.736134965186]]}, "properties": {"centerlineid": 10136668, "roadclass": "PRIVATE", "fullname": "W MAIN ST", "fromleft": 1101, "toleft": 1199, "fromright": 1100, "toright": 1198, "onewaydir": " "}}, {"type": "Feature", "geometry": {"type": "LineString", "coordinates": [[-95.3948433953361, 29.7449125357827], [-95.3964150322959, 29.7441572759739]]}, "properties": {"centerlineid": 10134524, "roadclass": "LOCAL", "fullname": "CALIFORNIA ST", "fromleft": 1501, "toleft": 1599, "fromright": 1500, "toright": 1598, "onewaydir": " "}}, {"type": "Feature", "geometry": {"type": "LineString", "coordinates": [[-95.3888804767481, 29.7481433217471], [-95.3896612793472, 29.7481367780449]]}, "properties": {"centerlineid": 10134557, "roadclass": "LOCAL", "fullname": "FAIRVIEW AVE", "fromleft": 701, "toleft": 799, "fromright": 700, "toright": 798, "onewaydir": " "}}, {"type": "Feature", "geometry": {"type": "LineString", "coordinates": [[-95.3993219845828, 29.7386985102419], [-95.4015343456073, 29.7386640350759]]}, "properties": {"centerlineid": 10136787, "roadclass": "MAJOR", "fullname": "W ALABAMA ST", "fromleft": 1601, "toleft": 1649, "fromright": 1600, "toright": 1648, "onewaydir": " "}}, {"type": "Feature", "geometry": {"type": "LineString", "coordinates": [[-95.3880752552682, 29.7474790406833], [-95.3888759735379, 29.7474570902869]]}, "properties": {"centerlineid": 10134632, "roadclass": "LOCAL", "fullname": "HYDE PARK BLVD", "fromleft": 601, "toleft": 699, "fromright": 600, "toright": 698, "onewaydir": " "}}, {"type": "Feature", "geometry": {"type": "LineString", "coordinates": [[-95.3936151334922, 29.7489447775575], [-95.3957129668247, 29.7488800631808]]}, "properties": {"centerlineid": 10134652, "roadclass": "LOCAL", "fullname": "JACKSON BLVD", "fromleft": 1201, "toleft": 1299, "fromright": 1200, "toright": 1298, "onewaydir": " "}}, {"type": "Feature", "geometry": {"type": "LineString", "coordinates": [[-95.3818428630822, 29.743577478126], [-95.3853653341149, 29.7435063070436]]}, "properties": {"centerlineid": 10134665, "roadclass": "MAJOR", "fullname": "COURTLANDT PL", "fromleft": 1, "toleft": 99, "fromright": 2, "toright": 98, "onewaydir": " "}}, {"type": "Feature", "geometry": {"type": "LineString", "coordinates": [[-95.3925240600694, 29.7353033082119], [-95.3937066315512, 29.7352900736707]]}, "properties": {"centerlineid": 10136955, "roadclass": "LOCAL", "fullname": "COLQUITT ST", "fromleft": 1101, "toleft": 1199, "fromright": 1100, "toright": 1198, "onewaydir": " "}}, {"type": "Feature", "geometry": {"type": "LineString", "coordinates": [[-95.3806213528302, 29.7354784789327], [-95.3797753694877, 29.7350114429065]]}, "properties": {"centerlineid": 10137654, "roadclass": "LOCAL", "fullname": "CLEBURNE ST", "fromleft": 1101, "toleft": 1199, "fromright": 1100, "toright": 1198, "onewaydir": " "}}, {"type": "Feature", "geometry": {"type": "LineString", "coordinates": [[-95.4118340059779, 29.7500815502513], [-95.4118340237131, 29.7499021814165]]}, "properties": {"centerlineid": 10133704, "roadclass": "LOCAL", "fullname": "SHARP PL", "fromleft": 1901, "toleft": 1917, "fromright": 1900, "toright": 1916, "onewaydir": " "}}, {"type": "Feature", "geometry": {"type": "LineString", "coordinates": [[-95.4029001543365, 29.743762551907], [-95.4029001851098, 29.7431311732982]]}, "properties": {"centerlineid": 10133806, "roadclass": "LOCAL", "fullname": "PARK ST", "fromleft": 2501, "toleft": 2521, "fromright": 2500, "toright": 2520, "onewaydir": " "}}, {"type": "Feature", "geometry": {"type": "LineString", "coordinates": [[-95.4025108976192, 29.7437661955695], [-95.4029001543365, 29.743762551907]]}, "properties": {"centerlineid": 10133826, "roadclass": "LOCAL", "fullname": "MISSOURI ST", "fromleft": 1907, "toleft": 1921, "fromright": 1906, "toright": 1920, "onewaydir": " "}}, {"type": "Feature", "geometry": {"type": "LineString", "coordinates": [[-95.4107125535666, 29.7520212345639], [-95.4107050227147, 29.7511019002171]]}, "properties": {"centerlineid": 10133897, "roadclass": "MAJOR", "fullname": "S SHEPHERD DR", "fromleft": 1601, "toleft": 1649, "fromright": 1600, "toright": 1648, "onewaydir": " "}}, {"type": "Feature", "geometry": {"type": "LineString", "coordinates": [[-95.402144686001, 29.7482256101696], [-95.4021293770914, 29.7470030488444]]}, "properties": {"centerlineid": 10133931, "roadclass": "MAJOR", "fullname": "DUNLAVY ST", "fromleft": 2001, "toleft": 2099, "fromright": 2000, "toright": 2098, "onewaydir": " "}}, {"type": "Feature", "geometry": {"type": "LineString", "coordinates": [[-95.4022133702528, 29.7524333149035], [-95.4023276575892, 29.7524260107002], [-95.4023965703352, 29.7524219067223], [-95.4030297672218, 29.7524102523329]]}, "properties": {"centerlineid": 10133964, "roadclass": "LOCAL", "fullname": "PEDEN ST", "fromleft": 1701, "toleft": 1719, "fromright": 1700, "toright": 1718, "onewaydir": " "}}, {"type": "Feature", "geometry": {"type": "LineString", "coordinates": [[-95.3948128166825, 29.7439359623897], [-95.3948053227977, 29.7434134160864]]}, "properties": {"centerlineid": 10134026, "roadclass": "LOCAL", "fullname": "GRAUSTARK ST", "fromleft": 3201, "toleft": 3299, "fromright": 3200, "toright": 3298, "onewaydir": " "}}, {"type": "Feature", "geometry": {"type": "LineString", "coordinates": [[-95.3872292831301, 29.7434649922449], [-95.3872217719478, 29.7424080967922]]}, "properties": {"centerlineid": 10134034, "roadclass": "LOCAL", "fullname": "WHITNEY ST", "fromleft": 3301, "toleft": 3399, "fromright": 3300, "toright": 3398, "onewaydir": " "}}, {"type": "Feature", "geometry": {"type": "LineString", "coordinates": [[-95.3865044057926, 29.7495494272205], [-95.3865224686992, 29.7488657821579]]}, "properties": {"centerlineid": 10134048, "roadclass": "LOCAL", "fullname": "MORGAN ST", "fromleft": 2201, "toleft": 2299, "fromright": 2200, "toright": 2298, "onewaydir": " "}}, {"type": "Feature", "geometry": {"type": "LineString", "coordinates": [[-95.3992227298019, 29.753213406436], [-95.40025270836, 29.753202008356]]}, "properties": {"centerlineid": 10134100, "roadclass": "MAJOR", "fullname": "W GRAY ST", "fromleft": 1501, "toleft": 1599, "fromright": 1500, "toright": 1598, "onewaydir": " "}}, {"type": "Feature", "geometry": {"type": "LineString", "coordinates": [[-95.3816826668445, 29.7464727803727], [-95.3816826745146, 29.7461524145185]]}, "properties": {"centerlineid": 10136006, "roadclass": "LOCAL", "fullname": "BALDWIN ST", "fromleft": 2911, "toleft": 2999, "fromright": 2910, "toright": 2998, "onewaydir": " "}}, {"type": "Feature", "geometry": {"type": "LineString", "coordinates": [[-95.3789514343115, 29.7472795684093], [-95.3793251640843, 29.7467990476535], [-95.3793938492151, 29.7467112177541]]}, "properties": {"centerlineid": 10136294, "roadclass": "LOCAL", "fullname": "BRAZOS ST", "fromleft": 2701, "toleft": 2799, "fromright": 2700, "toright": 2798, "onewaydir": "FT"}}, {"type": "Feature", "geometry": {"type": "LineString", "coordinates": [[-95.3947824692399, 29.7412980696489], [-95.3947747164576, 29.7404570100783]]}, "properties": {"centerlineid": 10134161, "roadclass": "LOCAL", "fullname": "GRAUSTARK ST", "fromleft": 3501, "toleft": 3599, "fromright": 3500, "toright": 3598, "onewaydir": " "}}, {"type": "Feature", "geometry": {"type": "LineString", "coordinates": [[-95.3897396881689, 29.7514975753951], [-95.3897247025459, 29.7514840487337], [-95.3897124431551, 29.7514658349656], [-95.3897031017905, 29.7514496823591], [-95.3896963824916, 29.7514324438333], [-95.3896945187762, 29.7514160470137], [-95.3897059893799, 29.7509404180377], [-95.3897069729006, 29.7509126258652], [-95.3897086666229, 29.7508861775283], [-95.3897119017095, 29.7508591083751], [-95.3897174806975, 29.7508301164603]]}, "properties": {"centerlineid": 10134298, "roadclass": "LOCAL", "fullname": "CROCKER ST", "fromleft": 1901, "toleft": 1999, "fromright": 1900, "toright": 1998, "onewaydir": " "}}, {"type": "Feature", "geometry": {"type": "LineString", "coordinates": [[-95.3839333545588, 29.7475428842965], [-95.3839639219271, 29.7473407534377], [-95.3839792042199, 29.7469667457169], [-95.383979231181, 29.746941906585], [-95.3839944969567, 29.746917245172]]}, "properties": {"centerlineid": 10134332, "roadclass": "LOCAL", "fullname": "GENESEE ST", "fromleft": 2501, "toleft": 2599, "fromright": 2500, "toright": 2598, "onewaydir": " "}}, {"type": "Feature", "geometry": {"type": "LineString", "coordinates": [[-95.391355735356, 29.7555093215308], [-95.391326383712, 29.7533583120879]]}, "properties": {"centerlineid": 10134353, "roadclass": "LOCAL", "fullname": "COLUMBUS ST", "fromleft": 1301, "toleft": 1599, "fromright": 1300, "toright": 1598, "onewaydir": " "}}, {"type": "Feature", "geometry": {"type": "LineString", "coordinates": [[-95.392944962019, 29.7540362470822], [-95.3947127907033, 29.754011266488]]}, "properties": {"centerlineid": 10134405, "roadclass": "LOCAL", "fullname": "W PIERCE ST", "fromleft": 1101, "toleft": 1219, "fromright": 1100, "toright": 1218, "onewaydir": " "}}, {"type": "Feature", "geometry": {"type": "LineString", "coordinates": [[-95.3974909056264, 29.7369588824255], [-95.3992914050171, 29.7369399781482]]}, "properties": {"centerlineid": 10136664, "roadclass": "LOCAL", "fullname": "BRANARD ST", "fromleft": 1501, "toleft": 1599, "fromright": 1500, "toright": 1598, "onewaydir": " "}}, {"type": "Feature", "geometry": {"type": "LineString", "coordinates": [[-95.3854142868704, 29.7338464296359], [-95.38541350618, 29.7336802887917], [-95.3854210504464, 29.7335771765261], [-95.3853982082761, 29.7325052097633]]}, "properties": {"centerlineid": 10136720, "roadclass": "LOCAL", "fullname": "GARROTT ST", "fromleft": 4301, "toleft": 4399, "fromright": 4300, "toright": 4398, "onewaydir": " "}}, {"type": "Feature", "geometry": {"type": "LineString", "coordinates": [[-95.383061552386, 29.7514152799267], [-95.3840098011767, 29.7514186472446]]}, "properties": {"centerlineid": 10134453, "roadclass": "LOCAL", "fullname": "COOK ST", "fromleft": 1601, "toleft": 1699, "fromright": 1600, "toright": 1698, "onewaydir": " "}}, {"type": "Feature", "geometry": {"type": "LineString", "coordinates": [[-95.3848565380338, 29.7509816720688], [-95.3850931653249, 29.7509759627456], [-95.3856195690693, 29.7509645785879], [-95.3857263338273, 29.7509378740803]]}, "properties": {"centerlineid": 10134550, "roadclass": "LOCAL", "fullname": "WILLARD ST", "fromleft": 201, "toleft": 299, "fromright": 200, "toright": 298, "onewaydir": " "}}, {"type": "Feature", "geometry": {"type": "LineString", "coordinates": [[-95.3925851975118, 29.7404818954543], [-95.3937753194134, 29.7404588127983]]}, "properties": {"centerlineid": 10136773, "roadclass": "LOCAL", "fullname": "KIPLING ST", "fromleft": 1101, "toleft": 1199, "fromright": 1100, "toright": 1198, "onewaydir": " "}}, {"type": "Feature", "geometry": {"type": "LineString", "coordinates": [[-95.3974983979845, 29.7387213072502], [-95.3993219845828, 29.7386985102419]]}, "properties": {"centerlineid": 10136786, "roadclass": "MAJOR", "fullname": "W ALABAMA ST", "fromleft": 1501, "toleft": 1599, "fromright": 1500, "toright": 1598, "onewaydir": " "}}, {"type": "Feature", "geometry": {"type": "LineString", "coordinates": [[-95.3898081015742, 29.7333921370101], [-95.390281085582, 29.7333846017414]]}, "properties": {"centerlineid": 10136804, "roadclass": "LOCAL", "fullname": "OAKLEY ST", "fromleft": 901, "toleft": 911, "fromright": 900, "toright": 910, "onewaydir": " "}}, {"type": "Feature", "geometry": {"type": "LineString", "coordinates": [[-95.3878625042301, 29.7334055577891], [-95.3888315134396, 29.7333960040176]]}, "properties": {"centerlineid": 10136805, "roadclass": "LOCAL", "fullname": "OAKLEY ST", "fromleft": 701, "toleft": 799, "fromright": 700, "toright": 798, "onewaydir": " "}}, {"type": "Feature", "geometry": {"type": "LineString", "coordinates": [[-95.3898081015742, 29.7333921370101], [-95.3898081217688, 29.7325796136624]]}, "properties": {"centerlineid": 10136881, "roadclass": "LOCAL", "fullname": "ROSELAND ST", "fromleft": 4401, "toleft": 4499, "fromright": 4400, "toright": 4498, "onewaydir": " "}}, {"type": "Feature", "geometry": {"type": "LineString", "coordinates": [[-95.3873285457088, 29.7515653441814], [-95.3881420677602, 29.7515445448264]]}, "properties": {"centerlineid": 10134638, "roadclass": "LOCAL", "fullname": "BOMAR ST", "fromleft": 501, "toleft": 599, "fromright": 500, "toright": 598, "onewaydir": " "}}, {"type": "Feature", "geometry": {"type": "LineString", "coordinates": [[-95.3947213292549, 29.736983783529], [-95.3947060451204, 29.7361310774849]]}, "properties": {"centerlineid": 10136936, "roadclass": "LOCAL", "fullname": "GRAUSTARK ST", "fromleft": 4001, "toleft": 4099, "fromright": 4000, "toright": 4098, "onewaydir": " "}}, {"type": "Feature", "geometry": {"type": "LineString", "coordinates": [[-95.3816979545729, 29.7406381608675], [-95.3817057171141, 29.7405275195381], [-95.3817513311137, 29.7402167574148], [-95.3818277730933, 29.7397341534951], [-95.3819115276866, 29.7393067786893], [-95.3819421167246, 29.7391942871791], [-95.3820260906027, 29.7389426154836], [-95.3820485693219, 29.7388877913995], [-95.3821175806361, 29.7387194766854], [-95.3822013163498, 29.738535285097], [-95.3822321070105, 29.7384675591235], [-95.3823464233451, 29.7382635948856], [-95.3825065731558, 29.7380117006272], [-95.3827203762735, 29.7377047811442], [-95.3828017143114, 29.7376043972912], [-95.3829492478185, 29.7374223182507], [-95.3832443689248, 29.7370587411402], [-95.3836688552547, 29.7364989454907]]}, "properties": {"centerlineid": 10137270, "roadclass": "HIGHWAY", "fullname": "SPUR 527", "fromleft": 3401, "toleft": 3999, "fromright": 0, "toright": 0, "onewaydir": "TF"}}, {"type": "Feature", "geometry": {"type": "LineString", "coordinates": [[-95.3784325774539, 29.7350801396383], [-95.3788980421479, 29.734481199056]]}, "properties": {"centerlineid": 10137322, "roadclass": "LOCAL", "fullname": "CAROLINE ST", "fromleft": 4001, "toleft": 4099, "fromright": 4000, "toright": 4098, "onewaydir": "FT"}}, {"type": "Feature", "geometry": {"type": "LineString", "coordinates": [[-95.3794931206511, 29.7337412302477], [-95.3799508479407, 29.7331632430051]]}, "properties": {"centerlineid": 10137326, "roadclass": "LOCAL", "fullname": "CAROLINE ST", "fromleft": 4201, "toleft": 4299, "fromright": 4200, "toright": 4298, "onewaydir": "FT"}}, {"type": "Feature", "geometry": {"type": "LineString", "coordinates": [[-95.3776545256018, 29.7392515626459], [-95.3767922656887, 29.7387270159381]]}, "properties": {"centerlineid": 10137463, "roadclass": "LOCAL", "fullname": "HOLMAN ST", "fromleft": 1101, "toleft": 1199, "fromright": 1100, "toright": 1198, "onewaydir": " "}}, {"type": "Feature", "geometry": {"type": "LineString", "coordinates": [[-95.3821252939816, 29.7336058980405], [-95.3826047337498, 29.7330551113157]]}, "properties": {"centerlineid": 10137489, "roadclass": "MAJOR", "fullname": "FANNIN ST", "fromleft": 4401, "toleft": 4499, "fromright": 4400, "toright": 4498, "onewaydir": "FT"}}, {"type": "Feature", "geometry": {"type": "LineString", "coordinates": [[-95.3805992779798, 29.7363446699646], [-95.38014911996, 29.7360795430512]]}, "properties": {"centerlineid": 10137631, "roadclass": "LOCAL", "fullname": "ISABELLA ST", "fromleft": 1017, "toleft": 1099, "fromright": 1016, "toright": 1098, "onewaydir": " "}}, {"type": "Feature", "geometry": {"type": "LineString", "coordinates": [[-95.3811868202015, 29.7347636814311], [-95.3803704239839, 29.7342676084616]]}, "properties": {"centerlineid": 10137642, "roadclass": "LOCAL", "fullname": "EAGLE ST", "fromleft": 1101, "toleft": 1199, "fromright": 1100, "toright": 1198, "onewaydir": " "}}, {"type": "Feature", "geometry": {"type": "MultiLineString", "coordinates": [[[-95.3812783482462, 29.7331041679246], [-95.3806679638667, 29.7327283737489], [-95.3805536443445, 29.7326635562617]], [[-95.3805536443445, 29.7326635562617], [-95.3805036246185, 29.7326296873358]]]}, "properties": {"centerlineid": 10137662, "roadclass": "MAJOR", "fullname": "WHEELER ST", "fromleft": 1201, "toleft": 1289, "fromright": 1200, "toright": 1288, "onewaydir": " "}}, {"type": "Feature", "geometry": {"type": "LineString", "coordinates": [[-95.4134973863181, 29.7454427826833], [-95.4134743677898, 29.7453074991876], [-95.4134668367114, 29.744969814647], [-95.4134743243648, 29.7447295213029]]}, "properties": {"centerlineid": 10133625, "roadclass": "LOCAL", "fullname": "KINGSTON ST", "fromleft": 2301, "toleft": 2399, "fromright": 2300, "toright": 2398, "onewaydir": " "}}, {"type": "Feature", "geometry": {"type": "LineString", "coordinates": [[-95.4107050160397, 29.7507051098101], [-95.4106744416294, 29.7490800955484]]}, "properties": {"centerlineid": 10133699, "roadclass": "MAJOR", "fullname": "S SHEPHERD DR", "fromleft": 1701, "toleft": 1899, "fromright": 1700, "toright": 1898, "onewaydir": " "}}, {"type": "Feature", "geometry": {"type": "LineString", "coordinates": [[-95.4071115284097, 29.7469439335449], [-95.4079048837217, 29.7469304576322]]}, "properties": {"centerlineid": 10133745, "roadclass": "LOCAL", "fullname": "INDIANA ST", "fromleft": 1973, "toleft": 1999, "fromright": 1972, "toright": 1998, "onewaydir": " "}}, {"type": "Feature", "geometry": {"type": "LineString", "coordinates": [[-95.4083550730255, 29.7530626124431], [-95.4102623874611, 29.7530187853306], [-95.4107125322612, 29.7530112598808]]}, "properties": {"centerlineid": 10133817, "roadclass": "MAJOR", "fullname": "W GRAY ST", "fromleft": 2001, "toleft": 2099, "fromright": 2000, "toright": 2098, "onewaydir": " "}}, {"type": "Feature", "geometry": {"type": "LineString", "coordinates": [[-95.4020913135878, 29.7447598901643], [-95.402169545468, 29.7447589670543], [-95.4025261681968, 29.7447541692989], [-95.4029229625997, 29.7447484497083]]}, "properties": {"centerlineid": 10133827, "roadclass": "LOCAL", "fullname": "FAIRVIEW AVE", "fromleft": 1901, "toleft": 1917, "fromright": 1900, "toright": 1916, "onewaydir": " "}}, {"type": "Feature", "geometry": {"type": "LineString", "coordinates": [[-95.4116663137145, 29.7468770941123], [-95.4126276073607, 29.7468674843846]]}, "properties": {"centerlineid": 10133996, "roadclass": "LOCAL", "fullname": "AVALON PL", "fromleft": 2119, "toleft": 2149, "fromright": 2118, "toright": 2148, "onewaydir": " "}}, {"type": "Feature", "geometry": {"type": "LineString", "coordinates": [[-95.397887470576, 29.7498164061615], [-95.3976282387926, 29.7493890134263], [-95.3975136792904, 29.7492078641805]]}, "properties": {"centerlineid": 10134037, "roadclass": "MAJOR", "fullname": "COMMONWEALTH ST", "fromleft": 2001, "toleft": 2099, "fromright": 2000, "toright": 2098, "onewaydir": "FT"}}, {"type": "Feature", "geometry": {"type": "LineString", "coordinates": [[-95.4062570489921, 29.7360032978962], [-95.4070734551188, 29.735995799335]]}, "properties": {"centerlineid": 10132030, "roadclass": "LOCAL", "fullname": "W MAIN ST", "fromleft": 1841, "toleft": 1899, "fromright": 1840, "toright": 1898, "onewaydir": " "}}, {"type": "Feature", "geometry": {"type": "LineString", "coordinates": [[-95.4062645572488, 29.737710502625], [-95.4070962670239, 29.7377048087499]]}, "properties": {"centerlineid": 10132124, "roadclass": "LOCAL", "fullname": "SUL ROSS ST", "fromleft": 1841, "toleft": 1899, "fromright": 1840, "toright": 1898, "onewaydir": " "}}, {"type": "Feature", "geometry": {"type": "LineString", "coordinates": [[-95.4107203329891, 29.7399344959203], [-95.4107203283005, 29.7398694638531], [-95.410705034649, 29.7392935426961]]}, "properties": {"centerlineid": 10132287, "roadclass": "MAJOR", "fullname": "S SHEPHERD DR", "fromleft": 2901, "toleft": 2999, "fromright": 2900, "toright": 2998, "onewaydir": " "}}, {"type": "Feature", "geometry": {"type": "LineString", "coordinates": [[-95.3804238521971, 29.7539095931097], [-95.3804238322174, 29.7532896527905]]}, "properties": {"centerlineid": 10135705, "roadclass": "LOCAL", "fullname": "MATTHEWS ST", "fromleft": 1601, "toleft": 1699, "fromright": 1600, "toright": 1698, "onewaydir": " "}}, {"type": "Feature", "geometry": {"type": "MultiLineString", "coordinates": [[[-95.3813242103756, 29.7442355577697], [-95.3814310022372, 29.744098190567], [-95.3815377589301, 29.7439092344687], [-95.3816217411835, 29.7437280853309], [-95.3816904288869, 29.7435394030652], [-95.3817360748707, 29.7433600551861], [-95.3817743727835, 29.7431368748333], [-95.3817894446857, 29.742869711894], [-95.381781941388, 29.742619848706], [-95.3817689401545, 29.7424573848729], [-95.3817682825841, 29.7424491288949]], [[-95.3817682825841, 29.7424491288949], [-95.3817422205459, 29.7421212906555]], [[-95.3817422205459, 29.7421212906555], [-95.3817207629003, 29.7418513537258], [-95.3817152936612, 29.7417732537857]], [[-95.3817152936612, 29.7417732537857], [-95.3816904382116, 29.7414182927284], [-95.3816979545729, 29.7406381608675]]]}, "properties": {"centerlineid": 10136082, "roadclass": "LOCAL", "fullname": "BRAZOS ST", "fromleft": 3201, "toleft": 3399, "fromright": 3200, "toright": 3398, "onewaydir": "FT"}}, {"type": "Feature", "geometry": {"type": "LineString", "coordinates": [[-95.3770058180642, 29.7433333482469], [-95.3774484530508, 29.7427782204693]]}, "properties": {"centerlineid": 10136224, "roadclass": "LOCAL", "fullname": "TRAVIS ST", "fromleft": 3001, "toleft": 3099, "fromright": 3000, "toright": 3098, "onewaydir": "FT"}}, {"type": "Feature", "geometry": {"type": "LineString", "coordinates": [[-95.376387941667, 29.7457442095859], [-95.3768380960759, 29.7451758438061]]}, "properties": {"centerlineid": 10136272, "roadclass": "LOCAL", "fullname": "MILAM ST", "fromleft": 2701, "toleft": 2799, "fromright": 2700, "toright": 2798, "onewaydir": "FT"}}, {"type": "Feature", "geometry": {"type": "LineString", "coordinates": [[-95.3793482356267, 29.741979140327], [-95.3798134722634, 29.7414068925621]]}, "properties": {"centerlineid": 10136352, "roadclass": "LOCAL", "fullname": "MILAM ST", "fromleft": 3301, "toleft": 3399, "fromright": 3300, "toright": 3398, "onewaydir": "FT"}}, {"type": "Feature", "geometry": {"type": "LineString", "coordinates": [[-95.3947824692399, 29.7412980696489], [-95.3957590600532, 29.7412887140923]]}, "properties": {"centerlineid": 10134243, "roadclass": "LOCAL", "fullname": "HAROLD ST", "fromleft": 1301, "toleft": 1399, "fromright": 1300, "toright": 1398, "onewaydir": " "}}, {"type": "Feature", "geometry": {"type": "LineString", "coordinates": [[-95.3878625042301, 29.7334055577891], [-95.3878549282765, 29.7325987824783]]}, "properties": {"centerlineid": 10136596, "roadclass": "LOCAL", "fullname": "GREELEY ST", "fromleft": 4401, "toleft": 4499, "fromright": 4400, "toright": 4498, "onewaydir": " "}}, {"type": "Feature", "geometry": {"type": "LineString", "coordinates": [[-95.3951469244159, 29.747987752583], [-95.3946509989177, 29.747170625577]]}, "properties": {"centerlineid": 10134331, "roadclass": "MAJOR", "fullname": "WAUGH DR", "fromleft": 2401, "toleft": 2499, "fromright": 2400, "toright": 2498, "onewaydir": "FT"}}, {"type": "Feature", "geometry": {"type": "LineString", "coordinates": [[-95.3937981763276, 29.7423337116237], [-95.3947900205295, 29.7423243548237]]}, "properties": {"centerlineid": 10134378, "roadclass": "LOCAL", "fullname": "HAWTHORNE ST", "fromleft": 1201, "toleft": 1299, "fromright": 1200, "toright": 1298, "onewaydir": " "}}, {"type": "Feature", "geometry": {"type": "LineString", "coordinates": [[-95.3947900205295, 29.7423243548237], [-95.3957741338918, 29.742316597116]]}, "properties": {"centerlineid": 10134379, "roadclass": "LOCAL", "fullname": "HAWTHORNE ST", "fromleft": 1301, "toleft": 1399, "fromright": 1300, "toright": 1398, "onewaydir": " "}}, {"type": "Feature", "geometry": {"type": "LineString", "coordinates": [[-95.3970026167645, 29.7344469670721], [-95.3973154134143, 29.7344430996321], [-95.3978799153658, 29.7344355331573]]}, "properties": {"centerlineid": 10136625, "roadclass": "MAJOR", "fullname": "RICHMOND AVE", "fromleft": 1409, "toleft": 1415, "fromright": 1408, "toright": 1414, "onewaydir": " "}}, {"type": "Feature", "geometry": {"type": "LineString", "coordinates": [[-95.3889155041992, 29.7405199780997], [-95.3889001845076, 29.7396636411392]]}, "properties": {"centerlineid": 10136631, "roadclass": "LOCAL", "fullname": "STANFORD ST", "fromleft": 3601, "toleft": 3699, "fromright": 3600, "toright": 3698, "onewaydir": " "}}, {"type": "Feature", "geometry": {"type": "LineString", "coordinates": [[-95.3937066409852, 29.7524999133643], [-95.3958938214493, 29.7524519348861]]}, "properties": {"centerlineid": 10134540, "roadclass": "LOCAL", "fullname": "PEDEN ST", "fromleft": 1201, "toleft": 1299, "fromright": 1200, "toright": 1298, "onewaydir": " "}}, {"type": "Feature", "geometry": {"type": "LineString", "coordinates": [[-95.3838804352205, 29.7345519685328], [-95.384139369937, 29.7342142092011], [-95.3841852540892, 29.7341512547085]]}, "properties": {"centerlineid": 10136765, "roadclass": "LOCAL", "fullname": "TRAVIS ST", "fromleft": 4201, "toleft": 4499, "fromright": 4200, "toright": 4498, "onewaydir": " "}}, {"type": "Feature", "geometry": {"type": "LineString", "coordinates": [[-95.3896782697035, 29.7494786905312], [-95.3898842945188, 29.749472985461], [-95.3904640922423, 29.7494559045919]]}, "properties": {"centerlineid": 10134571, "roadclass": "LOCAL", "fullname": "W DREW ST", "fromleft": 801, "toleft": 899, "fromright": 800, "toright": 898, "onewaydir": " "}}, {"type": "Feature", "geometry": {"type": "LineString", "coordinates": [[-95.3958933678174, 29.7465869141316], [-95.3966705964611, 29.7462161392919]]}, "properties": {"centerlineid": 10134587, "roadclass": "LOCAL", "fullname": "HYDE PARK BLVD", "fromleft": 1501, "toleft": 1599, "fromright": 1500, "toright": 1598, "onewaydir": " "}}, {"type": "Feature", "geometry": {"type": "LineString", "coordinates": [[-95.4009011554118, 29.7492192664766], [-95.4013435802888, 29.7492156129678]]}, "properties": {"centerlineid": 10134606, "roadclass": "LOCAL", "fullname": "VERMONT ST", "fromleft": 1623, "toleft": 1799, "fromright": 1622, "toright": 1798, "onewaydir": " "}}, {"type": "Feature", "geometry": {"type": "LineString", "coordinates": [[-95.3823770010914, 29.7389045040388], [-95.3823904030919, 29.7387755796273], [-95.3823934604272, 29.7387519997895], [-95.3823977142019, 29.7387285616445], [-95.3824031560284, 29.7387053114051], [-95.3824097751761, 29.7386822949133], [-95.3824175585933, 29.7386595575504], [-95.3824264909331, 29.7386371441473], [-95.3824365545827, 29.7386150988959], [-95.3824477296994, 29.7385934652625], [-95.3824599942485, 29.7385722859017], [-95.3824733240477, 29.7385516025722], [-95.3824876928144, 29.738531456055], [-95.3825030722174, 29.7385118860723], [-95.382519431933, 29.7384929312098], [-95.3825367397046, 29.7384746288402], [-95.3825549614067, 29.7384570150499], [-95.3825740611114, 29.7384401245674], [-95.3826633322917, 29.7383646076316]]}, "properties": {"centerlineid": 10137280, "roadclass": "LOCAL", "fullname": "DAY ST", "fromleft": 3801, "toleft": 3899, "fromright": 3800, "toright": 3898, "onewaydir": " "}}, {"type": "Feature", "geometry": {"type": "LineString", "coordinates": [[-95.3805917909491, 29.7371763431443], [-95.3805470657186, 29.7371494113006], [-95.380149101885, 29.736909372448]]}, "properties": {"centerlineid": 10137557, "roadclass": "LOCAL", "fullname": "TRUXILLO ST", "fromleft": 1001, "toleft": 1017, "fromright": 1000, "toright": 1016, "onewaydir": " "}}, {"type": "Feature", "geometry": {"type": "LineString", "coordinates": [[-95.4056008143532, 29.7523607700444], [-95.4055780117847, 29.7508367658929], [-95.4055704473783, 29.7507548788055]]}, "properties": {"centerlineid": 10133634, "roadclass": "LOCAL", "fullname": "MORSE ST", "fromleft": 1501, "toleft": 1699, "fromright": 1500, "toright": 1698, "onewaydir": " "}}, {"type": "Feature", "geometry": {"type": "LineString", "coordinates": [[-95.4045861066206, 29.7419467424295], [-95.404570842359, 29.7411894478435]]}, "properties": {"centerlineid": 10133649, "roadclass": "LOCAL", "fullname": "WOODHEAD ST", "fromleft": 2701, "toleft": 3499, "fromright": 2700, "toright": 3498, "onewaydir": " "}}, {"type": "Feature", "geometry": {"type": "LineString", "coordinates": [[-95.4038461594846, 29.7491811681771], [-95.4046929169611, 29.7491716096181]]}, "properties": {"centerlineid": 10133727, "roadclass": "LOCAL", "fullname": "VERMONT ST", "fromleft": 1921, "toleft": 1939, "fromright": 1920, "toright": 1938, "onewaydir": " "}}, {"type": "Feature", "geometry": {"type": "LineString", "coordinates": [[-95.4047081869342, 29.7507758885616], [-95.4048302483692, 29.7507642311857], [-95.4055704473783, 29.7507548788055]]}, "properties": {"centerlineid": 10133786, "roadclass": "LOCAL", "fullname": "HADDON ST", "fromleft": 1941, "toleft": 1949, "fromright": 1940, "toright": 1948, "onewaydir": " "}}, {"type": "Feature", "geometry": {"type": "LineString", "coordinates": [[-95.4107263040093, 29.7540004628708], [-95.4108957629413, 29.7539914935617], [-95.4113991035768, 29.7539495269596], [-95.411895146255, 29.7538694062755], [-95.4123375915113, 29.753821758007], [-95.4134134026525, 29.7537971106268], [-95.4137796612633, 29.7537875166014], [-95.4147562065409, 29.7537416423545]]}, "properties": {"centerlineid": 10133846, "roadclass": "LOCAL", "fullname": "BRENTWOOD DR", "fromleft": 2101, "toleft": 2399, "fromright": 2100, "toright": 2398, "onewaydir": " "}}, {"type": "Feature", "geometry": {"type": "LineString", "coordinates": [[-95.4029458202191, 29.7469955266843], [-95.4029458193843, 29.746551051768], [-95.4029458173913, 29.7464346657933], [-95.4029382536635, 29.7457480987155]]}, "properties": {"centerlineid": 10133874, "roadclass": "LOCAL", "fullname": "PARK ST", "fromleft": 2101, "toleft": 2299, "fromright": 2100, "toright": 2298, "onewaydir": " "}}, {"type": "Feature", "geometry": {"type": "LineString", "coordinates": [[-95.4087290318733, 29.7427515280367], [-95.4093316646286, 29.7427038134261]]}, "properties": {"centerlineid": 10133978, "roadclass": "MAJOR", "fullname": "WESTHEIMER RD", "fromleft": 2009, "toleft": 2015, "fromright": 2008, "toright": 2014, "onewaydir": " "}}, {"type": "Feature", "geometry": {"type": "LineString", "coordinates": [[-95.4130166280698, 29.7392687003092], [-95.4129251189245, 29.7385496972833]]}, "properties": {"centerlineid": 10132075, "roadclass": "LOCAL", "fullname": "GREENBRIAR DR", "fromleft": 3001, "toleft": 3099, "fromright": 3000, "toright": 3098, "onewaydir": " "}}, {"type": "Feature", "geometry": {"type": "LineString", "coordinates": [[-95.4129023201555, 29.7368254345301], [-95.41289558261, 29.7361290372511], [-95.412895190198, 29.7359509837479]]}, "properties": {"centerlineid": 10132170, "roadclass": "LOCAL", "fullname": "GREENBRIAR DR", "fromleft": 3301, "toleft": 3399, "fromright": 3300, "toright": 3398, "onewaydir": " "}}, {"type": "Feature", "geometry": {"type": "LineString", "coordinates": [[-95.4045632933034, 29.7403388143957], [-95.4070275512416, 29.7403100791298]]}, "properties": {"centerlineid": 10132203, "roadclass": "LOCAL", "fullname": "KIPLING ST", "fromleft": 1801, "toleft": 1899, "fromright": 1800, "toright": 1898, "onewaydir": " "}}, {"type": "Feature", "geometry": {"type": "LineString", "coordinates": [[-95.4114678031557, 29.7342238140951], [-95.4128870512912, 29.7342199144684]]}, "properties": {"centerlineid": 10132219, "roadclass": "MAJOR", "fullname": "RICHMOND AVE", "fromleft": 2119, "toleft": 2199, "fromright": 2118, "toright": 2198, "onewaydir": " "}}, {"type": "Feature", "geometry": {"type": "LineString", "coordinates": [[-95.4070962318, 29.7368520962888], [-95.4070734551188, 29.735995799335]]}, "properties": {"centerlineid": 10132261, "roadclass": "LOCAL", "fullname": "HAZARD ST", "fromleft": 4001, "toleft": 4099, "fromright": 4000, "toright": 4098, "onewaydir": " "}}, {"type": "Feature", "geometry": {"type": "LineString", "coordinates": [[-95.4106516147801, 29.7351088982306], [-95.4110406848978, 29.7351049943649], [-95.4128945825997, 29.7350897106412]]}, "properties": {"centerlineid": 10132322, "roadclass": "LOCAL", "fullname": "COLQUITT ST", "fromleft": 2101, "toleft": 2199, "fromright": 2100, "toright": 2198, "onewaydir": " "}}, {"type": "Feature", "geometry": {"type": "LineString", "coordinates": [[-95.3809349417866, 29.7495320956239], [-95.3800882154825, 29.7490191580662]]}, "properties": {"centerlineid": 10135632, "roadclass": "LOCAL", "fullname": "MCGOWEN ST", "fromleft": 201, "toleft": 299, "fromright": 200, "toright": 298, "onewaydir": " "}}, {"type": "Feature", "geometry": {"type": "LineString", "coordinates": [[-95.380957972357, 29.7506651879828], [-95.3803017775114, 29.7506250410562]]}, "properties": {"centerlineid": 10135838, "roadclass": "LOCAL", "fullname": "OAK CT", "fromleft": 1, "toleft": 99, "fromright": 2, "toright": 98, "onewaydir": " "}}, {"type": "Feature", "geometry": {"type": "LineString", "coordinates": [[-95.3816826745146, 29.7461524145185], [-95.3813545674028, 29.7459692043071], [-95.3812630457502, 29.7459119342668]]}, "properties": {"centerlineid": 10135844, "roadclass": "LOCAL", "fullname": "ANITA ST", "fromleft": 301, "toleft": 399, "fromright": 300, "toright": 398, "onewaydir": " "}}, {"type": "Feature", "geometry": {"type": "LineString", "coordinates": [[-95.3779367632357, 29.7421735292152], [-95.3784937184419, 29.7414563970455]]}, "properties": {"centerlineid": 10136358, "roadclass": "LOCAL", "fullname": "TRAVIS ST", "fromleft": 3201, "toleft": 3299, "fromright": 3200, "toright": 3298, "onewaydir": "FT"}}, {"type": "Feature", "geometry": {"type": "LineString", "coordinates": [[-95.3904605846683, 29.7487865492769], [-95.3904517118219, 29.7481129285043]]}, "properties": {"centerlineid": 10134145, "roadclass": "LOCAL", "fullname": "CONVERSE ST", "fromleft": 2301, "toleft": 2399, "fromright": 2300, "toright": 2398, "onewaydir": " "}}, {"type": "Feature", "geometry": {"type": "LineString", "coordinates": [[-95.4012598536495, 29.7427953176262], [-95.4020760199683, 29.7427916543508]]}, "properties": {"centerlineid": 10134158, "roadclass": "MAJOR", "fullname": "WESTHEIMER RD", "fromleft": 1645, "toleft": 1699, "fromright": 1644, "toright": 1698, "onewaydir": " "}}, {"type": "Feature", "geometry": {"type": "LineString", "coordinates": [[-95.3848031529192, 29.7454808823399], [-95.3847878848806, 29.7446074743689]]}, "properties": {"centerlineid": 10134171, "roadclass": "LOCAL", "fullname": "MASON ST", "fromleft": 2801, "toleft": 2899, "fromright": 2800, "toright": 2898, "onewaydir": " "}}, {"type": "Feature", "geometry": {"type": "LineString", "coordinates": [[-95.4009011554118, 29.7492192664766], [-95.4005048501615, 29.7485669742006]]}, "properties": {"centerlineid": 10134182, "roadclass": "LOCAL", "fullname": "WINDSOR ST", "fromleft": 1901, "toleft": 1999, "fromright": 1900, "toright": 1998, "onewaydir": " "}}, {"type": "Feature", "geometry": {"type": "LineString", "coordinates": [[-95.3880953294588, 29.7481644305734], [-95.3880752552682, 29.7474790406833]]}, "properties": {"centerlineid": 10134184, "roadclass": "LOCAL", "fullname": "HOPKINS ST", "fromleft": 2401, "toleft": 2499, "fromright": 2400, "toright": 2498, "onewaydir": " "}}, {"type": "Feature", "geometry": {"type": "LineString", "coordinates": [[-95.3970390901733, 29.7510077861395], [-95.3966525941453, 29.7503887935568]]}, "properties": {"centerlineid": 10134196, "roadclass": "MAJOR", "fullname": "WAUGH DR", "fromleft": 1901, "toleft": 1999, "fromright": 1900, "toright": 1998, "onewaydir": "FT"}}, {"type": "Feature", "geometry": {"type": "LineString", "coordinates": [[-95.3899071057042, 29.7413592247725], [-95.389892064654, 29.7405008038669]]}, "properties": {"centerlineid": 10134233, "roadclass": "LOCAL", "fullname": "ROSELAND ST", "fromleft": 3501, "toleft": 3599, "fromright": 3500, "toright": 3598, "onewaydir": " "}}, {"type": "Feature", "geometry": {"type": "LineString", "coordinates": [[-95.3957741338918, 29.742316597116], [-95.3957590600532, 29.7412887140923]]}, "properties": {"centerlineid": 10134239, "roadclass": "LOCAL", "fullname": "YUPON ST", "fromleft": 3401, "toleft": 3499, "fromright": 3400, "toright": 3498, "onewaydir": " "}}, {"type": "Feature", "geometry": {"type": "LineString", "coordinates": [[-95.3888696197197, 29.7370467599689], [-95.3898462220706, 29.7370389834631]]}, "properties": {"centerlineid": 10136661, "roadclass": "LOCAL", "fullname": "BRANARD ST", "fromleft": 801, "toleft": 899, "fromright": 800, "toright": 898, "onewaydir": " "}}, {"type": "Feature", "geometry": {"type": "LineString", "coordinates": [[-95.3947213292549, 29.736983783529], [-95.3956903815734, 29.7369723660191]]}, "properties": {"centerlineid": 10136663, "roadclass": "LOCAL", "fullname": "BRANARD ST", "fromleft": 1301, "toleft": 1399, "fromright": 1300, "toright": 1398, "onewaydir": " "}}, {"type": "Feature", "geometry": {"type": "LineString", "coordinates": [[-95.3835183874593, 29.7344361541056], [-95.3836024696871, 29.734472815616], [-95.3836884460473, 29.7345023641805], [-95.3837875431999, 29.7345322657505], [-95.3838804352205, 29.7345519685328]]}, "properties": {"centerlineid": 10136726, "roadclass": "MAJOR", "fullname": "RICHMOND AVE", "fromleft": 301, "toleft": 369, "fromright": 300, "toright": 368, "onewaydir": " "}}, {"type": "Feature", "geometry": {"type": "LineString", "coordinates": [[-95.3889155041992, 29.7405199780997], [-95.389892064654, 29.7405008038669]]}, "properties": {"centerlineid": 10134479, "roadclass": "LOCAL", "fullname": "KIPLING ST", "fromleft": 801, "toleft": 899, "fromright": 800, "toright": 898, "onewaydir": " "}}, {"type": "Feature", "geometry": {"type": "LineString", "coordinates": [[-95.3839867403504, 29.7489409207772], [-95.3848337064533, 29.7489256325914]]}, "properties": {"centerlineid": 10134494, "roadclass": "LOCAL", "fullname": "FARGO ST", "fromleft": 101, "toleft": 199, "fromright": 100, "toright": 198, "onewaydir": " "}}, {"type": "Feature", "geometry": {"type": "LineString", "coordinates": [[-95.3865349959247, 29.7502360136862], [-95.3866264938545, 29.7502188974356], [-95.3873207719593, 29.7502207325781]]}, "properties": {"centerlineid": 10134507, "roadclass": "LOCAL", "fullname": "WELCH ST", "fromleft": 401, "toleft": 499, "fromright": 400, "toright": 498, "onewaydir": " "}}, {"type": "Feature", "geometry": {"type": "LineString", "coordinates": [[-95.3975595431551, 29.7459901868355], [-95.3985973554392, 29.7455000907376]]}, "properties": {"centerlineid": 10134535, "roadclass": "LOCAL", "fullname": "HAVER ST", "fromleft": 1601, "toleft": 1699, "fromright": 1600, "toright": 1698, "onewaydir": " "}}, {"type": "Feature", "geometry": {"type": "LineString", "coordinates": [[-95.3981699218807, 29.7448495711365], [-95.3991693048113, 29.744376559194]]}, "properties": {"centerlineid": 10134565, "roadclass": "LOCAL", "fullname": "CHERRYHURST ST", "fromleft": 1701, "toleft": 1799, "fromright": 1700, "toright": 1798, "onewaydir": " "}}, {"type": "Feature", "geometry": {"type": "LineString", "coordinates": [[-95.3925699093116, 29.7387689872389], [-95.3937447687032, 29.7387594026349]]}, "properties": {"centerlineid": 10136783, "roadclass": "MAJOR", "fullname": "W ALABAMA ST", "fromleft": 1101, "toleft": 1199, "fromright": 1100, "toright": 1198, "onewaydir": " "}}, {"type": "Feature", "geometry": {"type": "LineString", "coordinates": [[-95.3964914690192, 29.7344544778893], [-95.3964762006849, 29.7340597379979], [-95.3964762001991, 29.7335466018874]]}, "properties": {"centerlineid": 10136878, "roadclass": "LOCAL", "fullname": "YUPON ST", "fromleft": 4301, "toleft": 4399, "fromright": 4300, "toright": 4398, "onewaydir": " "}}, {"type": "Feature", "geometry": {"type": "LineString", "coordinates": [[-95.3896975689259, 29.7501507405409], [-95.3904824183599, 29.7501402543809]]}, "properties": {"centerlineid": 10134570, "roadclass": "LOCAL", "fullname": "WELCH ST", "fromleft": 801, "toleft": 899, "fromright": 800, "toright": 898, "onewaydir": " "}}, {"type": "Feature", "geometry": {"type": "LineString", "coordinates": [[-95.3848718307126, 29.7527194198935], [-95.385131280219, 29.7527137202413], [-95.385329534666, 29.7527078112249]]}, "properties": {"centerlineid": 10134595, "roadclass": "LOCAL", "fullname": "ONEIL ST", "fromleft": 1801, "toleft": 1817, "fromright": 1800, "toright": 1816, "onewaydir": " "}}, {"type": "Feature", "geometry": {"type": "LineString", "coordinates": [[-95.3958933678174, 29.7465869141316], [-95.3953163987804, 29.7456602385094]]}, "properties": {"centerlineid": 10134663, "roadclass": "MAJOR", "fullname": "COMMONWEALTH ST", "fromleft": 2501, "toleft": 2599, "fromright": 2500, "toright": 2598, "onewaydir": "FT"}}, {"type": "Feature", "geometry": {"type": "LineString", "coordinates": [[-95.3788368898374, 29.7361577674929], [-95.378379177587, 29.7358908482975], [-95.3779748871546, 29.7356505853343]]}, "properties": {"centerlineid": 10137455, "roadclass": "LOCAL", "fullname": "TRUXILLO ST", "fromleft": 1201, "toleft": 1299, "fromright": 1200, "toright": 1298, "onewaydir": " "}}, {"type": "Feature", "geometry": {"type": "LineString", "coordinates": [[-95.3797144741616, 29.7366481515915], [-95.38014911996, 29.7360795430512]]}, "properties": {"centerlineid": 10137622, "roadclass": "MAJOR", "fullname": "FANNIN ST", "fromleft": 3901, "toleft": 3999, "fromright": 3900, "toright": 3998, "onewaydir": "FT"}}, {"type": "Feature", "geometry": {"type": "LineString", "coordinates": [[-95.3797753694877, 29.7350114429065], [-95.3788980421479, 29.734481199056]]}, "properties": {"centerlineid": 10137641, "roadclass": "LOCAL", "fullname": "CLEBURNE ST", "fromleft": 1201, "toleft": 1299, "fromright": 1200, "toright": 1298, "onewaydir": " "}}, {"type": "Feature", "geometry": {"type": "LineString", "coordinates": [[-95.3794931206511, 29.7337412302477], [-95.37862331163, 29.7332187225479]]}, "properties": {"centerlineid": 10137644, "roadclass": "LOCAL", "fullname": "EAGLE ST", "fromleft": 1301, "toleft": 1399, "fromright": 1300, "toright": 1398, "onewaydir": " "}}, {"type": "Feature", "geometry": {"type": "LineString", "coordinates": [[-95.3818428630822, 29.743577478126], [-95.3819115362771, 29.7432703618326], [-95.3819420878761, 29.7429785457274], [-95.3819498756442, 29.7426657376318], [-95.3819449860731, 29.7424551535839]]}, "properties": {"centerlineid": 10135618, "roadclass": "MAJOR", "fullname": "BAGBY ST", "fromleft": 3251, "toleft": 3399, "fromright": 3250, "toright": 3398, "onewaydir": " "}}, {"type": "Feature", "geometry": {"type": "LineString", "coordinates": [[-95.4055704473783, 29.7507548788055], [-95.4055474017471, 29.7492423101189], [-95.4055398821337, 29.7491622385933]]}, "properties": {"centerlineid": 10133633, "roadclass": "LOCAL", "fullname": "MORSE ST", "fromleft": 1701, "toleft": 1899, "fromright": 1700, "toright": 1898, "onewaydir": " "}}, {"type": "Feature", "geometry": {"type": "LineString", "coordinates": [[-95.407210796486, 29.7523415720172], [-95.4071802206909, 29.7515749400624], [-95.4071724504365, 29.7507375146934]]}, "properties": {"centerlineid": 10133635, "roadclass": "LOCAL", "fullname": "HAZARD ST", "fromleft": 1501, "toleft": 1699, "fromright": 1500, "toright": 1698, "onewaydir": " "}}, {"type": "Feature", "geometry": {"type": "LineString", "coordinates": [[-95.4118570729047, 29.7509474339571], [-95.4137109422957, 29.7508940801111], [-95.4145042896833, 29.7508559580731], [-95.4151452588779, 29.7507986807118]]}, "properties": {"centerlineid": 10133842, "roadclass": "LOCAL", "fullname": "PELHAM DR", "fromleft": 2131, "toleft": 2399, "fromright": 2130, "toright": 2398, "onewaydir": " "}}, {"type": "Feature", "geometry": {"type": "LineString", "coordinates": [[-95.4063485535254, 29.7481817631889], [-95.4063332216292, 29.7469553418166]]}, "properties": {"centerlineid": 10133934, "roadclass": "LOCAL", "fullname": "DRISCOLL ST", "fromleft": 2001, "toleft": 2099, "fromright": 2000, "toright": 2098, "onewaydir": " "}}, {"type": "Feature", "geometry": {"type": "LineString", "coordinates": [[-95.4055245968746, 29.7481950128385], [-95.4055170442616, 29.7469553576671]]}, "properties": {"centerlineid": 10133948, "roadclass": "LOCAL", "fullname": "MORSE ST", "fromleft": 2001, "toleft": 2099, "fromright": 2000, "toright": 2098, "onewaydir": " "}}, {"type": "Feature", "geometry": {"type": "LineString", "coordinates": [[-95.3973457727281, 29.7435163642533], [-95.3969492151233, 29.7428679001645]]}, "properties": {"centerlineid": 10134029, "roadclass": "LOCAL", "fullname": "WINDSOR ST", "fromleft": 2701, "toleft": 2799, "fromright": 2700, "toright": 2798, "onewaydir": " "}}, {"type": "Feature", "geometry": {"type": "LineString", "coordinates": [[-95.3873207719593, 29.7502207325781], [-95.3873132910785, 29.7495302583524]]}, "properties": {"centerlineid": 10134040, "roadclass": "LOCAL", "fullname": "WHITNEY ST", "fromleft": 2101, "toleft": 2199, "fromright": 2100, "toright": 2198, "onewaydir": " "}}, {"type": "Feature", "geometry": {"type": "LineString", "coordinates": [[-95.3947127907033, 29.754011266488], [-95.3946988713593, 29.7532892914314]]}, "properties": {"centerlineid": 10134088, "roadclass": "LOCAL", "fullname": "EBERHARD ST", "fromleft": 1501, "toleft": 1599, "fromright": 1500, "toright": 1598, "onewaydir": " "}}, {"type": "Feature", "geometry": {"type": "LineString", "coordinates": [[-95.4045099134478, 29.7368922561122], [-95.4062645815174, 29.7368578400942]]}, "properties": {"centerlineid": 10132127, "roadclass": "LOCAL", "fullname": "BRANARD ST", "fromleft": 1801, "toleft": 1833, "fromright": 1800, "toright": 1832, "onewaydir": " "}}, {"type": "Feature", "geometry": {"type": "LineString", "coordinates": [[-95.4129251155259, 29.7376340494718], [-95.4129023201555, 29.7368254345301]]}, "properties": {"centerlineid": 10132185, "roadclass": "LOCAL", "fullname": "GREENBRIAR DR", "fromleft": 3201, "toleft": 3299, "fromright": 3200, "toright": 3298, "onewaydir": " "}}, {"type": "Feature", "geometry": {"type": "LineString", "coordinates": [[-95.408172063511, 29.7407374210774], [-95.4094155935821, 29.7407203321939]]}, "properties": {"centerlineid": 10132202, "roadclass": "LOCAL", "fullname": "HAROLD ST", "fromleft": 2001, "toleft": 2025, "fromright": 2000, "toright": 2024, "onewaydir": " "}}, {"type": "Feature", "geometry": {"type": "LineString", "coordinates": [[-95.4106591355288, 29.7342466201826], [-95.4110712471491, 29.7342391023264], [-95.4114678031557, 29.7342238140951]]}, "properties": {"centerlineid": 10132323, "roadclass": "MAJOR", "fullname": "RICHMOND AVE", "fromleft": 2101, "toleft": 2117, "fromright": 2100, "toright": 2116, "onewaydir": " "}}, {"type": "Feature", "geometry": {"type": "LineString", "coordinates": [[-95.4062570489921, 29.7360032978962], [-95.406257031847, 29.7359175192614], [-95.4062492739327, 29.7354598128423], [-95.4062417370249, 29.7351622699556]]}, "properties": {"centerlineid": 10132351, "roadclass": "LOCAL", "fullname": "DRISCOLL ST", "fromleft": 4101, "toleft": 4199, "fromright": 4100, "toright": 4198, "onewaydir": " "}}, {"type": "Feature", "geometry": {"type": "LineString", "coordinates": [[-95.3820719144388, 29.74219455443], [-95.3819345824716, 29.7420478046409], [-95.3818506200589, 29.7419638511044]]}, "properties": {"centerlineid": 10135597, "roadclass": "LOCAL", "fullname": "HOLMAN ST", "fromleft": 591, "toleft": 599, "fromright": 590, "toright": 598, "onewaydir": " "}}, {"type": "Feature", "geometry": {"type": "LineString", "coordinates": [[-95.3817057022785, 29.7444509569889], [-95.3813242103756, 29.7442355577697]]}, "properties": {"centerlineid": 10135721, "roadclass": "MAJOR", "fullname": "ELGIN ST", "fromleft": 401, "toleft": 499, "fromright": 400, "toright": 498, "onewaydir": " "}}, {"type": "Feature", "geometry": {"type": "LineString", "coordinates": [[-95.3806527177878, 29.7419275864499], [-95.3798134722634, 29.7414068925621]]}, "properties": {"centerlineid": 10135877, "roadclass": "LOCAL", "fullname": "FRANCIS ST", "fromleft": 701, "toleft": 799, "fromright": 700, "toright": 798, "onewaydir": " "}}, {"type": "Feature", "geometry": {"type": "LineString", "coordinates": [[-95.3820336010797, 29.7415899068605], [-95.3820335912768, 29.740697278812]]}, "properties": {"centerlineid": 10135882, "roadclass": "LOCAL", "fullname": "BURLINGTON ST", "fromleft": 3501, "toleft": 3599, "fromright": 3500, "toright": 3598, "onewaydir": " "}}, {"type": "Feature", "geometry": {"type": "LineString", "coordinates": [[-95.3812783190299, 29.7514222597967], [-95.3821634233337, 29.7514204401643]]}, "properties": {"centerlineid": 10136166, "roadclass": "LOCAL", "fullname": "COOK ST", "fromleft": 1401, "toleft": 1499, "fromright": 1400, "toright": 1498, "onewaydir": " "}}, {"type": "Feature", "geometry": {"type": "LineString", "coordinates": [[-95.3772271399, 29.7462457571901], [-95.3775399831616, 29.7458663056371], [-95.3776773256053, 29.7456869265557]]}, "properties": {"centerlineid": 10136301, "roadclass": "MAJOR", "fullname": "LOUISIANA ST", "fromleft": 2701, "toleft": 2799, "fromright": 2700, "toright": 2798, "onewaydir": "FT"}}, {"type": "Feature", "geometry": {"type": "LineString", "coordinates": [[-95.3872368042266, 29.7445426811862], [-95.3888543579354, 29.744515723607]]}, "properties": {"centerlineid": 10134123, "roadclass": "MAJOR", "fullname": "WESTHEIMER RD", "fromleft": 501, "toleft": 599, "fromright": 500, "toright": 598, "onewaydir": " "}}, {"type": "Feature", "geometry": {"type": "LineString", "coordinates": [[-95.3848412742266, 29.7482426813123], [-95.3848259848325, 29.7475504134454]]}, "properties": {"centerlineid": 10134177, "roadclass": "LOCAL", "fullname": "MASON ST", "fromleft": 2401, "toleft": 2499, "fromright": 2400, "toright": 2498, "onewaydir": " "}}, {"type": "Feature", "geometry": {"type": "LineString", "coordinates": [[-95.3848106861349, 29.7468734480907], [-95.3848184303094, 29.7468218842268], [-95.3848184188766, 29.7467168939491], [-95.3848184150654, 29.7463965743352]]}, "properties": {"centerlineid": 10134252, "roadclass": "LOCAL", "fullname": "MASON ST", "fromleft": 2601, "toleft": 2699, "fromright": 2600, "toright": 2698, "onewaydir": " "}}, {"type": "Feature", "geometry": {"type": "LineString", "coordinates": [[-95.3977731480843, 29.7441782627349], [-95.3977272503276, 29.7441209749508], [-95.3975061753201, 29.7437757790617], [-95.3973457727281, 29.7435163642533]]}, "properties": {"centerlineid": 10134260, "roadclass": "LOCAL", "fullname": "WINDSOR ST", "fromleft": 2617, "toleft": 2699, "fromright": 2616, "toright": 2698, "onewaydir": " "}}, {"type": "Feature", "geometry": {"type": "LineString", "coordinates": [[-95.3911509176714, 29.7370275736342], [-95.3925470560959, 29.7370122856731]]}, "properties": {"centerlineid": 10136662, "roadclass": "LOCAL", "fullname": "BRANARD ST", "fromleft": 1001, "toleft": 1099, "fromright": 1000, "toright": 1098, "onewaydir": " "}}, {"type": "Feature", "geometry": {"type": "LineString", "coordinates": [[-95.382163401369, 29.7520479146119], [-95.3830652310328, 29.7520367180753]]}, "properties": {"centerlineid": 10134438, "roadclass": "LOCAL", "fullname": "W WEBSTER ST", "fromleft": 1501, "toleft": 1599, "fromright": 1500, "toright": 1598, "onewaydir": " "}}, {"type": "Feature", "geometry": {"type": "LineString", "coordinates": [[-95.3848526085166, 29.7496073312278], [-95.3852854967469, 29.7496068268466], [-95.3857110434425, 29.7495818485025]]}, "properties": {"centerlineid": 10134501, "roadclass": "LOCAL", "fullname": "W DREW ST", "fromleft": 201, "toleft": 299, "fromright": 200, "toright": 298, "onewaydir": " "}}, {"type": "Feature", "geometry": {"type": "LineString", "coordinates": [[-95.3925240600694, 29.7353033082119], [-95.3925087305665, 29.7344871149138]]}, "properties": {"centerlineid": 10136872, "roadclass": "LOCAL", "fullname": "YOAKUM BLVD", "fromleft": 4201, "toleft": 4299, "fromright": 4200, "toright": 4298, "onewaydir": " "}}, {"type": "Feature", "geometry": {"type": "LineString", "coordinates": [[-95.3982966255492, 29.75240042289], [-95.3987128650785, 29.7523944151061]]}, "properties": {"centerlineid": 10134603, "roadclass": "LOCAL", "fullname": "PEDEN ST", "fromleft": 1401, "toleft": 1499, "fromright": 1400, "toright": 1498, "onewaydir": " "}}, {"type": "Feature", "geometry": {"type": "LineString", "coordinates": [[-95.3888315134396, 29.7333960040176], [-95.3888237601051, 29.7325909923392]]}, "properties": {"centerlineid": 10136930, "roadclass": "LOCAL", "fullname": "STANFORD ST", "fromleft": 4401, "toleft": 4499, "fromright": 4400, "toright": 4498, "onewaydir": " "}}, {"type": "Feature", "geometry": {"type": "LineString", "coordinates": [[-95.3946526748056, 29.7344601715244], [-95.3964914690192, 29.7344544778893]]}, "properties": {"centerlineid": 10136966, "roadclass": "MAJOR", "fullname": "RICHMOND AVE", "fromleft": 1301, "toleft": 1399, "fromright": 1300, "toright": 1398, "onewaydir": " "}}, {"type": "Feature", "geometry": {"type": "LineString", "coordinates": [[-95.3771051011195, 29.7351392341461], [-95.3775641877663, 29.7345647116003]]}, "properties": {"centerlineid": 10137321, "roadclass": "LOCAL", "fullname": "AUSTIN ST", "fromleft": 3901, "toleft": 3999, "fromright": 3900, "toright": 3998, "onewaydir": "FT"}}, {"type": "Feature", "geometry": {"type": "LineString", "coordinates": [[-95.3804238244329, 29.7390113024219], [-95.3808434254717, 29.7384732647424]]}, "properties": {"centerlineid": 10137616, "roadclass": "LOCAL", "fullname": "TRAVIS ST", "fromleft": 3701, "toleft": 3799, "fromright": 3700, "toright": 3798, "onewaydir": "FT"}}, {"type": "Feature", "geometry": {"type": "LineString", "coordinates": [[-95.4054634725854, 29.7437280830291], [-95.4054483738347, 29.7427343928039]]}, "properties": {"centerlineid": 10133629, "roadclass": "LOCAL", "fullname": "MORSE ST", "fromleft": 2501, "toleft": 2599, "fromright": 2500, "toright": 2598, "onewaydir": " "}}, {"type": "Feature", "geometry": {"type": "LineString", "coordinates": [[-95.4135277159194, 29.7438369363299], [-95.4135583350986, 29.743701366772]]}, "properties": {"centerlineid": 10133642, "roadclass": "LOCAL", "fullname": "KINGSTON ST", "fromleft": 2501, "toleft": 2503, "fromright": 2500, "toright": 2502, "onewaydir": " "}}, {"type": "Feature", "geometry": {"type": "LineString", "coordinates": [[-95.4064249702928, 29.7530950096516], [-95.4083550730255, 29.7530626124431]]}, "properties": {"centerlineid": 10133779, "roadclass": "MAJOR", "fullname": "W GRAY ST", "fromleft": 1951, "toleft": 1999, "fromright": 1950, "toright": 1998, "onewaydir": " "}}, {"type": "Feature", "geometry": {"type": "LineString", "coordinates": [[-95.4029839272089, 29.7491850477782], [-95.4038461594846, 29.7491811681771]]}, "properties": {"centerlineid": 10133791, "roadclass": "LOCAL", "fullname": "VERMONT ST", "fromleft": 1911, "toleft": 1919, "fromright": 1910, "toright": 1918, "onewaydir": " "}}, {"type": "Feature", "geometry": {"type": "LineString", "coordinates": [[-95.41073534483, 29.742694258033], [-95.4107353914159, 29.7426732334236], [-95.4107353704661, 29.7425874560737]]}, "properties": {"centerlineid": 10133877, "roadclass": "MAJOR", "fullname": "S SHEPHERD DR", "fromleft": 2461, "toleft": 2599, "fromright": 2460, "toright": 2598, "onewaydir": " "}}, {"type": "Feature", "geometry": {"type": "LineString", "coordinates": [[-95.3959192626339, 29.7433523058568], [-95.3969492151233, 29.7428679001645]]}, "properties": {"centerlineid": 10134078, "roadclass": "MAJOR", "fullname": "WESTHEIMER RD", "fromleft": 1401, "toleft": 1425, "fromright": 1400, "toright": 1424, "onewaydir": " "}}, {"type": "Feature", "geometry": {"type": "LineString", "coordinates": [[-95.404570842359, 29.7411894478435], [-95.4045632933034, 29.7403388143957]]}, "properties": {"centerlineid": 10132046, "roadclass": "LOCAL", "fullname": "WOODHEAD ST", "fromleft": 3501, "toleft": 3599, "fromright": 3500, "toright": 3598, "onewaydir": " "}}, {"type": "Feature", "geometry": {"type": "LineString", "coordinates": [[-95.4020150615388, 29.7395185399997], [-95.404540516594, 29.7394861449647]]}, "properties": {"centerlineid": 10132206, "roadclass": "LOCAL", "fullname": "MARSHALL ST", "fromleft": 1701, "toleft": 1799, "fromright": 1700, "toright": 1798, "onewaydir": " "}}, {"type": "Feature", "geometry": {"type": "LineString", "coordinates": [[-95.4044640436618, 29.734302048191], [-95.4062417476232, 29.7342676019898]]}, "properties": {"centerlineid": 10132217, "roadclass": "MAJOR", "fullname": "RICHMOND AVE", "fromleft": 1801, "toleft": 1839, "fromright": 1800, "toright": 1838, "onewaydir": " "}}, {"type": "Feature", "geometry": {"type": "LineString", "coordinates": [[-95.4062645572488, 29.737710502625], [-95.4062798359679, 29.7376187624894], [-95.4062645815174, 29.7368578400942]]}, "properties": {"centerlineid": 10132302, "roadclass": "LOCAL", "fullname": "DRISCOLL ST", "fromleft": 3901, "toleft": 3999, "fromright": 3900, "toright": 3998, "onewaydir": " "}}, {"type": "Feature", "geometry": {"type": "LineString", "coordinates": [[-95.4107203329891, 29.7399344959203], [-95.4107431313152, 29.739892496444], [-95.4107887379096, 29.7398658083152], [-95.4108727419437, 29.7398658258511], [-95.4130928630012, 29.7398505335244]]}, "properties": {"centerlineid": 10132318, "roadclass": "LOCAL", "fullname": "KIPLING ST", "fromleft": 2101, "toleft": 2199, "fromright": 2100, "toright": 2198, "onewaydir": " "}}, {"type": "Feature", "geometry": {"type": "LineString", "coordinates": [[-95.3804925220261, 29.7437070708034], [-95.3796457585866, 29.7432131075497]]}, "properties": {"centerlineid": 10135822, "roadclass": "MAJOR", "fullname": "ELGIN ST", "fromleft": 601, "toleft": 699, "fromright": 600, "toright": 698, "onewaydir": " "}}, {"type": "Feature", "geometry": {"type": "LineString", "coordinates": [[-95.3793482356267, 29.741979140327], [-95.3785309131412, 29.7414792195256], [-95.3784937184419, 29.7414563970455]]}, "properties": {"centerlineid": 10135847, "roadclass": "LOCAL", "fullname": "STUART ST", "fromleft": 801, "toleft": 899, "fromright": 800, "toright": 898, "onewaydir": " "}}, {"type": "Feature", "geometry": {"type": "LineString", "coordinates": [[-95.3776620300177, 29.7536081810779], [-95.3775817325005, 29.7535604704653], [-95.3768456364739, 29.7531217235046]]}, "properties": {"centerlineid": 10136058, "roadclass": "LOCAL", "fullname": "PIERCE ST", "fromleft": 201, "toleft": 299, "fromright": 200, "toright": 298, "onewaydir": "FT"}}, {"type": "Feature", "geometry": {"type": "LineString", "coordinates": [[-95.3821634233337, 29.7514204401643], [-95.3821709706298, 29.7507852138292]]}, "properties": {"centerlineid": 10136069, "roadclass": "LOCAL", "fullname": "BAILEY ST", "fromleft": 2001, "toleft": 2099, "fromright": 2000, "toright": 2098, "onewaydir": " "}}, {"type": "Feature", "geometry": {"type": "LineString", "coordinates": [[-95.3798746271231, 29.7461026886404], [-95.3799889163992, 29.7459329164307], [-95.3804316225303, 29.7453951332975]]}, "properties": {"centerlineid": 10136279, "roadclass": "LOCAL", "fullname": "BRAZOS ST", "fromleft": 2901, "toleft": 2999, "fromright": 2900, "toright": 2998, "onewaydir": "FT"}}, {"type": "Feature", "geometry": {"type": "LineString", "coordinates": [[-95.3800882154825, 29.7490191580662], [-95.3806526862433, 29.7483056645121]]}, "properties": {"centerlineid": 10136319, "roadclass": "LOCAL", "fullname": "BALDWIN ST", "fromleft": 2601, "toleft": 2699, "fromright": 2600, "toright": 2698, "onewaydir": " "}}, {"type": "Feature", "geometry": {"type": "LineString", "coordinates": [[-95.3938287392974, 29.7444053079935], [-95.3943779148728, 29.7441572647229]]}, "properties": {"centerlineid": 10134204, "roadclass": "MAJOR", "fullname": "WESTHEIMER RD", "fromleft": 1251, "toleft": 1299, "fromright": 1250, "toright": 1298, "onewaydir": " "}}, {"type": "Feature", "geometry": {"type": "LineString", "coordinates": [[-95.3848565380338, 29.7509816720688], [-95.3848565609135, 29.750308564563]]}, "properties": {"centerlineid": 10134299, "roadclass": "LOCAL", "fullname": "MASON ST", "fromleft": 2001, "toleft": 2099, "fromright": 2000, "toright": 2098, "onewaydir": " "}}, {"type": "Feature", "geometry": {"type": "LineString", "coordinates": [[-95.3920357331049, 29.748973286744], [-95.3920058600598, 29.7481014375023]]}, "properties": {"centerlineid": 10134319, "roadclass": "MAJOR", "fullname": "MONTROSE BLVD", "fromleft": 2301, "toleft": 2399, "fromright": 2300, "toright": 2398, "onewaydir": " "}}, {"type": "Feature", "geometry": {"type": "LineString", "coordinates": [[-95.3830407345523, 29.7468674974478], [-95.38306353871, 29.7469610555265], [-95.3831094520132, 29.747016254646], [-95.3837807323976, 29.7474091664285], [-95.3839333545588, 29.7475428842965]]}, "properties": {"centerlineid": 10134360, "roadclass": "LOCAL", "fullname": "HYDE PARK BLVD", "fromleft": 1, "toleft": 99, "fromright": 2, "toright": 98, "onewaydir": " "}}, {"type": "Feature", "geometry": {"type": "LineString", "coordinates": [[-95.3982966255492, 29.75240042289], [-95.3984081281007, 29.7522811386264], [-95.3985325537926, 29.7521679348428], [-95.3986618926399, 29.752039577107], [-95.398790054699, 29.7518825283924]]}, "properties": {"centerlineid": 10134391, "roadclass": "MAJOR", "fullname": "COMMONWEALTH ST", "fromleft": 1615, "toleft": 1699, "fromright": 1614, "toright": 1698, "onewaydir": "FT"}}, {"type": "Feature", "geometry": {"type": "LineString", "coordinates": [[-95.3865274458899, 29.7413991511095], [-95.3889230201643, 29.7413724294158]]}, "properties": {"centerlineid": 10134491, "roadclass": "LOCAL", "fullname": "HAROLD ST", "fromleft": 601, "toleft": 799, "fromright": 600, "toright": 798, "onewaydir": " "}}, {"type": "Feature", "geometry": {"type": "LineString", "coordinates": [[-95.3904824183599, 29.7501402543809], [-95.3913217379579, 29.7501308944898]]}, "properties": {"centerlineid": 10134545, "roadclass": "LOCAL", "fullname": "WELCH ST", "fromleft": 901, "toleft": 999, "fromright": 900, "toright": 998, "onewaydir": " "}}, {"type": "Feature", "geometry": {"type": "LineString", "coordinates": [[-95.3958938214493, 29.7524519348861], [-95.397689176698, 29.7524219083525], [-95.3979593394254, 29.7524028187777]]}, "properties": {"centerlineid": 10134548, "roadclass": "LOCAL", "fullname": "PEDEN ST", "fromleft": 1301, "toleft": 1399, "fromright": 1300, "toright": 1398, "onewaydir": " "}}, {"type": "Feature", "geometry": {"type": "LineString", "coordinates": [[-95.393577733711, 29.7473294644343], [-95.3941388628253, 29.7473118440411], [-95.3942078169496, 29.747312265689], [-95.3942852271283, 29.7473057508982], [-95.3943610991224, 29.7472963297528]]}, "properties": {"centerlineid": 10134616, "roadclass": "LOCAL", "fullname": "HYDE PARK BLVD", "fromleft": 1301, "toleft": 1317, "fromright": 1300, "toright": 1316, "onewaydir": " "}}, {"type": "Feature", "geometry": {"type": "LineString", "coordinates": [[-95.3975137124866, 29.7395662437588], [-95.3974983979845, 29.7387213072502]]}, "properties": {"centerlineid": 10136914, "roadclass": "LOCAL", "fullname": "MULBERRY ST", "fromleft": 3701, "toleft": 3799, "fromright": 3700, "toright": 3798, "onewaydir": " "}}, {"type": "Feature", "geometry": {"type": "LineString", "coordinates": [[-95.397498436772, 29.737803843619], [-95.3974909056264, 29.7369588824255]]}, "properties": {"centerlineid": 10136938, "roadclass": "LOCAL", "fullname": "MULBERRY ST", "fromleft": 3901, "toleft": 3999, "fromright": 3900, "toright": 3998, "onewaydir": " "}}, {"type": "Feature", "geometry": {"type": "LineString", "coordinates": [[-95.3864893111768, 29.7388682620104], [-95.3869739383752, 29.7388569298599]]}, "properties": {"centerlineid": 10137098, "roadclass": "MAJOR", "fullname": "W ALABAMA ST", "fromleft": 601, "toleft": 611, "fromright": 600, "toright": 610, "onewaydir": " "}}, {"type": "Feature", "geometry": {"type": "LineString", "coordinates": [[-95.3771812816976, 29.7334589779733], [-95.3777716176314, 29.7327094470738]]}, "properties": {"centerlineid": 10137372, "roadclass": "LOCAL", "fullname": "LA BRANCH ST", "fromleft": 4101, "toleft": 4199, "fromright": 4100, "toright": 4198, "onewaydir": "FT"}}, {"type": "Feature", "geometry": {"type": "LineString", "coordinates": [[-95.3782724064203, 29.7368806510443], [-95.3778242376704, 29.7365980441742]]}, "properties": {"centerlineid": 10137476, "roadclass": "MAJOR", "fullname": "ALABAMA ST", "fromleft": 1201, "toleft": 1215, "fromright": 1200, "toright": 1214, "onewaydir": " "}}, {"type": "Feature", "geometry": {"type": "LineString", "coordinates": [[-95.4037850082221, 29.744742749829], [-95.4037546827412, 29.7437566066064]]}, "properties": {"centerlineid": 10133628, "roadclass": "LOCAL", "fullname": "ELMEN ST", "fromleft": 2401, "toleft": 2499, "fromright": 2400, "toright": 2498, "onewaydir": " "}}, {"type": "Feature", "geometry": {"type": "LineString", "coordinates": [[-95.4078820878583, 29.7447103673925], [-95.408194874524, 29.7447121942532], [-95.408316959526, 29.7446950924391], [-95.4084390400669, 29.7446932492063], [-95.4088052784452, 29.7446893898552]]}, "properties": {"centerlineid": 10133651, "roadclass": "LOCAL", "fullname": "FAIRVIEW AVE", "fromleft": 2001, "toleft": 2013, "fromright": 2000, "toright": 2012, "onewaydir": " "}}, {"type": "Feature", "geometry": {"type": "LineString", "coordinates": [[-95.4078820878583, 29.7447103673925], [-95.407843983253, 29.7427706905839]]}, "properties": {"centerlineid": 10133796, "roadclass": "LOCAL", "fullname": "MCDUFFIE ST", "fromleft": 2401, "toleft": 2599, "fromright": 2400, "toright": 2598, "onewaydir": " "}}, {"type": "Feature", "geometry": {"type": "LineString", "coordinates": [[-95.4020760199683, 29.7427916543508], [-95.4020531691124, 29.7419734506308]]}, "properties": {"centerlineid": 10133798, "roadclass": "MAJOR", "fullname": "DUNLAVY ST", "fromleft": 2601, "toleft": 2699, "fromright": 2600, "toright": 2698, "onewaydir": " "}}, {"type": "Feature", "geometry": {"type": "LineString", "coordinates": [[-95.4020378825694, 29.7412218303243], [-95.4020746256145, 29.7412213750583], [-95.404570842359, 29.7411894478435]]}, "properties": {"centerlineid": 10133895, "roadclass": "LOCAL", "fullname": "HAROLD ST", "fromleft": 1701, "toleft": 1799, "fromright": 1700, "toright": 1798, "onewaydir": " "}}, {"type": "Feature", "geometry": {"type": "LineString", "coordinates": [[-95.4022898290097, 29.7531600600379], [-95.4047615714119, 29.7531198829288]]}, "properties": {"centerlineid": 10133922, "roadclass": "MAJOR", "fullname": "W GRAY ST", "fromleft": 1901, "toleft": 1931, "fromright": 1900, "toright": 1930, "onewaydir": " "}}, {"type": "Feature", "geometry": {"type": "LineString", "coordinates": [[-95.4097818192075, 29.7491145583917], [-95.4097740846912, 29.7481436764071]]}, "properties": {"centerlineid": 10133953, "roadclass": "LOCAL", "fullname": "HULDY ST", "fromleft": 1901, "toleft": 1999, "fromright": 1900, "toright": 1998, "onewaydir": " "}}, {"type": "Feature", "geometry": {"type": "LineString", "coordinates": [[-95.3986657459609, 29.7510524079736], [-95.3996347987448, 29.750602207809], [-95.4013513514277, 29.7497630054581]]}, "properties": {"centerlineid": 10134058, "roadclass": "LOCAL", "fullname": "NEVADA ST", "fromleft": 1501, "toleft": 1699, "fromright": 1500, "toright": 1698, "onewaydir": " "}}, {"type": "Feature", "geometry": {"type": "LineString", "coordinates": [[-95.3919823563466, 29.747365369724], [-95.3919595363704, 29.7468695760065], [-95.3918908611689, 29.7466062518499], [-95.3918186047847, 29.7463073475101]]}, "properties": {"centerlineid": 10134081, "roadclass": "MAJOR", "fullname": "MONTROSE BLVD", "fromleft": 2501, "toleft": 2599, "fromright": 2500, "toright": 2598, "onewaydir": " "}}, {"type": "Feature", "geometry": {"type": "LineString", "coordinates": [[-95.3980532996976, 29.753958692988], [-95.3980335103836, 29.7532168339769]]}, "properties": {"centerlineid": 10134090, "roadclass": "MAJOR", "fullname": "WAUGH DR", "fromleft": 1501, "toleft": 1599, "fromright": 1500, "toright": 1598, "onewaydir": " "}}, {"type": "Feature", "geometry": {"type": "LineString", "coordinates": [[-95.4080347471556, 29.7351430955676], [-95.4080347468499, 29.7348569652635], [-95.4080269885133, 29.7342658018539]]}, "properties": {"centerlineid": 10132338, "roadclass": "LOCAL", "fullname": "MCDUFFIE ST", "fromleft": 4201, "toleft": 4299, "fromright": 4200, "toright": 4298, "onewaydir": " "}}, {"type": "Feature", "geometry": {"type": "LineString", "coordinates": [[-95.3768990103685, 29.7498640959955], [-95.3760598014244, 29.7493470582013]]}, "properties": {"centerlineid": 10135629, "roadclass": "LOCAL", "fullname": "HADLEY ST", "fromleft": 501, "toleft": 599, "fromright": 500, "toright": 598, "onewaydir": " "}}, {"type": "Feature", "geometry": {"type": "LineString", "coordinates": [[-95.3783792058084, 29.7413877115829], [-95.3776527091984, 29.7409512254001], [-95.3776239546686, 29.7409338879522]]}, "properties": {"centerlineid": 10135639, "roadclass": "LOCAL", "fullname": "STUART ST", "fromleft": 907, "toleft": 999, "fromright": 906, "toright": 998, "onewaydir": " "}}, {"type": "Feature", "geometry": {"type": "LineString", "coordinates": [[-95.3798746271231, 29.7461026886404], [-95.3795540326776, 29.7459196769236], [-95.3790123470915, 29.7455993233404]]}, "properties": {"centerlineid": 10135766, "roadclass": "LOCAL", "fullname": "TUAM ST", "fromleft": 501, "toleft": 599, "fromright": 500, "toright": 598, "onewaydir": " "}}, {"type": "Feature", "geometry": {"type": "LineString", "coordinates": [[-95.3782646386033, 29.7528547461434], [-95.3774332037681, 29.7523625809283]]}, "properties": {"centerlineid": 10135810, "roadclass": "MAJOR", "fullname": "GRAY ST", "fromleft": 201, "toleft": 299, "fromright": 200, "toright": 298, "onewaydir": "TF"}}, {"type": "Feature", "geometry": {"type": "LineString", "coordinates": [[-95.3812630457502, 29.7459119342668], [-95.3811715789438, 29.7458395962916], [-95.3804316225303, 29.7453951332975]]}, "properties": {"centerlineid": 10135873, "roadclass": "LOCAL", "fullname": "ANITA ST", "fromleft": 401, "toleft": 499, "fromright": 400, "toright": 498, "onewaydir": " "}}, {"type": "Feature", "geometry": {"type": "LineString", "coordinates": [[-95.3790123470915, 29.7455993233404], [-95.37958463205, 29.7448726017339]]}, "properties": {"centerlineid": 10136273, "roadclass": "LOCAL", "fullname": "SMITH ST", "fromleft": 2901, "toleft": 2999, "fromright": 2900, "toright": 2998, "onewaydir": "FT"}}, {"type": "Feature", "geometry": {"type": "LineString", "coordinates": [[-95.37958463205, 29.7448726017339], [-95.3800270439573, 29.7443174598453]]}, "properties": {"centerlineid": 10136274, "roadclass": "LOCAL", "fullname": "SMITH ST", "fromleft": 3001, "toleft": 3099, "fromright": 3000, "toright": 3098, "onewaydir": "FT"}}, {"type": "Feature", "geometry": {"type": "LineString", "coordinates": [[-95.3806527177878, 29.7419275864499], [-95.3806773544293, 29.7418972252669], [-95.3811334543024, 29.7413343546529]]}, "properties": {"centerlineid": 10136351, "roadclass": "MAJOR", "fullname": "LOUISIANA ST", "fromleft": 3401, "toleft": 3499, "fromright": 3400, "toright": 3498, "onewaydir": "FT"}}, {"type": "Feature", "geometry": {"type": "LineString", "coordinates": [[-95.3975289958457, 29.7412695203379], [-95.3975137112433, 29.7404207237768]]}, "properties": {"centerlineid": 10134162, "roadclass": "LOCAL", "fullname": "MULBERRY ST", "fromleft": 3501, "toleft": 3599, "fromright": 3500, "toright": 3598, "onewaydir": " "}}, {"type": "Feature", "geometry": {"type": "LineString", "coordinates": [[-95.3937141664632, 29.7529234242213], [-95.3937066409852, 29.7524999133643]]}, "properties": {"centerlineid": 10134166, "roadclass": "LOCAL", "fullname": "VAN BUREN ST", "fromleft": 1617, "toleft": 1699, "fromright": 1616, "toright": 1698, "onewaydir": " "}}, {"type": "Feature", "geometry": {"type": "LineString", "coordinates": [[-95.3912729940154, 29.7489886097875], [-95.391179148296, 29.7481138951691]]}, "properties": {"centerlineid": 10134188, "roadclass": "LOCAL", "fullname": "GRANT ST", "fromleft": 2301, "toleft": 2399, "fromright": 2300, "toright": 2398, "onewaydir": " "}}, {"type": "Feature", "geometry": {"type": "LineString", "coordinates": [[-95.3848526085166, 29.7496073312278], [-95.3848337064533, 29.7489256325914]]}, "properties": {"centerlineid": 10134221, "roadclass": "LOCAL", "fullname": "MASON ST", "fromleft": 2201, "toleft": 2299, "fromright": 2200, "toright": 2298, "onewaydir": " "}}, {"type": "Feature", "geometry": {"type": "LineString", "coordinates": [[-95.399360050421, 29.742000132171], [-95.3993522894708, 29.7412503426489]]}, "properties": {"centerlineid": 10134241, "roadclass": "LOCAL", "fullname": "MANDELL ST", "fromleft": 3401, "toleft": 3499, "fromright": 3400, "toright": 3498, "onewaydir": " "}}, {"type": "Feature", "geometry": {"type": "LineString", "coordinates": [[-95.3959420554917, 29.7546839972084], [-95.3959267899014, 29.7543615942384], [-95.3959192457924, 29.7539972061409]]}, "properties": {"centerlineid": 10134293, "roadclass": "LOCAL", "fullname": "HAZEL ST", "fromleft": 1401, "toleft": 1499, "fromright": 1400, "toright": 1498, "onewaydir": " "}}, {"type": "Feature", "geometry": {"type": "LineString", "coordinates": [[-95.3936893962084, 29.751740198138], [-95.39367201518, 29.7510705280294]]}, "properties": {"centerlineid": 10134395, "roadclass": "LOCAL", "fullname": "VAN BUREN ST", "fromleft": 1801, "toleft": 1899, "fromright": 1800, "toright": 1898, "onewaydir": " "}}, {"type": "Feature", "geometry": {"type": "LineString", "coordinates": [[-95.3854060006932, 29.7362378613203], [-95.3869317812861, 29.736218920919]]}, "properties": {"centerlineid": 10136666, "roadclass": "LOCAL", "fullname": "W MAIN ST", "fromleft": 501, "toleft": 599, "fromright": 500, "toright": 598, "onewaydir": " "}}, {"type": "Feature", "geometry": {"type": "LineString", "coordinates": [[-95.3834681045323, 29.7388986107056], [-95.383468139613, 29.7380194269421]]}, "properties": {"centerlineid": 10136674, "roadclass": "LOCAL", "fullname": "BRANDT ST", "fromleft": 3801, "toleft": 3899, "fromright": 3800, "toright": 3898, "onewaydir": " "}}, {"type": "Feature", "geometry": {"type": "LineString", "coordinates": [[-95.3912043090617, 29.7404836865022], [-95.3911965271698, 29.7396367179578]]}, "properties": {"centerlineid": 10136740, "roadclass": "MAJOR", "fullname": "MONTROSE BLVD", "fromleft": 3601, "toleft": 3699, "fromright": 3600, "toright": 3698, "onewaydir": " "}}, {"type": "Feature", "geometry": {"type": "LineString", "coordinates": [[-95.3946988713593, 29.7532892914314], [-95.3959122993899, 29.7532671458587]]}, "properties": {"centerlineid": 10134416, "roadclass": "MAJOR", "fullname": "W GRAY ST", "fromleft": 1221, "toleft": 1299, "fromright": 1220, "toright": 1298, "onewaydir": " "}}, {"type": "Feature", "geometry": {"type": "LineString", "coordinates": [[-95.388892448496, 29.7533946106957], [-95.3897088480714, 29.7533868393844]]}, "properties": {"centerlineid": 10134420, "roadclass": "MAJOR", "fullname": "W GRAY", "fromleft": 701, "toleft": 799, "fromright": 700, "toright": 798, "onewaydir": " "}}, {"type": "Feature", "geometry": {"type": "LineString", "coordinates": [[-95.383033189615, 29.7455286104402], [-95.3848031529192, 29.7454808823399]]}, "properties": {"centerlineid": 10134490, "roadclass": "LOCAL", "fullname": "AVONDALE ST", "fromleft": 201, "toleft": 299, "fromright": 200, "toright": 298, "onewaydir": " "}}, {"type": "Feature", "geometry": {"type": "LineString", "coordinates": [[-95.3873132910785, 29.7495302583524], [-95.3881116563962, 29.7495006502451]]}, "properties": {"centerlineid": 10134515, "roadclass": "LOCAL", "fullname": "W DREW ST", "fromleft": 501, "toleft": 599, "fromright": 500, "toright": 598, "onewaydir": " "}}, {"type": "Feature", "geometry": {"type": "LineString", "coordinates": [[-95.3872902186654, 29.7481931884311], [-95.3880953294588, 29.7481644305734]]}, "properties": {"centerlineid": 10134555, "roadclass": "LOCAL", "fullname": "FAIRVIEW AVE", "fromleft": 501, "toleft": 599, "fromright": 500, "toright": 598, "onewaydir": " "}}, {"type": "Feature", "geometry": {"type": "LineString", "coordinates": [[-95.3995777451011, 29.7450333928764], [-95.4004053058516, 29.7446512904085]]}, "properties": {"centerlineid": 10134564, "roadclass": "LOCAL", "fullname": "HAVER ST", "fromleft": 1801, "toleft": 1899, "fromright": 1800, "toright": 1898, "onewaydir": " "}}, {"type": "Feature", "geometry": {"type": "LineString", "coordinates": [[-95.3964914690192, 29.7344544778893], [-95.3967507083572, 29.7344487975916]]}, "properties": {"centerlineid": 10136874, "roadclass": "MAJOR", "fullname": "RICHMOND AVE", "fromleft": 1401, "toleft": 1403, "fromright": 1400, "toright": 1402, "onewaydir": " "}}, {"type": "Feature", "geometry": {"type": "LineString", "coordinates": [[-95.3896612793472, 29.7481367780449], [-95.3904517118219, 29.7481129285043]]}, "properties": {"centerlineid": 10134573, "roadclass": "LOCAL", "fullname": "FAIRVIEW AVE", "fromleft": 801, "toleft": 899, "fromright": 800, "toright": 898, "onewaydir": " "}}, {"type": "Feature", "geometry": {"type": "LineString", "coordinates": [[-95.3951469244159, 29.747987752583], [-95.3961599562159, 29.7474995028316], [-95.3962365404821, 29.7474621547552], [-95.3963117566051, 29.7474247709648], [-95.3963938932863, 29.7473851856598]]}, "properties": {"centerlineid": 10134615, "roadclass": "LOCAL", "fullname": "FAIRVIEW AVE", "fromleft": 1401, "toleft": 1499, "fromright": 1400, "toright": 1498, "onewaydir": " "}}, {"type": "Feature", "geometry": {"type": "LineString", "coordinates": [[-95.3946509989177, 29.747170625577], [-95.3958933678174, 29.7465869141316]]}, "properties": {"centerlineid": 10134621, "roadclass": "LOCAL", "fullname": "HYDE PARK BLVD", "fromleft": 1401, "toleft": 1499, "fromright": 1400, "toright": 1498, "onewaydir": " "}}, {"type": "Feature", "geometry": {"type": "LineString", "coordinates": [[-95.3927912348738, 29.7480845861681], [-95.393590097824, 29.7480681937325]]}, "properties": {"centerlineid": 10134625, "roadclass": "LOCAL", "fullname": "FAIRVIEW AVE", "fromleft": 1201, "toleft": 1299, "fromright": 1200, "toright": 1298, "onewaydir": " "}}, {"type": "Feature", "geometry": {"type": "LineString", "coordinates": [[-95.3823617026165, 29.7493377145329], [-95.382819439042, 29.7487729759396]]}, "properties": {"centerlineid": 10134657, "roadclass": "LOCAL", "fullname": "ALBANY ST", "fromleft": 2701, "toleft": 2799, "fromright": 2700, "toright": 2798, "onewaydir": " "}}, {"type": "Feature", "geometry": {"type": "LineString", "coordinates": [[-95.4008019138588, 29.7453036057842], [-95.4013054530931, 29.745069056193]]}, "properties": {"centerlineid": 10134661, "roadclass": "LOCAL", "fullname": "FAIRVIEW AVE", "fromleft": 1821, "toleft": 1839, "fromright": 1820, "toright": 1838, "onewaydir": " "}}, {"type": "Feature", "geometry": {"type": "LineString", "coordinates": [[-95.400519670527, 29.7437319696805], [-95.4011986581477, 29.7437337904451], [-95.4012901835469, 29.7437776023207]]}, "properties": {"centerlineid": 10134662, "roadclass": "LOCAL", "fullname": "MISSOURI ST", "fromleft": 1821, "toleft": 1851, "fromright": 1820, "toright": 1850, "onewaydir": " "}}, {"type": "Feature", "geometry": {"type": "LineString", "coordinates": [[-95.3833763621065, 29.7336401449539], [-95.3838183693384, 29.7330821577317]]}, "properties": {"centerlineid": 10137049, "roadclass": "MAJOR", "fullname": "MAIN ST", "fromleft": 4501, "toleft": 4599, "fromright": 4500, "toright": 4598, "onewaydir": " "}}, {"type": "Feature", "geometry": {"type": "LineString", "coordinates": [[-95.384839169253, 29.7345563507033], [-95.3851650492405, 29.7345435420865], [-95.3853546635711, 29.7345381240935], [-95.3854740791617, 29.7345267812145], [-95.3857569319174, 29.7345270592508]]}, "properties": {"centerlineid": 10137077, "roadclass": "MAJOR", "fullname": "RICHMOND AVE", "fromleft": 0, "toleft": 0, "fromright": 0, "toright": 0, "onewaydir": " "}}, {"type": "Feature", "geometry": {"type": "LineString", "coordinates": [[-95.3838343408115, 29.7397740970087], [-95.3822168344817, 29.7397836897766], [-95.3821893218689, 29.7397865989156], [-95.3821627044227, 29.7397933344158], [-95.3821376761307, 29.7398037206651], [-95.3821148895479, 29.7398174868661], [-95.3820794563444, 29.7398427780917]]}, "properties": {"centerlineid": 10137085, "roadclass": "LOCAL", "fullname": "MARSHALL ST", "fromleft": 401, "toleft": 499, "fromright": 400, "toright": 498, "onewaydir": " "}}, {"type": "Feature", "geometry": {"type": "LineString", "coordinates": [[-95.3826047337498, 29.7330551113157], [-95.3831877802166, 29.7323510620596], [-95.3832162904617, 29.7323166334104]]}, "properties": {"centerlineid": 10137327, "roadclass": "MAJOR", "fullname": "FANNIN ST", "fromleft": 4501, "toleft": 4599, "fromright": 4500, "toright": 4598, "onewaydir": "FT"}}, {"type": "Feature", "geometry": {"type": "LineString", "coordinates": [[-95.3794166883087, 29.7403025381859], [-95.3799736629289, 29.7395796797432]]}, "properties": {"centerlineid": 10137584, "roadclass": "LOCAL", "fullname": "TRAVIS ST", "fromleft": 3501, "toleft": 3599, "fromright": 3500, "toright": 3598, "onewaydir": "FT"}}, {"type": "Feature", "geometry": {"type": "LineString", "coordinates": [[-95.3767922656887, 29.7387270159381], [-95.3773491999617, 29.7380041656016]]}, "properties": {"centerlineid": 10137586, "roadclass": "LOCAL", "fullname": "SAN JACINTO ST", "fromleft": 3501, "toleft": 3599, "fromright": 3500, "toright": 3598, "onewaydir": "FT"}}, {"type": "Feature", "geometry": {"type": "LineString", "coordinates": [[-95.3810367733175, 29.7366072303175], [-95.3805992779798, 29.7363446699646]]}, "properties": {"centerlineid": 10137630, "roadclass": "LOCAL", "fullname": "ISABELLA ST", "fromleft": 1001, "toleft": 1015, "fromright": 1000, "toright": 1014, "onewaydir": " "}}, {"type": "Feature", "geometry": {"type": "LineString", "coordinates": [[-95.4020913135878, 29.7447598901643], [-95.4020913059966, 29.743770046876]]}, "properties": {"centerlineid": 10133627, "roadclass": "MAJOR", "fullname": "DUNLAVY ST", "fromleft": 2401, "toleft": 2499, "fromright": 2400, "toright": 2498, "onewaydir": " "}}, {"type": "Feature", "geometry": {"type": "LineString", "coordinates": [[-95.4088433538888, 29.7481493889657], [-95.4088280751726, 29.7469190625895]]}, "properties": {"centerlineid": 10133713, "roadclass": "LOCAL", "fullname": "BRUN ST", "fromleft": 2001, "toleft": 2099, "fromright": 2000, "toright": 2098, "onewaydir": " "}}, {"type": "Feature", "geometry": {"type": "LineString", "coordinates": [[-95.4064172014186, 29.7523454553556], [-95.407210796486, 29.7523415720172]]}, "properties": {"centerlineid": 10133781, "roadclass": "LOCAL", "fullname": "PEDEN ST", "fromleft": 1945, "toleft": 1967, "fromright": 1944, "toright": 1966, "onewaydir": " "}}, {"type": "Feature", "geometry": {"type": "LineString", "coordinates": [[-95.4107431334085, 29.7421849625437], [-95.4107278595277, 29.7414887940792]]}, "properties": {"centerlineid": 10133800, "roadclass": "MAJOR", "fullname": "S SHEPHERD DR", "fromleft": 2607, "toleft": 2619, "fromright": 2606, "toright": 2618, "onewaydir": " "}}, {"type": "Feature", "geometry": {"type": "LineString", "coordinates": [[-95.4063866093942, 29.7507470937821], [-95.4071724504365, 29.7507375146934]]}, "properties": {"centerlineid": 10133834, "roadclass": "LOCAL", "fullname": "HADDON ST", "fromleft": 1965, "toleft": 1971, "fromright": 1964, "toright": 1970, "onewaydir": " "}}, {"type": "Feature", "geometry": {"type": "LineString", "coordinates": [[-95.4107125322612, 29.7530112598808], [-95.4110253772307, 29.7529939158742], [-95.4113534830787, 29.7529519540656]]}, "properties": {"centerlineid": 10133891, "roadclass": "LOCAL", "fullname": "INWOOD DR", "fromleft": 2101, "toleft": 2115, "fromright": 2100, "toright": 2114, "onewaydir": " "}}, {"type": "Feature", "geometry": {"type": "LineString", "coordinates": [[-95.4071343301395, 29.7481703687168], [-95.4071115265574, 29.7470105913378], [-95.4071115284097, 29.7469439335449]]}, "properties": {"centerlineid": 10133950, "roadclass": "LOCAL", "fullname": "HAZARD ST", "fromleft": 2001, "toleft": 2099, "fromright": 2000, "toright": 2098, "onewaydir": " "}}, {"type": "Feature", "geometry": {"type": "LineString", "coordinates": [[-95.4063332216292, 29.7469553418166], [-95.406325703421, 29.7466406820563], [-95.4063257129119, 29.7463831172232], [-95.4063028840755, 29.7447142558134]]}, "properties": {"centerlineid": 10133969, "roadclass": "LOCAL", "fullname": "DRISCOLL ST", "fromleft": 2101, "toleft": 2399, "fromright": 2100, "toright": 2398, "onewaydir": " "}}, {"type": "Feature", "geometry": {"type": "LineString", "coordinates": [[-95.4064249702928, 29.7530950096516], [-95.4064172014186, 29.7523454553556]]}, "properties": {"centerlineid": 10133987, "roadclass": "LOCAL", "fullname": "DRISCOLL ST", "fromleft": 1401, "toleft": 1499, "fromright": 1400, "toright": 1498, "onewaydir": " "}}, {"type": "Feature", "geometry": {"type": "LineString", "coordinates": [[-95.3873207765566, 29.7508920259936], [-95.3873360679563, 29.7508215003017], [-95.3873207719593, 29.7502207325781]]}, "properties": {"centerlineid": 10134041, "roadclass": "LOCAL", "fullname": "WHITNEY ST", "fromleft": 2001, "toleft": 2099, "fromright": 2000, "toright": 2098, "onewaydir": " "}}, {"type": "Feature", "geometry": {"type": "LineString", "coordinates": [[-95.3839945066236, 29.7503160958146], [-95.3832239470437, 29.7498449145134]]}, "properties": {"centerlineid": 10134045, "roadclass": "LOCAL", "fullname": "DENNIS ST", "fromleft": 1, "toleft": 95, "fromright": 2, "toright": 94, "onewaydir": " "}}, {"type": "Feature", "geometry": {"type": "LineString", "coordinates": [[-95.4070351156148, 29.7411608973567], [-95.4070275512416, 29.7403100791298]]}, "properties": {"centerlineid": 10132115, "roadclass": "LOCAL", "fullname": "HAZARD ST", "fromleft": 3501, "toleft": 3599, "fromright": 3500, "toright": 3598, "onewaydir": " "}}, {"type": "Feature", "geometry": {"type": "LineString", "coordinates": [[-95.3819345784726, 29.7416300271585], [-95.3819268129219, 29.7414717058928]]}, "properties": {"centerlineid": 10135595, "roadclass": "MAJOR", "fullname": "BAGBY ST", "fromleft": 0, "toleft": 0, "fromright": 3600, "toright": 3638, "onewaydir": "FT"}}, {"type": "Feature", "geometry": {"type": "LineString", "coordinates": [[-95.3795237098143, 29.7525439859147], [-95.3795236908308, 29.7520593182963]]}, "properties": {"centerlineid": 10135967, "roadclass": "LOCAL", "fullname": "CUSHING ST", "fromleft": 1807, "toleft": 1899, "fromright": 1806, "toright": 1898, "onewaydir": " "}}, {"type": "Feature", "geometry": {"type": "LineString", "coordinates": [[-95.3797981738368, 29.7477945611562], [-95.3789514343115, 29.7472795684093]]}, "properties": {"centerlineid": 10136017, "roadclass": "LOCAL", "fullname": "DENNIS ST", "fromleft": 401, "toleft": 499, "fromright": 400, "toright": 498, "onewaydir": " "}}, {"type": "Feature", "geometry": {"type": "LineString", "coordinates": [[-95.3771737642789, 29.7511190350224], [-95.377738267014, 29.7503770380607]]}, "properties": {"centerlineid": 10136330, "roadclass": "MAJOR", "fullname": "BAGBY ST", "fromleft": 2201, "toleft": 2299, "fromright": 2200, "toright": 2298, "onewaydir": "FT"}}, {"type": "Feature", "geometry": {"type": "LineString", "coordinates": [[-95.3980363460815, 29.7530124716222], [-95.3980324498044, 29.7528748016895], [-95.3980347781632, 29.752746850661], [-95.3980298683922, 29.7526378127005], [-95.3980134149118, 29.7525456594888], [-95.3979897933499, 29.7524705097834], [-95.3979593394254, 29.7524028187777]]}, "properties": {"centerlineid": 10134312, "roadclass": "MAJOR", "fullname": "WAUGH DR", "fromleft": 1633, "toleft": 1699, "fromright": 1632, "toright": 1698, "onewaydir": "FT"}}, {"type": "Feature", "geometry": {"type": "LineString", "coordinates": [[-95.3990431194821, 29.7484732329006], [-95.3986602011863, 29.7478768527183]]}, "properties": {"centerlineid": 10134363, "roadclass": "LOCAL", "fullname": "YUPON ST", "fromleft": 2101, "toleft": 2149, "fromright": 2100, "toright": 2148, "onewaydir": " "}}, {"type": "Feature", "geometry": {"type": "LineString", "coordinates": [[-95.3840248553621, 29.7532515179322], [-95.3847344814917, 29.7534135237778], [-95.3848259466658, 29.7534651127702]]}, "properties": {"centerlineid": 10134407, "roadclass": "MAJOR", "fullname": "W GRAY ST", "fromleft": 243, "toleft": 257, "fromright": 242, "toright": 256, "onewaydir": " "}}, {"type": "Feature", "geometry": {"type": "LineString", "coordinates": [[-95.3832550845221, 29.7379143842662], [-95.38339317565, 29.7376009434552], [-95.3835790232342, 29.7371213721238]]}, "properties": {"centerlineid": 10136673, "roadclass": "LOCAL", "fullname": "MILAM ST", "fromleft": 3827, "toleft": 3899, "fromright": 3826, "toright": 3898, "onewaydir": "TF"}}, {"type": "Feature", "geometry": {"type": "LineString", "coordinates": [[-95.3820335912768, 29.740697278812], [-95.3820708068614, 29.7406970279755], [-95.3838571437149, 29.7406783179964]]}, "properties": {"centerlineid": 10134489, "roadclass": "LOCAL", "fullname": "WESTMORELAND ST", "fromleft": 401, "toleft": 499, "fromright": 400, "toright": 498, "onewaydir": " "}}, {"type": "Feature", "geometry": {"type": "LineString", "coordinates": [[-95.385985750001, 29.7467931374493], [-95.3864968662747, 29.7467837583845]]}, "properties": {"centerlineid": 10134527, "roadclass": "LOCAL", "fullname": "PACIFIC ST", "fromleft": 317, "toleft": 399, "fromright": 316, "toright": 398, "onewaydir": " "}}, {"type": "Feature", "geometry": {"type": "LineString", "coordinates": [[-95.3936048826013, 29.7454889165434], [-95.3948433953361, 29.7449125357827]]}, "properties": {"centerlineid": 10134538, "roadclass": "LOCAL", "fullname": "CALIFORNIA ST", "fromleft": 1401, "toleft": 1499, "fromright": 1400, "toright": 1498, "onewaydir": " "}}, {"type": "Feature", "geometry": {"type": "LineString", "coordinates": [[-95.3881317104715, 29.7508707643858], [-95.3889161167644, 29.7508557246094]]}, "properties": {"centerlineid": 10134561, "roadclass": "LOCAL", "fullname": "WILLARD ST", "fromleft": 601, "toleft": 699, "fromright": 600, "toright": 698, "onewaydir": " "}}, {"type": "Feature", "geometry": {"type": "LineString", "coordinates": [[-95.3991693048113, 29.744376559194], [-95.3999932524523, 29.7439836269514]]}, "properties": {"centerlineid": 10134566, "roadclass": "LOCAL", "fullname": "CHERRYHURST ST", "fromleft": 1801, "toleft": 1899, "fromright": 1800, "toright": 1898, "onewaydir": " "}}, {"type": "Feature", "geometry": {"type": "LineString", "coordinates": [[-95.3889001845076, 29.7396636411392], [-95.388892441931, 29.7387995543494]]}, "properties": {"centerlineid": 10136909, "roadclass": "LOCAL", "fullname": "STANFORD ST", "fromleft": 3701, "toleft": 3799, "fromright": 3700, "toright": 3798, "onewaydir": " "}}, {"type": "Feature", "geometry": {"type": "LineString", "coordinates": [[-95.3962787765263, 29.7497882079718], [-95.3975136792904, 29.7492078641805]]}, "properties": {"centerlineid": 10134584, "roadclass": "LOCAL", "fullname": "INDIANA ST", "fromleft": 1401, "toleft": 1499, "fromright": 1400, "toright": 1498, "onewaydir": " "}}, {"type": "Feature", "geometry": {"type": "LineString", "coordinates": [[-95.4005048501615, 29.7485669742006], [-95.4011758840064, 29.748275319531], [-95.4012520614025, 29.7482465716087], [-95.4013360200804, 29.7482390585249]]}, "properties": {"centerlineid": 10134627, "roadclass": "LOCAL", "fullname": "WELCH ST", "fromleft": 1701, "toleft": 1799, "fromright": 1700, "toright": 1798, "onewaydir": " "}}, {"type": "Feature", "geometry": {"type": "LineString", "coordinates": [[-95.3795540708957, 29.7384828499465], [-95.3790354307537, 29.7381720971144]]}, "properties": {"centerlineid": 10137212, "roadclass": "LOCAL", "fullname": "WINBERN ST", "fromleft": 1001, "toleft": 1019, "fromright": 1000, "toright": 1018, "onewaydir": " "}}, {"type": "Feature", "geometry": {"type": "LineString", "coordinates": [[-95.3806213528302, 29.7354784789327], [-95.3811868202015, 29.7347636814311]]}, "properties": {"centerlineid": 10137320, "roadclass": "MAJOR", "fullname": "FANNIN ST", "fromleft": 4101, "toleft": 4199, "fromright": 4100, "toright": 4198, "onewaydir": "FT"}}, {"type": "Feature", "geometry": {"type": "MultiLineString", "coordinates": [[[-95.37862331163, 29.7332187225479], [-95.3790155133125, 29.7327079590088]], [[-95.3790155133125, 29.7327079590088], [-95.3790657326497, 29.7326425574406]]]}, "properties": {"centerlineid": 10137323, "roadclass": "LOCAL", "fullname": "AUSTIN ST", "fromleft": 4201, "toleft": 4299, "fromright": 4200, "toright": 4298, "onewaydir": "FT"}}, {"type": "Feature", "geometry": {"type": "LineString", "coordinates": [[-95.3788980421479, 29.734481199056], [-95.3792184112439, 29.7340807335437], [-95.3794931206511, 29.7337412302477]]}, "properties": {"centerlineid": 10137379, "roadclass": "LOCAL", "fullname": "CAROLINE ST", "fromleft": 4101, "toleft": 4199, "fromright": 4100, "toright": 4198, "onewaydir": "FT"}}, {"type": "Feature", "geometry": {"type": "LineString", "coordinates": [[-95.3791191675473, 29.7374166323625], [-95.3797144741616, 29.7366481515915]]}, "properties": {"centerlineid": 10137623, "roadclass": "MAJOR", "fullname": "FANNIN ST", "fromleft": 3801, "toleft": 3899, "fromright": 3800, "toright": 3898, "onewaydir": "FT"}}, {"type": "Feature", "geometry": {"type": "LineString", "coordinates": [[-95.4021283945947, 29.734322838712], [-95.4027853608821, 29.7343146127536], [-95.4034952411719, 29.7343057212303]]}, "properties": {"centerlineid": 10132401, "roadclass": "MAJOR", "fullname": "RICHMOND AVE", "fromleft": 1701, "toleft": 1717, "fromright": 1700, "toright": 1716, "onewaydir": " "}}, {"type": "Feature", "geometry": {"type": "LineString", "coordinates": [[-95.4098199584514, 29.750716564483], [-95.4097818192075, 29.7491145583917]]}, "properties": {"centerlineid": 10133637, "roadclass": "LOCAL", "fullname": "HULDY ST", "fromleft": 1701, "toleft": 1899, "fromright": 1700, "toright": 1898, "onewaydir": " "}}, {"type": "Feature", "geometry": {"type": "LineString", "coordinates": [[-95.4037850082221, 29.744742749829], [-95.4046242361446, 29.744729550196]]}, "properties": {"centerlineid": 10133656, "roadclass": "LOCAL", "fullname": "FAIRVIEW AVE", "fromleft": 1925, "toleft": 1927, "fromright": 1924, "toright": 1926, "onewaydir": " "}}, {"type": "Feature", "geometry": {"type": "LineString", "coordinates": [[-95.4071724504365, 29.7507375146934], [-95.4071420925503, 29.7491412511392]]}, "properties": {"centerlineid": 10133710, "roadclass": "LOCAL", "fullname": "HAZARD ST", "fromleft": 1701, "toleft": 1899, "fromright": 1700, "toright": 1898, "onewaydir": " "}}, {"type": "Feature", "geometry": {"type": "LineString", "coordinates": [[-95.4025795809044, 29.7492003357066], [-95.4028696065314, 29.7491964463728], [-95.4029839272089, 29.7491850477782]]}, "properties": {"centerlineid": 10133831, "roadclass": "LOCAL", "fullname": "VERMONT ST", "fromleft": 1905, "toleft": 1909, "fromright": 1904, "toright": 1908, "onewaydir": " "}}, {"type": "Feature", "geometry": {"type": "LineString", "coordinates": [[-95.4046929169611, 29.7491716096181], [-95.4046854078891, 29.7482123621126]]}, "properties": {"centerlineid": 10133925, "roadclass": "LOCAL", "fullname": "WOODHEAD ST", "fromleft": 1901, "toleft": 1999, "fromright": 1900, "toright": 1998, "onewaydir": " "}}, {"type": "Feature", "geometry": {"type": "LineString", "coordinates": [[-95.3889458641029, 29.7423987563229], [-95.3889230201643, 29.7413724294158]]}, "properties": {"centerlineid": 10134035, "roadclass": "LOCAL", "fullname": "STANFORD ST", "fromleft": 3401, "toleft": 3499, "fromright": 3400, "toright": 3498, "onewaydir": " "}}, {"type": "Feature", "geometry": {"type": "LineString", "coordinates": [[-95.3971435521586, 29.7485935271605], [-95.3986602011863, 29.7478768527183]]}, "properties": {"centerlineid": 10134038, "roadclass": "LOCAL", "fullname": "MICHIGAN ST", "fromleft": 1501, "toleft": 1699, "fromright": 1500, "toright": 1698, "onewaydir": " "}}, {"type": "Feature", "geometry": {"type": "LineString", "coordinates": [[-95.3918683590381, 29.7455286671625], [-95.3918471198391, 29.7446620684783]]}, "properties": {"centerlineid": 10134061, "roadclass": "LOCAL", "fullname": "LINCOLN ST", "fromleft": 2701, "toleft": 2799, "fromright": 2700, "toright": 2798, "onewaydir": " "}}, {"type": "Feature", "geometry": {"type": "LineString", "coordinates": [[-95.4115211696387, 29.7406630590577], [-95.4122994685492, 29.7406610164532]]}, "properties": {"centerlineid": 10132049, "roadclass": "LOCAL", "fullname": "HAROLD ST", "fromleft": 2121, "toleft": 2139, "fromright": 2120, "toright": 2138, "onewaydir": " "}}, {"type": "Feature", "geometry": {"type": "LineString", "coordinates": [[-95.4128870512912, 29.7342199144684], [-95.4163431499675, 29.7341857009423]]}, "properties": {"centerlineid": 10132084, "roadclass": "MAJOR", "fullname": "RICHMOND AVE", "fromleft": 2201, "toleft": 2399, "fromright": 2200, "toright": 2398, "onewaydir": " "}}, {"type": "Feature", "geometry": {"type": "LineString", "coordinates": [[-95.4045436001717, 29.7386325648395], [-95.4045252226577, 29.7377465401662]]}, "properties": {"centerlineid": 10132177, "roadclass": "LOCAL", "fullname": "WOODHEAD ST", "fromleft": 3801, "toleft": 3899, "fromright": 3800, "toright": 3898, "onewaydir": " "}}, {"type": "Feature", "geometry": {"type": "LineString", "coordinates": [[-95.4081643092151, 29.7400355935939], [-95.4094156088871, 29.7400125241861]]}, "properties": {"centerlineid": 10132205, "roadclass": "LOCAL", "fullname": "KIPLING ST", "fromleft": 2001, "toleft": 2025, "fromright": 2000, "toright": 2024, "onewaydir": " "}}, {"type": "Feature", "geometry": {"type": "LineString", "coordinates": [[-95.4062645815174, 29.7368578400942], [-95.4062570489921, 29.7360032978962]]}, "properties": {"centerlineid": 10132301, "roadclass": "LOCAL", "fullname": "DRISCOLL ST", "fromleft": 4001, "toleft": 4099, "fromright": 4000, "toright": 4098, "onewaydir": " "}}, {"type": "Feature", "geometry": {"type": "LineString", "coordinates": [[-95.4062417370249, 29.7351622699556], [-95.4062417602709, 29.7348074826097], [-95.4062417476232, 29.7342676019898]]}, "properties": {"centerlineid": 10132339, "roadclass": "LOCAL", "fullname": "DRISCOLL ST", "fromleft": 4201, "toleft": 4299, "fromright": 4200, "toright": 4298, "onewaydir": " "}}, {"type": "Feature", "geometry": {"type": "LineString", "coordinates": [[-95.4019539372024, 29.7352042648174], [-95.402004189375, 29.7349037633912], [-95.4020414522089, 29.7346496623469], [-95.4021283945947, 29.734322838712]]}, "properties": {"centerlineid": 10132403, "roadclass": "MAJOR", "fullname": "DUNLAVY ST", "fromleft": 4201, "toleft": 4299, "fromright": 4200, "toright": 4298, "onewaydir": " "}}, {"type": "Feature", "geometry": {"type": "LineString", "coordinates": [[-95.3817057022785, 29.7444509569889], [-95.3817513345471, 29.7443156128631], [-95.3817591149602, 29.7440390907364], [-95.3817894427373, 29.743777595815], [-95.3818428630822, 29.743577478126]]}, "properties": {"centerlineid": 10135908, "roadclass": "MAJOR", "fullname": "BAGBY ST", "fromleft": 3201, "toleft": 3249, "fromright": 3200, "toright": 3248, "onewaydir": " "}}, {"type": "Feature", "geometry": {"type": "LineString", "coordinates": [[-95.377265237001, 29.750083376557], [-95.3768990103685, 29.7498640959955]]}, "properties": {"centerlineid": 10135995, "roadclass": "LOCAL", "fullname": "HADLEY ST", "fromleft": 411, "toleft": 499, "fromright": 410, "toright": 498, "onewaydir": " "}}, {"type": "Feature", "geometry": {"type": "LineString", "coordinates": [[-95.3812861074228, 29.7520518071402], [-95.382163401369, 29.7520479146119]]}, "properties": {"centerlineid": 10136159, "roadclass": "LOCAL", "fullname": "W WEBSTER ST", "fromleft": 1401, "toleft": 1499, "fromright": 1400, "toright": 1498, "onewaydir": " "}}, {"type": "Feature", "geometry": {"type": "LineString", "coordinates": [[-95.3766092523449, 29.7486490824019], [-95.3770516992763, 29.7480788793675]]}, "properties": {"centerlineid": 10136303, "roadclass": "LOCAL", "fullname": "SMITH ST", "fromleft": 2401, "toleft": 2499, "fromright": 2400, "toright": 2498, "onewaydir": "FT"}}, {"type": "Feature", "geometry": {"type": "LineString", "coordinates": [[-95.3797981738368, 29.7477945611562], [-95.3802408679451, 29.7472243547193]]}, "properties": {"centerlineid": 10136325, "roadclass": "MAJOR", "fullname": "BAGBY ST", "fromleft": 2701, "toleft": 2799, "fromright": 2700, "toright": 2798, "onewaydir": "FT"}}, {"type": "Feature", "geometry": {"type": "LineString", "coordinates": [[-95.3789361339208, 29.7408919089001], [-95.3794166883087, 29.7403025381859]]}, "properties": {"centerlineid": 10136348, "roadclass": "LOCAL", "fullname": "TRAVIS ST", "fromleft": 3401, "toleft": 3499, "fromright": 3400, "toright": 3498, "onewaydir": "FT"}}, {"type": "Feature", "geometry": {"type": "LineString", "coordinates": [[-95.3948128166825, 29.7439359623897], [-95.3957666111442, 29.7434152770679], [-95.3959192626339, 29.7433523058568]]}, "properties": {"centerlineid": 10134153, "roadclass": "MAJOR", "fullname": "WESTHEIMER RD", "fromleft": 1311, "toleft": 1399, "fromright": 1310, "toright": 1398, "onewaydir": " "}}, {"type": "Feature", "geometry": {"type": "LineString", "coordinates": [[-95.3927578368398, 29.7462900917965], [-95.3927358706107, 29.7455180772615]]}, "properties": {"centerlineid": 10134213, "roadclass": "LOCAL", "fullname": "YOAKUM BLVD", "fromleft": 2601, "toleft": 2699, "fromright": 2600, "toright": 2698, "onewaydir": " "}}, {"type": "Feature", "geometry": {"type": "LineString", "coordinates": [[-95.3839867403504, 29.7489409207772], [-95.3839867687172, 29.7488017421255], [-95.3839792378101, 29.7486472393456]]}, "properties": {"centerlineid": 10134324, "roadclass": "LOCAL", "fullname": "GENESEE ST", "fromleft": 2301, "toleft": 2305, "fromright": 2300, "toright": 2304, "onewaydir": " "}}, {"type": "Feature", "geometry": {"type": "LineString", "coordinates": [[-95.4013435802888, 29.7492156129678], [-95.4013360200804, 29.7482390585249]]}, "properties": {"centerlineid": 10134357, "roadclass": "LOCAL", "fullname": "RIDGEWOOD ST", "fromleft": 1901, "toleft": 1999, "fromright": 1900, "toright": 1998, "onewaydir": " "}}, {"type": "Feature", "geometry": {"type": "LineString", "coordinates": [[-95.3946509989177, 29.747170625577], [-95.3940785921727, 29.7462410850677]]}, "properties": {"centerlineid": 10134372, "roadclass": "MAJOR", "fullname": "WAUGH DR", "fromleft": 2501, "toleft": 2599, "fromright": 2500, "toright": 2598, "onewaydir": "FT"}}, {"type": "Feature", "geometry": {"type": "LineString", "coordinates": [[-95.393782867717, 29.741311497205], [-95.3947824692399, 29.7412980696489]]}, "properties": {"centerlineid": 10134383, "roadclass": "LOCAL", "fullname": "HAROLD ST", "fromleft": 1201, "toleft": 1299, "fromright": 1200, "toright": 1298, "onewaydir": " "}}, {"type": "Feature", "geometry": {"type": "LineString", "coordinates": [[-95.3857416011088, 29.7520040939319], [-95.3857263479236, 29.7515845131369]]}, "properties": {"centerlineid": 10134389, "roadclass": "LOCAL", "fullname": "TAFT ST", "fromleft": 1901, "toleft": 1907, "fromright": 1900, "toright": 1906, "onewaydir": " "}}, {"type": "Feature", "geometry": {"type": "LineString", "coordinates": [[-95.3964762001991, 29.7335466018874], [-95.3968424230697, 29.7335390556376], [-95.3973001486117, 29.7335333644781], [-95.3993828840089, 29.7335123738351], [-95.3995202249924, 29.7335504883239]]}, "properties": {"centerlineid": 10136709, "roadclass": "LOCAL", "fullname": "BONNIE BRAE ST", "fromleft": 1401, "toleft": 1599, "fromright": 1400, "toright": 1598, "onewaydir": " "}}, {"type": "Feature", "geometry": {"type": "LineString", "coordinates": [[-95.3853907128081, 29.7349751914297], [-95.3856348315501, 29.7346892753576], [-95.3857569319174, 29.7345270592508]]}, "properties": {"centerlineid": 10136719, "roadclass": "LOCAL", "fullname": "MILAM ST", "fromleft": 4201, "toleft": 4299, "fromright": 4200, "toright": 4298, "onewaydir": "TF"}}, {"type": "Feature", "geometry": {"type": "LineString", "coordinates": [[-95.3820336010797, 29.7415899068605], [-95.3821579689299, 29.7415896366143], [-95.3838646756626, 29.741586220271]]}, "properties": {"centerlineid": 10134488, "roadclass": "LOCAL", "fullname": "EMERSON ST", "fromleft": 401, "toleft": 499, "fromright": 400, "toright": 498, "onewaydir": " "}}, {"type": "Feature", "geometry": {"type": "LineString", "coordinates": [[-95.393536206669, 29.7462784143603], [-95.3937677579481, 29.7462699761991], [-95.3938367969318, 29.7462680138519], [-95.3939213151544, 29.7462616917405], [-95.3939971176985, 29.7462541781405], [-95.3940785921727, 29.7462410850677]]}, "properties": {"centerlineid": 10134518, "roadclass": "LOCAL", "fullname": "MISSOURI ST", "fromleft": 1301, "toleft": 1399, "fromright": 1300, "toright": 1398, "onewaydir": " "}}, {"type": "Feature", "geometry": {"type": "LineString", "coordinates": [[-95.3904608218678, 29.7474278257799], [-95.3908914755926, 29.7474092064382], [-95.3909905086631, 29.7473959653465]]}, "properties": {"centerlineid": 10134546, "roadclass": "LOCAL", "fullname": "HYDE PARK BLVD", "fromleft": 901, "toleft": 999, "fromright": 900, "toright": 998, "onewaydir": " "}}, {"type": "Feature", "geometry": {"type": "LineString", "coordinates": [[-95.3848031529192, 29.7454808823399], [-95.3849786058846, 29.7454772441659], [-95.3859627296857, 29.7454505777045]]}, "properties": {"centerlineid": 10134547, "roadclass": "LOCAL", "fullname": "AVONDALE ST", "fromleft": 301, "toleft": 399, "fromright": 300, "toright": 398, "onewaydir": " "}}, {"type": "Feature", "geometry": {"type": "LineString", "coordinates": [[-95.3911356055021, 29.734481158268], [-95.3925087305665, 29.7344871149138]]}, "properties": {"centerlineid": 10136792, "roadclass": "MAJOR", "fullname": "RICHMOND AVE", "fromleft": 1001, "toleft": 1099, "fromright": 1000, "toright": 1098, "onewaydir": " "}}, {"type": "Feature", "geometry": {"type": "LineString", "coordinates": [[-95.388892441931, 29.7387995543494], [-95.3888924445514, 29.7378973906071]]}, "properties": {"centerlineid": 10136908, "roadclass": "LOCAL", "fullname": "STANFORD ST", "fromleft": 3801, "toleft": 3899, "fromright": 3800, "toright": 3898, "onewaydir": " "}}, {"type": "Feature", "geometry": {"type": "LineString", "coordinates": [[-95.3963938932863, 29.7473851856598], [-95.3958933678174, 29.7465869141316]]}, "properties": {"centerlineid": 10134664, "roadclass": "MAJOR", "fullname": "COMMONWEALTH ST", "fromleft": 2401, "toleft": 2499, "fromright": 2400, "toright": 2498, "onewaydir": "FT"}}, {"type": "Feature", "geometry": {"type": "LineString", "coordinates": [[-95.3925087305665, 29.7344871149138], [-95.3925087652481, 29.7344394355378], [-95.3924784273249, 29.7319883963519]]}, "properties": {"centerlineid": 10136990, "roadclass": "LOCAL", "fullname": "YOAKUM BLVD", "fromleft": 4301, "toleft": 4599, "fromright": 4300, "toright": 4598, "onewaydir": " "}}, {"type": "Feature", "geometry": {"type": "LineString", "coordinates": [[-95.3844444741272, 29.7388949616478], [-95.3848412259449, 29.7388928753362], [-95.3854340121294, 29.7388803996585]]}, "properties": {"centerlineid": 10137086, "roadclass": "MAJOR", "fullname": "W ALABAMA ST", "fromleft": 401, "toleft": 499, "fromright": 400, "toright": 498, "onewaydir": " "}}, {"type": "Feature", "geometry": {"type": "LineString", "coordinates": [[-95.3808359097212, 29.7400946690163], [-95.3799736629289, 29.7395796797432]]}, "properties": {"centerlineid": 10137241, "roadclass": "LOCAL", "fullname": "BERRY ST", "fromleft": 801, "toleft": 899, "fromright": 800, "toright": 898, "onewaydir": " "}}, {"type": "Feature", "geometry": {"type": "LineString", "coordinates": [[-95.3810367733175, 29.7366072303175], [-95.3813395019864, 29.7362342309447], [-95.3815077351944, 29.7360135964585]]}, "properties": {"centerlineid": 10137522, "roadclass": "MAJOR", "fullname": "MAIN ST", "fromleft": 4001, "toleft": 4099, "fromright": 4000, "toright": 4098, "onewaydir": " "}}, {"type": "Feature", "geometry": {"type": "LineString", "coordinates": [[-95.4113729269294, 29.7425866204217], [-95.4113864205097, 29.742586217965], [-95.4115364689077, 29.7425817484622]]}, "properties": {"centerlineid": 10133859, "roadclass": "LOCAL", "fullname": "WESTHEIMER RD", "fromleft": 2111, "toleft": 2113, "fromright": 2110, "toright": 2112, "onewaydir": " "}}, {"type": "Feature", "geometry": {"type": "LineString", "coordinates": [[-95.4131370397073, 29.7425601460644], [-95.4135644551949, 29.7425415776799], [-95.4136041588374, 29.7425418032972]]}, "properties": {"centerlineid": 10133755, "roadclass": "MAJOR", "fullname": "WESTHEIMER RD", "fromleft": 2201, "toleft": 2209, "fromright": 2200, "toright": 2208, "onewaydir": " "}}, {"type": "Feature", "geometry": {"type": "LineString", "coordinates": [[-95.4046242361446, 29.744729550196], [-95.4046242431148, 29.7437415686177]]}, "properties": {"centerlineid": 10133646, "roadclass": "LOCAL", "fullname": "WOODHEAD ST", "fromleft": 2401, "toleft": 2499, "fromright": 2400, "toright": 2498, "onewaydir": " "}}, {"type": "Feature", "geometry": {"type": "LineString", "coordinates": [[-95.4106744416294, 29.7490800955484], [-95.41182649493, 29.7490476902376]]}, "properties": {"centerlineid": 10133664, "roadclass": "MAJOR", "fullname": "SAN FELIPE ST", "fromleft": 2101, "toleft": 2119, "fromright": 2100, "toright": 2118, "onewaydir": " "}}, {"type": "Feature", "geometry": {"type": "LineString", "coordinates": [[-95.4116891253879, 29.7481169705875], [-95.4123987292459, 29.7481206234768], [-95.4126428765895, 29.7481493951167]]}, "properties": {"centerlineid": 10133670, "roadclass": "LOCAL", "fullname": "WELCH ST", "fromleft": 2119, "toleft": 2199, "fromright": 2118, "toright": 2198, "onewaydir": " "}}, {"type": "Feature", "geometry": {"type": "LineString", "coordinates": [[-95.4089044928351, 29.7548327565929], [-95.4089959976405, 29.7548154402169], [-95.4097589922778, 29.7544893799279], [-95.4097867081148, 29.7544762641017], [-95.4097896601138, 29.7544748379729], [-95.4097925839457, 29.7544733670834], [-95.4097954782789, 29.7544718525259], [-95.4097983417818, 29.754470295393], [-95.4098011745338, 29.7544686934302], [-95.4098039751239, 29.7544670499847], [-95.4098067422998, 29.7544653638947], [-95.4098094746903, 29.7544636373801], [-95.4098121736667, 29.7544618682208], [-95.4098148365261, 29.7544600597297], [-95.4098174633081, 29.7544582107794], [-95.4098200526813, 29.7544563224625], [-95.4098226046058, 29.7544543959064], [-95.4098251165374, 29.7544524299146], [-95.4098275909809, 29.7544504268108], [-95.4098300240602, 29.7544483864912], [-95.4098324170279, 29.7544463101177], [-95.4098347672998, 29.7544441976212], [-95.409837076168, 29.7544420490361], [-95.4098393422613, 29.7544398665826], [-95.4098415642875, 29.7544376502259], [-95.4098437422073, 29.7544354010933], [-95.4098458747285, 29.7544331191504], [-95.4098479618512, 29.7544308043969], [-95.4098500022042, 29.7544284590531], [-95.4098519957478, 29.754426084246], [-95.4098539425612, 29.7544236777212], [-95.4098558411939, 29.7544212439532], [-95.4098576904333, 29.7544187806528], [-95.4098594914921, 29.7544162901091], [-95.4098612417863, 29.7544137722531], [-95.4098629425285, 29.7544112293738], [-95.4098645924665, 29.7544086603094], [-95.409866191521, 29.7544060673144], [-95.4098677384001, 29.7544034503543], [-95.4098692331036, 29.754400809429], [-95.4098706755127, 29.7543981479205], [-95.4098720644147, 29.7543954635395], [-95.4098733996907, 29.7543927596679], [-95.4098746813803, 29.7543900351784], [-95.4098759081122, 29.754387292291], [-95.4098770811784, 29.7543845310403], [-95.4098781992473, 29.754381752519], [-95.4098792609872, 29.7543789578197], [-95.4098802676902, 29.7543761469771], [-95.4098812180247, 29.7543733210839], [-95.4098821132031, 29.7543704824293], [-95.4098829506814, 29.7543676298167], [-95.4098837317118, 29.754364764408], [-95.409884456215, 29.754361888458], [-95.409885122899, 29.7543590019317], [-95.4098857330161, 29.7543561059914], [-95.4098862852744, 29.7543532006022], [-95.4098867795945, 29.7543502880188], [-95.4098872159765, 29.7543473682413], [-95.4098875931285, 29.7543444412349], [-95.4098879135152, 29.7543415104509], [-95.4098881758844, 29.7543385747272], [-95.4098883789045, 29.7543356351566], [-95.4098885238279, 29.754332692901], [-95.4098886106147, 29.7543297490877], [-95.4098886392255, 29.7543268048439], [-95.4098886111224, 29.7542433824399]]}, "properties": {"centerlineid": 10133688, "roadclass": "LOCAL", "fullname": "BRENTWOOD DR", "fromleft": 0, "toleft": 0, "fromright": 2000, "toright": 2060, "onewaydir": " "}}, {"type": "Feature", "geometry": {"type": "LineString", "coordinates": [[-95.4079430198778, 29.7491373745742], [-95.4088661905933, 29.7491316538277]]}, "properties": {"centerlineid": 10133731, "roadclass": "LOCAL", "fullname": "VERMONT ST", "fromleft": 2001, "toleft": 2017, "fromright": 2000, "toright": 2016, "onewaydir": " "}}, {"type": "Feature", "geometry": {"type": "LineString", "coordinates": [[-95.4046854078891, 29.7482123621126], [-95.4047846435214, 29.7482009295682], [-95.4055245968746, 29.7481950128385]]}, "properties": {"centerlineid": 10133736, "roadclass": "LOCAL", "fullname": "WELCH ST", "fromleft": 1947, "toleft": 1949, "fromright": 1946, "toright": 1948, "onewaydir": " "}}, {"type": "Feature", "geometry": {"type": "LineString", "coordinates": [[-95.4071343301395, 29.7481703687168], [-95.4079279361534, 29.7481682955652]]}, "properties": {"centerlineid": 10133739, "roadclass": "LOCAL", "fullname": "WELCH ST", "fromleft": 1975, "toleft": 1999, "fromright": 1974, "toright": 1998, "onewaydir": " "}}, {"type": "Feature", "geometry": {"type": "LineString", "coordinates": [[-95.4038155687118, 29.7469820328331], [-95.404662574568, 29.746964945298]]}, "properties": {"centerlineid": 10133741, "roadclass": "LOCAL", "fullname": "INDIANA ST", "fromleft": 1921, "toleft": 1935, "fromright": 1920, "toright": 1934, "onewaydir": " "}}, {"type": "Feature", "geometry": {"type": "LineString", "coordinates": [[-95.4014275300136, 29.7524198399903], [-95.4014047251736, 29.7523817343647], [-95.4014047434, 29.7523358704217], [-95.4013894141726, 29.7508616503715], [-95.4013741516111, 29.7507986740003]]}, "properties": {"centerlineid": 10133773, "roadclass": "LOCAL", "fullname": "RIDGEWOOD ST", "fromleft": 1501, "toleft": 1699, "fromright": 1500, "toright": 1698, "onewaydir": " "}}, {"type": "Feature", "geometry": {"type": "LineString", "coordinates": [[-95.4038308917273, 29.7482123603123], [-95.4038155687118, 29.7469820328331]]}, "properties": {"centerlineid": 10133932, "roadclass": "LOCAL", "fullname": "ELMEN ST", "fromleft": 2001, "toleft": 2099, "fromright": 2000, "toright": 2098, "onewaydir": " "}}, {"type": "Feature", "geometry": {"type": "LineString", "coordinates": [[-95.4046091745523, 29.7427457857817], [-95.4054483738347, 29.7427343928039]]}, "properties": {"centerlineid": 10133973, "roadclass": "MAJOR", "fullname": "WESTHEIMER RD", "fromleft": 1801, "toleft": 1821, "fromright": 1800, "toright": 1820, "onewaydir": " "}}, {"type": "Feature", "geometry": {"type": "LineString", "coordinates": [[-95.4126276073607, 29.7468674843846], [-95.4126351036828, 29.7468104694556], [-95.4126275997185, 29.7462840655069], [-95.4126047841428, 29.7447256384484]]}, "properties": {"centerlineid": 10133981, "roadclass": "LOCAL", "fullname": "PERSA ST", "fromleft": 2101, "toleft": 2399, "fromright": 2100, "toright": 2398, "onewaydir": " "}}, {"type": "Feature", "geometry": {"type": "LineString", "coordinates": [[-95.4030297672218, 29.7524102523329], [-95.4038842731847, 29.752400907314]]}, "properties": {"centerlineid": 10133983, "roadclass": "LOCAL", "fullname": "PEDEN ST", "fromleft": 1721, "toleft": 1899, "fromright": 1720, "toright": 1898, "onewaydir": " "}}, {"type": "Feature", "geometry": {"type": "LineString", "coordinates": [[-95.4083550730255, 29.7530626124431], [-95.4083550693428, 29.75232833826]]}, "properties": {"centerlineid": 10133988, "roadclass": "LOCAL", "fullname": "MCDUFFIE ST", "fromleft": 1401, "toleft": 1499, "fromright": 1400, "toright": 1498, "onewaydir": " "}}, {"type": "Feature", "geometry": {"type": "LineString", "coordinates": [[-95.3999932524523, 29.7439836269514], [-95.3995813972464, 29.7433255944788]]}, "properties": {"centerlineid": 10134028, "roadclass": "LOCAL", "fullname": "MANDELL ST", "fromleft": 2509, "toleft": 2699, "fromright": 2508, "toright": 2698, "onewaydir": " "}}, {"type": "Feature", "geometry": {"type": "LineString", "coordinates": [[-95.3982767004519, 29.7504075924678], [-95.397887470576, 29.7498164061615]]}, "properties": {"centerlineid": 10134051, "roadclass": "MAJOR", "fullname": "COMMONWEALTH ST", "fromleft": 1901, "toleft": 1999, "fromright": 1900, "toright": 1998, "onewaydir": "FT"}}, {"type": "Feature", "geometry": {"type": "LineString", "coordinates": [[-95.4019539372024, 29.7352042648174], [-95.4020251176678, 29.7352035723458], [-95.4044793526558, 29.7351850824564]]}, "properties": {"centerlineid": 10132103, "roadclass": "LOCAL", "fullname": "COLQUITT ST", "fromleft": 1701, "toleft": 1799, "fromright": 1700, "toright": 1798, "onewaydir": " "}}, {"type": "Feature", "geometry": {"type": "LineString", "coordinates": [[-95.3804190986886, 29.75270124133], [-95.38040854595, 29.752055687829]]}, "properties": {"centerlineid": 10135742, "roadclass": "LOCAL", "fullname": "MATTHEWS ST", "fromleft": 1801, "toleft": 1899, "fromright": 1800, "toright": 1898, "onewaydir": " "}}, {"type": "Feature", "geometry": {"type": "LineString", "coordinates": [[-95.3787378934534, 29.7443612816605], [-95.3778680620966, 29.7438579376689]]}, "properties": {"centerlineid": 10135839, "roadclass": "LOCAL", "fullname": "ANITA ST", "fromleft": 701, "toleft": 799, "fromright": 700, "toright": 798, "onewaydir": " "}}, {"type": "Feature", "geometry": {"type": "LineString", "coordinates": [[-95.3826058248102, 29.7424482591954], [-95.3823541541185, 29.7423375893326], [-95.3820740066132, 29.7421956817514], [-95.3820719144388, 29.74219455443]]}, "properties": {"centerlineid": 10135970, "roadclass": "LOCAL", "fullname": "HOLMAN ST", "fromleft": 501, "toleft": 589, "fromright": 500, "toright": 588, "onewaydir": " "}}, {"type": "Feature", "geometry": {"type": "LineString", "coordinates": [[-95.3810953742952, 29.7477429904742], [-95.3802408679451, 29.7472243547193]]}, "properties": {"centerlineid": 10136018, "roadclass": "LOCAL", "fullname": "DREW ST", "fromleft": 301, "toleft": 399, "fromright": 300, "toright": 398, "onewaydir": " "}}, {"type": "Feature", "geometry": {"type": "LineString", "coordinates": [[-95.3784937184419, 29.7414563970455], [-95.378890317154, 29.7409452813531]]}, "properties": {"centerlineid": 10136347, "roadclass": "LOCAL", "fullname": "TRAVIS ST", "fromleft": 3301, "toleft": 3329, "fromright": 3300, "toright": 3328, "onewaydir": "FT"}}, {"type": "Feature", "geometry": {"type": "LineString", "coordinates": [[-95.40025270836, 29.753202008356], [-95.4002508692024, 29.7531317648165], [-95.4002349684847, 29.7524703692672]]}, "properties": {"centerlineid": 10134190, "roadclass": "PRIVATE", "fullname": "METROPOLITAN ST", "fromleft": 1401, "toleft": 1699, "fromright": 1400, "toright": 1698, "onewaydir": " "}}, {"type": "Feature", "geometry": {"type": "LineString", "coordinates": [[-95.3967457400276, 29.7446612459295], [-95.3964150322959, 29.7441572759739], [-95.3963235478143, 29.7440067028239]]}, "properties": {"centerlineid": 10134205, "roadclass": "LOCAL", "fullname": "YUPON ST", "fromleft": 2607, "toleft": 2699, "fromright": 2606, "toright": 2698, "onewaydir": " "}}, {"type": "Feature", "geometry": {"type": "LineString", "coordinates": [[-95.3921274484658, 29.7533334606743], [-95.3921274622467, 29.7533195054636], [-95.3921274667069, 29.752950111422]]}, "properties": {"centerlineid": 10134263, "roadclass": "MAJOR", "fullname": "MONTROSE BLVD", "fromleft": 1601, "toleft": 1615, "fromright": 1600, "toright": 1614, "onewaydir": " "}}, {"type": "Feature", "geometry": {"type": "LineString", "coordinates": [[-95.3857263338273, 29.7509378740803], [-95.3857263203444, 29.750283698575]]}, "properties": {"centerlineid": 10134270, "roadclass": "LOCAL", "fullname": "TAFT ST", "fromleft": 2001, "toleft": 2099, "fromright": 2000, "toright": 2098, "onewaydir": " "}}, {"type": "Feature", "geometry": {"type": "LineString", "coordinates": [[-95.3982900131043, 29.7472687647966], [-95.3979273057444, 29.7466782941582]]}, "properties": {"centerlineid": 10134339, "roadclass": "LOCAL", "fullname": "YUPON ST", "fromleft": 2301, "toleft": 2399, "fromright": 2300, "toright": 2398, "onewaydir": " "}}, {"type": "Feature", "geometry": {"type": "LineString", "coordinates": [[-95.3829798483439, 29.7341322955398], [-95.3833524244103, 29.7343471258888], [-95.3835183874593, 29.7344361541056]]}, "properties": {"centerlineid": 10136638, "roadclass": "MAJOR", "fullname": "RICHMOND AVE", "fromleft": 101, "toleft": 299, "fromright": 100, "toright": 298, "onewaydir": " "}}, {"type": "Feature", "geometry": {"type": "LineString", "coordinates": [[-95.3838804352205, 29.7345519685328], [-95.3839700971506, 29.7345701521572], [-95.3840746750234, 29.7345844392479], [-95.3841828368584, 29.7345902248116], [-95.3842897147086, 29.7345859444208], [-95.3844216240249, 29.7345804325961]]}, "properties": {"centerlineid": 10136725, "roadclass": "MAJOR", "fullname": "RICHMOND AVE", "fromleft": 371, "toleft": 399, "fromright": 370, "toright": 398, "onewaydir": " "}}, {"type": "Feature", "geometry": {"type": "LineString", "coordinates": [[-95.3856501217632, 29.7520041379651], [-95.3857416011088, 29.7520040939319]]}, "properties": {"centerlineid": 10134417, "roadclass": "LOCAL", "fullname": "W WEBSTER ST", "fromleft": 1829, "toleft": 1899, "fromright": 1828, "toright": 1898, "onewaydir": " "}}, {"type": "Feature", "geometry": {"type": "LineString", "coordinates": [[-95.3983376538401, 29.7430547395062], [-95.3988640513579, 29.7427991817468]]}, "properties": {"centerlineid": 10134500, "roadclass": "LOCAL", "fullname": "CALIFORNIA ST", "fromleft": 1801, "toleft": 1899, "fromright": 1800, "toright": 1898, "onewaydir": "FT"}}, {"type": "Feature", "geometry": {"type": "LineString", "coordinates": [[-95.3940785921727, 29.7462410850677], [-95.3953163987804, 29.7456602385094]]}, "properties": {"centerlineid": 10134519, "roadclass": "LOCAL", "fullname": "MISSOURI ST", "fromleft": 1401, "toleft": 1499, "fromright": 1400, "toright": 1498, "onewaydir": " "}}, {"type": "Feature", "geometry": {"type": "LineString", "coordinates": [[-95.3987572528388, 29.7437166582006], [-95.3995813972464, 29.7433255944788]]}, "properties": {"centerlineid": 10134528, "roadclass": "LOCAL", "fullname": "MISSOURI ST", "fromleft": 1801, "toleft": 1819, "fromright": 1800, "toright": 1818, "onewaydir": " "}}, {"type": "Feature", "geometry": {"type": "LineString", "coordinates": [[-95.3889161167644, 29.7508557246094], [-95.3896401774392, 29.7508368121057], [-95.3897174806975, 29.7508301164603]]}, "properties": {"centerlineid": 10134562, "roadclass": "LOCAL", "fullname": "WILLARD ST", "fromleft": 701, "toleft": 799, "fromright": 700, "toright": 798, "onewaydir": " "}}, {"type": "Feature", "geometry": {"type": "LineString", "coordinates": [[-95.3971572898326, 29.7453296937992], [-95.3975365207366, 29.7451491371757], [-95.3981699218807, 29.7448495711365]]}, "properties": {"centerlineid": 10134590, "roadclass": "LOCAL", "fullname": "CHERRYHURST ST", "fromleft": 1601, "toleft": 1699, "fromright": 1600, "toright": 1698, "onewaydir": " "}}, {"type": "Feature", "geometry": {"type": "LineString", "coordinates": [[-95.3880685350183, 29.7467454300256], [-95.388862090842, 29.7467340276757]]}, "properties": {"centerlineid": 10134619, "roadclass": "LOCAL", "fullname": "PACIFIC ST", "fromleft": 601, "toleft": 699, "fromright": 600, "toright": 698, "onewaydir": " "}}, {"type": "Feature", "geometry": {"type": "LineString", "coordinates": [[-95.383468139613, 29.7380194269421], [-95.38444444128, 29.7380098681362]]}, "properties": {"centerlineid": 10137089, "roadclass": "LOCAL", "fullname": "SUL ROSS ST", "fromleft": 301, "toleft": 399, "fromright": 300, "toright": 398, "onewaydir": " "}}, {"type": "Feature", "geometry": {"type": "LineString", "coordinates": [[-95.388892441931, 29.7387995543494], [-95.3898767991014, 29.7387975219752]]}, "properties": {"centerlineid": 10137101, "roadclass": "MAJOR", "fullname": "W ALABAMA ST", "fromleft": 801, "toleft": 899, "fromright": 800, "toright": 898, "onewaydir": " "}}, {"type": "Feature", "geometry": {"type": "LineString", "coordinates": [[-95.3790354307537, 29.7381720971144], [-95.3786767029069, 29.73796037366]]}, "properties": {"centerlineid": 10137213, "roadclass": "LOCAL", "fullname": "WINBERN ST", "fromleft": 1021, "toleft": 1099, "fromright": 1020, "toright": 1098, "onewaydir": " "}}, {"type": "Feature", "geometry": {"type": "LineString", "coordinates": [[-95.3995046846681, 29.7344255561777], [-95.4006188832006, 29.7343953719758], [-95.4021283945947, 29.734322838712]]}, "properties": {"centerlineid": 10137109, "roadclass": "MAJOR", "fullname": "RICHMOND AVE", "fromleft": 1601, "toleft": 1699, "fromright": 1600, "toright": 1698, "onewaydir": " "}}, {"type": "Feature", "geometry": {"type": "LineString", "coordinates": [[-95.4106819775882, 29.7481340913775], [-95.4116891253879, 29.7481169705875]]}, "properties": {"centerlineid": 10133671, "roadclass": "LOCAL", "fullname": "WELCH ST", "fromleft": 2101, "toleft": 2117, "fromright": 2100, "toright": 2116, "onewaydir": " "}}, {"type": "Feature", "geometry": {"type": "LineString", "coordinates": [[-95.4118340237131, 29.7499021814165], [-95.41182649493, 29.7490476902376]]}, "properties": {"centerlineid": 10133706, "roadclass": "LOCAL", "fullname": "SHARP PL", "fromleft": 1919, "toleft": 1999, "fromright": 1918, "toright": 1998, "onewaydir": " "}}, {"type": "Feature", "geometry": {"type": "LineString", "coordinates": [[-95.4038308917273, 29.7482123603123], [-95.4046854078891, 29.7482123621126]]}, "properties": {"centerlineid": 10133735, "roadclass": "LOCAL", "fullname": "WELCH ST", "fromleft": 1927, "toleft": 1945, "fromright": 1926, "toright": 1944, "onewaydir": " "}}, {"type": "Feature", "geometry": {"type": "LineString", "coordinates": [[-95.4046242431148, 29.7437415686177], [-95.4054634725854, 29.7437280830291]]}, "properties": {"centerlineid": 10133751, "roadclass": "LOCAL", "fullname": "MISSOURI ST", "fromleft": 1943, "toleft": 1999, "fromright": 1942, "toright": 1998, "onewaydir": " "}}, {"type": "Feature", "geometry": {"type": "LineString", "coordinates": [[-95.4038689915453, 29.7507776944761], [-95.4047081869342, 29.7507758885616]]}, "properties": {"centerlineid": 10133785, "roadclass": "LOCAL", "fullname": "HADDON ST", "fromleft": 1921, "toleft": 1939, "fromright": 1920, "toright": 1938, "onewaydir": " "}}, {"type": "Feature", "geometry": {"type": "LineString", "coordinates": [[-95.4020913059966, 29.743770046876], [-95.4021524618004, 29.74376959611], [-95.4025108976192, 29.7437661955695]]}, "properties": {"centerlineid": 10134018, "roadclass": "LOCAL", "fullname": "MISSOURI ST", "fromleft": 1901, "toleft": 1905, "fromright": 1900, "toright": 1904, "onewaydir": " "}}, {"type": "Feature", "geometry": {"type": "LineString", "coordinates": [[-95.3912195952471, 29.7413400215798], [-95.3912043090617, 29.7404836865022]]}, "properties": {"centerlineid": 10134074, "roadclass": "MAJOR", "fullname": "MONTROSE BLVD", "fromleft": 3501, "toleft": 3599, "fromright": 3500, "toright": 3598, "onewaydir": " "}}, {"type": "Feature", "geometry": {"type": "LineString", "coordinates": [[-95.3959192457924, 29.7539972061409], [-95.3959122993899, 29.7532671458587]]}, "properties": {"centerlineid": 10134098, "roadclass": "LOCAL", "fullname": "HAZEL ST", "fromleft": 1501, "toleft": 1599, "fromright": 1500, "toright": 1598, "onewaydir": " "}}, {"type": "Feature", "geometry": {"type": "LineString", "coordinates": [[-95.4122994685492, 29.7406610164532], [-95.4131081432568, 29.7406516448805]]}, "properties": {"centerlineid": 10132223, "roadclass": "LOCAL", "fullname": "HAROLD ST", "fromleft": 2141, "toleft": 2199, "fromright": 2140, "toright": 2198, "onewaydir": " "}}, {"type": "Feature", "geometry": {"type": "LineString", "coordinates": [[-95.4106819786908, 29.7368215508226], [-95.4106744617694, 29.7359670576652]]}, "properties": {"centerlineid": 10132262, "roadclass": "MAJOR", "fullname": "S SHEPHERD DR", "fromleft": 3301, "toleft": 3399, "fromright": 3300, "toright": 3398, "onewaydir": " "}}, {"type": "Feature", "geometry": {"type": "LineString", "coordinates": [[-95.4034952411719, 29.7343057212303], [-95.4044640436618, 29.734302048191]]}, "properties": {"centerlineid": 10132312, "roadclass": "MAJOR", "fullname": "RICHMOND AVE", "fromleft": 1719, "toleft": 1799, "fromright": 1718, "toright": 1798, "onewaydir": " "}}, {"type": "Feature", "geometry": {"type": "LineString", "coordinates": [[-95.3804696978677, 29.7501292338848], [-95.3796151713757, 29.749625664862]]}, "properties": {"centerlineid": 10135627, "roadclass": "LOCAL", "fullname": "BREMOND ST", "fromleft": 201, "toleft": 299, "fromright": 200, "toright": 298, "onewaydir": " "}}, {"type": "Feature", "geometry": {"type": "LineString", "coordinates": [[-95.3815836433478, 29.7471365174398], [-95.3816370400876, 29.7470603211175], [-95.3816674005358, 29.7469859229828], [-95.3816904435605, 29.746905836586]]}, "properties": {"centerlineid": 10136003, "roadclass": "LOCAL", "fullname": "BALDWIN ST", "fromleft": 2901, "toleft": 2905, "fromright": 2900, "toright": 2904, "onewaydir": " "}}, {"type": "Feature", "geometry": {"type": "LineString", "coordinates": [[-95.3774484530508, 29.7427782204693], [-95.3766120096585, 29.7422508830373], [-95.3765861996135, 29.742234695838]]}, "properties": {"centerlineid": 10136093, "roadclass": "LOCAL", "fullname": "ROSALIE ST", "fromleft": 901, "toleft": 999, "fromright": 900, "toright": 998, "onewaydir": " "}}, {"type": "Feature", "geometry": {"type": "LineString", "coordinates": [[-95.3764794399182, 29.7440085046266], [-95.3770058180642, 29.7433333482469]]}, "properties": {"centerlineid": 10136245, "roadclass": "LOCAL", "fullname": "TRAVIS ST", "fromleft": 2901, "toleft": 2999, "fromright": 2900, "toright": 2998, "onewaydir": "FT"}}, {"type": "Feature", "geometry": {"type": "LineString", "coordinates": [[-95.3774637663914, 29.7491583455733], [-95.3779062108973, 29.7485956750423]]}, "properties": {"centerlineid": 10136269, "roadclass": "LOCAL", "fullname": "BRAZOS ST", "fromleft": 2401, "toleft": 2499, "fromright": 2400, "toright": 2498, "onewaydir": "FT"}}, {"type": "Feature", "geometry": {"type": "LineString", "coordinates": [[-95.3808740239932, 29.7448267301493], [-95.3813242103756, 29.7442355577697]]}, "properties": {"centerlineid": 10136275, "roadclass": "LOCAL", "fullname": "BRAZOS ST", "fromleft": 3101, "toleft": 3199, "fromright": 3100, "toright": 3198, "onewaydir": "FT"}}, {"type": "Feature", "geometry": {"type": "LineString", "coordinates": [[-95.3802408679451, 29.7472243547193], [-95.3805992930026, 29.7467798870407], [-95.3807213978611, 29.7466272588005]]}, "properties": {"centerlineid": 10136335, "roadclass": "MAJOR", "fullname": "BAGBY ST", "fromleft": 2801, "toleft": 2899, "fromright": 2800, "toright": 2898, "onewaydir": "FT"}}, {"type": "Feature", "geometry": {"type": "LineString", "coordinates": [[-95.3971572898326, 29.7453296937992], [-95.3968915649643, 29.7449105665226]]}, "properties": {"centerlineid": 10134108, "roadclass": "LOCAL", "fullname": "YUPON ST", "fromleft": 2523, "toleft": 2599, "fromright": 2522, "toright": 2598, "onewaydir": " "}}, {"type": "Feature", "geometry": {"type": "LineString", "coordinates": [[-95.3959122993899, 29.7532671458587], [-95.3958938214493, 29.7524519348861]]}, "properties": {"centerlineid": 10134165, "roadclass": "LOCAL", "fullname": "HAZEL ST", "fromleft": 1601, "toleft": 1699, "fromright": 1600, "toright": 1698, "onewaydir": " "}}, {"type": "Feature", "geometry": {"type": "LineString", "coordinates": [[-95.3848337064533, 29.7489256325914], [-95.3848412742266, 29.7482426813123]]}, "properties": {"centerlineid": 10134178, "roadclass": "LOCAL", "fullname": "MASON ST", "fromleft": 2301, "toleft": 2399, "fromright": 2300, "toright": 2398, "onewaydir": " "}}, {"type": "Feature", "geometry": {"type": "LineString", "coordinates": [[-95.3927834715669, 29.7473482846342], [-95.3927681689958, 29.7472624667767], [-95.3927453663503, 29.7468293803154], [-95.3927378386631, 29.7465930088077], [-95.3927578368398, 29.7462900917965]]}, "properties": {"centerlineid": 10134257, "roadclass": "LOCAL", "fullname": "YOAKUM BLVD", "fromleft": 2501, "toleft": 2599, "fromright": 2500, "toright": 2598, "onewaydir": " "}}, {"type": "Feature", "geometry": {"type": "LineString", "coordinates": [[-95.3881317104715, 29.7508707643858], [-95.388129669125, 29.7502435183192], [-95.3881066114315, 29.7501826104874]]}, "properties": {"centerlineid": 10134300, "roadclass": "LOCAL", "fullname": "HOPKINS ST", "fromleft": 2001, "toleft": 2099, "fromright": 2000, "toright": 2098, "onewaydir": " "}}, {"type": "Feature", "geometry": {"type": "LineString", "coordinates": [[-95.3920727357644, 29.7497533142415], [-95.3920357331049, 29.748973286744]]}, "properties": {"centerlineid": 10134320, "roadclass": "MAJOR", "fullname": "MONTROSE BLVD", "fromleft": 2201, "toleft": 2299, "fromright": 2200, "toright": 2298, "onewaydir": " "}}, {"type": "Feature", "geometry": {"type": "LineString", "coordinates": [[-95.3971435521586, 29.7485935271605], [-95.3967660046736, 29.7479967271876]]}, "properties": {"centerlineid": 10134359, "roadclass": "MAJOR", "fullname": "COMMONWEALTH ST", "fromleft": 2201, "toleft": 2299, "fromright": 2200, "toright": 2298, "onewaydir": "FT"}}, {"type": "Feature", "geometry": {"type": "LineString", "coordinates": [[-95.3856882140057, 29.7482370155164], [-95.3856804774842, 29.7475389983952]]}, "properties": {"centerlineid": 10134365, "roadclass": "LOCAL", "fullname": "TAFT ST", "fromleft": 2401, "toleft": 2499, "fromright": 2400, "toright": 2498, "onewaydir": " "}}, {"type": "Feature", "geometry": {"type": "LineString", "coordinates": [[-95.3899301732658, 29.7434611371432], [-95.3912499183801, 29.7434590606979]]}, "properties": {"centerlineid": 10134384, "roadclass": "MAJOR", "fullname": "LOVETT BLVD", "fromleft": 901, "toleft": 999, "fromright": 900, "toright": 998, "onewaydir": " "}}, {"type": "Feature", "geometry": {"type": "LineString", "coordinates": [[-95.391326383712, 29.7533583120879], [-95.3921274484658, 29.7533334606743]]}, "properties": {"centerlineid": 10134412, "roadclass": "MAJOR", "fullname": "W GRAY ST", "fromleft": 1001, "toleft": 1099, "fromright": 1000, "toright": 1098, "onewaydir": " "}}, {"type": "Feature", "geometry": {"type": "LineString", "coordinates": [[-95.3995202249924, 29.7335504883239], [-95.4020645831308, 29.7335280940647], [-95.4021218429472, 29.7335276313625]]}, "properties": {"centerlineid": 10136621, "roadclass": "LOCAL", "fullname": "BONNIE BRAE ST", "fromleft": 1601, "toleft": 1699, "fromright": 1600, "toright": 1698, "onewaydir": " "}}, {"type": "Feature", "geometry": {"type": "LineString", "coordinates": [[-95.3957359900993, 29.7395833200988], [-95.3974221903821, 29.7395662481145], [-95.3975137124866, 29.7395662437588]]}, "properties": {"centerlineid": 10136703, "roadclass": "LOCAL", "fullname": "MARSHALL ST", "fromleft": 1401, "toleft": 1499, "fromright": 1400, "toright": 1498, "onewaydir": " "}}, {"type": "Feature", "geometry": {"type": "LineString", "coordinates": [[-95.3821634233337, 29.7514204401643], [-95.383061552386, 29.7514152799267]]}, "properties": {"centerlineid": 10134452, "roadclass": "LOCAL", "fullname": "COOK ST", "fromleft": 1501, "toleft": 1599, "fromright": 1500, "toright": 1598, "onewaydir": " "}}, {"type": "Feature", "geometry": {"type": "LineString", "coordinates": [[-95.3947594296302, 29.7395968158424], [-95.3957359900993, 29.7395833200988]]}, "properties": {"centerlineid": 10136780, "roadclass": "LOCAL", "fullname": "MARSHALL ST", "fromleft": 1301, "toleft": 1399, "fromright": 1300, "toright": 1398, "onewaydir": " "}}, {"type": "Feature", "geometry": {"type": "LineString", "coordinates": [[-95.3842767663203, 29.736215063848], [-95.3845818062208, 29.7357954730379], [-95.3847116407902, 29.7356181625053], [-95.3847725531385, 29.7355342138661], [-95.3848793742002, 29.7353986602938]]}, "properties": {"centerlineid": 10136866, "roadclass": "LOCAL", "fullname": "MILAM ST", "fromleft": 4001, "toleft": 4099, "fromright": 4000, "toright": 4098, "onewaydir": "TF"}}, {"type": "Feature", "geometry": {"type": "LineString", "coordinates": [[-95.3878702406972, 29.7353566716269], [-95.3878702237184, 29.7344793473114]]}, "properties": {"centerlineid": 10136870, "roadclass": "LOCAL", "fullname": "GREELEY ST", "fromleft": 4201, "toleft": 4299, "fromright": 4200, "toright": 4298, "onewaydir": " "}}, {"type": "Feature", "geometry": {"type": "LineString", "coordinates": [[-95.3848106861349, 29.7468734480907], [-95.3850091675425, 29.7468713609746], [-95.3856804915977, 29.7468675172612]]}, "properties": {"centerlineid": 10134589, "roadclass": "LOCAL", "fullname": "PACIFIC ST", "fromleft": 201, "toleft": 309, "fromright": 200, "toright": 308, "onewaydir": " "}}, {"type": "Feature", "geometry": {"type": "LineString", "coordinates": [[-95.3911677069342, 29.7511096685376], [-95.3920994966716, 29.751096975243]]}, "properties": {"centerlineid": 10134641, "roadclass": "LOCAL", "fullname": "WILLARD ST", "fromleft": 1001, "toleft": 1099, "fromright": 1000, "toright": 1098, "onewaydir": " "}}, {"type": "Feature", "geometry": {"type": "LineString", "coordinates": [[-95.3857263338273, 29.7509378740803], [-95.3858178218783, 29.7509150361607], [-95.3864816020549, 29.750911169278], [-95.3865427462693, 29.7509036548744]]}, "properties": {"centerlineid": 10134644, "roadclass": "LOCAL", "fullname": "WILLARD ST", "fromleft": 301, "toleft": 399, "fromright": 300, "toright": 398, "onewaydir": " "}}, {"type": "Feature", "geometry": {"type": "LineString", "coordinates": [[-95.3898233791883, 29.7345195307324], [-95.3902964174081, 29.7345060423319]]}, "properties": {"centerlineid": 10136964, "roadclass": "MAJOR", "fullname": "RICHMOND AVE", "fromleft": 901, "toleft": 903, "fromright": 900, "toright": 902, "onewaydir": " "}}, {"type": "Feature", "geometry": {"type": "LineString", "coordinates": [[-95.3869317812861, 29.736218920919], [-95.3869164538751, 29.7357591913869], [-95.3869089509326, 29.7353644265494]]}, "properties": {"centerlineid": 10137017, "roadclass": "LOCAL", "fullname": "JACK ST", "fromleft": 4101, "toleft": 4199, "fromright": 4100, "toright": 4198, "onewaydir": " "}}, {"type": "Feature", "geometry": {"type": "LineString", "coordinates": [[-95.3879322902185, 29.7388268847146], [-95.388892441931, 29.7387995543494]]}, "properties": {"centerlineid": 10137100, "roadclass": "MAJOR", "fullname": "W ALABAMA ST", "fromleft": 701, "toleft": 799, "fromright": 700, "toright": 798, "onewaydir": " "}}, {"type": "Feature", "geometry": {"type": "LineString", "coordinates": [[-95.38444444128, 29.7380098681362], [-95.384825958099, 29.7380059772527], [-95.3854310022039, 29.7379986246965]]}, "properties": {"centerlineid": 10137102, "roadclass": "LOCAL", "fullname": "SUL ROSS ST", "fromleft": 401, "toleft": 499, "fromright": 400, "toright": 498, "onewaydir": " "}}, {"type": "Feature", "geometry": {"type": "LineString", "coordinates": [[-95.3838183693384, 29.7330821577317], [-95.3845389623885, 29.7322666351001]]}, "properties": {"centerlineid": 10137103, "roadclass": "MAJOR", "fullname": "MAIN ST", "fromleft": 4601, "toleft": 4699, "fromright": 4600, "toright": 4698, "onewaydir": " "}}, {"type": "Feature", "geometry": {"type": "LineString", "coordinates": [[-95.3797753694877, 29.7350114429065], [-95.3803704239839, 29.7342676084616]]}, "properties": {"centerlineid": 10137276, "roadclass": "LOCAL", "fullname": "SAN JACINTO ST", "fromleft": 4101, "toleft": 4199, "fromright": 4100, "toright": 4198, "onewaydir": "TF"}}, {"type": "Feature", "geometry": {"type": "LineString", "coordinates": [[-95.3808434254717, 29.7384732647424], [-95.3811279661461, 29.7381100336496]]}, "properties": {"centerlineid": 10137608, "roadclass": "LOCAL", "fullname": "TRAVIS ST", "fromleft": 3801, "toleft": 3809, "fromright": 3800, "toright": 3808, "onewaydir": "FT"}}, {"type": "Feature", "geometry": {"type": "LineString", "coordinates": [[-95.4107125322612, 29.7530112598808], [-95.4107125535666, 29.7520212345639]]}, "properties": {"centerlineid": 10133697, "roadclass": "MAJOR", "fullname": "S SHEPHERD DR", "fromleft": 1501, "toleft": 1599, "fromright": 1500, "toright": 1598, "onewaydir": " "}}, {"type": "Feature", "geometry": {"type": "LineString", "coordinates": [[-95.4064172014186, 29.7523454553556], [-95.4063866093942, 29.7507470937821]]}, "properties": {"centerlineid": 10133709, "roadclass": "LOCAL", "fullname": "DRISCOLL ST", "fromleft": 1501, "toleft": 1699, "fromright": 1500, "toright": 1698, "onewaydir": " "}}, {"type": "Feature", "geometry": {"type": "LineString", "coordinates": [[-95.4106516013924, 29.7446761625098], [-95.4106438660373, 29.7443975495381], [-95.4106669191015, 29.7442316822468], [-95.410727858197, 29.7439646773097], [-95.4107353892239, 29.7439263636498], [-95.4107431096519, 29.7435811322467], [-95.4107431031633, 29.7431464744005], [-95.41073534483, 29.742694258033]]}, "properties": {"centerlineid": 10133808, "roadclass": "MAJOR", "fullname": "S SHEPHERD DR", "fromleft": 2401, "toleft": 2459, "fromright": 2400, "toright": 2458, "onewaydir": " "}}, {"type": "Feature", "geometry": {"type": "LineString", "coordinates": [[-95.4107050227147, 29.7511019002171], [-95.4113457484021, 29.7510122607162], [-95.4118570729047, 29.7509474339571]]}, "properties": {"centerlineid": 10133851, "roadclass": "LOCAL", "fullname": "PELHAM DR", "fromleft": 2101, "toleft": 2129, "fromright": 2100, "toright": 2128, "onewaydir": " "}}, {"type": "Feature", "geometry": {"type": "LineString", "coordinates": [[-95.4070503820023, 29.74191409754], [-95.4081796232323, 29.741899070592]]}, "properties": {"centerlineid": 10133980, "roadclass": "LOCAL", "fullname": "HAWTHORNE ST", "fromleft": 1901, "toleft": 1999, "fromright": 1900, "toright": 1998, "onewaydir": " "}}, {"type": "Feature", "geometry": {"type": "LineString", "coordinates": [[-95.400519670527, 29.7437319696805], [-95.40048928199, 29.7427953174035]]}, "properties": {"centerlineid": 10134032, "roadclass": "LOCAL", "fullname": "KUESTER ST", "fromleft": 2501, "toleft": 2599, "fromright": 2500, "toright": 2598, "onewaydir": " "}}, {"type": "Feature", "geometry": {"type": "LineString", "coordinates": [[-95.3987572528388, 29.7437166582006], [-95.3983376538401, 29.7430547395062]]}, "properties": {"centerlineid": 10134067, "roadclass": "LOCAL", "fullname": "RIDGEWOOD ST", "fromleft": 2701, "toleft": 2709, "fromright": 2700, "toright": 2708, "onewaydir": " "}}, {"type": "Feature", "geometry": {"type": "LineString", "coordinates": [[-95.3848259466658, 29.7534651127702], [-95.3848946249176, 29.7533774673437], [-95.384887124772, 29.7527842587711], [-95.3848718307126, 29.7527194198935]]}, "properties": {"centerlineid": 10134092, "roadclass": "LOCAL", "fullname": "MASON ST", "fromleft": 1601, "toleft": 1799, "fromright": 1600, "toright": 1798, "onewaydir": " "}}, {"type": "Feature", "geometry": {"type": "LineString", "coordinates": [[-95.4093927809819, 29.7385800613649], [-95.4106972839765, 29.7385592910568]]}, "properties": {"centerlineid": 10132156, "roadclass": "MAJOR", "fullname": "W ALABAMA ST", "fromleft": 2033, "toleft": 2099, "fromright": 2032, "toright": 2098, "onewaydir": " "}}, {"type": "Feature", "geometry": {"type": "LineString", "coordinates": [[-95.4080728150973, 29.7376970377457], [-95.408050002815, 29.7368445994255]]}, "properties": {"centerlineid": 10132304, "roadclass": "LOCAL", "fullname": "MCDUFFIE ST", "fromleft": 3901, "toleft": 3999, "fromright": 3900, "toright": 3998, "onewaydir": " "}}, {"type": "Feature", "geometry": {"type": "LineString", "coordinates": [[-95.3815224634507, 29.7424407260724], [-95.381408150819, 29.7423738619919]]}, "properties": {"centerlineid": 10135739, "roadclass": "LOCAL", "fullname": "FRANCIS ST", "fromleft": 601, "toleft": 605, "fromright": 600, "toright": 604, "onewaydir": " "}}, {"type": "Feature", "geometry": {"type": "LineString", "coordinates": [[-95.3800882154825, 29.7490191580662], [-95.3792337094223, 29.7485078201534]]}, "properties": {"centerlineid": 10135999, "roadclass": "LOCAL", "fullname": "MCGOWEN ST", "fromleft": 301, "toleft": 399, "fromright": 300, "toright": 398, "onewaydir": " "}}, {"type": "Feature", "geometry": {"type": "LineString", "coordinates": [[-95.3813077096004, 29.7532725395735], [-95.380898007266, 29.7531895934508], [-95.3806922217388, 29.7531267149671], [-95.3805356563503, 29.75306516692], [-95.3804117334263, 29.7530092757591]]}, "properties": {"centerlineid": 10136111, "roadclass": "LOCAL", "fullname": "WEBSTER ST", "fromleft": 101, "toleft": 119, "fromright": 100, "toright": 118, "onewaydir": "FT"}}, {"type": "Feature", "geometry": {"type": "LineString", "coordinates": [[-95.3804238322174, 29.7532896527905], [-95.3804117334263, 29.7530092757591]]}, "properties": {"centerlineid": 10136112, "roadclass": "LOCAL", "fullname": "MATTHEWS ST", "fromleft": 1701, "toleft": 1705, "fromright": 1700, "toright": 1704, "onewaydir": " "}}, {"type": "Feature", "geometry": {"type": "LineString", "coordinates": [[-95.3812861138133, 29.7526888655971], [-95.3821786925751, 29.752687059003]]}, "properties": {"centerlineid": 10136165, "roadclass": "LOCAL", "fullname": "ONEIL ST", "fromleft": 1401, "toleft": 1499, "fromright": 1400, "toright": 1498, "onewaydir": " "}}, {"type": "Feature", "geometry": {"type": "LineString", "coordinates": [[-95.3816826668445, 29.7464727803727], [-95.3830407388675, 29.7464328359845]]}, "properties": {"centerlineid": 10136170, "roadclass": "LOCAL", "fullname": "STRATFORD ST", "fromleft": 101, "toleft": 199, "fromright": 100, "toright": 198, "onewaydir": " "}}, {"type": "Feature", "geometry": {"type": "LineString", "coordinates": [[-95.3785393773371, 29.7461980609792], [-95.3787759707736, 29.7458986952963], [-95.3790123470915, 29.7455993233404]]}, "properties": {"centerlineid": 10136280, "roadclass": "LOCAL", "fullname": "SMITH ST", "fromleft": 2801, "toleft": 2899, "fromright": 2800, "toright": 2898, "onewaydir": "FT"}}, {"type": "Feature", "geometry": {"type": "LineString", "coordinates": [[-95.3810495114095, 29.7429976983147], [-95.3815224634507, 29.7424407260724]]}, "properties": {"centerlineid": 10136345, "roadclass": "LOCAL", "fullname": "SMITH ST", "fromleft": 3301, "toleft": 3399, "fromright": 3300, "toright": 3398, "onewaydir": "FT"}}, {"type": "Feature", "geometry": {"type": "LineString", "coordinates": [[-95.3802561138718, 29.7408117970858], [-95.3808359097212, 29.7400946690163]]}, "properties": {"centerlineid": 10136349, "roadclass": "LOCAL", "fullname": "MILAM ST", "fromleft": 3501, "toleft": 3599, "fromright": 3500, "toright": 3598, "onewaydir": "FT"}}, {"type": "Feature", "geometry": {"type": "LineString", "coordinates": [[-95.3920791530211, 29.7504228534682], [-95.3920851200337, 29.7503705475276], [-95.3920867730542, 29.7502463987658], [-95.3920727357644, 29.7497533142415]]}, "properties": {"centerlineid": 10134138, "roadclass": "MAJOR", "fullname": "MONTROSE BLVD", "fromleft": 2101, "toleft": 2199, "fromright": 2100, "toright": 2198, "onewaydir": " "}}, {"type": "Feature", "geometry": {"type": "LineString", "coordinates": [[-95.3904517118219, 29.7481129285043], [-95.3904608218678, 29.7474278257799]]}, "properties": {"centerlineid": 10134146, "roadclass": "LOCAL", "fullname": "CONVERSE ST", "fromleft": 2401, "toleft": 2599, "fromright": 2400, "toright": 2598, "onewaydir": " "}}, {"type": "Feature", "geometry": {"type": "LineString", "coordinates": [[-95.3889077543686, 29.7515253940768], [-95.3889161167644, 29.7508557246094]]}, "properties": {"centerlineid": 10134195, "roadclass": "LOCAL", "fullname": "STANFORD ST", "fromleft": 1901, "toleft": 1999, "fromright": 1900, "toright": 1998, "onewaydir": " "}}, {"type": "Feature", "geometry": {"type": "LineString", "coordinates": [[-95.3926374303353, 29.7434212688039], [-95.3926157379706, 29.742345371889]]}, "properties": {"centerlineid": 10134225, "roadclass": "LOCAL", "fullname": "YOAKUM BLVD", "fromleft": 3301, "toleft": 3399, "fromright": 3300, "toright": 3398, "onewaydir": " "}}, {"type": "Feature", "geometry": {"type": "LineString", "coordinates": [[-95.3839867496479, 29.7495302529249], [-95.3839867403504, 29.7489409207772]]}, "properties": {"centerlineid": 10134304, "roadclass": "LOCAL", "fullname": "GENESEE ST", "fromleft": 2201, "toleft": 2299, "fromright": 2200, "toright": 2298, "onewaydir": " "}}, {"type": "Feature", "geometry": {"type": "LineString", "coordinates": [[-95.4001262697794, 29.7479533145436], [-95.3997549170087, 29.74735731372]]}, "properties": {"centerlineid": 10134330, "roadclass": "LOCAL", "fullname": "WINDSOR ST", "fromleft": 2101, "toleft": 2199, "fromright": 2100, "toright": 2198, "onewaydir": " "}}, {"type": "Feature", "geometry": {"type": "LineString", "coordinates": [[-95.3848259848325, 29.7475504134454], [-95.3848106861349, 29.7468734480907]]}, "properties": {"centerlineid": 10134334, "roadclass": "LOCAL", "fullname": "MASON ST", "fromleft": 2501, "toleft": 2599, "fromright": 2500, "toright": 2598, "onewaydir": " "}}, {"type": "Feature", "geometry": {"type": "LineString", "coordinates": [[-95.3911749206189, 29.75148601956], [-95.3911677069342, 29.7511096685376]]}, "properties": {"centerlineid": 10134393, "roadclass": "LOCAL", "fullname": "GRANT ST", "fromleft": 1851, "toleft": 1899, "fromright": 1850, "toright": 1898, "onewaydir": " "}}, {"type": "Feature", "geometry": {"type": "LineString", "coordinates": [[-95.3947127907033, 29.754011266488], [-95.3959192457924, 29.7539972061409]]}, "properties": {"centerlineid": 10134406, "roadclass": "LOCAL", "fullname": "W PIERCE ST", "fromleft": 1221, "toleft": 1299, "fromright": 1220, "toright": 1298, "onewaydir": " "}}, {"type": "Feature", "geometry": {"type": "LineString", "coordinates": [[-95.3888924445514, 29.7378973906071], [-95.3898615074826, 29.7378935065175]]}, "properties": {"centerlineid": 10136654, "roadclass": "LOCAL", "fullname": "SUL ROSS ST", "fromleft": 801, "toleft": 899, "fromright": 800, "toright": 898, "onewaydir": " "}}, {"type": "Feature", "geometry": {"type": "LineString", "coordinates": [[-95.3879236160521, 29.7379202091571], [-95.3879005969588, 29.7370752937314]]}, "properties": {"centerlineid": 10136677, "roadclass": "LOCAL", "fullname": "GREELEY ST", "fromleft": 3901, "toleft": 3999, "fromright": 3900, "toright": 3998, "onewaydir": " "}}, {"type": "Feature", "geometry": {"type": "LineString", "coordinates": [[-95.3980532996976, 29.753958692988], [-95.3982155740078, 29.7539629898218], [-95.3990625360292, 29.7539458435537], [-95.3991312412529, 29.7539476900027], [-95.39918462258, 29.7539743818033]]}, "properties": {"centerlineid": 10134458, "roadclass": "LOCAL", "fullname": "W PIERCE ST", "fromleft": 1401, "toleft": 1499, "fromright": 1400, "toright": 1498, "onewaydir": " "}}, {"type": "Feature", "geometry": {"type": "LineString", "coordinates": [[-95.3959192457924, 29.7539972061409], [-95.3980532996976, 29.753958692988]]}, "properties": {"centerlineid": 10134463, "roadclass": "LOCAL", "fullname": "W PIERCE ST", "fromleft": 1301, "toleft": 1399, "fromright": 1300, "toright": 1398, "onewaydir": " "}}, {"type": "Feature", "geometry": {"type": "LineString", "coordinates": [[-95.3838571437149, 29.7406783179964], [-95.384879332081, 29.7406666911925], [-95.3854593824882, 29.7406591770449]]}, "properties": {"centerlineid": 10134481, "roadclass": "LOCAL", "fullname": "WESTMORELAND ST", "fromleft": 201, "toleft": 399, "fromright": 200, "toright": 398, "onewaydir": " "}}, {"type": "Feature", "geometry": {"type": "LineString", "coordinates": [[-95.3865349560714, 29.7424197632902], [-95.3872217719478, 29.7424080967922]]}, "properties": {"centerlineid": 10134482, "roadclass": "LOCAL", "fullname": "HAWTHORNE ST", "fromleft": 601, "toleft": 617, "fromright": 600, "toright": 616, "onewaydir": " "}}, {"type": "Feature", "geometry": {"type": "LineString", "coordinates": [[-95.3878855179824, 29.7362093799878], [-95.388854367251, 29.7362036360417]]}, "properties": {"centerlineid": 10136793, "roadclass": "LOCAL", "fullname": "W MAIN ST", "fromleft": 701, "toleft": 799, "fromright": 700, "toright": 798, "onewaydir": " "}}, {"type": "Feature", "geometry": {"type": "LineString", "coordinates": [[-95.3838343408115, 29.7397740970087], [-95.3838343055634, 29.7388967723231]]}, "properties": {"centerlineid": 10136905, "roadclass": "LOCAL", "fullname": "FLORA ST", "fromleft": 3701, "toleft": 3799, "fromright": 3700, "toright": 3798, "onewaydir": " "}}, {"type": "Feature", "geometry": {"type": "LineString", "coordinates": [[-95.3848718367906, 29.75202124], [-95.384971077013, 29.7520098232311], [-95.3851159835007, 29.7520080098042], [-95.3856330114479, 29.7520040950212], [-95.3856501217632, 29.7520041379651]]}, "properties": {"centerlineid": 10134594, "roadclass": "LOCAL", "fullname": "W WEBSTER ST", "fromleft": 1801, "toleft": 1899, "fromright": 1800, "toright": 1898, "onewaydir": " "}}, {"type": "Feature", "geometry": {"type": "LineString", "coordinates": [[-95.3857416043444, 29.7526601306465], [-95.3858255765079, 29.7526297871765], [-95.3889155050651, 29.7525820602934]]}, "properties": {"centerlineid": 10134601, "roadclass": "LOCAL", "fullname": "PEDEN ST", "fromleft": 301, "toleft": 699, "fromright": 300, "toright": 698, "onewaydir": " "}}, {"type": "Feature", "geometry": {"type": "LineString", "coordinates": [[-95.390281085582, 29.7333846017414], [-95.3902811231639, 29.7325759391125]]}, "properties": {"centerlineid": 10136929, "roadclass": "LOCAL", "fullname": "KYLE ST", "fromleft": 4401, "toleft": 4499, "fromright": 4400, "toright": 4498, "onewaydir": " "}}, {"type": "Feature", "geometry": {"type": "LineString", "coordinates": [[-95.3878702237184, 29.7344793473114], [-95.3884500308253, 29.7345138203931], [-95.3888543261626, 29.7345195097972]]}, "properties": {"centerlineid": 10136962, "roadclass": "MAJOR", "fullname": "RICHMOND AVE", "fromleft": 701, "toleft": 799, "fromright": 700, "toright": 798, "onewaydir": " "}}, {"type": "Feature", "geometry": {"type": "LineString", "coordinates": [[-95.3844444741272, 29.7388949616478], [-95.38444444128, 29.7380098681362]]}, "properties": {"centerlineid": 10137046, "roadclass": "LOCAL", "fullname": "BUTE ST", "fromleft": 3801, "toleft": 3899, "fromright": 3800, "toright": 3898, "onewaydir": " "}}, {"type": "Feature", "geometry": {"type": "LineString", "coordinates": [[-95.380149101885, 29.736909372448], [-95.3797144741616, 29.7366481515915]]}, "properties": {"centerlineid": 10137210, "roadclass": "LOCAL", "fullname": "TRUXILLO ST", "fromleft": 1019, "toleft": 1099, "fromright": 1018, "toright": 1098, "onewaydir": " "}}, {"type": "Feature", "geometry": {"type": "LineString", "coordinates": [[-95.3817233605453, 29.7371559829131], [-95.3817586064834, 29.7370881494284], [-95.3817629521542, 29.737058175424], [-95.3817588443527, 29.7370351371221], [-95.381741459437, 29.7370160370505], [-95.3817094131929, 29.7369936783081], [-95.3810367733175, 29.7366072303175]]}, "properties": {"centerlineid": 10137246, "roadclass": "LOCAL", "fullname": "ISABELLA ST", "fromleft": 901, "toleft": 999, "fromright": 900, "toright": 998, "onewaydir": " "}}, {"type": "Feature", "geometry": {"type": "LineString", "coordinates": [[-95.3779748871546, 29.7356505853343], [-95.3784325774539, 29.7350801396383]]}, "properties": {"centerlineid": 10137316, "roadclass": "LOCAL", "fullname": "CAROLINE ST", "fromleft": 3901, "toleft": 3999, "fromright": 3900, "toright": 3998, "onewaydir": "FT"}}, {"type": "Feature", "geometry": {"type": "LineString", "coordinates": [[-95.3808359097212, 29.7400946690163], [-95.3812860869689, 29.7395242425101]]}, "properties": {"centerlineid": 10137615, "roadclass": "LOCAL", "fullname": "MILAM ST", "fromleft": 3601, "toleft": 3699, "fromright": 3600, "toright": 3698, "onewaydir": "FT"}}, {"type": "Feature", "geometry": {"type": "LineString", "coordinates": [[-95.40215996406, 29.7492042322794], [-95.402144686001, 29.7482256101696]]}, "properties": {"centerlineid": 10133712, "roadclass": "MAJOR", "fullname": "DUNLAVY ST", "fromleft": 1901, "toleft": 1999, "fromright": 1900, "toright": 1998, "onewaydir": " "}}, {"type": "Feature", "geometry": {"type": "LineString", "coordinates": [[-95.4029001851098, 29.7431311732982], [-95.4028924140596, 29.7427725020664]]}, "properties": {"centerlineid": 10133807, "roadclass": "LOCAL", "fullname": "PARK ST", "fromleft": 2523, "toleft": 2599, "fromright": 2522, "toright": 2598, "onewaydir": " "}}, {"type": "Feature", "geometry": {"type": "LineString", "coordinates": [[-95.4038842731847, 29.752400907314], [-95.4047463122014, 29.7523835716174]]}, "properties": {"centerlineid": 10133986, "roadclass": "LOCAL", "fullname": "PEDEN ST", "fromleft": 1901, "toleft": 1927, "fromright": 1900, "toright": 1926, "onewaydir": " "}}, {"type": "Feature", "geometry": {"type": "LineString", "coordinates": [[-95.3839867496479, 29.7495302529249], [-95.3839561807198, 29.749440625517], [-95.3836663727233, 29.7492804120592]]}, "properties": {"centerlineid": 10134059, "roadclass": "LOCAL", "fullname": "DREW ST", "fromleft": 1, "toleft": 87, "fromright": 2, "toright": 86, "onewaydir": " "}}, {"type": "Feature", "geometry": {"type": "LineString", "coordinates": [[-95.3938058853316, 29.7434095441785], [-95.3937981763276, 29.7423337116237]]}, "properties": {"centerlineid": 10134070, "roadclass": "LOCAL", "fullname": "MT VERNON ST", "fromleft": 3301, "toleft": 3399, "fromright": 3300, "toright": 3398, "onewaydir": " "}}, {"type": "Feature", "geometry": {"type": "LineString", "coordinates": [[-95.3821940103254, 29.7539057186747], [-95.3821862578336, 29.753262964192]]}, "properties": {"centerlineid": 10134085, "roadclass": "LOCAL", "fullname": "BAILEY ST", "fromleft": 1601, "toleft": 1699, "fromright": 1600, "toright": 1698, "onewaydir": "FT"}}, {"type": "Feature", "geometry": {"type": "LineString", "coordinates": [[-95.4070200229455, 29.7394537236677], [-95.4070047412362, 29.7386010698293]]}, "properties": {"centerlineid": 10132176, "roadclass": "LOCAL", "fullname": "HAZARD ST", "fromleft": 3701, "toleft": 3799, "fromright": 3700, "toright": 3798, "onewaydir": " "}}, {"type": "Feature", "geometry": {"type": "LineString", "coordinates": [[-95.404540516594, 29.7394861449647], [-95.4070200229455, 29.7394537236677]]}, "properties": {"centerlineid": 10132207, "roadclass": "LOCAL", "fullname": "MARSHALL ST", "fromleft": 1801, "toleft": 1899, "fromright": 1800, "toright": 1898, "onewaydir": " "}}, {"type": "Feature", "geometry": {"type": "LineString", "coordinates": [[-95.4045099134478, 29.7368922561122], [-95.4044870850341, 29.736039583319]]}, "properties": {"centerlineid": 10132305, "roadclass": "LOCAL", "fullname": "WOODHEAD ST", "fromleft": 4001, "toleft": 4099, "fromright": 4000, "toright": 4098, "onewaydir": " "}}, {"type": "Feature", "geometry": {"type": "LineString", "coordinates": [[-95.3771890249466, 29.7417406989312], [-95.3770441403823, 29.7416567230373]]}, "properties": {"centerlineid": 10135638, "roadclass": "MAJOR", "fullname": "ELGIN ST", "fromleft": 929, "toleft": 999, "fromright": 928, "toright": 998, "onewaydir": " "}}, {"type": "Feature", "geometry": {"type": "LineString", "coordinates": [[-95.381949828982, 29.7482543162875], [-95.3810953742952, 29.7477429904742]]}, "properties": {"centerlineid": 10135827, "roadclass": "LOCAL", "fullname": "DREW ST", "fromleft": 201, "toleft": 299, "fromright": 200, "toright": 298, "onewaydir": " "}}, {"type": "Feature", "geometry": {"type": "LineString", "coordinates": [[-95.3813242103756, 29.7442355577697], [-95.3804925220261, 29.7437070708034]]}, "properties": {"centerlineid": 10135841, "roadclass": "MAJOR", "fullname": "ELGIN ST", "fromleft": 501, "toleft": 599, "fromright": 500, "toright": 598, "onewaydir": " "}}, {"type": "Feature", "geometry": {"type": "LineString", "coordinates": [[-95.3815836433478, 29.7471365174398], [-95.3809732852401, 29.7467741736058], [-95.3807213978611, 29.7466272588005]]}, "properties": {"centerlineid": 10135900, "roadclass": "LOCAL", "fullname": "TUAM ST", "fromleft": 301, "toleft": 399, "fromright": 300, "toright": 398, "onewaydir": " "}}, {"type": "Feature", "geometry": {"type": "LineString", "coordinates": [[-95.3816751412923, 29.745566694399], [-95.383033189615, 29.7455286104402]]}, "properties": {"centerlineid": 10136168, "roadclass": "LOCAL", "fullname": "AVONDALE ST", "fromleft": 101, "toleft": 199, "fromright": 100, "toright": 198, "onewaydir": " "}}, {"type": "Feature", "geometry": {"type": "LineString", "coordinates": [[-95.3905234369493, 29.7446741789813], [-95.3912640554354, 29.7446654698238]]}, "properties": {"centerlineid": 10134112, "roadclass": "MAJOR", "fullname": "WESTHEIMER RD", "fromleft": 901, "toleft": 915, "fromright": 900, "toright": 914, "onewaydir": " "}}, {"type": "Feature", "geometry": {"type": "LineString", "coordinates": [[-95.3979593394254, 29.7524028187777], [-95.3979060346191, 29.7523001221309], [-95.397479772851, 29.7516119645004]]}, "properties": {"centerlineid": 10134169, "roadclass": "MAJOR", "fullname": "WAUGH DR", "fromleft": 1701, "toleft": 1799, "fromright": 1700, "toright": 1798, "onewaydir": "FT"}}, {"type": "Feature", "geometry": {"type": "LineString", "coordinates": [[-95.3830407388675, 29.7464328359845], [-95.3830332143514, 29.7460150456631], [-95.383033189615, 29.7455286104402]]}, "properties": {"centerlineid": 10134216, "roadclass": "LOCAL", "fullname": "HELENA ST", "fromleft": 3001, "toleft": 3099, "fromright": 3000, "toright": 3098, "onewaydir": " "}}, {"type": "Feature", "geometry": {"type": "LineString", "coordinates": [[-95.3859857821591, 29.7463602926075], [-95.3859780228408, 29.7460933048301], [-95.3859627296857, 29.7454505777045]]}, "properties": {"centerlineid": 10134218, "roadclass": "LOCAL", "fullname": "TAFT ST", "fromleft": 2701, "toleft": 2799, "fromright": 2700, "toright": 2798, "onewaydir": " "}}, {"type": "Feature", "geometry": {"type": "LineString", "coordinates": [[-95.3975518328401, 29.7428087918342], [-95.3975442813272, 29.742307037837]]}, "properties": {"centerlineid": 10134228, "roadclass": "LOCAL", "fullname": "MULBERRY ST", "fromleft": 3301, "toleft": 3399, "fromright": 3300, "toright": 3398, "onewaydir": " "}}, {"type": "Feature", "geometry": {"type": "LineString", "coordinates": [[-95.3937981763276, 29.7423337116237], [-95.393782867717, 29.741311497205]]}, "properties": {"centerlineid": 10134237, "roadclass": "LOCAL", "fullname": "MT VERNON ST", "fromleft": 3401, "toleft": 3499, "fromright": 3400, "toright": 3498, "onewaydir": " "}}, {"type": "Feature", "geometry": {"type": "LineString", "coordinates": [[-95.3980363460815, 29.7530124716222], [-95.3980764708713, 29.7528683415952], [-95.3981158515954, 29.7527452095212], [-95.3981617950953, 29.7526222527283], [-95.3982134264913, 29.7525242874197], [-95.3982966255492, 29.75240042289]]}, "properties": {"centerlineid": 10134313, "roadclass": "MAJOR", "fullname": "COMMONWEALTH ST", "fromleft": 1601, "toleft": 1613, "fromright": 1600, "toright": 1612, "onewaydir": "FT"}}, {"type": "Feature", "geometry": {"type": "LineString", "coordinates": [[-95.397887470576, 29.7498164061615], [-95.3994192256825, 29.749076594925]]}, "properties": {"centerlineid": 10134323, "roadclass": "LOCAL", "fullname": "WELCH ST", "fromleft": 1501, "toleft": 1599, "fromright": 1500, "toright": 1598, "onewaydir": " "}}, {"type": "Feature", "geometry": {"type": "LineString", "coordinates": [[-95.3967660046736, 29.7479967271876], [-95.3963938932863, 29.7473851856598]]}, "properties": {"centerlineid": 10134329, "roadclass": "MAJOR", "fullname": "COMMONWEALTH ST", "fromleft": 2301, "toleft": 2399, "fromright": 2300, "toright": 2398, "onewaydir": "FT"}}, {"type": "Feature", "geometry": {"type": "LineString", "coordinates": [[-95.3911812217228, 29.7387824750671], [-95.3911736962376, 29.7378724824365]]}, "properties": {"centerlineid": 10136742, "roadclass": "MAJOR", "fullname": "MONTROSE BLVD", "fromleft": 3801, "toleft": 3899, "fromright": 3800, "toright": 3898, "onewaydir": " "}}, {"type": "Feature", "geometry": {"type": "LineString", "coordinates": [[-95.3936426225905, 29.7503989254326], [-95.3964432753447, 29.750348353981], [-95.396504079998, 29.7503471233144], [-95.3965582195409, 29.7503485794017], [-95.3966004711467, 29.7503611799012], [-95.3966525941453, 29.7503887935568]]}, "properties": {"centerlineid": 10134509, "roadclass": "LOCAL", "fullname": "WELCH ST", "fromleft": 1201, "toleft": 1399, "fromright": 1200, "toright": 1398, "onewaydir": " "}}, {"type": "Feature", "geometry": {"type": "LineString", "coordinates": [[-95.3865044040202, 29.7482084667781], [-95.3872902186654, 29.7481931884311]]}, "properties": {"centerlineid": 10134554, "roadclass": "LOCAL", "fullname": "FAIRVIEW AVE", "fromleft": 401, "toleft": 499, "fromright": 400, "toright": 498, "onewaydir": " "}}, {"type": "Feature", "geometry": {"type": "LineString", "coordinates": [[-95.389830906054, 29.7353357008151], [-95.3898233791883, 29.7345195307324]]}, "properties": {"centerlineid": 10136871, "roadclass": "LOCAL", "fullname": "ROSELAND ST", "fromleft": 4201, "toleft": 4299, "fromright": 4200, "toright": 4298, "onewaydir": " "}}, {"type": "Feature", "geometry": {"type": "LineString", "coordinates": [[-95.3859627296857, 29.7454505777045], [-95.3872598969823, 29.7454275096435]]}, "properties": {"centerlineid": 10134581, "roadclass": "LOCAL", "fullname": "AVONDALE ST", "fromleft": 401, "toleft": 499, "fromright": 400, "toright": 498, "onewaydir": " "}}, {"type": "Feature", "geometry": {"type": "LineString", "coordinates": [[-95.3936893962084, 29.751740198138], [-95.3964424674452, 29.7516889159744], [-95.3972347422487, 29.7516681873252], [-95.3973038172444, 29.751665268345], [-95.3973665666659, 29.7516554925769], [-95.3974197415845, 29.7516378158225], [-95.397479772851, 29.7516119645004]]}, "properties": {"centerlineid": 10134640, "roadclass": "LOCAL", "fullname": "BOMAR ST", "fromleft": 1201, "toleft": 1399, "fromright": 1200, "toright": 1398, "onewaydir": " "}}, {"type": "Feature", "geometry": {"type": "LineString", "coordinates": [[-95.3878702237184, 29.7344793473114], [-95.3878702327664, 29.7343134648702], [-95.3878625042301, 29.7334055577891]]}, "properties": {"centerlineid": 10136988, "roadclass": "LOCAL", "fullname": "GREELEY ST", "fromleft": 4301, "toleft": 4399, "fromright": 4300, "toright": 4398, "onewaydir": " "}}, {"type": "Feature", "geometry": {"type": "LineString", "coordinates": [[-95.3898767991014, 29.7387975219752], [-95.3911812217228, 29.7387824750671]]}, "properties": {"centerlineid": 10136997, "roadclass": "MAJOR", "fullname": "W ALABAMA ST", "fromleft": 901, "toleft": 999, "fromright": 900, "toright": 998, "onewaydir": " "}}, {"type": "Feature", "geometry": {"type": "LineString", "coordinates": [[-95.3844373324017, 29.7352390731881], [-95.3844216240249, 29.7345804325961]]}, "properties": {"centerlineid": 10137048, "roadclass": "LOCAL", "fullname": "BUTE ST", "fromleft": 4201, "toleft": 4299, "fromright": 4200, "toright": 4298, "onewaydir": " "}}, {"type": "Feature", "geometry": {"type": "LineString", "coordinates": [[-95.3786767029069, 29.73796037366], [-95.377814666137, 29.7374433282244]]}, "properties": {"centerlineid": 10137275, "roadclass": "LOCAL", "fullname": "WINBERN ST", "fromleft": 1101, "toleft": 1199, "fromright": 1100, "toright": 1198, "onewaydir": " "}}, {"type": "Feature", "geometry": {"type": "LineString", "coordinates": [[-95.3782343208154, 29.7385362585457], [-95.3786767029069, 29.73796037366]]}, "properties": {"centerlineid": 10137610, "roadclass": "MAJOR", "fullname": "FANNIN ST", "fromleft": 3601, "toleft": 3699, "fromright": 3600, "toright": 3698, "onewaydir": "FT"}}, {"type": "Feature", "geometry": {"type": "LineString", "coordinates": [[-95.3775641877663, 29.7345647116003], [-95.3767007283496, 29.7340579222921]]}, "properties": {"centerlineid": 10137643, "roadclass": "LOCAL", "fullname": "ISABELLA ST", "fromleft": 1401, "toleft": 1499, "fromright": 1400, "toright": 1498, "onewaydir": " "}}, {"type": "Feature", "geometry": {"type": "LineString", "coordinates": [[-95.3780282619733, 29.7339682728611], [-95.3771812816976, 29.7334589779733]]}, "properties": {"centerlineid": 10137656, "roadclass": "LOCAL", "fullname": "CLEBURNE ST", "fromleft": 1401, "toleft": 1499, "fromright": 1400, "toright": 1498, "onewaydir": " "}}, {"type": "Feature", "geometry": {"type": "LineString", "coordinates": [[-95.4088052784452, 29.7446893898552], [-95.4097206907807, 29.7446818281095]]}, "properties": {"centerlineid": 10133650, "roadclass": "LOCAL", "fullname": "FAIRVIEW AVE", "fromleft": 2015, "toleft": 2033, "fromright": 2014, "toright": 2032, "onewaydir": " "}}, {"type": "Feature", "geometry": {"type": "LineString", "coordinates": [[-95.4094078461349, 29.7393106955079], [-95.4093927809819, 29.7385800613649]]}, "properties": {"centerlineid": 10132175, "roadclass": "LOCAL", "fullname": "HULDY ST", "fromleft": 3001, "toleft": 3099, "fromright": 3000, "toright": 3098, "onewaydir": " "}}, {"type": "Feature", "geometry": {"type": "LineString", "coordinates": [[-95.4070200229455, 29.7394537236677], [-95.4077372074267, 29.7394462097228]]}, "properties": {"centerlineid": 10132213, "roadclass": "LOCAL", "fullname": "MARSHALL ST", "fromleft": 1901, "toleft": 1999, "fromright": 1900, "toright": 1998, "onewaydir": " "}}, {"type": "Feature", "geometry": {"type": "LineString", "coordinates": [[-95.4019922527529, 29.7386583321648], [-95.4020093719481, 29.7386580946129], [-95.4045436001717, 29.7386325648395]]}, "properties": {"centerlineid": 10132249, "roadclass": "MAJOR", "fullname": "W ALABAMA ST", "fromleft": 1701, "toleft": 1799, "fromright": 1700, "toright": 1798, "onewaydir": " "}}, {"type": "Feature", "geometry": {"type": "LineString", "coordinates": [[-95.3817060747477, 29.7377707462915], [-95.3821022570671, 29.73756206973], [-95.3822818999283, 29.7374697853782]]}, "properties": {"centerlineid": 10137781, "roadclass": "FRONTAGE", "fullname": "SOUTHWEST FWY", "fromleft": 1, "toleft": 99, "fromright": 2, "toright": 98, "onewaydir": "FT"}}, {"type": "Feature", "geometry": {"type": "LineString", "coordinates": [[-95.3813077096004, 29.7532725395735], [-95.3812861138133, 29.7526888655971]]}, "properties": {"centerlineid": 10135707, "roadclass": "LOCAL", "fullname": "WILSON ST", "fromleft": 1701, "toleft": 1799, "fromright": 1700, "toright": 1798, "onewaydir": " "}}, {"type": "Feature", "geometry": {"type": "LineString", "coordinates": [[-95.378998185075, 29.7522187637939], [-95.3786615185865, 29.752018600751]]}, "properties": {"centerlineid": 10135724, "roadclass": "LOCAL", "fullname": "WEBSTER ST", "fromleft": 231, "toleft": 299, "fromright": 230, "toright": 298, "onewaydir": " "}}, {"type": "Feature", "geometry": {"type": "LineString", "coordinates": [[-95.3791575067684, 29.750157739963], [-95.3791955806279, 29.7501424403018], [-95.379226167164, 29.7501082389935], [-95.3796151713757, 29.749625664862]]}, "properties": {"centerlineid": 10136331, "roadclass": "LOCAL", "fullname": "BALDWIN ST", "fromleft": 2401, "toleft": 2499, "fromright": 2400, "toright": 2498, "onewaydir": " "}}, {"type": "Feature", "geometry": {"type": "LineString", "coordinates": [[-95.3859551908455, 29.7445768674762], [-95.3859399110996, 29.7434973868403]]}, "properties": {"centerlineid": 10134109, "roadclass": "LOCAL", "fullname": "TAFT ST", "fromleft": 2901, "toleft": 3299, "fromright": 2900, "toright": 3298, "onewaydir": " "}}, {"type": "Feature", "geometry": {"type": "LineString", "coordinates": [[-95.3888543579354, 29.744515723607], [-95.3890831973735, 29.7445157509826], [-95.389388507484, 29.7445405855971], [-95.389662991759, 29.7446245501659]]}, "properties": {"centerlineid": 10134121, "roadclass": "MAJOR", "fullname": "WESTHEIMER RD", "fromleft": 601, "toleft": 799, "fromright": 600, "toright": 798, "onewaydir": " "}}, {"type": "Feature", "geometry": {"type": "LineString", "coordinates": [[-95.3991768325249, 29.7545922957687], [-95.399215171254, 29.7545331777503], [-95.3992151941673, 29.7544569836289], [-95.3992151835821, 29.7540811707515], [-95.3992074321586, 29.7540259323359], [-95.39918462258, 29.7539743818033]]}, "properties": {"centerlineid": 10134129, "roadclass": "LOCAL", "fullname": "ROSINE ST", "fromleft": 1401, "toleft": 1499, "fromright": 1400, "toright": 1498, "onewaydir": " "}}, {"type": "Feature", "geometry": {"type": "LineString", "coordinates": [[-95.3889154773421, 29.7529654096542], [-95.3889155050651, 29.7525820602934]]}, "properties": {"centerlineid": 10134168, "roadclass": "LOCAL", "fullname": "STANFORD ST", "fromleft": 1619, "toleft": 1699, "fromright": 1618, "toright": 1698, "onewaydir": " "}}, {"type": "Feature", "geometry": {"type": "LineString", "coordinates": [[-95.3865224686992, 29.7488657821579], [-95.3865044040202, 29.7482084667781]]}, "properties": {"centerlineid": 10134181, "roadclass": "LOCAL", "fullname": "MORGAN ST", "fromleft": 2301, "toleft": 2399, "fromright": 2300, "toright": 2398, "onewaydir": " "}}, {"type": "Feature", "geometry": {"type": "LineString", "coordinates": [[-95.3957590600532, 29.7412887140923], [-95.3974602877635, 29.7412695345549], [-95.3975289958457, 29.7412695203379]]}, "properties": {"centerlineid": 10134192, "roadclass": "LOCAL", "fullname": "HAROLD ST", "fromleft": 1401, "toleft": 1499, "fromright": 1400, "toright": 1498, "onewaydir": " "}}, {"type": "Feature", "geometry": {"type": "LineString", "coordinates": [[-95.3830635816184, 29.7526735961325], [-95.3830652310328, 29.7520367180753]]}, "properties": {"centerlineid": 10134311, "roadclass": "LOCAL", "fullname": "GILLETTE ST", "fromleft": 1801, "toleft": 1899, "fromright": 1800, "toright": 1898, "onewaydir": " "}}, {"type": "Feature", "geometry": {"type": "LineString", "coordinates": [[-95.3982767004519, 29.7504075924678], [-95.3984063361734, 29.7503580939519], [-95.4007334578836, 29.7492537430347], [-95.4008172068392, 29.7492249663042], [-95.4009011554118, 29.7492192664766]]}, "properties": {"centerlineid": 10134318, "roadclass": "LOCAL", "fullname": "VERMONT ST", "fromleft": 1501, "toleft": 1621, "fromright": 1500, "toright": 1620, "onewaydir": " "}}, {"type": "Feature", "geometry": {"type": "LineString", "coordinates": [[-95.3975136792904, 29.7492078641805], [-95.3971435521586, 29.7485935271605]]}, "properties": {"centerlineid": 10134326, "roadclass": "MAJOR", "fullname": "COMMONWEALTH ST", "fromleft": 2101, "toleft": 2199, "fromright": 2100, "toright": 2198, "onewaydir": "FT"}}, {"type": "Feature", "geometry": {"type": "LineString", "coordinates": [[-95.3880685350183, 29.7467454300256], [-95.3880684938918, 29.7466653262618], [-95.3880684939248, 29.7461503763895], [-95.3880610119189, 29.7454085924794]]}, "properties": {"centerlineid": 10134375, "roadclass": "LOCAL", "fullname": "HOPKINS ST", "fromleft": 2601, "toleft": 2699, "fromright": 2600, "toright": 2698, "onewaydir": " "}}, {"type": "Feature", "geometry": {"type": "LineString", "coordinates": [[-95.397498436772, 29.737803843619], [-95.399306670126, 29.737786727555]]}, "properties": {"centerlineid": 10136656, "roadclass": "LOCAL", "fullname": "SUL ROSS ST", "fromleft": 1501, "toleft": 1599, "fromright": 1500, "toright": 1598, "onewaydir": " "}}, {"type": "Feature", "geometry": {"type": "LineString", "coordinates": [[-95.383468139613, 29.7380194269421], [-95.3834940689883, 29.7375107617668], [-95.3835158002251, 29.7373608859801], [-95.3835442965341, 29.7372603141279], [-95.3835790232342, 29.7371213721238]]}, "properties": {"centerlineid": 10136721, "roadclass": "LOCAL", "fullname": "BRANDT ST", "fromleft": 3901, "toleft": 3999, "fromright": 3900, "toright": 3998, "onewaydir": "FT"}}, {"type": "Feature", "geometry": {"type": "LineString", "coordinates": [[-95.3993295229697, 29.7395452377322], [-95.4020109582841, 29.7395185234525], [-95.4020150615388, 29.7395185399997]]}, "properties": {"centerlineid": 10136722, "roadclass": "LOCAL", "fullname": "MARSHALL ST", "fromleft": 1601, "toleft": 1699, "fromright": 1600, "toright": 1698, "onewaydir": " "}}, {"type": "Feature", "geometry": {"type": "LineString", "coordinates": [[-95.3857263203444, 29.750283698575], [-95.3858178337568, 29.750243556747], [-95.3865349959247, 29.7502360136862]]}, "properties": {"centerlineid": 10134505, "roadclass": "LOCAL", "fullname": "WELCH ST", "fromleft": 301, "toleft": 399, "fromright": 300, "toright": 398, "onewaydir": " "}}, {"type": "Feature", "geometry": {"type": "LineString", "coordinates": [[-95.3953163987804, 29.7456602385094], [-95.3968915649643, 29.7449105665226]]}, "properties": {"centerlineid": 10134523, "roadclass": "LOCAL", "fullname": "MISSOURI ST", "fromleft": 1501, "toleft": 1599, "fromright": 1500, "toright": 1598, "onewaydir": " "}}, {"type": "Feature", "geometry": {"type": "LineString", "coordinates": [[-95.3898462220706, 29.7370389834631], [-95.39031920884, 29.7370333094932], [-95.3911509176714, 29.7370275736342]]}, "properties": {"centerlineid": 10136823, "roadclass": "LOCAL", "fullname": "BRANARD ST", "fromleft": 901, "toleft": 999, "fromright": 900, "toright": 998, "onewaydir": " "}}, {"type": "Feature", "geometry": {"type": "LineString", "coordinates": [[-95.3897174806975, 29.7508301164603], [-95.3901590094754, 29.7508253923006], [-95.3904794040865, 29.7508176030901]]}, "properties": {"centerlineid": 10134569, "roadclass": "LOCAL", "fullname": "WILLARD ST", "fromleft": 801, "toleft": 899, "fromright": 800, "toright": 898, "onewaydir": " "}}, {"type": "Feature", "geometry": {"type": "LineString", "coordinates": [[-95.3896554741721, 29.746709402831], [-95.39046061623, 29.7466841851485], [-95.3905361032821, 29.7466778588016], [-95.3906215833869, 29.746659862402]]}, "properties": {"centerlineid": 10134575, "roadclass": "LOCAL", "fullname": "PACIFIC ST", "fromleft": 801, "toleft": 999, "fromright": 800, "toright": 998, "onewaydir": " "}}, {"type": "Feature", "geometry": {"type": "LineString", "coordinates": [[-95.391355262718, 29.7504181218718], [-95.3913726999215, 29.7504281442421], [-95.3914107273296, 29.7504363324289], [-95.3914599461297, 29.7504376580444], [-95.3915188194449, 29.7504368560459], [-95.3920791530211, 29.7504228534682]]}, "properties": {"centerlineid": 10134596, "roadclass": "LOCAL", "fullname": "WELCH ST", "fromleft": 1001, "toleft": 1099, "fromright": 1000, "toright": 1098, "onewaydir": " "}}, {"type": "Feature", "geometry": {"type": "LineString", "coordinates": [[-95.3856804774842, 29.7475389983952], [-95.3858102891573, 29.7475237073147], [-95.3864968535809, 29.7475141288261]]}, "properties": {"centerlineid": 10134629, "roadclass": "LOCAL", "fullname": "HYDE PARK BLVD", "fromleft": 301, "toleft": 399, "fromright": 300, "toright": 398, "onewaydir": " "}}, {"type": "Feature", "geometry": {"type": "LineString", "coordinates": [[-95.3811279661461, 29.7381100336496], [-95.3811634607427, 29.7380235810318], [-95.3811886052065, 29.7379705227649], [-95.3812246852102, 29.7379177598929], [-95.3812547024117, 29.7378815522997], [-95.3813793467238, 29.7377237067123], [-95.3814129896481, 29.7376663419136]]}, "properties": {"centerlineid": 10137274, "roadclass": "LOCAL", "fullname": "TRAVIS ST", "fromleft": 3811, "toleft": 3899, "fromright": 3810, "toright": 3898, "onewaydir": "FT"}}, {"type": "Feature", "geometry": {"type": "LineString", "coordinates": [[-95.3804238244329, 29.7390113024219], [-95.3796028539682, 29.7385125445641], [-95.3795540708957, 29.7384828499465]]}, "properties": {"centerlineid": 10137311, "roadclass": "LOCAL", "fullname": "WINBERN ST", "fromleft": 901, "toleft": 999, "fromright": 900, "toright": 998, "onewaydir": " "}}, {"type": "Feature", "geometry": {"type": "LineString", "coordinates": [[-95.3775641877663, 29.7345647116003], [-95.377967121379, 29.7340465355829], [-95.3780282619733, 29.7339682728611]]}, "properties": {"centerlineid": 10137380, "roadclass": "LOCAL", "fullname": "AUSTIN ST", "fromleft": 4001, "toleft": 4099, "fromright": 4000, "toright": 4098, "onewaydir": "FT"}}, {"type": "Feature", "geometry": {"type": "LineString", "coordinates": [[-95.3786767029069, 29.73796037366], [-95.3791191675473, 29.7374166323625]]}, "properties": {"centerlineid": 10137609, "roadclass": "MAJOR", "fullname": "FANNIN ST", "fromleft": 3701, "toleft": 3799, "fromright": 3700, "toright": 3798, "onewaydir": "FT"}}, {"type": "Feature", "geometry": {"type": "LineString", "coordinates": [[-95.4055245968746, 29.7481950128385], [-95.4063485535254, 29.7481817631889]]}, "properties": {"centerlineid": 10133737, "roadclass": "LOCAL", "fullname": "WELCH ST", "fromleft": 1951, "toleft": 1961, "fromright": 1950, "toright": 1960, "onewaydir": " "}}, {"type": "Feature", "geometry": {"type": "LineString", "coordinates": [[-95.4106819775882, 29.7481340913775], [-95.410666930415, 29.7468980974875]]}, "properties": {"centerlineid": 10133762, "roadclass": "MAJOR", "fullname": "S SHEPHERD DR", "fromleft": 2001, "toleft": 2099, "fromright": 2000, "toright": 2098, "onewaydir": " "}}, {"type": "Feature", "geometry": {"type": "LineString", "coordinates": [[-95.4022133702528, 29.7524333149035], [-95.4021830036449, 29.7507986731569]]}, "properties": {"centerlineid": 10133774, "roadclass": "MAJOR", "fullname": "DUNLAVY ST", "fromleft": 1501, "toleft": 1699, "fromright": 1500, "toright": 1698, "onewaydir": " "}}, {"type": "Feature", "geometry": {"type": "LineString", "coordinates": [[-95.4113534830787, 29.7529519540656], [-95.4120628868223, 29.7528394494739], [-95.4125055440413, 29.7528280424648], [-95.4132379771851, 29.7528262081604], [-95.413840548077, 29.7528091242566], [-95.4149850963191, 29.7527365314029]]}, "properties": {"centerlineid": 10133847, "roadclass": "LOCAL", "fullname": "INWOOD DR", "fromleft": 2117, "toleft": 2399, "fromright": 2116, "toright": 2398, "onewaydir": " "}}, {"type": "Feature", "geometry": {"type": "LineString", "coordinates": [[-95.40215996406, 29.7492042322794], [-95.4022587762576, 29.7492033042659], [-95.4025795809044, 29.7492003357066]]}, "properties": {"centerlineid": 10133882, "roadclass": "LOCAL", "fullname": "VERMONT ST", "fromleft": 1901, "toleft": 1903, "fromright": 1900, "toright": 1902, "onewaydir": " "}}, {"type": "Feature", "geometry": {"type": "LineString", "coordinates": [[-95.4047615714119, 29.7531198829288], [-95.4047463122014, 29.7523835716174]]}, "properties": {"centerlineid": 10133985, "roadclass": "LOCAL", "fullname": "WOODHEAD ST", "fromleft": 1451, "toleft": 1499, "fromright": 1450, "toright": 1498, "onewaydir": " "}}, {"type": "Feature", "geometry": {"type": "LineString", "coordinates": [[-95.3865349959247, 29.7502360136862], [-95.3865196803005, 29.7496028226781], [-95.3865044057926, 29.7495494272205]]}, "properties": {"centerlineid": 10134049, "roadclass": "LOCAL", "fullname": "MORGAN ST", "fromleft": 2101, "toleft": 2199, "fromright": 2100, "toright": 2198, "onewaydir": " "}}, {"type": "Feature", "geometry": {"type": "LineString", "coordinates": [[-95.3936525172592, 29.7503977576146], [-95.3936336395183, 29.7497237648156]]}, "properties": {"centerlineid": 10134050, "roadclass": "LOCAL", "fullname": "VAN BUREN ST", "fromleft": 2001, "toleft": 2199, "fromright": 2000, "toright": 2198, "onewaydir": " "}}, {"type": "Feature", "geometry": {"type": "LineString", "coordinates": [[-95.3912499183801, 29.7434590606979], [-95.391227120024, 29.7423720753997]]}, "properties": {"centerlineid": 10134071, "roadclass": "MAJOR", "fullname": "MONTROSE BLVD", "fromleft": 3301, "toleft": 3399, "fromright": 3300, "toright": 3398, "onewaydir": " "}}, {"type": "Feature", "geometry": {"type": "LineString", "coordinates": [[-95.4094078461349, 29.7393106955079], [-95.4099801023284, 29.7393031441556], [-95.410705034649, 29.7392935426961]]}, "properties": {"centerlineid": 10132107, "roadclass": "LOCAL", "fullname": "MARSHALL ST", "fromleft": 2031, "toleft": 2099, "fromright": 2030, "toright": 2098, "onewaydir": " "}}, {"type": "Feature", "geometry": {"type": "LineString", "coordinates": [[-95.4081561614307, 29.7411389282572], [-95.408169890453, 29.7411221001188], [-95.4081795816067, 29.7410956098881], [-95.408172063511, 29.7407374210774]]}, "properties": {"centerlineid": 10132111, "roadclass": "LOCAL", "fullname": "MCDUFFIE ST", "fromleft": 2601, "toleft": 3549, "fromright": 2600, "toright": 3548, "onewaydir": " "}}, {"type": "Feature", "geometry": {"type": "LineString", "coordinates": [[-95.4044640436618, 29.734302048191], [-95.4044565377773, 29.7334895597485]]}, "properties": {"centerlineid": 10132146, "roadclass": "LOCAL", "fullname": "WOODHEAD ST", "fromleft": 4301, "toleft": 4399, "fromright": 4300, "toright": 4398, "onewaydir": " "}}, {"type": "Feature", "geometry": {"type": "LineString", "coordinates": [[-95.4080500233567, 29.7359900763225], [-95.4099114530903, 29.7359748018146], [-95.4106744617694, 29.7359670576652]]}, "properties": {"centerlineid": 10132242, "roadclass": "LOCAL", "fullname": "W MAIN ST", "fromleft": 2001, "toleft": 2099, "fromright": 2000, "toright": 2098, "onewaydir": " "}}, {"type": "Feature", "geometry": {"type": "LineString", "coordinates": [[-95.407065697837, 29.7351565551241], [-95.4080347471556, 29.7351430955676]]}, "properties": {"centerlineid": 10132311, "roadclass": "LOCAL", "fullname": "COLQUITT ST", "fromleft": 1901, "toleft": 1999, "fromright": 1900, "toright": 1998, "onewaydir": " "}}, {"type": "Feature", "geometry": {"type": "LineString", "coordinates": [[-95.3817057022785, 29.7444509569889], [-95.3820183296993, 29.7445729960532], [-95.3823464412269, 29.7446206981166], [-95.3825905515475, 29.7446455713133], [-95.3830179157565, 29.7446587842801]]}, "properties": {"centerlineid": 10135719, "roadclass": "MAJOR", "fullname": "WESTHEIMER RD", "fromleft": 101, "toleft": 199, "fromright": 100, "toright": 198, "onewaydir": " "}}, {"type": "Feature", "geometry": {"type": "LineString", "coordinates": [[-95.3785393773371, 29.7461980609792], [-95.3780054228128, 29.7458776798362], [-95.3776773256053, 29.7456869265557]]}, "properties": {"centerlineid": 10135767, "roadclass": "LOCAL", "fullname": "DREW ST", "fromleft": 601, "toleft": 699, "fromright": 600, "toright": 698, "onewaydir": " "}}, {"type": "Feature", "geometry": {"type": "LineString", "coordinates": [[-95.3795312245814, 29.7527002555373], [-95.3795237098143, 29.7525439859147]]}, "properties": {"centerlineid": 10136008, "roadclass": "LOCAL", "fullname": "CUSHING ST", "fromleft": 1801, "toleft": 1805, "fromright": 1800, "toright": 1804, "onewaydir": " "}}, {"type": "Feature", "geometry": {"type": "LineString", "coordinates": [[-95.3783104907995, 29.7432874964111], [-95.3774722041345, 29.7427923534767], [-95.3774484530508, 29.7427782204693]]}, "properties": {"centerlineid": 10136090, "roadclass": "LOCAL", "fullname": "ROSALIE ST", "fromleft": 801, "toleft": 899, "fromright": 800, "toright": 898, "onewaydir": " "}}, {"type": "Feature", "geometry": {"type": "LineString", "coordinates": [[-95.3817971933255, 29.7500509825567], [-95.3823617026165, 29.7493377145329]]}, "properties": {"centerlineid": 10136316, "roadclass": "LOCAL", "fullname": "ALBANY ST", "fromleft": 2601, "toleft": 2699, "fromright": 2600, "toright": 2698, "onewaydir": " "}}, {"type": "Feature", "geometry": {"type": "LineString", "coordinates": [[-95.3988640513579, 29.7427991817468], [-95.3992607968389, 29.7427991926813], [-95.3993141877008, 29.7428012324455]]}, "properties": {"centerlineid": 10134156, "roadclass": "MAJOR", "fullname": "WESTHEIMER RD", "fromleft": 1527, "toleft": 1599, "fromright": 1526, "toright": 1598, "onewaydir": " "}}, {"type": "Feature", "geometry": {"type": "LineString", "coordinates": [[-95.3926004617663, 29.7413286462628], [-95.3925851975118, 29.7404818954543]]}, "properties": {"centerlineid": 10134160, "roadclass": "LOCAL", "fullname": "YOAKUM BLVD", "fromleft": 3501, "toleft": 3599, "fromright": 3500, "toright": 3598, "onewaydir": " "}}, {"type": "Feature", "geometry": {"type": "LineString", "coordinates": [[-95.3991693048113, 29.744376559194], [-95.3987572528388, 29.7437166582006]]}, "properties": {"centerlineid": 10134208, "roadclass": "LOCAL", "fullname": "RIDGEWOOD ST", "fromleft": 2601, "toleft": 2699, "fromright": 2600, "toright": 2698, "onewaydir": " "}}, {"type": "Feature", "geometry": {"type": "LineString", "coordinates": [[-95.3864968535809, 29.7475141288261], [-95.3864968530025, 29.7474283515887], [-95.3864968662747, 29.7467837583845]]}, "properties": {"centerlineid": 10134307, "roadclass": "LOCAL", "fullname": "MORGAN ST", "fromleft": 2501, "toleft": 2599, "fromright": 2500, "toright": 2598, "onewaydir": " "}}, {"type": "Feature", "geometry": {"type": "LineString", "coordinates": [[-95.3990431194821, 29.7484732329006], [-95.4001236754757, 29.747959519655]]}, "properties": {"centerlineid": 10134362, "roadclass": "LOCAL", "fullname": "INDIANA ST", "fromleft": 1601, "toleft": 1699, "fromright": 1600, "toright": 1698, "onewaydir": " "}}, {"type": "Feature", "geometry": {"type": "LineString", "coordinates": [[-95.3899224090723, 29.7423834873807], [-95.39012845142, 29.7423814127363], [-95.391227120024, 29.7423720753997]]}, "properties": {"centerlineid": 10134385, "roadclass": "LOCAL", "fullname": "HAWTHORNE ST", "fromleft": 901, "toleft": 999, "fromright": 900, "toright": 998, "onewaydir": " "}}, {"type": "Feature", "geometry": {"type": "LineString", "coordinates": [[-95.3844369496347, 29.7362492968654], [-95.3847878555976, 29.7362456497934], [-95.3854060006932, 29.7362378613203]]}, "properties": {"centerlineid": 10136708, "roadclass": "LOCAL", "fullname": "W MAIN ST", "fromleft": 401, "toleft": 499, "fromright": 400, "toright": 498, "onewaydir": " "}}, {"type": "Feature", "geometry": {"type": "LineString", "coordinates": [[-95.3848259466658, 29.7534651127702], [-95.3851922024479, 29.7534632730088]]}, "properties": {"centerlineid": 10134424, "roadclass": "MAJOR", "fullname": "W GRAY ST", "fromleft": 259, "toleft": 277, "fromright": 258, "toright": 276, "onewaydir": " "}}, {"type": "Feature", "geometry": {"type": "LineString", "coordinates": [[-95.3821709706298, 29.7507852138292], [-95.383040771853, 29.7507833917012]]}, "properties": {"centerlineid": 10134454, "roadclass": "LOCAL", "fullname": "SUTTON ST", "fromleft": 1501, "toleft": 1599, "fromright": 1500, "toright": 1598, "onewaydir": " "}}, {"type": "Feature", "geometry": {"type": "LineString", "coordinates": [[-95.3826058248102, 29.7424482591954], [-95.3838799424719, 29.7424368824973]]}, "properties": {"centerlineid": 10134472, "roadclass": "LOCAL", "fullname": "HAWTHORNE ST", "fromleft": 117, "toleft": 399, "fromright": 116, "toright": 398, "onewaydir": " "}}, {"type": "Feature", "geometry": {"type": "LineString", "coordinates": [[-95.3873207719593, 29.7502207325781], [-95.3874122697037, 29.7502036169182], [-95.3880379399945, 29.7501979238992], [-95.3881066114315, 29.7501826104874]]}, "properties": {"centerlineid": 10134508, "roadclass": "LOCAL", "fullname": "WELCH ST", "fromleft": 501, "toleft": 599, "fromright": 500, "toright": 598, "onewaydir": " "}}, {"type": "Feature", "geometry": {"type": "LineString", "coordinates": [[-95.3905591545449, 29.7463357582388], [-95.3918186047847, 29.7463073475101]]}, "properties": {"centerlineid": 10134531, "roadclass": "LOCAL", "fullname": "MISSOURI ST", "fromleft": 1001, "toleft": 1099, "fromright": 1000, "toright": 1098, "onewaydir": " "}}, {"type": "Feature", "geometry": {"type": "LineString", "coordinates": [[-95.3880953294588, 29.7481644305734], [-95.3888804767481, 29.7481433217471]]}, "properties": {"centerlineid": 10134556, "roadclass": "LOCAL", "fullname": "FAIRVIEW AVE", "fromleft": 601, "toleft": 699, "fromright": 600, "toright": 698, "onewaydir": " "}}, {"type": "Feature", "geometry": {"type": "LineString", "coordinates": [[-95.3936991295714, 29.734488930641], [-95.3941034192722, 29.7344811595548], [-95.3946526748056, 29.7344601715244]]}, "properties": {"centerlineid": 10136827, "roadclass": "MAJOR", "fullname": "RICHMOND AVE", "fromleft": 1201, "toleft": 1299, "fromright": 1200, "toright": 1298, "onewaydir": " "}}, {"type": "Feature", "geometry": {"type": "LineString", "coordinates": [[-95.3979060346191, 29.7523001221309], [-95.398790054699, 29.7518825283924]]}, "properties": {"centerlineid": 10134637, "roadclass": "LOCAL", "fullname": "HADDON ST", "fromleft": 1401, "toleft": 1499, "fromright": 1400, "toright": 1498, "onewaydir": " "}}, {"type": "Feature", "geometry": {"type": "LineString", "coordinates": [[-95.3992914050171, 29.7369399781482], [-95.3992760843878, 29.7360948090127]]}, "properties": {"centerlineid": 10136948, "roadclass": "LOCAL", "fullname": "MANDELL ST", "fromleft": 4001, "toleft": 4099, "fromright": 4000, "toright": 4098, "onewaydir": " "}}, {"type": "Feature", "geometry": {"type": "LineString", "coordinates": [[-95.3946985017902, 29.7352765800949], [-95.3946832460209, 29.7344985339435], [-95.3946526748056, 29.7344601715244]]}, "properties": {"centerlineid": 10136985, "roadclass": "LOCAL", "fullname": "GRAUSTARK ST", "fromleft": 4201, "toleft": 4299, "fromright": 4200, "toright": 4298, "onewaydir": " "}}, {"type": "Feature", "geometry": {"type": "LineString", "coordinates": [[-95.3854516019203, 29.7397608504054], [-95.3848643185311, 29.7397665420936], [-95.3838343408115, 29.7397740970087]]}, "properties": {"centerlineid": 10137087, "roadclass": "LOCAL", "fullname": "MARSHALL ST", "fromleft": 201, "toleft": 399, "fromright": 200, "toright": 398, "onewaydir": " "}}, {"type": "Feature", "geometry": {"type": "LineString", "coordinates": [[-95.3799889207452, 29.737958297945], [-95.3799873542236, 29.7379573721003], [-95.3791191675473, 29.7374166323625]]}, "properties": {"centerlineid": 10137156, "roadclass": "MAJOR", "fullname": "ALABAMA ST", "fromleft": 1001, "toleft": 1099, "fromright": 1000, "toright": 1098, "onewaydir": " "}}, {"type": "Feature", "geometry": {"type": "LineString", "coordinates": [[-95.3767235603988, 29.7404036117685], [-95.3771812898657, 29.7398448455052]]}, "properties": {"centerlineid": 10137596, "roadclass": "MAJOR", "fullname": "FANNIN ST", "fromleft": 3301, "toleft": 3399, "fromright": 3300, "toright": 3398, "onewaydir": "FT"}}, {"type": "Feature", "geometry": {"type": "LineString", "coordinates": [[-95.4079888739456, 29.7523301965538], [-95.4079660415465, 29.7507242752787]]}, "properties": {"centerlineid": 10133636, "roadclass": "LOCAL", "fullname": "MCDUFFIE ST", "fromleft": 1501, "toleft": 1699, "fromright": 1500, "toright": 1698, "onewaydir": " "}}, {"type": "Feature", "geometry": {"type": "LineString", "coordinates": [[-95.4126428789576, 29.7476248217014], [-95.4126276073607, 29.7468674843846]]}, "properties": {"centerlineid": 10133763, "roadclass": "LOCAL", "fullname": "PERSA ST", "fromleft": 2017, "toleft": 2099, "fromright": 2016, "toright": 2098, "onewaydir": " "}}, {"type": "Feature", "geometry": {"type": "LineString", "coordinates": [[-95.4107125535666, 29.7520212345639], [-95.4108424036733, 29.7520155044979], [-95.4117119340859, 29.7518895681365], [-95.4122613757185, 29.7518475762056], [-95.4129251123923, 29.7518343674146], [-95.4142832212918, 29.7517962463933], [-95.4151224561382, 29.7517237139591]]}, "properties": {"centerlineid": 10133849, "roadclass": "LOCAL", "fullname": "DEL MONTE DR", "fromleft": 2101, "toleft": 2299, "fromright": 2100, "toright": 2298, "onewaydir": " "}}, {"type": "Feature", "geometry": {"type": "LineString", "coordinates": [[-95.4118340059779, 29.7500815502513], [-95.412978511953, 29.7500548407066]]}, "properties": {"centerlineid": 10133853, "roadclass": "LOCAL", "fullname": "STANMORE DR", "fromleft": 2101, "toleft": 2145, "fromright": 2100, "toright": 2144, "onewaydir": " "}}, {"type": "Feature", "geometry": {"type": "LineString", "coordinates": [[-95.4030144648427, 29.7507909471177], [-95.4029839272089, 29.7491850477782]]}, "properties": {"centerlineid": 10133924, "roadclass": "LOCAL", "fullname": "PARK ST", "fromleft": 1701, "toleft": 1899, "fromright": 1700, "toright": 1898, "onewaydir": " "}}, {"type": "Feature", "geometry": {"type": "LineString", "coordinates": [[-95.3896975689259, 29.7501507405409], [-95.3896782697035, 29.7494786905312]]}, "properties": {"centerlineid": 10134055, "roadclass": "LOCAL", "fullname": "CROCKER ST", "fromleft": 2101, "toleft": 2199, "fromright": 2100, "toright": 2198, "onewaydir": " "}}, {"type": "Feature", "geometry": {"type": "LineString", "coordinates": [[-95.4062417476232, 29.7342676019898], [-95.4070503854804, 29.7342714759343]]}, "properties": {"centerlineid": 10132215, "roadclass": "MAJOR", "fullname": "RICHMOND AVE", "fromleft": 1841, "toleft": 1899, "fromright": 1840, "toright": 1898, "onewaydir": " "}}, {"type": "Feature", "geometry": {"type": "LineString", "coordinates": [[-95.4106819786908, 29.7368215508226], [-95.4109795249361, 29.7368119382752], [-95.4128183577739, 29.736790949013], [-95.4129023201555, 29.7368254345301]]}, "properties": {"centerlineid": 10132321, "roadclass": "LOCAL", "fullname": "BRANARD ST", "fromleft": 2101, "toleft": 2199, "fromright": 2100, "toright": 2198, "onewaydir": " "}}, {"type": "Feature", "geometry": {"type": "LineString", "coordinates": [[-95.3822818999283, 29.7374697853782], [-95.3827216715118, 29.7371485501134]]}, "properties": {"centerlineid": 10137755, "roadclass": "FRONTAGE", "fullname": "SOUTHWEST FWY", "fromleft": 101, "toleft": 199, "fromright": 100, "toright": 198, "onewaydir": "FT"}}, {"type": "Feature", "geometry": {"type": "LineString", "coordinates": [[-95.3786615185865, 29.752018600751], [-95.3780204763071, 29.7516340370903]]}, "properties": {"centerlineid": 10135633, "roadclass": "LOCAL", "fullname": "WEBSTER ST", "fromleft": 201, "toleft": 229, "fromright": 200, "toright": 228, "onewaydir": "FT"}}, {"type": "Feature", "geometry": {"type": "LineString", "coordinates": [[-95.3807213978611, 29.7466272588005], [-95.3798746271231, 29.7461026886404]]}, "properties": {"centerlineid": 10135710, "roadclass": "LOCAL", "fullname": "TUAM ST", "fromleft": 401, "toleft": 499, "fromright": 400, "toright": 498, "onewaydir": " "}}, {"type": "Feature", "geometry": {"type": "LineString", "coordinates": [[-95.3768380960759, 29.7451758438061], [-95.3773033499668, 29.7445693679724]]}, "properties": {"centerlineid": 10136271, "roadclass": "LOCAL", "fullname": "MILAM ST", "fromleft": 2801, "toleft": 2899, "fromright": 2800, "toright": 2898, "onewaydir": "FT"}}, {"type": "Feature", "geometry": {"type": "LineString", "coordinates": [[-95.3787606751106, 29.7491049735768], [-95.3792337094223, 29.7485078201534]]}, "properties": {"centerlineid": 10136317, "roadclass": "MAJOR", "fullname": "BAGBY ST", "fromleft": 2501, "toleft": 2599, "fromright": 2500, "toright": 2598, "onewaydir": "FT"}}, {"type": "Feature", "geometry": {"type": "LineString", "coordinates": [[-95.3768456364739, 29.7531217235046], [-95.3774332037681, 29.7523625809283]]}, "properties": {"centerlineid": 10136321, "roadclass": "LOCAL", "fullname": "BALDWIN ST", "fromleft": 2001, "toleft": 2099, "fromright": 2000, "toright": 2098, "onewaydir": " "}}, {"type": "Feature", "geometry": {"type": "LineString", "coordinates": [[-95.3759911482664, 29.7526048758385], [-95.3765939751316, 29.7518514539359]]}, "properties": {"centerlineid": 10136323, "roadclass": "MAJOR", "fullname": "BAGBY ST", "fromleft": 2001, "toleft": 2099, "fromright": 2000, "toright": 2098, "onewaydir": "FT"}}, {"type": "Feature", "geometry": {"type": "LineString", "coordinates": [[-95.377738267014, 29.7503770380607], [-95.3777587835851, 29.7503516831642], [-95.3783105051072, 29.7496676241318]]}, "properties": {"centerlineid": 10136329, "roadclass": "MAJOR", "fullname": "BAGBY ST", "fromleft": 2301, "toleft": 2399, "fromright": 2300, "toright": 2398, "onewaydir": "FT"}}, {"type": "Feature", "geometry": {"type": "LineString", "coordinates": [[-95.3815071964287, 29.7488169933713], [-95.381949828982, 29.7482543162875]]}, "properties": {"centerlineid": 10136337, "roadclass": "LOCAL", "fullname": "HELENA ST", "fromleft": 2701, "toleft": 2799, "fromright": 2700, "toright": 2798, "onewaydir": " "}}, {"type": "Feature", "geometry": {"type": "LineString", "coordinates": [[-95.3921284028558, 29.7517655231529], [-95.3920994966716, 29.751096975243]]}, "properties": {"centerlineid": 10134132, "roadclass": "MAJOR", "fullname": "MONTROSE BLVD", "fromleft": 1901, "toleft": 1999, "fromright": 1900, "toright": 1998, "onewaydir": " "}}, {"type": "Feature", "geometry": {"type": "LineString", "coordinates": [[-95.3839792378101, 29.7486472393456], [-95.3839792371158, 29.7483241700878]]}, "properties": {"centerlineid": 10134176, "roadclass": "LOCAL", "fullname": "GENESEE ST", "fromleft": 2307, "toleft": 2399, "fromright": 2306, "toright": 2398, "onewaydir": " "}}, {"type": "Feature", "geometry": {"type": "LineString", "coordinates": [[-95.3994192256825, 29.749076594925], [-95.3990431194821, 29.7484732329006]]}, "properties": {"centerlineid": 10134183, "roadclass": "LOCAL", "fullname": "YUPON ST", "fromleft": 2001, "toleft": 2099, "fromright": 2000, "toright": 2098, "onewaydir": " "}}, {"type": "Feature", "geometry": {"type": "LineString", "coordinates": [[-95.385718596507, 29.7534555166812], [-95.3857263183293, 29.7534331644687], [-95.3857416412908, 29.7533888731532], [-95.3857416022142, 29.7529882182521]]}, "properties": {"centerlineid": 10134265, "roadclass": "LOCAL", "fullname": "TAFT ST", "fromleft": 1601, "toleft": 1637, "fromright": 1600, "toright": 1636, "onewaydir": " "}}, {"type": "Feature", "geometry": {"type": "LineString", "coordinates": [[-95.40025270836, 29.753202008356], [-95.4022898290097, 29.7531600600379]]}, "properties": {"centerlineid": 10134309, "roadclass": "MAJOR", "fullname": "W GRAY ST", "fromleft": 1601, "toleft": 1899, "fromright": 1600, "toright": 1898, "onewaydir": " "}}, {"type": "Feature", "geometry": {"type": "LineString", "coordinates": [[-95.3872979986343, 29.7488646930165], [-95.3872902186654, 29.7481931884311]]}, "properties": {"centerlineid": 10134316, "roadclass": "LOCAL", "fullname": "WHITNEY ST", "fromleft": 2301, "toleft": 2399, "fromright": 2300, "toright": 2398, "onewaydir": " "}}, {"type": "Feature", "geometry": {"type": "LineString", "coordinates": [[-95.3832848782274, 29.7481682998767], [-95.3824228299996, 29.7476649651185]]}, "properties": {"centerlineid": 10134358, "roadclass": "LOCAL", "fullname": "TUAM ST", "fromleft": 101, "toleft": 199, "fromright": 100, "toright": 198, "onewaydir": " "}}, {"type": "Feature", "geometry": {"type": "LineString", "coordinates": [[-95.3899071057042, 29.7413592247725], [-95.3901665665486, 29.7413553308595], [-95.3912195952471, 29.7413400215798]]}, "properties": {"centerlineid": 10134386, "roadclass": "LOCAL", "fullname": "HAROLD ST", "fromleft": 901, "toleft": 999, "fromright": 900, "toright": 998, "onewaydir": " "}}, {"type": "Feature", "geometry": {"type": "LineString", "coordinates": [[-95.394729087286, 29.7378382874171], [-95.3957056950503, 29.7378305166846]]}, "properties": {"centerlineid": 10136655, "roadclass": "LOCAL", "fullname": "SUL ROSS ST", "fromleft": 1301, "toleft": 1399, "fromright": 1300, "toright": 1398, "onewaydir": " "}}, {"type": "Feature", "geometry": {"type": "LineString", "coordinates": [[-95.3957207303172, 29.7387251724354], [-95.3957056950503, 29.7378305166846]]}, "properties": {"centerlineid": 10136685, "roadclass": "LOCAL", "fullname": "YUPON ST", "fromleft": 3801, "toleft": 3899, "fromright": 3800, "toright": 3898, "onewaydir": " "}}, {"type": "Feature", "geometry": {"type": "LineString", "coordinates": [[-95.3957056950503, 29.7378305166846], [-95.3973840847739, 29.7378058856382], [-95.397498436772, 29.737803843619]]}, "properties": {"centerlineid": 10136705, "roadclass": "LOCAL", "fullname": "SUL ROSS ST", "fromleft": 1401, "toleft": 1499, "fromright": 1400, "toright": 1498, "onewaydir": " "}}, {"type": "Feature", "geometry": {"type": "LineString", "coordinates": [[-95.3959122993899, 29.7532671458587], [-95.3980335103836, 29.7532168339769]]}, "properties": {"centerlineid": 10134464, "roadclass": "MAJOR", "fullname": "W GRAY ST", "fromleft": 1301, "toleft": 1399, "fromright": 1300, "toright": 1398, "onewaydir": " "}}, {"type": "Feature", "geometry": {"type": "LineString", "coordinates": [[-95.3854821917439, 29.7424272755257], [-95.3859399171441, 29.7424272966472]]}, "properties": {"centerlineid": 10134473, "roadclass": "LOCAL", "fullname": "HAWTHORNE ST", "fromleft": 501, "toleft": 513, "fromright": 500, "toright": 512, "onewaydir": " "}}, {"type": "Feature", "geometry": {"type": "LineString", "coordinates": [[-95.3904640922423, 29.7494559045919], [-95.3909523713796, 29.7494444971591], [-95.3910135255677, 29.7494367011799], [-95.3910591540349, 29.7494082057628]]}, "properties": {"centerlineid": 10134517, "roadclass": "LOCAL", "fullname": "W DREW ST", "fromleft": 901, "toleft": 999, "fromright": 900, "toright": 998, "onewaydir": " "}}, {"type": "Feature", "geometry": {"type": "LineString", "coordinates": [[-95.3918683590381, 29.7455286671625], [-95.3927358706107, 29.7455180772615]]}, "properties": {"centerlineid": 10134522, "roadclass": "LOCAL", "fullname": "CALIFORNIA ST", "fromleft": 1101, "toleft": 1199, "fromright": 1100, "toright": 1198, "onewaydir": " "}}, {"type": "Feature", "geometry": {"type": "LineString", "coordinates": [[-95.3888315134396, 29.7333960040176], [-95.3898081015742, 29.7333921370101]]}, "properties": {"centerlineid": 10136806, "roadclass": "LOCAL", "fullname": "OAKLEY ST", "fromleft": 801, "toleft": 899, "fromright": 800, "toright": 898, "onewaydir": " "}}, {"type": "Feature", "geometry": {"type": "LineString", "coordinates": [[-95.3964762001991, 29.7335466018874], [-95.3964608913845, 29.7326368638987]]}, "properties": {"centerlineid": 10136884, "roadclass": "LOCAL", "fullname": "YUPON ST", "fromleft": 4401, "toleft": 4499, "fromright": 4400, "toright": 4498, "onewaydir": " "}}, {"type": "Feature", "geometry": {"type": "LineString", "coordinates": [[-95.3920357331049, 29.748973286744], [-95.3936151334922, 29.7489447775575]]}, "properties": {"centerlineid": 10134609, "roadclass": "LOCAL", "fullname": "JACKSON BLVD", "fromleft": 1101, "toleft": 1199, "fromright": 1100, "toright": 1198, "onewaydir": " "}}, {"type": "Feature", "geometry": {"type": "LineString", "coordinates": [[-95.393590097824, 29.7480681937325], [-95.3943769996886, 29.748050624991]]}, "properties": {"centerlineid": 10134626, "roadclass": "LOCAL", "fullname": "FAIRVIEW AVE", "fromleft": 1301, "toleft": 1311, "fromright": 1300, "toright": 1310, "onewaydir": " "}}, {"type": "Feature", "geometry": {"type": "LineString", "coordinates": [[-95.3898462220706, 29.7370389834631], [-95.3898384628482, 29.7361902010539]]}, "properties": {"centerlineid": 10136945, "roadclass": "LOCAL", "fullname": "ROSELAND ST", "fromleft": 4001, "toleft": 4099, "fromright": 4000, "toright": 4098, "onewaydir": " "}}, {"type": "Feature", "geometry": {"type": "LineString", "coordinates": [[-95.3888543261626, 29.7345195097972], [-95.3898233791883, 29.7345195307324]]}, "properties": {"centerlineid": 10136963, "roadclass": "MAJOR", "fullname": "RICHMOND AVE", "fromleft": 801, "toleft": 899, "fromright": 800, "toright": 898, "onewaydir": " "}}, {"type": "Feature", "geometry": {"type": "LineString", "coordinates": [[-95.3925393467845, 29.7361539232682], [-95.3925317746654, 29.7356715634784], [-95.3925240600694, 29.7353033082119]]}, "properties": {"centerlineid": 10137019, "roadclass": "LOCAL", "fullname": "YOAKUM BLVD", "fromleft": 4101, "toleft": 4199, "fromright": 4100, "toright": 4198, "onewaydir": " "}}, {"type": "Feature", "geometry": {"type": "LineString", "coordinates": [[-95.38014911996, 29.7360795430512], [-95.3806213528302, 29.7354784789327]]}, "properties": {"centerlineid": 10137223, "roadclass": "MAJOR", "fullname": "FANNIN ST", "fromleft": 4001, "toleft": 4099, "fromright": 4000, "toright": 4098, "onewaydir": "FT"}}, {"type": "Feature", "geometry": {"type": "LineString", "coordinates": [[-95.3780282619733, 29.7339682728611], [-95.37862331163, 29.7332187225479]]}, "properties": {"centerlineid": 10137324, "roadclass": "LOCAL", "fullname": "AUSTIN ST", "fromleft": 4101, "toleft": 4199, "fromright": 4100, "toright": 4198, "onewaydir": "FT"}}, {"type": "Feature", "geometry": {"type": "LineString", "coordinates": [[-95.3791040886462, 29.7390551380163], [-95.3782343208154, 29.7385362585457]]}, "properties": {"centerlineid": 10137464, "roadclass": "LOCAL", "fullname": "BERRY ST", "fromleft": 1001, "toleft": 1099, "fromright": 1000, "toright": 1098, "onewaydir": " "}}, {"type": "Feature", "geometry": {"type": "LineString", "coordinates": [[-95.377814666137, 29.7374433282244], [-95.3782724064203, 29.7368806510443]]}, "properties": {"centerlineid": 10137621, "roadclass": "LOCAL", "fullname": "SAN JACINTO ST", "fromleft": 3701, "toleft": 3799, "fromright": 3700, "toright": 3798, "onewaydir": "FT"}}, {"type": "Feature", "geometry": {"type": "LineString", "coordinates": [[-95.4029229625997, 29.7447484497083], [-95.4029001543365, 29.743762551907]]}, "properties": {"centerlineid": 10133693, "roadclass": "LOCAL", "fullname": "PARK ST", "fromleft": 2401, "toleft": 2499, "fromright": 2400, "toright": 2498, "onewaydir": " "}}, {"type": "Feature", "geometry": {"type": "LineString", "coordinates": [[-95.4014275300136, 29.7524198399903], [-95.4014733912058, 29.752439028434], [-95.4015268089411, 29.7524390199239], [-95.4022133702528, 29.7524333149035]]}, "properties": {"centerlineid": 10133721, "roadclass": "LOCAL", "fullname": "PEDEN ST", "fromleft": 1501, "toleft": 1699, "fromright": 1500, "toright": 1698, "onewaydir": " "}}, {"type": "Feature", "geometry": {"type": "LineString", "coordinates": [[-95.4013054530931, 29.745069056193], [-95.4015254931145, 29.7449667892951], [-95.4016924091021, 29.7448900687392], [-95.4018618057521, 29.7448205819575], [-95.4019808092893, 29.7447831761123], [-95.4020913135878, 29.7447598901643]]}, "properties": {"centerlineid": 10133747, "roadclass": "LOCAL", "fullname": "FAIRVIEW AVE", "fromleft": 1841, "toleft": 1899, "fromright": 1840, "toright": 1898, "onewaydir": " "}}, {"type": "Feature", "geometry": {"type": "LineString", "coordinates": [[-95.4097590269545, 29.7469037754626], [-95.4101327701649, 29.7469019740469], [-95.410666930415, 29.7468980974875]]}, "properties": {"centerlineid": 10133764, "roadclass": "LOCAL", "fullname": "INDIANA ST", "fromleft": 2035, "toleft": 2099, "fromright": 2034, "toright": 2098, "onewaydir": " "}}, {"type": "Feature", "geometry": {"type": "LineString", "coordinates": [[-95.407210796486, 29.7523415720172], [-95.4079888739456, 29.7523301965538]]}, "properties": {"centerlineid": 10133782, "roadclass": "LOCAL", "fullname": "PEDEN ST", "fromleft": 1969, "toleft": 1981, "fromright": 1968, "toright": 1980, "onewaydir": " "}}, {"type": "Feature", "geometry": {"type": "LineString", "coordinates": [[-95.4063485318387, 29.7491449018865], [-95.406356274153, 29.7490552380018], [-95.4063485535254, 29.7481817631889]]}, "properties": {"centerlineid": 10133927, "roadclass": "LOCAL", "fullname": "DRISCOLL ST", "fromleft": 1901, "toleft": 1999, "fromright": 1900, "toright": 1998, "onewaydir": " "}}, {"type": "Feature", "geometry": {"type": "LineString", "coordinates": [[-95.4083856548005, 29.7550634370849], [-95.4083793337726, 29.7544183113241]]}, "properties": {"centerlineid": 10133960, "roadclass": "LOCAL", "fullname": "MCDUFFIE ST", "fromleft": 1201, "toleft": 1223, "fromright": 1200, "toright": 1222, "onewaydir": " "}}, {"type": "Feature", "geometry": {"type": "LineString", "coordinates": [[-95.4021293770914, 29.7470030488444], [-95.4021218735967, 29.746527996871], [-95.4021218744045, 29.7464478945296], [-95.4021175253655, 29.7462517080435]]}, "properties": {"centerlineid": 10133971, "roadclass": "MAJOR", "fullname": "DUNLAVY ST", "fromleft": 2101, "toleft": 2199, "fromright": 2100, "toright": 2198, "onewaydir": " "}}, {"type": "Feature", "geometry": {"type": "LineString", "coordinates": [[-95.4012901835469, 29.7437776023207], [-95.4012598536495, 29.7427953176262]]}, "properties": {"centerlineid": 10134033, "roadclass": "LOCAL", "fullname": "RALPH ST", "fromleft": 2501, "toleft": 2599, "fromright": 2500, "toright": 2598, "onewaydir": " "}}, {"type": "Feature", "geometry": {"type": "LineString", "coordinates": [[-95.4071115595582, 29.7386010505638], [-95.4080728000946, 29.7385953342652]]}, "properties": {"centerlineid": 10132121, "roadclass": "MAJOR", "fullname": "W ALABAMA ST", "fromleft": 1901, "toleft": 1999, "fromright": 1900, "toright": 1998, "onewaydir": " "}}, {"type": "Feature", "geometry": {"type": "LineString", "coordinates": [[-95.4062645815174, 29.7368578400942], [-95.4070962318, 29.7368520962888]]}, "properties": {"centerlineid": 10132128, "roadclass": "LOCAL", "fullname": "BRANARD ST", "fromleft": 1835, "toleft": 1899, "fromright": 1834, "toright": 1898, "onewaydir": " "}}, {"type": "Feature", "geometry": {"type": "LineString", "coordinates": [[-95.410705034649, 29.7392935426961], [-95.4106972839765, 29.7385592910568]]}, "properties": {"centerlineid": 10132149, "roadclass": "MAJOR", "fullname": "S SHEPHERD DR", "fromleft": 3001, "toleft": 3099, "fromright": 3000, "toright": 3098, "onewaydir": " "}}, {"type": "Feature", "geometry": {"type": "LineString", "coordinates": [[-95.4062417370249, 29.7351622699556], [-95.407065697837, 29.7351565551241]]}, "properties": {"centerlineid": 10132310, "roadclass": "LOCAL", "fullname": "COLQUITT ST", "fromleft": 1843, "toleft": 1899, "fromright": 1842, "toright": 1898, "onewaydir": " "}}, {"type": "Feature", "geometry": {"type": "LineString", "coordinates": [[-95.407065697837, 29.7351565551241], [-95.407058159753, 29.7348302661054], [-95.4070503854804, 29.7342714759343]]}, "properties": {"centerlineid": 10132341, "roadclass": "LOCAL", "fullname": "HAZARD ST", "fromleft": 4201, "toleft": 4299, "fromright": 4200, "toright": 4298, "onewaydir": " "}}, {"type": "Feature", "geometry": {"type": "LineString", "coordinates": [[-95.4044793526558, 29.7351850824564], [-95.4044793518593, 29.7347615859539], [-95.4044640436618, 29.734302048191]]}, "properties": {"centerlineid": 10132342, "roadclass": "LOCAL", "fullname": "WOODHEAD ST", "fromleft": 4201, "toleft": 4299, "fromright": 4200, "toright": 4298, "onewaydir": " "}}, {"type": "Feature", "geometry": {"type": "LineString", "coordinates": [[-95.3790123470915, 29.7455993233404], [-95.3781578644928, 29.7450823021042]]}, "properties": {"centerlineid": 10135715, "roadclass": "LOCAL", "fullname": "TUAM ST", "fromleft": 601, "toleft": 699, "fromright": 600, "toright": 698, "onewaydir": " "}}, {"type": "Feature", "geometry": {"type": "LineString", "coordinates": [[-95.3780204763071, 29.7516340370903], [-95.3771737642789, 29.7511190350224]]}, "properties": {"centerlineid": 10136070, "roadclass": "LOCAL", "fullname": "WEBSTER ST", "fromleft": 301, "toleft": 399, "fromright": 300, "toright": 398, "onewaydir": "FT"}}, {"type": "Feature", "geometry": {"type": "LineString", "coordinates": [[-95.376319225111, 29.7506040491804], [-95.3768990103685, 29.7498640959955]]}, "properties": {"centerlineid": 10136311, "roadclass": "LOCAL", "fullname": "BRAZOS ST", "fromleft": 2201, "toleft": 2299, "fromright": 2200, "toright": 2298, "onewaydir": "FT"}}, {"type": "Feature", "geometry": {"type": "LineString", "coordinates": [[-95.3792337094223, 29.7485078201534], [-95.3797981738368, 29.7477945611562]]}, "properties": {"centerlineid": 10136326, "roadclass": "MAJOR", "fullname": "BAGBY ST", "fromleft": 2601, "toleft": 2699, "fromright": 2600, "toright": 2698, "onewaydir": "FT"}}, {"type": "Feature", "geometry": {"type": "LineString", "coordinates": [[-95.3810953742952, 29.7477429904742], [-95.3815836433478, 29.7471365174398]]}, "properties": {"centerlineid": 10136327, "roadclass": "LOCAL", "fullname": "BALDWIN ST", "fromleft": 2801, "toleft": 2899, "fromright": 2800, "toright": 2898, "onewaydir": " "}}, {"type": "Feature", "geometry": {"type": "LineString", "coordinates": [[-95.3815224634507, 29.7424407260724], [-95.3817422205459, 29.7421212906555], [-95.3818506200589, 29.7419638511044]]}, "properties": {"centerlineid": 10136346, "roadclass": "LOCAL", "fullname": "SMITH ST", "fromleft": 3401, "toleft": 3407, "fromright": 3400, "toright": 3406, "onewaydir": "FT"}}, {"type": "Feature", "geometry": {"type": "LineString", "coordinates": [[-95.3985973554392, 29.7455000907376], [-95.3981699218807, 29.7448495711365]]}, "properties": {"centerlineid": 10134104, "roadclass": "LOCAL", "fullname": "WINDSOR ST", "fromleft": 2501, "toleft": 2599, "fromright": 2500, "toright": 2598, "onewaydir": " "}}, {"type": "Feature", "geometry": {"type": "LineString", "coordinates": [[-95.3936151334922, 29.7489447775575], [-95.393590097824, 29.7480681937325]]}, "properties": {"centerlineid": 10134144, "roadclass": "LOCAL", "fullname": "VAN BUREN ST", "fromleft": 2301, "toleft": 2399, "fromright": 2300, "toright": 2398, "onewaydir": " "}}, {"type": "Feature", "geometry": {"type": "LineString", "coordinates": [[-95.397479772851, 29.7516119645004], [-95.3974397849017, 29.7515972756368], [-95.3974108266745, 29.7515802576342], [-95.3973845156629, 29.7515575211839], [-95.3973601109068, 29.7515282610246], [-95.3973393139749, 29.751497132265], [-95.3970390901733, 29.7510077861395]]}, "properties": {"centerlineid": 10134197, "roadclass": "MAJOR", "fullname": "WAUGH DR", "fromleft": 1801, "toleft": 1899, "fromright": 1800, "toright": 1898, "onewaydir": "FT"}}, {"type": "Feature", "geometry": {"type": "LineString", "coordinates": [[-95.3839945066236, 29.7503160958146], [-95.3840020562107, 29.7502188922936], [-95.3839867496479, 29.7495302529249]]}, "properties": {"centerlineid": 10134200, "roadclass": "LOCAL", "fullname": "GENESEE ST", "fromleft": 2101, "toleft": 2199, "fromright": 2100, "toright": 2198, "onewaydir": " "}}, {"type": "Feature", "geometry": {"type": "LineString", "coordinates": [[-95.4013054530931, 29.745069056193], [-95.4012901835469, 29.7437776023207]]}, "properties": {"centerlineid": 10134209, "roadclass": "LOCAL", "fullname": "RALPH ST", "fromleft": 2401, "toleft": 2499, "fromright": 2400, "toright": 2498, "onewaydir": " "}}, {"type": "Feature", "geometry": {"type": "LineString", "coordinates": [[-95.3857178305884, 29.7488884288619], [-95.3856957620581, 29.7483248592895], [-95.3856882140057, 29.7482370155164]]}, "properties": {"centerlineid": 10134223, "roadclass": "LOCAL", "fullname": "TAFT ST", "fromleft": 2301, "toleft": 2399, "fromright": 2300, "toright": 2398, "onewaydir": " "}}, {"type": "Feature", "geometry": {"type": "LineString", "coordinates": [[-95.3993753720312, 29.7467664387962], [-95.398993856313, 29.7461713685243]]}, "properties": {"centerlineid": 10134249, "roadclass": "LOCAL", "fullname": "WINDSOR ST", "fromleft": 2301, "toleft": 2399, "fromright": 2300, "toright": 2398, "onewaydir": " "}}, {"type": "Feature", "geometry": {"type": "LineString", "coordinates": [[-95.3830026286793, 29.7502759255372], [-95.3829873684632, 29.7502207167439], [-95.3830026308022, 29.750161633428], [-95.3830332102536, 29.7501004958748], [-95.3832239470437, 29.7498449145134]]}, "properties": {"centerlineid": 10134301, "roadclass": "LOCAL", "fullname": "BOSTON ST", "fromleft": 2601, "toleft": 2699, "fromright": 2600, "toright": 2698, "onewaydir": " "}}, {"type": "Feature", "geometry": {"type": "LineString", "coordinates": [[-95.3889155050651, 29.7525820602934], [-95.3889077543686, 29.7515253940768]]}, "properties": {"centerlineid": 10134310, "roadclass": "LOCAL", "fullname": "STANFORD ST", "fromleft": 1701, "toleft": 1899, "fromright": 1700, "toright": 1898, "onewaydir": " "}}, {"type": "Feature", "geometry": {"type": "LineString", "coordinates": [[-95.3835790232342, 29.7371213721238], [-95.3844369070357, 29.7371229448465]]}, "properties": {"centerlineid": 10136658, "roadclass": "LOCAL", "fullname": "BRANARD ST", "fromleft": 301, "toleft": 399, "fromright": 300, "toright": 398, "onewaydir": " "}}, {"type": "Feature", "geometry": {"type": "LineString", "coordinates": [[-95.3879322902185, 29.7388268847146], [-95.3879236160521, 29.7379202091571]]}, "properties": {"centerlineid": 10136678, "roadclass": "LOCAL", "fullname": "GREELEY ST", "fromleft": 3801, "toleft": 3899, "fromright": 3800, "toright": 3898, "onewaydir": " "}}, {"type": "Feature", "geometry": {"type": "LineString", "coordinates": [[-95.3853981937592, 29.7353854473467], [-95.3869089509326, 29.7353644265494]]}, "properties": {"centerlineid": 10136724, "roadclass": "LOCAL", "fullname": "COLQUITT ST", "fromleft": 501, "toleft": 599, "fromright": 500, "toright": 598, "onewaydir": " "}}, {"type": "Feature", "geometry": {"type": "LineString", "coordinates": [[-95.3838571437149, 29.7406783179964], [-95.3838343408115, 29.7397740970087]]}, "properties": {"centerlineid": 10136746, "roadclass": "LOCAL", "fullname": "FLORA ST", "fromleft": 3601, "toleft": 3699, "fromright": 3600, "toright": 3698, "onewaydir": " "}}, {"type": "Feature", "geometry": {"type": "LineString", "coordinates": [[-95.397479772851, 29.7516119645004], [-95.3986657459609, 29.7510524079736]]}, "properties": {"centerlineid": 10134549, "roadclass": "LOCAL", "fullname": "NEVADA ST", "fromleft": 1401, "toleft": 1499, "fromright": 1400, "toright": 1498, "onewaydir": " "}}, {"type": "Feature", "geometry": {"type": "LineString", "coordinates": [[-95.3911965271698, 29.7396367179578], [-95.392577436303, 29.7396310191948]]}, "properties": {"centerlineid": 10136789, "roadclass": "LOCAL", "fullname": "MARSHALL ST", "fromleft": 1001, "toleft": 1099, "fromright": 1000, "toright": 1098, "onewaydir": " "}}, {"type": "Feature", "geometry": {"type": "LineString", "coordinates": [[-95.3902964174081, 29.7345060423319], [-95.3911356055021, 29.734481158268]]}, "properties": {"centerlineid": 10136826, "roadclass": "MAJOR", "fullname": "RICHMOND AVE", "fromleft": 905, "toleft": 999, "fromright": 904, "toright": 998, "onewaydir": " "}}, {"type": "Feature", "geometry": {"type": "LineString", "coordinates": [[-95.3946526748056, 29.7344601715244], [-95.3946679358063, 29.734183664012], [-95.3946679497301, 29.7335828888931]]}, "properties": {"centerlineid": 10136877, "roadclass": "LOCAL", "fullname": "GRAUSTARK ST", "fromleft": 4301, "toleft": 4399, "fromright": 4300, "toright": 4398, "onewaydir": " "}}, {"type": "Feature", "geometry": {"type": "LineString", "coordinates": [[-95.392577436303, 29.7396310191948], [-95.3925699093116, 29.7387689872389]]}, "properties": {"centerlineid": 10136910, "roadclass": "LOCAL", "fullname": "YOAKUM BLVD", "fromleft": 3701, "toleft": 3799, "fromright": 3700, "toright": 3798, "onewaydir": " "}}, {"type": "Feature", "geometry": {"type": "LineString", "coordinates": [[-95.3840098011767, 29.7514186472446], [-95.3840135323159, 29.7510080918631]]}, "properties": {"centerlineid": 10134648, "roadclass": "LOCAL", "fullname": "GENESEE ST", "fromleft": 1915, "toleft": 1999, "fromright": 1914, "toright": 1998, "onewaydir": " "}}, {"type": "Feature", "geometry": {"type": "LineString", "coordinates": [[-95.3879005969588, 29.7370752937314], [-95.3878855179824, 29.7362093799878]]}, "properties": {"centerlineid": 10136939, "roadclass": "LOCAL", "fullname": "GREELEY ST", "fromleft": 4001, "toleft": 4099, "fromright": 4000, "toright": 4098, "onewaydir": " "}}, {"type": "Feature", "geometry": {"type": "LineString", "coordinates": [[-95.386161214086, 29.7344985194347], [-95.3869089621945, 29.7344775195326]]}, "properties": {"centerlineid": 10136960, "roadclass": "MAJOR", "fullname": "RICHMOND AVE", "fromleft": 511, "toleft": 599, "fromright": 510, "toright": 598, "onewaydir": " "}}, {"type": "Feature", "geometry": {"type": "LineString", "coordinates": [[-95.3865075679755, 29.7396926786883], [-95.3864893111768, 29.7388682620104]]}, "properties": {"centerlineid": 10137071, "roadclass": "LOCAL", "fullname": "AUDUBON PL", "fromleft": 3701, "toleft": 3799, "fromright": 3700, "toright": 3798, "onewaydir": " "}}, {"type": "Feature", "geometry": {"type": "LineString", "coordinates": [[-95.3843381503879, 29.7353968922376], [-95.3844373324017, 29.7352390731881]]}, "properties": {"centerlineid": 10137111, "roadclass": "FRONTAGE", "fullname": "SOUTHWEST FWY", "fromleft": 401, "toleft": 499, "fromright": 400, "toright": 498, "onewaydir": "FT"}}, {"type": "Feature", "geometry": {"type": "LineString", "coordinates": [[-95.3774331937645, 29.7363485455426], [-95.3771431850175, 29.736178774821]]}, "properties": {"centerlineid": 10137299, "roadclass": "MAJOR", "fullname": "ALABAMA ST", "fromleft": 1301, "toleft": 1309, "fromright": 1300, "toright": 1308, "onewaydir": " "}}, {"type": "Feature", "geometry": {"type": "LineString", "coordinates": [[-95.3799736629289, 29.7395796797432], [-95.3804238244329, 29.7390113024219]]}, "properties": {"centerlineid": 10137617, "roadclass": "LOCAL", "fullname": "TRAVIS ST", "fromleft": 3601, "toleft": 3699, "fromright": 3600, "toright": 3698, "onewaydir": "FT"}}, {"type": "Feature", "geometry": {"type": "LineString", "coordinates": [[-95.3782724064203, 29.7368806510443], [-95.3788368898374, 29.7361577674929]]}, "properties": {"centerlineid": 10137620, "roadclass": "LOCAL", "fullname": "SAN JACINTO ST", "fromleft": 3801, "toleft": 3899, "fromright": 3800, "toright": 3898, "onewaydir": "FT"}}, {"type": "Feature", "geometry": {"type": "LineString", "coordinates": [[-95.3795540708957, 29.7384828499465], [-95.3799743325633, 29.7379758606299], [-95.3799889207452, 29.737958297945]]}, "properties": {"centerlineid": 10137626, "roadclass": "MAJOR", "fullname": "MAIN ST", "fromleft": 3701, "toleft": 3799, "fromright": 3700, "toright": 3798, "onewaydir": " "}}, {"type": "Feature", "geometry": {"type": "LineString", "coordinates": [[-95.3815077351944, 29.7360135964585], [-95.3806213528302, 29.7354784789327]]}, "properties": {"centerlineid": 10137651, "roadclass": "LOCAL", "fullname": "CLEBURNE ST", "fromleft": 1001, "toleft": 1099, "fromright": 1000, "toright": 1098, "onewaydir": " "}}, {"type": "Feature", "geometry": {"type": "LineString", "coordinates": [[-95.4106744416294, 29.7490800955484], [-95.4106819775882, 29.7481340913775]]}, "properties": {"centerlineid": 10133700, "roadclass": "MAJOR", "fullname": "S SHEPHERD DR", "fromleft": 1901, "toleft": 1999, "fromright": 1900, "toright": 1998, "onewaydir": " "}}, {"type": "Feature", "geometry": {"type": "LineString", "coordinates": [[-95.4118570670948, 29.750674796802], [-95.4118340059779, 29.7500815502513]]}, "properties": {"centerlineid": 10133705, "roadclass": "LOCAL", "fullname": "SHARP PL", "fromleft": 1819, "toleft": 1899, "fromright": 1818, "toright": 1898, "onewaydir": " "}}, {"type": "Feature", "geometry": {"type": "LineString", "coordinates": [[-95.4098886111224, 29.7542433824399], [-95.4102854308984, 29.7542395002996], [-95.4103691384346, 29.7542376966218], [-95.4107303351878, 29.7542293180137]]}, "properties": {"centerlineid": 10133725, "roadclass": "LOCAL", "fullname": "BRENTWOOD DR", "fromleft": 2063, "toleft": 2099, "fromright": 2062, "toright": 2098, "onewaydir": " "}}, {"type": "Feature", "geometry": {"type": "LineString", "coordinates": [[-95.4070581291696, 29.7427476168699], [-95.4070577138859, 29.7427124854988], [-95.4070503820023, 29.74191409754]]}, "properties": {"centerlineid": 10133777, "roadclass": "LOCAL", "fullname": "HAZARD ST", "fromleft": 2601, "toleft": 3399, "fromright": 2600, "toright": 3398, "onewaydir": " "}}, {"type": "Feature", "geometry": {"type": "LineString", "coordinates": [[-95.4046854078891, 29.7482123621126], [-95.404662574568, 29.746964945298]]}, "properties": {"centerlineid": 10133933, "roadclass": "LOCAL", "fullname": "WOODHEAD ST", "fromleft": 2001, "toleft": 2099, "fromright": 2000, "toright": 2098, "onewaydir": " "}}, {"type": "Feature", "geometry": {"type": "LineString", "coordinates": [[-95.4071420925503, 29.7491412511392], [-95.4071343301395, 29.7481703687168]]}, "properties": {"centerlineid": 10133951, "roadclass": "LOCAL", "fullname": "HAZARD ST", "fromleft": 1901, "toleft": 1999, "fromright": 1900, "toright": 1998, "onewaydir": " "}}, {"type": "Feature", "geometry": {"type": "LineString", "coordinates": [[-95.3993141877008, 29.7428012324455], [-95.3993753845923, 29.7427362179959], [-95.399360050421, 29.742000132171]]}, "properties": {"centerlineid": 10134072, "roadclass": "LOCAL", "fullname": "MANDELL ST", "fromleft": 3001, "toleft": 3399, "fromright": 3000, "toright": 3398, "onewaydir": " "}}, {"type": "Feature", "geometry": {"type": "LineString", "coordinates": [[-95.4080728000946, 29.7385953342652], [-95.4080728150973, 29.7376970377457]]}, "properties": {"centerlineid": 10132148, "roadclass": "LOCAL", "fullname": "MCDUFFIE ST", "fromleft": 3801, "toleft": 3899, "fromright": 3800, "toright": 3898, "onewaydir": " "}}, {"type": "Feature", "geometry": {"type": "LineString", "coordinates": [[-95.4070503854804, 29.7342714759343], [-95.4070428471788, 29.73345326538]]}, "properties": {"centerlineid": 10132263, "roadclass": "LOCAL", "fullname": "HAZARD ST", "fromleft": 4301, "toleft": 4399, "fromright": 4300, "toright": 4398, "onewaydir": " "}}, {"type": "Feature", "geometry": {"type": "LineString", "coordinates": [[-95.4106516147801, 29.7351088982306], [-95.4106591355288, 29.7342466201826]]}, "properties": {"centerlineid": 10132340, "roadclass": "MAJOR", "fullname": "S SHEPHERD DR", "fromleft": 3501, "toleft": 3599, "fromright": 3500, "toright": 3598, "onewaydir": " "}}, {"type": "Feature", "geometry": {"type": "LineString", "coordinates": [[-95.3781578644928, 29.7450823021042], [-95.3773033499668, 29.7445693679724]]}, "properties": {"centerlineid": 10135718, "roadclass": "LOCAL", "fullname": "TUAM ST", "fromleft": 701, "toleft": 799, "fromright": 700, "toright": 798, "onewaydir": " "}}, {"type": "Feature", "geometry": {"type": "LineString", "coordinates": [[-95.3772271399, 29.7462457571901], [-95.3765405824229, 29.74583960607], [-95.376387941667, 29.7457442095859]]}, "properties": {"centerlineid": 10135768, "roadclass": "LOCAL", "fullname": "DENNIS ST", "fromleft": 701, "toleft": 799, "fromright": 700, "toright": 798, "onewaydir": " "}}, {"type": "Feature", "geometry": {"type": "LineString", "coordinates": [[-95.3795465132445, 29.7532743693798], [-95.3795312245814, 29.7527002555373]]}, "properties": {"centerlineid": 10135966, "roadclass": "LOCAL", "fullname": "CUSHING ST", "fromleft": 1701, "toleft": 1799, "fromright": 1700, "toright": 1798, "onewaydir": " "}}, {"type": "Feature", "geometry": {"type": "LineString", "coordinates": [[-95.3786614462231, 29.7530988978294], [-95.37866060675, 29.7530312194342], [-95.3786719328906, 29.752958919705], [-95.3786721933644, 29.7527048119016]]}, "properties": {"centerlineid": 10136060, "roadclass": "LOCAL", "fullname": "VALENTINE ST", "fromleft": 1701, "toleft": 1799, "fromright": 1700, "toright": 1798, "onewaydir": " "}}, {"type": "Feature", "geometry": {"type": "LineString", "coordinates": [[-95.3770516992763, 29.7480788793675], [-95.3775171568202, 29.7474760361654]]}, "properties": {"centerlineid": 10136302, "roadclass": "LOCAL", "fullname": "SMITH ST", "fromleft": 2501, "toleft": 2599, "fromright": 2500, "toright": 2598, "onewaydir": "FT"}}, {"type": "Feature", "geometry": {"type": "LineString", "coordinates": [[-95.3986657459609, 29.7510524079736], [-95.3982767004519, 29.7504075924678]]}, "properties": {"centerlineid": 10134135, "roadclass": "MAJOR", "fullname": "COMMONWEALTH ST", "fromleft": 1801, "toleft": 1899, "fromright": 1800, "toright": 1898, "onewaydir": "FT"}}, {"type": "Feature", "geometry": {"type": "LineString", "coordinates": [[-95.3911677069342, 29.7511096685376], [-95.3911431210242, 29.7508787909102], [-95.391135620446, 29.7508482110887], [-95.3911203401298, 29.7508235656538]]}, "properties": {"centerlineid": 10134199, "roadclass": "LOCAL", "fullname": "GRANT ST", "fromleft": 1901, "toleft": 1999, "fromright": 1900, "toright": 1998, "onewaydir": " "}}, {"type": "Feature", "geometry": {"type": "LineString", "coordinates": [[-95.3857110434425, 29.7495818485025], [-95.3857178305884, 29.7488884288619]]}, "properties": {"centerlineid": 10134224, "roadclass": "LOCAL", "fullname": "TAFT ST", "fromleft": 2201, "toleft": 2299, "fromright": 2200, "toright": 2298, "onewaydir": " "}}, {"type": "Feature", "geometry": {"type": "LineString", "coordinates": [[-95.3854744048596, 29.7415727693223], [-95.3854593824882, 29.7406591770449]]}, "properties": {"centerlineid": 10134231, "roadclass": "LOCAL", "fullname": "GARROTT ST", "fromleft": 3501, "toleft": 3599, "fromright": 3500, "toright": 3598, "onewaydir": " "}}, {"type": "Feature", "geometry": {"type": "LineString", "coordinates": [[-95.3906215833869, 29.746659862402], [-95.3905869924098, 29.746593250662], [-95.3905710766434, 29.7465402807118], [-95.3905624615252, 29.7464743698935], [-95.3905588926008, 29.7464205365049], [-95.3905591545449, 29.7463357582388]]}, "properties": {"centerlineid": 10134256, "roadclass": "LOCAL", "fullname": "GRANT ST", "fromleft": 2601, "toleft": 2605, "fromright": 2600, "toright": 2604, "onewaydir": " "}}, {"type": "Feature", "geometry": {"type": "LineString", "coordinates": [[-95.3868858888355, 29.7328848769924], [-95.3868021626057, 29.7329478836337], [-95.3865121807485, 29.7332166557499], [-95.3860882023966, 29.7337576875912], [-95.3857852654451, 29.7341662206406], [-95.3854740791617, 29.7345267812145], [-95.3850933780533, 29.7350243687289], [-95.3847916625101, 29.7353982081066], [-95.3844264767772, 29.7358788491392], [-95.3841342322211, 29.7362659629572], [-95.3836231469818, 29.7369336538631]]}, "properties": {"centerlineid": 10136636, "roadclass": "HIGHWAY", "fullname": "SPUR 527", "fromleft": 0, "toleft": 0, "fromright": 4000, "toright": 4498, "onewaydir": "TF"}}, {"type": "Feature", "geometry": {"type": "LineString", "coordinates": [[-95.3844369070357, 29.7371229448465], [-95.3848106698122, 29.7371211229986], [-95.3854210491796, 29.7371190791508]]}, "properties": {"centerlineid": 10136706, "roadclass": "LOCAL", "fullname": "BRANARD ST", "fromleft": 401, "toleft": 499, "fromright": 400, "toright": 498, "onewaydir": " "}}, {"type": "Feature", "geometry": {"type": "LineString", "coordinates": [[-95.3825296584351, 29.7354121226462], [-95.3834473448927, 29.7354042375058]]}, "properties": {"centerlineid": 10136723, "roadclass": "LOCAL", "fullname": "COLQUITT ST", "fromleft": 201, "toleft": 299, "fromright": 200, "toright": 298, "onewaydir": " "}}, {"type": "Feature", "geometry": {"type": "LineString", "coordinates": [[-95.3830652310328, 29.7520367180753], [-95.3840020383287, 29.752034702169]]}, "properties": {"centerlineid": 10134439, "roadclass": "LOCAL", "fullname": "W WEBSTER ST", "fromleft": 1601, "toleft": 1699, "fromright": 1600, "toright": 1698, "onewaydir": " "}}, {"type": "Feature", "geometry": {"type": "LineString", "coordinates": [[-95.3889155050651, 29.7525820602934], [-95.3897699847869, 29.7525706639768], [-95.389800359751, 29.7525725058511]]}, "properties": {"centerlineid": 10134567, "roadclass": "LOCAL", "fullname": "PEDEN ST", "fromleft": 701, "toleft": 799, "fromright": 700, "toright": 798, "onewaydir": " "}}, {"type": "Feature", "geometry": {"type": "LineString", "coordinates": [[-95.3836663727233, 29.7492804120592], [-95.3838799716166, 29.7490038623606], [-95.3839867403504, 29.7489409207772]]}, "properties": {"centerlineid": 10134656, "roadclass": "LOCAL", "fullname": "BOSTON ST", "fromleft": 2801, "toleft": 2899, "fromright": 2800, "toright": 2898, "onewaydir": " "}}, {"type": "Feature", "geometry": {"type": "LineString", "coordinates": [[-95.3979113719259, 29.7361043498525], [-95.3979695430054, 29.7361057684213], [-95.3980248338071, 29.7361101075881], [-95.3992760843878, 29.7360948090127]]}, "properties": {"centerlineid": 10136949, "roadclass": "LOCAL", "fullname": "W MAIN ST", "fromleft": 1501, "toleft": 1599, "fromright": 1500, "toright": 1598, "onewaydir": " "}}, {"type": "Feature", "geometry": {"type": "LineString", "coordinates": [[-95.3857569319174, 29.7345270592508], [-95.386161214086, 29.7344985194347]]}, "properties": {"centerlineid": 10136959, "roadclass": "MAJOR", "fullname": "RICHMOND AVE", "fromleft": 501, "toleft": 509, "fromright": 500, "toright": 508, "onewaydir": " "}}, {"type": "Feature", "geometry": {"type": "LineString", "coordinates": [[-95.3947060451204, 29.7361310774849], [-95.3946984927193, 29.7356389052148], [-95.3946985017902, 29.7352765800949]]}, "properties": {"centerlineid": 10137020, "roadclass": "LOCAL", "fullname": "GRAUSTARK ST", "fromleft": 4101, "toleft": 4199, "fromright": 4100, "toright": 4198, "onewaydir": " "}}, {"type": "Feature", "geometry": {"type": "LineString", "coordinates": [[-95.3811868202015, 29.7347636814311], [-95.381697966058, 29.7341475911787], [-95.3821252939816, 29.7336058980405]]}, "properties": {"centerlineid": 10137378, "roadclass": "MAJOR", "fullname": "FANNIN ST", "fromleft": 4201, "toleft": 4399, "fromright": 4200, "toright": 4398, "onewaydir": "FT"}}, {"type": "Feature", "geometry": {"type": "LineString", "coordinates": [[-95.3771431850175, 29.736178774821], [-95.3767160406921, 29.7359157005362], [-95.3765709065549, 29.7358239955617]]}, "properties": {"centerlineid": 10137452, "roadclass": "MAJOR", "fullname": "ALABAMA ST", "fromleft": 1311, "toleft": 1399, "fromright": 1310, "toright": 1398, "onewaydir": " "}}, {"type": "Feature", "geometry": {"type": "LineString", "coordinates": [[-95.3773491999617, 29.7380041656016], [-95.377814666137, 29.7374433282244]]}, "properties": {"centerlineid": 10137619, "roadclass": "LOCAL", "fullname": "SAN JACINTO ST", "fromleft": 3601, "toleft": 3699, "fromright": 3600, "toright": 3698, "onewaydir": "FT"}}, {"type": "Feature", "geometry": {"type": "LineString", "coordinates": [[-95.3774331937645, 29.7363485455426], [-95.3776586990796, 29.7360607217156]]}, "properties": {"centerlineid": 10137301, "roadclass": "LOCAL", "fullname": "CAROLINE ST", "fromleft": 3801, "toleft": 3807, "fromright": 3800, "toright": 3806, "onewaydir": "FT"}}, {"type": "Feature", "geometry": {"type": "LineString", "coordinates": [[-95.3776586990796, 29.7360607217156], [-95.3777623656524, 29.7359179829118], [-95.3779748871546, 29.7356505853343]]}, "properties": {"centerlineid": 10137454, "roadclass": "LOCAL", "fullname": "CAROLINE ST", "fromleft": 3809, "toleft": 3899, "fromright": 3808, "toright": 3898, "onewaydir": "FT"}}, {"type": "Feature", "geometry": {"type": "LineString", "coordinates": [[-95.4135277159194, 29.7438369363299], [-95.413749043735, 29.7439323150821], [-95.4139550981123, 29.7439875088722], [-95.4147256596794, 29.7440046431339]]}, "properties": {"centerlineid": 10133685, "roadclass": "LOCAL", "fullname": "DUNRAVEN LN", "fromleft": 2201, "toleft": 2299, "fromright": 2200, "toright": 2298, "onewaydir": " "}}, {"type": "Feature", "geometry": {"type": "LineString", "coordinates": [[-95.4028924140596, 29.7427725020664], [-95.403746915336, 29.7427611119617]]}, "properties": {"centerlineid": 10133752, "roadclass": "MAJOR", "fullname": "WESTHEIMER RD", "fromleft": 1719, "toleft": 1733, "fromright": 1718, "toright": 1732, "onewaydir": " "}}, {"type": "Feature", "geometry": {"type": "LineString", "coordinates": [[-95.4088280751726, 29.7469190625895], [-95.4096825681888, 29.7469133565531], [-95.4097590269545, 29.7469037754626]]}, "properties": {"centerlineid": 10133838, "roadclass": "LOCAL", "fullname": "INDIANA ST", "fromleft": 2021, "toleft": 2033, "fromright": 2020, "toright": 2032, "onewaydir": " "}}, {"type": "Feature", "geometry": {"type": "LineString", "coordinates": [[-95.4088280751726, 29.7469190625895], [-95.4088281016193, 29.7467093633958], [-95.4088205215216, 29.7463431622345], [-95.4088052784452, 29.7446893898552]]}, "properties": {"centerlineid": 10133889, "roadclass": "LOCAL", "fullname": "BRUN ST", "fromleft": 2101, "toleft": 2399, "fromright": 2100, "toright": 2398, "onewaydir": " "}}, {"type": "Feature", "geometry": {"type": "LineString", "coordinates": [[-95.391355262718, 29.7504181218718], [-95.3913409006398, 29.7503986273444], [-95.3913282837965, 29.7503684344184], [-95.3913239534642, 29.7503360748063], [-95.3913238526182, 29.7503002488141], [-95.3913217379579, 29.7501308944898]]}, "properties": {"centerlineid": 10134044, "roadclass": "LOCAL", "fullname": "GRANT ST", "fromleft": 2001, "toleft": 2099, "fromright": 2000, "toright": 2098, "onewaydir": " "}}, {"type": "Feature", "geometry": {"type": "LineString", "coordinates": [[-95.4131081432568, 29.7406516448805], [-95.4130928630012, 29.7398505335244]]}, "properties": {"centerlineid": 10132073, "roadclass": "LOCAL", "fullname": "GREENBRIAR DR", "fromleft": 2801, "toleft": 2899, "fromright": 2800, "toright": 2898, "onewaydir": " "}}, {"type": "Feature", "geometry": {"type": "LineString", "coordinates": [[-95.4128945825997, 29.7350897106412], [-95.4151528022338, 29.7350687080377]]}, "properties": {"centerlineid": 10132334, "roadclass": "LOCAL", "fullname": "COLQUITT ST", "fromleft": 2201, "toleft": 2399, "fromright": 2200, "toright": 2398, "onewaydir": " "}}, {"type": "Feature", "geometry": {"type": "LineString", "coordinates": [[-95.3824228299996, 29.7476649651185], [-95.3815836433478, 29.7471365174398]]}, "properties": {"centerlineid": 10136002, "roadclass": "LOCAL", "fullname": "TUAM ST", "fromleft": 201, "toleft": 299, "fromright": 200, "toright": 298, "onewaydir": " "}}, {"type": "Feature", "geometry": {"type": "LineString", "coordinates": [[-95.3778680620966, 29.7438579376689], [-95.3770261179756, 29.7433456661079], [-95.3770058180642, 29.7433333482469]]}, "properties": {"centerlineid": 10136088, "roadclass": "LOCAL", "fullname": "ANITA ST", "fromleft": 801, "toleft": 899, "fromright": 800, "toright": 898, "onewaydir": " "}}, {"type": "Feature", "geometry": {"type": "LineString", "coordinates": [[-95.3804696978677, 29.7501292338848], [-95.3809349417866, 29.7495320956239]]}, "properties": {"centerlineid": 10136336, "roadclass": "LOCAL", "fullname": "HELENA ST", "fromleft": 2501, "toleft": 2599, "fromright": 2500, "toright": 2598, "onewaydir": " "}}, {"type": "Feature", "geometry": {"type": "LineString", "coordinates": [[-95.3811334543024, 29.7413343546529], [-95.3816979545729, 29.7406381608675]]}, "properties": {"centerlineid": 10136354, "roadclass": "MAJOR", "fullname": "LOUISIANA ST", "fromleft": 3501, "toleft": 3599, "fromright": 3500, "toright": 3598, "onewaydir": "FT"}}, {"type": "Feature", "geometry": {"type": "LineString", "coordinates": [[-95.3787912526034, 29.7426866929953], [-95.3793482356267, 29.741979140327]]}, "properties": {"centerlineid": 10136356, "roadclass": "LOCAL", "fullname": "MILAM ST", "fromleft": 3201, "toleft": 3299, "fromright": 3200, "toright": 3298, "onewaydir": "FT"}}, {"type": "Feature", "geometry": {"type": "LineString", "coordinates": [[-95.3968915649643, 29.7449105665226], [-95.3967457400276, 29.7446612459295]]}, "properties": {"centerlineid": 10134124, "roadclass": "LOCAL", "fullname": "YUPON ST", "fromleft": 2601, "toleft": 2605, "fromright": 2600, "toright": 2604, "onewaydir": " "}}, {"type": "Feature", "geometry": {"type": "LineString", "coordinates": [[-95.3872598969823, 29.7454275096435], [-95.3872368042266, 29.7445426811862]]}, "properties": {"centerlineid": 10134172, "roadclass": "LOCAL", "fullname": "WHITNEY ST", "fromleft": 2701, "toleft": 2799, "fromright": 2700, "toright": 2798, "onewaydir": " "}}, {"type": "Feature", "geometry": {"type": "LineString", "coordinates": [[-95.3995777451011, 29.7450333928764], [-95.3991693048113, 29.744376559194]]}, "properties": {"centerlineid": 10134203, "roadclass": "LOCAL", "fullname": "RIDGEWOOD ST", "fromleft": 2501, "toleft": 2599, "fromright": 2500, "toright": 2598, "onewaydir": " "}}, {"type": "Feature", "geometry": {"type": "LineString", "coordinates": [[-95.3899301732658, 29.7434611371432], [-95.3899224090723, 29.7423834873807]]}, "properties": {"centerlineid": 10134210, "roadclass": "LOCAL", "fullname": "ROSELAND ST", "fromleft": 3301, "toleft": 3399, "fromright": 3300, "toright": 3398, "onewaydir": " "}}, {"type": "Feature", "geometry": {"type": "LineString", "coordinates": [[-95.3905591545449, 29.7463357582388], [-95.3905289877845, 29.7455615845709]]}, "properties": {"centerlineid": 10134214, "roadclass": "LOCAL", "fullname": "GRANT ST", "fromleft": 2607, "toleft": 2699, "fromright": 2606, "toright": 2698, "onewaydir": " "}}, {"type": "Feature", "geometry": {"type": "LineString", "coordinates": [[-95.3947900205295, 29.7423243548237], [-95.3947824692399, 29.7412980696489]]}, "properties": {"centerlineid": 10134226, "roadclass": "LOCAL", "fullname": "GRAUSTARK ST", "fromleft": 3401, "toleft": 3499, "fromright": 3400, "toright": 3498, "onewaydir": " "}}, {"type": "Feature", "geometry": {"type": "LineString", "coordinates": [[-95.3873132910785, 29.7495302583524], [-95.3872979986343, 29.7488646930165]]}, "properties": {"centerlineid": 10134317, "roadclass": "LOCAL", "fullname": "WHITNEY ST", "fromleft": 2201, "toleft": 2299, "fromright": 2200, "toright": 2298, "onewaydir": " "}}, {"type": "Feature", "geometry": {"type": "LineString", "coordinates": [[-95.3911824227243, 29.7517762097556], [-95.3911749206189, 29.75148601956]]}, "properties": {"centerlineid": 10134392, "roadclass": "LOCAL", "fullname": "GRANT ST", "fromleft": 1801, "toleft": 1849, "fromright": 1800, "toright": 1848, "onewaydir": " "}}, {"type": "Feature", "geometry": {"type": "LineString", "coordinates": [[-95.3830635529999, 29.7532533424595], [-95.3840248553621, 29.7532515179322]]}, "properties": {"centerlineid": 10134411, "roadclass": "MAJOR", "fullname": "W GRAY ST", "fromleft": 225, "toleft": 241, "fromright": 224, "toright": 240, "onewaydir": " "}}, {"type": "Feature", "geometry": {"type": "LineString", "coordinates": [[-95.3854310022039, 29.7379986246965], [-95.3854210491796, 29.7371190791508]]}, "properties": {"centerlineid": 10136675, "roadclass": "LOCAL", "fullname": "GARROTT ST", "fromleft": 3901, "toleft": 3999, "fromright": 3900, "toright": 3998, "onewaydir": " "}}, {"type": "Feature", "geometry": {"type": "LineString", "coordinates": [[-95.3957207303172, 29.7387251724354], [-95.3974069295982, 29.7387213130196], [-95.3974983979845, 29.7387213072502]]}, "properties": {"centerlineid": 10136704, "roadclass": "MAJOR", "fullname": "W ALABAMA ST", "fromleft": 1401, "toleft": 1499, "fromright": 1400, "toright": 1498, "onewaydir": " "}}, {"type": "Feature", "geometry": {"type": "LineString", "coordinates": [[-95.3853981937592, 29.7353854473467], [-95.3853907128081, 29.7349751914297]]}, "properties": {"centerlineid": 10136718, "roadclass": "LOCAL", "fullname": "GARROTT ST", "fromleft": 4201, "toleft": 4299, "fromright": 4200, "toright": 4298, "onewaydir": " "}}, {"type": "Feature", "geometry": {"type": "LineString", "coordinates": [[-95.3897088480714, 29.7533868393844], [-95.391326383712, 29.7533583120879]]}, "properties": {"centerlineid": 10134423, "roadclass": "MAJOR", "fullname": "W GRAY ST", "fromleft": 801, "toleft": 999, "fromright": 800, "toright": 998, "onewaydir": " "}}, {"type": "Feature", "geometry": {"type": "LineString", "coordinates": [[-95.3872217719478, 29.7424080967922], [-95.3889458641029, 29.7423987563229]]}, "properties": {"centerlineid": 10134475, "roadclass": "LOCAL", "fullname": "HAWTHORNE ST", "fromleft": 619, "toleft": 799, "fromright": 618, "toright": 798, "onewaydir": " "}}, {"type": "Feature", "geometry": {"type": "LineString", "coordinates": [[-95.3838799424719, 29.7424368824973], [-95.384917664581, 29.7424311625928], [-95.3854821917439, 29.7424272755257]]}, "properties": {"centerlineid": 10134493, "roadclass": "LOCAL", "fullname": "HAWTHORNE ST", "fromleft": 401, "toleft": 499, "fromright": 400, "toright": 498, "onewaydir": " "}}, {"type": "Feature", "geometry": {"type": "LineString", "coordinates": [[-95.3936336395183, 29.7497237648156], [-95.3962100356122, 29.7496758021163]]}, "properties": {"centerlineid": 10134514, "roadclass": "LOCAL", "fullname": "W DREW ST", "fromleft": 1201, "toleft": 1299, "fromright": 1200, "toright": 1298, "onewaydir": " "}}, {"type": "Feature", "geometry": {"type": "LineString", "coordinates": [[-95.3936838466474, 29.7335942642108], [-95.3936685416971, 29.7326941559702]]}, "properties": {"centerlineid": 10136880, "roadclass": "LOCAL", "fullname": "MT VERNON ST", "fromleft": 4401, "toleft": 4499, "fromright": 4400, "toright": 4498, "onewaydir": " "}}, {"type": "Feature", "geometry": {"type": "LineString", "coordinates": [[-95.3967660046736, 29.7479967271876], [-95.3982900131043, 29.7472687647966]]}, "properties": {"centerlineid": 10134588, "roadclass": "LOCAL", "fullname": "MARYLAND ST", "fromleft": 1501, "toleft": 1699, "fromright": 1500, "toright": 1698, "onewaydir": " "}}, {"type": "Feature", "geometry": {"type": "LineString", "coordinates": [[-95.3888696197197, 29.7370467599689], [-95.388854367251, 29.7362036360417]]}, "properties": {"centerlineid": 10136944, "roadclass": "LOCAL", "fullname": "STANFORD ST", "fromleft": 4001, "toleft": 4099, "fromright": 4000, "toright": 4098, "onewaydir": " "}}, {"type": "Feature", "geometry": {"type": "LineString", "coordinates": [[-95.3865075679755, 29.7396926786883], [-95.3889001845076, 29.7396636411392]]}, "properties": {"centerlineid": 10137094, "roadclass": "LOCAL", "fullname": "MARSHALL ST", "fromleft": 601, "toleft": 799, "fromright": 600, "toright": 798, "onewaydir": " "}}, {"type": "Feature", "geometry": {"type": "LineString", "coordinates": [[-95.3834891358782, 29.7364659116963], [-95.3840173292143, 29.7358050312562], [-95.3841546556864, 29.7356314123821], [-95.3843381503879, 29.7353968922376]]}, "properties": {"centerlineid": 10137113, "roadclass": "FRONTAGE", "fullname": "SOUTHWEST FWY", "fromleft": 301, "toleft": 399, "fromright": 300, "toright": 398, "onewaydir": "FT"}}, {"type": "Feature", "geometry": {"type": "LineString", "coordinates": [[-95.3799889207452, 29.737958297945], [-95.3805917909491, 29.7371763431443]]}, "properties": {"centerlineid": 10137524, "roadclass": "MAJOR", "fullname": "MAIN ST", "fromleft": 3801, "toleft": 3899, "fromright": 3800, "toright": 3898, "onewaydir": " "}}, {"type": "Feature", "geometry": {"type": "LineString", "coordinates": [[-95.4134743243648, 29.7447295213029], [-95.413466820893, 29.744328853602], [-95.4134820832748, 29.7439932223254], [-95.4135277159194, 29.7438369363299]]}, "properties": {"centerlineid": 10133624, "roadclass": "LOCAL", "fullname": "KINGSTON ST", "fromleft": 2401, "toleft": 2499, "fromright": 2400, "toright": 2498, "onewaydir": " "}}, {"type": "Feature", "geometry": {"type": "LineString", "coordinates": [[-95.4063028840755, 29.7447142558134], [-95.4062645604396, 29.7427362403209]]}, "properties": {"centerlineid": 10133631, "roadclass": "LOCAL", "fullname": "DRISCOLL ST", "fromleft": 2401, "toleft": 2599, "fromright": 2400, "toright": 2598, "onewaydir": " "}}, {"type": "Feature", "geometry": {"type": "LineString", "coordinates": [[-95.4021143506605, 29.7457421642418], [-95.4020913135878, 29.7447598901643]]}, "properties": {"centerlineid": 10133645, "roadclass": "MAJOR", "fullname": "DUNLAVY ST", "fromleft": 2301, "toleft": 2399, "fromright": 2300, "toright": 2398, "onewaydir": " "}}, {"type": "Feature", "geometry": {"type": "LineString", "coordinates": [[-95.4063485318387, 29.7491449018865], [-95.4071420925503, 29.7491412511392]]}, "properties": {"centerlineid": 10133730, "roadclass": "LOCAL", "fullname": "VERMONT ST", "fromleft": 1963, "toleft": 1969, "fromright": 1962, "toright": 1968, "onewaydir": " "}}, {"type": "Feature", "geometry": {"type": "LineString", "coordinates": [[-95.4013435802888, 29.7492156129678], [-95.40215996406, 29.7492042322794]]}, "properties": {"centerlineid": 10133836, "roadclass": "LOCAL", "fullname": "VERMONT ST", "fromleft": 1801, "toleft": 1899, "fromright": 1800, "toright": 1898, "onewaydir": " "}}, {"type": "Feature", "geometry": {"type": "LineString", "coordinates": [[-95.4107050227147, 29.7511019002171], [-95.4107050160397, 29.7507051098101]]}, "properties": {"centerlineid": 10133896, "roadclass": "MAJOR", "fullname": "S SHEPHERD DR", "fromleft": 1651, "toleft": 1699, "fromright": 1650, "toright": 1698, "onewaydir": " "}}, {"type": "Feature", "geometry": {"type": "LineString", "coordinates": [[-95.4070275512416, 29.7403100791298], [-95.4070200229455, 29.7394537236677]]}, "properties": {"centerlineid": 10132114, "roadclass": "LOCAL", "fullname": "HAZARD ST", "fromleft": 3601, "toleft": 3699, "fromright": 3600, "toright": 3698, "onewaydir": " "}}, {"type": "Feature", "geometry": {"type": "LineString", "coordinates": [[-95.4129251189245, 29.7385496972833], [-95.4163659944094, 29.7385266554091]]}, "properties": {"centerlineid": 10132131, "roadclass": "MAJOR", "fullname": "W ALABAMA ST", "fromleft": 2201, "toleft": 2399, "fromright": 2200, "toright": 2398, "onewaydir": " "}}, {"type": "Feature", "geometry": {"type": "LineString", "coordinates": [[-95.4045436001717, 29.7386325648395], [-95.4062876178796, 29.7386145368346]]}, "properties": {"centerlineid": 10132209, "roadclass": "MAJOR", "fullname": "W ALABAMA ST", "fromleft": 1801, "toleft": 1839, "fromright": 1800, "toright": 1838, "onewaydir": " "}}, {"type": "Feature", "geometry": {"type": "LineString", "coordinates": [[-95.4045632933034, 29.7403388143957], [-95.404540516594, 29.7394861449647]]}, "properties": {"centerlineid": 10132285, "roadclass": "LOCAL", "fullname": "WOODHEAD ST", "fromleft": 3601, "toleft": 3699, "fromright": 3600, "toright": 3698, "onewaydir": " "}}, {"type": "Feature", "geometry": {"type": "LineString", "coordinates": [[-95.408050002815, 29.7368445994255], [-95.4080500233567, 29.7359900763225]]}, "properties": {"centerlineid": 10132303, "roadclass": "LOCAL", "fullname": "MCDUFFIE ST", "fromleft": 4001, "toleft": 4099, "fromright": 4000, "toright": 4098, "onewaydir": " "}}, {"type": "Feature", "geometry": {"type": "LineString", "coordinates": [[-95.3804316225303, 29.7453951332975], [-95.37958463205, 29.7448726017339]]}, "properties": {"centerlineid": 10135716, "roadclass": "LOCAL", "fullname": "ANITA ST", "fromleft": 501, "toleft": 599, "fromright": 500, "toright": 598, "onewaydir": " "}}, {"type": "Feature", "geometry": {"type": "LineString", "coordinates": [[-95.3786691976148, 29.7539228382148], [-95.3786614462231, 29.7530988978294]]}, "properties": {"centerlineid": 10135801, "roadclass": "LOCAL", "fullname": "VALENTINE ST", "fromleft": 1601, "toleft": 1699, "fromright": 1600, "toright": 1698, "onewaydir": "FT"}}, {"type": "Feature", "geometry": {"type": "LineString", "coordinates": [[-95.3774332037681, 29.7523625809283], [-95.3765939751316, 29.7518514539359]]}, "properties": {"centerlineid": 10135812, "roadclass": "MAJOR", "fullname": "GRAY ST", "fromleft": 301, "toleft": 399, "fromright": 300, "toright": 398, "onewaydir": "TF"}}, {"type": "Feature", "geometry": {"type": "LineString", "coordinates": [[-95.3802408679451, 29.7472243547193], [-95.3795312156413, 29.74679698705], [-95.3793938492151, 29.7467112177541]]}, "properties": {"centerlineid": 10135899, "roadclass": "LOCAL", "fullname": "DREW ST", "fromleft": 401, "toleft": 499, "fromright": 400, "toright": 498, "onewaydir": " "}}, {"type": "Feature", "geometry": {"type": "LineString", "coordinates": [[-95.3786721933644, 29.7527048119016], [-95.3786615185865, 29.752018600751]]}, "properties": {"centerlineid": 10136061, "roadclass": "LOCAL", "fullname": "VALENTINE ST", "fromleft": 1801, "toleft": 1899, "fromright": 1800, "toright": 1898, "onewaydir": " "}}, {"type": "Feature", "geometry": {"type": "LineString", "coordinates": [[-95.3804190986886, 29.75270124133], [-95.3812861138133, 29.7526888655971]]}, "properties": {"centerlineid": 10136150, "roadclass": "LOCAL", "fullname": "ONEIL ST", "fromleft": 1301, "toleft": 1399, "fromright": 1300, "toright": 1398, "onewaydir": " "}}, {"type": "Feature", "geometry": {"type": "LineString", "coordinates": [[-95.3774332037681, 29.7523625809283], [-95.3775018873084, 29.7523034993452], [-95.3780204763071, 29.7516340370903]]}, "properties": {"centerlineid": 10136324, "roadclass": "LOCAL", "fullname": "BALDWIN ST", "fromleft": 2101, "toleft": 2199, "fromright": 2100, "toright": 2198, "onewaydir": " "}}, {"type": "Feature", "geometry": {"type": "LineString", "coordinates": [[-95.376270940957, 29.7538007140295], [-95.3763117214426, 29.7537854635324], [-95.3763498394952, 29.7537494208217], [-95.3764032452747, 29.7536807157391], [-95.3768075607675, 29.7531700937741], [-95.3768456364739, 29.7531217235046]]}, "properties": {"centerlineid": 10136340, "roadclass": "LOCAL", "fullname": "BALDWIN ST", "fromleft": 1901, "toleft": 1999, "fromright": 1900, "toright": 1998, "onewaydir": " "}}, {"type": "Feature", "geometry": {"type": "LineString", "coordinates": [[-95.3780204763071, 29.7516340370903], [-95.378042395773, 29.7516082540631], [-95.378200964958, 29.7514197714896], [-95.37832145887, 29.7512766839295], [-95.3783867440551, 29.7511991368514]]}, "properties": {"centerlineid": 10136342, "roadclass": "LOCAL", "fullname": "BALDWIN ST", "fromleft": 2201, "toleft": 2299, "fromright": 2200, "toright": 2298, "onewaydir": " "}}, {"type": "Feature", "geometry": {"type": "LineString", "coordinates": [[-95.3776239546686, 29.7409338879522], [-95.3780588484773, 29.7403711986467]]}, "properties": {"centerlineid": 10136355, "roadclass": "MAJOR", "fullname": "MAIN ST", "fromleft": 3301, "toleft": 3399, "fromright": 3300, "toright": 3398, "onewaydir": " "}}, {"type": "Feature", "geometry": {"type": "LineString", "coordinates": [[-95.3926364917882, 29.7446520288818], [-95.3931191125653, 29.7446608434573]]}, "properties": {"centerlineid": 10134117, "roadclass": "MAJOR", "fullname": "WESTHEIMER RD", "fromleft": 1101, "toleft": 1199, "fromright": 1100, "toright": 1198, "onewaydir": " "}}, {"type": "Feature", "geometry": {"type": "LineString", "coordinates": [[-95.3904794040865, 29.7508176030901], [-95.3904824183599, 29.7501402543809]]}, "properties": {"centerlineid": 10134137, "roadclass": "LOCAL", "fullname": "CONVERSE ST", "fromleft": 2001, "toleft": 2099, "fromright": 2000, "toright": 2098, "onewaydir": " "}}, {"type": "Feature", "geometry": {"type": "LineString", "coordinates": [[-95.3957741338918, 29.742316597116], [-95.3974831427786, 29.7423070220554], [-95.3975442813272, 29.742307037837]]}, "properties": {"centerlineid": 10134151, "roadclass": "LOCAL", "fullname": "HAWTHORNE ST", "fromleft": 1401, "toleft": 1499, "fromright": 1400, "toright": 1498, "onewaydir": " "}}, {"type": "Feature", "geometry": {"type": "LineString", "coordinates": [[-95.3836663727233, 29.7492804120592], [-95.382819439042, 29.7487729759396]]}, "properties": {"centerlineid": 10134400, "roadclass": "LOCAL", "fullname": "DREW ST", "fromleft": 89, "toleft": 99, "fromright": 88, "toright": 98, "onewaydir": " "}}, {"type": "Feature", "geometry": {"type": "LineString", "coordinates": [[-95.3898615074826, 29.7378935065175], [-95.3898462220706, 29.7370389834631]]}, "properties": {"centerlineid": 10136679, "roadclass": "LOCAL", "fullname": "ROSELAND ST", "fromleft": 3901, "toleft": 3999, "fromright": 3900, "toright": 3998, "onewaydir": " "}}, {"type": "Feature", "geometry": {"type": "LineString", "coordinates": [[-95.3865121803795, 29.7405523971059], [-95.3889155041992, 29.7405199780997]]}, "properties": {"centerlineid": 10134478, "roadclass": "LOCAL", "fullname": "KIPLING ST", "fromleft": 601, "toleft": 799, "fromright": 600, "toright": 798, "onewaydir": " "}}, {"type": "Feature", "geometry": {"type": "LineString", "coordinates": [[-95.3848337064533, 29.7489256325914], [-95.3850473010692, 29.7489199079181], [-95.3855965105631, 29.7489084883889], [-95.3857178305884, 29.7488884288619]]}, "properties": {"centerlineid": 10134503, "roadclass": "LOCAL", "fullname": "FARGO ST", "fromleft": 201, "toleft": 299, "fromright": 200, "toright": 298, "onewaydir": " "}}, {"type": "Feature", "geometry": {"type": "LineString", "coordinates": [[-95.3865044057926, 29.7495494272205], [-95.3866036736172, 29.7495416840052], [-95.3873132910785, 29.7495302583524]]}, "properties": {"centerlineid": 10134513, "roadclass": "LOCAL", "fullname": "W DREW ST", "fromleft": 401, "toleft": 499, "fromright": 400, "toright": 498, "onewaydir": " "}}, {"type": "Feature", "geometry": {"type": "LineString", "coordinates": [[-95.3920994966716, 29.751096975243], [-95.39367201518, 29.7510705280294]]}, "properties": {"centerlineid": 10134543, "roadclass": "LOCAL", "fullname": "WILLARD ST", "fromleft": 1101, "toleft": 1199, "fromright": 1100, "toright": 1198, "onewaydir": " "}}, {"type": "Feature", "geometry": {"type": "LineString", "coordinates": [[-95.3848184150654, 29.7463965743352], [-95.3850014066716, 29.7463908590811], [-95.3859857821591, 29.7463602926075]]}, "properties": {"centerlineid": 10134551, "roadclass": "LOCAL", "fullname": "STRATFORD ST", "fromleft": 301, "toleft": 399, "fromright": 300, "toright": 398, "onewaydir": " "}}, {"type": "Feature", "geometry": {"type": "LineString", "coordinates": [[-95.3975137112433, 29.7404207237768], [-95.3993372668155, 29.7403997393299]]}, "properties": {"centerlineid": 10136776, "roadclass": "LOCAL", "fullname": "KIPLING ST", "fromleft": 1501, "toleft": 1599, "fromright": 1500, "toright": 1598, "onewaydir": " "}}, {"type": "Feature", "geometry": {"type": "LineString", "coordinates": [[-95.389830906054, 29.7353357008151], [-95.3903801181934, 29.7353281723633], [-95.3911356330965, 29.7353167550656]]}, "properties": {"centerlineid": 10136825, "roadclass": "LOCAL", "fullname": "COLQUITT ST", "fromleft": 901, "toleft": 999, "fromright": 900, "toright": 998, "onewaydir": " "}}, {"type": "Feature", "geometry": {"type": "LineString", "coordinates": [[-95.3854516019203, 29.7397608504054], [-95.3854340121294, 29.7388803996585]]}, "properties": {"centerlineid": 10136906, "roadclass": "LOCAL", "fullname": "GARROTT ST", "fromleft": 3701, "toleft": 3799, "fromright": 3700, "toright": 3798, "onewaydir": " "}}, {"type": "Feature", "geometry": {"type": "LineString", "coordinates": [[-95.3859857821591, 29.7463602926075], [-95.3872673856258, 29.74633154615]]}, "properties": {"centerlineid": 10134622, "roadclass": "LOCAL", "fullname": "STRATFORD ST", "fromleft": 401, "toleft": 499, "fromright": 400, "toright": 498, "onewaydir": " "}}, {"type": "Feature", "geometry": {"type": "LineString", "coordinates": [[-95.3943769996886, 29.748050624991], [-95.3944988029901, 29.748050320328], [-95.3946082606492, 29.7480508782692], [-95.3947219451201, 29.7480479661807], [-95.3948357138757, 29.7480426686479], [-95.3949427739841, 29.7480336079535], [-95.3950418416668, 29.7480183619557], [-95.3951469244159, 29.747987752583]]}, "properties": {"centerlineid": 10134628, "roadclass": "LOCAL", "fullname": "FAIRVIEW AVE", "fromleft": 1313, "toleft": 1399, "fromright": 1312, "toright": 1398, "onewaydir": " "}}, {"type": "Feature", "geometry": {"type": "LineString", "coordinates": [[-95.3835790232342, 29.7371213721238], [-95.3836652716677, 29.7370042839205], [-95.3837628794815, 29.7368755607639], [-95.3842767663203, 29.736215063848]]}, "properties": {"centerlineid": 10136940, "roadclass": "LOCAL", "fullname": "MILAM ST", "fromleft": 3901, "toleft": 3999, "fromright": 3900, "toright": 3998, "onewaydir": "TF"}}, {"type": "Feature", "geometry": {"type": "LineString", "coordinates": [[-95.3788368898374, 29.7361577674929], [-95.3790504857226, 29.7358794103795], [-95.3792799096644, 29.73558552895]]}, "properties": {"centerlineid": 10137576, "roadclass": "LOCAL", "fullname": "SAN JACINTO ST", "fromleft": 3901, "toleft": 3999, "fromright": 3900, "toright": 3998, "onewaydir": "FT"}}, {"type": "Feature", "geometry": {"type": "LineString", "coordinates": [[-95.3779748871546, 29.7356505853343], [-95.3771051011195, 29.7351392341461]]}, "properties": {"centerlineid": 10137636, "roadclass": "LOCAL", "fullname": "TRUXILLO ST", "fromleft": 1301, "toleft": 1399, "fromright": 1300, "toright": 1398, "onewaydir": " "}}, {"type": "Feature", "geometry": {"type": "LineString", "coordinates": [[-95.3778242376704, 29.7365980441742], [-95.3774331937645, 29.7363485455426]]}, "properties": {"centerlineid": 10137477, "roadclass": "MAJOR", "fullname": "ALABAMA ST", "fromleft": 1217, "toleft": 1299, "fromright": 1216, "toright": 1298, "onewaydir": " "}}, {"type": "Feature", "geometry": {"type": "LineString", "coordinates": [[-95.407088727134, 29.7447199339306], [-95.4073479074144, 29.7447181395205], [-95.4074549452458, 29.7447181268243], [-95.4076379124687, 29.7447007963754], [-95.4078820878583, 29.7447103673925]]}, "properties": {"centerlineid": 10133654, "roadclass": "LOCAL", "fullname": "FAIRVIEW AVE", "fromleft": 1963, "toleft": 1999, "fromright": 1962, "toright": 1998, "onewaydir": " "}}, {"type": "Feature", "geometry": {"type": "LineString", "coordinates": [[-95.4118570729047, 29.7509474339571], [-95.4118570670948, 29.750674796802]]}, "properties": {"centerlineid": 10133703, "roadclass": "LOCAL", "fullname": "SHARP PL", "fromleft": 1801, "toleft": 1817, "fromright": 1800, "toright": 1816, "onewaydir": " "}}, {"type": "Feature", "geometry": {"type": "LineString", "coordinates": [[-95.4037546827412, 29.7437566066064], [-95.4046242431148, 29.7437415686177]]}, "properties": {"centerlineid": 10133750, "roadclass": "LOCAL", "fullname": "MISSOURI ST", "fromleft": 1923, "toleft": 1941, "fromright": 1922, "toright": 1940, "onewaydir": " "}}, {"type": "Feature", "geometry": {"type": "LineString", "coordinates": [[-95.4055704473783, 29.7507548788055], [-95.4063866093942, 29.7507470937821]]}, "properties": {"centerlineid": 10133787, "roadclass": "LOCAL", "fullname": "HADDON ST", "fromleft": 1951, "toleft": 1963, "fromright": 1950, "toright": 1962, "onewaydir": " "}}, {"type": "Feature", "geometry": {"type": "LineString", "coordinates": [[-95.4071115284097, 29.7469439335449], [-95.4071037687813, 29.7466616897048], [-95.4071037591299, 29.7463698414574], [-95.407088727134, 29.7447199339306]]}, "properties": {"centerlineid": 10133871, "roadclass": "LOCAL", "fullname": "HAZARD ST", "fromleft": 2101, "toleft": 2399, "fromright": 2100, "toright": 2398, "onewaydir": " "}}, {"type": "Feature", "geometry": {"type": "LineString", "coordinates": [[-95.4020378825694, 29.7412218303243], [-95.4020303565443, 29.7403787320023]]}, "properties": {"centerlineid": 10132113, "roadclass": "MAJOR", "fullname": "DUNLAVY ST", "fromleft": 3501, "toleft": 3599, "fromright": 3500, "toright": 3598, "onewaydir": " "}}, {"type": "Feature", "geometry": {"type": "LineString", "coordinates": [[-95.404540516594, 29.7394861449647], [-95.4045436001717, 29.7386325648395]]}, "properties": {"centerlineid": 10132147, "roadclass": "LOCAL", "fullname": "WOODHEAD ST", "fromleft": 3701, "toleft": 3799, "fromright": 3700, "toright": 3798, "onewaydir": " "}}, {"type": "Feature", "geometry": {"type": "LineString", "coordinates": [[-95.4020150615388, 29.7395185399997], [-95.4019922527529, 29.7386583321648]]}, "properties": {"centerlineid": 10132248, "roadclass": "MAJOR", "fullname": "DUNLAVY ST", "fromleft": 3701, "toleft": 3799, "fromright": 3700, "toright": 3798, "onewaydir": " "}}, {"type": "Feature", "geometry": {"type": "LineString", "coordinates": [[-95.3811279661461, 29.7381100336496], [-95.3812173808932, 29.7380465318985], [-95.3812762768139, 29.7380063280023], [-95.3813419647983, 29.7379675013631], [-95.3817060747477, 29.7377707462915]]}, "properties": {"centerlineid": 10137782, "roadclass": "FRONTAGE", "fullname": "SOUTHWEST FWY", "fromleft": 0, "toleft": 0, "fromright": 0, "toright": 0, "onewaydir": "FT"}}, {"type": "Feature", "geometry": {"type": "LineString", "coordinates": [[-95.3818506200589, 29.7419638511044], [-95.381934548566, 29.7417826980236]]}, "properties": {"centerlineid": 10135612, "roadclass": "LOCAL", "fullname": "SMITH ST", "fromleft": 3409, "toleft": 3499, "fromright": 3408, "toright": 3498, "onewaydir": "FT"}}, {"type": "Feature", "geometry": {"type": "LineString", "coordinates": [[-95.3789514343115, 29.7472795684093], [-95.378165598853, 29.7468179927612], [-95.3780891864314, 29.7467721531477]]}, "properties": {"centerlineid": 10135649, "roadclass": "LOCAL", "fullname": "DENNIS ST", "fromleft": 501, "toleft": 599, "fromright": 500, "toright": 598, "onewaydir": " "}}, {"type": "Feature", "geometry": {"type": "LineString", "coordinates": [[-95.3800157778252, 29.7528245360092], [-95.379644103342, 29.7526145822145], [-95.3795237098143, 29.7525439859147]]}, "properties": {"centerlineid": 10135996, "roadclass": "LOCAL", "fullname": "WEBSTER ST", "fromleft": 151, "toleft": 167, "fromright": 150, "toright": 166, "onewaydir": "FT"}}, {"type": "Feature", "geometry": {"type": "LineString", "coordinates": [[-95.3795236908308, 29.7520593182963], [-95.38040854595, 29.752055687829]]}, "properties": {"centerlineid": 10136157, "roadclass": "LOCAL", "fullname": "W WEBSTER ST", "fromleft": 1201, "toleft": 1299, "fromright": 1200, "toright": 1298, "onewaydir": " "}}, {"type": "Feature", "geometry": {"type": "LineString", "coordinates": [[-95.3909905086631, 29.7473959653465], [-95.3909601589702, 29.7472909941413], [-95.3908533735503, 29.7470336206245], [-95.3907007082835, 29.7467531940851], [-95.3906215833869, 29.746659862402]]}, "properties": {"centerlineid": 10134147, "roadclass": "LOCAL", "fullname": "GRANT ST", "fromleft": 2501, "toleft": 2599, "fromright": 2500, "toright": 2598, "onewaydir": " "}}, {"type": "Feature", "geometry": {"type": "LineString", "coordinates": [[-95.3881069873972, 29.7488323949006], [-95.3880953294588, 29.7481644305734]]}, "properties": {"centerlineid": 10134185, "roadclass": "LOCAL", "fullname": "HOPKINS ST", "fromleft": 2301, "toleft": 2399, "fromright": 2300, "toright": 2398, "onewaydir": " "}}, {"type": "Feature", "geometry": {"type": "LineString", "coordinates": [[-95.3975442813272, 29.742307037837], [-95.3975442798117, 29.7420172344472]]}, "properties": {"centerlineid": 10134230, "roadclass": "LOCAL", "fullname": "MULBERRY ST", "fromleft": 3401, "toleft": 3449, "fromright": 3400, "toright": 3448, "onewaydir": " "}}, {"type": "Feature", "geometry": {"type": "LineString", "coordinates": [[-95.3975289958457, 29.7412695203379], [-95.3993522894708, 29.7412503426489]]}, "properties": {"centerlineid": 10134244, "roadclass": "LOCAL", "fullname": "HAROLD ST", "fromleft": 1501, "toleft": 1599, "fromright": 1500, "toright": 1598, "onewaydir": " "}}, {"type": "Feature", "geometry": {"type": "LineString", "coordinates": [[-95.3975595431551, 29.7459901868355], [-95.3971572898326, 29.7453296937992]]}, "properties": {"centerlineid": 10134258, "roadclass": "LOCAL", "fullname": "YUPON ST", "fromleft": 2501, "toleft": 2521, "fromright": 2500, "toright": 2520, "onewaydir": " "}}, {"type": "Feature", "geometry": {"type": "LineString", "coordinates": [[-95.3896782697035, 29.7494786905312], [-95.3896773845059, 29.7487988837292]]}, "properties": {"centerlineid": 10134305, "roadclass": "LOCAL", "fullname": "CROCKER ST", "fromleft": 2201, "toleft": 2299, "fromright": 2200, "toright": 2298, "onewaydir": " "}}, {"type": "Feature", "geometry": {"type": "LineString", "coordinates": [[-95.3955288898442, 29.748579580545], [-95.3951469244159, 29.747987752583]]}, "properties": {"centerlineid": 10134325, "roadclass": "MAJOR", "fullname": "WAUGH DR", "fromleft": 2301, "toleft": 2399, "fromright": 2300, "toright": 2398, "onewaydir": "FT"}}, {"type": "Feature", "geometry": {"type": "LineString", "coordinates": [[-95.3872980042523, 29.7475066143702], [-95.3872827066049, 29.7474358674751], [-95.3872751437492, 29.7467703239857]]}, "properties": {"centerlineid": 10134335, "roadclass": "LOCAL", "fullname": "WHITNEY ST", "fromleft": 2501, "toleft": 2599, "fromright": 2500, "toright": 2598, "onewaydir": " "}}, {"type": "Feature", "geometry": {"type": "LineString", "coordinates": [[-95.3921274484658, 29.7533334606743], [-95.3929208098078, 29.7533259352259]]}, "properties": {"centerlineid": 10134413, "roadclass": "MAJOR", "fullname": "W GRAY ST", "fromleft": 1101, "toleft": 1119, "fromright": 1100, "toright": 1118, "onewaydir": " "}}, {"type": "Feature", "geometry": {"type": "LineString", "coordinates": [[-95.3854593824882, 29.7406591770449], [-95.3854516019203, 29.7397608504054]]}, "properties": {"centerlineid": 10136634, "roadclass": "LOCAL", "fullname": "GARROTT ST", "fromleft": 3601, "toleft": 3699, "fromright": 3600, "toright": 3698, "onewaydir": " "}}, {"type": "Feature", "geometry": {"type": "LineString", "coordinates": [[-95.3920791530211, 29.7504228534682], [-95.3936525172592, 29.7503977576146]]}, "properties": {"centerlineid": 10134506, "roadclass": "LOCAL", "fullname": "WELCH ST", "fromleft": 1101, "toleft": 1199, "fromright": 1100, "toright": 1198, "onewaydir": " "}}, {"type": "Feature", "geometry": {"type": "LineString", "coordinates": [[-95.391179148296, 29.7481138951691], [-95.3912185234709, 29.7481149557595], [-95.3912710730543, 29.7481149381691], [-95.391320392013, 29.7481134005203], [-95.3920043193963, 29.7480985299692]]}, "properties": {"centerlineid": 10134559, "roadclass": "LOCAL", "fullname": "FAIRVIEW AVE", "fromleft": 1001, "toleft": 1099, "fromright": 1000, "toright": 1098, "onewaydir": " "}}, {"type": "Feature", "geometry": {"type": "LineString", "coordinates": [[-95.3897396881689, 29.7514975753951], [-95.3897687664201, 29.7515044430547], [-95.3897922031981, 29.7515070616108], [-95.3898215469879, 29.7515090201348], [-95.3898589540492, 29.751510738927], [-95.3904865416034, 29.7514985075699]]}, "properties": {"centerlineid": 10134568, "roadclass": "LOCAL", "fullname": "BOMAR ST", "fromleft": 801, "toleft": 899, "fromright": 800, "toright": 898, "onewaydir": " "}}, {"type": "Feature", "geometry": {"type": "LineString", "coordinates": [[-95.3857178305884, 29.7488884288619], [-95.3858718685253, 29.7488820801842], [-95.3865224686992, 29.7488657821579]]}, "properties": {"centerlineid": 10134585, "roadclass": "LOCAL", "fullname": "FARGO ST", "fromleft": 301, "toleft": 399, "fromright": 300, "toright": 398, "onewaydir": " "}}, {"type": "Feature", "geometry": {"type": "LineString", "coordinates": [[-95.385329534666, 29.7527078112249], [-95.385644641855, 29.752700497822], [-95.3856501417026, 29.7527002738243], [-95.3857416043444, 29.7526601306465]]}, "properties": {"centerlineid": 10134593, "roadclass": "LOCAL", "fullname": "ONEIL ST", "fromleft": 1819, "toleft": 1899, "fromright": 1818, "toright": 1898, "onewaydir": " "}}, {"type": "Feature", "geometry": {"type": "LineString", "coordinates": [[-95.3888924445514, 29.7378973906071], [-95.3888696197197, 29.7370467599689]]}, "properties": {"centerlineid": 10136934, "roadclass": "LOCAL", "fullname": "STANFORD ST", "fromleft": 3901, "toleft": 3999, "fromright": 3900, "toright": 3998, "onewaydir": " "}}, {"type": "Feature", "geometry": {"type": "LineString", "coordinates": [[-95.3878702406972, 29.7353566716269], [-95.3888468285976, 29.7353473216007]]}, "properties": {"centerlineid": 10136952, "roadclass": "LOCAL", "fullname": "COLQUITT ST", "fromleft": 701, "toleft": 799, "fromright": 700, "toright": 798, "onewaydir": " "}}, {"type": "Feature", "geometry": {"type": "LineString", "coordinates": [[-95.3865121803795, 29.7405523971059], [-95.3865075679755, 29.7396926786883]]}, "properties": {"centerlineid": 10137070, "roadclass": "LOCAL", "fullname": "AUDUBON PL", "fromleft": 3601, "toleft": 3699, "fromright": 3600, "toright": 3698, "onewaydir": " "}}, {"type": "Feature", "geometry": {"type": "LineString", "coordinates": [[-95.3808128701404, 29.7336935317025], [-95.3812783482462, 29.7331041679246]]}, "properties": {"centerlineid": 10137277, "roadclass": "LOCAL", "fullname": "SAN JACINTO ST", "fromleft": 4301, "toleft": 4399, "fromright": 4300, "toright": 4398, "onewaydir": "TF"}}, {"type": "Feature", "geometry": {"type": "LineString", "coordinates": [[-95.3818124782502, 29.7388757688691], [-95.3819752010036, 29.7386108138792], [-95.3820020948092, 29.7385594303619], [-95.3820213086435, 29.7385054863158], [-95.3820325325681, 29.7384498519475], [-95.3820355855359, 29.7383934247296], [-95.3820304494084, 29.7381196033206], [-95.3820212736221, 29.7380696790317], [-95.381993785605, 29.7380421875307], [-95.3819460067287, 29.7380313432506], [-95.3818540078132, 29.73803268036], [-95.381428282557, 29.7380414821801], [-95.3813395108613, 29.7380479578205], [-95.3812563899283, 29.7380654985105], [-95.3811279661461, 29.7381100336496]]}, "properties": {"centerlineid": 10137307, "roadclass": "LOCAL", "fullname": "SUL ROSS ST", "fromleft": 101, "toleft": 299, "fromright": 100, "toright": 298, "onewaydir": "FT"}}, {"type": "Feature", "geometry": {"type": "LineString", "coordinates": [[-95.3832550845221, 29.7379143842662], [-95.3831834222615, 29.7380213563763], [-95.3831012315514, 29.7381165799611], [-95.3830089170721, 29.7381886028226], [-95.3828922034321, 29.7382695207464], [-95.3827765723273, 29.7383198980146], [-95.3826433760193, 29.7383717089628], [-95.38238594216, 29.7384567963232], [-95.382297353764, 29.7384944871302], [-95.3822013163498, 29.738535285097], [-95.3820641591055, 29.7385935511135], [-95.3818124782502, 29.7388757688691]]}, "properties": {"centerlineid": 10137312, "roadclass": "LOCAL", "fullname": "MILAM ST", "fromleft": 3801, "toleft": 3825, "fromright": 3800, "toright": 3824, "onewaydir": "TF"}}, {"type": "Feature", "geometry": {"type": "LineString", "coordinates": [[-95.3818124782502, 29.7388757688691], [-95.3814726439749, 29.7387772119824], [-95.3814188052794, 29.7387607126768], [-95.3813656351291, 29.7387426374786], [-95.3813131940696, 29.7387230069704], [-95.3812615418163, 29.7387018435059], [-95.3812107371861, 29.7386791711844], [-95.3811608380308, 29.7386550158232], [-95.3811119011709, 29.7386294049286], [-95.3810639823309, 29.7386023676641], [-95.3808434254717, 29.7384732647424]]}, "properties": {"centerlineid": 10137465, "roadclass": "MAJOR", "fullname": "ALABAMA ST", "fromleft": 801, "toleft": 899, "fromright": 800, "toright": 898, "onewaydir": " "}}, {"type": "Feature", "geometry": {"type": "LineString", "coordinates": [[-95.3785393574533, 29.7397665730006], [-95.3791040886462, 29.7390551380163]]}, "properties": {"centerlineid": 10137607, "roadclass": "MAJOR", "fullname": "MAIN ST", "fromleft": 3501, "toleft": 3599, "fromright": 3500, "toright": 3598, "onewaydir": " "}}, {"type": "Feature", "geometry": {"type": "LineString", "coordinates": [[-95.3788980421479, 29.734481199056], [-95.3781656228183, 29.7340522286495], [-95.3780282619733, 29.7339682728611]]}, "properties": {"centerlineid": 10137648, "roadclass": "LOCAL", "fullname": "CLEBURNE ST", "fromleft": 1301, "toleft": 1399, "fromright": 1300, "toright": 1398, "onewaydir": " "}}, {"type": "Feature", "geometry": {"type": "LineString", "coordinates": [[-95.3937452168266, 29.7378528220641], [-95.3937219174054, 29.7369990752905]]}, "properties": {"centerlineid": 10136682, "roadclass": "PRIVATE", "fullname": "MT VERNON ST", "fromleft": 3901, "toleft": 3999, "fromright": 3900, "toright": 3998, "onewaydir": " "}}, {"type": "Feature", "geometry": {"type": "LineString", "coordinates": [[-95.4012901835469, 29.7437776023207], [-95.4020913059966, 29.743770046876]]}, "properties": {"centerlineid": 10133749, "roadclass": "LOCAL", "fullname": "MISSOURI ST", "fromleft": 1853, "toleft": 1899, "fromright": 1852, "toright": 1898, "onewaydir": " "}}, {"type": "Feature", "geometry": {"type": "LineString", "coordinates": [[-95.4097053916104, 29.7426732670739], [-95.4102548472728, 29.7426294242795]]}, "properties": {"centerlineid": 10133765, "roadclass": "MAJOR", "fullname": "WESTHEIMER RD", "fromleft": 2033, "toleft": 2037, "fromright": 2032, "toright": 2036, "onewaydir": " "}}, {"type": "Feature", "geometry": {"type": "LineString", "coordinates": [[-95.402572027929, 29.7507947921786], [-95.4030144648427, 29.7507909471177]]}, "properties": {"centerlineid": 10133832, "roadclass": "LOCAL", "fullname": "HADDON ST", "fromleft": 1823, "toleft": 1899, "fromright": 1822, "toright": 1898, "onewaydir": " "}}, {"type": "Feature", "geometry": {"type": "LineString", "coordinates": [[-95.402144686001, 29.7482256101696], [-95.4022363911856, 29.7482251412835], [-95.4025567650182, 29.7482237421251]]}, "properties": {"centerlineid": 10133881, "roadclass": "LOCAL", "fullname": "WELCH ST", "fromleft": 1901, "toleft": 1903, "fromright": 1900, "toright": 1902, "onewaydir": " "}}, {"type": "Feature", "geometry": {"type": "LineString", "coordinates": [[-95.4097206907807, 29.7446818281095], [-95.4097056454749, 29.7426842043019], [-95.4097053916104, 29.7426732670739]]}, "properties": {"centerlineid": 10133894, "roadclass": "LOCAL", "fullname": "HULDY ST", "fromleft": 2401, "toleft": 2599, "fromright": 2400, "toright": 2598, "onewaydir": " "}}, {"type": "Feature", "geometry": {"type": "LineString", "coordinates": [[-95.3840098051849, 29.7527059740082], [-95.3840020383287, 29.752034702169]]}, "properties": {"centerlineid": 10134101, "roadclass": "LOCAL", "fullname": "GENESEE ST", "fromleft": 1801, "toleft": 1899, "fromright": 1800, "toright": 1898, "onewaydir": " "}}, {"type": "Feature", "geometry": {"type": "LineString", "coordinates": [[-95.4070734551188, 29.735995799335], [-95.407065673428, 29.735446357637], [-95.407065697837, 29.7351565551241]]}, "properties": {"centerlineid": 10132054, "roadclass": "LOCAL", "fullname": "HAZARD ST", "fromleft": 4101, "toleft": 4199, "fromright": 4100, "toright": 4198, "onewaydir": " "}}, {"type": "Feature", "geometry": {"type": "LineString", "coordinates": [[-95.4035105418412, 29.7368959455848], [-95.4045099134478, 29.7368922561122]]}, "properties": {"centerlineid": 10132126, "roadclass": "LOCAL", "fullname": "BRANARD ST", "fromleft": 1701, "toleft": 1799, "fromright": 1700, "toright": 1798, "onewaydir": " "}}, {"type": "Feature", "geometry": {"type": "LineString", "coordinates": [[-95.4114678031557, 29.7342238140951], [-95.4114296780516, 29.7333998544161]]}, "properties": {"centerlineid": 10132186, "roadclass": "LOCAL", "fullname": "S SANDMAN ST", "fromleft": 3601, "toleft": 3699, "fromright": 3600, "toright": 3698, "onewaydir": " "}}, {"type": "Feature", "geometry": {"type": "LineString", "coordinates": [[-95.4128945825997, 29.7350897106412], [-95.4129023057956, 29.7349867885823], [-95.4128870512912, 29.7342199144684]]}, "properties": {"centerlineid": 10132196, "roadclass": "LOCAL", "fullname": "GREENBRIAR DR", "fromleft": 3501, "toleft": 3599, "fromright": 3500, "toright": 3598, "onewaydir": " "}}, {"type": "Feature", "geometry": {"type": "LineString", "coordinates": [[-95.410689708932, 29.7376685131663], [-95.4109491579318, 29.7376646263591], [-95.4128030801744, 29.7376454820731], [-95.4129251155259, 29.7376340494718]]}, "properties": {"centerlineid": 10132320, "roadclass": "LOCAL", "fullname": "SUL ROSS ST", "fromleft": 2101, "toleft": 2199, "fromright": 2100, "toright": 2198, "onewaydir": " "}}, {"type": "Feature", "geometry": {"type": "LineString", "coordinates": [[-95.4019616807671, 29.7360623955095], [-95.4019539292395, 29.7355264443244], [-95.4019539372024, 29.7352042648174]]}, "properties": {"centerlineid": 10132350, "roadclass": "MAJOR", "fullname": "DUNLAVY ST", "fromleft": 4101, "toleft": 4199, "fromright": 4100, "toright": 4198, "onewaydir": " "}}, {"type": "Feature", "geometry": {"type": "LineString", "coordinates": [[-95.382163438601, 29.7514606307031], [-95.3821634233337, 29.7514204401643]]}, "properties": {"centerlineid": 10135722, "roadclass": "LOCAL", "fullname": "BAILEY ST", "fromleft": 1931, "toleft": 1999, "fromright": 1930, "toright": 1998, "onewaydir": " "}}, {"type": "Feature", "geometry": {"type": "LineString", "coordinates": [[-95.3784937184419, 29.7414563970455], [-95.3783792058084, 29.7413877115829]]}, "properties": {"centerlineid": 10135735, "roadclass": "LOCAL", "fullname": "STUART ST", "fromleft": 901, "toleft": 905, "fromright": 900, "toright": 904, "onewaydir": " "}}, {"type": "Feature", "geometry": {"type": "LineString", "coordinates": [[-95.382163401369, 29.7520479146119], [-95.3821634027794, 29.7519817653547], [-95.382163438601, 29.7514606307031]]}, "properties": {"centerlineid": 10135958, "roadclass": "LOCAL", "fullname": "BAILEY ST", "fromleft": 1901, "toleft": 1929, "fromright": 1900, "toright": 1928, "onewaydir": " "}}, {"type": "Feature", "geometry": {"type": "LineString", "coordinates": [[-95.3888543579354, 29.744515723607], [-95.388839066221, 29.7435697498079], [-95.388884914853, 29.7434611098452]]}, "properties": {"centerlineid": 10134120, "roadclass": "LOCAL", "fullname": "STANFORD ST", "fromleft": 2801, "toleft": 3299, "fromright": 2800, "toright": 3298, "onewaydir": " "}}, {"type": "Feature", "geometry": {"type": "LineString", "coordinates": [[-95.3921350127965, 29.7525286817576], [-95.3921284028558, 29.7517655231529]]}, "properties": {"centerlineid": 10134131, "roadclass": "MAJOR", "fullname": "MONTROSE BLVD", "fromleft": 1701, "toleft": 1899, "fromright": 1700, "toright": 1898, "onewaydir": " "}}, {"type": "Feature", "geometry": {"type": "LineString", "coordinates": [[-95.3840248553621, 29.7532515179322], [-95.3840098051849, 29.7527059740082]]}, "properties": {"centerlineid": 10134308, "roadclass": "LOCAL", "fullname": "GENESEE ST", "fromleft": 1701, "toleft": 1799, "fromright": 1700, "toright": 1798, "onewaydir": " "}}, {"type": "Feature", "geometry": {"type": "LineString", "coordinates": [[-95.3896578811581, 29.7474423383381], [-95.3896554741721, 29.746709402831]]}, "properties": {"centerlineid": 10134337, "roadclass": "LOCAL", "fullname": "CROCKER ST", "fromleft": 2501, "toleft": 2599, "fromright": 2500, "toright": 2598, "onewaydir": " "}}, {"type": "Feature", "geometry": {"type": "LineString", "coordinates": [[-95.391227120024, 29.7423720753997], [-95.3926157379706, 29.742345371889]]}, "properties": {"centerlineid": 10134376, "roadclass": "LOCAL", "fullname": "HAWTHORNE ST", "fromleft": 1001, "toleft": 1099, "fromright": 1000, "toright": 1098, "onewaydir": " "}}, {"type": "Feature", "geometry": {"type": "LineString", "coordinates": [[-95.3911356135459, 29.7519756091016], [-95.3911584375716, 29.7519468254996], [-95.3911659671078, 29.7519087429567], [-95.3911824227243, 29.7517762097556]]}, "properties": {"centerlineid": 10134388, "roadclass": "LOCAL", "fullname": "GRANT ST", "fromleft": 1701, "toleft": 1799, "fromright": 1700, "toright": 1798, "onewaydir": " "}}, {"type": "Feature", "geometry": {"type": "LineString", "coordinates": [[-95.383061552386, 29.7514152799267], [-95.383040771853, 29.7507833917012]]}, "properties": {"centerlineid": 10134396, "roadclass": "LOCAL", "fullname": "GILLETTE ST", "fromleft": 2001, "toleft": 2099, "fromright": 2000, "toright": 2098, "onewaydir": " "}}, {"type": "Feature", "geometry": {"type": "LineString", "coordinates": [[-95.3975137112433, 29.7404207237768], [-95.3975137124866, 29.7395662437588]]}, "properties": {"centerlineid": 10136633, "roadclass": "LOCAL", "fullname": "MULBERRY ST", "fromleft": 3601, "toleft": 3699, "fromright": 3600, "toright": 3698, "onewaydir": " "}}, {"type": "Feature", "geometry": {"type": "LineString", "coordinates": [[-95.399306670126, 29.737786727555], [-95.3992914050171, 29.7369399781482]]}, "properties": {"centerlineid": 10136686, "roadclass": "LOCAL", "fullname": "MANDELL ST", "fromleft": 3901, "toleft": 3999, "fromright": 3900, "toright": 3998, "onewaydir": " "}}, {"type": "Feature", "geometry": {"type": "LineString", "coordinates": [[-95.3937600340726, 29.739606387061], [-95.3947594296302, 29.7395968158424]]}, "properties": {"centerlineid": 10136779, "roadclass": "LOCAL", "fullname": "MARSHALL ST", "fromleft": 1201, "toleft": 1299, "fromright": 1200, "toright": 1298, "onewaydir": " "}}, {"type": "Feature", "geometry": {"type": "LineString", "coordinates": [[-95.3957359900993, 29.7395833200988], [-95.3957207303172, 29.7387251724354]]}, "properties": {"centerlineid": 10136901, "roadclass": "LOCAL", "fullname": "YUPON ST", "fromleft": 3701, "toleft": 3799, "fromright": 3700, "toright": 3798, "onewaydir": " "}}, {"type": "Feature", "geometry": {"type": "LineString", "coordinates": [[-95.3993295229697, 29.7395452377322], [-95.3993219845828, 29.7386985102419]]}, "properties": {"centerlineid": 10136903, "roadclass": "LOCAL", "fullname": "MANDELL ST", "fromleft": 3701, "toleft": 3799, "fromright": 3700, "toright": 3798, "onewaydir": " "}}, {"type": "Feature", "geometry": {"type": "LineString", "coordinates": [[-95.3871669271007, 29.7515687471721], [-95.3873285457088, 29.7515653441814]]}, "properties": {"centerlineid": 10134624, "roadclass": "LOCAL", "fullname": "BOMAR ST", "fromleft": 425, "toleft": 499, "fromright": 424, "toright": 498, "onewaydir": " "}}, {"type": "Feature", "geometry": {"type": "LineString", "coordinates": [[-95.3865349869015, 29.751578786354], [-95.3865349806951, 29.7509513117896], [-95.3865427462693, 29.7509036548744]]}, "properties": {"centerlineid": 10134643, "roadclass": "LOCAL", "fullname": "MORGAN ST", "fromleft": 1901, "toleft": 1999, "fromright": 1900, "toright": 1998, "onewaydir": " "}}, {"type": "Feature", "geometry": {"type": "LineString", "coordinates": [[-95.3844369496347, 29.7362492968654], [-95.3842767663203, 29.736215063848]]}, "properties": {"centerlineid": 10136941, "roadclass": "LOCAL", "fullname": "W MAIN ST", "fromleft": 301, "toleft": 399, "fromright": 300, "toright": 398, "onewaydir": " "}}, {"type": "Feature", "geometry": {"type": "LineString", "coordinates": [[-95.3869739383752, 29.7388569298599], [-95.3879322902185, 29.7388268847146]]}, "properties": {"centerlineid": 10137099, "roadclass": "MAJOR", "fullname": "W ALABAMA ST", "fromleft": 613, "toleft": 699, "fromright": 612, "toright": 698, "onewaydir": " "}}, {"type": "Feature", "geometry": {"type": "LineString", "coordinates": [[-95.3836688552547, 29.7364989454907], [-95.3832396222845, 29.7368733098462], [-95.3830502120877, 29.7370286908285], [-95.3828952357141, 29.737139145465], [-95.3827651952059, 29.737225436686], [-95.3826286892937, 29.7373080225339], [-95.3825028663187, 29.7373711446077], [-95.3822818999283, 29.7374697853782]]}, "properties": {"centerlineid": 10137118, "roadclass": "RAMP", "fullname": "SPUR 527 TO TRAVIS", "fromleft": 0, "toleft": 0, "fromright": 0, "toright": 0, "onewaydir": "FT"}}, {"type": "Feature", "geometry": {"type": "LineString", "coordinates": [[-95.3803704239839, 29.7342676084616], [-95.3804849966808, 29.7341149618401], [-95.3808128701404, 29.7336935317025]]}, "properties": {"centerlineid": 10137279, "roadclass": "LOCAL", "fullname": "SAN JACINTO ST", "fromleft": 4201, "toleft": 4299, "fromright": 4200, "toright": 4298, "onewaydir": "TF"}}, {"type": "Feature", "geometry": {"type": "LineString", "coordinates": [[-95.3794166883087, 29.7403025381859], [-95.3785393574533, 29.7397665730006]]}, "properties": {"centerlineid": 10137308, "roadclass": "LOCAL", "fullname": "HOLMAN ST", "fromleft": 901, "toleft": 999, "fromright": 900, "toright": 998, "onewaydir": " "}}, {"type": "Feature", "geometry": {"type": "LineString", "coordinates": [[-95.3791191675473, 29.7374166323625], [-95.3782724064203, 29.7368806510443]]}, "properties": {"centerlineid": 10137475, "roadclass": "MAJOR", "fullname": "ALABAMA ST", "fromleft": 1101, "toleft": 1199, "fromright": 1100, "toright": 1198, "onewaydir": " "}}, {"type": "Feature", "geometry": {"type": "LineString", "coordinates": [[-95.3820760501291, 29.7352991250681], [-95.3811868202015, 29.7347636814311]]}, "properties": {"centerlineid": 10137639, "roadclass": "LOCAL", "fullname": "EAGLE ST", "fromleft": 1001, "toleft": 1099, "fromright": 1000, "toright": 1098, "onewaydir": " "}}, {"type": "Feature", "geometry": {"type": "LineString", "coordinates": [[-95.3821252939816, 29.7336058980405], [-95.3812783482462, 29.7331041679246]]}, "properties": {"centerlineid": 10137645, "roadclass": "MAJOR", "fullname": "WHEELER ST", "fromleft": 1101, "toleft": 1199, "fromright": 1100, "toright": 1198, "onewaydir": " "}}, {"type": "Feature", "geometry": {"type": "LineString", "coordinates": [[-95.3995046846681, 29.7344255561777], [-95.3995272629081, 29.7342713974973], [-95.3995202249924, 29.7335504883239]]}, "properties": {"centerlineid": 10136879, "roadclass": "LOCAL", "fullname": "MANDELL ST", "fromleft": 4301, "toleft": 4399, "fromright": 4300, "toright": 4398, "onewaydir": " "}}, {"type": "Feature", "geometry": {"type": "LineString", "coordinates": [[-95.4116568119545, 29.7461173833427], [-95.411215223408, 29.7461215442759]]}, "properties": {"centerlineid": 1048795, "roadclass": "LOCAL", "fullname": "AVALON CT", "fromleft": 0, "toleft": 0, "fromright": 0, "toright": 0, "onewaydir": " "}}, {"type": "Feature", "geometry": {"type": "LineString", "coordinates": [[-95.411215223408, 29.7461215442759], [-95.4112107457056, 29.7458848492683]]}, "properties": {"centerlineid": 1092393, "roadclass": "LOCAL", "fullname": "AVALON CT", "fromleft": 0, "toleft": 0, "fromright": 0, "toright": 0, "onewaydir": " "}}, {"type": "Feature", "geometry": {"type": "LineString", "coordinates": [[-95.4112150704868, 29.7464215097979], [-95.411215223408, 29.7461215442759]]}, "properties": {"centerlineid": 1092237, "roadclass": "LOCAL", "fullname": "AVALON CT", "fromleft": 0, "toleft": 0, "fromright": 0, "toright": 0, "onewaydir": " "}}, {"type": "Feature", "geometry": {"type": "LineString", "coordinates": [[-95.3842143993927, 29.7359686190646], [-95.3846721014975, 29.735403662031], [-95.3853546635711, 29.7345381240935], [-95.3862416467502, 29.7333406313822], [-95.3865116921604, 29.7330126445574], [-95.3869348234715, 29.7326317561796], [-95.3872327864529, 29.732421760831], [-95.3875215477366, 29.7323011374808], [-95.387852390788, 29.7321773096749], [-95.3881328796493, 29.7321136421142], [-95.3888544404156, 29.732045813786], [-95.3896511511311, 29.731981873341], [-95.3910918808312, 29.7318931794809], [-95.3946940883403, 29.7315968990108], [-95.3987376992376, 29.7312667990161], [-95.399496610633, 29.73123118488], [-95.4014417134195, 29.7311398871369], [-95.4021151602459, 29.7311089581752], [-95.404431188745, 29.7309998315563], [-95.4064300099675, 29.7309056202256], [-95.4070039205904, 29.7309010203325], [-95.4128455270063, 29.7308199088257], [-95.4139720082828, 29.7307249375438], [-95.4152444909036, 29.7306474540087], [-95.4153443572846, 29.7306449563033], [-95.4160837109761, 29.7306264629856], [-95.4170950092454, 29.7306096078709], [-95.4172204762217, 29.7306075159246], [-95.4184636497033, 29.7305790419415], [-95.418661937516, 29.7305744995138], [-95.418820350655, 29.7305708699374], [-95.4227898311553, 29.7305600632605], [-95.4228892080329, 29.7305598250263], [-95.4235145797376, 29.7305302954365], [-95.4235757544571, 29.7305274062534], [-95.4236075371678, 29.7305257182453], [-95.4241174160053, 29.7304986516243], [-95.4247078411941, 29.7304572870362], [-95.4252303687711, 29.7303927503677], [-95.4259407570159, 29.730282769506], [-95.4270649718227, 29.7300941300802], [-95.4279203917678, 29.7299329849484], [-95.428125188303, 29.7299004405483], [-95.4283262275461, 29.729868492983], [-95.4288018301454, 29.7297929129886], [-95.4296356325045, 29.7296717057034], [-95.4315006565682, 29.7294005737049], [-95.4316035125348, 29.729390532792], [-95.4317017903076, 29.7293718496173], [-95.4318488355079, 29.7293544642674], [-95.4320251394804, 29.7293378603432], [-95.4321720344915, 29.7293247301908], [-95.433381383971, 29.7292675907348], [-95.4334953894449, 29.7292578271852], [-95.4337803268598, 29.729249802426], [-95.4344304168516, 29.7292314913099], [-95.4357456638121, 29.7291685083281], [-95.4365079109839, 29.7291461845917], [-95.4370020903452, 29.7291124670451], [-95.4382237778345, 29.7290050381513], [-95.4394408588415, 29.7289387679165], [-95.4404162574628, 29.7289092772649], [-95.4412043739374, 29.7288736757429], [-95.441423831546, 29.7288677496042], [-95.4414605702036, 29.7288667577308], [-95.441639781686, 29.7288662365844], [-95.4416878505339, 29.72886609626], [-95.4423795909418, 29.7289116358445], [-95.4426721668432, 29.7289308959091], [-95.4430156855258, 29.7289722709101], [-95.4434960863677, 29.7290301312755], [-95.4442971877999, 29.7291387575796], [-95.4448433729618, 29.7292476130129], [-95.445273787645, 29.7293333940024], [-95.4461743769475, 29.7295118966083], [-95.4474838053101, 29.7297888369469], [-95.4477918259622, 29.7298441873893], [-95.4482002258713, 29.7299147820634], [-95.4484261964224, 29.7299459379255], [-95.449284358485, 29.7300378905709], [-95.449995987484, 29.7300944971272], [-95.4504526468621, 29.7301077797517], [-95.450926985895, 29.7301203478423], [-95.4514118094204, 29.7301278323209], [-95.4515526163182, 29.7301283668155], [-95.4528789198703, 29.7300943525806], [-95.4553027645463, 29.7300552702505], [-95.4560403892491, 29.7300176630532], [-95.4565984366948, 29.7299681604401], [-95.4570190163736, 29.7298721774043], [-95.4574100166109, 29.7297048178476], [-95.4576003424804, 29.7296233517383], [-95.4583240887477, 29.7292783229913], [-95.4587290586658, 29.7291605002547], [-95.4591991695721, 29.7290515383826], [-95.4592168453973, 29.7290477946003], [-95.4594987942454, 29.728982433408], [-95.4596736931357, 29.7289259174612], [-95.4598018577641, 29.7288698666154], [-95.4598870305548, 29.7288341147419], [-95.4599603004615, 29.7288049593988]]}, "properties": {"centerlineid": 10125975, "roadclass": "HOV", "fullname": "S US 59 HOV", "fromleft": 3797, "toleft": 4599, "fromright": 3796, "toright": 4598, "onewaydir": "N"}}, {"type": "Feature", "geometry": {"type": "LineString", "coordinates": [[-95.3820641591055, 29.7385935511135], [-95.3828260976432, 29.7382317025065], [-95.3829787055963, 29.7381359881977], [-95.3830971425744, 29.7380219866725], [-95.3831957141449, 29.7378858562411], [-95.3832773774596, 29.7376703251406], [-95.3833359008586, 29.7374993288861], [-95.3834209521255, 29.7373058359464], [-95.3836231469818, 29.7369336538631]]}, "properties": {"centerlineid": 10200150, "roadclass": "RAMP", "fullname": "MILAM SPUR 527 RAMP", "fromleft": 0, "toleft": 0, "fromright": 0, "toright": 0, "onewaydir": "FT"}}, {"type": "Feature", "geometry": {"type": "LineString", "coordinates": [[-95.3842143993927, 29.7359686190646], [-95.3833196792716, 29.737216287385], [-95.3827826605659, 29.73791365979], [-95.3827013607498, 29.7381024546785]]}, "properties": {"centerlineid": 10200960, "roadclass": "RAMP", "fullname": "BAGBY TO US 59 HOV", "fromleft": null, "toleft": null, "fromright": null, "toright": null, "onewaydir": null}}, {"type": "Feature", "geometry": {"type": "LineString", "coordinates": [[-95.3842143993927, 29.7359686190646], [-95.3832060074672, 29.7371958562776], [-95.3825065731558, 29.7380117006272]]}, "properties": {"centerlineid": 10200957, "roadclass": "RAMP", "fullname": "S US 59 HOV TO SPUR 527", "fromleft": null, "toleft": null, "fromright": null, "toright": null, "onewaydir": null}}, {"type": "Feature", "geometry": {"type": "LineString", "coordinates": [[-95.4070047412362, 29.7386010698293], [-95.4071115595582, 29.7386010505638]]}, "properties": {"centerlineid": 10201256, "roadclass": "MAJOR", "fullname": "W ALABAMA ST", "fromleft": 1897, "toleft": 1899, "fromright": 1896, "toright": 1898, "onewaydir": " "}}, {"type": "Feature", "geometry": {"type": "LineString", "coordinates": [[-95.4062876178796, 29.7386145368346], [-95.4070047412362, 29.7386010698293]]}, "properties": {"centerlineid": 10201257, "roadclass": "MAJOR", "fullname": "W ALABAMA ST", "fromleft": 1841, "toleft": 1895, "fromright": 1840, "toright": 1894, "onewaydir": " "}}, {"type": "Feature", "geometry": {"type": "LineString", "coordinates": [[-95.4107303351878, 29.7542293180137], [-95.4107263040093, 29.7540004628708]]}, "properties": {"centerlineid": 10201229, "roadclass": "MAJOR", "fullname": "S SHEPHERD DR", "fromleft": 1401, "toleft": 1419, "fromright": 1400, "toright": 1418, "onewaydir": " "}}, {"type": "Feature", "geometry": {"type": "LineString", "coordinates": [[-95.4116432827768, 29.7447007728051], [-95.4126047841428, 29.7447256384484]]}, "properties": {"centerlineid": 10203940, "roadclass": "LOCAL", "fullname": "FAIRVIEW AVE", "fromleft": 2121, "toleft": 2143, "fromright": 2120, "toright": 2142, "onewaydir": " "}}, {"type": "Feature", "geometry": {"type": "LineString", "coordinates": [[-95.4097206907807, 29.7446818281095], [-95.4097950914361, 29.7446814117095]]}, "properties": {"centerlineid": 10203943, "roadclass": "LOCAL", "fullname": "FAIRVIEW ST", "fromleft": 2035, "toleft": 2041, "fromright": 2034, "toright": 2040, "onewaydir": " "}}, {"type": "Feature", "geometry": {"type": "LineString", "coordinates": [[-95.4097950914361, 29.7446814117095], [-95.4100869169595, 29.7446797793334], [-95.4106516013924, 29.7446761625098]]}, "properties": {"centerlineid": 10203942, "roadclass": "LOCAL", "fullname": "FAIRVIEW AVE", "fromleft": 2043, "toleft": 2099, "fromright": 2042, "toright": 2098, "onewaydir": " "}}, {"type": "Feature", "geometry": {"type": "LineString", "coordinates": [[-95.410657411581, 29.7455181316234], [-95.4106516013924, 29.7446761625098]]}, "properties": {"centerlineid": 10203944, "roadclass": "MAJOR", "fullname": "S SHEPHERD DR", "fromleft": 2289, "toleft": 2399, "fromright": 2288, "toright": 2398, "onewaydir": " "}}, {"type": "Feature", "geometry": {"type": "LineString", "coordinates": [[-95.410666930415, 29.7468980974875], [-95.410657411581, 29.7455181316234]]}, "properties": {"centerlineid": 10203945, "roadclass": "MAJOR", "fullname": "S SHEPHERD DR", "fromleft": 2101, "toleft": 2287, "fromright": 2100, "toright": 2286, "onewaydir": " "}}, {"type": "Feature", "geometry": {"type": "LineString", "coordinates": [[-95.4107395220745, 29.7423721904731], [-95.4107431334085, 29.7421849625437]]}, "properties": {"centerlineid": 10203947, "roadclass": "MAJOR", "fullname": "S SHEPHERD DR", "fromleft": 2605, "toleft": 2605, "fromright": 2604, "toright": 2604, "onewaydir": " "}}, {"type": "Feature", "geometry": {"type": "LineString", "coordinates": [[-95.4107353704661, 29.7425874560737], [-95.4107395220745, 29.7423721904731]]}, "properties": {"centerlineid": 10203946, "roadclass": "MAJOR", "fullname": "S SHEPHERD DR", "fromleft": 2601, "toleft": 2603, "fromright": 2600, "toright": 2602, "onewaydir": " "}}, {"type": "Feature", "geometry": {"type": "LineString", "coordinates": [[-95.3926157379706, 29.742345371889], [-95.3926070040234, 29.7417641255578]]}, "properties": {"centerlineid": 10204407, "roadclass": "LOCAL", "fullname": "YOAKUM BLVD", "fromleft": 3401, "toleft": 3457, "fromright": 3400, "toright": 3456, "onewaydir": " "}}, {"type": "Feature", "geometry": {"type": "LineString", "coordinates": [[-95.3925699093116, 29.7387689872389], [-95.3925669947245, 29.7384301065554]]}, "properties": {"centerlineid": 10204410, "roadclass": "LOCAL", "fullname": "YOAKUM BLVD", "fromleft": 3801, "toleft": 3839, "fromright": 3800, "toright": 3838, "onewaydir": " "}}, {"type": "Feature", "geometry": {"type": "LineString", "coordinates": [[-95.3925669947245, 29.7384301065554], [-95.3925621496928, 29.7378668026513]]}, "properties": {"centerlineid": 10204409, "roadclass": "LOCAL", "fullname": "YOAKUM BLVD", "fromleft": 3841, "toleft": 3899, "fromright": 3840, "toright": 3898, "onewaydir": " "}}, {"type": "Feature", "geometry": {"type": "LineString", "coordinates": [[-95.3937778559333, 29.740745291843], [-95.3937753194134, 29.7404588127983]]}, "properties": {"centerlineid": 10204370, "roadclass": "LOCAL", "fullname": "MT VERNON ST", "fromleft": 3569, "toleft": 3599, "fromright": 3568, "toright": 3598, "onewaydir": " "}}, {"type": "Feature", "geometry": {"type": "LineString", "coordinates": [[-95.393782867717, 29.741311497205], [-95.3937778559333, 29.740745291843]]}, "properties": {"centerlineid": 10204369, "roadclass": "LOCAL", "fullname": "MT VERNON ST", "fromleft": 3501, "toleft": 3567, "fromright": 3500, "toright": 3566, "onewaydir": " "}}, {"type": "Feature", "geometry": {"type": "LineString", "coordinates": [[-95.3937503451306, 29.7390688096749], [-95.3937447687032, 29.7387594026349]]}, "properties": {"centerlineid": 10204372, "roadclass": "LOCAL", "fullname": "MT VERNON ST", "fromleft": 3765, "toleft": 3799, "fromright": 3764, "toright": 3798, "onewaydir": " "}}, {"type": "Feature", "geometry": {"type": "LineString", "coordinates": [[-95.3937600340726, 29.739606387061], [-95.3937503451306, 29.7390688096749]]}, "properties": {"centerlineid": 10204371, "roadclass": "LOCAL", "fullname": "MT VERNON ST", "fromleft": 3701, "toleft": 3763, "fromright": 3700, "toright": 3762, "onewaydir": " "}}, {"type": "Feature", "geometry": {"type": "LineString", "coordinates": [[-95.3912043090617, 29.7404836865022], [-95.3925851975118, 29.7404818954543]]}, "properties": {"centerlineid": 10204376, "roadclass": "LOCAL", "fullname": "KIPLING ST", "fromleft": 1001, "toleft": 1099, "fromright": 1000, "toright": 1098, "onewaydir": " "}}, {"type": "Feature", "geometry": {"type": "LineString", "coordinates": [[-95.3926004617663, 29.7413286462628], [-95.3931480456857, 29.7413207063383]]}, "properties": {"centerlineid": 10204427, "roadclass": "LOCAL", "fullname": "HAROLD ST", "fromleft": 1101, "toleft": 1147, "fromright": 1100, "toright": 1146, "onewaydir": " "}}, {"type": "Feature", "geometry": {"type": "LineString", "coordinates": [[-95.3931480456857, 29.7413207063383], [-95.393782867717, 29.741311497205]]}, "properties": {"centerlineid": 10204428, "roadclass": "LOCAL", "fullname": "HAROLD ST", "fromleft": 1149, "toleft": 1199, "fromright": 1148, "toright": 1198, "onewaydir": " "}}, {"type": "Feature", "geometry": {"type": "LineString", "coordinates": [[-95.3912195952471, 29.7413400215798], [-95.3915726044323, 29.7413371136517]]}, "properties": {"centerlineid": 10204430, "roadclass": "LOCAL", "fullname": "HAROLD ST", "fromleft": 1001, "toleft": 1027, "fromright": 1000, "toright": 1026, "onewaydir": " "}}, {"type": "Feature", "geometry": {"type": "LineString", "coordinates": [[-95.3915726044323, 29.7413371136517], [-95.3926004617663, 29.7413286462628]]}, "properties": {"centerlineid": 10204429, "roadclass": "LOCAL", "fullname": "HAROLD ST", "fromleft": 1029, "toleft": 1099, "fromright": 1028, "toright": 1098, "onewaydir": " "}}, {"type": "Feature", "geometry": {"type": "LineString", "coordinates": [[-95.4001236754757, 29.747959519655], [-95.402037885563, 29.7470564119061], [-95.4021293770914, 29.7470030488444]]}, "properties": {"centerlineid": 10204434, "roadclass": "LOCAL", "fullname": "INDIANA ST", "fromleft": 1701, "toleft": 1799, "fromright": 1700, "toright": 1798, "onewaydir": " "}}, {"type": "Feature", "geometry": {"type": "LineString", "coordinates": [[-95.3975136792904, 29.7492078641805], [-95.3976205075451, 29.7491565435849], [-95.3990431194821, 29.7484732329006]]}, "properties": {"centerlineid": 10204436, "roadclass": "LOCAL", "fullname": "INDIANA ST", "fromleft": 1501, "toleft": 1599, "fromright": 1500, "toright": 1598, "onewaydir": " "}}, {"type": "Feature", "geometry": {"type": "LineString", "coordinates": [[-95.398993856313, 29.7461713685243], [-95.3999863660646, 29.7456845576322]]}, "properties": {"centerlineid": 10204472, "roadclass": "LOCAL", "fullname": "FAIRVIEW AVE", "fromleft": 1701, "toleft": 1799, "fromright": 1700, "toright": 1798, "onewaydir": " "}}, {"type": "Feature", "geometry": {"type": "LineString", "coordinates": [[-95.3963938932863, 29.7473851856598], [-95.3977044378426, 29.7467780408708], [-95.3979273057444, 29.7466782941582]]}, "properties": {"centerlineid": 10204474, "roadclass": "LOCAL", "fullname": "FAIRVIEW AVE", "fromleft": 1501, "toleft": 1597, "fromright": 1500, "toright": 1596, "onewaydir": ""}}, {"type": "Feature", "geometry": {"type": "LineString", "coordinates": [[-95.4005048501615, 29.7485669742006], [-95.4001262697794, 29.7479533145436]]}, "properties": {"centerlineid": 10204477, "roadclass": "LOCAL", "fullname": "WINDSOR ST", "fromleft": 2001, "toleft": 2099, "fromright": 2000, "toright": 2098, "onewaydir": " "}}, {"type": "Feature", "geometry": {"type": "LineString", "coordinates": [[-95.4102548472728, 29.7426294242795], [-95.4104833174471, 29.7426094705975]]}, "properties": {"centerlineid": 10204512, "roadclass": "MAJOR", "fullname": "WESTHEIMER RD", "fromleft": 2039, "toleft": 2069, "fromright": 2038, "toright": 2068, "onewaydir": " "}}, {"type": "Feature", "geometry": {"type": "LineString", "coordinates": [[-95.4104833174471, 29.7426094705975], [-95.4107353704661, 29.7425874560737]]}, "properties": {"centerlineid": 10204513, "roadclass": "MAJOR", "fullname": "WESTHEIMER RD", "fromleft": 2071, "toleft": 2099, "fromright": 2070, "toright": 2098, "onewaydir": " "}}, {"type": "Feature", "geometry": {"type": "LineString", "coordinates": [[-95.3839792371158, 29.7483241700878], [-95.3838475606579, 29.7483589817331], [-95.3837575660549, 29.7483728248848], [-95.3836571243778, 29.7483657741281], [-95.3835977060336, 29.748349696756]]}, "properties": {"centerlineid": 10205588, "roadclass": "LOCAL", "fullname": "TUAM ST", "fromleft": 0, "toleft": 0, "fromright": 80, "toright": 90, "onewaydir": ""}}, {"type": "Feature", "geometry": {"type": "LineString", "coordinates": [[-95.3839792378101, 29.7486472393456], [-95.3836663856499, 29.7484544473881], [-95.3835987721372, 29.7483513210423]]}, "properties": {"centerlineid": 10205587, "roadclass": "LOCAL", "fullname": "TUAM ST", "fromleft": 81, "toleft": 91, "fromright": 0, "toright": 0, "onewaydir": ""}}, {"type": "Feature", "geometry": {"type": "LineString", "coordinates": [[-95.4097740846912, 29.7481436764071], [-95.4099039068064, 29.7481340842541], [-95.4101633510501, 29.7481341045148], [-95.4105829438736, 29.7481322754699], [-95.4106819775882, 29.7481340913775]]}, "properties": {"centerlineid": 10205596, "roadclass": "LOCAL", "fullname": "WELCH ST", "fromleft": 2029, "toleft": 2099, "fromright": 2028, "toright": 2098, "onewaydir": " "}}, {"type": "Feature", "geometry": {"type": "LineString", "coordinates": [[-95.4097818192075, 29.7491145583917], [-95.4101786491449, 29.749106770993], [-95.4105448163616, 29.749099276893], [-95.4106744416294, 29.7490800955484]]}, "properties": {"centerlineid": 10205597, "roadclass": "MAJOR", "fullname": "VERMONT ST", "fromleft": 2031, "toleft": 2099, "fromright": 2030, "toright": 2098, "onewaydir": " "}}, {"type": "Feature", "geometry": {"type": "LineString", "coordinates": [[-95.4098199584514, 29.750716564483], [-95.4102167580109, 29.7507128674184], [-95.4104912075191, 29.7507108256963], [-95.4107050160397, 29.7507051098101]]}, "properties": {"centerlineid": 10205598, "roadclass": "LOCAL", "fullname": "HADDON ST", "fromleft": 2051, "toleft": 2099, "fromright": 2050, "toright": 2098, "onewaydir": " "}}, {"type": "Feature", "geometry": {"type": "LineString", "coordinates": [[-95.4083550693428, 29.75232833826], [-95.4093551900761, 29.7523035758147], [-95.409400639024, 29.7523012671464], [-95.4094458499549, 29.7522966023822], [-95.4094906625972, 29.7522895980584], [-95.4095349180909, 29.7522802790053], [-95.4095784595514, 29.7522686782587], [-95.4096211326255, 29.752254836943], [-95.4096627860384, 29.7522388041253], [-95.4097032721304, 29.7522206366415], [-95.4097131391354, 29.7522158809783], [-95.4099648323646, 29.7520956341932], [-95.4101249991153, 29.7520403822459], [-95.4102395638026, 29.7520251238359], [-95.4102776580228, 29.7520212146682], [-95.4104455926458, 29.7520193860351], [-95.4107125535666, 29.7520212345639]]}, "properties": {"centerlineid": 10205600, "roadclass": "LOCAL", "fullname": "PEDEN ST", "fromleft": 2001, "toleft": 2099, "fromright": 2000, "toright": 2098, "onewaydir": " "}}, {"type": "Feature", "geometry": {"type": "LineString", "coordinates": [[-95.3939334574854, 29.7436878261876], [-95.3938191764407, 29.7435916047501], [-95.3936530296699, 29.7434916017097], [-95.3935045897584, 29.7434326736774]]}, "properties": {"centerlineid": 10206453, "roadclass": "MAJOR", "fullname": "COMMONWEALTH ST", "fromleft": 2867, "toleft": 2899, "fromright": 2866, "toright": 2898, "onewaydir": "FT"}}, {"type": "Feature", "geometry": {"type": "LineString", "coordinates": [[-95.3943779148728, 29.7441572647229], [-95.3943094958665, 29.7440600630333], [-95.3941903260671, 29.7439311818816], [-95.394079536829, 29.7438135615801], [-95.3939334574854, 29.7436878261876]]}, "properties": {"centerlineid": 10206454, "roadclass": "MAJOR", "fullname": "COMMONWEALTH ST", "fromleft": 2801, "toleft": 2865, "fromright": 2800, "toright": 2864, "onewaydir": "FT"}}, {"type": "Feature", "geometry": {"type": "LineString", "coordinates": [[-95.3935045897584, 29.7434326736774], [-95.3936203526613, 29.7434095193267], [-95.3938058853316, 29.7434095441785], [-95.3938099706565, 29.7434095604901]]}, "properties": {"centerlineid": 10206455, "roadclass": "MAJOR", "fullname": "LOVETT BLVD", "fromleft": 1201, "toleft": 1225, "fromright": 1200, "toright": 1224, "onewaydir": " "}}, {"type": "Feature", "geometry": {"type": "LineString", "coordinates": [[-95.3938099706565, 29.7434095604901], [-95.3948053227977, 29.7434134160864]]}, "properties": {"centerlineid": 10206456, "roadclass": "MAJOR", "fullname": "LOVETT BLVD", "fromleft": 1227, "toleft": 1299, "fromright": 1226, "toright": 1298, "onewaydir": " "}}, {"type": "Feature", "geometry": {"type": "LineString", "coordinates": [[-95.3786721933644, 29.7527048119016], [-95.3789550157594, 29.7527051562736]]}, "properties": {"centerlineid": 10206545, "roadclass": "LOCAL", "fullname": "ONEIL ST", "fromleft": 1101, "toleft": 1199, "fromright": 1100, "toright": 1198, "onewaydir": " "}}, {"type": "Feature", "geometry": {"type": "LineString", "coordinates": [[-95.3779288234291, 29.7537614730157], [-95.3776620300177, 29.7536081810779]]}, "properties": {"centerlineid": 10206551, "roadclass": "LOCAL", "fullname": "PIERCE ST", "fromleft": 165, "toleft": 199, "fromright": 164, "toright": 198, "onewaydir": "FT"}}, {"type": "Feature", "geometry": {"type": "LineString", "coordinates": [[-95.3955377160037, 29.7361185242007], [-95.3955377532985, 29.7356257167913], [-95.3955377305344, 29.7354121073589], [-95.3955377577425, 29.7353509844712], [-95.3955149126095, 29.7352975723817]]}, "properties": {"centerlineid": 10210876, "roadclass": "LOCAL", "fullname": "YUPON ST", "fromleft": 4105, "toleft": 4199, "fromright": 4104, "toright": 4198, "onewaydir": " "}}, {"type": "Feature", "geometry": {"type": "LineString", "coordinates": [[-95.3956903815734, 29.7369723660191], [-95.3956903852604, 29.736596551363], [-95.3956597807387, 29.7364610134265], [-95.3955986547234, 29.7363506112112], [-95.3955452435925, 29.7362435782225], [-95.3955377154264, 29.7361368037206], [-95.3955377160037, 29.7361185242007]]}, "properties": {"centerlineid": 10210877, "roadclass": "LOCAL", "fullname": "YUPON ST", "fromleft": 4001, "toleft": 4103, "fromright": 4000, "toright": 4102, "onewaydir": " "}}, {"type": "Feature", "geometry": {"type": "LineString", "coordinates": [[-95.3931661698173, 29.7455124942004], [-95.393129952614, 29.7454898558571], [-95.393094657067, 29.7454661348576], [-95.3930603256559, 29.7454413597516], [-95.3930269997, 29.7454155603573], [-95.3929947193081, 29.7453887677259], [-95.3929635233307, 29.7453610141038], [-95.3929334493132, 29.7453323328939], [-95.3929045334502, 29.7453027586157], [-95.3928768105425, 29.7452723268636], [-95.3928503139552, 29.7452410742636], [-95.3928250755771, 29.7452090384299], [-95.3928011257826, 29.7451762579192], [-95.3927784933953, 29.7451427721846], [-95.3927572056531, 29.7451086215278], [-95.3927372881755, 29.7450738470505], [-95.3927187649326, 29.7450384906057]]}, "properties": {"centerlineid": 10213854, "roadclass": "LOCAL", "fullname": "WAUGH DR", "fromleft": 2701, "toleft": 2749, "fromright": 2700, "toright": 2748, "onewaydir": null}}, {"type": "Feature", "geometry": {"type": "LineString", "coordinates": [[-95.3938830447161, 29.7459432100481], [-95.3937941220763, 29.7458882743083], [-95.3937031824639, 29.7458285078499], [-95.3936121054897, 29.7457725571405], [-95.393524076205, 29.7457233762193], [-95.3934316378644, 29.7456750334005], [-95.3933436074191, 29.745625853452], [-95.393267920757, 29.7455821488308], [-95.3932128423657, 29.7455468614065], [-95.3931661698173, 29.7455124942004]]}, "properties": {"centerlineid": 10213853, "roadclass": "LOCAL", "fullname": "WAUGH DR", "fromleft": 2643, "toleft": 2699, "fromright": 0, "toright": 0, "onewaydir": null}}, {"type": "Feature", "geometry": {"type": "LineString", "coordinates": [[-95.3927187649326, 29.7450384906057], [-95.392677159294, 29.7449293610613], [-95.392654223502, 29.7448471537227], [-95.3926381529765, 29.7447759014693], [-95.3926332269056, 29.7447056770801], [-95.3926364917882, 29.7446520288818]]}, "properties": {"centerlineid": 10213843, "roadclass": "LOCAL", "fullname": "WAUGH DR", "fromleft": 2751, "toleft": 2799, "fromright": 2750, "toright": 2798, "onewaydir": " "}}, {"type": "Feature", "geometry": {"type": "LineString", "coordinates": [[-95.3927358706107, 29.7455180772615], [-95.3927187649326, 29.7450384906057]]}, "properties": {"centerlineid": 10213842, "roadclass": "LOCAL", "fullname": "YOAKUM BLVD", "fromleft": 2701, "toleft": 2999, "fromright": 2700, "toright": 2998, "onewaydir": " "}}, {"type": "Feature", "geometry": {"type": "LineString", "coordinates": [[-95.3927358706107, 29.7455180772615], [-95.3928968015935, 29.7455137985127], [-95.3930391176719, 29.7455138094475], [-95.3931661698173, 29.7455124942004]]}, "properties": {"centerlineid": 10213845, "roadclass": "LOCAL", "fullname": "CALIFORNIA ST", "fromleft": 1201, "toleft": 1299, "fromright": 1200, "toright": 1298, "onewaydir": " "}}, {"type": "Feature", "geometry": {"type": "LineString", "coordinates": [[-95.3931661698173, 29.7455124942004], [-95.3931672486166, 29.7455124826222], [-95.3933107925749, 29.7455087034272], [-95.3934576514177, 29.7455040587173], [-95.3935267573929, 29.7455001868977], [-95.3936048826013, 29.7454889165434]]}, "properties": {"centerlineid": 10213846, "roadclass": "LOCAL", "fullname": "CALIFORNIA ST", "fromleft": 1301, "toleft": 1399, "fromright": 1300, "toright": 1398, "onewaydir": " "}}, {"type": "Feature", "geometry": {"type": "LineString", "coordinates": [[-95.3938830447161, 29.7459432100481], [-95.3938280499657, 29.7458340635711], [-95.3937277303514, 29.7456680021343], [-95.3936048826013, 29.7454889165434]]}, "properties": {"centerlineid": 10213848, "roadclass": "MAJOR", "fullname": "WAUGH DR", "fromleft": 0, "toleft": 0, "fromright": 2642, "toright": 2698, "onewaydir": "FT"}}, {"type": "Feature", "geometry": {"type": "LineString", "coordinates": [[-95.3962799450435, 29.7497863166727], [-95.3962100356122, 29.7496758021163]]}, "properties": {"centerlineid": 10213938, "roadclass": "MAJOR", "fullname": "WAUGH DR", "fromleft": 2101, "toleft": 2121, "fromright": 2100, "toright": 2120, "onewaydir": "FT"}}, {"type": "Feature", "geometry": {"type": "LineString", "coordinates": [[-95.3962100356122, 29.7496758021163], [-95.396207969995, 29.7496719010984], [-95.3958976023998, 29.7491894712123]]}, "properties": {"centerlineid": 10213939, "roadclass": "MAJOR", "fullname": "WAUGH DR", "fromleft": 2123, "toleft": 2199, "fromright": 2122, "toright": 2198, "onewaydir": "FT"}}, {"type": "Feature", "geometry": {"type": "LineString", "coordinates": [[-95.3957129668247, 29.7488800631808], [-95.3955288898442, 29.748579580545]]}, "properties": {"centerlineid": 10213941, "roadclass": "MAJOR", "fullname": "WAUGH DR", "fromleft": 2253, "toleft": 2299, "fromright": 2252, "toright": 2298, "onewaydir": "FT"}}, {"type": "Feature", "geometry": {"type": "LineString", "coordinates": [[-95.3958976023998, 29.7491894712123], [-95.3957129668247, 29.7488800631808]]}, "properties": {"centerlineid": 10213940, "roadclass": "MAJOR", "fullname": "WAUGH DR", "fromleft": 2201, "toleft": 2251, "fromright": 2200, "toright": 2250, "onewaydir": "FT"}}, {"type": "Feature", "geometry": {"type": "LineString", "coordinates": [[-95.406435973012, 29.7538754118057], [-95.4064249702928, 29.7530950096516]]}, "properties": {"centerlineid": 10217173, "roadclass": "LOCAL", "fullname": "GROSS ST", "fromleft": 1351, "toleft": 1399, "fromright": 1350, "toright": 1398, "onewaydir": " "}}, {"type": "Feature", "geometry": {"type": "LineString", "coordinates": [[-95.3937139330095, 29.7356425566025], [-95.3937066315512, 29.7352900736707]]}, "properties": {"centerlineid": 10217195, "roadclass": "LOCAL", "fullname": "MT VERNON ST", "fromleft": 4161, "toleft": 4199, "fromright": 4160, "toright": 4198, "onewaydir": " "}}, {"type": "Feature", "geometry": {"type": "LineString", "coordinates": [[-95.3937219157827, 29.736134965186], [-95.394372789991, 29.7361323945107]]}, "properties": {"centerlineid": 10217712, "roadclass": "PRIVATE", "fullname": "W MAIN ST", "fromleft": 1201, "toleft": 1267, "fromright": 1200, "toright": 1266, "onewaydir": " "}}, {"type": "Feature", "geometry": {"type": "LineString", "coordinates": [[-95.4081643092151, 29.7400355935939], [-95.4081620096246, 29.7398690884691]]}, "properties": {"centerlineid": 10220591, "roadclass": "LOCAL", "fullname": "MCDUFFIE ST", "fromleft": 3607, "toleft": 3635, "fromright": 3606, "toright": 3634, "onewaydir": " "}}, {"type": "Feature", "geometry": {"type": "LineString", "coordinates": [[-95.4083586226579, 29.7393243207255], [-95.4094078461349, 29.7393106955079]]}, "properties": {"centerlineid": 10220593, "roadclass": "LOCAL", "fullname": "MARSHALL ST", "fromleft": 2007, "toleft": 2029, "fromright": 2006, "toright": 2028, "onewaydir": " "}}, {"type": "Feature", "geometry": {"type": "LineString", "coordinates": [[-95.3955377160231, 29.7361188164481], [-95.3959848034994, 29.7361160940635]]}, "properties": {"centerlineid": 10222624, "roadclass": "LOCAL", "fullname": "W MAIN ST", "fromleft": 1401, "toleft": 1419, "fromright": 1400, "toright": 1418, "onewaydir": ""}}, {"type": "Feature", "geometry": {"type": "LineString", "coordinates": [[-95.4116663137145, 29.7468770941123], [-95.4116662919711, 29.7467837805566], [-95.4116585485268, 29.7462991429602], [-95.4116568682882, 29.7461233549964], [-95.4116568119545, 29.7461173833427]]}, "properties": {"centerlineid": 10223148, "roadclass": "LOCAL", "fullname": "PECKHAM ST", "fromleft": 2101, "toleft": 2205, "fromright": 2100, "toright": 2204, "onewaydir": " "}}, {"type": "Feature", "geometry": {"type": "LineString", "coordinates": [[-95.3865856759568, 29.7334060965823], [-95.3869141785789, 29.7334056786106]]}, "properties": {"centerlineid": 10231786, "roadclass": "LOCAL", "fullname": "OAKLEY ST", "fromleft": 501, "toleft": 599, "fromright": 500, "toright": 598, "onewaydir": " "}}, {"type": "Feature", "geometry": {"type": "LineString", "coordinates": [[-95.3869141785789, 29.7334056786106], [-95.3870004332359, 29.7334055688505], [-95.3878625042301, 29.7334055577891]]}, "properties": {"centerlineid": 10231787, "roadclass": "LOCAL", "fullname": "OAKLEY ST", "fromleft": 601, "toleft": 699, "fromright": 600, "toright": 698, "onewaydir": " "}}, {"type": "Feature", "geometry": {"type": "LineString", "coordinates": [[-95.3869141785789, 29.7334056786106], [-95.3869129332172, 29.7330901121918]]}, "properties": {"centerlineid": 10231788, "roadclass": "LOCAL", "fullname": "JACK ST", "fromleft": 4401, "toleft": 4499, "fromright": 4400, "toright": 4498, "onewaydir": " "}}, {"type": "Feature", "geometry": {"type": "LineString", "coordinates": [[-95.3869089621945, 29.7344775195326], [-95.3869164527966, 29.7342885808837], [-95.3869141785789, 29.7334056786106]]}, "properties": {"centerlineid": 10231789, "roadclass": "LOCAL", "fullname": "JACK ST", "fromleft": 4301, "toleft": 4399, "fromright": 4300, "toright": 4398, "onewaydir": " "}}, {"type": "Feature", "geometry": {"type": "LineString", "coordinates": [[-95.3867541327749, 29.732600980812], [-95.3864560486324, 29.7328830611676], [-95.3864353600547, 29.7329029570549], [-95.3864150413511, 29.732923141624], [-95.3863950992194, 29.7329436082855], [-95.3862108147533, 29.733172360806], [-95.3859866624821, 29.7335039682969], [-95.3857840178495, 29.7337724118178], [-95.3854235441144, 29.734236762586], [-95.3851650492405, 29.7345435420865], [-95.3847650535254, 29.735112513432], [-95.3845335067286, 29.7353978645854], [-95.3842233684272, 29.7358011504105], [-95.3836688552547, 29.7364989454907]]}, "properties": {"centerlineid": 10136637, "roadclass": "HIGHWAY", "fullname": "SPUR 527", "fromleft": 4001, "toleft": 4499, "fromright": 0, "toright": 0, "onewaydir": null}}, {"type": "Feature", "geometry": {"type": "LineString", "coordinates": [[-95.3854142868704, 29.7338464296359], [-95.3855189140261, 29.7337229519853], [-95.3857562840375, 29.7334401495603], [-95.3860110355263, 29.733160813732], [-95.3862446559359, 29.7329430681748], [-95.3862565135408, 29.7329322081613], [-95.3862685833225, 29.7329215265111], [-95.386280862458, 29.7329110299183], [-95.3862933496158, 29.7329007194754], [-95.3863060394298, 29.7328906006793], [-95.386318927985, 29.7328806745527], [-95.3863320099952, 29.7328709443381], [-95.386345284049, 29.7328614133825], [-95.3863587461517, 29.7328520849632], [-95.3863723885135, 29.7328429599983], [-95.3863862122665, 29.7328340430319], [-95.3867541327749, 29.732600980812]]}, "properties": {"centerlineid": 10137117, "roadclass": "RAMP", "fullname": "SPUR 527 TO RICHMOND RAMP", "fromleft": 0, "toleft": 0, "fromright": 0, "toright": 0, "onewaydir": null}}, {"type": "Feature", "geometry": {"type": "LineString", "coordinates": [[-95.3846124153929, 29.7335942894167], [-95.3846095837464, 29.7335799921419], [-95.3846093462237, 29.7335788505908], [-95.3846090852516, 29.7335777140487], [-95.3846088022016, 29.7335765802959], [-95.384608496954, 29.7335754527142], [-95.3846081695885, 29.733574329049], [-95.3846078200652, 29.7335732104277], [-95.3846074470926, 29.7335720968154], [-95.3846070532139, 29.7335709894091], [-95.3846066371375, 29.7335698881738], [-95.3846061988634, 29.7335687931098], [-95.3846057396433, 29.733567705379], [-95.3846052582255, 29.7335666238194], [-95.3846047558218, 29.7335655507203], [-95.3846042311804, 29.7335644849197], [-95.3846036868848, 29.7335634264871], [-95.3846031202715, 29.7335623776077], [-95.3846025339641, 29.7335613372236], [-95.3846019266706, 29.7335603053002], [-95.384601299643, 29.7335592829994], [-95.3846006515895, 29.7335582702865], [-95.3845999838017, 29.7335572671964], [-95.3845992962399, 29.7335562748562], [-95.3845985889038, 29.7335552932662], [-95.3845978617936, 29.7335543224261], [-95.3845971162009, 29.7335533623709], [-95.3845963520857, 29.7335524142278], [-95.3845955694481, 29.7335514779969], [-95.3845947670363, 29.7335505525161], [-95.3845939473537, 29.7335496401096], [-95.3845931091088, 29.7335487407425], [-95.3845922523414, 29.7335478532877], [-95.384591379595, 29.7335469789419], [-95.3845904882461, 29.733546118763], [-95.3845895809182, 29.7335452716932], [-95.3845886562796, 29.7335444388251], [-95.3845877156619, 29.7335436190661], [-95.3845867589853, 29.7335428146708], [-95.3845857862896, 29.7335420245121], [-95.3845847975349, 29.7335412497172], [-95.3845837940528, 29.7335404891935], [-95.3845665404204, 29.7335276475691], [-95.3838183693384, 29.7330821577317]]}, "properties": {"centerlineid": 10137106, "roadclass": "LOCAL", "fullname": "RUTH ST", "fromleft": 901, "toleft": 999, "fromright": 900, "toright": 998, "onewaydir": null}}, {"type": "Feature", "geometry": {"type": "LineString", "coordinates": [[-95.4038155687118, 29.7469820328331], [-95.4038156156019, 29.7465738439927], [-95.4038156124397, 29.7464212195808], [-95.4037850082221, 29.744742749829]]}, "properties": {"centerlineid": 10133873, "roadclass": "LOCAL", "fullname": "ELMEN ST", "fromleft": 2101, "toleft": 2399, "fromright": 2100, "toright": 2398, "onewaydir": null}}, {"type": "Feature", "geometry": {"type": "LineString", "coordinates": [[-95.4106591355288, 29.7342466201826], [-95.4106706921743, 29.7337338803017], [-95.4106711338806, 29.7337202208951], [-95.4106718416293, 29.7337065697451], [-95.4106728165533, 29.7336929313956], [-95.4106740585334, 29.7336793092283], [-95.4106755661194, 29.7336657077181], [-95.4106773391524, 29.7336521313739], [-95.4106793762614, 29.7336385824159], [-95.4106816798711, 29.7336250654223], [-95.4106842459081, 29.7336115859259], [-95.4106870756242, 29.7335981450886], [-95.4106901674897, 29.7335847496396], [-95.4106935201337, 29.7335714017987], [-95.4106971333974, 29.7335581060752], [-95.4107010071617, 29.733544865851], [-95.4107051374326, 29.7335316844041], [-95.4107095265951, 29.7335185674403], [-95.4107141694031, 29.7335055170756], [-95.4107190682812, 29.7334925378885], [-95.4107242191958, 29.7334796342843], [-95.4107296220675, 29.7334668085176], [-95.4107352741542, 29.7334540650282], [-95.410741175337, 29.7334414071983], [-95.410747321582, 29.7334288394329], [-95.4107537140621, 29.7334163651487], [-95.4107553327563, 29.7334132773125]]}, "properties": {"centerlineid": 10132145, "roadclass": "MAJOR", "fullname": "S SHEPHERD DR", "fromleft": 3601, "toleft": 3699, "fromright": 3600, "toright": 3698, "onewaydir": "FT"}}, {"type": "Feature", "geometry": {"type": "LineString", "coordinates": [[-95.3786614462231, 29.7530988978294], [-95.3788287056154, 29.7531490212917], [-95.3788695160808, 29.7531609227138], [-95.3789105467147, 29.7531722320395], [-95.3789517872614, 29.7531829467346], [-95.3789932248811, 29.7531930641952], [-95.379034849318, 29.7532025818873], [-95.3790766477726, 29.7532114960798], [-95.3791186099891, 29.7532198042385], [-95.3791607243796, 29.753227504922], [-95.3792029793564, 29.7532345966885], [-95.3792453634116, 29.7532410758418], [-95.3792878649175, 29.7532469420677], [-95.3793304710344, 29.7532521927623], [-95.3793731714263, 29.7532568276463], [-95.3795465132445, 29.7532743693798]]}, "properties": {"centerlineid": 10136134, "roadclass": "MAJOR", "fullname": "W GRAY ST", "fromleft": 101, "toleft": 119, "fromright": 100, "toright": 118, "onewaydir": "FT"}}, {"type": "Feature", "geometry": {"type": "LineString", "coordinates": [[-95.3783867440551, 29.7511991368514], [-95.3787355331, 29.751405595166], [-95.378749428144, 29.7514136673052], [-95.3787634820221, 29.7514215270894], [-95.3787776909387, 29.7514291721592], [-95.3787920497663, 29.7514366012475], [-95.3788065547492, 29.7514438108679], [-95.3788212007999, 29.751450798626], [-95.3788359840428, 29.7514575644169], [-95.3788508994702, 29.7514641035919], [-95.3788659432065, 29.7514704160461], [-95.378881111456, 29.7514764994203], [-95.3788963978393, 29.7514823512851], [-95.3789117984807, 29.7514879715359], [-95.3789273083726, 29.7514933555238], [-95.3789429235994, 29.7514985042713], [-95.3789586390734, 29.7515034153841], [-95.3789744509989, 29.751508086503], [-95.3789903516247, 29.7515125174182], [-95.3790063396986, 29.7515167069678], [-95.3790224088415, 29.7515206527224], [-95.3790385539254, 29.7515243534151], [-95.3790547697429, 29.7515278100335], [-95.3790710525383, 29.7515310190911], [-95.3790873971438, 29.751533980448], [-95.3791037971002, 29.7515366939297], [-95.3791202499034, 29.751539157212], [-95.3791367490541, 29.7515413712473], [-95.3791532894245, 29.7515433347688], [-95.3791698658871, 29.7515450465095], [-95.3791864745662, 29.7515465063646], [-95.379203110294, 29.7515477141946], [-95.379219767903, 29.7515486698597], [-95.3792364409737, 29.7515493720582], [-95.3792531256303, 29.7515498206852], [-95.3792698166652, 29.7515500167284], [-95.3792865102027, 29.751549960083], [-95.3793031985313, 29.7515496494124], [-95.3793198790673, 29.7515490846467], [-95.379336545271, 29.7515482678659], [-95.3793531932667, 29.7515471989653], [-95.3793698179268, 29.7515458766779], [-95.3793864127518, 29.7515443019566], [-95.379402973826, 29.7515424758238], [-95.3794194959417, 29.7515403992673], [-95.3794359739313, 29.7515380721474], [-95.379452403879, 29.7515354954866], [-95.3794687793253, 29.7515326691106], [-95.3794850963145, 29.751529595169], [-95.379501349639, 29.7515262746496], [-95.3795175341312, 29.7515227074128], [-95.3795336458752, 29.7515188944812], [-95.3795496782917, 29.7515148390619], [-95.3795656275448, 29.7515105399233], [-95.379581488347, 29.7515060003075], [-95.3795972568225, 29.7515012201097], [-95.3796129277238, 29.7514962014449], [-95.3796284958431, 29.7514909453009], [-95.3796439572249, 29.7514854538275], [-95.3796593066215, 29.7514797291397], [-95.3796745401171, 29.75147377226], [-95.3796896512124, 29.7514675841414], [-95.3797046384553, 29.751461169258], [-95.3797194941345, 29.7514545262732], [-95.3797342167981, 29.7514476596612], [-95.3797487986148, 29.7514405714672], [-95.3797632382925, 29.7514332616564], [-95.3797775292119, 29.7514257345634], [-95.3797916687092, 29.751417992373], [-95.3798056515767, 29.751410036073], [-95.379819472527, 29.7514018689055], [-95.379833130188, 29.7513934930904], [-95.3798466180205, 29.7513849107076], [-95.3798599332805, 29.7513761261967], [-95.3799814113546, 29.7512945180132]]}, "properties": {"centerlineid": 10136113, "roadclass": "LOCAL", "fullname": "OAK PLACE DR", "fromleft": 1, "toleft": 149, "fromright": 2, "toright": 148, "onewaydir": " "}}, {"type": "Feature", "geometry": {"type": "LineString", "coordinates": [[-95.3800157778252, 29.7528245360092], [-95.3800766247733, 29.752772459575], [-95.3800800890397, 29.7527695449469], [-95.380083609601, 29.7527666837444], [-95.3800871852052, 29.7527638748053], [-95.3800908170644, 29.7527611204193], [-95.3800945013429, 29.7527584193542], [-95.3800982392125, 29.7527557750268], [-95.3801020267976, 29.7527531873324], [-95.3801058667219, 29.7527506552135], [-95.3801097549898, 29.7527481819472], [-95.3801136903095, 29.7527457674988], [-95.3801176739727, 29.7527434119029], [-95.3801217020638, 29.7527411161823], [-95.3801257758348, 29.752738881499], [-95.3801298927018, 29.7527367077834], [-95.3801340513329, 29.7527345961277], [-95.3801382504364, 29.7527325464971], [-95.3801424899321, 29.7527305611461], [-95.3801467685682, 29.7527286389126], [-95.380151082429, 29.752726780819], [-95.3801554340984, 29.7527249869353], [-95.3801598196206, 29.7527232594113], [-95.3801642377037, 29.752721598212], [-95.3801686883878, 29.7527200022101], [-95.380173170301, 29.7527184736255], [-95.3801776808596, 29.7527170123881], [-95.3801822187715, 29.7527156184632], [-95.3801867852888, 29.752714293013], [-95.3801913765357, 29.7527130359326], [-95.3801959911804, 29.7527118483144], [-95.3802006279711, 29.7527107289964], [-95.3802052881595, 29.7527096791407], [-95.3802099665382, 29.7527086997349], [-95.380214664399, 29.752707790814], [-95.3802193791582, 29.7527069523082], [-95.3802241095239, 29.7527061841824], [-95.3802288542042, 29.7527054864019], [-95.3802336118672, 29.752704860059], [-95.3802383812211, 29.7527043051189], [-95.380243160934, 29.7527038226739], [-95.3802479497939, 29.7527034104344], [-95.3802527451372, 29.7527030705854], [-95.3802575470038, 29.7527028019995], [-95.3803476230902, 29.7526984483425], [-95.3804190986886, 29.75270124133]]}, "properties": {"centerlineid": 10136152, "roadclass": "LOCAL", "fullname": "ONEIL ST", "fromleft": 1251, "toleft": 1299, "fromright": 1250, "toright": 1298, "onewaydir": " "}}, {"type": "Feature", "geometry": {"type": "LineString", "coordinates": [[-95.3799814113546, 29.7512945180132], [-95.3800308534873, 29.7513254937783], [-95.3800392082352, 29.7513306335422], [-95.3800476644744, 29.7513356462854], [-95.3800562183693, 29.7513405307761], [-95.3800648674162, 29.7513452846898], [-95.380073610283, 29.7513499091188], [-95.3800824432543, 29.7513543994493], [-95.3800913637461, 29.7513587556115], [-95.3801003691749, 29.7513629775356], [-95.3801094557848, 29.7513670617349], [-95.3801186235358, 29.7513710093367], [-95.3801278673406, 29.7513748179469], [-95.380137185987, 29.7513784852759], [-95.3801465755595, 29.7513820123463], [-95.3801560335543, 29.7513853968338], [-95.3801655573877, 29.7513886386684], [-95.3801751445558, 29.7513917355259], [-95.380184791183, 29.7513946873014], [-95.3801944947255, 29.7513974927979], [-95.3802042525994, 29.7514001519456], [-95.3802140622611, 29.7514026635473], [-95.380223918583, 29.7514050263362], [-95.380233821565, 29.7514072403123], [-95.3802437673715, 29.7514093042435], [-95.3802537521268, 29.7514112180251], [-95.3802637732871, 29.7514129804601], [-95.3802738269768, 29.7514145914437], [-95.3802839119039, 29.751416050941], [-95.3802940242328, 29.7514173577201], [-95.3803041613796, 29.751418511711], [-95.3803143195087, 29.7514195116818], [-95.3803244959563, 29.7514203598174], [-95.3803346869668, 29.751421052631], [-95.3803448911682, 29.7514215923425], [-95.3803551047249, 29.7514219777197], [-95.380365323761, 29.751422208658], [-95.380375545653, 29.751422286215], [-95.3812783190299, 29.7514222597967]]}, "properties": {"centerlineid": 10136108, "roadclass": "LOCAL", "fullname": "OAK PLACE DR", "fromleft": 151, "toleft": 199, "fromright": 150, "toright": 198, "onewaydir": " "}}, {"type": "Feature", "geometry": {"type": "LineString", "coordinates": [[-95.378998185075, 29.7522187637939], [-95.3790486838114, 29.752151299322], [-95.3790507072881, 29.7521486470559], [-95.3790527840236, 29.7521460244383], [-95.3790549126058, 29.7521434348161], [-95.379057091743, 29.7521408781544], [-95.379059322727, 29.752138354488], [-95.3790616028939, 29.7521358660018], [-95.3790639322839, 29.7521334115684], [-95.3790663108169, 29.7521309934425], [-95.379068737201, 29.752128611589], [-95.3790712101443, 29.7521262659731], [-95.3790737308187, 29.7521239600116], [-95.3790762954285, 29.752121691345], [-95.3790789064375, 29.7521194634252], [-95.379081561342, 29.7521172739276], [-95.3790842587299, 29.7521151261994], [-95.3790869986414, 29.7521130191132], [-95.3790897809964, 29.7521109549234], [-95.3790926032511, 29.752108932433], [-95.3790954666175, 29.7521069539316], [-95.3790983672599, 29.752105018187], [-95.379101307682, 29.7521031275236], [-95.3791042853, 29.7521012818717], [-95.3791072987821, 29.7520994823237], [-95.3791103468764, 29.7520977277172], [-95.3791134307948, 29.7520960203418], [-95.3791165479536, 29.7520943601277], [-95.3791196983526, 29.7520927470748], [-95.3791228793681, 29.7520911822406], [-95.379126092292, 29.7520896656601], [-95.3791293332088, 29.7520881983557], [-95.379132604662, 29.7520867815247], [-95.3791359028161, 29.7520854139348], [-95.379139228923, 29.7520840967484], [-95.3791425803989, 29.7520828298956], [-95.379145955912, 29.7520816144689], [-95.3791493554621, 29.7520804504681], [-95.3791527777575, 29.7520793378584], [-95.3791562227581, 29.752078277767], [-95.3791596878402, 29.7520772712515], [-95.3791631717918, 29.7520763160223], [-95.3791666745331, 29.752075414334], [-95.3791701947721, 29.7520745661517], [-95.379173731217, 29.7520737714405], [-95.3791772838276, 29.7520730313276], [-95.3791808500604, 29.752072344616], [-95.3791844298752, 29.7520717124329], [-95.3791880206883, 29.7520711347085], [-95.3791916237917, 29.7520706114778], [-95.3791952366015, 29.7520701426708], [-95.3791988577859, 29.75206972938], [-95.379202486053, 29.7520693715705], [-95.3792061214427, 29.7520690681149], [-95.3792097625832, 29.7520688212329], [-95.3792134082628, 29.7520686286351], [-95.3792170571494, 29.7520684914138], [-95.3795236908308, 29.7520593182963]]}, "properties": {"centerlineid": 10136156, "roadclass": "LOCAL", "fullname": "W WEBSTER ST", "fromleft": 1101, "toleft": 1199, "fromright": 1100, "toright": 1198, "onewaydir": " "}}, {"type": "Feature", "geometry": {"type": "LineString", "coordinates": [[-95.3783867440551, 29.7511991368514], [-95.3784382551701, 29.7511245337004], [-95.3784412956877, 29.7511200414864], [-95.3784442473348, 29.7511155028639], [-95.3784471074076, 29.7511109211449], [-95.3784498759062, 29.7511062963293], [-95.3784525514585, 29.7511016306369], [-95.3784551340248, 29.751096925195], [-95.3784576223129, 29.7510921799685], [-95.3784600148711, 29.7510873994319], [-95.3784623130313, 29.7510825824926], [-95.3784645141296, 29.7510777313354], [-95.3784666181261, 29.7510728470876], [-95.3784686249408, 29.7510679320038], [-95.3784705345335, 29.7510629872114], [-95.3784723442407, 29.7510580148949], [-95.3784740540622, 29.7510530150544], [-95.3784756639182, 29.7510479899446], [-95.3784771750203, 29.7510429418548], [-95.3784785834931, 29.7510378706804], [-95.3784798918002, 29.751032779873], [-95.3784810973579, 29.7510276693628], [-95.3784822026699, 29.7510225414742], [-95.3784832037807, 29.751017398357], [-95.3784841032739, 29.7510122400811], [-95.3784848997776, 29.7510070688661], [-95.3784855932519, 29.7510018858393], [-95.3784861835768, 29.7509966943826], [-95.3784866695003, 29.7509914933337], [-95.3784870521543, 29.7509862872367], [-95.3784873302871, 29.7509810749295], [-95.3784875050703, 29.7509758598287], [-95.378487576504, 29.7509706419345], [-95.3784875431764, 29.7509654245936], [-95.3784874063392, 29.7509602089684], [-95.3784871659925, 29.7509549950588], [-95.3784868207245, 29.7509497862118], [-95.3784863730788, 29.7509445836245], [-95.3784858204316, 29.7509393883543], [-95.3784851653269, 29.7509342015984], [-95.3784844063525, 29.7509290267037], [-95.3784835448004, 29.7509238637051], [-95.3784825793388, 29.7509187136949], [-95.3784815124313, 29.750913580125], [-95.378480344078, 29.7509084629951], [-95.3784790728669, 29.7509033656524], [-95.37847770013, 29.7508982870045], [-95.3784762270391, 29.750893230468], [-95.3784746535941, 29.7508881960429], [-95.3784729796752, 29.7508831871113], [-95.378471206534, 29.7508782048352], [-95.3784693328788, 29.7508732491798], [-95.3784673624652, 29.7508683236315], [-95.3784652940012, 29.7508634281557], [-95.3784631274069, 29.7508585650066], [-95.3784608652259, 29.7508537353816], [-95.3784585061265, 29.7508489403729], [-95.3784560526123, 29.7508441823049], [-95.3784535046433, 29.7508394623051], [-95.3784508634714, 29.7508347815355], [-95.3784481277246, 29.7508301422157], [-95.3784453012787, 29.7508255444506], [-95.3784423840535, 29.7508209904947], [-95.3784393760091, 29.7508164814753], [-95.3784362783973, 29.7508120185545], [-95.37843309247, 29.7508076028947], [-95.3784298181471, 29.7508032367503], [-95.3784264579724, 29.7507989213185], [-95.3784230132376, 29.7507946566341], [-95.3784194825711, 29.7507904449168], [-95.3784158697683, 29.750786288526], [-95.3784121735773, 29.7507821862995], [-95.3784083964618, 29.7507781416888], [-95.3784045397138, 29.750774154729], [-95.3784006045851, 29.7507702265822], [-95.3783965910355, 29.7507663583757], [-95.3783925002771, 29.750762552399], [-95.3783883361854, 29.7507588087569], [-95.3783840960965, 29.750755129634], [-95.378379785178, 29.7507515151701], [-95.3783754021381, 29.7507479653302], [-95.3783709481485, 29.7507444835311], [-95.3783664270848, 29.7507410698775], [-95.3783618376151, 29.7507377254618], [-95.3783571823232, 29.7507344503538], [-95.3783524623808, 29.7507312479704], [-95.3783476804517, 29.7507281161267], [-95.3783428351241, 29.7507250581697], [-95.3783379302734, 29.7507220742041], [-95.3783329671916, 29.7507191642649], [-95.3777936926051, 29.7504089584131], [-95.377738267014, 29.7503770380607]]}, "properties": {"centerlineid": 10135831, "roadclass": "LOCAL", "fullname": "HADLEY ST", "fromleft": 301, "toleft": 399, "fromright": 300, "toright": 398, "onewaydir": " "}}, {"type": "Feature", "geometry": {"type": "LineString", "coordinates": [[-95.3799814113546, 29.7512945180132], [-95.3800322247678, 29.7512341884471], [-95.3800465069846, 29.7512169199047], [-95.3800604450073, 29.7511994389555], [-95.3800740347606, 29.7511817511314], [-95.3800872722088, 29.7511638608369], [-95.3801001545683, 29.7511457736386], [-95.3801126764718, 29.7511274950336], [-95.3801248351356, 29.7511090305884], [-95.3801366264844, 29.751090385835], [-95.3801480477344, 29.75107156634], [-95.3801590935583, 29.7510525764731], [-95.3801697636764, 29.7510334241255], [-95.3801800514694, 29.7510141136316], [-95.3801899567375, 29.7509946506282], [-95.3801994753654, 29.7509750417743], [-95.3802086045694, 29.7509552926365], [-95.380217341566, 29.7509354087817], [-95.3802256835718, 29.7509153957764], [-95.380233627763, 29.7508952603147], [-95.3802411739401, 29.7508750080331], [-95.3802483167357, 29.7508546444285], [-95.3802550558701, 29.7508341773919], [-95.3802613898916, 29.7508136113975], [-95.380267314685, 29.7507929531046], [-95.3802728313022, 29.7507722093118], [-95.380277935708, 29.7507513844235], [-95.3802826276226, 29.7507304863308], [-95.3802869042625, 29.7507095206003], [-95.38029076672, 29.7506884929035], [-95.3803017775114, 29.7506250410562]]}, "properties": {"centerlineid": 10136068, "roadclass": "LOCAL", "fullname": "HELENA ST", "fromleft": 2301, "toleft": 2399, "fromright": 2300, "toright": 2398, "onewaydir": " "}}, {"type": "Feature", "geometry": {"type": "LineString", "coordinates": [[-95.3979273057444, 29.7466782941582], [-95.3979730678186, 29.7466581183303]]}, "properties": {"centerlineid": 10202340, "roadclass": "LOCAL", "fullname": "FAIRVIEW AVE", "fromleft": 1599, "toleft": 1599, "fromright": 1598, "toright": 1598, "onewaydir": ""}}, {"type": "Feature", "geometry": {"type": "LineString", "coordinates": [[-95.3820760501291, 29.7352991250681], [-95.3829798483439, 29.7341322955398]]}, "properties": {"centerlineid": 10137519, "roadclass": "MAJOR", "fullname": "MAIN ST", "fromleft": 4151, "toleft": 4399, "fromright": 4150, "toright": 4398, "onewaydir": " "}}, {"type": "Feature", "geometry": {"type": "LineString", "coordinates": [[-95.3815077351944, 29.7360135964585], [-95.3820760501291, 29.7352991250681]]}, "properties": {"centerlineid": 10137523, "roadclass": "MAJOR", "fullname": "MAIN ST", "fromleft": 4101, "toleft": 4149, "fromright": 4100, "toright": 4148, "onewaydir": " "}}, {"type": "Feature", "geometry": {"type": "LineString", "coordinates": [[-95.41289558261, 29.7361290372511], [-95.4129707671805, 29.7361292755124], [-95.4151528011641, 29.7361139988271]]}, "properties": {"centerlineid": 10132027, "roadclass": "LOCAL", "fullname": "W MAIN ST", "fromleft": 2201, "toleft": 2299, "fromright": 2200, "toright": 2298, "onewaydir": " "}}, {"type": "Feature", "geometry": {"type": "LineString", "coordinates": [[-95.3958976023998, 29.7491894712123], [-95.3971435521586, 29.7485935271605]]}, "properties": {"centerlineid": 10134552, "roadclass": "LOCAL", "fullname": "MICHIGAN ST", "fromleft": 1401, "toleft": 1499, "fromright": 1400, "toright": 1498, "onewaydir": " "}}, {"type": "Feature", "geometry": {"type": "LineString", "coordinates": [[-95.393590097824, 29.7480681937325], [-95.393577733711, 29.7473294644343]]}, "properties": {"centerlineid": 10134328, "roadclass": "LOCAL", "fullname": "VAN BUREN ST", "fromleft": 2401, "toleft": 2499, "fromright": 2400, "toright": 2498, "onewaydir": " "}}, {"type": "Feature", "geometry": {"type": "LineString", "coordinates": [[-95.382819439042, 29.7487729759396], [-95.3832239451535, 29.7482600622902], [-95.3832848782274, 29.7481682998767]]}, "properties": {"centerlineid": 10134658, "roadclass": "LOCAL", "fullname": "ALBANY ST", "fromleft": 2801, "toleft": 2899, "fromright": 2800, "toright": 2898, "onewaydir": " "}}, {"type": "Feature", "geometry": {"type": "LineString", "coordinates": [[-95.3783104907995, 29.7432874964111], [-95.3787912526034, 29.7426866929953]]}, "properties": {"centerlineid": 10136268, "roadclass": "LOCAL", "fullname": "MILAM ST", "fromleft": 3101, "toleft": 3199, "fromright": 3100, "toright": 3198, "onewaydir": "FT"}}, {"type": "Feature", "geometry": {"type": "LineString", "coordinates": [[-95.381408150819, 29.7423738619919], [-95.3806527177878, 29.7419275864499]]}, "properties": {"centerlineid": 10135740, "roadclass": "LOCAL", "fullname": "FRANCIS ST", "fromleft": 607, "toleft": 699, "fromright": 606, "toright": 698, "onewaydir": " "}}, {"type": "Feature", "geometry": {"type": "LineString", "coordinates": [[-95.4047463122014, 29.7523835716174], [-95.4056008143532, 29.7523607700444]]}, "properties": {"centerlineid": 10133780, "roadclass": "LOCAL", "fullname": "PEDEN ST", "fromleft": 1929, "toleft": 1931, "fromright": 1928, "toright": 1930, "onewaydir": " "}}, {"type": "Feature", "geometry": {"type": "LineString", "coordinates": [[-95.3869589627295, 29.7379351140046], [-95.3879236160521, 29.7379202091571]]}, "properties": {"centerlineid": 10137091, "roadclass": "LOCAL", "fullname": "SUL ROSS ST", "fromleft": 601, "toleft": 699, "fromright": 600, "toright": 698, "onewaydir": " "}}, {"type": "Feature", "geometry": {"type": "LineString", "coordinates": [[-95.4089044928351, 29.7548327565929], [-95.4088814709118, 29.7547658993948], [-95.4088739388871, 29.754355881759], [-95.4088739466249, 29.7543315636215], [-95.4088741003886, 29.7543300241506], [-95.4088742838267, 29.7543284866033], [-95.4088744981916, 29.7543269521417], [-95.4088747434832, 29.7543254207658], [-95.40887501837, 29.754323893568], [-95.4088753241041, 29.7543223717105], [-95.4088756594333, 29.7543208540312], [-95.408876024318, 29.7543193416575], [-95.40887642005, 29.754317834624], [-95.4088768440059, 29.7543163339887], [-95.4088772987695, 29.7543148398209], [-95.4088777830091, 29.7543133532132], [-95.4088782967645, 29.7543118730385], [-95.4088788399563, 29.7543104015511], [-95.4088794112925, 29.7543089387166], [-95.4088800120651, 29.7543074845695], [-95.4088806409425, 29.7543060402025], [-95.4088812992563, 29.7543046045229], [-95.4088819843433, 29.7543031797162], [-95.408882698827, 29.7543017647242], [-95.408883441336, 29.7543003617668], [-95.4088842106183, 29.7542989696823], [-95.4088850079657, 29.7542975885052], [-95.4088858332988, 29.75429622049], [-95.4088866840337, 29.7542948655675], [-95.408887562794, 29.7542935226797], [-95.4088884669166, 29.754292194012], [-95.408889397733, 29.7542908784717], [-95.4088903539116, 29.7542895771513], [-95.4088913367046, 29.754288291213], [-95.4088923435679, 29.75428701946], [-95.408893377006, 29.7542857642162], [-95.4088944331827, 29.7542845242505], [-95.4088955159739, 29.7542832996667], [-95.408896621464, 29.7542820914883], [-95.4088977509054, 29.7542809008772], [-95.4088989030061, 29.7542797277988], [-95.4089000790977, 29.7542785711603], [-95.4089012778089, 29.7542774331817], [-95.4089024991398, 29.7542763138632], [-95.408903741838, 29.7542752120425], [-95.4089050071162, 29.7542741300092], [-95.4089062924302, 29.7542730665665], [-95.4089075990321, 29.7542720228765], [-95.4089089256303, 29.7542709989044], [-95.4089102735164, 29.7542699946849], [-95.4089116400273, 29.7542690124034], [-95.4089130265344, 29.7542680498398], [-95.408914431706, 29.7542671080869], [-95.4089158555024, 29.7542661882719], [-95.4089172966713, 29.754265289233], [-95.4089187551731, 29.7542644120973], [-95.4089202309682, 29.7542635579923], [-95.4089217240962, 29.7542627257906], [-95.4089232332255, 29.7542619165849], [-95.4089247583957, 29.7542611292478], [-95.4089262982357, 29.7542603659994], [-95.408927854077, 29.7542596257469], [-95.4089294233357, 29.7542589084212], [-95.4089310059325, 29.7542582162768], [-95.4089326032387, 29.7542575470937], [-95.4089342139227, 29.7542569019647], [-95.4089358353609, 29.7542562819477], [-95.408937470177, 29.7542556859847], [-95.4089391170789, 29.7542551140412], [-95.4089407734034, 29.7542545683023], [-95.4089424418139, 29.7542540465829], [-95.408944119647, 29.7542535510681], [-95.4089458069424, 29.7542530806308], [-95.4089475024083, 29.7542526352363], [-95.4089492085888, 29.7542522160811], [-95.4089509216477, 29.7542518219342], [-95.4089526415455, 29.7542514539226], [-95.4089543695741, 29.7542511120813], [-95.4089561031495, 29.7542507963407], [-95.4089578435638, 29.7542505067357], [-95.4089595895251, 29.7542502432314], [-95.4089613397413, 29.7542500057934], [-95.4089630941728, 29.7542497955489], [-95.4089648528593, 29.7542496113706], [-95.4089666158008, 29.7542494532586], [-95.4089683803738, 29.7542493222708], [-95.4089701478702, 29.7542492184419], [-95.4089719170378, 29.75424914061], [-95.4089736878369, 29.7542490899023], [-95.4089754590152, 29.754249065157], [-95.4098886111224, 29.7542433824399]]}, "properties": {"centerlineid": 10133691, "roadclass": "LOCAL", "fullname": "BRENTWOOD DR", "fromleft": 2001, "toleft": 2061, "fromright": 0, "toright": 0, "onewaydir": " "}}, {"type": "Feature", "geometry": {"type": "LineString", "coordinates": [[-95.4045252226577, 29.7377465401662], [-95.4045099134478, 29.7368922561122]]}, "properties": {"centerlineid": 10132179, "roadclass": "LOCAL", "fullname": "WOODHEAD ST", "fromleft": 3901, "toleft": 3999, "fromright": 3900, "toright": 3998, "onewaydir": " "}}, {"type": "Feature", "geometry": {"type": "LineString", "coordinates": [[-95.4080347471556, 29.7351430955676], [-95.4098886124875, 29.7351182230869], [-95.4106516147801, 29.7351088982306]]}, "properties": {"centerlineid": 10132158, "roadclass": "LOCAL", "fullname": "COLQUITT ST", "fromleft": 2001, "toleft": 2099, "fromright": 2000, "toright": 2098, "onewaydir": " "}}, {"type": "Feature", "geometry": {"type": "LineString", "coordinates": [[-95.4079048837217, 29.7469304576322], [-95.4079049091045, 29.7466845210966], [-95.4079048742513, 29.7463584344232], [-95.4078820878583, 29.7447103673925]]}, "properties": {"centerlineid": 10133968, "roadclass": "LOCAL", "fullname": "MCDUFFIE ST", "fromleft": 2101, "toleft": 2399, "fromright": 2100, "toright": 2398, "onewaydir": " "}}, {"type": "Feature", "geometry": {"type": "LineString", "coordinates": [[-95.3848718307126, 29.7527194198935], [-95.3848718367906, 29.75202124]]}, "properties": {"centerlineid": 10134314, "roadclass": "LOCAL", "fullname": "MASON ST", "fromleft": 1801, "toleft": 1899, "fromright": 1800, "toright": 1898, "onewaydir": " "}}, {"type": "Feature", "geometry": {"type": "LineString", "coordinates": [[-95.3869089621945, 29.7344775195326], [-95.3878702237184, 29.7344793473114]]}, "properties": {"centerlineid": 10136961, "roadclass": "MAJOR", "fullname": "RICHMOND AVE", "fromleft": 601, "toleft": 699, "fromright": 600, "toright": 698, "onewaydir": " "}}, {"type": "Feature", "geometry": {"type": "LineString", "coordinates": [[-95.3889095786794, 29.750174402505], [-95.3896975689259, 29.7501507405409]]}, "properties": {"centerlineid": 10134510, "roadclass": "LOCAL", "fullname": "WELCH ST", "fromleft": 701, "toleft": 799, "fromright": 700, "toright": 798, "onewaydir": " "}}, {"type": "Feature", "geometry": {"type": "LineString", "coordinates": [[-95.3947747164576, 29.7404570100783], [-95.3947594296302, 29.7395968158424]]}, "properties": {"centerlineid": 10136632, "roadclass": "LOCAL", "fullname": "GRAUSTARK ST", "fromleft": 3601, "toleft": 3699, "fromright": 3600, "toright": 3698, "onewaydir": " "}}, {"type": "Feature", "geometry": {"type": "LineString", "coordinates": [[-95.3881066114315, 29.7501826104874], [-95.3880913174283, 29.750138797916], [-95.3881116563962, 29.7495006502451]]}, "properties": {"centerlineid": 10134054, "roadclass": "LOCAL", "fullname": "HOPKINS ST", "fromleft": 2101, "toleft": 2199, "fromright": 2100, "toright": 2198, "onewaydir": " "}}, {"type": "Feature", "geometry": {"type": "LineString", "coordinates": [[-95.3896629593532, 29.7453741325769], [-95.389662991759, 29.7446245501659]]}, "properties": {"centerlineid": 10134170, "roadclass": "LOCAL", "fullname": "CROCKER ST", "fromleft": 2701, "toleft": 2799, "fromright": 2700, "toright": 2798, "onewaydir": " "}}, {"type": "Feature", "geometry": {"type": "LineString", "coordinates": [[-95.4021830036449, 29.7507986731569], [-95.40215996406, 29.7492042322794]]}, "properties": {"centerlineid": 10133923, "roadclass": "MAJOR", "fullname": "DUNLAVY ST", "fromleft": 1701, "toleft": 1899, "fromright": 1700, "toright": 1898, "onewaydir": " "}}, {"type": "Feature", "geometry": {"type": "LineString", "coordinates": [[-95.388879123927, 29.7488159925272], [-95.3896773845059, 29.7487988837292]]}, "properties": {"centerlineid": 10134610, "roadclass": "LOCAL", "fullname": "FARGO ST", "fromleft": 701, "toleft": 799, "fromright": 700, "toright": 798, "onewaydir": " "}}, {"type": "Feature", "geometry": {"type": "LineString", "coordinates": [[-95.3936838466474, 29.7335942642108], [-95.3946679497301, 29.7335828888931]]}, "properties": {"centerlineid": 10136967, "roadclass": "LOCAL", "fullname": "BONNIE BRAE ST", "fromleft": 1201, "toleft": 1399, "fromright": 1200, "toright": 1398, "onewaydir": " "}}, {"type": "Feature", "geometry": {"type": "LineString", "coordinates": [[-95.3771737642789, 29.7511190350224], [-95.376319225111, 29.7506040491804]]}, "properties": {"centerlineid": 10136023, "roadclass": "LOCAL", "fullname": "WEBSTER ST", "fromleft": 401, "toleft": 499, "fromright": 400, "toright": 498, "onewaydir": "FT"}}, {"type": "Feature", "geometry": {"type": "LineString", "coordinates": [[-95.4021293770914, 29.7470030488444], [-95.4022085613747, 29.7470023374216], [-95.4025339501159, 29.7469991661585]]}, "properties": {"centerlineid": 10133880, "roadclass": "LOCAL", "fullname": "INDIANA ST", "fromleft": 1801, "toleft": 1815, "fromright": 1800, "toright": 1814, "onewaydir": " "}}, {"type": "Feature", "geometry": {"type": "LineString", "coordinates": [[-95.3993753720312, 29.7467664387962], [-95.4003954404292, 29.7462687410987], [-95.4013249716595, 29.7458315755996], [-95.401379299783, 29.7458043756116], [-95.4014472978147, 29.7457775427711], [-95.4015176952523, 29.7457603270523], [-95.4015864300994, 29.7457514255451], [-95.4021143506605, 29.7457421642418]]}, "properties": {"centerlineid": 10134220, "roadclass": "LOCAL", "fullname": "MARYLAND ST", "fromleft": 1701, "toleft": 1899, "fromright": 1700, "toright": 1898, "onewaydir": " "}}, {"type": "Feature", "geometry": {"type": "LineString", "coordinates": [[-95.4035255809724, 29.7377485944975], [-95.4045252226577, 29.7377465401662]]}, "properties": {"centerlineid": 10132123, "roadclass": "LOCAL", "fullname": "SUL ROSS ST", "fromleft": 1701, "toleft": 1799, "fromright": 1700, "toright": 1798, "onewaydir": " "}}, {"type": "Feature", "geometry": {"type": "LineString", "coordinates": [[-95.3820760501291, 29.7352991250681], [-95.3821255718868, 29.7353303158015], [-95.3821738514074, 29.7353578903904], [-95.3822209758037, 29.7353794646853], [-95.3822872825899, 29.735400360922], [-95.3823594363781, 29.7354106695508], [-95.3825296584351, 29.7354121226462]]}, "properties": {"centerlineid": 10137222, "roadclass": "LOCAL", "fullname": "COLQUITT ST", "fromleft": 101, "toleft": 199, "fromright": 100, "toright": 198, "onewaydir": " "}}, {"type": "Feature", "geometry": {"type": "LineString", "coordinates": [[-95.4044565377773, 29.7334895597485], [-95.4044487528904, 29.7326350568689]]}, "properties": {"centerlineid": 10132294, "roadclass": "LOCAL", "fullname": "WOODHEAD ST", "fromleft": 4401, "toleft": 4499, "fromright": 4400, "toright": 4498, "onewaydir": " "}}, {"type": "Feature", "geometry": {"type": "LineString", "coordinates": [[-95.3943769996886, 29.748050624991], [-95.3943610991224, 29.7472963297528]]}, "properties": {"centerlineid": 10134356, "roadclass": "LOCAL", "fullname": "UPAS PASS", "fromleft": 2401, "toleft": 2499, "fromright": 2400, "toright": 2498, "onewaydir": " "}}, {"type": "Feature", "geometry": {"type": "LineString", "coordinates": [[-95.4020760199683, 29.7427916543508], [-95.4028924140596, 29.7427725020664]]}, "properties": {"centerlineid": 10133825, "roadclass": "MAJOR", "fullname": "WESTHEIMER RD", "fromleft": 1703, "toleft": 1717, "fromright": 1702, "toright": 1716, "onewaydir": " "}}, {"type": "Feature", "geometry": {"type": "LineString", "coordinates": [[-95.3911824227243, 29.7517762097556], [-95.3921284028558, 29.7517655231529]]}, "properties": {"centerlineid": 10134634, "roadclass": "LOCAL", "fullname": "BOMAR ST", "fromleft": 1001, "toleft": 1099, "fromright": 1000, "toright": 1098, "onewaydir": " "}}, {"type": "Feature", "geometry": {"type": "LineString", "coordinates": [[-95.4013513514277, 29.7497630054581], [-95.4013435802888, 29.7492156129678]]}, "properties": {"centerlineid": 10134056, "roadclass": "LOCAL", "fullname": "RIDGEWOOD ST", "fromleft": 1801, "toleft": 1899, "fromright": 1800, "toright": 1898, "onewaydir": " "}}, {"type": "Feature", "geometry": {"type": "LineString", "coordinates": [[-95.3920727357644, 29.7497533142415], [-95.3936336395183, 29.7497237648156]]}, "properties": {"centerlineid": 10134647, "roadclass": "LOCAL", "fullname": "W DREW ST", "fromleft": 1101, "toleft": 1199, "fromright": 1100, "toright": 1198, "onewaydir": " "}}, {"type": "Feature", "geometry": {"type": "LineString", "coordinates": [[-95.3898384628482, 29.7361902010539], [-95.3903497825985, 29.7361902101112], [-95.3911509179318, 29.7361730913623]]}, "properties": {"centerlineid": 10136824, "roadclass": "LOCAL", "fullname": "W MAIN ST", "fromleft": 901, "toleft": 999, "fromright": 900, "toright": 998, "onewaydir": " "}}, {"type": "Feature", "geometry": {"type": "LineString", "coordinates": [[-95.4029458202191, 29.7469955266843], [-95.4038155687118, 29.7469820328331]]}, "properties": {"centerlineid": 10133839, "roadclass": "LOCAL", "fullname": "INDIANA ST", "fromleft": 1901, "toleft": 1919, "fromright": 1900, "toright": 1918, "onewaydir": " "}}, {"type": "Feature", "geometry": {"type": "LineString", "coordinates": [[-95.4080728150973, 29.7376970377457], [-95.4099419936073, 29.7376760627753], [-95.410689708932, 29.7376685131663]]}, "properties": {"centerlineid": 10132108, "roadclass": "LOCAL", "fullname": "SUL ROSS ST", "fromleft": 2001, "toleft": 2099, "fromright": 2000, "toright": 2098, "onewaydir": " "}}, {"type": "Feature", "geometry": {"type": "LineString", "coordinates": [[-95.380202525602, 29.7424920560272], [-95.3806527177878, 29.7419275864499]]}, "properties": {"centerlineid": 10136353, "roadclass": "MAJOR", "fullname": "LOUISIANA ST", "fromleft": 3301, "toleft": 3399, "fromright": 3300, "toright": 3398, "onewaydir": "FT"}}, {"type": "Feature", "geometry": {"type": "LineString", "coordinates": [[-95.3869589627295, 29.7379351140046], [-95.3869392934145, 29.737090539044]]}, "properties": {"centerlineid": 10136933, "roadclass": "LOCAL", "fullname": "JACK ST", "fromleft": 3901, "toleft": 3999, "fromright": 3900, "toright": 3998, "onewaydir": " "}}, {"type": "Feature", "geometry": {"type": "LineString", "coordinates": [[-95.4106972839765, 29.7385592910568], [-95.410689708932, 29.7376685131663]]}, "properties": {"centerlineid": 10132300, "roadclass": "MAJOR", "fullname": "S SHEPHERD DR", "fromleft": 3101, "toleft": 3199, "fromright": 3100, "toright": 3198, "onewaydir": " "}}, {"type": "Feature", "geometry": {"type": "LineString", "coordinates": [[-95.4020913059966, 29.743770046876], [-95.4020760199683, 29.7427916543508]]}, "properties": {"centerlineid": 10133775, "roadclass": "MAJOR", "fullname": "DUNLAVY ST", "fromleft": 2501, "toleft": 2599, "fromright": 2500, "toright": 2598, "onewaydir": " "}}, {"type": "Feature", "geometry": {"type": "LineString", "coordinates": [[-95.4088892154408, 29.7507204147387], [-95.4098199584514, 29.750716564483]]}, "properties": {"centerlineid": 10133790, "roadclass": "LOCAL", "fullname": "HADDON ST", "fromleft": 2037, "toleft": 2049, "fromright": 2036, "toright": 2048, "onewaydir": " "}}, {"type": "Feature", "geometry": {"type": "LineString", "coordinates": [[-95.4080269885133, 29.7342658018539], [-95.4106591355288, 29.7342466201826]]}, "properties": {"centerlineid": 10132109, "roadclass": "MAJOR", "fullname": "RICHMOND AVE", "fromleft": 1927, "toleft": 2099, "fromright": 1926, "toright": 2098, "onewaydir": " "}}, {"type": "Feature", "geometry": {"type": "LineString", "coordinates": [[-95.3927834715669, 29.7473482846342], [-95.393577733711, 29.7473294644343]]}, "properties": {"centerlineid": 10134614, "roadclass": "LOCAL", "fullname": "HYDE PARK BLVD", "fromleft": 1201, "toleft": 1299, "fromright": 1200, "toright": 1298, "onewaydir": " "}}, {"type": "Feature", "geometry": {"type": "LineString", "coordinates": [[-95.4044870850341, 29.736039583319], [-95.404479337765, 29.7354865143378], [-95.4044793526558, 29.7351850824564]]}, "properties": {"centerlineid": 10132256, "roadclass": "LOCAL", "fullname": "WOODHEAD ST", "fromleft": 4101, "toleft": 4199, "fromright": 4100, "toright": 4198, "onewaydir": " "}}, {"type": "Feature", "geometry": {"type": "LineString", "coordinates": [[-95.3820335912768, 29.740697278812], [-95.3820336191278, 29.7403597945354], [-95.3820335781186, 29.7400392384196], [-95.3820413539782, 29.73994771764], [-95.3820566254327, 29.7398868178628], [-95.3820794563444, 29.7398427780917]]}, "properties": {"centerlineid": 10137309, "roadclass": "LOCAL", "fullname": "BURLINGTON ST", "fromleft": 3601, "toleft": 3699, "fromright": 3600, "toright": 3698, "onewaydir": " "}}, {"type": "Feature", "geometry": {"type": "LineString", "coordinates": [[-95.3834473448927, 29.7354042375058], [-95.3834395831803, 29.7348547925913], [-95.3834382340667, 29.734681871768], [-95.3834436574958, 29.7345989306268], [-95.3834692317278, 29.7345296767545], [-95.3835183874593, 29.7344361541056]]}, "properties": {"centerlineid": 10136627, "roadclass": "LOCAL", "fullname": "BRANDT ST", "fromleft": 4201, "toleft": 4299, "fromright": 4200, "toright": 4298, "onewaydir": " "}}, {"type": "Feature", "geometry": {"type": "LineString", "coordinates": [[-95.3913217379579, 29.7501308944898], [-95.3913308941112, 29.7498651700669], [-95.391334985643, 29.7498423530529], [-95.3913410617664, 29.7498253204493], [-95.3913493262552, 29.749808347915], [-95.3913640859513, 29.7497934583836]]}, "properties": {"centerlineid": 10134047, "roadclass": "LOCAL", "fullname": "GRANT ST", "fromleft": 2101, "toleft": 2199, "fromright": 2100, "toright": 2198, "onewaydir": " "}}, {"type": "Feature", "geometry": {"type": "LineString", "coordinates": [[-95.3919823563466, 29.747365369724], [-95.3927834715669, 29.7473482846342]]}, "properties": {"centerlineid": 10134613, "roadclass": "LOCAL", "fullname": "HYDE PARK BLVD", "fromleft": 1101, "toleft": 1199, "fromright": 1100, "toright": 1198, "onewaydir": " "}}, {"type": "Feature", "geometry": {"type": "LineString", "coordinates": [[-95.412895190198, 29.7359509837479], [-95.4128945786472, 29.7353566741001], [-95.4128945825997, 29.7350897106412]]}, "properties": {"centerlineid": 10132057, "roadclass": "LOCAL", "fullname": "GREENBRIAR DR", "fromleft": 3401, "toleft": 3499, "fromright": 3400, "toright": 3498, "onewaydir": " "}}, {"type": "Feature", "geometry": {"type": "LineString", "coordinates": [[-95.3776545256018, 29.7392515626459], [-95.3782343208154, 29.7385362585457]]}, "properties": {"centerlineid": 10137604, "roadclass": "MAJOR", "fullname": "FANNIN ST", "fromleft": 3501, "toleft": 3599, "fromright": 3500, "toright": 3598, "onewaydir": "FT"}}, {"type": "Feature", "geometry": {"type": "LineString", "coordinates": [[-95.3993219845828, 29.7386985102419], [-95.399306670126, 29.737786727555]]}, "properties": {"centerlineid": 10136687, "roadclass": "LOCAL", "fullname": "MANDELL ST", "fromleft": 3801, "toleft": 3899, "fromright": 3800, "toright": 3898, "onewaydir": " "}}, {"type": "Feature", "geometry": {"type": "LineString", "coordinates": [[-95.382819439042, 29.7487729759396], [-95.381949828982, 29.7482543162875]]}, "properties": {"centerlineid": 10134306, "roadclass": "LOCAL", "fullname": "DREW ST", "fromleft": 101, "toleft": 199, "fromright": 100, "toright": 198, "onewaydir": " "}}, {"type": "Feature", "geometry": {"type": "LineString", "coordinates": [[-95.3937066315512, 29.7352900736707], [-95.3936991295714, 29.734488930641]]}, "properties": {"centerlineid": 10136873, "roadclass": "LOCAL", "fullname": "MT VERNON ST", "fromleft": 4201, "toleft": 4299, "fromright": 4200, "toright": 4298, "onewaydir": " "}}, {"type": "Feature", "geometry": {"type": "LineString", "coordinates": [[-95.3865274458899, 29.7413991511095], [-95.3865121803795, 29.7405523971059]]}, "properties": {"centerlineid": 10134397, "roadclass": "LOCAL", "fullname": "AUDUBON PL", "fromleft": 3501, "toleft": 3599, "fromright": 3500, "toright": 3598, "onewaydir": " "}}, {"type": "Feature", "geometry": {"type": "LineString", "coordinates": [[-95.3839945066236, 29.7503160958146], [-95.3848565609135, 29.750308564563]]}, "properties": {"centerlineid": 10134484, "roadclass": "LOCAL", "fullname": "WELCH ST", "fromleft": 101, "toleft": 199, "fromright": 100, "toright": 198, "onewaydir": " "}}, {"type": "Feature", "geometry": {"type": "LineString", "coordinates": [[-95.3816904435605, 29.746905836586], [-95.381690440361, 29.7467646100612], [-95.3816826668445, 29.7464727803727]]}, "properties": {"centerlineid": 10135902, "roadclass": "LOCAL", "fullname": "BALDWIN ST", "fromleft": 2907, "toleft": 2909, "fromright": 2906, "toright": 2908, "onewaydir": " "}}, {"type": "Feature", "geometry": {"type": "LineString", "coordinates": [[-95.4046091745523, 29.7427457857817], [-95.4046087093013, 29.7427378172179], [-95.4045861066206, 29.7419467424295]]}, "properties": {"centerlineid": 10133991, "roadclass": "LOCAL", "fullname": "WOODHEAD ST", "fromleft": 2601, "toleft": 2699, "fromright": 2600, "toright": 2698, "onewaydir": " "}}, {"type": "Feature", "geometry": {"type": "LineString", "coordinates": [[-95.4088433538888, 29.7481493889657], [-95.4097740846912, 29.7481436764071]]}, "properties": {"centerlineid": 10133740, "roadclass": "LOCAL", "fullname": "WELCH ST", "fromleft": 2017, "toleft": 2027, "fromright": 2016, "toright": 2026, "onewaydir": " "}}, {"type": "Feature", "geometry": {"type": "LineString", "coordinates": [[-95.4088892154408, 29.7507204147387], [-95.40885865586, 29.7492078789704], [-95.4088661905933, 29.7491316538277]]}, "properties": {"centerlineid": 10133930, "roadclass": "LOCAL", "fullname": "BRUN ST", "fromleft": 1701, "toleft": 1899, "fromright": 1700, "toright": 1898, "onewaydir": " "}}, {"type": "Feature", "geometry": {"type": "LineString", "coordinates": [[-95.4025492561502, 29.7457442133248], [-95.4029382536635, 29.7457480987155]]}, "properties": {"centerlineid": 10133828, "roadclass": "LOCAL", "fullname": "MARYLAND ST", "fromleft": 1919, "toleft": 1999, "fromright": 1918, "toright": 1998, "onewaydir": " "}}, {"type": "Feature", "geometry": {"type": "LineString", "coordinates": [[-95.4079279361534, 29.7481682955652], [-95.4079048837217, 29.7469304576322]]}, "properties": {"centerlineid": 10133935, "roadclass": "LOCAL", "fullname": "MCDUFFIE ST", "fromleft": 2001, "toleft": 2099, "fromright": 2000, "toright": 2098, "onewaydir": " "}}, {"type": "Feature", "geometry": {"type": "LineString", "coordinates": [[-95.4107353704661, 29.7425874560737], [-95.4107737191202, 29.74258378498], [-95.4113729269294, 29.7425866204217]]}, "properties": {"centerlineid": 10133962, "roadclass": "MAJOR", "fullname": "WESTHEIMER RD", "fromleft": 2101, "toleft": 2109, "fromright": 2100, "toright": 2108, "onewaydir": " "}}, {"type": "Feature", "geometry": {"type": "LineString", "coordinates": [[-95.3997549170087, 29.74735731372], [-95.4021175253655, 29.7462517080435]]}, "properties": {"centerlineid": 10134219, "roadclass": "LOCAL", "fullname": "MICHIGAN ST", "fromleft": 1701, "toleft": 1799, "fromright": 1700, "toright": 1798, "onewaydir": " "}}, {"type": "Feature", "geometry": {"type": "LineString", "coordinates": [[-95.3848793742002, 29.7353986602938], [-95.3852227520741, 29.7351259816894], [-95.3853907128081, 29.7349751914297]]}, "properties": {"centerlineid": 10136717, "roadclass": "LOCAL", "fullname": "MILAM ST", "fromleft": 4101, "toleft": 4199, "fromright": 4100, "toright": 4198, "onewaydir": "TF"}}, {"type": "Feature", "geometry": {"type": "LineString", "coordinates": [[-95.3953163987804, 29.7456602385094], [-95.3948433953361, 29.7449125357827]]}, "properties": {"centerlineid": 10134060, "roadclass": "MAJOR", "fullname": "COMMONWEALTH ST", "fromleft": 2601, "toleft": 2699, "fromright": 2600, "toright": 2698, "onewaydir": "FT"}}, {"type": "Feature", "geometry": {"type": "LineString", "coordinates": [[-95.3888468285976, 29.7353473216007], [-95.389830906054, 29.7353357008151]]}, "properties": {"centerlineid": 10136953, "roadclass": "LOCAL", "fullname": "COLQUITT ST", "fromleft": 801, "toleft": 899, "fromright": 800, "toright": 898, "onewaydir": " "}}, {"type": "Feature", "geometry": {"type": "LineString", "coordinates": [[-95.3787378934534, 29.7443612816605], [-95.3791725370714, 29.743796768991]]}, "properties": {"centerlineid": 10136299, "roadclass": "MAJOR", "fullname": "LOUISIANA ST", "fromleft": 3001, "toleft": 3099, "fromright": 3000, "toright": 3098, "onewaydir": "FT"}}, {"type": "Feature", "geometry": {"type": "LineString", "coordinates": [[-95.3904517118219, 29.7481129285043], [-95.3909494662511, 29.748107708335], [-95.3910135521916, 29.748106568582], [-95.391067741111, 29.7481065952301], [-95.3911235291981, 29.7481081306763], [-95.391179148296, 29.7481138951691]]}, "properties": {"centerlineid": 10134558, "roadclass": "LOCAL", "fullname": "FAIRVIEW AVE", "fromleft": 901, "toleft": 999, "fromright": 900, "toright": 998, "onewaydir": " "}}, {"type": "Feature", "geometry": {"type": "LineString", "coordinates": [[-95.3929589084041, 29.7547316909409], [-95.392944962019, 29.7540362470822]]}, "properties": {"centerlineid": 10134087, "roadclass": "LOCAL", "fullname": "MARCONI ST", "fromleft": 1401, "toleft": 1499, "fromright": 1400, "toright": 1498, "onewaydir": " "}}, {"type": "Feature", "geometry": {"type": "LineString", "coordinates": [[-95.3807213978611, 29.7466272588005], [-95.3812174327778, 29.7459655476746], [-95.3812630457502, 29.7459119342668]]}, "properties": {"centerlineid": 10136332, "roadclass": "MAJOR", "fullname": "BAGBY ST", "fromleft": 2901, "toleft": 2999, "fromright": 2900, "toright": 2998, "onewaydir": "FT"}}, {"type": "Feature", "geometry": {"type": "LineString", "coordinates": [[-95.3967457400276, 29.7446612459295], [-95.3975214792189, 29.7442964416815], [-95.3977731480843, 29.7441782627349]]}, "properties": {"centerlineid": 10134591, "roadclass": "LOCAL", "fullname": "MISSOURI ST", "fromleft": 1601, "toleft": 1699, "fromright": 1600, "toright": 1698, "onewaydir": " "}}, {"type": "Feature", "geometry": {"type": "LineString", "coordinates": [[-95.4081643054082, 29.7403006952306], [-95.4081643092151, 29.7400355935939]]}, "properties": {"centerlineid": 10132283, "roadclass": "LOCAL", "fullname": "MCDUFFIE ST", "fromleft": 3601, "toleft": 3605, "fromright": 3600, "toright": 3604, "onewaydir": " "}}, {"type": "Feature", "geometry": {"type": "LineString", "coordinates": [[-95.3789361339208, 29.7408919089001], [-95.3780981049862, 29.7403944945066], [-95.3780588484773, 29.7403711986467]]}, "properties": {"centerlineid": 10135849, "roadclass": "LOCAL", "fullname": "FRANCIS ST", "fromleft": 901, "toleft": 999, "fromright": 900, "toright": 998, "onewaydir": " "}}, {"type": "Feature", "geometry": {"type": "LineString", "coordinates": [[-95.3937066409852, 29.7524999133643], [-95.3936893962084, 29.751740198138]]}, "properties": {"centerlineid": 10134390, "roadclass": "LOCAL", "fullname": "VAN BUREN ST", "fromleft": 1701, "toleft": 1799, "fromright": 1700, "toright": 1798, "onewaydir": " "}}, {"type": "Feature", "geometry": {"type": "LineString", "coordinates": [[-95.3864968535809, 29.7475141288261], [-95.386596097342, 29.7475084329998], [-95.3872980042523, 29.7475066143702]]}, "properties": {"centerlineid": 10134630, "roadclass": "LOCAL", "fullname": "HYDE PARK BLVD", "fromleft": 401, "toleft": 499, "fromright": 400, "toright": 498, "onewaydir": " "}}, {"type": "Feature", "geometry": {"type": "LineString", "coordinates": [[-95.3905289877845, 29.7455615845709], [-95.3905234369493, 29.7446741789813]]}, "properties": {"centerlineid": 10134062, "roadclass": "LOCAL", "fullname": "GRANT ST", "fromleft": 2701, "toleft": 2799, "fromright": 2700, "toright": 2798, "onewaydir": " "}}, {"type": "Feature", "geometry": {"type": "LineString", "coordinates": [[-95.3869089509326, 29.7353644265494], [-95.3878702406972, 29.7353566716269]]}, "properties": {"centerlineid": 10136951, "roadclass": "LOCAL", "fullname": "COLQUITT ST", "fromleft": 601, "toleft": 699, "fromright": 600, "toright": 698, "onewaydir": " "}}, {"type": "Feature", "geometry": {"type": "LineString", "coordinates": [[-95.398790054699, 29.7518825283924], [-95.4001993061778, 29.7512315436641]]}, "properties": {"centerlineid": 10134193, "roadclass": "LOCAL", "fullname": "HADDON ST", "fromleft": 1501, "toleft": 1599, "fromright": 1500, "toright": 1598, "onewaydir": " "}}, {"type": "Feature", "geometry": {"type": "LineString", "coordinates": [[-95.3840098051849, 29.7527059740082], [-95.3847878770288, 29.7527041288308], [-95.3848718307126, 29.7527194198935]]}, "properties": {"centerlineid": 10134425, "roadclass": "LOCAL", "fullname": "ONEIL ST", "fromleft": 1701, "toleft": 1799, "fromright": 1700, "toright": 1798, "onewaydir": " "}}, {"type": "Feature", "geometry": {"type": "LineString", "coordinates": [[-95.3987878070317, 29.7518820222776], [-95.3988259015764, 29.751674183248], [-95.3988412197918, 29.7514909441203], [-95.3987877967043, 29.7512812500839], [-95.3986657459609, 29.7510524079736]]}, "properties": {"centerlineid": 10134198, "roadclass": "MAJOR", "fullname": "COMMONWEALTH ST", "fromleft": 1701, "toleft": 1799, "fromright": 1700, "toright": 1798, "onewaydir": "FT"}}, {"type": "Feature", "geometry": {"type": "LineString", "coordinates": [[-95.3776239546686, 29.7409338879522], [-95.3771890273671, 29.7406762802206]]}, "properties": {"centerlineid": 10135736, "roadclass": "LOCAL", "fullname": "STUART ST", "fromleft": 1001, "toleft": 1015, "fromright": 1000, "toright": 1014, "onewaydir": " "}}, {"type": "Feature", "geometry": {"type": "LineString", "coordinates": [[-95.4021175253655, 29.7462517080435], [-95.4021143506605, 29.7457421642418]]}, "properties": {"centerlineid": 10133644, "roadclass": "MAJOR", "fullname": "DUNLAVY ST", "fromleft": 2201, "toleft": 2299, "fromright": 2200, "toright": 2298, "onewaydir": " "}}, {"type": "Feature", "geometry": {"type": "LineString", "coordinates": [[-95.3898156297265, 29.7519888449767], [-95.3898081222185, 29.7519735248786], [-95.3898003541163, 29.7519429862943], [-95.3898174501958, 29.7515872249303], [-95.3898162549824, 29.7515567235315], [-95.3898085911069, 29.7515373089004], [-95.3897945808216, 29.7515256725839], [-95.3897766839553, 29.7515165798099], [-95.3897396881689, 29.7514975753951]]}, "properties": {"centerlineid": 10134212, "roadclass": "LOCAL", "fullname": "CROCKER ST", "fromleft": 1801, "toleft": 1899, "fromright": 1800, "toright": 1898, "onewaydir": " "}}, {"type": "Feature", "geometry": {"type": "LineString", "coordinates": [[-95.3854210491796, 29.7371190791508], [-95.3869392934145, 29.737090539044]]}, "properties": {"centerlineid": 10136659, "roadclass": "LOCAL", "fullname": "BRANARD ST", "fromleft": 501, "toleft": 599, "fromright": 500, "toright": 598, "onewaydir": " "}}, {"type": "Feature", "geometry": {"type": "LineString", "coordinates": [[-95.3946985017902, 29.7352765800949], [-95.3953775738444, 29.7352729446409], [-95.395453760544, 29.73527090092], [-95.3955149126095, 29.7352975723817]]}, "properties": {"centerlineid": 10136868, "roadclass": "LOCAL", "fullname": "COLQUITT ST", "fromleft": 1301, "toleft": 1399, "fromright": 1300, "toright": 1398, "onewaydir": " "}}, {"type": "Feature", "geometry": {"type": "LineString", "coordinates": [[-95.3792337094223, 29.7485078201534], [-95.3783867083534, 29.7479985389083]]}, "properties": {"centerlineid": 10135825, "roadclass": "LOCAL", "fullname": "MCGOWEN ST", "fromleft": 401, "toleft": 499, "fromright": 400, "toright": 498, "onewaydir": " "}}, {"type": "Feature", "geometry": {"type": "LineString", "coordinates": [[-95.4021143506605, 29.7457421642418], [-95.4021866708306, 29.7457426180448], [-95.4025492561502, 29.7457442133248]]}, "properties": {"centerlineid": 10133879, "roadclass": "LOCAL", "fullname": "MARYLAND ST", "fromleft": 1901, "toleft": 1917, "fromright": 1900, "toright": 1916, "onewaydir": " "}}, {"type": "Feature", "geometry": {"type": "LineString", "coordinates": [[-95.3830855659857, 29.7539095007706], [-95.3830635529999, 29.7532533424595]]}, "properties": {"centerlineid": 10134096, "roadclass": "LOCAL", "fullname": "GILLETTE ST", "fromleft": 1601, "toleft": 1699, "fromright": 1600, "toright": 1698, "onewaydir": " "}}, {"type": "Feature", "geometry": {"type": "LineString", "coordinates": [[-95.3947518843451, 29.7387423181032], [-95.394729087286, 29.7378382874171]]}, "properties": {"centerlineid": 10136911, "roadclass": "LOCAL", "fullname": "GRAUSTARK ST", "fromleft": 3801, "toleft": 3899, "fromright": 3800, "toright": 3898, "onewaydir": " "}}, {"type": "Feature", "geometry": {"type": "LineString", "coordinates": [[-95.3979113719259, 29.7361043498525], [-95.3979104752044, 29.7360339066941], [-95.3979105190232, 29.7359919033301], [-95.3979027137763, 29.735589408486], [-95.3978952266952, 29.7352519555231]]}, "properties": {"centerlineid": 10137021, "roadclass": "LOCAL", "fullname": "LORETTO DR", "fromleft": 4101, "toleft": 4199, "fromright": 4100, "toright": 4198, "onewaydir": " "}}, {"type": "Feature", "geometry": {"type": "LineString", "coordinates": [[-95.3926374303353, 29.7434212688039], [-95.3927681626081, 29.7433924453891], [-95.392877160572, 29.7433751812618], [-95.3930428911149, 29.7433714671995], [-95.3931834735858, 29.7433810405426], [-95.3933633392918, 29.7434026006137], [-95.3935045897584, 29.7434326736774]]}, "properties": {"centerlineid": 10134076, "roadclass": "MAJOR", "fullname": "LOVETT BLVD", "fromleft": 1101, "toleft": 1199, "fromright": 1100, "toright": 1198, "onewaydir": " "}}, {"type": "Feature", "geometry": {"type": "LineString", "coordinates": [[-95.4070503854804, 29.7342714759343], [-95.4080269885133, 29.7342658018539]]}, "properties": {"centerlineid": 10132216, "roadclass": "MAJOR", "fullname": "RICHMOND AVE", "fromleft": 1901, "toleft": 1925, "fromright": 1900, "toright": 1924, "onewaydir": " "}}, {"type": "Feature", "geometry": {"type": "LineString", "coordinates": [[-95.4044565377773, 29.7334895597485], [-95.4062951430541, 29.7334703761961], [-95.4066154924565, 29.733460781638], [-95.4070428471788, 29.73345326538]]}, "properties": {"centerlineid": 10132314, "roadclass": "LOCAL", "fullname": "PORTSMOUTH ST", "fromleft": 1801, "toleft": 1899, "fromright": 1800, "toright": 1898, "onewaydir": " "}}, {"type": "Feature", "geometry": {"type": "LineString", "coordinates": [[-95.4055398821337, 29.7491622385933], [-95.4055245968746, 29.7481950128385]]}, "properties": {"centerlineid": 10133949, "roadclass": "LOCAL", "fullname": "MORSE ST", "fromleft": 1901, "toleft": 1999, "fromright": 1900, "toright": 1998, "onewaydir": " "}}, {"type": "Feature", "geometry": {"type": "LineString", "coordinates": [[-95.3832239470437, 29.7498449145134], [-95.3823617026165, 29.7493377145329]]}, "properties": {"centerlineid": 10134303, "roadclass": "LOCAL", "fullname": "DENNIS ST", "fromleft": 97, "toleft": 99, "fromright": 96, "toright": 98, "onewaydir": " "}}, {"type": "Feature", "geometry": {"type": "LineString", "coordinates": [[-95.3911509179318, 29.7361730913623], [-95.3911431194815, 29.735694355182], [-95.3911356330965, 29.7353167550656]]}, "properties": {"centerlineid": 10136671, "roadclass": "MAJOR", "fullname": "MONTROSE BLVD", "fromleft": 4101, "toleft": 4199, "fromright": 4100, "toright": 4198, "onewaydir": " "}}, {"type": "Feature", "geometry": {"type": "LineString", "coordinates": [[-95.40048928199, 29.7427953174035], [-95.4012598536495, 29.7427953176262]]}, "properties": {"centerlineid": 10134157, "roadclass": "MAJOR", "fullname": "WESTHEIMER RD", "fromleft": 1629, "toleft": 1643, "fromright": 1628, "toright": 1642, "onewaydir": " "}}, {"type": "Feature", "geometry": {"type": "LineString", "coordinates": [[-95.4070503820023, 29.74191409754], [-95.4070351156148, 29.7411608973567]]}, "properties": {"centerlineid": 10133799, "roadclass": "LOCAL", "fullname": "HAZARD ST", "fromleft": 3401, "toleft": 3499, "fromright": 3400, "toright": 3498, "onewaydir": " "}}, {"type": "Feature", "geometry": {"type": "LineString", "coordinates": [[-95.385985750001, 29.7467931374493], [-95.3859857703446, 29.7466977290158], [-95.3859857821591, 29.7463602926075]]}, "properties": {"centerlineid": 10134254, "roadclass": "LOCAL", "fullname": "TAFT ST", "fromleft": 2601, "toleft": 2699, "fromright": 2600, "toright": 2698, "onewaydir": " "}}, {"type": "Feature", "geometry": {"type": "LineString", "coordinates": [[-95.3926070040234, 29.7417641255578], [-95.3926004617663, 29.7413286462628]]}, "properties": {"centerlineid": 10204408, "roadclass": "LOCAL", "fullname": "YOAKUM BLVD", "fromleft": 3459, "toleft": 3499, "fromright": 3458, "toright": 3498, "onewaydir": " "}}, {"type": "Feature", "geometry": {"type": "LineString", "coordinates": [[-95.3957666111442, 29.7434152770679], [-95.3957741338918, 29.742316597116]]}, "properties": {"centerlineid": 10134069, "roadclass": "LOCAL", "fullname": "YUPON ST", "fromleft": 3301, "toleft": 3399, "fromright": 3300, "toright": 3398, "onewaydir": " "}}, {"type": "Feature", "geometry": {"type": "LineString", "coordinates": [[-95.3992760843878, 29.7360948090127], [-95.4019616807671, 29.7360623955095]]}, "properties": {"centerlineid": 10136950, "roadclass": "LOCAL", "fullname": "W MAIN ST", "fromleft": 1601, "toleft": 1699, "fromright": 1600, "toright": 1698, "onewaydir": " "}}, {"type": "Feature", "geometry": {"type": "LineString", "coordinates": [[-95.3969492151233, 29.7428679001645], [-95.3970406872111, 29.7428316099103], [-95.3971474647002, 29.7428162933712], [-95.3974908947598, 29.7428105969919], [-95.3975518328401, 29.7428087918342]]}, "properties": {"centerlineid": 10134191, "roadclass": "MAJOR", "fullname": "WESTHEIMER RD", "fromleft": 1427, "toleft": 1499, "fromright": 1426, "toright": 1498, "onewaydir": " "}}, {"type": "Feature", "geometry": {"type": "LineString", "coordinates": [[-95.3912499183801, 29.7434590606979], [-95.3926374303353, 29.7434212688039]]}, "properties": {"centerlineid": 10134075, "roadclass": "MAJOR", "fullname": "LOVETT BLVD", "fromleft": 1001, "toleft": 1099, "fromright": 1000, "toright": 1098, "onewaydir": " "}}, {"type": "Feature", "geometry": {"type": "LineString", "coordinates": [[-95.4131370397073, 29.7425601460644], [-95.4131081432568, 29.7406516448805]]}, "properties": {"centerlineid": 10133707, "roadclass": "LOCAL", "fullname": "GREENBRIAR DR", "fromleft": 2601, "toleft": 2799, "fromright": 2600, "toright": 2798, "onewaydir": " "}}, {"type": "Feature", "geometry": {"type": "LineString", "coordinates": [[-95.4106744617694, 29.7359670576652], [-95.4110100838479, 29.7359613516371], [-95.412895190198, 29.7359509837479]]}, "properties": {"centerlineid": 10132240, "roadclass": "LOCAL", "fullname": "W MAIN ST", "fromleft": 2101, "toleft": 2199, "fromright": 2100, "toright": 2198, "onewaydir": " "}}, {"type": "Feature", "geometry": {"type": "LineString", "coordinates": [[-95.3980706921251, 29.754642015793], [-95.3980532996976, 29.753958692988]]}, "properties": {"centerlineid": 10134091, "roadclass": "MAJOR", "fullname": "WAUGH DR", "fromleft": 1401, "toleft": 1499, "fromright": 1400, "toright": 1498, "onewaydir": " "}}, {"type": "Feature", "geometry": {"type": "LineString", "coordinates": [[-95.389892064654, 29.7405008038669], [-95.3901971308864, 29.7404989761366], [-95.3912043090617, 29.7404836865022]]}, "properties": {"centerlineid": 10136995, "roadclass": "LOCAL", "fullname": "KIPLING ST", "fromleft": 901, "toleft": 999, "fromright": 900, "toright": 998, "onewaydir": " "}}, {"type": "Feature", "geometry": {"type": "LineString", "coordinates": [[-95.3948433953361, 29.7449125357827], [-95.3943779148728, 29.7441572647229]]}, "properties": {"centerlineid": 10134064, "roadclass": "MAJOR", "fullname": "COMMONWEALTH ST", "fromleft": 2701, "toleft": 2799, "fromright": 2700, "toright": 2798, "onewaydir": "FT"}}, {"type": "Feature", "geometry": {"type": "LineString", "coordinates": [[-95.3872368042266, 29.7445426811862], [-95.3872292831301, 29.7434649922449]]}, "properties": {"centerlineid": 10134207, "roadclass": "LOCAL", "fullname": "WHITNEY ST", "fromleft": 2801, "toleft": 3299, "fromright": 2800, "toright": 3298, "onewaydir": " "}}, {"type": "Feature", "geometry": {"type": "LineString", "coordinates": [[-95.4071724504365, 29.7507375146934], [-95.4072792679871, 29.7507318192904], [-95.4079660415465, 29.7507242752787]]}, "properties": {"centerlineid": 10133788, "roadclass": "LOCAL", "fullname": "HADDON ST", "fromleft": 1973, "toleft": 2019, "fromright": 1972, "toright": 2018, "onewaydir": " "}}, {"type": "Feature", "geometry": {"type": "LineString", "coordinates": [[-95.4013741516111, 29.7507986740003], [-95.4013513514277, 29.7497630054581]]}, "properties": {"centerlineid": 10134057, "roadclass": "LOCAL", "fullname": "RIDGEWOOD ST", "fromleft": 1701, "toleft": 1799, "fromright": 1700, "toright": 1798, "onewaydir": " "}}, {"type": "Feature", "geometry": {"type": "LineString", "coordinates": [[-95.3999863660646, 29.7456845576322], [-95.3995777451011, 29.7450333928764]]}, "properties": {"centerlineid": 10134102, "roadclass": "LOCAL", "fullname": "RIDGEWOOD ST", "fromleft": 2401, "toleft": 2499, "fromright": 2400, "toright": 2498, "onewaydir": " "}}, {"type": "Feature", "geometry": {"type": "LineString", "coordinates": [[-95.3848184150654, 29.7463965743352], [-95.3848106793035, 29.7460627403583], [-95.3848031529192, 29.7454808823399]]}, "properties": {"centerlineid": 10134163, "roadclass": "LOCAL", "fullname": "MASON ST", "fromleft": 2701, "toleft": 2799, "fromright": 2700, "toright": 2798, "onewaydir": " "}}, {"type": "Feature", "geometry": {"type": "LineString", "coordinates": [[-95.3980335103836, 29.7532168339769], [-95.3980363460815, 29.7530124716222]]}, "properties": {"centerlineid": 10134371, "roadclass": "MAJOR", "fullname": "WAUGH DR", "fromleft": 1601, "toleft": 1631, "fromright": 1600, "toright": 1630, "onewaydir": " "}}, {"type": "Feature", "geometry": {"type": "LineString", "coordinates": [[-95.4123255414857, 29.7425736367119], [-95.4129961559663, 29.7425624886656], [-95.4131370397073, 29.7425601460644]]}, "properties": {"centerlineid": 10133862, "roadclass": "MAJOR", "fullname": "WESTHEIMER RD", "fromleft": 2129, "toleft": 2199, "fromright": 2128, "toright": 2198, "onewaydir": " "}}, {"type": "Feature", "geometry": {"type": "LineString", "coordinates": [[-95.4025339501159, 29.7469991661585], [-95.4029458202191, 29.7469955266843]]}, "properties": {"centerlineid": 10133829, "roadclass": "LOCAL", "fullname": "INDIANA ST", "fromleft": 1817, "toleft": 1899, "fromright": 1816, "toright": 1898, "onewaydir": " "}}, {"type": "Feature", "geometry": {"type": "LineString", "coordinates": [[-95.4080728000946, 29.7385953342652], [-95.4093927809819, 29.7385800613649]]}, "properties": {"centerlineid": 10132122, "roadclass": "MAJOR", "fullname": "W ALABAMA ST", "fromleft": 2001, "toleft": 2031, "fromright": 2000, "toright": 2030, "onewaydir": " "}}, {"type": "Feature", "geometry": {"type": "LineString", "coordinates": [[-95.412978511953, 29.7500548407066], [-95.41400847534, 29.7500260791814]]}, "properties": {"centerlineid": 10133660, "roadclass": "LOCAL", "fullname": "STANMORE DR", "fromleft": 2147, "toleft": 2211, "fromright": 2146, "toright": 2210, "onewaydir": " "}}, {"type": "Feature", "geometry": {"type": "LineString", "coordinates": [[-95.4055398821337, 29.7491622385933], [-95.405631369048, 29.749167949429], [-95.4062492658996, 29.7491526597271], [-95.4063485318387, 29.7491449018865]]}, "properties": {"centerlineid": 10133729, "roadclass": "LOCAL", "fullname": "VERMONT ST", "fromleft": 1951, "toleft": 1961, "fromright": 1950, "toright": 1960, "onewaydir": " "}}, {"type": "Feature", "geometry": {"type": "LineString", "coordinates": [[-95.3821862578336, 29.753262964192], [-95.3821786925751, 29.752687059003]]}, "properties": {"centerlineid": 10135709, "roadclass": "LOCAL", "fullname": "BAILEY ST", "fromleft": 1701, "toleft": 1799, "fromright": 1700, "toright": 1798, "onewaydir": " "}}, {"type": "Feature", "geometry": {"type": "LineString", "coordinates": [[-95.4116568119545, 29.7461173833427], [-95.4116432827768, 29.7447007728051]]}, "properties": {"centerlineid": 10223149, "roadclass": "LOCAL", "fullname": "PECKHAM ST", "fromleft": 2207, "toleft": 2399, "fromright": 2206, "toright": 2398, "onewaydir": " "}}, {"type": "Feature", "geometry": {"type": "LineString", "coordinates": [[-95.3840135323159, 29.7510080918631], [-95.3840077101006, 29.750796327885]]}, "properties": {"centerlineid": 10134653, "roadclass": "LOCAL", "fullname": "GENESEE ST", "fromleft": 2001, "toleft": 2039, "fromright": 2000, "toright": 2038, "onewaydir": " "}}, {"type": "Feature", "geometry": {"type": "LineString", "coordinates": [[-95.3881420677602, 29.7515445448264], [-95.3889077543686, 29.7515253940768]]}, "properties": {"centerlineid": 10134639, "roadclass": "LOCAL", "fullname": "BOMAR ST", "fromleft": 601, "toleft": 699, "fromright": 600, "toright": 698, "onewaydir": " "}}, {"type": "Feature", "geometry": {"type": "LineString", "coordinates": [[-95.3927912348738, 29.7480845861681], [-95.3927834715669, 29.7473482846342]]}, "properties": {"centerlineid": 10134189, "roadclass": "LOCAL", "fullname": "YOAKUM BLVD", "fromleft": 2401, "toleft": 2499, "fromright": 2400, "toright": 2498, "onewaydir": " "}}, {"type": "Feature", "geometry": {"type": "LineString", "coordinates": [[-95.3865349959247, 29.7502360136862], [-95.3865427107932, 29.7502951133635], [-95.3865502780478, 29.7508520841268], [-95.3865427462693, 29.7509036548744]]}, "properties": {"centerlineid": 10134642, "roadclass": "LOCAL", "fullname": "MORGAN ST", "fromleft": 2001, "toleft": 2099, "fromright": 2000, "toright": 2098, "onewaydir": " "}}, {"type": "Feature", "geometry": {"type": "LineString", "coordinates": [[-95.3776620300177, 29.7536081810779], [-95.377666161726, 29.7536028969316], [-95.3782646386033, 29.7528547461434]]}, "properties": {"centerlineid": 10136341, "roadclass": "LOCAL", "fullname": "HELENA ST", "fromleft": 2001, "toleft": 2099, "fromright": 2000, "toright": 2098, "onewaydir": " "}}, {"type": "Feature", "geometry": {"type": "LineString", "coordinates": [[-95.3765939751316, 29.7518514539359], [-95.3771737642789, 29.7511190350224]]}, "properties": {"centerlineid": 10136322, "roadclass": "MAJOR", "fullname": "BAGBY ST", "fromleft": 2101, "toleft": 2199, "fromright": 2100, "toright": 2198, "onewaydir": "FT"}}, {"type": "Feature", "geometry": {"type": "LineString", "coordinates": [[-95.3835987721372, 29.7483513210423], [-95.3835977060336, 29.748349696756], [-95.3832848782274, 29.7481682998767]]}, "properties": {"centerlineid": 10205586, "roadclass": "LOCAL", "fullname": "TUAM ST", "fromleft": 93, "toleft": 99, "fromright": 92, "toright": 98, "onewaydir": ""}}, {"type": "Feature", "geometry": {"type": "LineString", "coordinates": [[-95.3937447687032, 29.7387594026349], [-95.3937600379234, 29.7386697553816], [-95.3937452168266, 29.7378528220641]]}, "properties": {"centerlineid": 10136683, "roadclass": "PRIVATE", "fullname": "MT VERNON ST", "fromleft": 3801, "toleft": 3899, "fromright": 3800, "toright": 3898, "onewaydir": " "}}, {"type": "Feature", "geometry": {"type": "LineString", "coordinates": [[-95.4107278595277, 29.7414887940792], [-95.4107203319449, 29.7406936117623]]}, "properties": {"centerlineid": 10133801, "roadclass": "MAJOR", "fullname": "S SHEPHERD DR", "fromleft": 2621, "toleft": 2799, "fromright": 2620, "toright": 2798, "onewaydir": " "}}, {"type": "Feature", "geometry": {"type": "LineString", "coordinates": [[-95.3997549170087, 29.74735731372], [-95.3994293323567, 29.7468549906004], [-95.3993753720312, 29.7467664387962]]}, "properties": {"centerlineid": 10204480, "roadclass": "LOCAL", "fullname": "WINDSOR ST", "fromleft": 2201, "toleft": 2299, "fromright": 2200, "toright": 2298, "onewaydir": " "}}, {"type": "Feature", "geometry": {"type": "LineString", "coordinates": [[-95.383033189615, 29.7455286104402], [-95.3830179157565, 29.7446587842801]]}, "properties": {"centerlineid": 10134106, "roadclass": "LOCAL", "fullname": "HELENA ST", "fromleft": 3101, "toleft": 3199, "fromright": 3100, "toright": 3198, "onewaydir": " "}}, {"type": "Feature", "geometry": {"type": "LineString", "coordinates": [[-95.4088052784452, 29.7446893898552], [-95.4087899633885, 29.7437509127779], [-95.4087746911877, 29.7435775043547], [-95.4087518489794, 29.7434056622699], [-95.408744111254, 29.7432893003238], [-95.4087290318733, 29.7427515280367]]}, "properties": {"centerlineid": 10133647, "roadclass": "LOCAL", "fullname": "BRUN ST", "fromleft": 2401, "toleft": 2599, "fromright": 2400, "toright": 2598, "onewaydir": " "}}, {"type": "Feature", "geometry": {"type": "LineString", "coordinates": [[-95.3854340121294, 29.7388803996585], [-95.3854310022039, 29.7379986246965]]}, "properties": {"centerlineid": 10136676, "roadclass": "LOCAL", "fullname": "GARROTT ST", "fromleft": 3801, "toleft": 3899, "fromright": 3800, "toright": 3898, "onewaydir": " "}}, {"type": "Feature", "geometry": {"type": "LineString", "coordinates": [[-95.4046242361446, 29.744729550196], [-95.405478723185, 29.7447295458108]]}, "properties": {"centerlineid": 10133655, "roadclass": "LOCAL", "fullname": "FAIRVIEW AVE", "fromleft": 1929, "toleft": 1933, "fromright": 1928, "toright": 1932, "onewaydir": " "}}, {"type": "Feature", "geometry": {"type": "LineString", "coordinates": [[-95.4080500233567, 29.7359900763225], [-95.408042253072, 29.7354310530696], [-95.4080347471556, 29.7351430955676]]}, "properties": {"centerlineid": 10132352, "roadclass": "LOCAL", "fullname": "MCDUFFIE ST", "fromleft": 4101, "toleft": 4199, "fromright": 4100, "toright": 4198, "onewaydir": " "}}, {"type": "Feature", "geometry": {"type": "LineString", "coordinates": [[-95.3911965271698, 29.7396367179578], [-95.3911812217228, 29.7387824750671]]}, "properties": {"centerlineid": 10136741, "roadclass": "MAJOR", "fullname": "MONTROSE BLVD", "fromleft": 3701, "toleft": 3799, "fromright": 3700, "toright": 3798, "onewaydir": " "}}, {"type": "Feature", "geometry": {"type": "LineString", "coordinates": [[-95.3832848782274, 29.7481682998767], [-95.3836891959664, 29.7476515185103], [-95.3837579012413, 29.7475885280099], [-95.3838343104369, 29.7475579343161], [-95.3839333545588, 29.7475428842965]]}, "properties": {"centerlineid": 10134660, "roadclass": "LOCAL", "fullname": "ALBANY ST", "fromleft": 2901, "toleft": 2999, "fromright": 2900, "toright": 2998, "onewaydir": " "}}, {"type": "Feature", "geometry": {"type": "LineString", "coordinates": [[-95.4001993061778, 29.7512315436641], [-95.400771526179, 29.7509549725154], [-95.4008705913619, 29.750901582398], [-95.4009622933963, 29.7508634811656], [-95.4010994276011, 29.7508235322142], [-95.4012445698598, 29.7508044043324], [-95.4013741516111, 29.7507986740003]]}, "properties": {"centerlineid": 10134133, "roadclass": "LOCAL", "fullname": "HADDON ST", "fromleft": 1601, "toleft": 1699, "fromright": 1600, "toright": 1698, "onewaydir": " "}}, {"type": "Feature", "geometry": {"type": "LineString", "coordinates": [[-95.3937753194134, 29.7404588127983], [-95.3940591015609, 29.740458302387], [-95.3947747164576, 29.7404570100783]]}, "properties": {"centerlineid": 10235680, "roadclass": "LOCAL", "fullname": "KIPLING ST", "fromleft": 1201, "toleft": 1299, "fromright": 1200, "toright": 1298, "onewaydir": " "}}, {"type": "Feature", "geometry": {"type": "LineString", "coordinates": [[-95.3796457585866, 29.7432131075497], [-95.3787912526034, 29.7426866929953]]}, "properties": {"centerlineid": 10135615, "roadclass": "MAJOR", "fullname": "ELGIN ST", "fromleft": 701, "toleft": 799, "fromright": 700, "toright": 798, "onewaydir": " "}}, {"type": "Feature", "geometry": {"type": "LineString", "coordinates": [[-95.380202525602, 29.7424920560272], [-95.3800804194205, 29.7424120028452], [-95.3793482356267, 29.741979140327]]}, "properties": {"centerlineid": 10135876, "roadclass": "LOCAL", "fullname": "STUART ST", "fromleft": 701, "toleft": 799, "fromright": 700, "toright": 798, "onewaydir": " "}}, {"type": "Feature", "geometry": {"type": "LineString", "coordinates": [[-95.4004053058516, 29.7446512904085], [-95.3999932524523, 29.7439836269514]]}, "properties": {"centerlineid": 10134340, "roadclass": "LOCAL", "fullname": "MANDELL ST", "fromleft": 2501, "toleft": 2507, "fromright": 2500, "toright": 2506, "onewaydir": " "}}, {"type": "Feature", "geometry": {"type": "LineString", "coordinates": [[-95.3865044040202, 29.7482084667781], [-95.3864968535809, 29.7475141288261]]}, "properties": {"centerlineid": 10134180, "roadclass": "LOCAL", "fullname": "MORGAN ST", "fromleft": 2401, "toleft": 2499, "fromright": 2400, "toright": 2498, "onewaydir": " "}}, {"type": "Feature", "geometry": {"type": "LineString", "coordinates": [[-95.4071420925503, 29.7491412511392], [-95.4079430198778, 29.7491373745742]]}, "properties": {"centerlineid": 10133835, "roadclass": "LOCAL", "fullname": "VERMONT ST", "fromleft": 1971, "toleft": 1999, "fromright": 1970, "toright": 1998, "onewaydir": " "}}, {"type": "Feature", "geometry": {"type": "LineString", "coordinates": [[-95.381949828982, 29.7482543162875], [-95.3824228299996, 29.7476649651185]]}, "properties": {"centerlineid": 10136338, "roadclass": "LOCAL", "fullname": "HELENA ST", "fromleft": 2801, "toleft": 2899, "fromright": 2800, "toright": 2898, "onewaydir": " "}}, {"type": "Feature", "geometry": {"type": "LineString", "coordinates": [[-95.3918186047847, 29.7463073475101], [-95.3927578368398, 29.7462900917965]]}, "properties": {"centerlineid": 10134532, "roadclass": "LOCAL", "fullname": "MISSOURI ST", "fromleft": 1101, "toleft": 1199, "fromright": 1100, "toright": 1198, "onewaydir": " "}}, {"type": "Feature", "geometry": {"type": "LineString", "coordinates": [[-95.4030297672218, 29.7524102523329], [-95.4030144584635, 29.7517179901587], [-95.4030144648427, 29.7507909471177]]}, "properties": {"centerlineid": 10133982, "roadclass": "LOCAL", "fullname": "PARK ST", "fromleft": 1501, "toleft": 1699, "fromright": 1500, "toright": 1698, "onewaydir": " "}}, {"type": "Feature", "geometry": {"type": "LineString", "coordinates": [[-95.4021218429472, 29.7335276313625], [-95.4021218832268, 29.7327283683855]]}, "properties": {"centerlineid": 10132296, "roadclass": "MAJOR", "fullname": "DUNLAVY ST", "fromleft": 4401, "toleft": 4499, "fromright": 4400, "toright": 4498, "onewaydir": " "}}, {"type": "Feature", "geometry": {"type": "LineString", "coordinates": [[-95.3791040886462, 29.7390551380163], [-95.3795540708957, 29.7384828499465]]}, "properties": {"centerlineid": 10137627, "roadclass": "MAJOR", "fullname": "MAIN ST", "fromleft": 3601, "toleft": 3699, "fromright": 3600, "toright": 3698, "onewaydir": " "}}, {"type": "Feature", "geometry": {"type": "LineString", "coordinates": [[-95.3957437778429, 29.7404417302849], [-95.3974374883131, 29.7404207209408], [-95.3975137112433, 29.7404207237768]]}, "properties": {"centerlineid": 10136702, "roadclass": "LOCAL", "fullname": "KIPLING ST", "fromleft": 1401, "toleft": 1499, "fromright": 1400, "toright": 1498, "onewaydir": " "}}, {"type": "Feature", "geometry": {"type": "LineString", "coordinates": [[-95.4020531691124, 29.7419734506308], [-95.4021040449084, 29.7419727712254], [-95.4045861066206, 29.7419467424295]]}, "properties": {"centerlineid": 10133776, "roadclass": "LOCAL", "fullname": "HAWTHORNE ST", "fromleft": 1701, "toleft": 1799, "fromright": 1700, "toright": 1798, "onewaydir": " "}}, {"type": "Feature", "geometry": {"type": "LineString", "coordinates": [[-95.4128870512912, 29.7342199144684], [-95.4128792854383, 29.7333749978311]]}, "properties": {"centerlineid": 10132291, "roadclass": "LOCAL", "fullname": "GREENBRIAR DR", "fromleft": 3601, "toleft": 3699, "fromright": 3600, "toright": 3698, "onewaydir": " "}}, {"type": "Feature", "geometry": {"type": "LineString", "coordinates": [[-95.3937219174054, 29.7369990752905], [-95.3937219157827, 29.736134965186]]}, "properties": {"centerlineid": 10136947, "roadclass": "PRIVATE", "fullname": "MT VERNON ST", "fromleft": 4001, "toleft": 4099, "fromright": 4000, "toright": 4098, "onewaydir": " "}}, {"type": "Feature", "geometry": {"type": "LineString", "coordinates": [[-95.3834681045323, 29.7388986107056], [-95.3838343055634, 29.7388967723231]]}, "properties": {"centerlineid": 10137096, "roadclass": "MAJOR", "fullname": "W ALABAMA ST", "fromleft": 301, "toleft": 309, "fromright": 300, "toright": 308, "onewaydir": " "}}, {"type": "Feature", "geometry": {"type": "LineString", "coordinates": [[-95.3856804915977, 29.7468675172612], [-95.3858025406161, 29.7468185246358], [-95.385985750001, 29.7467931374493]]}, "properties": {"centerlineid": 10134646, "roadclass": "LOCAL", "fullname": "PACIFIC ST", "fromleft": 311, "toleft": 315, "fromright": 310, "toright": 314, "onewaydir": " "}}, {"type": "Feature", "geometry": {"type": "LineString", "coordinates": [[-95.4115364689077, 29.7425817484622], [-95.4119680347532, 29.7425798922386]]}, "properties": {"centerlineid": 10133860, "roadclass": "MAJOR", "fullname": "WESTHEIMER RD", "fromleft": 2115, "toleft": 2119, "fromright": 2114, "toright": 2118, "onewaydir": " "}}, {"type": "Feature", "geometry": {"type": "LineString", "coordinates": [[-95.394372789991, 29.7361323945107], [-95.3947060451204, 29.7361310774849]]}, "properties": {"centerlineid": 10217711, "roadclass": "LOCAL", "fullname": "W MAIN ST", "fromleft": 1269, "toleft": 1299, "fromright": 1268, "toright": 1298, "onewaydir": " "}}, {"type": "Feature", "geometry": {"type": "LineString", "coordinates": [[-95.3889077543686, 29.7515253940768], [-95.3896204686576, 29.751512370465], [-95.3896516071831, 29.7515118837049], [-95.3896740639788, 29.7515107330936], [-95.3896993633131, 29.7515092821997], [-95.389723901612, 29.7515063890567], [-95.3897396881689, 29.7514975753951]]}, "properties": {"centerlineid": 10134597, "roadclass": "LOCAL", "fullname": "BOMAR ST", "fromleft": 701, "toleft": 799, "fromright": 700, "toright": 798, "onewaydir": " "}}, {"type": "Feature", "geometry": {"type": "LineString", "coordinates": [[-95.3992914050171, 29.7369399781482], [-95.4010310016519, 29.736926482756]]}, "properties": {"centerlineid": 10136665, "roadclass": "LOCAL", "fullname": "BRANARD ST", "fromleft": 1601, "toleft": 1699, "fromright": 1600, "toright": 1698, "onewaydir": " "}}, {"type": "Feature", "geometry": {"type": "LineString", "coordinates": [[-95.4129023201555, 29.7368254345301], [-95.4129860806227, 29.7368596336244], [-95.4148018530589, 29.7368350219268], [-95.4149469675467, 29.7368539318169], [-95.4151452396521, 29.7369360835181], [-95.4163506638538, 29.7369265155737]]}, "properties": {"centerlineid": 10132135, "roadclass": "LOCAL", "fullname": "BRANARD ST", "fromleft": 2201, "toleft": 2399, "fromright": 2200, "toright": 2398, "onewaydir": " "}}, {"type": "Feature", "geometry": {"type": "LineString", "coordinates": [[-95.3814129896481, 29.7376663419136], [-95.3805917909491, 29.7371763431443]]}, "properties": {"centerlineid": 10137558, "roadclass": "LOCAL", "fullname": "TRUXILLO ST", "fromleft": 901, "toleft": 999, "fromright": 900, "toright": 998, "onewaydir": " "}}, {"type": "Feature", "geometry": {"type": "LineString", "coordinates": [[-95.3783867083534, 29.7479985389083], [-95.3775171568202, 29.7474760361654]]}, "properties": {"centerlineid": 10136016, "roadclass": "LOCAL", "fullname": "MCGOWEN ST", "fromleft": 501, "toleft": 599, "fromright": 500, "toright": 598, "onewaydir": " "}}, {"type": "Feature", "geometry": {"type": "LineString", "coordinates": [[-95.3869392934145, 29.737090539044], [-95.3869317812861, 29.736218920919]]}, "properties": {"centerlineid": 10136932, "roadclass": "LOCAL", "fullname": "JACK ST", "fromleft": 4001, "toleft": 4099, "fromright": 4000, "toright": 4098, "onewaydir": " "}}, {"type": "Feature", "geometry": {"type": "LineString", "coordinates": [[-95.4044870850341, 29.736039583319], [-95.4062570489921, 29.7360032978962]]}, "properties": {"centerlineid": 10132029, "roadclass": "LOCAL", "fullname": "W MAIN ST", "fromleft": 1801, "toleft": 1839, "fromright": 1800, "toright": 1838, "onewaydir": " "}}, {"type": "Feature", "geometry": {"type": "LineString", "coordinates": [[-95.3889095786794, 29.750174402505], [-95.3888932576757, 29.7494833857286]]}, "properties": {"centerlineid": 10134302, "roadclass": "LOCAL", "fullname": "STANFORD ST", "fromleft": 2101, "toleft": 2199, "fromright": 2100, "toright": 2198, "onewaydir": " "}}, {"type": "Feature", "geometry": {"type": "LineString", "coordinates": [[-95.391227120024, 29.7423720753997], [-95.3912195952471, 29.7413400215798]]}, "properties": {"centerlineid": 10134073, "roadclass": "MAJOR", "fullname": "MONTROSE BLVD", "fromleft": 3401, "toleft": 3499, "fromright": 3400, "toright": 3498, "onewaydir": " "}}, {"type": "Feature", "geometry": {"type": "LineString", "coordinates": [[-95.3827216715118, 29.7371485501134], [-95.3830560488365, 29.7369055074371], [-95.383300180318, 29.736676672145], [-95.3834891358782, 29.7364659116963]]}, "properties": {"centerlineid": 10137114, "roadclass": "FRONTAGE", "fullname": "SOUTHWEST FWY", "fromleft": 201, "toleft": 299, "fromright": 200, "toright": 298, "onewaydir": "FT"}}, {"type": "Feature", "geometry": {"type": "LineString", "coordinates": [[-95.3848565609135, 29.750308564563], [-95.3850778418149, 29.7503026262782], [-95.3856270587067, 29.7502912077555], [-95.3857263203444, 29.750283698575]]}, "properties": {"centerlineid": 10134578, "roadclass": "LOCAL", "fullname": "WELCH ST", "fromleft": 201, "toleft": 299, "fromright": 200, "toright": 298, "onewaydir": " "}}, {"type": "Feature", "geometry": {"type": "LineString", "coordinates": [[-95.3872751437492, 29.7467703239857], [-95.3880685350183, 29.7467454300256]]}, "properties": {"centerlineid": 10134618, "roadclass": "LOCAL", "fullname": "PACIFIC ST", "fromleft": 501, "toleft": 599, "fromright": 500, "toright": 598, "onewaydir": " "}}, {"type": "Feature", "geometry": {"type": "LineString", "coordinates": [[-95.3810495114095, 29.7429976983147], [-95.380202525602, 29.7424920560272]]}, "properties": {"centerlineid": 10135616, "roadclass": "LOCAL", "fullname": "STUART ST", "fromleft": 601, "toleft": 699, "fromright": 600, "toright": 698, "onewaydir": " "}}, {"type": "Feature", "geometry": {"type": "LineString", "coordinates": [[-95.3918186047847, 29.7463073475101], [-95.3917547887594, 29.7461384469891], [-95.3916597221129, 29.7459245225255], [-95.3914920424285, 29.7455393322456]]}, "properties": {"centerlineid": 10134217, "roadclass": "MAJOR", "fullname": "MONTROSE BLVD", "fromleft": 2601, "toleft": 2699, "fromright": 2600, "toright": 2698, "onewaydir": " "}}, {"type": "Feature", "geometry": {"type": "LineString", "coordinates": [[-95.3864968662747, 29.7467837583845], [-95.3872751437492, 29.7467703239857]]}, "properties": {"centerlineid": 10134526, "roadclass": "LOCAL", "fullname": "PACIFIC ST", "fromleft": 401, "toleft": 499, "fromright": 400, "toright": 498, "onewaydir": " "}}, {"type": "Feature", "geometry": {"type": "LineString", "coordinates": [[-95.3812630457502, 29.7459119342668], [-95.3814385191661, 29.7456011460533], [-95.3815530660514, 29.7452481461549]]}, "properties": {"centerlineid": 10135714, "roadclass": "MAJOR", "fullname": "BAGBY ST", "fromleft": 3001, "toleft": 3099, "fromright": 3000, "toright": 3098, "onewaydir": "FT"}}, {"type": "Feature", "geometry": {"type": "LineString", "coordinates": [[-95.3978952266952, 29.7352519555231], [-95.3978799412893, 29.7345842953961], [-95.3978799153658, 29.7344355331573]]}, "properties": {"centerlineid": 10136984, "roadclass": "LOCAL", "fullname": "LORETTO DR", "fromleft": 4201, "toleft": 4299, "fromright": 4200, "toright": 4298, "onewaydir": " "}}, {"type": "Feature", "geometry": {"type": "LineString", "coordinates": [[-95.4020303565443, 29.7403787320023], [-95.4020210217498, 29.7398498577951], [-95.4020150615388, 29.7395185399997]]}, "properties": {"centerlineid": 10132172, "roadclass": "MAJOR", "fullname": "DUNLAVY ST", "fromleft": 3601, "toleft": 3699, "fromright": 3600, "toright": 3698, "onewaydir": " "}}, {"type": "Feature", "geometry": {"type": "LineString", "coordinates": [[-95.3925087305665, 29.7344871149138], [-95.3936991295714, 29.734488930641]]}, "properties": {"centerlineid": 10136965, "roadclass": "MAJOR", "fullname": "RICHMOND AVE", "fromleft": 1101, "toleft": 1199, "fromright": 1100, "toright": 1198, "onewaydir": " "}}, {"type": "Feature", "geometry": {"type": "LineString", "coordinates": [[-95.3896773845059, 29.7487988837292], [-95.3896612793472, 29.7481367780449]]}, "properties": {"centerlineid": 10134187, "roadclass": "LOCAL", "fullname": "CROCKER ST", "fromleft": 2301, "toleft": 2399, "fromright": 2300, "toright": 2398, "onewaydir": " "}}, {"type": "Feature", "geometry": {"type": "LineString", "coordinates": [[-95.3839333545588, 29.7475428842965], [-95.3840020582961, 29.7475732535321], [-95.3840706981075, 29.7475752922428], [-95.3847344472974, 29.7475657129418], [-95.3848259848325, 29.7475504134454]]}, "properties": {"centerlineid": 10134498, "roadclass": "LOCAL", "fullname": "HYDE PARK BLVD", "fromleft": 101, "toleft": 199, "fromright": 100, "toright": 198, "onewaydir": " "}}, {"type": "Feature", "geometry": {"type": "LineString", "coordinates": [[-95.3878855179824, 29.7362093799878], [-95.38787774648, 29.735743901141], [-95.3878702406972, 29.7353566716269]]}, "properties": {"centerlineid": 10136672, "roadclass": "LOCAL", "fullname": "GREELEY ST", "fromleft": 4101, "toleft": 4199, "fromright": 4100, "toright": 4198, "onewaydir": " "}}, {"type": "Feature", "geometry": {"type": "LineString", "coordinates": [[-95.3775171568202, 29.7474760361654], [-95.3780510828276, 29.7468198268183], [-95.3780891864314, 29.7467721531477]]}, "properties": {"centerlineid": 10136293, "roadclass": "LOCAL", "fullname": "SMITH ST", "fromleft": 2601, "toleft": 2699, "fromright": 2600, "toright": 2698, "onewaydir": "FT"}}, {"type": "Feature", "geometry": {"type": "LineString", "coordinates": [[-95.4126047841428, 29.7447256384484], [-95.4134743243648, 29.7447295213029]]}, "properties": {"centerlineid": 10133682, "roadclass": "LOCAL", "fullname": "FAIRVIEW AVE", "fromleft": 2145, "toleft": 2199, "fromright": 2144, "toright": 2198, "onewaydir": " "}}, {"type": "Feature", "geometry": {"type": "LineString", "coordinates": [[-95.4083793337726, 29.7544183113241], [-95.4083779143399, 29.7537569353474], [-95.4083550730255, 29.7530626124431]]}, "properties": {"centerlineid": 10134023, "roadclass": "LOCAL", "fullname": "MCDUFFIE ST", "fromleft": 1225, "toleft": 1399, "fromright": 1224, "toright": 1398, "onewaydir": " "}}, {"type": "Feature", "geometry": {"type": "LineString", "coordinates": [[-95.3873285457088, 29.7515653441814], [-95.3873207765566, 29.7508920259936]]}, "properties": {"centerlineid": 10134297, "roadclass": "LOCAL", "fullname": "WHITNEY ST", "fromleft": 1901, "toleft": 1999, "fromright": 1900, "toright": 1998, "onewaydir": " "}}, {"type": "Feature", "geometry": {"type": "LineString", "coordinates": [[-95.4126276073607, 29.7468674843846], [-95.41322269613, 29.7468257353902], [-95.4134973792867, 29.746819831678]]}, "properties": {"centerlineid": 10133997, "roadclass": "LOCAL", "fullname": "AVALON PL", "fromleft": 2151, "toleft": 2199, "fromright": 2150, "toright": 2198, "onewaydir": " "}}, {"type": "Feature", "geometry": {"type": "LineString", "coordinates": [[-95.3872673856258, 29.74633154615], [-95.3872598956727, 29.7461275511756], [-95.3872598969823, 29.7454275096435]]}, "properties": {"centerlineid": 10134215, "roadclass": "LOCAL", "fullname": "WHITNEY ST", "fromleft": 2607, "toleft": 2699, "fromright": 2606, "toright": 2698, "onewaydir": " "}}, {"type": "Feature", "geometry": {"type": "LineString", "coordinates": [[-95.3844216240249, 29.7345804325961], [-95.384839169253, 29.7345563507033]]}, "properties": {"centerlineid": 10136623, "roadclass": "MAJOR", "fullname": "RICHMOND AVE", "fromleft": 401, "toleft": 499, "fromright": 400, "toright": 498, "onewaydir": " "}}, {"type": "Feature", "geometry": {"type": "LineString", "coordinates": [[-95.3817971933255, 29.7500509825567], [-95.3809349417866, 29.7495320956239]]}, "properties": {"centerlineid": 10135628, "roadclass": "LOCAL", "fullname": "MCGOWEN ST", "fromleft": 101, "toleft": 199, "fromright": 100, "toright": 198, "onewaydir": " "}}, {"type": "Feature", "geometry": {"type": "LineString", "coordinates": [[-95.3803017775114, 29.7506250410562], [-95.3803058708934, 29.7505374425921], [-95.3803065297806, 29.7505257603609], [-95.3803074158357, 29.7505140899088], [-95.3803085263546, 29.7505024345477], [-95.3803098625493, 29.7504907965672], [-95.3803114229679, 29.7504791804414], [-95.3803132088222, 29.7504675884599], [-95.3803152186601, 29.7504560250967], [-95.3803174511099, 29.7504444925717], [-95.3803199060514, 29.7504329942667], [-95.3803225846164, 29.7504215347257], [-95.3803254828893, 29.7504101149713], [-95.3803286019618, 29.7503987406747], [-95.380331941794, 29.7503874129633], [-95.380335499602, 29.7503761374037], [-95.3803392740939, 29.7503649139609], [-95.3803432663216, 29.7503537494335], [-95.3803474736612, 29.7503426448791], [-95.3803518947009, 29.7503316036445], [-95.3803565293606, 29.7503206279844], [-95.3803613748564, 29.7503097234652], [-95.3803664311085, 29.7502988923416], [-95.3803716954929, 29.7502881356711], [-95.3803771678098, 29.7502774590899], [-95.3803828453953, 29.7502668647829], [-95.3803887281693, 29.7502563550047], [-95.3803948120962, 29.7502459341596], [-95.3804010971361, 29.7502356033749], [-95.380407581837, 29.7502253671248], [-95.3804696978677, 29.7501292338848]]}, "properties": {"centerlineid": 10135968, "roadclass": "LOCAL", "fullname": "HELENA ST", "fromleft": 2401, "toleft": 2499, "fromright": 2400, "toright": 2498, "onewaydir": " "}}, {"type": "Feature", "geometry": {"type": "LineString", "coordinates": [[-95.388854367251, 29.7362036360417], [-95.3898384628482, 29.7361902010539]]}, "properties": {"centerlineid": 10136667, "roadclass": "LOCAL", "fullname": "W MAIN ST", "fromleft": 801, "toleft": 899, "fromright": 800, "toright": 898, "onewaydir": " "}}, {"type": "Feature", "geometry": {"type": "LineString", "coordinates": [[-95.3957056950503, 29.7378305166846], [-95.3956903815734, 29.7369723660191]]}, "properties": {"centerlineid": 10136684, "roadclass": "LOCAL", "fullname": "YUPON ST", "fromleft": 3901, "toleft": 3999, "fromright": 3900, "toright": 3998, "onewaydir": " "}}, {"type": "Feature", "geometry": {"type": "LineString", "coordinates": [[-95.3912640554354, 29.7446654698238], [-95.3918471198391, 29.7446620684783]]}, "properties": {"centerlineid": 10134114, "roadclass": "MAJOR", "fullname": "WESTHEIMER RD", "fromleft": 917, "toleft": 999, "fromright": 916, "toright": 998, "onewaydir": " "}}, {"type": "Feature", "geometry": {"type": "LineString", "coordinates": [[-95.3809349417866, 29.7495320956239], [-95.3809655062227, 29.7494654697227], [-95.3815071964287, 29.7488169933713]]}, "properties": {"centerlineid": 10136334, "roadclass": "LOCAL", "fullname": "HELENA ST", "fromleft": 2601, "toleft": 2699, "fromright": 2600, "toright": 2698, "onewaydir": " "}}, {"type": "Feature", "geometry": {"type": "LineString", "coordinates": [[-95.3857416043444, 29.7526601306465], [-95.3857416011088, 29.7520040939319]]}, "properties": {"centerlineid": 10134150, "roadclass": "LOCAL", "fullname": "TAFT ST", "fromleft": 1801, "toleft": 1899, "fromright": 1800, "toright": 1898, "onewaydir": " "}}, {"type": "Feature", "geometry": {"type": "LineString", "coordinates": [[-95.3857110434425, 29.7495818485025], [-95.385749157099, 29.7495608272718], [-95.3865044057926, 29.7495494272205]]}, "properties": {"centerlineid": 10134512, "roadclass": "LOCAL", "fullname": "W DREW ST", "fromleft": 301, "toleft": 399, "fromright": 300, "toright": 398, "onewaydir": " "}}, {"type": "Feature", "geometry": {"type": "LineString", "coordinates": [[-95.3979730678186, 29.7466581183303], [-95.3975595431551, 29.7459901868355]]}, "properties": {"centerlineid": 10134250, "roadclass": "LOCAL", "fullname": "YUPON ST", "fromleft": 2401, "toleft": 2499, "fromright": 2400, "toright": 2498, "onewaydir": " "}}, {"type": "Feature", "geometry": {"type": "LineString", "coordinates": [[-95.4088661905933, 29.7491316538277], [-95.4088433538888, 29.7481493889657]]}, "properties": {"centerlineid": 10133952, "roadclass": "LOCAL", "fullname": "BRUN ST", "fromleft": 1901, "toleft": 1999, "fromright": 1900, "toright": 1998, "onewaydir": " "}}, {"type": "Feature", "geometry": {"type": "LineString", "coordinates": [[-95.3804316225303, 29.7453951332975], [-95.3808740239932, 29.7448267301493]]}, "properties": {"centerlineid": 10136282, "roadclass": "LOCAL", "fullname": "BRAZOS ST", "fromleft": 3001, "toleft": 3099, "fromright": 3000, "toright": 3098, "onewaydir": "FT"}}, {"type": "Feature", "geometry": {"type": "LineString", "coordinates": [[-95.388854367251, 29.7362036360417], [-95.3888468217104, 29.7357285790985], [-95.3888468285976, 29.7353473216007]]}, "properties": {"centerlineid": 10137018, "roadclass": "LOCAL", "fullname": "STANFORD ST", "fromleft": 4101, "toleft": 4199, "fromright": 4100, "toright": 4198, "onewaydir": " "}}, {"type": "Feature", "geometry": {"type": "LineString", "coordinates": [[-95.398993856313, 29.7461713685243], [-95.3985973554392, 29.7455000907376]]}, "properties": {"centerlineid": 10134105, "roadclass": "LOCAL", "fullname": "WINDSOR ST", "fromleft": 2401, "toleft": 2499, "fromright": 2400, "toright": 2498, "onewaydir": " "}}, {"type": "Feature", "geometry": {"type": "LineString", "coordinates": [[-95.3846721014975, 29.735403662031], [-95.3845335067286, 29.7353978645854], [-95.3843381503879, 29.7353968922376]]}, "properties": {"centerlineid": 10137082, "roadclass": "LOCAL", "fullname": "COLQUITT ST", "fromleft": 0, "toleft": 0, "fromright": 0, "toright": 0, "onewaydir": " "}}, {"type": "Feature", "geometry": {"type": "LineString", "coordinates": [[-95.3899224090723, 29.7423834873807], [-95.3899071057042, 29.7413592247725]]}, "properties": {"centerlineid": 10134234, "roadclass": "LOCAL", "fullname": "ROSELAND ST", "fromleft": 3401, "toleft": 3499, "fromright": 3400, "toright": 3498, "onewaydir": " "}}, {"type": "Feature", "geometry": {"type": "LineString", "coordinates": [[-95.3775171568202, 29.7474760361654], [-95.3766701728807, 29.7469667439266]]}, "properties": {"centerlineid": 10135993, "roadclass": "LOCAL", "fullname": "MCGOWEN ST", "fromleft": 601, "toleft": 699, "fromright": 600, "toright": 698, "onewaydir": " "}}, {"type": "Feature", "geometry": {"type": "LineString", "coordinates": [[-95.4070962670239, 29.7377048087499], [-95.4080728150973, 29.7376970377457]]}, "properties": {"centerlineid": 10132125, "roadclass": "LOCAL", "fullname": "SUL ROSS ST", "fromleft": 1901, "toleft": 1999, "fromright": 1900, "toright": 1998, "onewaydir": " "}}, {"type": "Feature", "geometry": {"type": "LineString", "coordinates": [[-95.4070275512416, 29.7403100791298], [-95.4081643054082, 29.7403006952306]]}, "properties": {"centerlineid": 10132204, "roadclass": "LOCAL", "fullname": "KIPLING ST", "fromleft": 1901, "toleft": 1999, "fromright": 1900, "toright": 1998, "onewaydir": " "}}, {"type": "Feature", "geometry": {"type": "LineString", "coordinates": [[-95.4047463122014, 29.7523835716174], [-95.4047081869342, 29.7507758885616]]}, "properties": {"centerlineid": 10133984, "roadclass": "LOCAL", "fullname": "WOODHEAD ST", "fromleft": 1501, "toleft": 1699, "fromright": 1500, "toright": 1698, "onewaydir": " "}}, {"type": "Feature", "geometry": {"type": "LineString", "coordinates": [[-95.3792799096644, 29.73558552895], [-95.378752949701, 29.7352729167356], [-95.3785852045615, 29.7351754866918], [-95.3784325774539, 29.7350801396383]]}, "properties": {"centerlineid": 10137635, "roadclass": "LOCAL", "fullname": "ISABELLA ST", "fromleft": 1201, "toleft": 1299, "fromright": 1200, "toright": 1298, "onewaydir": " "}}, {"type": "Feature", "geometry": {"type": "LineString", "coordinates": [[-95.3921284028558, 29.7517655231529], [-95.3936893962084, 29.751740198138]]}, "properties": {"centerlineid": 10134636, "roadclass": "LOCAL", "fullname": "BOMAR ST", "fromleft": 1101, "toleft": 1199, "fromright": 1100, "toright": 1198, "onewaydir": " "}}, {"type": "Feature", "geometry": {"type": "LineString", "coordinates": [[-95.3819420743925, 29.7421431803478], [-95.3819345824716, 29.7420478046409], [-95.381934548566, 29.7417826980236], [-95.3819345784726, 29.7416300271585]]}, "properties": {"centerlineid": 10135596, "roadclass": "MAJOR", "fullname": "BAGBY ST", "fromleft": 3501, "toleft": 3599, "fromright": 3500, "toright": 3598, "onewaydir": " "}}, {"type": "Feature", "geometry": {"type": "LineString", "coordinates": [[-95.3792799096644, 29.73558552895], [-95.3796914044023, 29.735076485645], [-95.3797753694877, 29.7350114429065]]}, "properties": {"centerlineid": 10137574, "roadclass": "LOCAL", "fullname": "SAN JACINTO ST", "fromleft": 4001, "toleft": 4099, "fromright": 4000, "toright": 4098, "onewaydir": "FT"}}, {"type": "Feature", "geometry": {"type": "LineString", "coordinates": [[-95.3847878848806, 29.7446074743689], [-95.3849633445733, 29.7446036039925], [-95.3859551908455, 29.7445768674762]]}, "properties": {"centerlineid": 10134259, "roadclass": "MAJOR", "fullname": "WESTHEIMER RD", "fromleft": 301, "toleft": 399, "fromright": 300, "toright": 398, "onewaydir": " "}}, {"type": "Feature", "geometry": {"type": "LineString", "coordinates": [[-95.3992760843878, 29.7360948090127], [-95.3992685539096, 29.7355665857728], [-95.3992685781971, 29.7352366365553]]}, "properties": {"centerlineid": 10136865, "roadclass": "LOCAL", "fullname": "MANDELL ST", "fromleft": 4101, "toleft": 4199, "fromright": 4100, "toright": 4198, "onewaydir": " "}}, {"type": "Feature", "geometry": {"type": "LineString", "coordinates": [[-95.3839944969567, 29.746917245172], [-95.3840173221854, 29.7469019523758], [-95.384047907954, 29.7468962649349], [-95.3848106861349, 29.7468734480907]]}, "properties": {"centerlineid": 10134496, "roadclass": "LOCAL", "fullname": "PACIFIC ST", "fromleft": 101, "toleft": 199, "fromright": 100, "toright": 198, "onewaydir": " "}}, {"type": "Feature", "geometry": {"type": "LineString", "coordinates": [[-95.3806526862433, 29.7483056645121], [-95.3810953742952, 29.7477429904742]]}, "properties": {"centerlineid": 10136328, "roadclass": "LOCAL", "fullname": "BALDWIN ST", "fromleft": 2701, "toleft": 2799, "fromright": 2700, "toright": 2798, "onewaydir": " "}}, {"type": "Feature", "geometry": {"type": "LineString", "coordinates": [[-95.402305074049, 29.7545598950227], [-95.4022820436326, 29.7533067531849], [-95.4022898290097, 29.7531600600379]]}, "properties": {"centerlineid": 10133921, "roadclass": "MAJOR", "fullname": "DUNLAVY ST", "fromleft": 1401, "toleft": 1435, "fromright": 1400, "toright": 1434, "onewaydir": " "}}, {"type": "Feature", "geometry": {"type": "LineString", "coordinates": [[-95.3804925220261, 29.7437070708034], [-95.3810495114095, 29.7429976983147]]}, "properties": {"centerlineid": 10136357, "roadclass": "LOCAL", "fullname": "SMITH ST", "fromleft": 3201, "toleft": 3299, "fromright": 3200, "toright": 3298, "onewaydir": "FT"}}, {"type": "Feature", "geometry": {"type": "LineString", "coordinates": [[-95.3921274667069, 29.752950111422], [-95.3921350127965, 29.7525286817576]]}, "properties": {"centerlineid": 10134167, "roadclass": "MAJOR", "fullname": "MONTROSE BLVD", "fromleft": 1617, "toleft": 1699, "fromright": 1616, "toright": 1698, "onewaydir": " "}}, {"type": "Feature", "geometry": {"type": "LineString", "coordinates": [[-95.3865349869015, 29.751578786354], [-95.3871669271007, 29.7515687471721]]}, "properties": {"centerlineid": 10134623, "roadclass": "LOCAL", "fullname": "BOMAR ST", "fromleft": 401, "toleft": 423, "fromright": 400, "toright": 422, "onewaydir": " "}}, {"type": "Feature", "geometry": {"type": "LineString", "coordinates": [[-95.3970390901733, 29.7510077861395], [-95.3982767004519, 29.7504075924678]]}, "properties": {"centerlineid": 10134579, "roadclass": "LOCAL", "fullname": "VERMONT ST", "fromleft": 1401, "toleft": 1499, "fromright": 1400, "toright": 1498, "onewaydir": " "}}, {"type": "Feature", "geometry": {"type": "LineString", "coordinates": [[-95.4019922527529, 29.7386583321648], [-95.4019616807671, 29.7360623955095]]}, "properties": {"centerlineid": 10132180, "roadclass": "MAJOR", "fullname": "DUNLAVY ST", "fromleft": 3801, "toleft": 4099, "fromright": 3800, "toright": 4098, "onewaydir": " "}}, {"type": "Feature", "geometry": {"type": "LineString", "coordinates": [[-95.3920058600598, 29.7481014375023], [-95.3919827918104, 29.747351886218]]}, "properties": {"centerlineid": 10134327, "roadclass": "MAJOR", "fullname": "MONTROSE BLVD", "fromleft": 2401, "toleft": 2499, "fromright": 2400, "toright": 2498, "onewaydir": " "}}, {"type": "Feature", "geometry": {"type": "LineString", "coordinates": [[-95.3909905086631, 29.7473959653465], [-95.3919823563466, 29.747365369724]]}, "properties": {"centerlineid": 10134612, "roadclass": "LOCAL", "fullname": "HYDE PARK BLVD", "fromleft": 1001, "toleft": 1099, "fromright": 1000, "toright": 1098, "onewaydir": " "}}, {"type": "Feature", "geometry": {"type": "LineString", "coordinates": [[-95.3839792371158, 29.7483241700878], [-95.3840416692161, 29.748318661743], [-95.3841242111284, 29.7483046172674], [-95.3848412742266, 29.7482426813123]]}, "properties": {"centerlineid": 10134483, "roadclass": "LOCAL", "fullname": "FAIRVIEW AVE", "fromleft": 101, "toleft": 199, "fromright": 100, "toright": 198, "onewaydir": " "}}, {"type": "Feature", "geometry": {"type": "LineString", "coordinates": [[-95.3793938492151, 29.7467112177541], [-95.3785393773371, 29.7461980609792]]}, "properties": {"centerlineid": 10136005, "roadclass": "LOCAL", "fullname": "DREW ST", "fromleft": 501, "toleft": 599, "fromright": 500, "toright": 598, "onewaydir": " "}}, {"type": "Feature", "geometry": {"type": "LineString", "coordinates": [[-95.4071115595582, 29.7386010505638], [-95.4070962670239, 29.7377048087499]]}, "properties": {"centerlineid": 10132299, "roadclass": "LOCAL", "fullname": "HAZARD ST", "fromleft": 3801, "toleft": 3899, "fromright": 3800, "toright": 3898, "onewaydir": " "}}, {"type": "Feature", "geometry": {"type": "LineString", "coordinates": [[-95.4107263040093, 29.7540004628708], [-95.4107125322612, 29.7530112598808]]}, "properties": {"centerlineid": 10201228, "roadclass": "MAJOR", "fullname": "S SHEPHERD DR", "fromleft": 1421, "toleft": 1499, "fromright": 1420, "toright": 1498, "onewaydir": " "}}, {"type": "Feature", "geometry": {"type": "MultiLineString", "coordinates": [[[-95.3799508479407, 29.7331632430051], [-95.3791619870037, 29.7326991822761]], [[-95.3791619870037, 29.7326991822761], [-95.3790657326497, 29.7326425574406]]]}, "properties": {"centerlineid": 10137647, "roadclass": "LOCAL", "fullname": "BARBEE ST", "fromleft": 1301, "toleft": 1399, "fromright": 1300, "toright": 1398, "onewaydir": " "}}, {"type": "Feature", "geometry": {"type": "LineString", "coordinates": [[-95.3830407388675, 29.7464328359845], [-95.3848184150654, 29.7463965743352]]}, "properties": {"centerlineid": 10134497, "roadclass": "LOCAL", "fullname": "STRATFORD ST", "fromleft": 201, "toleft": 299, "fromright": 200, "toright": 298, "onewaydir": " "}}, {"type": "Feature", "geometry": {"type": "LineString", "coordinates": [[-95.3879236160521, 29.7379202091571], [-95.3888924445514, 29.7378973906071]]}, "properties": {"centerlineid": 10137092, "roadclass": "LOCAL", "fullname": "SUL ROSS ST", "fromleft": 701, "toleft": 799, "fromright": 700, "toright": 798, "onewaydir": " "}}, {"type": "Feature", "geometry": {"type": "LineString", "coordinates": [[-95.3898615074826, 29.7378935065175], [-95.3902886594086, 29.7378878035971], [-95.3905099478962, 29.7378839052486], [-95.3911736962376, 29.7378724824365]]}, "properties": {"centerlineid": 10136635, "roadclass": "LOCAL", "fullname": "SUL ROSS ST", "fromleft": 971, "toleft": 999, "fromright": 970, "toright": 998, "onewaydir": " "}}, {"type": "Feature", "geometry": {"type": "LineString", "coordinates": [[-95.3796151713757, 29.749625664862], [-95.3787606751106, 29.7491049735768]]}, "properties": {"centerlineid": 10135631, "roadclass": "LOCAL", "fullname": "BREMOND ST", "fromleft": 301, "toleft": 399, "fromright": 300, "toright": 398, "onewaydir": " "}}, {"type": "Feature", "geometry": {"type": "LineString", "coordinates": [[-95.3936991295714, 29.734488930641], [-95.3936991489366, 29.7344718115715], [-95.3936838466474, 29.7335942642108]]}, "properties": {"centerlineid": 10136986, "roadclass": "LOCAL", "fullname": "MT VERNON ST", "fromleft": 4301, "toleft": 4399, "fromright": 4300, "toright": 4398, "onewaydir": " "}}, {"type": "Feature", "geometry": {"type": "LineString", "coordinates": [[-95.3770058180642, 29.7433333482469], [-95.3766395942476, 29.743117743331]]}, "properties": {"centerlineid": 10135727, "roadclass": "LOCAL", "fullname": "ANITA ST", "fromleft": 901, "toleft": 913, "fromright": 900, "toright": 912, "onewaydir": " "}}, {"type": "Feature", "geometry": {"type": "LineString", "coordinates": [[-95.3804117334263, 29.7530092757591], [-95.3803144801325, 29.7529732127192], [-95.3802149140215, 29.7529251445], [-95.3800157778252, 29.7528245360092]]}, "properties": {"centerlineid": 10136110, "roadclass": "LOCAL", "fullname": "WEBSTER ST", "fromleft": 121, "toleft": 149, "fromright": 120, "toright": 148, "onewaydir": "FT"}}, {"type": "Feature", "geometry": {"type": "LineString", "coordinates": [[-95.3940785921727, 29.7462410850677], [-95.3938830447161, 29.7459432100481]]}, "properties": {"centerlineid": 10213847, "roadclass": "MAJOR", "fullname": "WAUGH DR", "fromleft": 2601, "toleft": 2641, "fromright": 2600, "toright": 2640, "onewaydir": "FT"}}, {"type": "Feature", "geometry": {"type": "LineString", "coordinates": [[-95.3783105051072, 29.7496676241318], [-95.3787606751106, 29.7491049735768]]}, "properties": {"centerlineid": 10136318, "roadclass": "MAJOR", "fullname": "BAGBY ST", "fromleft": 2401, "toleft": 2499, "fromright": 2400, "toright": 2498, "onewaydir": "FT"}}, {"type": "Feature", "geometry": {"type": "LineString", "coordinates": [[-95.4025567650182, 29.7482237421251], [-95.4028390269703, 29.7482237381627], [-95.4029688359327, 29.7482160141491]]}, "properties": {"centerlineid": 10133830, "roadclass": "LOCAL", "fullname": "WELCH ST", "fromleft": 1905, "toleft": 1911, "fromright": 1904, "toright": 1910, "onewaydir": " "}}, {"type": "Feature", "geometry": {"type": "LineString", "coordinates": [[-95.3904865416034, 29.7514985075699], [-95.3904794040865, 29.7508176030901]]}, "properties": {"centerlineid": 10134134, "roadclass": "LOCAL", "fullname": "CONVERSE ST", "fromleft": 1901, "toleft": 1999, "fromright": 1900, "toright": 1998, "onewaydir": " "}}, {"type": "Feature", "geometry": {"type": "LineString", "coordinates": [[-95.3848793742002, 29.7353986602938], [-95.3853981937592, 29.7353854473467]]}, "properties": {"centerlineid": 10136628, "roadclass": "LOCAL", "fullname": "COLQUITT ST", "fromleft": 401, "toleft": 499, "fromright": 400, "toright": 498, "onewaydir": " "}}, {"type": "Feature", "geometry": {"type": "LineString", "coordinates": [[-95.3888932576757, 29.7494833857286], [-95.3896782697035, 29.7494786905312]]}, "properties": {"centerlineid": 10134600, "roadclass": "LOCAL", "fullname": "W DREW ST", "fromleft": 701, "toleft": 799, "fromright": 700, "toright": 798, "onewaydir": " "}}, {"type": "Feature", "geometry": {"type": "LineString", "coordinates": [[-95.3931191125653, 29.7446608434573], [-95.3932259257905, 29.7446575378711], [-95.3933334872596, 29.7446341629432], [-95.393447224322, 29.7445939937301], [-95.3938287392974, 29.7444053079935]]}, "properties": {"centerlineid": 10134202, "roadclass": "MAJOR", "fullname": "WESTHEIMER RD", "fromleft": 1201, "toleft": 1249, "fromright": 1200, "toright": 1248, "onewaydir": " "}}, {"type": "Feature", "geometry": {"type": "LineString", "coordinates": [[-95.3936336395183, 29.7497237648156], [-95.3936151334922, 29.7489447775575]]}, "properties": {"centerlineid": 10134140, "roadclass": "LOCAL", "fullname": "VAN BUREN ST", "fromleft": 2201, "toleft": 2299, "fromright": 2200, "toright": 2298, "onewaydir": " "}}, {"type": "Feature", "geometry": {"type": "LineString", "coordinates": [[-95.3848565609135, 29.750308564563], [-95.3848526085166, 29.7496073312278]]}, "properties": {"centerlineid": 10134046, "roadclass": "LOCAL", "fullname": "MASON ST", "fromleft": 2101, "toleft": 2199, "fromright": 2100, "toright": 2198, "onewaydir": " "}}, {"type": "Feature", "geometry": {"type": "LineString", "coordinates": [[-95.4094156088871, 29.7400125241861], [-95.4099878917925, 29.7400088820548], [-95.4106057759575, 29.7400029229893], [-95.4106744627452, 29.7399762484768], [-95.4107203329891, 29.7399344959203]]}, "properties": {"centerlineid": 10132155, "roadclass": "LOCAL", "fullname": "KIPLING ST", "fromleft": 2027, "toleft": 2099, "fromright": 2026, "toright": 2098, "onewaydir": " "}}, {"type": "Feature", "geometry": {"type": "LineString", "coordinates": [[-95.3898384628482, 29.7361902010539], [-95.3898309172845, 29.7357135171802], [-95.389830906054, 29.7353357008151]]}, "properties": {"centerlineid": 10136863, "roadclass": "LOCAL", "fullname": "ROSELAND ST", "fromleft": 4101, "toleft": 4199, "fromright": 4100, "toright": 4198, "onewaydir": " "}}, {"type": "Feature", "geometry": {"type": "LineString", "coordinates": [[-95.3840020383287, 29.752034702169], [-95.3840098011767, 29.7514186472446]]}, "properties": {"centerlineid": 10134127, "roadclass": "LOCAL", "fullname": "GENESEE ST", "fromleft": 1901, "toleft": 1913, "fromright": 1900, "toright": 1912, "onewaydir": " "}}, {"type": "Feature", "geometry": {"type": "LineString", "coordinates": [[-95.4106744617694, 29.7359670576652], [-95.4106591690011, 29.7353911347608], [-95.4106516147801, 29.7351088982306]]}, "properties": {"centerlineid": 10132349, "roadclass": "MAJOR", "fullname": "S SHEPHERD DR", "fromleft": 3401, "toleft": 3499, "fromright": 3400, "toright": 3498, "onewaydir": " "}}, {"type": "Feature", "geometry": {"type": "LineString", "coordinates": [[-95.3840135323159, 29.7510080918631], [-95.3848565380338, 29.7509816720688]]}, "properties": {"centerlineid": 10134649, "roadclass": "LOCAL", "fullname": "WILLARD ST", "fromleft": 101, "toleft": 199, "fromright": 100, "toright": 198, "onewaydir": " "}}, {"type": "Feature", "geometry": {"type": "LineString", "coordinates": [[-95.3957590600532, 29.7412887140923], [-95.3957437778429, 29.7404417302849]]}, "properties": {"centerlineid": 10134238, "roadclass": "LOCAL", "fullname": "YUPON ST", "fromleft": 3501, "toleft": 3599, "fromright": 3500, "toright": 3598, "onewaydir": " "}}, {"type": "Feature", "geometry": {"type": "LineString", "coordinates": [[-95.3854060006932, 29.7362378613203], [-95.3853982161557, 29.735782011182], [-95.3853981937592, 29.7353854473467]]}, "properties": {"centerlineid": 10137016, "roadclass": "LOCAL", "fullname": "GARROTT ST", "fromleft": 4101, "toleft": 4199, "fromright": 4100, "toright": 4198, "onewaydir": " "}}, {"type": "Feature", "geometry": {"type": "LineString", "coordinates": [[-95.3985973554392, 29.7455000907376], [-95.3995777451011, 29.7450333928764]]}, "properties": {"centerlineid": 10134537, "roadclass": "LOCAL", "fullname": "HAVER ST", "fromleft": 1701, "toleft": 1799, "fromright": 1700, "toright": 1798, "onewaydir": " "}}, {"type": "Feature", "geometry": {"type": "LineString", "coordinates": [[-95.3839792371158, 29.7483241700878], [-95.3839792408195, 29.7476439955831], [-95.3839333545588, 29.7475428842965]]}, "properties": {"centerlineid": 10134361, "roadclass": "LOCAL", "fullname": "GENESEE ST", "fromleft": 2401, "toleft": 2499, "fromright": 2400, "toright": 2498, "onewaydir": " "}}, {"type": "Feature", "geometry": {"type": "LineString", "coordinates": [[-95.3978799153658, 29.7344355331573], [-95.3995046846681, 29.7344255561777]]}, "properties": {"centerlineid": 10136795, "roadclass": "MAJOR", "fullname": "RICHMOND AVE", "fromleft": 1417, "toleft": 1599, "fromright": 1416, "toright": 1598, "onewaydir": " "}}, {"type": "Feature", "geometry": {"type": "LineString", "coordinates": [[-95.3898767991014, 29.7387975219752], [-95.3898615074826, 29.7378935065175]]}, "properties": {"centerlineid": 10136680, "roadclass": "LOCAL", "fullname": "ROSELAND ST", "fromleft": 3801, "toleft": 3899, "fromright": 3800, "toright": 3898, "onewaydir": " "}}, {"type": "Feature", "geometry": {"type": "LineString", "coordinates": [[-95.3857263479236, 29.7515845131369], [-95.3857263338273, 29.7509378740803]]}, "properties": {"centerlineid": 10134394, "roadclass": "LOCAL", "fullname": "TAFT ST", "fromleft": 1909, "toleft": 1999, "fromright": 1908, "toright": 1998, "onewaydir": " "}}, {"type": "Feature", "geometry": {"type": "LineString", "coordinates": [[-95.3889458641029, 29.7423987563229], [-95.3899224090723, 29.7423834873807]]}, "properties": {"centerlineid": 10134476, "roadclass": "LOCAL", "fullname": "HAWTHORNE ST", "fromleft": 801, "toleft": 899, "fromright": 800, "toright": 898, "onewaydir": " "}}, {"type": "Feature", "geometry": {"type": "LineString", "coordinates": [[-95.3975518328401, 29.7428087918342], [-95.3981774682193, 29.7428012384841]]}, "properties": {"centerlineid": 10134154, "roadclass": "MAJOR", "fullname": "WESTHEIMER RD", "fromleft": 1501, "toleft": 1509, "fromright": 1500, "toright": 1508, "onewaydir": " "}}, {"type": "Feature", "geometry": {"type": "LineString", "coordinates": [[-95.3937753194134, 29.7404588127983], [-95.3937600340726, 29.739606387061]]}, "properties": {"centerlineid": 10136900, "roadclass": "LOCAL", "fullname": "MT VERNON ST", "fromleft": 3601, "toleft": 3699, "fromright": 3600, "toright": 3698, "onewaydir": " "}}, {"type": "Feature", "geometry": {"type": "LineString", "coordinates": [[-95.3888932576757, 29.7494833857286], [-95.3888902226878, 29.7491515682171], [-95.388879123927, 29.7488159925272]]}, "properties": {"centerlineid": 10134322, "roadclass": "LOCAL", "fullname": "STANFORD ST", "fromleft": 2201, "toleft": 2299, "fromright": 2200, "toright": 2298, "onewaydir": " "}}, {"type": "Feature", "geometry": {"type": "LineString", "coordinates": [[-95.3820719144388, 29.74219455443], [-95.3820336010797, 29.7415899068605]]}, "properties": {"centerlineid": 10135907, "roadclass": "LOCAL", "fullname": "BURLINGTON ST", "fromleft": 3401, "toleft": 3499, "fromright": 3400, "toright": 3498, "onewaydir": " "}}, {"type": "Feature", "geometry": {"type": "LineString", "coordinates": [[-95.3830407345523, 29.7468674974478], [-95.3830407544324, 29.7467436213634], [-95.3830407388675, 29.7464328359845]]}, "properties": {"centerlineid": 10134253, "roadclass": "LOCAL", "fullname": "HELENA ST", "fromleft": 2927, "toleft": 2999, "fromright": 2926, "toright": 2998, "onewaydir": " "}}, {"type": "Feature", "geometry": {"type": "LineString", "coordinates": [[-95.3936048826013, 29.7454889165434], [-95.3931955501229, 29.7448267364237], [-95.3931191125653, 29.7446608434573]]}, "properties": {"centerlineid": 10134116, "roadclass": "MAJOR", "fullname": "WAUGHCREST ST", "fromleft": 2701, "toleft": 2799, "fromright": 2700, "toright": 2798, "onewaydir": "FT"}}, {"type": "Feature", "geometry": {"type": "LineString", "coordinates": [[-95.3943779148728, 29.7441572647229], [-95.3948128166825, 29.7439359623897]]}, "properties": {"centerlineid": 10134206, "roadclass": "MAJOR", "fullname": "WESTHEIMER RD", "fromleft": 1301, "toleft": 1309, "fromright": 1300, "toright": 1308, "onewaydir": " "}}, {"type": "Feature", "geometry": {"type": "LineString", "coordinates": [[-95.4019616807671, 29.7360623955095], [-95.4020050221406, 29.736062163795], [-95.4044870850341, 29.736039583319]]}, "properties": {"centerlineid": 10132102, "roadclass": "LOCAL", "fullname": "W MAIN ST", "fromleft": 1701, "toleft": 1799, "fromright": 1700, "toright": 1798, "onewaydir": " "}}, {"type": "Feature", "geometry": {"type": "LineString", "coordinates": [[-95.3966525941453, 29.7503887935568], [-95.3962799450435, 29.7497863166727]]}, "properties": {"centerlineid": 10134052, "roadclass": "MAJOR", "fullname": "WAUGH DR", "fromleft": 2001, "toleft": 2099, "fromright": 2000, "toright": 2098, "onewaydir": "FT"}}, {"type": "Feature", "geometry": {"type": "LineString", "coordinates": [[-95.385718596507, 29.7534555166812], [-95.388892448496, 29.7533946106957]]}, "properties": {"centerlineid": 10134410, "roadclass": "MAJOR", "fullname": "W GRAY ST", "fromleft": 301, "toleft": 699, "fromright": 300, "toright": 698, "onewaydir": " "}}, {"type": "Feature", "geometry": {"type": "LineString", "coordinates": [[-95.3854821917439, 29.7424272755257], [-95.3854744048596, 29.7415727693223]]}, "properties": {"centerlineid": 10134232, "roadclass": "LOCAL", "fullname": "GARROTT ST", "fromleft": 3401, "toleft": 3499, "fromright": 3400, "toright": 3498, "onewaydir": " "}}, {"type": "Feature", "geometry": {"type": "LineString", "coordinates": [[-95.3813077096004, 29.7532725395735], [-95.3821862578336, 29.753262964192]]}, "properties": {"centerlineid": 10136122, "roadclass": "MAJOR", "fullname": "W GRAY ST", "fromleft": 161, "toleft": 199, "fromright": 160, "toright": 198, "onewaydir": " "}}, {"type": "Feature", "geometry": {"type": "LineString", "coordinates": [[-95.3897174806975, 29.7508301164603], [-95.389693538129, 29.7502131940552], [-95.3896975689259, 29.7501507405409]]}, "properties": {"centerlineid": 10134043, "roadclass": "LOCAL", "fullname": "CROCKER ST", "fromleft": 2001, "toleft": 2099, "fromright": 2000, "toright": 2098, "onewaydir": " "}}, {"type": "Feature", "geometry": {"type": "LineString", "coordinates": [[-95.4107203319449, 29.7406936117623], [-95.4107202929252, 29.7399992932167], [-95.4107203329891, 29.7399344959203]]}, "properties": {"centerlineid": 10132284, "roadclass": "MAJOR", "fullname": "S SHEPHERD DR", "fromleft": 2801, "toleft": 2899, "fromright": 2800, "toright": 2898, "onewaydir": " "}}, {"type": "Feature", "geometry": {"type": "LineString", "coordinates": [[-95.4097590269545, 29.7469037754626], [-95.4097512482039, 29.7467340107851], [-95.4097437265541, 29.7463297145485], [-95.4097206907807, 29.7446818281095]]}, "properties": {"centerlineid": 10133888, "roadclass": "LOCAL", "fullname": "HULDY ST", "fromleft": 2101, "toleft": 2399, "fromright": 2100, "toright": 2398, "onewaydir": " "}}]}