{"type": "FeatureCollection", "features": [{"type": "Feature", "geometry": {"type": "LineString", "coordinates": [[-95.3764185144959, 29.7867560825311], [-95.3764260430833, 29.7874522740607]]}, "properties": {"centerlineid": 10087354, "roadclass": "LOCAL", "fullname": "HELEN ST", "fromleft": 3201, "toleft": 3299, "fromright": 3200, "toright": 3298, "onewaydir": " "}}, {"type": "Feature", "geometry": {"type": "LineString", "coordinates": [[-95.3793023674677, 29.7852949057085], [-95.3807366511949, 29.7852873589616]]}, "properties": {"centerlineid": 10087359, "roadclass": "LOCAL", "fullname": "EUCLID ST", "fromleft": 701, "toleft": 799, "fromright": 700, "toright": 798, "onewaydir": " "}}, {"type": "Feature", "geometry": {"type": "LineString", "coordinates": [[-95.3759377555211, 29.7828306185722], [-95.3759302162058, 29.7837195907456]]}, "properties": {"centerlineid": 10087364, "roadclass": "LOCAL", "fullname": "N SABINE ST", "fromleft": 2711, "toleft": 2799, "fromright": 2710, "toright": 2798, "onewaydir": " "}}, {"type": "Feature", "geometry": {"type": "LineString", "coordinates": [[-95.3749689357658, 29.7867732168625], [-95.3764185144959, 29.7867560825311]]}, "properties": {"centerlineid": 10087385, "roadclass": "LOCAL", "fullname": "BAYLAND AVE", "fromleft": 401, "toleft": 499, "fromright": 400, "toright": 498, "onewaydir": " "}}, {"type": "Feature", "geometry": {"type": "LineString", "coordinates": [[-95.3741372442231, 29.7853539959508], [-95.374144780724, 29.7860464683351]]}, "properties": {"centerlineid": 10087395, "roadclass": "LOCAL", "fullname": "BEAUCHAMP ST", "fromleft": 3001, "toleft": 3099, "fromright": 3000, "toright": 3098, "onewaydir": " "}}, {"type": "Feature", "geometry": {"type": "LineString", "coordinates": [[-95.3715890069875, 29.7876277330775], [-95.3708184767973, 29.7867807266421], [-95.3701067720635, 29.7860250828246]]}, "properties": {"centerlineid": 10087433, "roadclass": "RAMP", "fullname": "NORTH FWY", "fromleft": 1001, "toleft": 1799, "fromright": 0, "toright": 0, "onewaydir": "FT"}}, {"type": "Feature", "geometry": {"type": "LineString", "coordinates": [[-95.362860967664, 29.7756532566615], [-95.3624338629209, 29.7758115927239]]}, "properties": {"centerlineid": 10087469, "roadclass": "MAJOR", "fullname": "HOGAN ST", "fromleft": 417, "toleft": 499, "fromright": 416, "toright": 498, "onewaydir": " "}}, {"type": "Feature", "geometry": {"type": "LineString", "coordinates": [[-95.3764032339545, 29.7846122063627], [-95.3763879093347, 29.7846998016134], [-95.3763879486436, 29.7853140608404]]}, "properties": {"centerlineid": 10087519, "roadclass": "LOCAL", "fullname": "HELEN ST", "fromleft": 2901, "toleft": 2999, "fromright": 2900, "toright": 2998, "onewaydir": " "}}, {"type": "Feature", "geometry": {"type": "LineString", "coordinates": [[-95.379294606386, 29.7836509206712], [-95.3792946288299, 29.7844328742902]]}, "properties": {"centerlineid": 10087520, "roadclass": "LOCAL", "fullname": "REAGAN ST", "fromleft": 2801, "toleft": 2899, "fromright": 2800, "toright": 2898, "onewaydir": " "}}, {"type": "Feature", "geometry": {"type": "LineString", "coordinates": [[-95.3820107524868, 29.7836260254299], [-95.3820260420899, 29.784102912146]]}, "properties": {"centerlineid": 10086040, "roadclass": "LOCAL", "fullname": "JULIAN ST", "fromleft": 2801, "toleft": 2899, "fromright": 2800, "toright": 2898, "onewaydir": " "}}, {"type": "Feature", "geometry": {"type": "LineString", "coordinates": [[-95.3854059690304, 29.7800496684241], [-95.3856882306859, 29.780061281897], [-95.3871147865569, 29.7801222122978]]}, "properties": {"centerlineid": 10086158, "roadclass": "LOCAL", "fullname": "VOIGHT ST", "fromleft": 1001, "toleft": 1199, "fromright": 1000, "toright": 1198, "onewaydir": " "}}, {"type": "Feature", "geometry": {"type": "LineString", "coordinates": [[-95.3592827777076, 29.7769618090557], [-95.3585275544677, 29.7772458869122]]}, "properties": {"centerlineid": 10094100, "roadclass": "MAJOR", "fullname": "HOGAN ST", "fromleft": 901, "toleft": 999, "fromright": 900, "toright": 998, "onewaydir": " "}}, {"type": "Feature", "geometry": {"type": "LineString", "coordinates": [[-95.3593361959324, 29.7849286717469], [-95.3582909394627, 29.7849478613632]]}, "properties": {"centerlineid": 10094129, "roadclass": "LOCAL", "fullname": "COMMON PARK DR", "fromleft": 1227, "toleft": 1299, "fromright": 1226, "toright": 1298, "onewaydir": " "}}, {"type": "Feature", "geometry": {"type": "LineString", "coordinates": [[-95.359069217951, 29.7784152609248], [-95.3583139730969, 29.7786801719174]]}, "properties": {"centerlineid": 10094212, "roadclass": "LOCAL", "fullname": "JAMES ST", "fromleft": 1001, "toleft": 1099, "fromright": 1000, "toright": 1098, "onewaydir": " "}}, {"type": "Feature", "geometry": {"type": "LineString", "coordinates": [[-95.3603967235132, 29.7754891805709], [-95.3596033800267, 29.7757734848222]]}, "properties": {"centerlineid": 10094217, "roadclass": "LOCAL", "fullname": "PINCKNEY ST", "fromleft": 701, "toleft": 799, "fromright": 700, "toright": 798, "onewaydir": " "}}, {"type": "Feature", "geometry": {"type": "LineString", "coordinates": [[-95.3619608498543, 29.7844652700264], [-95.3617940121518, 29.7845143948654], [-95.3617576635757, 29.7845243693798], [-95.3617208718143, 29.7845330195941], [-95.3616837002469, 29.7845403306068], [-95.3616462129071, 29.7845462898237], [-95.3616084743727, 29.7845508869792], [-95.3615705496539, 29.7845541141539], [-95.3615325040822, 29.7845559657885], [-95.3614944031967, 29.7845564386932], [-95.3608960687776, 29.7845530303804]]}, "properties": {"centerlineid": 10094244, "roadclass": "LOCAL", "fullname": "BOUNDARY ST", "fromleft": 1001, "toleft": 1099, "fromright": 1000, "toright": 1098, "onewaydir": " "}}, {"type": "Feature", "geometry": {"type": "LineString", "coordinates": [[-95.3616174215885, 29.7761052362687], [-95.3608238288407, 29.7763934496162]]}, "properties": {"centerlineid": 10094298, "roadclass": "MAJOR", "fullname": "HOGAN ST", "fromleft": 601, "toleft": 699, "fromright": 600, "toright": 698, "onewaydir": " "}}, {"type": "Feature", "geometry": {"type": "LineString", "coordinates": [[-95.3608238288407, 29.7763934496162], [-95.3613808133257, 29.7775644384895]]}, "properties": {"centerlineid": 10094607, "roadclass": "LOCAL", "fullname": "FREEMAN ST", "fromleft": 1901, "toleft": 1999, "fromright": 1900, "toright": 1998, "onewaydir": " "}}, {"type": "Feature", "geometry": {"type": "LineString", "coordinates": [[-95.3588403714009, 29.7760443280783], [-95.3592827777076, 29.7769618090557]]}, "properties": {"centerlineid": 10094610, "roadclass": "LOCAL", "fullname": "CHESTNUT ST", "fromleft": 1801, "toleft": 1899, "fromright": 1800, "toright": 1898, "onewaydir": " "}}, {"type": "Feature", "geometry": {"type": "LineString", "coordinates": [[-95.3590692232373, 29.7727255669791], [-95.3595116372205, 29.7736410017578]]}, "properties": {"centerlineid": 10094611, "roadclass": "LOCAL", "fullname": "FREEMAN ST", "fromleft": 1501, "toleft": 1599, "fromright": 1500, "toright": 1598, "onewaydir": " "}}, {"type": "Feature", "geometry": {"type": "LineString", "coordinates": [[-95.3598244445543, 29.7781328082379], [-95.3603891614003, 29.7792962430705]]}, "properties": {"centerlineid": 10094673, "roadclass": "LOCAL", "fullname": "CHESTNUT ST", "fromleft": 2001, "toleft": 2099, "fromright": 2000, "toright": 2098, "onewaydir": " "}}, {"type": "Feature", "geometry": {"type": "LineString", "coordinates": [[-95.3619074374385, 29.7766928109198], [-95.3621819554397, 29.7772725665275]]}, "properties": {"centerlineid": 10094676, "roadclass": "MAJOR", "fullname": "N MAIN ST", "fromleft": 1915, "toleft": 1999, "fromright": 1914, "toright": 1998, "onewaydir": " "}}, {"type": "Feature", "geometry": {"type": "LineString", "coordinates": [[-95.372397673584, 29.7744784015699], [-95.3724129490035, 29.775203275915]]}, "properties": {"centerlineid": 10087528, "roadclass": "MAJOR", "fullname": "HOUSTON AVE", "fromleft": 1901, "toleft": 1999, "fromright": 1900, "toright": 1998, "onewaydir": " "}}, {"type": "Feature", "geometry": {"type": "LineString", "coordinates": [[-95.3723289622279, 29.7809842653919], [-95.3728631058404, 29.7809710435961]]}, "properties": {"centerlineid": 10087554, "roadclass": "LOCAL", "fullname": "WRIGHTWOOD ST", "fromleft": 1501, "toleft": 1599, "fromright": 1500, "toright": 1598, "onewaydir": " "}}, {"type": "Feature", "geometry": {"type": "LineString", "coordinates": [[-95.3811028710075, 29.7782911618215], [-95.381034186059, 29.7789434790436], [-95.3809427263671, 29.7795403824768]]}, "properties": {"centerlineid": 10087569, "roadclass": "MAJOR", "fullname": "TAYLOR ST", "fromleft": 2301, "toleft": 2315, "fromright": 2300, "toright": 2314, "onewaydir": " "}}, {"type": "Feature", "geometry": {"type": "LineString", "coordinates": [[-95.3655924282109, 29.7811980353181], [-95.3651192062897, 29.7813600605393]]}, "properties": {"centerlineid": 10087574, "roadclass": "LOCAL", "fullname": "MORRIS ST", "fromleft": 401, "toleft": 499, "fromright": 400, "toright": 498, "onewaydir": " "}}, {"type": "Feature", "geometry": {"type": "LineString", "coordinates": [[-95.365172788383, 29.7802995226149], [-95.3646920755228, 29.7804713437817]]}, "properties": {"centerlineid": 10087575, "roadclass": "MAJOR", "fullname": "QUITMAN ST", "fromleft": 417, "toleft": 499, "fromright": 416, "toright": 498, "onewaydir": " "}}, {"type": "Feature", "geometry": {"type": "LineString", "coordinates": [[-95.3660576424591, 29.7743944112417], [-95.3657831955181, 29.7745680622981], [-95.3655312829812, 29.7746823615937], [-95.3652490020922, 29.7747855099993]]}, "properties": {"centerlineid": 10087579, "roadclass": "MAJOR", "fullname": "HOGAN ST", "fromleft": 101, "toleft": 199, "fromright": 100, "toright": 198, "onewaydir": " "}}, {"type": "Feature", "geometry": {"type": "LineString", "coordinates": [[-95.3633417520136, 29.7737651351179], [-95.3624185415906, 29.7729430035802]]}, "properties": {"centerlineid": 10087580, "roadclass": "LOCAL", "fullname": "MYRTLE ST", "fromleft": 201, "toleft": 399, "fromright": 200, "toright": 398, "onewaydir": " "}}, {"type": "Feature", "geometry": {"type": "LineString", "coordinates": [[-95.3642877409638, 29.7745260591383], [-95.3631965886771, 29.7749246903164]]}, "properties": {"centerlineid": 10087581, "roadclass": "LOCAL", "fullname": "HIENSLEY ST", "fromleft": 301, "toleft": 399, "fromright": 300, "toright": 398, "onewaydir": " "}}, {"type": "Feature", "geometry": {"type": "LineString", "coordinates": [[-95.3660957634303, 29.7772305881818], [-95.3653633311734, 29.7774786197967]]}, "properties": {"centerlineid": 10087597, "roadclass": "LOCAL", "fullname": "PASCHALL ST", "fromleft": 201, "toleft": 299, "fromright": 200, "toright": 298, "onewaydir": " "}}, {"type": "Feature", "geometry": {"type": "LineString", "coordinates": [[-95.3645393845555, 29.7750506241072], [-95.3634866333453, 29.7754264367853]]}, "properties": {"centerlineid": 10087599, "roadclass": "MAJOR", "fullname": "HOGAN ST", "fromleft": 301, "toleft": 399, "fromright": 300, "toright": 398, "onewaydir": " "}}, {"type": "Feature", "geometry": {"type": "LineString", "coordinates": [[-95.363768861927, 29.7760098884549], [-95.3627160902861, 29.7763934184187]]}, "properties": {"centerlineid": 10087613, "roadclass": "LOCAL", "fullname": "GARGAN ST", "fromleft": 401, "toleft": 499, "fromright": 400, "toright": 498, "onewaydir": " "}}, {"type": "Feature", "geometry": {"type": "LineString", "coordinates": [[-95.3792717773585, 29.7822316699248], [-95.3792795502318, 29.7829469882834]]}, "properties": {"centerlineid": 10087617, "roadclass": "LOCAL", "fullname": "REAGAN ST", "fromleft": 2629, "toleft": 2699, "fromright": 2628, "toright": 2698, "onewaydir": " "}}, {"type": "Feature", "geometry": {"type": "LineString", "coordinates": [[-95.3792717773585, 29.7822316699248], [-95.3793632742214, 29.7822184191868], [-95.3807061120649, 29.782204962036]]}, "properties": {"centerlineid": 10087625, "roadclass": "LOCAL", "fullname": "WENDEL ST", "fromleft": 701, "toleft": 799, "fromright": 700, "toright": 798, "onewaydir": " "}}, {"type": "Feature", "geometry": {"type": "LineString", "coordinates": [[-95.3712305681892, 29.7752203864624], [-95.371230533456, 29.7752528089847], [-95.3712455937597, 29.7757182956854]]}, "properties": {"centerlineid": 10087636, "roadclass": "LOCAL", "fullname": "HICKORY ST", "fromleft": 2001, "toleft": 2099, "fromright": 2000, "toright": 2098, "onewaydir": " "}}, {"type": "Feature", "geometry": {"type": "LineString", "coordinates": [[-95.3712228095378, 29.7745032516213], [-95.3712305681892, 29.7752203864624]]}, "properties": {"centerlineid": 10087637, "roadclass": "LOCAL", "fullname": "HICKORY ST", "fromleft": 1901, "toleft": 1999, "fromright": 1900, "toright": 1998, "onewaydir": " "}}, {"type": "Feature", "geometry": {"type": "LineString", "coordinates": [[-95.3736261374514, 29.7744726674091], [-95.3736336881785, 29.77518412038]]}, "properties": {"centerlineid": 10087638, "roadclass": "LOCAL", "fullname": "JOHNSON ST", "fromleft": 1901, "toleft": 1999, "fromright": 1900, "toright": 1998, "onewaydir": " "}}, {"type": "Feature", "geometry": {"type": "LineString", "coordinates": [[-95.367675189506, 29.7804332362386], [-95.3669733015102, 29.7806810339431]]}, "properties": {"centerlineid": 10087657, "roadclass": "LOCAL", "fullname": "MORRIS ST", "fromleft": 101, "toleft": 199, "fromright": 100, "toright": 198, "onewaydir": " "}}, {"type": "Feature", "geometry": {"type": "LineString", "coordinates": [[-95.3792946288299, 29.7844328742902], [-95.3807291345042, 29.7844232882364]]}, "properties": {"centerlineid": 10087669, "roadclass": "LOCAL", "fullname": "BYRNE ST", "fromleft": 701, "toleft": 799, "fromright": 700, "toright": 798, "onewaydir": " "}}, {"type": "Feature", "geometry": {"type": "LineString", "coordinates": [[-95.373107287957, 29.7848695626126], [-95.3741372138282, 29.7848548741903]]}, "properties": {"centerlineid": 10087670, "roadclass": "LOCAL", "fullname": "BYRNE ST", "fromleft": 201, "toleft": 299, "fromright": 200, "toright": 298, "onewaydir": " "}}, {"type": "Feature", "geometry": {"type": "LineString", "coordinates": [[-95.3690026706589, 29.7737840589946], [-95.3701166444389, 29.773778370548]]}, "properties": {"centerlineid": 10087677, "roadclass": "MAJOR", "fullname": "CROCKETT ST", "fromleft": 1201, "toleft": 1299, "fromright": 1200, "toright": 1298, "onewaydir": " "}}, {"type": "Feature", "geometry": {"type": "LineString", "coordinates": [[-95.3724207026343, 29.7759298071686], [-95.3730385818413, 29.7759318303171], [-95.3736336583612, 29.7759318389452]]}, "properties": {"centerlineid": 10087682, "roadclass": "LOCAL", "fullname": "OVID ST", "fromleft": 1501, "toleft": 1599, "fromright": 1500, "toright": 1598, "onewaydir": " "}}, {"type": "Feature", "geometry": {"type": "LineString", "coordinates": [[-95.374755147447, 29.7737231165247], [-95.3758843474014, 29.7737060232649]]}, "properties": {"centerlineid": 10087703, "roadclass": "MAJOR", "fullname": "CROCKETT ST", "fromleft": 1701, "toleft": 1799, "fromright": 1700, "toright": 1798, "onewaydir": " "}}, {"type": "Feature", "geometry": {"type": "LineString", "coordinates": [[-95.3724383995732, 29.7778263672727], [-95.3724446849533, 29.7781663407821], [-95.3724482162573, 29.778357295072]]}, "properties": {"centerlineid": 10087713, "roadclass": "MAJOR", "fullname": "HOUSTON AVE", "fromleft": 0, "toleft": 0, "fromright": 0, "toright": 0, "onewaydir": " "}}, {"type": "Feature", "geometry": {"type": "LineString", "coordinates": [[-95.3759302414087, 29.7766012909845], [-95.3759377293973, 29.7772248725371], [-95.3759377417294, 29.7772935786664]]}, "properties": {"centerlineid": 10087733, "roadclass": "LOCAL", "fullname": "SABINE ST", "fromleft": 2201, "toleft": 2299, "fromright": 2200, "toright": 2298, "onewaydir": " "}}, {"type": "Feature", "geometry": {"type": "LineString", "coordinates": [[-95.3666298983514, 29.7783846999], [-95.3666617764178, 29.7783793412192], [-95.3666804481126, 29.7783784618413], [-95.3666987011492, 29.7783820026984], [-95.3667151860744, 29.7783897020135], [-95.3667286841515, 29.7784009905739], [-95.3667520076527, 29.77842666573], [-95.3668434638028, 29.7786000974796], [-95.3669121826599, 29.7787128117307], [-95.3670189712623, 29.7788271142099], [-95.3671029286793, 29.7789416834735], [-95.3671563069089, 29.779067378769], [-95.3673089477884, 29.7795157565751]]}, "properties": {"centerlineid": 10087785, "roadclass": "LOCAL", "fullname": "SOUTH ST", "fromleft": 2101, "toleft": 2299, "fromright": 2100, "toright": 2298, "onewaydir": " "}}, {"type": "Feature", "geometry": {"type": "LineString", "coordinates": [[-95.3650963913527, 29.7769027055975], [-95.3653329669539, 29.7773775525877], [-95.3653633311734, 29.7774786197967]]}, "properties": {"centerlineid": 10087787, "roadclass": "LOCAL", "fullname": "THOMAS ST", "fromleft": 2015, "toleft": 2099, "fromright": 2014, "toright": 2098, "onewaydir": " "}}, {"type": "Feature", "geometry": {"type": "LineString", "coordinates": [[-95.3642877409638, 29.7745260591383], [-95.3645393845555, 29.7750506241072]]}, "properties": {"centerlineid": 10087788, "roadclass": "LOCAL", "fullname": "SOUTH ST", "fromleft": 1813, "toleft": 1899, "fromright": 1812, "toright": 1898, "onewaydir": " "}}, {"type": "Feature", "geometry": {"type": "LineString", "coordinates": [[-95.3630211420691, 29.7790254188591], [-95.3632883352952, 29.7796015300639]]}, "properties": {"centerlineid": 10087796, "roadclass": "MAJOR", "fullname": "N MAIN ST", "fromleft": 2117, "toleft": 2199, "fromright": 2116, "toright": 2198, "onewaydir": " "}}, {"type": "Feature", "geometry": {"type": "LineString", "coordinates": [[-95.367675189506, 29.7804332362386], [-95.3679727192595, 29.7810148577386]]}, "properties": {"centerlineid": 10087810, "roadclass": "LOCAL", "fullname": "SOUTH ST", "fromleft": 0, "toleft": 0, "fromright": 2400, "toright": 2498, "onewaydir": " "}}, {"type": "Feature", "geometry": {"type": "LineString", "coordinates": [[-95.37827996048, 29.7669635345243], [-95.3794166858371, 29.766957596989]]}, "properties": {"centerlineid": 10135319, "roadclass": "LOCAL", "fullname": "DECATUR ST", "fromleft": 2001, "toleft": 2099, "fromright": 2000, "toright": 2098, "onewaydir": " "}}, {"type": "Feature", "geometry": {"type": "LineString", "coordinates": [[-95.3803398626347, 29.7729259126251], [-95.3803551402595, 29.7736583212362]]}, "properties": {"centerlineid": 10135330, "roadclass": "LOCAL", "fullname": "HEMPHILL ST", "fromleft": 1701, "toleft": 1799, "fromright": 1700, "toright": 1798, "onewaydir": " "}}, {"type": "Feature", "geometry": {"type": "LineString", "coordinates": [[-95.3792261452691, 29.7721571786205], [-95.3792489780454, 29.7729258892175]]}, "properties": {"centerlineid": 10135331, "roadclass": "LOCAL", "fullname": "HENDERSON ST", "fromleft": 1601, "toleft": 1699, "fromright": 1600, "toright": 1698, "onewaydir": " "}}, {"type": "Feature", "geometry": {"type": "LineString", "coordinates": [[-95.3783257739184, 29.7686629817165], [-95.3783182868646, 29.7693228605228]]}, "properties": {"centerlineid": 10135342, "roadclass": "LOCAL", "fullname": "WHITE ST", "fromleft": 1101, "toleft": 1199, "fromright": 1100, "toright": 1198, "onewaydir": " "}}, {"type": "Feature", "geometry": {"type": "LineString", "coordinates": [[-95.3642724350033, 29.7610125776371], [-95.3634254970656, 29.7605051141928]]}, "properties": {"centerlineid": 10135348, "roadclass": "MAJOR", "fullname": "TEXAS ST", "fromleft": 801, "toleft": 899, "fromright": 800, "toright": 898, "onewaydir": "FT"}}, {"type": "Feature", "geometry": {"type": "LineString", "coordinates": [[-95.3781425531449, 29.772943020171], [-95.3781503074684, 29.7736886694086]]}, "properties": {"centerlineid": 10135351, "roadclass": "LOCAL", "fullname": "WHITE ST", "fromleft": 1701, "toleft": 1799, "fromright": 1700, "toright": 1798, "onewaydir": " "}}, {"type": "Feature", "geometry": {"type": "LineString", "coordinates": [[-95.3671487819039, 29.769973113529], [-95.3672327350032, 29.7700037181123], [-95.3673470510372, 29.7700381686004], [-95.3674844506282, 29.7700742252563], [-95.367850626949, 29.7700972677901]]}, "properties": {"centerlineid": 10135360, "roadclass": "LOCAL", "fullname": "DART ST", "fromleft": 1001, "toleft": 1099, "fromright": 1000, "toright": 1098, "onewaydir": " "}}, {"type": "Feature", "geometry": {"type": "LineString", "coordinates": [[-95.3642724350033, 29.7610125776371], [-95.3648981015805, 29.7602534519816]]}, "properties": {"centerlineid": 10135366, "roadclass": "LOCAL", "fullname": "MILAM ST", "fromleft": 601, "toleft": 699, "fromright": 600, "toright": 698, "onewaydir": "FT"}}, {"type": "Feature", "geometry": {"type": "LineString", "coordinates": [[-95.3793632942817, 29.76398406579], [-95.3804085548649, 29.7640050465862], [-95.3805077988336, 29.7640299165463]]}, "properties": {"centerlineid": 10135384, "roadclass": "LOCAL", "fullname": "N MEMORIAL WAY", "fromleft": 2101, "toleft": 2299, "fromright": 2100, "toright": 2298, "onewaydir": " "}}, {"type": "Feature", "geometry": {"type": "LineString", "coordinates": [[-95.3689721010917, 29.7708143961081], [-95.3700707417881, 29.770808713212]]}, "properties": {"centerlineid": 10135403, "roadclass": "LOCAL", "fullname": "EDWARDS ST", "fromleft": 1201, "toleft": 1299, "fromright": 1200, "toright": 1298, "onewaydir": " "}}, {"type": "Feature", "geometry": {"type": "LineString", "coordinates": [[-95.3711847060898, 29.7707933881905], [-95.3712101210568, 29.7716544190429]]}, "properties": {"centerlineid": 10135412, "roadclass": "LOCAL", "fullname": "HICKORY ST", "fromleft": 1401, "toleft": 1499, "fromright": 1400, "toright": 1498, "onewaydir": " "}}, {"type": "Feature", "geometry": {"type": "LineString", "coordinates": [[-95.3676523748319, 29.7630515150318], [-95.368112808895, 29.763332958346], [-95.3684552745743, 29.7634812998381], [-95.368880623135, 29.7636351992864], [-95.3691797925364, 29.7637060282922], [-95.3693230400472, 29.7637399433142], [-95.3696882474766, 29.7637567277734], [-95.3698186004992, 29.7637627190567]]}, "properties": {"centerlineid": 10135415, "roadclass": "MAJOR", "fullname": "MEMORIAL DR", "fromleft": 1, "toleft": 1199, "fromright": 0, "toright": 0, "onewaydir": "FT"}}, {"type": "Feature", "geometry": {"type": "LineString", "coordinates": [[-95.379424436299, 29.7680295657599], [-95.380523073841, 29.7681326949135]]}, "properties": {"centerlineid": 10135420, "roadclass": "MAJOR", "fullname": "WASHINGTON AVE", "fromleft": 2101, "toleft": 2199, "fromright": 2100, "toright": 2198, "onewaydir": " "}}, {"type": "Feature", "geometry": {"type": "LineString", "coordinates": [[-95.3782877138509, 29.767680670151], [-95.3783105107106, 29.7679170833779]]}, "properties": {"centerlineid": 10135421, "roadclass": "LOCAL", "fullname": "WHITE ST", "fromleft": 951, "toleft": 999, "fromright": 950, "toright": 998, "onewaydir": " "}}, {"type": "Feature", "geometry": {"type": "LineString", "coordinates": [[-95.3667882231258, 29.7710436468741], [-95.3667957047425, 29.7709707147986], [-95.3667959014014, 29.7709689700377], [-95.3667961328672, 29.7709672284772], [-95.3667963990997, 29.7709654912444], [-95.3667967000989, 29.7709637583393], [-95.3667970345726, 29.7709620297268], [-95.3667974050651, 29.7709603066042], [-95.3667978089518, 29.7709585900289], [-95.366798247565, 29.7709568789084], [-95.3667987208245, 29.7709551754976], [-95.3667992274381, 29.7709534797611], [-95.3667997674057, 29.7709517916991], [-95.3668003420196, 29.7709501113466], [-95.3668009499073, 29.7709484409231], [-95.366801591109, 29.7709467793014], [-95.3668022655845, 29.7709451276086], [-95.3668029720014, 29.7709434869372], [-95.366803711652, 29.7709418573219], [-95.3668044845362, 29.770940238763], [-95.3668052880298, 29.7709386323176], [-95.3668061246766, 29.770937039183], [-95.3668069932248, 29.770935458197], [-95.366807892342, 29.7709338904517], [-95.3668088232804, 29.7709323371095], [-95.3668097847476, 29.7709307981354], [-95.3668107780359, 29.7709292735642], [-95.3668118004807, 29.7709277655807], [-95.3668128534545, 29.7709262719652], [-95.3668139355847, 29.7709247949373], [-95.3668150468715, 29.7709233344969], [-95.3668161872746, 29.7709218917714], [-95.3668173567941, 29.7709204667608], [-95.3668185554299, 29.7709190594649], [-95.3668197805978, 29.7709176698138], [-95.3668210335097, 29.7709163000971], [-95.3668223142056, 29.7709149491874], [-95.3668236213533, 29.7709136181771], [-95.3668249549529, 29.7709123070661], [-95.3668263150042, 29.7709110158544], [-95.3668277001349, 29.7709097467615], [-95.3668291103853, 29.7709084986603], [-95.3668305457551, 29.7709072715505], [-95.3668320049121, 29.7709060665246], [-95.3668334891084, 29.7709048847448], [-95.3668349957999, 29.7709037250137], [-95.3668365249463, 29.7709025884587], [-95.3668380778399, 29.7709014751148], [-95.3668396518562, 29.7709003860392], [-95.3668412470354, 29.7708993201046], [-95.3668428645892, 29.7708982796006], [-95.3668445019335, 29.7708972644571], [-95.3668461591085, 29.7708962735468], [-95.3668478360739, 29.7708953079972], [-95.3668495315376, 29.7708943677729], [-95.3668512467516, 29.7708934540366], [-95.3668529791719, 29.7708925655906], [-95.3668547287182, 29.7708917046897], [-95.3668564967225, 29.7708908702415], [-95.3668582792686, 29.7708900632684], [-95.3668600789808, 29.7708892827129], [-95.3668618931945, 29.7708885307597], [-95.3668637232821, 29.7708878051892], [-95.3668655665792, 29.7708871081859], [-95.3668674230858, 29.7708864397498], [-95.366869294134, 29.7708857987886], [-95.3668711770594, 29.7708851874869], [-95.3668730719422, 29.7708846035901], [-95.3668749774101, 29.7708840493176], [-95.3668763527449, 29.7708836724947], [-95.3668994539432, 29.7708787224129], [-95.3669226453715, 29.7708741076409], [-95.3669459217812, 29.7708698302928], [-95.3669692753796, 29.7708658912858], [-95.3669927022908, 29.7708622905148], [-95.3670161946818, 29.7708590300241], [-95.3670397447601, 29.7708561107308], [-95.3670633473574, 29.7708535324946], [-95.3670869959331, 29.7708512973951], [-95.3671106840269, 29.770849405257], [-95.3671344051381, 29.7708478570325], [-95.3671581528067, 29.7708466525464], [-95.3671819192398, 29.7708457927158], [-95.3678734712446, 29.7708257911017]]}, "properties": {"centerlineid": 10135436, "roadclass": "LOCAL", "fullname": "EDWARDS ST", "fromleft": 1001, "toleft": 1099, "fromright": 1000, "toright": 1098, "onewaydir": " "}}, {"type": "Feature", "geometry": {"type": "LineString", "coordinates": [[-95.3684762828396, 29.7684302444731], [-95.3685524837457, 29.7684359382901], [-95.3691628603228, 29.7684587568973]]}, "properties": {"centerlineid": 10135441, "roadclass": "LOCAL", "fullname": "GIRARD ST", "fromleft": 1101, "toleft": 1199, "fromright": 1100, "toright": 1198, "onewaydir": " "}}, {"type": "Feature", "geometry": {"type": "LineString", "coordinates": [[-95.3805153589161, 29.7662119244881], [-95.3812402590009, 29.7662119196371], [-95.3815453155049, 29.7662005261011]]}, "properties": {"centerlineid": 10135455, "roadclass": "LOCAL", "fullname": "KANE ST", "fromleft": 2201, "toleft": 2299, "fromright": 2200, "toright": 2298, "onewaydir": " "}}, {"type": "Feature", "geometry": {"type": "LineString", "coordinates": [[-95.3793938554858, 29.7647317748972], [-95.3805153539531, 29.7647260672329]]}, "properties": {"centerlineid": 10135458, "roadclass": "LOCAL", "fullname": "STATE ST", "fromleft": 2101, "toleft": 2199, "fromright": 2100, "toright": 2198, "onewaydir": " "}}, {"type": "Feature", "geometry": {"type": "LineString", "coordinates": [[-95.3625406305992, 29.759980566693], [-95.3616708133689, 29.7594409302783]]}, "properties": {"centerlineid": 10140337, "roadclass": "MAJOR", "fullname": "TEXAS ST", "fromleft": 1001, "toleft": 1099, "fromright": 1000, "toright": 1098, "onewaydir": "FT"}}, {"type": "Feature", "geometry": {"type": "LineString", "coordinates": [[-95.3618843833965, 29.7640452311188], [-95.3624794934553, 29.7632993349698]]}, "properties": {"centerlineid": 10140360, "roadclass": "LOCAL", "fullname": "MILAM ST", "fromleft": 201, "toleft": 299, "fromright": 200, "toright": 298, "onewaydir": "FT"}}, {"type": "Feature", "geometry": {"type": "LineString", "coordinates": [[-95.3622125337374, 29.7620272741554], [-95.3628000619336, 29.7612738216461]]}, "properties": {"centerlineid": 10140401, "roadclass": "LOCAL", "fullname": "TRAVIS ST", "fromleft": 401, "toleft": 499, "fromright": 400, "toright": 498, "onewaydir": "TF"}}, {"type": "Feature", "geometry": {"type": "LineString", "coordinates": [[-95.3627389004009, 29.7645830058697], [-95.3618843833965, 29.7640452311188]]}, "properties": {"centerlineid": 10140429, "roadclass": "LOCAL", "fullname": "FRANKLIN ST", "fromleft": 701, "toleft": 799, "fromright": 700, "toright": 798, "onewaydir": " "}}, {"type": "Feature", "geometry": {"type": "LineString", "coordinates": [[-95.3601525858796, 29.7630017934786], [-95.3593514634252, 29.7625402052965], [-95.3592675117878, 29.7624888493295]]}, "properties": {"centerlineid": 10140478, "roadclass": "LOCAL", "fullname": "FRANKLIN ST", "fromleft": 1001, "toleft": 1099, "fromright": 1000, "toright": 1098, "onewaydir": " "}}, {"type": "Feature", "geometry": {"type": "LineString", "coordinates": [[-95.35954219015, 29.7637572652291], [-95.3593286663523, 29.7640185218666], [-95.3592218358269, 29.7641958288007], [-95.3591378694784, 29.7643808735038], [-95.359008039387, 29.7647947496733]]}, "properties": {"centerlineid": 10140567, "roadclass": "MAJOR", "fullname": "N MAIN ST", "fromleft": 1, "toleft": 49, "fromright": 2, "toright": 48, "onewaydir": " "}}, {"type": "Feature", "geometry": {"type": "LineString", "coordinates": [[-95.3598652495895, 29.7724133071323], [-95.3603052222763, 29.7733569373242]]}, "properties": {"centerlineid": 10140604, "roadclass": "MAJOR", "fullname": "N MAIN ST", "fromleft": 1501, "toleft": 1599, "fromright": 1500, "toright": 1598, "onewaydir": " "}}, {"type": "Feature", "geometry": {"type": "LineString", "coordinates": [[-95.3830912743612, 29.7610257838517], [-95.3830756126781, 29.7586783463874]]}, "properties": {"centerlineid": 10134790, "roadclass": "LOCAL", "fullname": "GILLETTE ST", "fromleft": 501, "toleft": 899, "fromright": 500, "toright": 898, "onewaydir": " "}}, {"type": "Feature", "geometry": {"type": "LineString", "coordinates": [[-95.3857986872565, 29.7610755504363], [-95.3857797325014, 29.7603791887313]]}, "properties": {"centerlineid": 10134792, "roadclass": "LOCAL", "fullname": "TAFT ST", "fromleft": 501, "toleft": 599, "fromright": 500, "toright": 598, "onewaydir": " "}}, {"type": "Feature", "geometry": {"type": "LineString", "coordinates": [[-95.385512785935, 29.7692160454166], [-95.3862908515025, 29.7692961530661]]}, "properties": {"centerlineid": 10134903, "roadclass": "LOCAL", "fullname": "CENTER ST", "fromleft": 2601, "toleft": 2699, "fromright": 2600, "toright": 2698, "onewaydir": " "}}, {"type": "Feature", "geometry": {"type": "LineString", "coordinates": [[-95.3735727293391, 29.771508716249], [-95.374717037737, 29.7715009755519]]}, "properties": {"centerlineid": 10135048, "roadclass": "LOCAL", "fullname": "BINGHAM ST", "fromleft": 1601, "toleft": 1699, "fromright": 1600, "toright": 1698, "onewaydir": " "}}, {"type": "Feature", "geometry": {"type": "LineString", "coordinates": [[-95.3737635081014, 29.7674383499065], [-95.3739159099718, 29.7674497777777]]}, "properties": {"centerlineid": 10135125, "roadclass": "MAJOR", "fullname": "WASHINGTON AVE", "fromleft": 1607, "toleft": 1609, "fromright": 1606, "toright": 1608, "onewaydir": " "}}, {"type": "Feature", "geometry": {"type": "LineString", "coordinates": [[-95.3676523748319, 29.7630515150318], [-95.3683695148498, 29.7621187392435]]}, "properties": {"centerlineid": 10135135, "roadclass": "MAJOR", "fullname": "BAGBY ST", "fromleft": 601, "toleft": 699, "fromright": 600, "toright": 698, "onewaydir": " "}}, {"type": "Feature", "geometry": {"type": "LineString", "coordinates": [[-95.3726114634939, 29.7608866305867], [-95.3726860397559, 29.760783473333], [-95.3727257499451, 29.7607282609099], [-95.3728091584259, 29.7606156928958], [-95.3728155926653, 29.7606071707539], [-95.3728221915753, 29.7605987455952], [-95.3728289563275, 29.7605904208364], [-95.3728358842579, 29.7605821986623], [-95.3728429714102, 29.7605740812223], [-95.3728502164123, 29.7605660707361], [-95.3728576191841, 29.7605581694581], [-95.3728651757693, 29.7605503795381], [-95.3728728834237, 29.7605427054152], [-95.3728807408954, 29.7605351459271], [-95.37288874544, 29.7605277055129], [-95.3728968956853, 29.7605203863921], [-95.3729051877154, 29.7605131895872], [-95.3729136201181, 29.7605061184451], [-95.3729221902691, 29.7604991740229], [-95.3729308955045, 29.7604923585052], [-95.3729397331601, 29.7604856740768], [-95.3729487005717, 29.7604791229221], [-95.3729577950753, 29.7604727072258], [-95.3729670153387, 29.7604664280801], [-95.3729763574059, 29.7604602876347], [-95.3729858173207, 29.7604542880391], [-95.3729953950431, 29.7604484304208], [-95.373005085325, 29.7604427168941], [-95.3730148868345, 29.7604371485516], [-95.3730247968672, 29.760431728705], [-95.3730348115472, 29.7604264572495], [-95.3730449282104, 29.7604213363695], [-95.3730551442329, 29.7604163671224], [-95.3730654556585, 29.7604115516579], [-95.3730758598631, 29.7604068910334], [-95.3730863542229, 29.7604023863059], [-95.3730969361138, 29.760398038533], [-95.3731076015395, 29.7603938509915], [-95.3731183479563, 29.7603898224842], [-95.373129171368, 29.7603859562879], [-95.3731400692308, 29.7603822512055], [-95.3731510388404, 29.7603787105489], [-95.3732436517147, 29.76034965914], [-95.373374253917, 29.7603086901296], [-95.3735802665437, 29.7602739819934], [-95.3736339070778, 29.7602649951901], [-95.3737710401582, 29.7602420239493]]}, "properties": {"centerlineid": 10135143, "roadclass": "RAMP", "fullname": "ALLEN PKWY", "fromleft": 0, "toleft": 0, "fromright": 500, "toright": 598, "onewaydir": "TF"}}, {"type": "Feature", "geometry": {"type": "LineString", "coordinates": [[-95.3721154164114, 29.7640185292601], [-95.3721231447514, 29.7648520526142], [-95.3721765658993, 29.7650770154581], [-95.3723214329666, 29.7654471220048]]}, "properties": {"centerlineid": 10135180, "roadclass": "MAJOR", "fullname": "HOUSTON AVE", "fromleft": 0, "toleft": 0, "fromright": 500, "toright": 698, "onewaydir": "FT"}}, {"type": "Feature", "geometry": {"type": "LineString", "coordinates": [[-95.3724893851661, 29.7640107440521], [-95.3724969071878, 29.7647317807243]]}, "properties": {"centerlineid": 10135183, "roadclass": "MAJOR", "fullname": "HOUSTON AVE", "fromleft": 501, "toleft": 599, "fromright": 0, "toright": 0, "onewaydir": "FT"}}, {"type": "Feature", "geometry": {"type": "LineString", "coordinates": [[-95.3783105107106, 29.7679170833779], [-95.3783257951902, 29.7686608891811], [-95.3783257739184, 29.7686629817165]]}, "properties": {"centerlineid": 10135233, "roadclass": "LOCAL", "fullname": "WHITE ST", "fromleft": 1001, "toleft": 1099, "fromright": 1000, "toright": 1098, "onewaydir": " "}}, {"type": "Feature", "geometry": {"type": "LineString", "coordinates": [[-95.3651344972035, 29.7615312396622], [-95.3642724350033, 29.7610125776371]]}, "properties": {"centerlineid": 10135310, "roadclass": "MAJOR", "fullname": "TEXAS ST", "fromleft": 701, "toleft": 799, "fromright": 700, "toright": 798, "onewaydir": "FT"}}, {"type": "Feature", "geometry": {"type": "LineString", "coordinates": [[-95.3711694205951, 29.764956988058], [-95.3711809018709, 29.7643684731284]]}, "properties": {"centerlineid": 10135078, "roadclass": "LOCAL", "fullname": "RIESNER ST", "fromleft": 63, "toleft": 89, "fromright": 62, "toright": 80, "onewaydir": " "}}, {"type": "Feature", "geometry": {"type": "LineString", "coordinates": [[-95.3765481346281, 29.7602114616025], [-95.3768618265728, 29.7602421727565], [-95.3769064179393, 29.7602468797825], [-95.3769509092203, 29.7602522565924], [-95.376995288829, 29.7602583017448], [-95.3770395412624, 29.7602650148207], [-95.3770836550536, 29.7602723909964], [-95.3771276159515, 29.7602804310154], [-95.3771714111573, 29.7602891311466], [-95.3772150291639, 29.7602984876938], [-95.3772584544684, 29.7603085002381], [-95.3773016768957, 29.7603191639911], [-95.3773446809828, 29.7603304774065], [-95.3773874553028, 29.7603424345338], [-95.3774299869365, 29.7603550350239], [-95.3774722644969, 29.7603682717991], [-95.3775142725209, 29.760382143313], [-95.3775560007934, 29.7603966459047], [-95.3775974366353, 29.7604117724614], [-95.3776385671675, 29.7604275215069], [-95.3776793810027, 29.7604438859634], [-95.37771986405, 29.7604608620652], [-95.3777600061338, 29.7604784450241], [-95.3777997945352, 29.7604966288545], [-95.3778392190388, 29.7605154098958], [-95.3778782657133, 29.7605347798728], [-95.3779169230515, 29.7605547350899], [-95.3779551809579, 29.7605752685044], [-95.3779930280053, 29.7605963741657], [-95.3780304514741, 29.7606180460886], [-95.3780674412291, 29.7606402783577], [-95.3781039858828, 29.7606630638952], [-95.3781400753396, 29.7606863956586], [-95.3782897945839, 29.760784945157], [-95.3785145358228, 29.7609135122912], [-95.3785563078024, 29.7609369568948], [-95.3785985422508, 29.7609597606609], [-95.3786412264076, 29.7609819187308], [-95.3786843476324, 29.7610034228638], [-95.3787278919128, 29.7610242670391], [-95.3787718465284, 29.7610444452707], [-95.3788161987587, 29.7610639515728], [-95.3788609333393, 29.7610827787621], [-95.3789060388014, 29.7611009220149], [-95.3789514998005, 29.7611183764029], [-95.378997302364, 29.7611351347779], [-95.3790434336912, 29.7611511934086], [-95.3790898797293, 29.7611665474014], [-95.3791366264257, 29.761181191863], [-95.3791836571435, 29.76119512183], [-95.379230960374, 29.761208333606], [-95.3792785207323, 29.7612208233901], [-95.3793263228335, 29.7612325873812], [-95.3793743539168, 29.7612436207207], [-95.3794225985173, 29.7612539218623], [-95.37947104129, 29.7612634858778], [-95.3795196680619, 29.7612723112555], [-95.3795684634081, 29.7612803953219], [-95.3796174145275, 29.7612877343457], [-95.3796665033712, 29.761294326711], [-95.3797157183501, 29.7613001709761], [-95.3797650414553, 29.7613052643977], [-95.3798144584735, 29.7613096065915], [-95.3798639565637, 29.761313194954], [-95.3799135175969, 29.7613160301235], [-95.3799631274399, 29.7613181094617], [-95.3800127718798, 29.7613194325844], [-95.3800624353712, 29.7613200002001], [-95.3801121024093, 29.7613198118899], [-95.3801617588208, 29.7613188661425], [-95.3803145041225, 29.7613147948122], [-95.3807192813554, 29.7613103805383], [-95.3812840703454, 29.7613066361574], [-95.383952203002, 29.7613534348841], [-95.3858343668198, 29.7613454238906]]}, "properties": {"centerlineid": 10135276, "roadclass": "MAJOR", "fullname": "ALLEN PKWY", "fromleft": 1401, "toleft": 1899, "fromright": 1400, "toright": 1898, "onewaydir": " "}}, {"type": "Feature", "geometry": {"type": "LineString", "coordinates": [[-95.3742132338007, 29.7780137900093], [-95.3748009800366, 29.7779992962422]]}, "properties": {"centerlineid": 10087722, "roadclass": "LOCAL", "fullname": "DEPELCHIN DR", "fromleft": 1601, "toleft": 1699, "fromright": 1600, "toright": 1698, "onewaydir": " "}}, {"type": "Feature", "geometry": {"type": "LineString", "coordinates": [[-95.3778680591859, 29.7867444662047], [-95.3793329329351, 29.7867351100956]]}, "properties": {"centerlineid": 10087388, "roadclass": "LOCAL", "fullname": "BAYLAND AVE", "fromleft": 601, "toleft": 699, "fromright": 600, "toright": 698, "onewaydir": " "}}, {"type": "Feature", "geometry": {"type": "LineString", "coordinates": [[-95.3764107613935, 29.7860407647915], [-95.3764185144959, 29.7867560825311]]}, "properties": {"centerlineid": 10087392, "roadclass": "LOCAL", "fullname": "HELEN ST", "fromleft": 3101, "toleft": 3199, "fromright": 3100, "toright": 3198, "onewaydir": " "}}, {"type": "Feature", "geometry": {"type": "LineString", "coordinates": [[-95.3620217573034, 29.7855563591405], [-95.3607857241402, 29.7855372240243]]}, "properties": {"centerlineid": 10094307, "roadclass": "LOCAL", "fullname": "PANAMA ST", "fromleft": 1001, "toleft": 1099, "fromright": 1000, "toright": 1098, "onewaydir": " "}}, {"type": "Feature", "geometry": {"type": "LineString", "coordinates": [[-95.3623804413307, 29.7746556728922], [-95.3621438030015, 29.7748275039599], [-95.3619836551249, 29.7749207973587]]}, "properties": {"centerlineid": 10094371, "roadclass": "LOCAL", "fullname": "PINCKNEY ST", "fromleft": 451, "toleft": 499, "fromright": 450, "toright": 498, "onewaydir": " "}}, {"type": "Feature", "geometry": {"type": "LineString", "coordinates": [[-95.3607401096969, 29.7742819324762], [-95.3611900446315, 29.7751994290131]]}, "properties": {"centerlineid": 10094655, "roadclass": "MAJOR", "fullname": "N MAIN ST", "fromleft": 1701, "toleft": 1799, "fromright": 1700, "toright": 1798, "onewaydir": " "}}, {"type": "Feature", "geometry": {"type": "LineString", "coordinates": [[-95.3641656826902, 29.7741103691472], [-95.3641513668642, 29.774138028493], [-95.3641461470836, 29.7741496630097], [-95.3641423139761, 29.7741617011191], [-95.364139907478, 29.7741740174002], [-95.3641389526623, 29.7741864835342], [-95.3641394594774, 29.7741989696407], [-95.3641414226435, 29.7742113456314], [-95.3641448217077, 29.774223482565], [-95.3641496212566, 29.774235253991], [-95.3642877409638, 29.7745260591383]]}, "properties": {"centerlineid": 10087790, "roadclass": "LOCAL", "fullname": "SOUTH ST", "fromleft": 1801, "toleft": 1811, "fromright": 1800, "toright": 1810, "onewaydir": " "}}, {"type": "Feature", "geometry": {"type": "LineString", "coordinates": [[-95.3624641837614, 29.7778544387279], [-95.3627389181103, 29.7784551783543]]}, "properties": {"centerlineid": 10087794, "roadclass": "MAJOR", "fullname": "N MAIN ST", "fromleft": 2013, "toleft": 2099, "fromright": 2012, "toright": 2098, "onewaydir": " "}}, {"type": "Feature", "geometry": {"type": "LineString", "coordinates": [[-95.3619608498543, 29.7844652700264], [-95.3619836594233, 29.7845090568767], [-95.3620064687073, 29.7845587992041], [-95.3620142514428, 29.7849535238293]]}, "properties": {"centerlineid": 10087812, "roadclass": "LOCAL", "fullname": "GENTRY ST", "fromleft": 2501, "toleft": 2509, "fromright": 2500, "toright": 2508, "onewaydir": " "}}, {"type": "Feature", "geometry": {"type": "LineString", "coordinates": [[-95.3783257739184, 29.7686629817165], [-95.3794319991418, 29.7687868394345]]}, "properties": {"centerlineid": 10135316, "roadclass": "LOCAL", "fullname": "CENTER ST", "fromleft": 2001, "toleft": 2099, "fromright": 2000, "toright": 2098, "onewaydir": " "}}, {"type": "Feature", "geometry": {"type": "LineString", "coordinates": [[-95.3793938554858, 29.7647317748972], [-95.3794016296953, 29.7654756116977]]}, "properties": {"centerlineid": 10135373, "roadclass": "LOCAL", "fullname": "HENDERSON ST", "fromleft": 601, "toleft": 699, "fromright": 600, "toright": 698, "onewaydir": " "}}, {"type": "Feature", "geometry": {"type": "LineString", "coordinates": [[-95.3712101210568, 29.7716544190429], [-95.3712280364583, 29.7722280975852]]}, "properties": {"centerlineid": 10135407, "roadclass": "LOCAL", "fullname": "HICKORY ST", "fromleft": 1501, "toleft": 1599, "fromright": 1500, "toright": 1598, "onewaydir": " "}}, {"type": "Feature", "geometry": {"type": "LineString", "coordinates": [[-95.3678734712446, 29.7708257911017], [-95.3684685383684, 29.7708162411463], [-95.3689721010917, 29.7708143961081]]}, "properties": {"centerlineid": 10135440, "roadclass": "LOCAL", "fullname": "EDWARDS ST", "fromleft": 1101, "toleft": 1199, "fromright": 1100, "toright": 1198, "onewaydir": " "}}, {"type": "Feature", "geometry": {"type": "LineString", "coordinates": [[-95.3727029296575, 29.7622846315216], [-95.372756320935, 29.7622180217219], [-95.3729624064793, 29.7619699866001], [-95.3731072730045, 29.7617927228006], [-95.373320842447, 29.7615561000176], [-95.3734506524796, 29.7614244340493], [-95.3735880455272, 29.7613044148039], [-95.3737710309501, 29.7611841894621], [-95.3739389829484, 29.7611058865471], [-95.3742210094951, 29.7609776731483], [-95.3742269996628, 29.7609750199643], [-95.3745262925279, 29.7608389525798]]}, "properties": {"centerlineid": 10135551, "roadclass": "RAMP", "fullname": "IH 45 ALLEN PKWY EXIT RAMP", "fromleft": 0, "toleft": 0, "fromright": 0, "toright": 0, "onewaydir": "TF"}}, {"type": "Feature", "geometry": {"type": "LineString", "coordinates": [[-95.3753654659677, 29.7636655409206], [-95.3751291080279, 29.7636313297878], [-95.3749536560847, 29.7636160242404], [-95.3747094892461, 29.7635854623706], [-95.3742593241709, 29.7635530465649], [-95.374007641973, 29.7635149310206]]}, "properties": {"centerlineid": 10135558, "roadclass": "RAMP", "fullname": "RAMP RAMP", "fromleft": 0, "toleft": 0, "fromright": 0, "toright": 0, "onewaydir": "FT"}}, {"type": "Feature", "geometry": {"type": "LineString", "coordinates": [[-95.3665306866427, 29.7724223392399], [-95.3663837968371, 29.7721842526427], [-95.3662993068638, 29.7720473073091], [-95.3661187908104, 29.7717547169402], [-95.3658668882161, 29.7712778264502], [-95.3656839188387, 29.7708716519898], [-95.3655771571398, 29.7706236566424], [-95.3654769106058, 29.7704041902974], [-95.3653482426114, 29.7701738101224], [-95.3652565747237, 29.7700093967099], [-95.3651362105992, 29.7698239958439], [-95.3650293679752, 29.7696731702616], [-95.3649077460733, 29.7695223589154], [-95.3649049401852, 29.7695192915071], [-95.3648305604451, 29.7694379825155], [-95.3647532118269, 29.7693534290043], [-95.3646325598812, 29.7692086285348], [-95.364524123384, 29.7691015082268]]}, "properties": {"centerlineid": 10135571, "roadclass": "RAMP", "fullname": "IH 45 IH 10 RAMP", "fromleft": 0, "toleft": 0, "fromright": 0, "toright": 0, "onewaydir": "FT"}}, {"type": "Feature", "geometry": {"type": "LineString", "coordinates": [[-95.3727029296575, 29.7622846315216], [-95.372756342639, 29.762250398487], [-95.3730463667643, 29.7620692478189], [-95.3734385879277, 29.7618151130869], [-95.3737444586867, 29.7615583177253], [-95.3739568150247, 29.7613483074755], [-95.3741568066811, 29.7610886460034], [-95.3742210094951, 29.7609776731483], [-95.3742233804757, 29.7609736210288], [-95.3742621931132, 29.7609065631356], [-95.3743144715602, 29.7608086308066], [-95.3743757292153, 29.7606938771501], [-95.3745053548702, 29.7604261469481], [-95.374557516221, 29.7602333948362], [-95.374599419771, 29.7600923794105], [-95.3746102104876, 29.760056062687], [-95.3746183980305, 29.7600285128868], [-95.3746373731234, 29.7598672503039], [-95.3746376997076, 29.7598644653078], [-95.3746791329456, 29.7595123391637], [-95.3747247835192, 29.7583440979182]]}, "properties": {"centerlineid": 10135587, "roadclass": "HIGHWAY", "fullname": "S IH 45", "fromleft": 0, "toleft": 0, "fromright": 2, "toright": 898, "onewaydir": "TF"}}, {"type": "Feature", "geometry": {"type": "LineString", "coordinates": [[-95.3741906417177, 29.7589620050913], [-95.3737904446353, 29.7599129061548], [-95.3737400692288, 29.7600290068419], [-95.3736595750808, 29.7602079164144], [-95.3736339070778, 29.7602649951901], [-95.3734846707783, 29.7606862879502], [-95.3732939264224, 29.7611146106569], [-95.3731137945753, 29.761411795129], [-95.3729585589377, 29.7616048563434], [-95.3727896454944, 29.7617852197466], [-95.3725338375869, 29.762024874358], [-95.3723433913433, 29.7621653443134], [-95.3722436133422, 29.7622389385769], [-95.3720392176525, 29.7623533251691], [-95.3719659704257, 29.7623919744324], [-95.3718428011555, 29.7624634862589], [-95.3716271425912, 29.762570754215], [-95.3714939076428, 29.7626319710334], [-95.3713634452486, 29.7626845360253], [-95.3712179349555, 29.7627154169288]]}, "properties": {"centerlineid": 10135589, "roadclass": "HIGHWAY", "fullname": "S IH 45", "fromleft": 1, "toleft": 899, "fromright": 0, "toright": 0, "onewaydir": "FT"}}, {"type": "Feature", "geometry": {"type": "LineString", "coordinates": [[-95.35954219015, 29.7637572652291], [-95.3585809208075, 29.7631772605169]]}, "properties": {"centerlineid": 10140432, "roadclass": "LOCAL", "fullname": "COMMERCE ST", "fromleft": 1001, "toleft": 1099, "fromright": 1000, "toright": 1098, "onewaydir": " "}}, {"type": "Feature", "geometry": {"type": "LineString", "coordinates": [[-95.3844369289703, 29.7620845274901], [-95.385291429498, 29.7620251982869], [-95.3856957659035, 29.7620041938094], [-95.3861840668481, 29.762011967956], [-95.3867638502712, 29.7620425357146], [-95.3874734275674, 29.7621415847493], [-95.3879770023856, 29.762238983582], [-95.3883738351006, 29.7623305258011], [-95.3889230138966, 29.7624906943159], [-95.38938851154, 29.7626547451638], [-95.3898309323016, 29.7628110549248], [-95.3903116930957, 29.7629732806639], [-95.3908303409201, 29.7630743310526], [-95.39131861635, 29.7630935283471], [-95.3918908567793, 29.763135499444], [-95.3924268509175, 29.7632148214796]]}, "properties": {"centerlineid": 10134783, "roadclass": "MAJOR", "fullname": "MEMORIAL DR", "fromleft": 0, "toleft": 0, "fromright": 2600, "toright": 3198, "onewaydir": "TF"}}, {"type": "Feature", "geometry": {"type": "LineString", "coordinates": [[-95.3687506563069, 29.761687239707], [-95.36950626635, 29.7608104418234]]}, "properties": {"centerlineid": 10135014, "roadclass": "MAJOR", "fullname": "BAGBY ST", "fromleft": 801, "toleft": 899, "fromright": 800, "toright": 898, "onewaydir": " "}}, {"type": "Feature", "geometry": {"type": "LineString", "coordinates": [[-95.372367301518, 29.7707838204285], [-95.3723826190207, 29.7715240006749]]}, "properties": {"centerlineid": 10135045, "roadclass": "MAJOR", "fullname": "HOUSTON AVE", "fromleft": 1401, "toleft": 1499, "fromright": 1400, "toright": 1498, "onewaydir": " "}}, {"type": "Feature", "geometry": {"type": "LineString", "coordinates": [[-95.3723289675621, 29.7668738769706], [-95.3723289721251, 29.7672800202926]]}, "properties": {"centerlineid": 10135070, "roadclass": "MAJOR", "fullname": "HOUSTON AVE", "fromleft": 901, "toleft": 999, "fromright": 900, "toright": 998, "onewaydir": " "}}, {"type": "Feature", "geometry": {"type": "LineString", "coordinates": [[-95.3746636535707, 29.766604832331], [-95.3746713716591, 29.7675202720935]]}, "properties": {"centerlineid": 10135114, "roadclass": "LOCAL", "fullname": "COLORADO ST", "fromleft": 901, "toleft": 1099, "fromright": 900, "toright": 1098, "onewaydir": " "}}, {"type": "Feature", "geometry": {"type": "LineString", "coordinates": [[-95.3739159099718, 29.7674497777777], [-95.3742440095631, 29.7674803325056]]}, "properties": {"centerlineid": 10135201, "roadclass": "MAJOR", "fullname": "WASHINGTON AVE", "fromleft": 1611, "toleft": 1613, "fromright": 1610, "toright": 1612, "onewaydir": " "}}, {"type": "Feature", "geometry": {"type": "LineString", "coordinates": [[-95.3805077988336, 29.7640299165463], [-95.3805153539531, 29.7647260672329]]}, "properties": {"centerlineid": 10135273, "roadclass": "LOCAL", "fullname": "HEMPHILL ST", "fromleft": 501, "toleft": 599, "fromright": 500, "toright": 598, "onewaydir": " "}}, {"type": "Feature", "geometry": {"type": "LineString", "coordinates": [[-95.36950626635, 29.7608104418234], [-95.3688425179157, 29.7604250603378], [-95.3686289360301, 29.7602933961936]]}, "properties": {"centerlineid": 10135285, "roadclass": "LOCAL", "fullname": "WALKER ST", "fromleft": 401, "toleft": 499, "fromright": 400, "toright": 498, "onewaydir": "TF"}}, {"type": "Feature", "geometry": {"type": "LineString", "coordinates": [[-95.3689584437267, 29.7700933481605], [-95.370087625371, 29.7700772430749]]}, "properties": {"centerlineid": 10135055, "roadclass": "LOCAL", "fullname": "DART ST", "fromleft": 1201, "toleft": 1299, "fromright": 1200, "toright": 1298, "onewaydir": " "}}, {"type": "Feature", "geometry": {"type": "LineString", "coordinates": [[-95.3731378472015, 29.7867828040353], [-95.3732599156082, 29.7867828044312], [-95.3741525265025, 29.7867750434992]]}, "properties": {"centerlineid": 10087426, "roadclass": "LOCAL", "fullname": "BAYLAND AVE", "fromleft": 201, "toleft": 299, "fromright": 200, "toright": 298, "onewaydir": " "}}, {"type": "Feature", "geometry": {"type": "LineString", "coordinates": [[-95.3648065766346, 29.7763208657788], [-95.364058871455, 29.7765935493178]]}, "properties": {"centerlineid": 10087443, "roadclass": "LOCAL", "fullname": "JAMES ST", "fromleft": 301, "toleft": 399, "fromright": 300, "toright": 398, "onewaydir": " "}}, {"type": "Feature", "geometry": {"type": "LineString", "coordinates": [[-95.3635019243223, 29.7839064598988], [-95.3620295150267, 29.7844403860512], [-95.3619608498543, 29.7844652700264]]}, "properties": {"centerlineid": 10087506, "roadclass": "LOCAL", "fullname": "BOUNDARY ST", "fromleft": 801, "toleft": 999, "fromright": 800, "toright": 998, "onewaydir": " "}}, {"type": "Feature", "geometry": {"type": "LineString", "coordinates": [[-95.3820034490477, 29.7807947405615], [-95.3820032225421, 29.7814782655537]]}, "properties": {"centerlineid": 10086126, "roadclass": "LOCAL", "fullname": "JULIAN ST", "fromleft": 2401, "toleft": 2499, "fromright": 2400, "toright": 2498, "onewaydir": " "}}, {"type": "Feature", "geometry": {"type": "LineString", "coordinates": [[-95.3820032225421, 29.7814782655537], [-95.3820032506752, 29.7822050031602]]}, "properties": {"centerlineid": 10086149, "roadclass": "LOCAL", "fullname": "JULIAN ST", "fromleft": 2501, "toleft": 2599, "fromright": 2500, "toright": 2598, "onewaydir": " "}}, {"type": "Feature", "geometry": {"type": "LineString", "coordinates": [[-95.3811028710075, 29.7782911618215], [-95.3813317415217, 29.7782188216167], [-95.38177440962, 29.7780871752424], [-95.3821022737689, 29.7779554963148], [-95.3823160482596, 29.7778486953763], [-95.3825296495205, 29.7777512875165], [-95.3827813126998, 29.777633087593], [-95.3831781088227, 29.7774957325339], [-95.3839473242846, 29.7772294467664]]}, "properties": {"centerlineid": 10086263, "roadclass": "RAMP", "fullname": "KATY FWY", "fromleft": 0, "toleft": 0, "fromright": 2300, "toright": 2398, "onewaydir": "FT"}}, {"type": "Feature", "geometry": {"type": "LineString", "coordinates": [[-95.3617317331706, 29.7801833591579], [-95.3609308451349, 29.7804674669633]]}, "properties": {"centerlineid": 10094097, "roadclass": "LOCAL", "fullname": "HENRY ST", "fromleft": 801, "toleft": 899, "fromright": 800, "toright": 898, "onewaydir": " "}}, {"type": "Feature", "geometry": {"type": "LineString", "coordinates": [[-95.3747628768141, 29.7744612768566], [-95.3747704227255, 29.7751745438245]]}, "properties": {"centerlineid": 10087530, "roadclass": "LOCAL", "fullname": "COLORADO ST", "fromleft": 1901, "toleft": 1999, "fromright": 1900, "toright": 1998, "onewaydir": " "}}, {"type": "Feature", "geometry": {"type": "LineString", "coordinates": [[-95.3781503074684, 29.7736886694086], [-95.3781578828251, 29.7744288715698]]}, "properties": {"centerlineid": 10087538, "roadclass": "LOCAL", "fullname": "WHITE ST", "fromleft": 1801, "toleft": 1899, "fromright": 1800, "toright": 1898, "onewaydir": " "}}, {"type": "Feature", "geometry": {"type": "LineString", "coordinates": [[-95.364402051309, 29.7798876860632], [-95.3635781368157, 29.7801927218504]]}, "properties": {"centerlineid": 10087542, "roadclass": "LOCAL", "fullname": "WINNIE ST", "fromleft": 501, "toleft": 599, "fromright": 500, "toright": 598, "onewaydir": " "}}, {"type": "Feature", "geometry": {"type": "LineString", "coordinates": [[-95.3807138585042, 29.7815013194562], [-95.3807061120649, 29.782204962036]]}, "properties": {"centerlineid": 10087563, "roadclass": "LOCAL", "fullname": "WATSON ST", "fromleft": 2501, "toleft": 2599, "fromright": 2500, "toright": 2598, "onewaydir": " "}}, {"type": "Feature", "geometry": {"type": "LineString", "coordinates": [[-95.3747856853801, 29.7759318403768], [-95.3747934530248, 29.7765248671132], [-95.3748009844774, 29.7765860079138]]}, "properties": {"centerlineid": 10087736, "roadclass": "LOCAL", "fullname": "COLORADO ST", "fromleft": 2101, "toleft": 2199, "fromright": 2100, "toright": 2198, "onewaydir": " "}}, {"type": "Feature", "geometry": {"type": "LineString", "coordinates": [[-95.3685752910359, 29.7812724260973], [-95.3686364626165, 29.7811179704082], [-95.3687705729366, 29.7806912553654], [-95.36902415795, 29.7802250268796], [-95.3691808838557, 29.7799191746045], [-95.3694805107938, 29.7793786172571], [-95.3696952589011, 29.7789919488981], [-95.369872147758, 29.7787423006244], [-95.3700860623724, 29.7784971935058]]}, "properties": {"centerlineid": 10087847, "roadclass": "RAMP", "fullname": "IH 45 W IH 10 OB", "fromleft": 0, "toleft": 0, "fromright": 0, "toright": 0, "onewaydir": "FT"}}, {"type": "Feature", "geometry": {"type": "LineString", "coordinates": [[-95.3686364808177, 29.7829146076188], [-95.3686631329352, 29.7827908953699], [-95.3686850877185, 29.7826727924232], [-95.3686960830932, 29.7826095298322], [-95.3687065391208, 29.7825133880209], [-95.368717111834, 29.7824379818503], [-95.3687357370079, 29.7823025857011], [-95.3687489521764, 29.782208328525], [-95.3687690584162, 29.7820867350975], [-95.3689111909799, 29.7811255064174], [-95.3689415386523, 29.7809920334555]]}, "properties": {"centerlineid": 10087856, "roadclass": "RAMP", "fullname": "S IH 45-WHITE OAK   S", "fromleft": 0, "toleft": 0, "fromright": 0, "toright": 0, "onewaydir": "TF"}}, {"type": "Feature", "geometry": {"type": "LineString", "coordinates": [[-95.3755945933339, 29.7654908961868], [-95.3771431579467, 29.7654929529483]]}, "properties": {"centerlineid": 10135371, "roadclass": "LOCAL", "fullname": "LUBBOCK ST", "fromleft": 1801, "toleft": 1899, "fromright": 1800, "toright": 1898, "onewaydir": " "}}, {"type": "Feature", "geometry": {"type": "LineString", "coordinates": [[-95.3678734712446, 29.7708257911017], [-95.3678734724584, 29.7709994417978], [-95.3678581781404, 29.7715906362037]]}, "properties": {"centerlineid": 10135433, "roadclass": "LOCAL", "fullname": "BEACHTON ST", "fromleft": 1401, "toleft": 1499, "fromright": 1400, "toright": 1498, "onewaydir": " "}}, {"type": "Feature", "geometry": {"type": "LineString", "coordinates": [[-95.3672630768421, 29.7635302337079], [-95.3676523748319, 29.7630515150318]]}, "properties": {"centerlineid": 10135508, "roadclass": "MAJOR", "fullname": "BAGBY ST", "fromleft": 501, "toleft": 599, "fromright": 500, "toright": 598, "onewaydir": " "}}, {"type": "Feature", "geometry": {"type": "LineString", "coordinates": [[-95.3666299349077, 29.7670796596183], [-95.3667615925391, 29.7667723544922], [-95.3668968747784, 29.7664560731871], [-95.3669810027413, 29.7662842585343], [-95.3672021984639, 29.7658325044901], [-95.3673634675905, 29.7655592363985], [-95.3674082252404, 29.7654833936298], [-95.3675696103063, 29.7652497295562], [-95.367615558852, 29.7651852204119], [-95.3676635175859, 29.7651218348267], [-95.3677134504359, 29.7650596204714], [-95.3677653198453, 29.7649986241353], [-95.3678190868013, 29.7649388916921], [-95.3678747108644, 29.7648804680647], [-95.3679321501983, 29.7648233971914], [-95.367991361602, 29.7647677219935], [-95.3680523005419, 29.7647134843422], [-95.3681149211853, 29.7646607250277], [-95.3681791764351, 29.7646094837284], [-95.3682450179652, 29.7645597989807], [-95.3683123962565, 29.7645117081507], [-95.3683812606344, 29.7644652474055], [-95.3684515593072, 29.7644204516862], [-95.3685232394044, 29.7643773546819], [-95.36870513785, 29.7642797822261], [-95.368956818668, 29.7641367226454], [-95.3693536180512, 29.7639174456441], [-95.3695215900793, 29.7638367723156], [-95.3696882474766, 29.7637567277734], [-95.3697351096944, 29.7637342204346], [-95.3700935599791, 29.7635587458599], [-95.3702456094054, 29.7634976609073]]}, "properties": {"centerlineid": 10135557, "roadclass": "HIGHWAY", "fullname": "N IH 45", "fromleft": 101, "toleft": 899, "fromright": 0, "toright": 0, "onewaydir": "FT"}}, {"type": "Feature", "geometry": {"type": "LineString", "coordinates": [[-95.361289306176, 29.7676596787298], [-95.3615868403924, 29.7677682825617], [-95.362952194771, 29.7685257701047], [-95.3637716589425, 29.7690334574277], [-95.3640645537145, 29.7691908307485], [-95.364122226374, 29.7692218199181], [-95.3643944792011, 29.7693310029972], [-95.3644810376364, 29.769362917353], [-95.3645696975153, 29.7693900883931], [-95.3646601177177, 29.7694124115763], [-95.3647519503496, 29.7694298010132], [-95.3648448420821, 29.7694421897975], [-95.364938435511, 29.7694495302629], [-95.3650323705318, 29.7694517941667], [-95.3651262857256, 29.7694489727985], [-95.3652198197499, 29.7694410770135], [-95.3653126127289, 29.7694281371911], [-95.3654043076382, 29.7694102031176], [-95.3654945516789, 29.7693873437951], [-95.365582997635, 29.7693596471756], [-95.3656693052094, 29.7693272198224], [-95.3657531423333, 29.7692901865008], [-95.3658341864441, 29.7692486896971], [-95.3660311161177, 29.7691259528155], [-95.3660957709921, 29.7690599511874], [-95.3661570411312, 29.768991536039], [-95.3662148083169, 29.7689208393819], [-95.3662689610913, 29.7688479976296], [-95.3663193949711, 29.7687731513345], [-95.3663660126497, 29.7686964449166], [-95.3664087241847, 29.7686180263846], [-95.3664474471712, 29.7685380470506], [-95.3664821069011, 29.7684566612381], [-95.3665126365069, 29.768374025984], [-95.3665389770908, 29.7682903007355], [-95.3665610778383, 29.7682056470427], [-95.3665788961161, 29.7681202282471], [-95.3665923975543, 29.7680342091656], [-95.3666015561126, 29.7679477557731], [-95.3666063541306, 29.7678610348824], [-95.3666299349077, 29.7670796596183]]}, "properties": {"centerlineid": 10135585, "roadclass": "RAMP", "fullname": "WB 10 E TO SB 45 N RAMP", "fromleft": 0, "toleft": 0, "fromright": 0, "toright": 0, "onewaydir": "TF"}}, {"type": "Feature", "geometry": {"type": "LineString", "coordinates": [[-95.361103019863, 29.7719323001969], [-95.3610864104002, 29.7719681509588], [-95.3610506536359, 29.771988198082], [-95.3609506978049, 29.7720275176997], [-95.3607170582871, 29.7721170344628]]}, "properties": {"centerlineid": 10140403, "roadclass": "LOCAL", "fullname": "TRENTHAM PL", "fromleft": 501, "toleft": 549, "fromright": 500, "toright": 548, "onewaydir": " "}}, {"type": "Feature", "geometry": {"type": "LineString", "coordinates": [[-95.3607170582871, 29.7721170344628], [-95.3607498072446, 29.7722628149596], [-95.3607654784268, 29.7723206192782], [-95.3607862259773, 29.7723771933918], [-95.3608621863809, 29.7725596817671], [-95.3610226434622, 29.7729242131142], [-95.3610353048061, 29.7729487916211], [-95.3610510210041, 29.7729719891281], [-95.3610695970477, 29.7729935177951], [-95.3610908024426, 29.7730131104891], [-95.3611214134338, 29.7730384080228]]}, "properties": {"centerlineid": 10140664, "roadclass": "LOCAL", "fullname": "KEENE ST", "fromleft": 1501, "toleft": 1599, "fromright": 1500, "toright": 1598, "onewaydir": " "}}, {"type": "Feature", "geometry": {"type": "LineString", "coordinates": [[-95.3838571610189, 29.769120676427], [-95.3843073389758, 29.7691264031894], [-95.3846886216146, 29.7691338985731], [-95.3850167262098, 29.7691569390293], [-95.3854669206361, 29.7692103434024], [-95.385512785935, 29.7692160454166]]}, "properties": {"centerlineid": 10134872, "roadclass": "LOCAL", "fullname": "CENTER ST", "fromleft": 2501, "toleft": 2599, "fromright": 2500, "toright": 2598, "onewaydir": " "}}, {"type": "Feature", "geometry": {"type": "LineString", "coordinates": [[-95.382684287041, 29.773652531487], [-95.3847039054809, 29.7736352721775]]}, "properties": {"centerlineid": 10134887, "roadclass": "MAJOR", "fullname": "CROCKETT ST", "fromleft": 2401, "toleft": 2599, "fromright": 2400, "toright": 2598, "onewaydir": " "}}, {"type": "Feature", "geometry": {"type": "LineString", "coordinates": [[-95.3746408291862, 29.7654528160489], [-95.3746636535707, 29.766604832331]]}, "properties": {"centerlineid": 10135075, "roadclass": "LOCAL", "fullname": "COLORADO ST", "fromleft": 701, "toleft": 899, "fromright": 700, "toright": 898, "onewaydir": " "}}, {"type": "Feature", "geometry": {"type": "LineString", "coordinates": [[-95.3782571243154, 29.7654833863655], [-95.3782724064002, 29.7662272389049]]}, "properties": {"centerlineid": 10135118, "roadclass": "LOCAL", "fullname": "WHITE ST", "fromleft": 701, "toleft": 799, "fromright": 700, "toright": 798, "onewaydir": " "}}, {"type": "Feature", "geometry": {"type": "LineString", "coordinates": [[-95.3735880221577, 29.7729907083321], [-95.3736108220346, 29.7737306715765]]}, "properties": {"centerlineid": 10135209, "roadclass": "LOCAL", "fullname": "JOHNSON ST", "fromleft": 1701, "toleft": 1799, "fromright": 1700, "toright": 1798, "onewaydir": " "}}, {"type": "Feature", "geometry": {"type": "LineString", "coordinates": [[-95.3625025158943, 29.7798894985884], [-95.3626899063253, 29.780284642376]]}, "properties": {"centerlineid": 1099555, "roadclass": "LOCAL", "fullname": "FREEMAN ST", "fromleft": 2201, "toleft": 2299, "fromright": 2200, "toright": 2298, "onewaydir": " "}}, {"type": "Feature", "geometry": {"type": "LineString", "coordinates": [[-95.3692087062061, 29.7802863013125], [-95.3694909649076, 29.7797197375234], [-95.3695671614397, 29.7795729934199], [-95.3696664251563, 29.7794089625199]]}, "properties": {"centerlineid": 10087462, "roadclass": "RAMP", "fullname": "NORTH FWY", "fromleft": 1301, "toleft": 1349, "fromright": 0, "toright": 0, "onewaydir": "FT"}}, {"type": "Feature", "geometry": {"type": "LineString", "coordinates": [[-95.380751943335, 29.7860045075832], [-95.3820566602314, 29.7859816800574]]}, "properties": {"centerlineid": 10086086, "roadclass": "LOCAL", "fullname": "WOODLAND ST", "fromleft": 801, "toleft": 899, "fromright": 800, "toright": 898, "onewaydir": " "}}, {"type": "Feature", "geometry": {"type": "LineString", "coordinates": [[-95.3599923689945, 29.7821860601873], [-95.3605415917614, 29.7833360457505]]}, "properties": {"centerlineid": 10094672, "roadclass": "MAJOR", "fullname": "FULTON ST", "fromleft": 2301, "toleft": 2327, "fromright": 2300, "toright": 2326, "onewaydir": " "}}, {"type": "Feature", "geometry": {"type": "LineString", "coordinates": [[-95.3659355823812, 29.7786477699433], [-95.3651728382468, 29.7789186089259]]}, "properties": {"centerlineid": 10087576, "roadclass": "LOCAL", "fullname": "HENRY ST", "fromleft": 301, "toleft": 399, "fromright": 300, "toright": 398, "onewaydir": " "}}, {"type": "Feature", "geometry": {"type": "LineString", "coordinates": [[-95.3669733015102, 29.7806810339431], [-95.3663018092195, 29.7809347241368]]}, "properties": {"centerlineid": 10087578, "roadclass": "LOCAL", "fullname": "MORRIS ST", "fromleft": 201, "toleft": 299, "fromright": 200, "toright": 298, "onewaydir": " "}}, {"type": "Feature", "geometry": {"type": "LineString", "coordinates": [[-95.3796380395786, 29.7817187581118], [-95.3801187682348, 29.7814287296263], [-95.3802330829624, 29.7813600412309]]}, "properties": {"centerlineid": 10087659, "roadclass": "LOCAL", "fullname": "USENER ST", "fromleft": 707, "toleft": 725, "fromright": 706, "toright": 724, "onewaydir": " "}}, {"type": "Feature", "geometry": {"type": "LineString", "coordinates": [[-95.3781731633769, 29.7751382530562], [-95.3792717729112, 29.7751346331699]]}, "properties": {"centerlineid": 10087689, "roadclass": "LOCAL", "fullname": "SPRING ST", "fromleft": 2001, "toleft": 2099, "fromright": 2000, "toright": 2098, "onewaydir": " "}}, {"type": "Feature", "geometry": {"type": "LineString", "coordinates": [[-95.3724207026343, 29.7759298071686], [-95.3724282366505, 29.7765650186198]]}, "properties": {"centerlineid": 10087734, "roadclass": "MAJOR", "fullname": "HOUSTON AVE", "fromleft": 2101, "toleft": 2199, "fromright": 2100, "toright": 2198, "onewaydir": " "}}, {"type": "Feature", "geometry": {"type": "LineString", "coordinates": [[-95.3631662620221, 29.7831968486242], [-95.3635019243223, 29.7839064598988]]}, "properties": {"centerlineid": 10087765, "roadclass": "LOCAL", "fullname": "EVERETT ST", "fromleft": 2415, "toleft": 2499, "fromright": 2414, "toright": 2498, "onewaydir": " "}}, {"type": "Feature", "geometry": {"type": "LineString", "coordinates": [[-95.3655465658484, 29.7794833252176], [-95.365607502309, 29.7794986534534], [-95.3656533363026, 29.7795367373814], [-95.3657831526274, 29.7797769856327], [-95.365912784469, 29.7800268570304]]}, "properties": {"centerlineid": 10087774, "roadclass": "LOCAL", "fullname": "FLETCHER ST", "fromleft": 2213, "toleft": 2299, "fromright": 2212, "toright": 2298, "onewaydir": " "}}, {"type": "Feature", "geometry": {"type": "LineString", "coordinates": [[-95.3700860623724, 29.7784971935058], [-95.3701955162135, 29.7784416604085], [-95.3703505847162, 29.778346119904], [-95.3704687510857, 29.7782888388926], [-95.370491203352, 29.7782781768798], [-95.370513863295, 29.7782678578673], [-95.370536726998, 29.7782578828775], [-95.3705597852152, 29.7782482573016], [-95.3705830326976, 29.778238983254], [-95.370606461612, 29.7782300627792], [-95.3706300640849, 29.7782214990491], [-95.3706538335753, 29.778213294143], [-95.3706777635019, 29.7782054512678], [-95.3707018459914, 29.7781979735952], [-95.3707260732909, 29.7781908609153], [-95.3707504400711, 29.778184117597], [-95.3707749359144, 29.7781777456149], [-95.3707995569444, 29.778171744864], [-95.3708242926634, 29.7781661195732], [-95.3708491366103, 29.7781608695676], [-95.3708740822043, 29.7781559980541], [-95.3708991204, 29.7781515047876], [-95.3709242446161, 29.7781473929749], [-95.3709494471, 29.778143662406], [-95.3709747200184, 29.7781403151256], [-95.3710000569103, 29.7781373509585], [-95.3710254473583, 29.7781347718794], [-95.3710508861536, 29.7781325788757], [-95.3710763655434, 29.7781307717372], [-95.37110187515, 29.7781293513114], [-95.3711274110571, 29.7781283186204], [-95.3711529629273, 29.7781276733845], [-95.3711785242997, 29.7781274154287], [-95.3712040860892, 29.7781275456352], [-95.371229641875, 29.778128062702], [-95.371255183824, 29.7781289686736], [-95.3712807029713, 29.7781302610504], [-95.3713061941081, 29.77813194082], [-95.3713316469372, 29.7781340065751], [-95.3713570537056, 29.7781364581059], [-95.3713824092448, 29.7781392952723], [-95.3714910807472, 29.7781522934904], [-95.371803171882, 29.7781637126817]]}, "properties": {"centerlineid": 10087851, "roadclass": "RAMP", "fullname": "IH 45 W IH 10 OB RAMP", "fromleft": 0, "toleft": 0, "fromright": 0, "toright": 0, "onewaydir": "TF"}}, {"type": "Feature", "geometry": {"type": "LineString", "coordinates": [[-95.3760064077669, 29.7684263503103], [-95.377234695772, 29.7685541320534]]}, "properties": {"centerlineid": 10135343, "roadclass": "LOCAL", "fullname": "CENTER ST", "fromleft": 1805, "toleft": 1899, "fromright": 1804, "toright": 1898, "onewaydir": " "}}, {"type": "Feature", "geometry": {"type": "LineString", "coordinates": [[-95.3816445558227, 29.7676519421968], [-95.3816370485781, 29.7677644040413], [-95.3816140118409, 29.7681192212294], [-95.3816217318763, 29.7682337687073]]}, "properties": {"centerlineid": 10135424, "roadclass": "LOCAL", "fullname": "TAYLOR ST", "fromleft": 921, "toleft": 999, "fromright": 920, "toright": 998, "onewaydir": " "}}, {"type": "Feature", "geometry": {"type": "LineString", "coordinates": [[-95.3642571420156, 29.7701848683672], [-95.3645547188794, 29.7706904917336], [-95.3649973569551, 29.7714151943854], [-95.365271835284, 29.7718749282998], [-95.3654854361842, 29.7722505361052], [-95.3655388102543, 29.772331295226], [-95.3666665190564, 29.7738064911014]]}, "properties": {"centerlineid": 10135554, "roadclass": "RAMP", "fullname": "NORTH FWY IH 45 RAMP", "fromleft": 0, "toleft": 0, "fromright": 0, "toright": 0, "onewaydir": "TF"}}, {"type": "Feature", "geometry": {"type": "LineString", "coordinates": [[-95.3632846757829, 29.7690072628422], [-95.3627986751178, 29.7686644860846], [-95.3616849740676, 29.7679236894492], [-95.361289306176, 29.7676596787298]]}, "properties": {"centerlineid": 10140689, "roadclass": "HIGHWAY", "fullname": "E IH 10", "fromleft": 401, "toleft": 499, "fromright": 0, "toright": 0, "onewaydir": "TF"}}, {"type": "Feature", "geometry": {"type": "LineString", "coordinates": [[-95.3814537913184, 29.7729181295686], [-95.3828043696578, 29.7729220282739]]}, "properties": {"centerlineid": 10134899, "roadclass": "LOCAL", "fullname": "SUMMER ST", "fromleft": 2301, "toleft": 2399, "fromright": 2300, "toright": 2398, "onewaydir": " "}}, {"type": "Feature", "geometry": {"type": "LineString", "coordinates": [[-95.3739207803091, 29.7666139662393], [-95.3746636535707, 29.766604832331]]}, "properties": {"centerlineid": 10135071, "roadclass": "LOCAL", "fullname": "BISMARK ST", "fromleft": 1601, "toleft": 1699, "fromright": 1600, "toright": 1698, "onewaydir": " "}}, {"type": "Feature", "geometry": {"type": "LineString", "coordinates": [[-95.3769982755474, 29.7714799609511], [-95.3770187292873, 29.7721860541634]]}, "properties": {"centerlineid": 10135086, "roadclass": "LOCAL", "fullname": "SILVER ST", "fromleft": 1501, "toleft": 1599, "fromright": 1500, "toright": 1598, "onewaydir": " "}}, {"type": "Feature", "geometry": {"type": "LineString", "coordinates": [[-95.366317094402, 29.7653442143899], [-95.366576503405, 29.7646535323503]]}, "properties": {"centerlineid": 10135134, "roadclass": "MAJOR", "fullname": "BAGBY ST", "fromleft": 201, "toleft": 399, "fromright": 200, "toright": 398, "onewaydir": " "}}, {"type": "Feature", "geometry": {"type": "LineString", "coordinates": [[-95.3731987564983, 29.7673696653591], [-95.3731834631646, 29.7680697099558]]}, "properties": {"centerlineid": 10135211, "roadclass": "LOCAL", "fullname": "JOHNSON ST", "fromleft": 1001, "toleft": 1099, "fromright": 1000, "toright": 1098, "onewaydir": " "}}, {"type": "Feature", "geometry": {"type": "LineString", "coordinates": [[-95.372367301518, 29.7707838204285], [-95.3729317831025, 29.7707856564289], [-95.3732521604944, 29.7707877218688]]}, "properties": {"centerlineid": 10135229, "roadclass": "LOCAL", "fullname": "EDWARDS ST", "fromleft": 1501, "toleft": 1519, "fromright": 1500, "toright": 1518, "onewaydir": " "}}, {"type": "Feature", "geometry": {"type": "LineString", "coordinates": [[-95.3739083732059, 29.7647071394874], [-95.3740838346544, 29.7647012344972], [-95.3747400862167, 29.7646822879904], [-95.3754494809074, 29.7646936618405], [-95.3755487255891, 29.7647185366296]]}, "properties": {"centerlineid": 10135243, "roadclass": "LOCAL", "fullname": "STATE ST", "fromleft": 1601, "toleft": 1799, "fromright": 1600, "toright": 1798, "onewaydir": " "}}, {"type": "Feature", "geometry": {"type": "LineString", "coordinates": [[-95.3655465658484, 29.7794833252176], [-95.3654626073415, 29.7795079823543], [-95.3646615035606, 29.7797941056816], [-95.364402051309, 29.7798876860632]]}, "properties": {"centerlineid": 10087432, "roadclass": "LOCAL", "fullname": "WINNIE ST", "fromleft": 401, "toleft": 499, "fromright": 400, "toright": 498, "onewaydir": " "}}, {"type": "Feature", "geometry": {"type": "LineString", "coordinates": [[-95.3627160902861, 29.7763934184187], [-95.3626015356576, 29.7764447799211], [-95.3619074374385, 29.7766928109198]]}, "properties": {"centerlineid": 10087442, "roadclass": "LOCAL", "fullname": "GARGAN ST", "fromleft": 501, "toleft": 599, "fromright": 500, "toright": 598, "onewaydir": " "}}, {"type": "Feature", "geometry": {"type": "LineString", "coordinates": [[-95.3628381746234, 29.7825216762928], [-95.3620675964491, 29.7827943336938], [-95.3613046211192, 29.7830615186364]]}, "properties": {"centerlineid": 10087466, "roadclass": "LOCAL", "fullname": "MORRIS ST", "fromleft": 801, "toleft": 999, "fromright": 800, "toright": 998, "onewaydir": " "}}, {"type": "Feature", "geometry": {"type": "LineString", "coordinates": [[-95.3721307051497, 29.7867960167985], [-95.3721307132143, 29.7870401856328]]}, "properties": {"centerlineid": 10087499, "roadclass": "MAJOR", "fullname": "HOUSTON AVE", "fromleft": 3201, "toleft": 3205, "fromright": 3200, "toright": 3204, "onewaydir": " "}}, {"type": "Feature", "geometry": {"type": "LineString", "coordinates": [[-95.3807291124494, 29.7836395193986], [-95.3820107524868, 29.7836260254299]]}, "properties": {"centerlineid": 10086042, "roadclass": "LOCAL", "fullname": "TEETSHORN ST", "fromleft": 801, "toleft": 899, "fromright": 800, "toright": 898, "onewaydir": " "}}, {"type": "Feature", "geometry": {"type": "LineString", "coordinates": [[-95.3842003083002, 29.776883565048], [-95.3837884644435, 29.7768529616466], [-95.3833841212327, 29.7768664265281], [-95.382544947292, 29.7769636523395], [-95.3816979615658, 29.7771067136904], [-95.3812477445824, 29.7772002464695]]}, "properties": {"centerlineid": 10086262, "roadclass": "RAMP", "fullname": "KATY FWY", "fromleft": 2301, "toleft": 2499, "fromright": 0, "toright": 0, "onewaydir": "TF"}}, {"type": "Feature", "geometry": {"type": "LineString", "coordinates": [[-95.3599542723894, 29.7745698850981], [-95.3599846460724, 29.774634672586], [-95.3603967235132, 29.7754891805709]]}, "properties": {"centerlineid": 10094629, "roadclass": "LOCAL", "fullname": "FREEMAN ST", "fromleft": 1701, "toleft": 1799, "fromright": 1700, "toright": 1798, "onewaydir": " "}}, {"type": "Feature", "geometry": {"type": "LineString", "coordinates": [[-95.3611900446315, 29.7751994290131], [-95.3616174215885, 29.7761052362687]]}, "properties": {"centerlineid": 10094652, "roadclass": "MAJOR", "fullname": "N MAIN ST", "fromleft": 1801, "toleft": 1899, "fromright": 1800, "toright": 1898, "onewaydir": " "}}, {"type": "Feature", "geometry": {"type": "LineString", "coordinates": [[-95.3792575953736, 29.7744182306986], [-95.3792717729112, 29.7751346331699]]}, "properties": {"centerlineid": 10087533, "roadclass": "LOCAL", "fullname": "HENDERSON ST", "fromleft": 1901, "toleft": 1999, "fromright": 1900, "toright": 1998, "onewaydir": " "}}, {"type": "Feature", "geometry": {"type": "LineString", "coordinates": [[-95.3731378472015, 29.7867828040353], [-95.3731684089074, 29.7885776121417]]}, "properties": {"centerlineid": 10087546, "roadclass": "LOCAL", "fullname": "MORRISON ST", "fromleft": 3201, "toleft": 3399, "fromright": 3200, "toright": 3398, "onewaydir": " "}}, {"type": "Feature", "geometry": {"type": "LineString", "coordinates": [[-95.3785852511642, 29.7808774738846], [-95.3795236799696, 29.780471334903]]}, "properties": {"centerlineid": 10087553, "roadclass": "MAJOR", "fullname": "WHITE OAK DR", "fromleft": 2001, "toleft": 2099, "fromright": 2000, "toright": 2098, "onewaydir": " "}}, {"type": "Feature", "geometry": {"type": "LineString", "coordinates": [[-95.3660576644074, 29.7779078248779], [-95.3661035132493, 29.7778811117705], [-95.3661341220559, 29.7778466815343], [-95.366149162742, 29.777810620695], [-95.3662426177289, 29.7773524850348], [-95.3662471653609, 29.777324024475], [-95.3662492490815, 29.777295346296], [-95.3662498038247, 29.7772765447699], [-95.3662488816657, 29.7772679024647], [-95.3662464602403, 29.7772566950712], [-95.3662416949888, 29.7772460749649], [-95.366234751716, 29.7772364116661], [-95.3662258720095, 29.7772280414036], [-95.3662153648337, 29.7772212554155], [-95.3662035957795, 29.7772162898161], [-95.3661909743442, 29.7772133173803], [-95.3661779396825, 29.7772124415323], [-95.3661535159143, 29.7772127948196], [-95.3660957634303, 29.7772305881818]]}, "properties": {"centerlineid": 10087594, "roadclass": "LOCAL", "fullname": "MARIE ST", "fromleft": 101, "toleft": 199, "fromright": 100, "toright": 198, "onewaydir": " "}}, {"type": "Feature", "geometry": {"type": "LineString", "coordinates": [[-95.3792795502318, 29.7829469882834], [-95.379294606386, 29.7836509206712]]}, "properties": {"centerlineid": 10087618, "roadclass": "LOCAL", "fullname": "REAGAN ST", "fromleft": 2701, "toleft": 2799, "fromright": 2700, "toright": 2798, "onewaydir": " "}}, {"type": "Feature", "geometry": {"type": "LineString", "coordinates": [[-95.3792717837926, 29.7819475893717], [-95.3792717773585, 29.7822316699248]]}, "properties": {"centerlineid": 10087627, "roadclass": "LOCAL", "fullname": "REAGAN ST", "fromleft": 2601, "toleft": 2627, "fromright": 2600, "toright": 2626, "onewaydir": " "}}, {"type": "Feature", "geometry": {"type": "LineString", "coordinates": [[-95.3652642862609, 29.7859301346084], [-95.3648141397342, 29.7859034122973], [-95.3629907953459, 29.7858995347219]]}, "properties": {"centerlineid": 10087645, "roadclass": "LOCAL", "fullname": "WILKES ST", "fromleft": 601, "toleft": 899, "fromright": 600, "toright": 898, "onewaydir": " "}}, {"type": "Feature", "geometry": {"type": "LineString", "coordinates": [[-95.3650811077196, 29.783347689949], [-95.3642952560788, 29.7836164569739]]}, "properties": {"centerlineid": 10087648, "roadclass": "LOCAL", "fullname": "BOUNDARY ST", "fromleft": 601, "toleft": 699, "fromright": 600, "toright": 698, "onewaydir": " "}}, {"type": "Feature", "geometry": {"type": "LineString", "coordinates": [[-95.3701166435522, 29.7745185556927], [-95.3701318924025, 29.7752318011131]]}, "properties": {"centerlineid": 10087691, "roadclass": "LOCAL", "fullname": "GOLIAD ST", "fromleft": 1901, "toleft": 1999, "fromright": 1900, "toright": 1998, "onewaydir": " "}}, {"type": "Feature", "geometry": {"type": "LineString", "coordinates": [[-95.3634866333453, 29.7754264367853], [-95.363768861927, 29.7760098884549]]}, "properties": {"centerlineid": 10087762, "roadclass": "LOCAL", "fullname": "FLETCHER ST", "fromleft": 1901, "toleft": 1911, "fromright": 1900, "toright": 1910, "onewaydir": " "}}, {"type": "Feature", "geometry": {"type": "LineString", "coordinates": [[-95.3673089477884, 29.7795157565751], [-95.3673776377325, 29.7795634377815], [-95.3674385461585, 29.7796663568276]]}, "properties": {"centerlineid": 10087783, "roadclass": "LOCAL", "fullname": "SOUTH ST", "fromleft": 2301, "toleft": 2303, "fromright": 2300, "toright": 2302, "onewaydir": " "}}, {"type": "Feature", "geometry": {"type": "LineString", "coordinates": [[-95.3655618459281, 29.7831815435199], [-95.3662027901583, 29.7845624363795]]}, "properties": {"centerlineid": 10087801, "roadclass": "LOCAL", "fullname": "KEENE ST", "fromleft": 2601, "toleft": 2699, "fromright": 2600, "toright": 2698, "onewaydir": " "}}, {"type": "Feature", "geometry": {"type": "LineString", "coordinates": [[-95.367400479449, 29.7815585789687], [-95.3674616041795, 29.7816480142269], [-95.3675302644735, 29.781692066803]]}, "properties": {"centerlineid": 10087808, "roadclass": "LOCAL", "fullname": "THOMAS ST", "fromleft": 2501, "toleft": 2507, "fromright": 2500, "toright": 2506, "onewaydir": " "}}, {"type": "Feature", "geometry": {"type": "LineString", "coordinates": [[-95.3629830504634, 29.786246808752], [-95.3629755137331, 29.7865957166203]]}, "properties": {"centerlineid": 10087814, "roadclass": "LOCAL", "fullname": "ATLANTIC ST", "fromleft": 2701, "toleft": 2799, "fromright": 2700, "toright": 2798, "onewaydir": " "}}, {"type": "Feature", "geometry": {"type": "LineString", "coordinates": [[-95.3806373959878, 29.7795748409274], [-95.3809427263671, 29.7795403824768]]}, "properties": {"centerlineid": 10087838, "roadclass": "MAJOR", "fullname": "WHITE OAK DR", "fromleft": 2131, "toleft": 2199, "fromright": 2130, "toright": 2198, "onewaydir": " "}}, {"type": "Feature", "geometry": {"type": "LineString", "coordinates": [[-95.3782418050716, 29.7639822275129], [-95.3782418558876, 29.764653521207], [-95.3782418424934, 29.764739532541]]}, "properties": {"centerlineid": 10135376, "roadclass": "LOCAL", "fullname": "WHITE ST", "fromleft": 501, "toleft": 599, "fromright": 500, "toright": 598, "onewaydir": " "}}, {"type": "Feature", "geometry": {"type": "LineString", "coordinates": [[-95.3689798882277, 29.7716935535783], [-95.3689927261244, 29.7722648734315]]}, "properties": {"centerlineid": 10135405, "roadclass": "LOCAL", "fullname": "HOLLY ST", "fromleft": 1501, "toleft": 1599, "fromright": 1500, "toright": 1598, "onewaydir": " "}}, {"type": "Feature", "geometry": {"type": "LineString", "coordinates": [[-95.3667882231258, 29.7710436468741], [-95.3667672710552, 29.7712472574194], [-95.3667748305289, 29.7714361834903], [-95.3667978325892, 29.7714820217784]]}, "properties": {"centerlineid": 10135435, "roadclass": "LOCAL", "fullname": "ELDER ST", "fromleft": 1401, "toleft": 1499, "fromright": 1400, "toright": 1498, "onewaydir": " "}}, {"type": "Feature", "geometry": {"type": "LineString", "coordinates": [[-95.3803551402595, 29.7736583212362], [-95.3814701696218, 29.7736598776463]]}, "properties": {"centerlineid": 10135447, "roadclass": "MAJOR", "fullname": "CROCKETT ST", "fromleft": 2201, "toleft": 2299, "fromright": 2200, "toright": 2298, "onewaydir": " "}}, {"type": "Feature", "geometry": {"type": "LineString", "coordinates": [[-95.3741906417177, 29.7589620050913], [-95.3740457309069, 29.7595171313891], [-95.3739617947167, 29.7598431805083], [-95.3739401468058, 29.759949105616], [-95.3739250665028, 29.7600228875485], [-95.3739136739798, 29.7600631394735], [-95.3738912157084, 29.7601424899466], [-95.3738695552379, 29.7602409426627], [-95.3738598350126, 29.7602851180285], [-95.3738691059761, 29.7603944107528], [-95.3739069372753, 29.7604993930695], [-95.3739094971249, 29.7605062900802], [-95.3739121941964, 29.7605131467981], [-95.3739150259057, 29.760519963153], [-95.3739179911213, 29.7605267346011], [-95.373921091135, 29.7605334611771], [-95.3739243221511, 29.7605401405217], [-95.3739276855818, 29.760546769288], [-95.3739311801752, 29.7605533463136], [-95.3739348033875, 29.7605598704014], [-95.3739385552987, 29.7605663392969], [-95.3739424346972, 29.7605727507104], [-95.3739464390789, 29.7605791023175], [-95.3739505698162, 29.7605853918986], [-95.3739548243249, 29.7605916193837], [-95.3739592001015, 29.7605977824484], [-95.3739636985579, 29.7606038777456], [-95.3739683158183, 29.7606099051707], [-95.3739730520029, 29.7606158613416], [-95.3739779045277, 29.7606217461885], [-95.373982873513, 29.7606275563295], [-95.3739879563747, 29.7606332916947], [-95.3739931506492, 29.7606389488322], [-95.3739984576284, 29.7606445277771], [-95.3740038735165, 29.7606500261698], [-95.3740093971017, 29.760655441721], [-95.374015027132, 29.7606607732681], [-95.3740207623554, 29.7606660196492], [-95.3740265989764, 29.7606711785045], [-95.3740325383267, 29.7606762487419], [-95.3740385765706, 29.7606812291292], [-95.3740447112043, 29.7606861173418], [-95.3740509422276, 29.7606909133797], [-95.3740572671368, 29.7606956149186], [-95.37406368472, 29.7607002196687], [-95.3740701923932, 29.7607047275602], [-95.3740767876126, 29.7607091373959], [-95.3740834691662, 29.7607134468862], [-95.37409023451, 29.7607176548339], [-95.3740970823523, 29.760721761204], [-95.3741040102291, 29.7607257625448], [-95.3741110168084, 29.7607296599486], [-95.3741180982542, 29.7607334521832], [-95.3741252546868, 29.7607371358667], [-95.37413248219, 29.7607407120216], [-95.3741397795521, 29.7607441783581], [-95.3741471441891, 29.7607475348066], [-95.374154574889, 29.7607507790774], [-95.3741620677358, 29.760753912193], [-95.3741696215176, 29.7607569318637], [-95.3741772336905, 29.7607598368924], [-95.3741849029626, 29.7607626272441], [-95.3743144715602, 29.7608086308066], [-95.3743355452621, 29.7608161133844], [-95.3745262925279, 29.7608389525798]]}, "properties": {"centerlineid": 10135538, "roadclass": "RAMP", "fullname": "IH 45 ALLEN RAMP", "fromleft": 0, "toleft": 0, "fromright": 0, "toright": 0, "onewaydir": "TF"}}, {"type": "Feature", "geometry": {"type": "LineString", "coordinates": [[-95.3610604631163, 29.7602304145828], [-95.3601984083204, 29.7597079127462]]}, "properties": {"centerlineid": 10140332, "roadclass": "MAJOR", "fullname": "PRAIRIE ST", "fromleft": 1101, "toleft": 1199, "fromright": 1100, "toright": 1198, "onewaydir": "TF"}}, {"type": "Feature", "geometry": {"type": "LineString", "coordinates": [[-95.3614113980422, 29.767342999246], [-95.3610764304997, 29.7672210792671], [-95.3610433803131, 29.7672113105559], [-95.3608518266346, 29.7671546901256], [-95.3608329458054, 29.7671486269411], [-95.360784081023, 29.7671333465198], [-95.3607349238263, 29.7671187949627], [-95.3606854908503, 29.7671049772346], [-95.360635793602, 29.7670918970328], [-95.3605858487566, 29.7670795581952], [-95.3605356691132, 29.7670679644541], [-95.3604852713469, 29.7670571196475], [-95.3604346670048, 29.7670470263452], [-95.3603838740942, 29.7670376872932], [-95.3603329054545, 29.7670291050965], [-95.3602817764685, 29.767021283558], [-95.3602305026399, 29.7670142230986], [-95.3601790980597, 29.767007927486], [-95.3601275782315, 29.7670023971411], [-95.3600759559943, 29.7669976346696], [-95.360024249436, 29.7669936405624], [-95.3599724727279, 29.766990416333], [-95.3599206400412, 29.7669879634945], [-95.3598687668795, 29.766986282468], [-95.3598168687466, 29.7669853736748], [-95.3597649598539, 29.7669852375009], [-95.3597130557451, 29.7669858732401], [-95.3596611718838, 29.7669872824409], [-95.3596093238941, 29.7669894621429], [-95.3595575259475, 29.7669924138593], [-95.3595057923358, 29.7669961357218], [-95.359454138603, 29.7670006270245], [-95.3594025816252, 29.7670058859691], [-95.3593511343621, 29.7670119117797], [-95.3592998123978, 29.7670187026229], [-95.3592486300647, 29.7670262555033], [-95.3591976029066, 29.7670345697149], [-95.3591467465881, 29.7670436411703], [-95.3589693141495, 29.7670766713564], [-95.358604153761, 29.7671826640338], [-95.3582778660243, 29.7672880748862], [-95.3570963211794, 29.7677207414199], [-95.3569104059715, 29.7677847094881], [-95.3560180620655, 29.7680854509688], [-95.3559181489132, 29.7681192446245]]}, "properties": {"centerlineid": 10140683, "roadclass": "HIGHWAY", "fullname": "E IH 10 HWY", "fromleft": 0, "toleft": 0, "fromright": 500, "toright": 1098, "onewaydir": "FT"}}, {"type": "Feature", "geometry": {"type": "LineString", "coordinates": [[-95.3827974399201, 29.7721226292472], [-95.3828043696578, 29.7729220282739]]}, "properties": {"centerlineid": 10134811, "roadclass": "MAJOR", "fullname": "SAWYER ST", "fromleft": 1601, "toleft": 1699, "fromright": 1600, "toright": 1698, "onewaydir": " "}}, {"type": "Feature", "geometry": {"type": "LineString", "coordinates": [[-95.3827507574304, 29.769097838875], [-95.3838571610189, 29.769120676427]]}, "properties": {"centerlineid": 10134895, "roadclass": "LOCAL", "fullname": "CENTER ST", "fromleft": 2401, "toleft": 2499, "fromright": 2400, "toright": 2498, "onewaydir": " "}}, {"type": "Feature", "geometry": {"type": "LineString", "coordinates": [[-95.373584116648, 29.7723324756769], [-95.3735880221577, 29.7729907083321]]}, "properties": {"centerlineid": 10135038, "roadclass": "LOCAL", "fullname": "JOHNSON ST", "fromleft": 1601, "toleft": 1699, "fromright": 1600, "toright": 1698, "onewaydir": " "}}, {"type": "Feature", "geometry": {"type": "LineString", "coordinates": [[-95.3701825240407, 29.7676705246776], [-95.3706582936047, 29.7676672088875]]}, "properties": {"centerlineid": 10135063, "roadclass": "LOCAL", "fullname": "MORIN PL", "fromleft": 1201, "toleft": 1299, "fromright": 1200, "toright": 1298, "onewaydir": " "}}, {"type": "Feature", "geometry": {"type": "LineString", "coordinates": [[-95.377234695772, 29.7685541320534], [-95.3783182773051, 29.7686609184446], [-95.3783257739184, 29.7686629817165]]}, "properties": {"centerlineid": 10135161, "roadclass": "LOCAL", "fullname": "CENTER ST", "fromleft": 1901, "toleft": 1999, "fromright": 1900, "toright": 1998, "onewaydir": " "}}, {"type": "Feature", "geometry": {"type": "LineString", "coordinates": [[-95.3723289871123, 29.7679857375548], [-95.3728783984054, 29.7680391250978], [-95.3731834631646, 29.7680697099558]]}, "properties": {"centerlineid": 10135165, "roadclass": "LOCAL", "fullname": "CENTER ST", "fromleft": 1501, "toleft": 1509, "fromright": 1500, "toright": 1508, "onewaydir": " "}}, {"type": "Feature", "geometry": {"type": "LineString", "coordinates": [[-95.3692621094729, 29.7860540276745], [-95.3696892323058, 29.7865881727204], [-95.3700098335717, 29.787057282487], [-95.3700326459705, 29.7870935789915], [-95.3700326567766, 29.7871337239994]]}, "properties": {"centerlineid": 10087378, "roadclass": "LOCAL", "fullname": "MAINFORD ST", "fromleft": 3201, "toleft": 3299, "fromright": 3200, "toright": 3298, "onewaydir": " "}}, {"type": "Feature", "geometry": {"type": "LineString", "coordinates": [[-95.3724359893803, 29.7806677746005], [-95.3728631058404, 29.7809710435961]]}, "properties": {"centerlineid": 10087409, "roadclass": "MAJOR", "fullname": "WHITE OAK DR", "fromleft": 1401, "toleft": 1499, "fromright": 1400, "toright": 1498, "onewaydir": " "}}, {"type": "Feature", "geometry": {"type": "LineString", "coordinates": [[-95.3759377417294, 29.7772935786664], [-95.375945521458, 29.7779840119713]]}, "properties": {"centerlineid": 10087439, "roadclass": "LOCAL", "fullname": "SABINE ST", "fromleft": 2301, "toleft": 2399, "fromright": 2300, "toright": 2398, "onewaydir": " "}}, {"type": "Feature", "geometry": {"type": "LineString", "coordinates": [[-95.3650963913527, 29.7769027055975], [-95.364333368219, 29.7771772071561]]}, "properties": {"centerlineid": 10087452, "roadclass": "LOCAL", "fullname": "BISHOP ST", "fromleft": 301, "toleft": 399, "fromright": 300, "toright": 398, "onewaydir": " "}}, {"type": "Feature", "geometry": {"type": "LineString", "coordinates": [[-95.3712455937597, 29.7757182956854], [-95.3711235385509, 29.7757182945828]]}, "properties": {"centerlineid": 10087522, "roadclass": "LOCAL", "fullname": "OVID ST", "fromleft": 1301, "toleft": 1399, "fromright": 1300, "toright": 1398, "onewaydir": " "}}, {"type": "Feature", "geometry": {"type": "LineString", "coordinates": [[-95.358794493584, 29.7778163278625], [-95.359069217951, 29.7784152609248]]}, "properties": {"centerlineid": 10094660, "roadclass": "LOCAL", "fullname": "GENTRY ST", "fromleft": 1913, "toleft": 1999, "fromright": 1912, "toright": 1998, "onewaydir": " "}}, {"type": "Feature", "geometry": {"type": "LineString", "coordinates": [[-95.3629830362919, 29.7855638863204], [-95.3620217573034, 29.7855563591405]]}, "properties": {"centerlineid": 10087608, "roadclass": "LOCAL", "fullname": "PANAMA ST", "fromleft": 901, "toleft": 999, "fromright": 900, "toright": 998, "onewaydir": " "}}, {"type": "Feature", "geometry": {"type": "LineString", "coordinates": [[-95.3770441624582, 29.775147833945], [-95.377066952533, 29.7752012482491], [-95.3770592071743, 29.7766622394104], [-95.3770822760685, 29.7772917291112]]}, "properties": {"centerlineid": 10087633, "roadclass": "LOCAL", "fullname": "SILVER ST", "fromleft": 2001, "toleft": 2299, "fromright": 2000, "toright": 2298, "onewaydir": " "}}, {"type": "Feature", "geometry": {"type": "LineString", "coordinates": [[-95.3759071741027, 29.7744517104098], [-95.3770288757975, 29.7744478026727]]}, "properties": {"centerlineid": 10087697, "roadclass": "LOCAL", "fullname": "SHEARN ST", "fromleft": 1801, "toleft": 1899, "fromright": 1800, "toright": 1898, "onewaydir": " "}}, {"type": "Feature", "geometry": {"type": "LineString", "coordinates": [[-95.374686661927, 29.7700228563764], [-95.374709477839, 29.7707685422162]]}, "properties": {"centerlineid": 10135326, "roadclass": "LOCAL", "fullname": "COLORADO ST", "fromleft": 1301, "toleft": 1399, "fromright": 1300, "toright": 1398, "onewaydir": " "}}, {"type": "Feature", "geometry": {"type": "LineString", "coordinates": [[-95.3676523748319, 29.7630515150318], [-95.3668587708665, 29.7625650578921]]}, "properties": {"centerlineid": 10135358, "roadclass": "MAJOR", "fullname": "TEXAS ST", "fromleft": 401, "toleft": 499, "fromright": 400, "toright": 498, "onewaydir": "FT"}}, {"type": "Feature", "geometry": {"type": "LineString", "coordinates": [[-95.3815453155049, 29.7662005261011], [-95.3817438226592, 29.7664407996644]]}, "properties": {"centerlineid": 10135368, "roadclass": "MAJOR", "fullname": "SAWYER ST", "fromleft": 801, "toleft": 803, "fromright": 800, "toright": 802, "onewaydir": " "}}, {"type": "Feature", "geometry": {"type": "LineString", "coordinates": [[-95.3690069027268, 29.7723741637474], [-95.3689951522311, 29.7730306450535]]}, "properties": {"centerlineid": 10135406, "roadclass": "LOCAL", "fullname": "HOLLY ST", "fromleft": 1601, "toleft": 1699, "fromright": 1600, "toright": 1698, "onewaydir": " "}}, {"type": "Feature", "geometry": {"type": "LineString", "coordinates": [[-95.3723901032208, 29.772305806119], [-95.3726537252199, 29.7723216246885], [-95.3733903597763, 29.7723152909354], [-95.373584116648, 29.7723324756769]]}, "properties": {"centerlineid": 10135454, "roadclass": "LOCAL", "fullname": "WINTER ST", "fromleft": 0, "toleft": 0, "fromright": 1500, "toright": 1598, "onewaydir": " "}}, {"type": "Feature", "geometry": {"type": "LineString", "coordinates": [[-95.381357245303, 29.7654707112549], [-95.3813589911141, 29.7655385593798], [-95.3813623330213, 29.7656684506769], [-95.3813928653367, 29.7658343194566], [-95.3814462588796, 29.7660079672623], [-95.3815453155049, 29.7662005261011]]}, "properties": {"centerlineid": 10135456, "roadclass": "MAJOR", "fullname": "SAWYER ST", "fromleft": 701, "toleft": 799, "fromright": 700, "toright": 798, "onewaydir": " "}}, {"type": "Feature", "geometry": {"type": "LineString", "coordinates": [[-95.3676904770335, 29.7683957824608], [-95.3684762828396, 29.7684302444731]]}, "properties": {"centerlineid": 10135466, "roadclass": "LOCAL", "fullname": "GIRARD ST", "fromleft": 1001, "toleft": 1099, "fromright": 1000, "toright": 1098, "onewaydir": " "}}, {"type": "Feature", "geometry": {"type": "LineString", "coordinates": [[-95.370070778878, 29.7611499625741], [-95.3702309105562, 29.7612795253468], [-95.3703472919774, 29.7613377128215], [-95.3704750673501, 29.7614015967627], [-95.3705950385244, 29.7614512582747], [-95.3707497958103, 29.7614930955728], [-95.3707996380559, 29.7615046008126], [-95.3708618791972, 29.7615175081483], [-95.3709467060106, 29.7615282220292], [-95.3710300278755, 29.7615360899809], [-95.3711054669745, 29.7615395355961], [-95.3711503903401, 29.7615421547579], [-95.3712067049352, 29.7615408747171]]}, "properties": {"centerlineid": 10135565, "roadclass": "RAMP", "fullname": "WALKER MCKINNEY RAMP", "fromleft": 0, "toleft": 0, "fromright": 0, "toright": 0, "onewaydir": "TF"}}, {"type": "Feature", "geometry": {"type": "LineString", "coordinates": [[-95.3752740195179, 29.7605585387773], [-95.3755802272018, 29.7604288034787], [-95.3761788979847, 29.7602755331586], [-95.3765481346281, 29.7602114616025]]}, "properties": {"centerlineid": 10135588, "roadclass": "RAMP", "fullname": "IH 45 ALLEN PKWY EXIT RAMP", "fromleft": 0, "toleft": 0, "fromright": 1300, "toright": 1399, "onewaydir": "TF"}}, {"type": "Feature", "geometry": {"type": "LineString", "coordinates": [[-95.3619455489537, 29.7607531646324], [-95.3610604631163, 29.7602304145828]]}, "properties": {"centerlineid": 10140323, "roadclass": "MAJOR", "fullname": "PRAIRIE ST", "fromleft": 1001, "toleft": 1099, "fromright": 1000, "toright": 1098, "onewaydir": "TF"}}, {"type": "Feature", "geometry": {"type": "LineString", "coordinates": [[-95.3616096541573, 29.7627864005263], [-95.3622125337374, 29.7620272741554]]}, "properties": {"centerlineid": 10140400, "roadclass": "LOCAL", "fullname": "TRAVIS ST", "fromleft": 301, "toleft": 399, "fromright": 300, "toright": 398, "onewaydir": "TF"}}, {"type": "Feature", "geometry": {"type": "LineString", "coordinates": [[-95.35954219015, 29.7637572652291], [-95.3601525858796, 29.7630017934786]]}, "properties": {"centerlineid": 10140569, "roadclass": "MAJOR", "fullname": "MAIN ST", "fromleft": 101, "toleft": 199, "fromright": 100, "toright": 198, "onewaydir": " "}}, {"type": "Feature", "geometry": {"type": "LineString", "coordinates": [[-95.3827432101468, 29.7683138661552], [-95.3838418851392, 29.7683424012834]]}, "properties": {"centerlineid": 10134883, "roadclass": "MAJOR", "fullname": "WASHINGTON AVE", "fromleft": 2401, "toleft": 2499, "fromright": 2400, "toright": 2498, "onewaydir": " "}}, {"type": "Feature", "geometry": {"type": "LineString", "coordinates": [[-95.3735574462331, 29.7707838412745], [-95.3735727293391, 29.771508716249]]}, "properties": {"centerlineid": 10135033, "roadclass": "LOCAL", "fullname": "JOHNSON ST", "fromleft": 1401, "toleft": 1499, "fromright": 1400, "toright": 1498, "onewaydir": " "}}, {"type": "Feature", "geometry": {"type": "LineString", "coordinates": [[-95.3723826190207, 29.7715240006749], [-95.3723891791671, 29.7722165446017]]}, "properties": {"centerlineid": 10135044, "roadclass": "MAJOR", "fullname": "HOUSTON AVE", "fromleft": 1501, "toleft": 1599, "fromright": 1500, "toright": 1598, "onewaydir": " "}}, {"type": "Feature", "geometry": {"type": "LineString", "coordinates": [[-95.374717037737, 29.7715009755519], [-95.3758615167126, 29.7714913679085]]}, "properties": {"centerlineid": 10135049, "roadclass": "LOCAL", "fullname": "BINGHAM ST", "fromleft": 1701, "toleft": 1799, "fromright": 1700, "toright": 1798, "onewaydir": " "}}, {"type": "Feature", "geometry": {"type": "LineString", "coordinates": [[-95.3681557361694, 29.7665553222304], [-95.3686211928081, 29.7666183157278], [-95.3698800304194, 29.7668337016649], [-95.3704060281184, 29.7669403751526]]}, "properties": {"centerlineid": 10135283, "roadclass": "MAJOR", "fullname": "WASHINGTON AVE", "fromleft": 1001, "toleft": 1199, "fromright": 1000, "toright": 1198, "onewaydir": " "}}, {"type": "Feature", "geometry": {"type": "LineString", "coordinates": [[-95.3772499826347, 29.7791590923338], [-95.377692640478, 29.779058020524], [-95.3782724231171, 29.778932090829], [-95.3785599721224, 29.778864024207], [-95.3788900600395, 29.778759344721], [-95.3793404776801, 29.7786021620023], [-95.3805612139517, 29.7781348432777], [-95.381151187514, 29.7779273300228], [-95.3821663366663, 29.7776287157731], [-95.3826935102733, 29.7774845356923], [-95.3830124955183, 29.7774161030901], [-95.3832989312042, 29.7773493391727], [-95.3839473242846, 29.7772294467664]]}, "properties": {"centerlineid": 10082475, "roadclass": "HIGHWAY", "fullname": "W IH 10", "fromleft": 0, "toleft": 0, "fromright": 1902, "toright": 2408, "onewaydir": "FT"}}, {"type": "Feature", "geometry": {"type": "LineString", "coordinates": [[-95.3634866333453, 29.7754264367853], [-95.362860967664, 29.7756532566615]]}, "properties": {"centerlineid": 10087419, "roadclass": "MAJOR", "fullname": "HOGAN ST", "fromleft": 401, "toleft": 415, "fromright": 400, "toright": 414, "onewaydir": " "}}, {"type": "Feature", "geometry": {"type": "LineString", "coordinates": [[-95.3672631169411, 29.7860197719653], [-95.3669808273601, 29.7862390775311]]}, "properties": {"centerlineid": 10087475, "roadclass": "LOCAL", "fullname": "NORTH ST", "fromleft": 481, "toleft": 499, "fromright": 480, "toright": 498, "onewaydir": " "}}, {"type": "Feature", "geometry": {"type": "LineString", "coordinates": [[-95.3710320281184, 29.7865462013708], [-95.3710854294308, 29.7865576016062], [-95.3713295858645, 29.7865480234285], [-95.371657712328, 29.7865269960274], [-95.3718790112555, 29.786500331955], [-95.3721231476135, 29.7864718202135]]}, "properties": {"centerlineid": 10087503, "roadclass": "LOCAL", "fullname": "ALMA ST", "fromleft": 101, "toleft": 199, "fromright": 100, "toright": 198, "onewaydir": " "}}, {"type": "Feature", "geometry": {"type": "LineString", "coordinates": [[-95.3644326451008, 29.7819629104802], [-95.3636392525196, 29.7822490059593]]}, "properties": {"centerlineid": 10087507, "roadclass": "LOCAL", "fullname": "MORRIS ST", "fromleft": 601, "toleft": 699, "fromright": 600, "toright": 698, "onewaydir": " "}}, {"type": "Feature", "geometry": {"type": "LineString", "coordinates": [[-95.3854059690304, 29.7800496684241], [-95.3854016207554, 29.7802491109774], [-95.3853923136946, 29.7807043082121], [-95.3853906979036, 29.7807859936666]]}, "properties": {"centerlineid": 10086109, "roadclass": "LOCAL", "fullname": "FORESTER ST", "fromleft": 2401, "toleft": 2499, "fromright": 2400, "toright": 2498, "onewaydir": " "}}, {"type": "Feature", "geometry": {"type": "LineString", "coordinates": [[-95.3854287994899, 29.7794641688586], [-95.3854975017261, 29.7794545768337], [-95.3855889995906, 29.7794126222255], [-95.3856729531536, 29.7793879524843], [-95.3856804909665, 29.77938592275]]}, "properties": {"centerlineid": 10086160, "roadclass": "LOCAL", "fullname": "FORESTER ST", "fromleft": 2301, "toleft": 2305, "fromright": 2300, "toright": 2304, "onewaydir": " "}}, {"type": "Feature", "geometry": {"type": "LineString", "coordinates": [[-95.3601906497241, 29.7807496854919], [-95.359832224958, 29.7808774554198], [-95.3594429444819, 29.7810225754698]]}, "properties": {"centerlineid": 10094271, "roadclass": "LOCAL", "fullname": "HENRY ST", "fromleft": 1001, "toleft": 1099, "fromright": 1000, "toright": 1098, "onewaydir": " "}}, {"type": "Feature", "geometry": {"type": "LineString", "coordinates": [[-95.3611214134338, 29.7730384080228], [-95.3610604957911, 29.773084016592], [-95.3610070634179, 29.7731050336967], [-95.3604195351816, 29.7733167815448], [-95.3603052222763, 29.7733569373242]]}, "properties": {"centerlineid": 10094378, "roadclass": "LOCAL", "fullname": "BROOKS ST", "fromleft": 501, "toleft": 599, "fromright": 500, "toright": 598, "onewaydir": " "}}, {"type": "Feature", "geometry": {"type": "LineString", "coordinates": [[-95.3656533519017, 29.7780698132389], [-95.364890313221, 29.7783445512212]]}, "properties": {"centerlineid": 10087593, "roadclass": "LOCAL", "fullname": "MARIE ST", "fromleft": 301, "toleft": 399, "fromright": 300, "toright": 398, "onewaydir": " "}}, {"type": "Feature", "geometry": {"type": "LineString", "coordinates": [[-95.3659202936161, 29.7830501278914], [-95.3655618459281, 29.7831815435199]]}, "properties": {"centerlineid": 10087650, "roadclass": "LOCAL", "fullname": "BOUNDARY ST", "fromleft": 501, "toleft": 509, "fromright": 500, "toright": 508, "onewaydir": " "}}, {"type": "Feature", "geometry": {"type": "LineString", "coordinates": [[-95.3724282366505, 29.7765650186198], [-95.3730463394903, 29.7765668626301], [-95.3736642435456, 29.7765668377453]]}, "properties": {"centerlineid": 10087681, "roadclass": "LOCAL", "fullname": "ALAMO ST", "fromleft": 1501, "toleft": 1599, "fromright": 1500, "toright": 1598, "onewaydir": " "}}, {"type": "Feature", "geometry": {"type": "LineString", "coordinates": [[-95.3736642435456, 29.7765668377453], [-95.3747551389758, 29.7765631845082], [-95.3748009844774, 29.7765860079138]]}, "properties": {"centerlineid": 10087730, "roadclass": "LOCAL", "fullname": "ALAMO ST", "fromleft": 1601, "toleft": 1699, "fromright": 1600, "toright": 1698, "onewaydir": " "}}, {"type": "Feature", "geometry": {"type": "LineString", "coordinates": [[-95.363768861927, 29.7760098884549], [-95.364058871455, 29.7765935493178]]}, "properties": {"centerlineid": 10087797, "roadclass": "LOCAL", "fullname": "FLETCHER ST", "fromleft": 1913, "toleft": 1999, "fromright": 1912, "toright": 1998, "onewaydir": " "}}, {"type": "Feature", "geometry": {"type": "LineString", "coordinates": [[-95.3792489780454, 29.7729258892175], [-95.3792642573083, 29.7736790904879]]}, "properties": {"centerlineid": 10135332, "roadclass": "LOCAL", "fullname": "HENDERSON ST", "fromleft": 1701, "toleft": 1799, "fromright": 1700, "toright": 1798, "onewaydir": " "}}, {"type": "Feature", "geometry": {"type": "LineString", "coordinates": [[-95.3743966469713, 29.7639555575988], [-95.3751213503127, 29.7638316572667], [-95.3758768304685, 29.7637762218152]]}, "properties": {"centerlineid": 10135533, "roadclass": "RAMP", "fullname": "N MEM WAY MEMORIAL OB RAMP", "fromleft": 0, "toleft": 0, "fromright": 0, "toright": 0, "onewaydir": "TF"}}, {"type": "Feature", "geometry": {"type": "LineString", "coordinates": [[-95.3712067049352, 29.7615408747171], [-95.3712494619776, 29.7615139780641], [-95.3713055732399, 29.7614838762727], [-95.3713506169159, 29.7614487931582], [-95.3713988259431, 29.7614029984148], [-95.3714525676648, 29.7613233851556], [-95.3715128302676, 29.7611994400684], [-95.3715670438776, 29.7610897212041], [-95.3715729814486, 29.761045937781], [-95.3715640111194, 29.7609902864761], [-95.3715268730934, 29.7609262288713], [-95.3714822212323, 29.7608887168252], [-95.3714375014769, 29.7608531143762], [-95.3710397938016, 29.7606158132499], [-95.3700860616746, 29.7600702388759]]}, "properties": {"centerlineid": 10135566, "roadclass": "RAMP", "fullname": "WALKER MCKINNEY RAMP", "fromleft": 0, "toleft": 0, "fromright": 0, "toright": 0, "onewaydir": "FT"}}, {"type": "Feature", "geometry": {"type": "LineString", "coordinates": [[-95.3838418851392, 29.7683424012834], [-95.3847573099291, 29.7683768227924], [-95.3854516130011, 29.7684491874037], [-95.385489705482, 29.7684530526866]]}, "properties": {"centerlineid": 10134852, "roadclass": "MAJOR", "fullname": "WASHINGTON AVE", "fromleft": 2501, "toleft": 2599, "fromright": 2500, "toright": 2598, "onewaydir": " "}}, {"type": "Feature", "geometry": {"type": "LineString", "coordinates": [[-95.3758615167126, 29.7714913679085], [-95.375866716126, 29.7721936063466]]}, "properties": {"centerlineid": 10135039, "roadclass": "LOCAL", "fullname": "SABINE ST", "fromleft": 1501, "toleft": 1599, "fromright": 1500, "toright": 1598, "onewaydir": " "}}, {"type": "Feature", "geometry": {"type": "LineString", "coordinates": [[-95.3782724064002, 29.7662272389049], [-95.37827996048, 29.7669635345243]]}, "properties": {"centerlineid": 10135119, "roadclass": "LOCAL", "fullname": "WHITE ST", "fromleft": 801, "toleft": 899, "fromright": 800, "toright": 898, "onewaydir": " "}}, {"type": "Feature", "geometry": {"type": "MultiLineString", "coordinates": [[[-95.3692926916016, 29.7638106650501], [-95.3695215900793, 29.7638367723156]], [[-95.3695215900793, 29.7638367723156], [-95.3696248887963, 29.7638485527488], [-95.3698113269681, 29.7638697449324]]]}, "properties": {"centerlineid": 10135140, "roadclass": "MAJOR", "fullname": "MEMORIAL DR", "fromleft": 0, "toleft": 0, "fromright": 1196, "toright": 1198, "onewaydir": "TF"}}, {"type": "Feature", "geometry": {"type": "LineString", "coordinates": [[-95.365988972921, 29.7620311273174], [-95.366607100759, 29.7612813717205]]}, "properties": {"centerlineid": 10135152, "roadclass": "LOCAL", "fullname": "SMITH ST", "fromleft": 601, "toleft": 699, "fromright": 600, "toright": 698, "onewaydir": "FT"}}, {"type": "Feature", "geometry": {"type": "LineString", "coordinates": [[-95.3782877138509, 29.767680670151], [-95.3793404856131, 29.7676863722222], [-95.3794166862966, 29.7676710802356]]}, "properties": {"centerlineid": 10135199, "roadclass": "LOCAL", "fullname": "UNION ST", "fromleft": 2001, "toleft": 2099, "fromright": 2000, "toright": 2098, "onewaydir": " "}}, {"type": "Feature", "geometry": {"type": "LineString", "coordinates": [[-95.3758768230931, 29.7729754060515], [-95.3758843474014, 29.7737060232649]]}, "properties": {"centerlineid": 10135210, "roadclass": "LOCAL", "fullname": "SABINE ST", "fromleft": 1701, "toleft": 1799, "fromright": 1700, "toright": 1798, "onewaydir": " "}}, {"type": "Feature", "geometry": {"type": "LineString", "coordinates": [[-95.3747475753507, 29.7729925428746], [-95.374755147447, 29.7737231165247]]}, "properties": {"centerlineid": 10135240, "roadclass": "LOCAL", "fullname": "COLORADO ST", "fromleft": 1701, "toleft": 1799, "fromright": 1700, "toright": 1798, "onewaydir": " "}}, {"type": "Feature", "geometry": {"type": "LineString", "coordinates": [[-95.3645166161554, 29.7623170445298], [-95.3636620768072, 29.7618041209209]]}, "properties": {"centerlineid": 10135306, "roadclass": "MAJOR", "fullname": "PRAIRIE ST", "fromleft": 701, "toleft": 799, "fromright": 700, "toright": 798, "onewaydir": "TF"}}, {"type": "Feature", "geometry": {"type": "LineString", "coordinates": [[-95.3674615894335, 29.7617810663118], [-95.366607100759, 29.7612813717205]]}, "properties": {"centerlineid": 10135309, "roadclass": "LOCAL", "fullname": "CAPITOL ST", "fromleft": 501, "toleft": 599, "fromright": 500, "toright": 598, "onewaydir": "TF"}}, {"type": "Feature", "geometry": {"type": "LineString", "coordinates": [[-95.369773203691, 29.7809842800483], [-95.3707269877262, 29.7809958771131], [-95.3723289622279, 29.7809842653919]]}, "properties": {"centerlineid": 10087408, "roadclass": "LOCAL", "fullname": "WRIGHTWOOD ST", "fromleft": 1301, "toleft": 1499, "fromright": 1300, "toright": 1498, "onewaydir": " "}}, {"type": "Feature", "geometry": {"type": "LineString", "coordinates": [[-95.3809427263671, 29.7795403824768], [-95.3808128802283, 29.7805742558536]]}, "properties": {"centerlineid": 10087472, "roadclass": "MAJOR", "fullname": "TAYLOR ST", "fromleft": 2317, "toleft": 2399, "fromright": 2316, "toright": 2398, "onewaydir": " "}}, {"type": "Feature", "geometry": {"type": "LineString", "coordinates": [[-95.3793023557979, 29.786010198181], [-95.3793329329351, 29.7867351100956]]}, "properties": {"centerlineid": 10087510, "roadclass": "LOCAL", "fullname": "REAGAN ST", "fromleft": 3101, "toleft": 3199, "fromright": 3100, "toright": 3198, "onewaydir": " "}}, {"type": "Feature", "geometry": {"type": "LineString", "coordinates": [[-95.3596033800267, 29.7757734848222], [-95.36004578113, 29.776685288513]]}, "properties": {"centerlineid": 10094668, "roadclass": "LOCAL", "fullname": "EVERETT ST", "fromleft": 1801, "toleft": 1899, "fromright": 1800, "toright": 1898, "onewaydir": " "}}, {"type": "Feature", "geometry": {"type": "LineString", "coordinates": [[-95.3595116372205, 29.7736410017578], [-95.3599542723894, 29.7745698850981]]}, "properties": {"centerlineid": 10094670, "roadclass": "LOCAL", "fullname": "FREEMAN ST", "fromleft": 1601, "toleft": 1699, "fromright": 1600, "toright": 1698, "onewaydir": " "}}, {"type": "Feature", "geometry": {"type": "LineString", "coordinates": [[-95.374755147447, 29.7737231165247], [-95.3747628768141, 29.7744612768566]]}, "properties": {"centerlineid": 10087529, "roadclass": "LOCAL", "fullname": "COLORADO ST", "fromleft": 1801, "toleft": 1899, "fromright": 1800, "toright": 1898, "onewaydir": " "}}, {"type": "Feature", "geometry": {"type": "LineString", "coordinates": [[-95.3701166444389, 29.773778370548], [-95.3712152557873, 29.7737594206247]]}, "properties": {"centerlineid": 10087535, "roadclass": "MAJOR", "fullname": "CROCKETT ST", "fromleft": 1301, "toleft": 1399, "fromright": 1300, "toright": 1398, "onewaydir": " "}}, {"type": "Feature", "geometry": {"type": "LineString", "coordinates": [[-95.3795236799696, 29.780471334903], [-95.379813458282, 29.7808375310729]]}, "properties": {"centerlineid": 10087566, "roadclass": "LOCAL", "fullname": "GREENLEAF ST", "fromleft": 2601, "toleft": 2609, "fromright": 2600, "toright": 2608, "onewaydir": " "}}, {"type": "Feature", "geometry": {"type": "LineString", "coordinates": [[-95.3748238193506, 29.7784399200019], [-95.3748468333472, 29.7784705015832], [-95.374892467803, 29.7784933192126], [-95.3749764657245, 29.7785124760133], [-95.3754800546173, 29.7785964314572], [-95.375823417947, 29.7786441400147], [-95.3758843421907, 29.7786477880957], [-95.3759224788217, 29.778632492012]]}, "properties": {"centerlineid": 10087721, "roadclass": "LOCAL", "fullname": "MAUD ST", "fromleft": 1701, "toleft": 1799, "fromright": 1700, "toright": 1798, "onewaydir": " "}}, {"type": "Feature", "geometry": {"type": "LineString", "coordinates": [[-95.3736336583612, 29.7759318389452], [-95.3747856853801, 29.7759318403768]]}, "properties": {"centerlineid": 10087735, "roadclass": "LOCAL", "fullname": "OVID ST", "fromleft": 1601, "toleft": 1699, "fromright": 1600, "toright": 1698, "onewaydir": " "}}, {"type": "Feature", "geometry": {"type": "LineString", "coordinates": [[-95.364402051309, 29.7798876860632], [-95.3646920755228, 29.7804713437817]]}, "properties": {"centerlineid": 10087792, "roadclass": "LOCAL", "fullname": "KEENE ST", "fromleft": 2213, "toleft": 2299, "fromright": 2212, "toright": 2298, "onewaydir": " "}}, {"type": "Feature", "geometry": {"type": "LineString", "coordinates": [[-95.3667214298232, 29.7818027180263], [-95.3669199308122, 29.7822451277268], [-95.3669655403283, 29.7823060464425], [-95.3670036670666, 29.7823405268006], [-95.367331789724, 29.7825483732373]]}, "properties": {"centerlineid": 10087805, "roadclass": "LOCAL", "fullname": "FLETCHER ST", "fromleft": 2501, "toleft": 2599, "fromright": 2500, "toright": 2598, "onewaydir": " "}}, {"type": "Feature", "geometry": {"type": "LineString", "coordinates": [[-95.3679268333601, 29.7743448858744], [-95.3675850722676, 29.7737656948244], [-95.3667901243105, 29.7724184426907], [-95.3667061350986, 29.7722315822562]]}, "properties": {"centerlineid": 10087852, "roadclass": "HIGHWAY", "fullname": "N IH 45", "fromleft": 1201, "toleft": 1299, "fromright": 0, "toright": 0, "onewaydir": "FT"}}, {"type": "Feature", "geometry": {"type": "LineString", "coordinates": [[-95.3723825893007, 29.7729925539073], [-95.372977649069, 29.7729925180668], [-95.3735880221577, 29.7729907083321]]}, "properties": {"centerlineid": 10135401, "roadclass": "LOCAL", "fullname": "SUMMER ST", "fromleft": 1501, "toleft": 1599, "fromright": 1500, "toright": 1598, "onewaydir": " "}}, {"type": "Feature", "geometry": {"type": "LineString", "coordinates": [[-95.3813546021265, 29.7648186895118], [-95.381357245303, 29.7654707112549]]}, "properties": {"centerlineid": 10135445, "roadclass": "MAJOR", "fullname": "SAWYER ST", "fromleft": 601, "toleft": 699, "fromright": 600, "toright": 698, "onewaydir": " "}}, {"type": "Feature", "geometry": {"type": "LineString", "coordinates": [[-95.3622811906123, 29.7652315043154], [-95.3624107642263, 29.7650217840555], [-95.3626932648007, 29.7646516830429], [-95.3627389004009, 29.7645830058697]]}, "properties": {"centerlineid": 10140247, "roadclass": "MAJOR", "fullname": "LOUISIANA ST", "fromleft": 101, "toleft": 199, "fromright": 100, "toright": 198, "onewaydir": "TF"}}, {"type": "Feature", "geometry": {"type": "LineString", "coordinates": [[-95.3604654148465, 29.7609763065489], [-95.3601600938529, 29.7607951538206], [-95.3596033451191, 29.7604556139673]]}, "properties": {"centerlineid": 10140263, "roadclass": "LOCAL", "fullname": "PRESTON ST", "fromleft": 1101, "toleft": 1199, "fromright": 1100, "toright": 1198, "onewaydir": "FT"}}, {"type": "Feature", "geometry": {"type": "LineString", "coordinates": [[-95.3605263180583, 29.7643619335361], [-95.3604425515649, 29.7643083029847]]}, "properties": {"centerlineid": 10140304, "roadclass": "LOCAL", "fullname": "COMMERCE ST", "fromleft": 891, "toleft": 899, "fromright": 890, "toright": 898, "onewaydir": " "}}, {"type": "Feature", "geometry": {"type": "LineString", "coordinates": [[-95.3610604631163, 29.7602304145828], [-95.3616708133689, 29.7594409302783]]}, "properties": {"centerlineid": 10140412, "roadclass": "MAJOR", "fullname": "FANNIN ST", "fromleft": 501, "toleft": 599, "fromright": 500, "toright": 598, "onewaydir": "FT"}}, {"type": "Feature", "geometry": {"type": "LineString", "coordinates": [[-95.385489705482, 29.7684530526866], [-95.3862451690706, 29.7685388304579], [-95.3862755305855, 29.7685427183484]]}, "properties": {"centerlineid": 10134851, "roadclass": "MAJOR", "fullname": "WASHINGTON AVE", "fromleft": 2601, "toleft": 2699, "fromright": 2600, "toright": 2698, "onewaydir": " "}}, {"type": "Feature", "geometry": {"type": "LineString", "coordinates": [[-95.3816445558227, 29.7676519421968], [-95.3827432022714, 29.7676405271416]]}, "properties": {"centerlineid": 10134924, "roadclass": "LOCAL", "fullname": "UNION ST", "fromleft": 2301, "toleft": 2399, "fromright": 2300, "toright": 2398, "onewaydir": " "}}, {"type": "Feature", "geometry": {"type": "LineString", "coordinates": [[-95.3732521604944, 29.7707877218688], [-95.3735574462331, 29.7707838412745]]}, "properties": {"centerlineid": 10135053, "roadclass": "LOCAL", "fullname": "EDWARDS ST", "fromleft": 1521, "toleft": 1599, "fromright": 1520, "toright": 1598, "onewaydir": " "}}, {"type": "Feature", "geometry": {"type": "LineString", "coordinates": [[-95.3739083732059, 29.7647071394874], [-95.3739083741537, 29.7653955508729], [-95.3738930726579, 29.7654375136407]]}, "properties": {"centerlineid": 10135080, "roadclass": "LOCAL", "fullname": "TRINITY ST", "fromleft": 601, "toleft": 699, "fromright": 600, "toright": 698, "onewaydir": " "}}, {"type": "Feature", "geometry": {"type": "LineString", "coordinates": [[-95.3667595448504, 29.7697442552867], [-95.3669655497301, 29.7698930196382], [-95.3670495364189, 29.7699332084486], [-95.3671487819039, 29.769973113529]]}, "properties": {"centerlineid": 10135084, "roadclass": "LOCAL", "fullname": "DART ST", "fromleft": 927, "toleft": 999, "fromright": 926, "toright": 998, "onewaydir": " "}}, {"type": "Feature", "geometry": {"type": "LineString", "coordinates": [[-95.374709477839, 29.7707685422162], [-95.3758462274973, 29.7707571438635]]}, "properties": {"centerlineid": 10135090, "roadclass": "LOCAL", "fullname": "EDWARDS ST", "fromleft": 1701, "toleft": 1799, "fromright": 1700, "toright": 1798, "onewaydir": " "}}, {"type": "Feature", "geometry": {"type": "LineString", "coordinates": [[-95.3755945997586, 29.7669881989519], [-95.3756181715205, 29.7675223093911], [-95.3756326725691, 29.7676348427693]]}, "properties": {"centerlineid": 10135107, "roadclass": "LOCAL", "fullname": "SABINE ST", "fromleft": 901, "toleft": 999, "fromright": 900, "toright": 998, "onewaydir": " "}}, {"type": "Feature", "geometry": {"type": "LineString", "coordinates": [[-95.3755945568422, 29.7662481994255], [-95.3755945997586, 29.7669881989519]]}, "properties": {"centerlineid": 10135115, "roadclass": "LOCAL", "fullname": "SABINE", "fromleft": 801, "toleft": 899, "fromright": 800, "toright": 898, "onewaydir": " "}}, {"type": "Feature", "geometry": {"type": "LineString", "coordinates": [[-95.36950626635, 29.7608104418234], [-95.3700860616746, 29.7600702388759]]}, "properties": {"centerlineid": 10135129, "roadclass": "MAJOR", "fullname": "BAGBY ST", "fromleft": 901, "toleft": 999, "fromright": 900, "toright": 998, "onewaydir": " "}}, {"type": "Feature", "geometry": {"type": "LineString", "coordinates": [[-95.3710338570084, 29.7640002672029], [-95.370841736862, 29.7638855145316]]}, "properties": {"centerlineid": 10135141, "roadclass": "LOCAL", "fullname": "CAPITOL ST", "fromleft": 1, "toleft": 49, "fromright": 2, "toright": 48, "onewaydir": "FT"}}, {"type": "Feature", "geometry": {"type": "LineString", "coordinates": [[-95.3816217318763, 29.7682337687073], [-95.3816445531057, 29.7685388413765], [-95.3816445497154, 29.7686095939922], [-95.3816445809078, 29.7690100160448]]}, "properties": {"centerlineid": 10135230, "roadclass": "LOCAL", "fullname": "TAYLOR ST", "fromleft": 1001, "toleft": 1099, "fromright": 1000, "toright": 1098, "onewaydir": " "}}, {"type": "Feature", "geometry": {"type": "LineString", "coordinates": [[-95.3642571861379, 29.7648958248708], [-95.3642952390508, 29.7646060772081], [-95.364287742529, 29.7644858110689], [-95.3642418892782, 29.7643886016234], [-95.3641122526747, 29.7642815813663]]}, "properties": {"centerlineid": 10135291, "roadclass": "LOCAL", "fullname": "CONGRESS ST", "fromleft": 501, "toleft": 599, "fromright": 500, "toright": 598, "onewaydir": "TF"}}, {"type": "Feature", "geometry": {"type": "LineString", "coordinates": [[-95.3793329329351, 29.7867351100956], [-95.3793252067571, 29.7874198659452]]}, "properties": {"centerlineid": 10087387, "roadclass": "LOCAL", "fullname": "REAGAN ST", "fromleft": 3201, "toleft": 3299, "fromright": 3200, "toright": 3298, "onewaydir": " "}}, {"type": "Feature", "geometry": {"type": "LineString", "coordinates": [[-95.3690810238532, 29.7857870416796], [-95.3690003403074, 29.7858230688967], [-95.3688958750827, 29.7858482232102], [-95.3687607543764, 29.7858619561308], [-95.3686439985364, 29.7858710298896], [-95.3683236612964, 29.785871002657], [-95.367934613117, 29.7858671594937], [-95.3678125368165, 29.7858689684069], [-95.3677132623488, 29.7858728371969], [-95.3676568282773, 29.7858789494913], [-95.3676009765797, 29.7858882831536], [-95.3675459486518, 29.7859007978432], [-95.3674919823294, 29.7859164394704], [-95.3674616273385, 29.7859262572042], [-95.3672631169411, 29.7860197719653]]}, "properties": {"centerlineid": 10087412, "roadclass": "LOCAL", "fullname": "NORTH ST", "fromleft": 301, "toleft": 479, "fromright": 300, "toright": 478, "onewaydir": " "}}, {"type": "Feature", "geometry": {"type": "LineString", "coordinates": [[-95.3778300003237, 29.7845969051686], [-95.3778375025993, 29.7852339747386], [-95.3778450341276, 29.7853101877314]]}, "properties": {"centerlineid": 10087421, "roadclass": "LOCAL", "fullname": "NORTHWOOD ST", "fromleft": 2901, "toleft": 2999, "fromright": 2900, "toright": 2998, "onewaydir": " "}}, {"type": "Feature", "geometry": {"type": "LineString", "coordinates": [[-95.3742745930845, 29.7837481232516], [-95.3751366260617, 29.783746274599]]}, "properties": {"centerlineid": 10087453, "roadclass": "LOCAL", "fullname": "TEETSHORN ST", "fromleft": 201, "toleft": 299, "fromright": 200, "toright": 298, "onewaydir": " "}}, {"type": "Feature", "geometry": {"type": "LineString", "coordinates": [[-95.3721078716645, 29.7844652588572], [-95.3700247897263, 29.7844859502789], [-95.3699645293512, 29.7844867057975], [-95.369906918516, 29.7844899217862], [-95.3698546929943, 29.7844956723469], [-95.3698199932845, 29.7845090626575]]}, "properties": {"centerlineid": 10087473, "roadclass": "LOCAL", "fullname": "PAYNE ST", "fromleft": 101, "toleft": 399, "fromright": 100, "toright": 398, "onewaydir": " "}}, {"type": "Feature", "geometry": {"type": "LineString", "coordinates": [[-95.3830788457193, 29.7806887816569], [-95.3830788432377, 29.7809098784328], [-95.3830866036855, 29.7810835037591], [-95.383102711856, 29.7811948829343], [-95.3831123244374, 29.7812435725165], [-95.3831269184147, 29.7812913105113], [-95.3831463754857, 29.7813377099208], [-95.3831705379241, 29.7813823945983], [-95.3831992098575, 29.7814250022974], [-95.3832321588555, 29.7814651876087], [-95.3832691178139, 29.78150262476], [-95.3833097871196, 29.7815370102577], [-95.3833538370797, 29.7815680653466], [-95.383400910594, 29.7815955382703], [-95.3834506260502, 29.7816192063118], [-95.3835025804174, 29.7816388775996], [-95.3835563525135, 29.7816543926627], [-95.38361150642, 29.7816656257236], [-95.3836675950155, 29.7816724857184], [-95.3837241636012, 29.7816749170343], [-95.3842308763248, 29.7816767710351]]}, "properties": {"centerlineid": 10086083, "roadclass": "MAJOR", "fullname": "WHITE OAK DR", "fromleft": 2401, "toleft": 2499, "fromright": 2400, "toright": 2498, "onewaydir": " "}}, {"type": "Feature", "geometry": {"type": "LineString", "coordinates": [[-95.384284278494, 29.785956806195], [-95.3843192749408, 29.7866785776894]]}, "properties": {"centerlineid": 10086087, "roadclass": "LOCAL", "fullname": "MICHAUX ST", "fromleft": 3101, "toleft": 3199, "fromright": 3100, "toright": 3198, "onewaydir": " "}}, {"type": "Feature", "geometry": {"type": "LineString", "coordinates": [[-95.3820335727143, 29.7852720901236], [-95.3843086561521, 29.7852441161286]]}, "properties": {"centerlineid": 10086093, "roadclass": "LOCAL", "fullname": "EUCLID ST", "fromleft": 901, "toleft": 999, "fromright": 900, "toright": 998, "onewaydir": " "}}, {"type": "Feature", "geometry": {"type": "LineString", "coordinates": [[-95.3596033800267, 29.7757734848222], [-95.3588403714009, 29.7760443280783]]}, "properties": {"centerlineid": 10094101, "roadclass": "LOCAL", "fullname": "PINCKNEY ST", "fromleft": 801, "toleft": 899, "fromright": 800, "toright": 898, "onewaydir": " "}}, {"type": "Feature", "geometry": {"type": "LineString", "coordinates": [[-95.3621819554397, 29.7772725665275], [-95.3613808133257, 29.7775644384895]]}, "properties": {"centerlineid": 10094237, "roadclass": "LOCAL", "fullname": "JAMES ST", "fromleft": 601, "toleft": 699, "fromright": 600, "toright": 698, "onewaydir": " "}}, {"type": "Feature", "geometry": {"type": "LineString", "coordinates": [[-95.3607476211814, 29.7819170447915], [-95.3605949969905, 29.7819724903397], [-95.3599923689945, 29.7821860601873]]}, "properties": {"centerlineid": 10094286, "roadclass": "MAJOR", "fullname": "QUITMAN ST", "fromleft": 1001, "toleft": 1099, "fromright": 1000, "toright": 1098, "onewaydir": " "}}, {"type": "Feature", "geometry": {"type": "LineString", "coordinates": [[-95.3723976410622, 29.773732726482], [-95.372397673584, 29.7744784015699]]}, "properties": {"centerlineid": 10087527, "roadclass": "MAJOR", "fullname": "HOUSTON AVE", "fromleft": 1801, "toleft": 1899, "fromright": 1800, "toright": 1898, "onewaydir": " "}}, {"type": "Feature", "geometry": {"type": "LineString", "coordinates": [[-95.3658135172121, 29.7759528239678], [-95.3648065766346, 29.7763208657788]]}, "properties": {"centerlineid": 10087598, "roadclass": "LOCAL", "fullname": "JAMES ST", "fromleft": 201, "toleft": 299, "fromright": 200, "toright": 298, "onewaydir": " "}}, {"type": "Feature", "geometry": {"type": "LineString", "coordinates": [[-95.3652490020922, 29.7747855099993], [-95.3645393845555, 29.7750506241072]]}, "properties": {"centerlineid": 10087600, "roadclass": "MAJOR", "fullname": "HOGAN ST", "fromleft": 201, "toleft": 299, "fromright": 200, "toright": 298, "onewaydir": " "}}, {"type": "Feature", "geometry": {"type": "LineString", "coordinates": [[-95.3648065766346, 29.7763208657788], [-95.3650963913527, 29.7769027055975]]}, "properties": {"centerlineid": 10087748, "roadclass": "LOCAL", "fullname": "THOMAS ST", "fromleft": 2001, "toleft": 2013, "fromright": 2000, "toright": 2012, "onewaydir": " "}}, {"type": "Feature", "geometry": {"type": "LineString", "coordinates": [[-95.3635019243223, 29.7839064598988], [-95.3637994598256, 29.7845339110718], [-95.3638375449094, 29.7846368172228], [-95.36386815184, 29.7847685012888], [-95.363929059537, 29.7850374882053]]}, "properties": {"centerlineid": 10087766, "roadclass": "LOCAL", "fullname": "EVERETT ST", "fromleft": 2501, "toleft": 2599, "fromright": 2500, "toright": 2598, "onewaydir": " "}}, {"type": "Feature", "geometry": {"type": "LineString", "coordinates": [[-95.3636392525196, 29.7822490059593], [-95.3642952560788, 29.7836164569739]]}, "properties": {"centerlineid": 10087767, "roadclass": "LOCAL", "fullname": "FREEMAN ST", "fromleft": 2401, "toleft": 2499, "fromright": 2400, "toright": 2498, "onewaydir": " "}}, {"type": "Feature", "geometry": {"type": "LineString", "coordinates": [[-95.3648369451297, 29.7738814786611], [-95.3652490020922, 29.7747855099993]]}, "properties": {"centerlineid": 10087782, "roadclass": "LOCAL", "fullname": "GLASER DR", "fromleft": 1801, "toleft": 1899, "fromright": 1800, "toright": 1898, "onewaydir": " "}}, {"type": "Feature", "geometry": {"type": "LineString", "coordinates": [[-95.3794016296953, 29.7654756116977], [-95.3794091684989, 29.7662290714175]]}, "properties": {"centerlineid": 10135374, "roadclass": "LOCAL", "fullname": "HENDERSON ST", "fromleft": 701, "toleft": 799, "fromright": 700, "toright": 798, "onewaydir": " "}}, {"type": "Feature", "geometry": {"type": "LineString", "coordinates": [[-95.3625406305992, 29.759980566693], [-95.3631509643731, 29.7591986107448]]}, "properties": {"centerlineid": 10135394, "roadclass": "MAJOR", "fullname": "MAIN ST", "fromleft": 601, "toleft": 699, "fromright": 600, "toright": 698, "onewaydir": " "}}, {"type": "Feature", "geometry": {"type": "LineString", "coordinates": [[-95.3708116452509, 29.7722359272947], [-95.3712280364583, 29.7722280975852]]}, "properties": {"centerlineid": 10135452, "roadclass": "LOCAL", "fullname": "WINTER ST", "fromleft": 1301, "toleft": 1399, "fromright": 0, "toright": 0, "onewaydir": " "}}, {"type": "Feature", "geometry": {"type": "LineString", "coordinates": [[-95.380523087757, 29.7669482705301], [-95.3816217553686, 29.7669329590513]]}, "properties": {"centerlineid": 10135469, "roadclass": "LOCAL", "fullname": "DECATUR ST", "fromleft": 2201, "toleft": 2299, "fromright": 2200, "toright": 2298, "onewaydir": " "}}, {"type": "Feature", "geometry": {"type": "LineString", "coordinates": [[-95.3698186004992, 29.7637627190567], [-95.3699486926997, 29.7637686625259], [-95.3702846786864, 29.763783704789], [-95.3706769810715, 29.7637837138901], [-95.3721226560084, 29.7637261741484], [-95.3721840813594, 29.7637248616494], [-95.3724816069195, 29.7637182238707], [-95.3727869228642, 29.7637114104083], [-95.373542165162, 29.7636942648097], [-95.3748315741311, 29.7636771940087], [-95.3753654659677, 29.7636655409206]]}, "properties": {"centerlineid": 10135521, "roadclass": "MAJOR", "fullname": "MEMORIAL DR", "fromleft": 1, "toleft": 1799, "fromright": 0, "toright": 0, "onewaydir": "FT"}}, {"type": "Feature", "geometry": {"type": "LineString", "coordinates": [[-95.364524123384, 29.7691015082268], [-95.3644173290916, 29.7689547793582], [-95.3643258508425, 29.7688765199008], [-95.3641786000576, 29.7687391915173], [-95.3639901723257, 29.7685904008474], [-95.3637559280206, 29.7684188476074], [-95.3634741507812, 29.7682270486137], [-95.3633451213521, 29.7681354950332]]}, "properties": {"centerlineid": 10135532, "roadclass": "RAMP", "fullname": "IH 10 IH 10 FLYOVER RAMP", "fromleft": 0, "toleft": 0, "fromright": 0, "toright": 0, "onewaydir": "FT"}}, {"type": "Feature", "geometry": {"type": "LineString", "coordinates": [[-95.3607323690506, 29.7622732127702], [-95.3613426948447, 29.7615102448831]]}, "properties": {"centerlineid": 10140572, "roadclass": "MAJOR", "fullname": "MAIN ST", "fromleft": 301, "toleft": 399, "fromright": 300, "toright": 398, "onewaydir": " "}}, {"type": "Feature", "geometry": {"type": "LineString", "coordinates": [[-95.3838571610189, 29.769120676427], [-95.3838646632214, 29.7696986225892], [-95.383864659963, 29.7698987404073]]}, "properties": {"centerlineid": 10134858, "roadclass": "LOCAL", "fullname": "BRASHEAR ST", "fromleft": 1101, "toleft": 1199, "fromright": 1100, "toright": 1198, "onewaydir": " "}}, {"type": "Feature", "geometry": {"type": "MultiLineString", "coordinates": [[[-95.374557516221, 29.7602333948362], [-95.3748661329086, 29.7602299791032]], [[-95.3748661329086, 29.7602299791032], [-95.3753006868573, 29.7602251705055], [-95.3765481346281, 29.7602114616025]]]}, "properties": {"centerlineid": 10135144, "roadclass": "LOCAL", "fullname": "ALLEN PKWY", "fromleft": 0, "toleft": 0, "fromright": 600, "toright": 798, "onewaydir": "FT"}}, {"type": "Feature", "geometry": {"type": "LineString", "coordinates": [[-95.370070778878, 29.7611499625741], [-95.3699105826145, 29.7610506809382], [-95.36950626635, 29.7608104418234]]}, "properties": {"centerlineid": 10135245, "roadclass": "LOCAL", "fullname": "WALKER ST", "fromleft": 101, "toleft": 399, "fromright": 100, "toright": 398, "onewaydir": "TF"}}, {"type": "Feature", "geometry": {"type": "LineString", "coordinates": [[-95.3647913175949, 29.7635701445599], [-95.3639215372182, 29.7630551814044]]}, "properties": {"centerlineid": 10135299, "roadclass": "LOCAL", "fullname": "PRESTON ST", "fromleft": 601, "toleft": 699, "fromright": 600, "toright": 698, "onewaydir": "FT"}}, {"type": "Feature", "geometry": {"type": "LineString", "coordinates": [[-95.3679727192595, 29.7810148577386], [-95.3679880224678, 29.7810568119152], [-95.3679802345987, 29.7810987925175], [-95.3679499235141, 29.7811503507051], [-95.3677210461807, 29.7814365083491]]}, "properties": {"centerlineid": 10087416, "roadclass": "LOCAL", "fullname": "CARL ST", "fromleft": 101, "toleft": 107, "fromright": 100, "toright": 106, "onewaydir": " "}}, {"type": "Feature", "geometry": {"type": "LineString", "coordinates": [[-95.3820260420899, 29.784102912146], [-95.3820182927474, 29.7844175772427]]}, "properties": {"centerlineid": 10086041, "roadclass": "LOCAL", "fullname": "JULIAN ST", "fromleft": 2901, "toleft": 2907, "fromright": 2900, "toright": 2906, "onewaydir": " "}}, {"type": "Feature", "geometry": {"type": "LineString", "coordinates": [[-95.3807291345042, 29.7844232882364], [-95.3820182927474, 29.7844175772427]]}, "properties": {"centerlineid": 10086222, "roadclass": "LOCAL", "fullname": "BYRNE ST", "fromleft": 801, "toleft": 899, "fromright": 800, "toright": 898, "onewaydir": " "}}, {"type": "Feature", "geometry": {"type": "LineString", "coordinates": [[-95.3591606873164, 29.7748521343556], [-95.3583977081968, 29.7751268370756]]}, "properties": {"centerlineid": 10094303, "roadclass": "LOCAL", "fullname": "HARRINGTON ST", "fromleft": 801, "toleft": 899, "fromright": 800, "toright": 898, "onewaydir": " "}}, {"type": "Feature", "geometry": {"type": "LineString", "coordinates": [[-95.3607401096969, 29.7742819324762], [-95.3604348406646, 29.7743925877466], [-95.3599542723894, 29.7745698850981]]}, "properties": {"centerlineid": 10094377, "roadclass": "LOCAL", "fullname": "HARRINGTON ST", "fromleft": 601, "toleft": 699, "fromright": 600, "toright": 698, "onewaydir": " "}}, {"type": "Feature", "geometry": {"type": "LineString", "coordinates": [[-95.3607857241402, 29.7855372240243], [-95.3606867425091, 29.786090279048]]}, "properties": {"centerlineid": 10094679, "roadclass": "MAJOR", "fullname": "FULTON ST", "fromleft": 2601, "toleft": 2699, "fromright": 2600, "toright": 2698, "onewaydir": " "}}, {"type": "Feature", "geometry": {"type": "LineString", "coordinates": [[-95.3792717837926, 29.7819475893717], [-95.3792647826341, 29.7818968566196], [-95.3792537591765, 29.781845954116], [-95.3792350470212, 29.7817967902235], [-95.379208980934, 29.7817502444696], [-95.3791760272385, 29.7817071495433], [-95.3791367754734, 29.7816682763981], [-95.3790919278451, 29.7816343204605], [-95.3790422866658, 29.7816058891895], [-95.3789887399999, 29.7815834912093], [-95.3788675021703, 29.781541225225], [-95.3781809122129, 29.7813753533823], [-95.3776848677372, 29.7812361638741]]}, "properties": {"centerlineid": 10087555, "roadclass": "LOCAL", "fullname": "GLADYS ST", "fromleft": 601, "toleft": 699, "fromright": 600, "toright": 698, "onewaydir": " "}}, {"type": "Feature", "geometry": {"type": "LineString", "coordinates": [[-95.3683848104919, 29.7798648594463], [-95.3684643985548, 29.7797835500706], [-95.3684699587925, 29.7797779675336], [-95.3684756285234, 29.7797724703337], [-95.3684814064552, 29.7797670584357], [-95.3684872899234, 29.7797617340242], [-95.3684932788475, 29.7797564993537], [-95.3684993693107, 29.7797513554464], [-95.3685055599407, 29.7797463045218], [-95.3685118507372, 29.77974134658], [-95.3685182389955, 29.7797364849327], [-95.368524720839, 29.7797317194748], [-95.3685312974794, 29.7797270524959], [-95.3685379637079, 29.7797224849832], [-95.3685447207765, 29.779718018099], [-95.3685515647282, 29.7797136539928], [-95.3685584929385, 29.7797093937217], [-95.3685655054074, 29.7797052372858], [-95.36857259943, 29.7797011879968], [-95.3685797711296, 29.7796972457498], [-95.3685870204661, 29.7796934116719], [-95.368594344815, 29.7796896868205], [-95.3686017402192, 29.7796860733448], [-95.368609207931, 29.7796825724074], [-95.3686167428215, 29.7796791827409], [-95.3686243434781, 29.7796759076918], [-95.3686320073164, 29.7796727471904], [-95.3686397329639, 29.7796697034561], [-95.3686475178763, 29.7796667752916], [-95.3686553593889, 29.7796639648815], [-95.3686632548771, 29.7796612732828], [-95.3686712030487, 29.7796587004606], [-95.368679199987, 29.7796562474373], [-95.3686872443595, 29.7796539153048], [-95.3686953348339, 29.7796517051557], [-95.3687034662816, 29.7796496157224], [-95.3687116386221, 29.7796476492597], [-95.3687198492311, 29.7796458068246], [-95.3687280942318, 29.7796440883121], [-95.3687363723722, 29.77964249256], [-95.3687446796551, 29.7796410228451], [-95.3687530161208, 29.77963967804], [-95.3688173366053, 29.7796297997721], [-95.3689939147112, 29.7796227304453], [-95.3690886585254, 29.7796189683071], [-95.3690919831708, 29.7796188112675], [-95.3690953044533, 29.7796186033604], [-95.3690986223325, 29.7796183457133], [-95.3691019329321, 29.779618038221], [-95.3691052375441, 29.7796176809185], [-95.3691085349163, 29.7796172726436], [-95.3691118223841, 29.7796168155808], [-95.3691151012799, 29.7796163086377], [-95.3691183703114, 29.7796157517796], [-95.369121626854, 29.7796151460635], [-95.3691248709478, 29.7796144903621], [-95.3691281012204, 29.7796137868952], [-95.3691313177119, 29.7796130345352], [-95.3691345178378, 29.7796122332123], [-95.3691377028502, 29.7796113840888], [-95.3691408689126, 29.7796104859323], [-95.3691440185291, 29.7796095410674], [-95.3691471478631, 29.7796085482618], [-95.3691502568747, 29.7796075086427], [-95.3691533442715, 29.7796064221753], [-95.3691564113457, 29.7796052888944], [-95.3691594541805, 29.7796041098223], [-95.3691624728161, 29.7796028838318], [-95.3691654671721, 29.7796016131774], [-95.3691684359565, 29.7796002978241], [-95.3691713791691, 29.7795989377719], [-95.3691742929332, 29.7795975329158], [-95.3691771797933, 29.7795960844531], [-95.3691800371647, 29.7795945923137], [-95.3691828637153, 29.7795930575899], [-95.3691856607372, 29.7795914803167], [-95.3691884243536, 29.7795898603892], [-95.3691911557766, 29.7795882000969], [-95.3691938550865, 29.7795864971851], [-95.3691965195784, 29.7795847549658], [-95.3691991480002, 29.7795829722766], [-95.3692017416039, 29.7795811502799], [-95.3692042990573, 29.7795792900678], [-95.369206817816, 29.7795773904432], [-95.369209299132, 29.7795754525682], [-95.3692117416331, 29.7795734786625], [-95.3692141453591, 29.7795714675988], [-95.3692165076856, 29.7795694204343], [-95.3692188285723, 29.7795673382962], [-95.3692211093117, 29.7795652212197], [-95.3692233459868, 29.7795630702269], [-95.3692255411821, 29.7795608853879], [-95.3692276909808, 29.7795586677249], [-95.3692297979673, 29.7795564173081], [-95.3692318594769, 29.7795541363217], [-95.3692338742576, 29.7795518236037], [-95.3692358435212, 29.7795494814436], [-95.3692377672679, 29.7795471098412], [-95.3692396415807, 29.7795447098191], [-95.3692414690442, 29.779542281447], [-95.3692432483259, 29.7795398258173], [-95.3692449781338, 29.7795373428951], [-95.3692466583874, 29.7795348349347], [-95.3692482877946, 29.7795323019013], [-95.3692498676076, 29.7795297449572], [-95.3692513952417, 29.7795271640322], [-95.3692528732414, 29.7795245603237], [-95.3692542976898, 29.7795219348539], [-95.3692556711313, 29.7795192888202], [-95.3692569909814, 29.7795166221525], [-95.3692582572001, 29.7795139359782], [-95.3692594697872, 29.7795112302971], [-95.3692606299548, 29.7795085073989], [-95.3692617338262, 29.7795057671785], [-95.369262785238, 29.7795030108682], [-95.3692637803134, 29.779500238363], [-95.3693155119938, 29.7793516863283]]}, "properties": {"centerlineid": 10087679, "roadclass": "RAMP", "fullname": "QUITMAN IH 45 HOV RAMP", "fromleft": 0, "toleft": 0, "fromright": 0, "toright": 0, "onewaydir": "N"}}, {"type": "Feature", "geometry": {"type": "LineString", "coordinates": [[-95.3646158234078, 29.7777590344085], [-95.364890313221, 29.7783445512212]]}, "properties": {"centerlineid": 10087761, "roadclass": "LOCAL", "fullname": "FLETCHER ST", "fromleft": 2101, "toleft": 2109, "fromright": 2100, "toright": 2108, "onewaydir": " "}}, {"type": "Feature", "geometry": {"type": "LineString", "coordinates": [[-95.3642571420156, 29.7701848683672], [-95.3640319378395, 29.769935386796], [-95.3639577576253, 29.7698584525081], [-95.3638780451331, 29.7697858518253], [-95.363646809354, 29.7696146566039], [-95.3633264277124, 29.7693915177929], [-95.3629221344985, 29.769132094064], [-95.3625558921176, 29.7689032425095], [-95.3620142454964, 29.7685618917554], [-95.3617166760702, 29.7683615563433], [-95.3615181771067, 29.7682223832758], [-95.361396088907, 29.7681174284473], [-95.3612053772966, 29.7678885456606], [-95.3610985651555, 29.7677320429212], [-95.3609980579453, 29.7675398055344], [-95.3609689923477, 29.7674842159672], [-95.3608518266346, 29.7671546901256], [-95.3607017593971, 29.7667326302478]]}, "properties": {"centerlineid": 10125980, "roadclass": "RAMP", "fullname": "TRAVIS NORTH FWY RAMP", "fromleft": 0, "toleft": 0, "fromright": 0, "toright": 0, "onewaydir": "TF"}}, {"type": "Feature", "geometry": {"type": "LineString", "coordinates": [[-95.3662561599725, 29.7692922706882], [-95.3663248408374, 29.7693533969919], [-95.3664840831194, 29.769496577019], [-95.3667595448504, 29.7697442552867]]}, "properties": {"centerlineid": 10135361, "roadclass": "LOCAL", "fullname": "DART ST", "fromleft": 911, "toleft": 925, "fromright": 910, "toright": 924, "onewaydir": " "}}, {"type": "Feature", "geometry": {"type": "LineString", "coordinates": [[-95.3736490760595, 29.7594378376228], [-95.3734520173344, 29.7598069762147], [-95.3733975273681, 29.7599090492931], [-95.3733119121526, 29.760069426587], [-95.3731401303667, 29.7603821321252], [-95.3729391758662, 29.760746999721], [-95.372920353333, 29.7607811750484], [-95.3727612617469, 29.7610564707582], [-95.3724829946055, 29.7615236355504], [-95.3723757176146, 29.7616942953719], [-95.3722768209324, 29.7618255966789], [-95.3721840606852, 29.7619414734283], [-95.3721116058893, 29.7620269048062], [-95.372056114459, 29.7620743034998], [-95.3719445111522, 29.7621866865201], [-95.3717713912444, 29.7623267435502], [-95.3714307914013, 29.7625942354643], [-95.3712179349555, 29.7627154169288]]}, "properties": {"centerlineid": 10135547, "roadclass": "RAMP", "fullname": "PEASE IH 45 RAMP", "fromleft": 0, "toleft": 0, "fromright": 0, "toright": 0, "onewaydir": "FT"}}, {"type": "Feature", "geometry": {"type": "LineString", "coordinates": [[-95.3680414083394, 29.7739424067469], [-95.3679115775711, 29.7738509231839], [-95.3678566121112, 29.7737740994629], [-95.3673929310508, 29.773126033004], [-95.3669655710325, 29.7725270717707], [-95.3667061350986, 29.7722315822562]]}, "properties": {"centerlineid": 10135569, "roadclass": "RAMP", "fullname": "W IH 10 IH 45 OB RAMP", "fromleft": 0, "toleft": 0, "fromright": 0, "toright": 0, "onewaydir": "FT"}}, {"type": "Feature", "geometry": {"type": "LineString", "coordinates": [[-95.3817438226592, 29.7664407996644], [-95.3819115061662, 29.7665685509884], [-95.3821481297752, 29.7667097933674], [-95.3822854730208, 29.766816582691]]}, "properties": {"centerlineid": 10134704, "roadclass": "MAJOR", "fullname": "SAWYER ST", "fromleft": 805, "toleft": 899, "fromright": 804, "toright": 898, "onewaydir": " "}}, {"type": "Feature", "geometry": {"type": "LineString", "coordinates": [[-95.3827813218823, 29.7706656461967], [-95.3827974399201, 29.7721226292472]]}, "properties": {"centerlineid": 10134810, "roadclass": "MAJOR", "fullname": "SAWYER ST", "fromleft": 1301, "toleft": 1599, "fromright": 1300, "toright": 1598, "onewaydir": " "}}, {"type": "Feature", "geometry": {"type": "LineString", "coordinates": [[-95.3699525580826, 29.7631357101998], [-95.3697323572906, 29.7629292070979], [-95.369498269466, 29.7627053962197], [-95.3693020520113, 29.7624931702474], [-95.3691563652267, 29.7623597563039]]}, "properties": {"centerlineid": 10135000, "roadclass": "LOCAL", "fullname": "CAPITOL ST", "fromleft": 201, "toleft": 299, "fromright": 200, "toright": 298, "onewaydir": " "}}, {"type": "Feature", "geometry": {"type": "LineString", "coordinates": [[-95.3756326725691, 29.7676348427693], [-95.3771965869477, 29.7677910998952]]}, "properties": {"centerlineid": 10135196, "roadclass": "MAJOR", "fullname": "WASHINGTON AVE", "fromleft": 1801, "toleft": 1899, "fromright": 1800, "toright": 1898, "onewaydir": " "}}, {"type": "Feature", "geometry": {"type": "LineString", "coordinates": [[-95.3771203798161, 29.7640071283011], [-95.3771278692428, 29.7647374685567]]}, "properties": {"centerlineid": 10135271, "roadclass": "LOCAL", "fullname": "SILVER ST", "fromleft": 501, "toleft": 599, "fromright": 500, "toright": 598, "onewaydir": " "}}, {"type": "Feature", "geometry": {"type": "LineString", "coordinates": [[-95.3688272399889, 29.7660289406553], [-95.3686440110553, 29.765977364943], [-95.3683389156648, 29.7658609903786]]}, "properties": {"centerlineid": 10135284, "roadclass": "LOCAL", "fullname": "FRANKLIN ST", "fromleft": 1, "toleft": 99, "fromright": 2, "toright": 98, "onewaydir": " "}}, {"type": "Feature", "geometry": {"type": "LineString", "coordinates": [[-95.3641122526747, 29.7642815813663], [-95.3640511260606, 29.7642359649873], [-95.3633339972126, 29.7638238959683]]}, "properties": {"centerlineid": 10135296, "roadclass": "LOCAL", "fullname": "CONGRESS ST", "fromleft": 601, "toleft": 699, "fromright": 600, "toright": 698, "onewaydir": "TF"}}, {"type": "Feature", "geometry": {"type": "LineString", "coordinates": [[-95.364890313221, 29.7783445512212], [-95.3638300350369, 29.7787242104063]]}, "properties": {"centerlineid": 10087467, "roadclass": "LOCAL", "fullname": "MARIE ST", "fromleft": 401, "toleft": 499, "fromright": 400, "toright": 498, "onewaydir": " "}}, {"type": "Feature", "geometry": {"type": "LineString", "coordinates": [[-95.3694803267834, 29.7855685826912], [-95.3690810238532, 29.7857870416796]]}, "properties": {"centerlineid": 10087474, "roadclass": "LOCAL", "fullname": "NORTH ST", "fromleft": 253, "toleft": 299, "fromright": 252, "toright": 298, "onewaydir": " "}}, {"type": "Feature", "geometry": {"type": "LineString", "coordinates": [[-95.3721307051497, 29.7867960167985], [-95.3731378472015, 29.7867828040353]]}, "properties": {"centerlineid": 10087500, "roadclass": "LOCAL", "fullname": "BAYLAND AVE", "fromleft": 101, "toleft": 199, "fromright": 100, "toright": 198, "onewaydir": " "}}, {"type": "Feature", "geometry": {"type": "LineString", "coordinates": [[-95.3609308451349, 29.7804674669633], [-95.3605646577437, 29.780606612932], [-95.3601906497241, 29.7807496854919]]}, "properties": {"centerlineid": 10094116, "roadclass": "LOCAL", "fullname": "HENRY ST", "fromleft": 901, "toleft": 999, "fromright": 900, "toright": 998, "onewaydir": " "}}, {"type": "Feature", "geometry": {"type": "LineString", "coordinates": [[-95.3607857241402, 29.7855372240243], [-95.3606636527042, 29.7855029754138], [-95.3589165892372, 29.7855314878603], [-95.3583139506192, 29.7855504214467], [-95.358138488978, 29.7855657500142], [-95.3575968136995, 29.7856173183155]]}, "properties": {"centerlineid": 10094283, "roadclass": "LOCAL", "fullname": "PANAMA ST", "fromleft": 1101, "toleft": 1199, "fromright": 1100, "toright": 1198, "onewaydir": " "}}, {"type": "Feature", "geometry": {"type": "LineString", "coordinates": [[-95.3615106354317, 29.7816366081816], [-95.3619302452099, 29.782466473356]]}, "properties": {"centerlineid": 10094618, "roadclass": "LOCAL", "fullname": "CHESTNUT ST", "fromleft": 2301, "toleft": 2399, "fromright": 2300, "toright": 2398, "onewaydir": " "}}, {"type": "Feature", "geometry": {"type": "LineString", "coordinates": [[-95.3724482162573, 29.778357295072], [-95.3724539933103, 29.7786594129642], [-95.3724741064436, 29.7796740796648], [-95.3724816064979, 29.7804122342294], [-95.3724359893803, 29.7806677746005]]}, "properties": {"centerlineid": 10087584, "roadclass": "MAJOR", "fullname": "HOUSTON AVE", "fromleft": 2401, "toleft": 2499, "fromright": 2400, "toright": 2498, "onewaydir": " "}}, {"type": "Feature", "geometry": {"type": "LineString", "coordinates": [[-95.3653864048027, 29.7839520879631], [-95.3644251197338, 29.7843146695258]]}, "properties": {"centerlineid": 10087647, "roadclass": "LOCAL", "fullname": "EMBRY ST", "fromleft": 601, "toleft": 799, "fromright": 600, "toright": 798, "onewaydir": " "}}, {"type": "Feature", "geometry": {"type": "LineString", "coordinates": [[-95.3764032339545, 29.7846122063627], [-95.3778300003237, 29.7845969051686]]}, "properties": {"centerlineid": 10087667, "roadclass": "LOCAL", "fullname": "BYRNE ST", "fromleft": 501, "toleft": 599, "fromright": 500, "toright": 598, "onewaydir": " "}}, {"type": "Feature", "geometry": {"type": "LineString", "coordinates": [[-95.3689951522311, 29.7730306450535], [-95.3690026706589, 29.7737840589946]]}, "properties": {"centerlineid": 10087678, "roadclass": "LOCAL", "fullname": "HOLLY ST", "fromleft": 1701, "toleft": 1799, "fromright": 1700, "toright": 1798, "onewaydir": " "}}, {"type": "Feature", "geometry": {"type": "LineString", "coordinates": [[-95.3724359710061, 29.7772860607181], [-95.3730614291574, 29.777282149275], [-95.3730691605407, 29.7772821723299], [-95.3735802918925, 29.7772917715998], [-95.373641401814, 29.777312728021]]}, "properties": {"centerlineid": 10087680, "roadclass": "LOCAL", "fullname": "WEBER ST", "fromleft": 1501, "toleft": 1599, "fromright": 1500, "toright": 1598, "onewaydir": " "}}, {"type": "Feature", "geometry": {"type": "LineString", "coordinates": [[-95.3651192062897, 29.7813600605393], [-95.3655084344917, 29.7822337447121]]}, "properties": {"centerlineid": 10087778, "roadclass": "LOCAL", "fullname": "KEENE ST", "fromleft": 2401, "toleft": 2499, "fromright": 2400, "toright": 2498, "onewaydir": " "}}, {"type": "Feature", "geometry": {"type": "LineString", "coordinates": [[-95.3628381463113, 29.7742477170021], [-95.3628496116084, 29.7742516919702], [-95.3628620522221, 29.7742570247273], [-95.3628733860232, 29.7742639864149], [-95.3628833350894, 29.7742724063218], [-95.3628916554541, 29.774282077979], [-95.3629068296124, 29.7743029368876], [-95.3631965886771, 29.7749246903164]]}, "properties": {"centerlineid": 10087789, "roadclass": "LOCAL", "fullname": "FLETCHER ST", "fromleft": 1801, "toleft": 1811, "fromright": 1800, "toright": 1810, "onewaydir": " "}}, {"type": "Feature", "geometry": {"type": "LineString", "coordinates": [[-95.3657601415079, 29.7607606656729], [-95.3648981015805, 29.7602534519816]]}, "properties": {"centerlineid": 10135313, "roadclass": "LOCAL", "fullname": "CAPITOL ST", "fromleft": 701, "toleft": 799, "fromright": 700, "toright": 798, "onewaydir": "TF"}}, {"type": "Feature", "geometry": {"type": "LineString", "coordinates": [[-95.37827996048, 29.7669635345243], [-95.3782877138509, 29.767680670151]]}, "properties": {"centerlineid": 10135318, "roadclass": "LOCAL", "fullname": "WHITE ST", "fromleft": 901, "toleft": 949, "fromright": 900, "toright": 948, "onewaydir": " "}}, {"type": "Feature", "geometry": {"type": "LineString", "coordinates": [[-95.3782418424934, 29.764739532541], [-95.3793938554858, 29.7647317748972]]}, "properties": {"centerlineid": 10135379, "roadclass": "LOCAL", "fullname": "STATE ST", "fromleft": 2001, "toleft": 2099, "fromright": 2000, "toright": 2098, "onewaydir": " "}}, {"type": "Feature", "geometry": {"type": "LineString", "coordinates": [[-95.3689798882277, 29.7716935535783], [-95.3690027041236, 29.7717775307272], [-95.3690332453611, 29.7718138046312], [-95.3700098480588, 29.771800582832], [-95.3700632316568, 29.7717928180132]]}, "properties": {"centerlineid": 10135411, "roadclass": "LOCAL", "fullname": "BINGHAM ST", "fromleft": 1201, "toleft": 1299, "fromright": 1200, "toright": 1298, "onewaydir": " "}}, {"type": "Feature", "geometry": {"type": "LineString", "coordinates": [[-95.3700935938226, 29.773019234007], [-95.3712152603366, 29.7730039305323]]}, "properties": {"centerlineid": 10135426, "roadclass": "LOCAL", "fullname": "SUMMER ST", "fromleft": 1301, "toleft": 1399, "fromright": 1300, "toright": 1398, "onewaydir": " "}}, {"type": "Feature", "geometry": {"type": "LineString", "coordinates": [[-95.3794319991418, 29.7687868394345], [-95.3805458908597, 29.768897544252]]}, "properties": {"centerlineid": 10135442, "roadclass": "LOCAL", "fullname": "CENTER ST", "fromleft": 2101, "toleft": 2199, "fromright": 2100, "toright": 2198, "onewaydir": " "}}, {"type": "Feature", "geometry": {"type": "LineString", "coordinates": [[-95.3688272399889, 29.7660289406553], [-95.3686440134248, 29.765900936327], [-95.3685453660053, 29.7658096355943], [-95.3676170184499, 29.765230229032]]}, "properties": {"centerlineid": 10135511, "roadclass": "LOCAL", "fullname": "PRESTON ST", "fromleft": 201, "toleft": 299, "fromright": 200, "toright": 298, "onewaydir": "FT"}}, {"type": "Feature", "geometry": {"type": "LineString", "coordinates": [[-95.3740991104933, 29.7616781505151], [-95.3742821401489, 29.7614531671669], [-95.3744653577421, 29.7611613431999], [-95.3745315745579, 29.7610454012185], [-95.3746027130002, 29.7609208430229], [-95.374663736839, 29.7607874073516], [-95.374724800019, 29.760653879062], [-95.3748315740644, 29.7603602188273], [-95.3748661329086, 29.7602299791032], [-95.3749020354003, 29.7600946788939], [-95.374930806384, 29.7599862518318], [-95.3749370886195, 29.75993698473], [-95.3749536475373, 29.7598071257211], [-95.3749764614559, 29.7596316750766]]}, "properties": {"centerlineid": 10135560, "roadclass": "RAMP", "fullname": "IH 45 BAGBY RAMP", "fromleft": 0, "toleft": 0, "fromright": 0, "toright": 0, "onewaydir": "FT"}}, {"type": "Feature", "geometry": {"type": "LineString", "coordinates": [[-95.3727869036642, 29.7635665075673], [-95.3724816157462, 29.7635795638903]]}, "properties": {"centerlineid": 10135581, "roadclass": "MAJOR", "fullname": "MEMORIAL SERVICE RD", "fromleft": 0, "toleft": 0, "fromright": 0, "toright": 0, "onewaydir": "FT"}}, {"type": "Feature", "geometry": {"type": "LineString", "coordinates": [[-95.3616096541573, 29.7627864005263], [-95.3607323690506, 29.7622732127702]]}, "properties": {"centerlineid": 10140479, "roadclass": "LOCAL", "fullname": "CONGRESS ST", "fromleft": 901, "toleft": 999, "fromright": 900, "toright": 998, "onewaydir": "TF"}}, {"type": "Feature", "geometry": {"type": "LineString", "coordinates": [[-95.3724969071878, 29.7647317807243], [-95.3728097567697, 29.7647260636061], [-95.3739083732059, 29.7647071394874]]}, "properties": {"centerlineid": 10135026, "roadclass": "LOCAL", "fullname": "STATE ST", "fromleft": 1501, "toleft": 1599, "fromright": 1500, "toright": 1598, "onewaydir": " "}}, {"type": "Feature", "geometry": {"type": "LineString", "coordinates": [[-95.3794166858371, 29.766957596989], [-95.3794166862966, 29.7676710802356]]}, "properties": {"centerlineid": 10135112, "roadclass": "LOCAL", "fullname": "HENDERSON ST", "fromleft": 901, "toleft": 911, "fromright": 900, "toright": 910, "onewaydir": " "}}, {"type": "Feature", "geometry": {"type": "LineString", "coordinates": [[-95.380523087757, 29.7669482705301], [-95.3805306197077, 29.7676195328783], [-95.3805230928471, 29.7676633356568]]}, "properties": {"centerlineid": 10135113, "roadclass": "LOCAL", "fullname": "HEMPHILL ST", "fromleft": 901, "toleft": 911, "fromright": 900, "toright": 910, "onewaydir": " "}}, {"type": "Feature", "geometry": {"type": "LineString", "coordinates": [[-95.3714822255468, 29.7629006863067], [-95.3718869124294, 29.7624824410839], [-95.3719659704257, 29.7623919744324], [-95.3720454496143, 29.7622480989446], [-95.3720851767068, 29.7621396384824], [-95.3721116058893, 29.7620269048062], [-95.3720937099925, 29.761836687915], [-95.3720687633342, 29.7617186523413], [-95.3720322032953, 29.7616120373265], [-95.3719922897007, 29.7615366278428], [-95.3719375330733, 29.7614373441996], [-95.3718817218564, 29.7613604785503], [-95.3717631547452, 29.7612402408431], [-95.371563881985, 29.7610846290256], [-95.3713982826969, 29.7609514241363], [-95.3700860616746, 29.7600702388759]]}, "properties": {"centerlineid": 10135149, "roadclass": "LOCAL", "fullname": "MCKINNEY ST", "fromleft": 101, "toleft": 399, "fromright": 100, "toright": 398, "onewaydir": "FT"}}, {"type": "Feature", "geometry": {"type": "LineString", "coordinates": [[-95.3783333324437, 29.7636313081882], [-95.378630887503, 29.7636027876473], [-95.3789361586098, 29.7635551235391], [-95.379264247514, 29.7634864445793], [-95.3795693490707, 29.7634195618334], [-95.3798746471765, 29.7633260295326], [-95.3802674740443, 29.763217116367]]}, "properties": {"centerlineid": 10135227, "roadclass": "MAJOR", "fullname": "MEMORIAL DR", "fromleft": 0, "toleft": 0, "fromright": 2150, "toright": 2398, "onewaydir": "TF"}}, {"type": "Feature", "geometry": {"type": "LineString", "coordinates": [[-95.3672630768421, 29.7635302337079], [-95.3666757771195, 29.7634291370719], [-95.3662178244009, 29.7632936335223], [-95.3661035410351, 29.7632345278639]]}, "properties": {"centerlineid": 10135298, "roadclass": "MAJOR", "fullname": "PRAIRIE ST", "fromleft": 501, "toleft": 549, "fromright": 500, "toright": 548, "onewaydir": "TF"}}, {"type": "Feature", "geometry": {"type": "LineString", "coordinates": [[-95.3706754528042, 29.7670142594522], [-95.3706582936047, 29.7676672088875]]}, "properties": {"centerlineid": 10135068, "roadclass": "LOCAL", "fullname": "GOLIAD ST", "fromleft": 1001, "toleft": 1099, "fromright": 1000, "toright": 1098, "onewaydir": " "}}, {"type": "Feature", "geometry": {"type": "LineString", "coordinates": [[-95.3705894952415, 29.7700697596795], [-95.3711727833439, 29.7700687680709]]}, "properties": {"centerlineid": 10135035, "roadclass": "LOCAL", "fullname": "DART ST", "fromleft": 1311, "toleft": 1399, "fromright": 1310, "toright": 1398, "onewaydir": " "}}, {"type": "Feature", "geometry": {"type": "LineString", "coordinates": [[-95.3700632316568, 29.7717928180132], [-95.3701318877059, 29.7717813742779], [-95.3710852847404, 29.7717776183259], [-95.3711563931945, 29.7717795438721], [-95.3711844201802, 29.7717611973715], [-95.3712101210568, 29.7716544190429]]}, "properties": {"centerlineid": 10135043, "roadclass": "LOCAL", "fullname": "BINGHAM ST", "fromleft": 1301, "toleft": 1399, "fromright": 1300, "toright": 1398, "onewaydir": " "}}, {"type": "Feature", "geometry": {"type": "LineString", "coordinates": [[-95.3632730324793, 29.7775587220272], [-95.3624641837614, 29.7778544387279]]}, "properties": {"centerlineid": 10087382, "roadclass": "LOCAL", "fullname": "BISHOP ST", "fromleft": 501, "toleft": 599, "fromright": 500, "toright": 598, "onewaydir": " "}}, {"type": "Feature", "geometry": {"type": "LineString", "coordinates": [[-95.3721078716645, 29.7844652588572], [-95.3721153845097, 29.7848791408302]]}, "properties": {"centerlineid": 10087401, "roadclass": "MAJOR", "fullname": "HOUSTON AVE", "fromleft": 2819, "toleft": 2905, "fromright": 2818, "toright": 2904, "onewaydir": " "}}, {"type": "Feature", "geometry": {"type": "LineString", "coordinates": [[-95.381385132598, 29.7759069629319], [-95.3813470463052, 29.7763056102446], [-95.381331713609, 29.7766069992589]]}, "properties": {"centerlineid": 10087471, "roadclass": "MAJOR", "fullname": "TAYLOR ST", "fromleft": 2101, "toleft": 2199, "fromright": 2100, "toright": 2198, "onewaydir": " "}}, {"type": "Feature", "geometry": {"type": "LineString", "coordinates": [[-95.3764107613935, 29.7860407647915], [-95.3778450147276, 29.7860179439792]]}, "properties": {"centerlineid": 10087509, "roadclass": "LOCAL", "fullname": "WOODLAND ST", "fromleft": 501, "toleft": 599, "fromright": 500, "toright": 598, "onewaydir": " "}}, {"type": "Feature", "geometry": {"type": "LineString", "coordinates": [[-95.3807366511949, 29.7852873589616], [-95.3820335727143, 29.7852720901236]]}, "properties": {"centerlineid": 10086091, "roadclass": "LOCAL", "fullname": "EUCLID ST", "fromleft": 801, "toleft": 899, "fromright": 800, "toright": 898, "onewaydir": " "}}, {"type": "Feature", "geometry": {"type": "LineString", "coordinates": [[-95.3842740451545, 29.7844406708815], [-95.3857797085776, 29.7844137007067], [-95.3859933063899, 29.7844100161162]]}, "properties": {"centerlineid": 10086153, "roadclass": "LOCAL", "fullname": "E 7TH 1/2 ST", "fromleft": 1001, "toleft": 1099, "fromright": 1000, "toright": 1098, "onewaydir": " "}}, {"type": "Feature", "geometry": {"type": "LineString", "coordinates": [[-95.3622734119549, 29.7813582539795], [-95.3615106354317, 29.7816366081816]]}, "properties": {"centerlineid": 10094250, "roadclass": "MAJOR", "fullname": "QUITMAN ST", "fromleft": 801, "toleft": 899, "fromright": 800, "toright": 898, "onewaydir": " "}}, {"type": "Feature", "geometry": {"type": "LineString", "coordinates": [[-95.3624338629209, 29.7758115927239], [-95.3616174215885, 29.7761052362687]]}, "properties": {"centerlineid": 10094355, "roadclass": "MAJOR", "fullname": "HOGAN ST", "fromleft": 501, "toleft": 599, "fromright": 500, "toright": 598, "onewaydir": " "}}, {"type": "Feature", "geometry": {"type": "LineString", "coordinates": [[-95.3759071495131, 29.775159236641], [-95.3770441624582, 29.775147833945]]}, "properties": {"centerlineid": 10087687, "roadclass": "LOCAL", "fullname": "SPRING ST", "fromleft": 1801, "toleft": 1899, "fromright": 1800, "toright": 1898, "onewaydir": " "}}, {"type": "Feature", "geometry": {"type": "LineString", "coordinates": [[-95.3736108220346, 29.7737306715765], [-95.374755147447, 29.7737231165247]]}, "properties": {"centerlineid": 10087702, "roadclass": "MAJOR", "fullname": "CROCKETT ST", "fromleft": 1601, "toleft": 1699, "fromright": 1600, "toright": 1698, "onewaydir": " "}}, {"type": "Feature", "geometry": {"type": "LineString", "coordinates": [[-95.3668893724869, 29.7829547589828], [-95.3673089827562, 29.7838683356214]]}, "properties": {"centerlineid": 10087803, "roadclass": "LOCAL", "fullname": "IDEAL ST", "fromleft": 2501, "toleft": 2599, "fromright": 2500, "toright": 2598, "onewaydir": " "}}, {"type": "Feature", "geometry": {"type": "LineString", "coordinates": [[-95.3794091684989, 29.7662290714175], [-95.3805153589161, 29.7662119244881]]}, "properties": {"centerlineid": 10135444, "roadclass": "LOCAL", "fullname": "KANE ST", "fromleft": 2101, "toleft": 2199, "fromright": 2100, "toright": 2198, "onewaydir": " "}}, {"type": "Feature", "geometry": {"type": "LineString", "coordinates": [[-95.3741525363877, 29.760947551402], [-95.3742233804757, 29.7609736210288], [-95.3742270326341, 29.7609749655667], [-95.374282153592, 29.7609952499784], [-95.3744119536506, 29.7610258360776], [-95.3744932772996, 29.7610403976937], [-95.3745038671342, 29.7610415756281], [-95.3745144781622, 29.7610425939072], [-95.3745251090915, 29.7610434524961], [-95.3745357534621, 29.7610441512201], [-95.3745464112739, 29.761044690079], [-95.3745570786911, 29.7610450678409], [-95.3745677505054, 29.761045285493], [-95.374578425465, 29.7610453418732], [-95.3745891009456, 29.7610452380388], [-95.3745997717793, 29.7610449738501], [-95.3746104367141, 29.7610445481447], [-95.3746210905019, 29.7610439630375], [-95.3746317318906, 29.7610432173661], [-95.3746423569643, 29.761042312153], [-95.3746529618467, 29.7610412472934], [-95.374663545246, 29.7610400227523], [-95.3746741019939, 29.7610386383898], [-95.3746846307185, 29.7610370964256], [-95.3746951262918, 29.7610353955926], [-95.3747055873815, 29.7610335369832], [-95.3747160100316, 29.7610315227469], [-95.3747263904462, 29.7610293505244], [-95.3747367272531, 29.7610270225354], [-95.3747470165363, 29.7610245398022], [-95.3747572557115, 29.761021902255], [-95.3747674408229, 29.7610191120435], [-95.3747775693263, 29.7610161679704], [-95.3747876372657, 29.7610130721855], [-95.3747976433088, 29.7610098257812], [-95.3748075835797, 29.7610064286525], [-95.3748174554144, 29.7610028829842], [-95.3749948904392, 29.7609375835939], [-95.37499876923, 29.7609361900585], [-95.3750026756535, 29.7609348559456], [-95.3750066084177, 29.76093358122], [-95.3750105649385, 29.760932365812], [-95.3750145451759, 29.7609312108488], [-95.3750185478781, 29.7609301151682], [-95.3750225716729, 29.7609290809898], [-95.3750266165603, 29.7609281083136], [-95.3750306787043, 29.7609271959075], [-95.375034759317, 29.7609263460608], [-95.3750388545623, 29.7609255575417], [-95.3750429670243, 29.7609248304199], [-95.3750470914548, 29.7609241668101], [-95.375051229226, 29.7609235644928], [-95.3750553789658, 29.7609230256876], [-95.3750595381303, 29.7609225491973], [-95.3750637066794, 29.7609221361492], [-95.3750678820291, 29.7609217864733], [-95.3750720642196, 29.7609214990424], [-95.3750762505867, 29.7609212760412], [-95.3750804425024, 29.7609211152501], [-95.3750846360108, 29.7609210188186], [-95.37508882986, 29.7609209855847], [-95.3750930253418, 29.7609210155832], [-95.3750972185804, 29.7609211087094], [-95.3751014095356, 29.7609212660904], [-95.3751055969557, 29.7609214865641], [-95.3751097795485, 29.7609217700955], [-95.3751139547301, 29.7609221166147], [-95.3751181237925, 29.7609225261566], [-95.3751222841517, 29.7609229986515], [-95.3751264331838, 29.7609235351565], [-95.3751305722607, 29.7609241334522], [-95.3751346975065, 29.7609247934336], [-95.3751388101332, 29.7609255173903], [-95.3751429076768, 29.7609263018706], [-95.3751469887654, 29.760927149094], [-95.375151052147, 29.7609280578984], [-95.3751550965295, 29.7609290282487], [-95.3751591219531, 29.7609300590178], [-95.3751631257937, 29.7609311512629], [-95.3751671068395, 29.7609323026946], [-95.3751710650103, 29.7609335155674], [-95.3751749991343, 29.7609347864645], [-95.3751789065475, 29.7609361175707], [-95.3751827872899, 29.7609375077586], [-95.3751866400694, 29.7609389569932], [-95.3751904623823, 29.7609404629501], [-95.3751942554404, 29.7609420279189], [-95.3751980167799, 29.7609436484479], [-95.3752017450288, 29.7609453267564], [-95.3752054389751, 29.7609470605552], [-95.3752090973268, 29.7609488498092], [-95.3752127213359, 29.7609506956808], [-95.3752163072465, 29.760952594683], [-95.3752198550187, 29.7609545479434], [-95.3752233634005, 29.7609565542996], [-95.3752268310999, 29.7609586137167], [-95.375230258157, 29.7609607250674], [-95.3752336419877, 29.7609628882818], [-95.3752369826322, 29.7609651022327], [-95.3752402788384, 29.7609673657578], [-95.3752435293145, 29.7609696788222], [-95.3752467327684, 29.7609720413909], [-95.3752498892402, 29.7609744523367], [-95.37525299881, 29.7609769094049], [-95.3752560575217, 29.7609794147453], [-95.3752590667874, 29.760981965011], [-95.3752620240232, 29.7609845601322], [-95.3753273949367, 29.7610429261086]]}, "properties": {"centerlineid": 10135542, "roadclass": "RAMP", "fullname": "WALKER SABINE RAMP", "fromleft": 0, "toleft": 0, "fromright": 0, "toright": 0, "onewaydir": "FT"}}, {"type": "Feature", "geometry": {"type": "LineString", "coordinates": [[-95.3622811906123, 29.7652315043154], [-95.3620217343155, 29.7653022378834], [-95.3618234765831, 29.7653478383136], [-95.3616096926314, 29.7653727356163], [-95.3613960962095, 29.7653670295779], [-95.3612131350024, 29.7653574554426], [-95.3609918035687, 29.7653174868395]]}, "properties": {"centerlineid": 10140425, "roadclass": "LOCAL", "fullname": "WASHINGTON AVE", "fromleft": 301, "toleft": 499, "fromright": 300, "toright": 498, "onewaydir": " "}}, {"type": "Feature", "geometry": {"type": "LineString", "coordinates": [[-95.3613426948447, 29.7615102448831], [-95.3604654148465, 29.7609763065489]]}, "properties": {"centerlineid": 10140491, "roadclass": "LOCAL", "fullname": "PRESTON ST", "fromleft": 1001, "toleft": 1099, "fromright": 1000, "toright": 1098, "onewaydir": "FT"}}, {"type": "Feature", "geometry": {"type": "LineString", "coordinates": [[-95.3827507574304, 29.769097838875], [-95.3827584739107, 29.7696680708191], [-95.3827584746928, 29.7698950742307]]}, "properties": {"centerlineid": 10134859, "roadclass": "MAJOR", "fullname": "SAWYER ST", "fromleft": 1101, "toleft": 1199, "fromright": 1100, "toright": 1198, "onewaydir": " "}}, {"type": "Feature", "geometry": {"type": "LineString", "coordinates": [[-95.3816217318763, 29.7682337687073], [-95.3827432101468, 29.7683138661552]]}, "properties": {"centerlineid": 10134884, "roadclass": "MAJOR", "fullname": "WASHINGTON AVE", "fromleft": 2301, "toleft": 2399, "fromright": 2300, "toright": 2398, "onewaydir": " "}}, {"type": "Feature", "geometry": {"type": "LineString", "coordinates": [[-95.3681557361694, 29.7665553222304], [-95.3683389156648, 29.7658609903786]]}, "properties": {"centerlineid": 10135186, "roadclass": "LOCAL", "fullname": "MENTOR WAY", "fromleft": 901, "toleft": 909, "fromright": 900, "toright": 908, "onewaydir": " "}}, {"type": "Feature", "geometry": {"type": "LineString", "coordinates": [[-95.3631356925387, 29.764678391885], [-95.3638681185621, 29.7643922755338], [-95.3641122526747, 29.7642815813663]]}, "properties": {"centerlineid": 10135224, "roadclass": "LOCAL", "fullname": "SMITH ST", "fromleft": 201, "toleft": 299, "fromright": 200, "toright": 298, "onewaydir": "FT"}}, {"type": "Feature", "geometry": {"type": "LineString", "coordinates": [[-95.3676904770335, 29.7683957824608], [-95.3676140056884, 29.7684320413153], [-95.3675912157831, 29.7684836149436], [-95.3674919696216, 29.7688270155633], [-95.367392924833, 29.7691932145142]]}, "properties": {"centerlineid": 10135231, "roadclass": "LOCAL", "fullname": "ELDER ST", "fromleft": 1101, "toleft": 1199, "fromright": 1100, "toright": 1198, "onewaydir": " "}}, {"type": "Feature", "geometry": {"type": "LineString", "coordinates": [[-95.3711694205951, 29.764956988058], [-95.3712446135575, 29.7650665619596], [-95.3713031852876, 29.7651176415184], [-95.3713695213745, 29.7651561593423], [-95.371455912757, 29.7651968168322], [-95.3717569697951, 29.7653211743382], [-95.3718025581197, 29.7653345972722], [-95.3720545099046, 29.7654012390293], [-95.3722283782228, 29.7654311132223], [-95.3723214329666, 29.7654471220048]]}, "properties": {"centerlineid": 10135076, "roadclass": "LOCAL", "fullname": "LUBBOCK ST", "fromleft": 1401, "toleft": 1499, "fromright": 1400, "toright": 1498, "onewaydir": " "}}, {"type": "Feature", "geometry": {"type": "LineString", "coordinates": [[-95.3778450147276, 29.7860179439792], [-95.3778680591859, 29.7867444662047]]}, "properties": {"centerlineid": 10087356, "roadclass": "LOCAL", "fullname": "NORTHWOOD ST", "fromleft": 3101, "toleft": 3199, "fromright": 3100, "toright": 3198, "onewaydir": " "}}, {"type": "Feature", "geometry": {"type": "LineString", "coordinates": [[-95.3793329329351, 29.7867351100956], [-95.3807594902935, 29.7867159574604]]}, "properties": {"centerlineid": 10087389, "roadclass": "LOCAL", "fullname": "BAYLAND AVE", "fromleft": 701, "toleft": 799, "fromright": 700, "toright": 798, "onewaydir": " "}}, {"type": "Feature", "geometry": {"type": "LineString", "coordinates": [[-95.3856804909665, 29.77938592275], [-95.3863061323036, 29.779414656122]]}, "properties": {"centerlineid": 10086021, "roadclass": "LOCAL", "fullname": "STUDE ST", "fromleft": 1001, "toleft": 1099, "fromright": 1000, "toright": 1098, "onewaydir": " "}}, {"type": "Feature", "geometry": {"type": "LineString", "coordinates": [[-95.3608238288407, 29.7763934496162], [-95.3604806712156, 29.7765212180772], [-95.36004578113, 29.776685288513]]}, "properties": {"centerlineid": 10094183, "roadclass": "MAJOR", "fullname": "HOGAN ST", "fromleft": 701, "toleft": 799, "fromright": 700, "toright": 798, "onewaydir": " "}}, {"type": "Feature", "geometry": {"type": "LineString", "coordinates": [[-95.3595116372205, 29.7736410017578], [-95.3587335628375, 29.7739310199201]]}, "properties": {"centerlineid": 10094242, "roadclass": "LOCAL", "fullname": "BROOKS ST", "fromleft": 701, "toleft": 799, "fromright": 700, "toright": 798, "onewaydir": " "}}, {"type": "Feature", "geometry": {"type": "LineString", "coordinates": [[-95.3605949842432, 29.7778544423099], [-95.3611519684955, 29.7790121743549]]}, "properties": {"centerlineid": 10094663, "roadclass": "LOCAL", "fullname": "EVERETT ST", "fromleft": 2001, "toleft": 2099, "fromright": 2000, "toright": 2098, "onewaydir": " "}}, {"type": "Feature", "geometry": {"type": "LineString", "coordinates": [[-95.359145419215, 29.7841392068271], [-95.3593667250011, 29.7846008092228], [-95.3593767629441, 29.7846376227557], [-95.3593813766635, 29.7846571493764], [-95.3593846285718, 29.7846768835969], [-95.3593865067707, 29.7846967532177], [-95.3593870043878, 29.784716685544], [-95.3593861196019, 29.7847366076515], [-95.3593838556491, 29.7847564466533], [-95.3593802208115, 29.7847761299665], [-95.3593752283867, 29.7847955855777], [-95.3593361959324, 29.7849286717469]]}, "properties": {"centerlineid": 10094677, "roadclass": "LOCAL", "fullname": "COMMON ST", "fromleft": 2401, "toleft": 2499, "fromright": 2400, "toright": 2498, "onewaydir": " "}}, {"type": "Feature", "geometry": {"type": "LineString", "coordinates": [[-95.3785852511642, 29.7808774738846], [-95.3787072763994, 29.7809805968134], [-95.3787682495984, 29.7810340178283], [-95.3788446573673, 29.7810987884899], [-95.3789286352079, 29.7811425979109], [-95.3790048369393, 29.7811846141005]]}, "properties": {"centerlineid": 10087557, "roadclass": "LOCAL", "fullname": "THELMA DR", "fromleft": 2601, "toleft": 2609, "fromright": 2600, "toright": 2608, "onewaydir": " "}}, {"type": "Feature", "geometry": {"type": "LineString", "coordinates": [[-95.3736336881785, 29.77518412038], [-95.3736336583612, 29.7759318389452]]}, "properties": {"centerlineid": 10087639, "roadclass": "LOCAL", "fullname": "JOHNSON ST", "fromleft": 2001, "toleft": 2099, "fromright": 2000, "toright": 2098, "onewaydir": " "}}, {"type": "Feature", "geometry": {"type": "LineString", "coordinates": [[-95.372397673584, 29.7744784015699], [-95.373008002985, 29.7744765456623], [-95.3736261374514, 29.7744726674091]]}, "properties": {"centerlineid": 10087719, "roadclass": "LOCAL", "fullname": "SHEARN ST", "fromleft": 1501, "toleft": 1599, "fromright": 1500, "toright": 1598, "onewaydir": " "}}, {"type": "Feature", "geometry": {"type": "LineString", "coordinates": [[-95.3748009844774, 29.7765860079138], [-95.3748696867276, 29.7766108927451], [-95.3759302414087, 29.7766012909845]]}, "properties": {"centerlineid": 10087732, "roadclass": "LOCAL", "fullname": "ALAMO ST", "fromleft": 1701, "toleft": 1799, "fromright": 1700, "toright": 1798, "onewaydir": " "}}, {"type": "Feature", "geometry": {"type": "LineString", "coordinates": [[-95.3629908292566, 29.7850507343651], [-95.3629830362919, 29.7855638863204]]}, "properties": {"centerlineid": 10087750, "roadclass": "LOCAL", "fullname": "ATLANTIC ST", "fromleft": 2601, "toleft": 2609, "fromright": 2600, "toright": 2608, "onewaydir": " "}}, {"type": "Feature", "geometry": {"type": "LineString", "coordinates": [[-95.3655084344917, 29.7822337447121], [-95.3659202936161, 29.7830501278914]]}, "properties": {"centerlineid": 10087777, "roadclass": "LOCAL", "fullname": "KEENE ST", "fromleft": 2501, "toleft": 2599, "fromright": 2500, "toright": 2598, "onewaydir": " "}}, {"type": "Feature", "geometry": {"type": "LineString", "coordinates": [[-95.3669808273601, 29.7862390775311], [-95.3676065063233, 29.786721626994]]}, "properties": {"centerlineid": 10087835, "roadclass": "MAJOR", "fullname": "N MAIN ST", "fromleft": 3001, "toleft": 3099, "fromright": 3000, "toright": 3098, "onewaydir": " "}}, {"type": "Feature", "geometry": {"type": "LineString", "coordinates": [[-95.3794091684989, 29.7662290714175], [-95.3794166858371, 29.766957596989]]}, "properties": {"centerlineid": 10135320, "roadclass": "LOCAL", "fullname": "HENDERSON ST", "fromleft": 801, "toleft": 899, "fromright": 800, "toright": 898, "onewaydir": " "}}, {"type": "Feature", "geometry": {"type": "LineString", "coordinates": [[-95.367850626949, 29.7700972677901], [-95.3678431152488, 29.7703546301906], [-95.3678431111594, 29.7704176153527], [-95.3678430952012, 29.7705243728111], [-95.36785064942, 29.7706101695981], [-95.3678734712446, 29.7708257911017]]}, "properties": {"centerlineid": 10135359, "roadclass": "LOCAL", "fullname": "BEACHTON ST", "fromleft": 1301, "toleft": 1399, "fromright": 1300, "toright": 1398, "onewaydir": " "}}, {"type": "Feature", "geometry": {"type": "LineString", "coordinates": [[-95.373580257746, 29.7722238003025], [-95.3742236287737, 29.7722088698718], [-95.374724809364, 29.7722123897043]]}, "properties": {"centerlineid": 10135409, "roadclass": "LOCAL", "fullname": "WINTER ST", "fromleft": 1601, "toleft": 1699, "fromright": 1600, "toright": 1698, "onewaydir": " "}}, {"type": "Feature", "geometry": {"type": "LineString", "coordinates": [[-95.3816217553686, 29.7669329590513], [-95.3816445558227, 29.7676519421968]]}, "properties": {"centerlineid": 10135423, "roadclass": "LOCAL", "fullname": "TAYLOR ST", "fromleft": 901, "toleft": 919, "fromright": 900, "toright": 918, "onewaydir": " "}}, {"type": "Feature", "geometry": {"type": "LineString", "coordinates": [[-95.3679802563811, 29.773049800884], [-95.368331147637, 29.7730516340636], [-95.3683923190623, 29.7730498039942], [-95.3689951522311, 29.7730306450535]]}, "properties": {"centerlineid": 10135438, "roadclass": "LOCAL", "fullname": "SUMMER ST", "fromleft": 1101, "toleft": 1199, "fromright": 1100, "toright": 1198, "onewaydir": " "}}, {"type": "Feature", "geometry": {"type": "LineString", "coordinates": [[-95.3794166858371, 29.766957596989], [-95.380523087757, 29.7669482705301]]}, "properties": {"centerlineid": 10135468, "roadclass": "LOCAL", "fullname": "DECATUR ST", "fromleft": 2101, "toleft": 2199, "fromright": 2100, "toright": 2198, "onewaydir": " "}}, {"type": "Feature", "geometry": {"type": "LineString", "coordinates": [[-95.3649590003521, 29.7691281918163], [-95.3647532006564, 29.7689947315553], [-95.3645852912485, 29.7688708123913], [-95.3643136554553, 29.7686748615517], [-95.3640243651897, 29.7684787707449], [-95.3638450886752, 29.7683810937395], [-95.3637167412484, 29.7683085968285], [-95.3635129813974, 29.7682090656963], [-95.3633451213521, 29.7681354950332], [-95.3631534039308, 29.7680604247599], [-95.3631128726617, 29.7680430390474]]}, "properties": {"centerlineid": 10135527, "roadclass": "HIGHWAY", "fullname": "E IH 10", "fromleft": 0, "toleft": 0, "fromright": 300, "toright": 398, "onewaydir": "FT"}}, {"type": "Feature", "geometry": {"type": "LineString", "coordinates": [[-95.3724816157462, 29.7635795638903], [-95.3721393341805, 29.7635712261644]]}, "properties": {"centerlineid": 10135548, "roadclass": "MAJOR", "fullname": "MEMORIAL SERVICE RD", "fromleft": 0, "toleft": 0, "fromright": 0, "toright": 0, "onewaydir": "FT"}}, {"type": "Feature", "geometry": {"type": "LineString", "coordinates": [[-95.3745262925279, 29.7608389525798], [-95.374663736839, 29.7607874073516], [-95.3752740195179, 29.7605585387773]]}, "properties": {"centerlineid": 10135559, "roadclass": "RAMP", "fullname": "IH 45 ALLEN PKWY EXIT RAMP", "fromleft": 0, "toleft": 0, "fromright": 0, "toright": 0, "onewaydir": "TF"}}, {"type": "Feature", "geometry": {"type": "LineString", "coordinates": [[-95.3724816157462, 29.7635795638903], [-95.3724968878276, 29.7633470016024], [-95.3725808732866, 29.7630572396781], [-95.3726418145526, 29.7628892871137], [-95.3726876657882, 29.7627843277306], [-95.3727038932453, 29.7627498237997], [-95.3727638573763, 29.7626223236877], [-95.3727716392439, 29.7626088574257], [-95.3728937036023, 29.7624507455698], [-95.3730310640779, 29.762328681396], [-95.3731912433854, 29.762214117732], [-95.3733819957826, 29.7620749355831], [-95.3735955740442, 29.7619489792635], [-95.3737938315493, 29.7618460994352], [-95.3740991104933, 29.7616781505151]]}, "properties": {"centerlineid": 10135563, "roadclass": "RAMP", "fullname": "HOUSTON IH 45 RAMP", "fromleft": 0, "toleft": 0, "fromright": 0, "toright": 0, "onewaydir": "FT"}}, {"type": "Feature", "geometry": {"type": "LineString", "coordinates": [[-95.3656380430725, 29.7720483704317], [-95.3658746480895, 29.772330588397], [-95.3659433392922, 29.7724259981525], [-95.3661110804036, 29.7726760651707], [-95.3663399294756, 29.7729829601925], [-95.3665384146601, 29.773250141341], [-95.3667444521954, 29.7734999898793], [-95.3669199513378, 29.7736850489059]]}, "properties": {"centerlineid": 10135572, "roadclass": "RAMP", "fullname": "N IH 45 OB W IH 10 RAMP", "fromleft": 0, "toleft": 0, "fromright": 0, "toright": 0, "onewaydir": "TF"}}, {"type": "Feature", "geometry": {"type": "LineString", "coordinates": [[-95.3604654148465, 29.7609763065489], [-95.3610604631163, 29.7602304145828]]}, "properties": {"centerlineid": 10140411, "roadclass": "MAJOR", "fullname": "FANNIN ST", "fromleft": 401, "toleft": 499, "fromright": 400, "toright": 498, "onewaydir": "FT"}}, {"type": "Feature", "geometry": {"type": "LineString", "coordinates": [[-95.3853142683358, 29.7619223131801], [-95.3854134886843, 29.7619147565732], [-95.3860697174452, 29.7619108722921], [-95.3869470616284, 29.7619681633709], [-95.3874887584431, 29.7620368675696], [-95.3879770477072, 29.762126272874], [-95.3883660785899, 29.7622198389799], [-95.3885874063271, 29.7622750661603], [-95.3887703919604, 29.7623305155269], [-95.389296763217, 29.7624963934206], [-95.3899529723175, 29.7627462418167], [-95.3903344954082, 29.7628607644552], [-95.3906854242873, 29.7629312942728], [-95.3910210521073, 29.7629732675193], [-95.3913032949024, 29.7629885450395], [-95.3918602633204, 29.7630191271924], [-95.3924325229241, 29.7631122551626]]}, "properties": {"centerlineid": 10134773, "roadclass": "MAJOR", "fullname": "MEMORIAL DR", "fromleft": 2401, "toleft": 3399, "fromright": 0, "toright": 0, "onewaydir": "FT"}}, {"type": "Feature", "geometry": {"type": "LineString", "coordinates": [[-95.3758766605273, 29.7722989606559], [-95.3758768230931, 29.7729754060515]]}, "properties": {"centerlineid": 10135040, "roadclass": "LOCAL", "fullname": "SABINE ST", "fromleft": 1601, "toleft": 1699, "fromright": 1600, "toright": 1698, "onewaydir": " "}}, {"type": "Feature", "geometry": {"type": "LineString", "coordinates": [[-95.3723289721251, 29.7672800202926], [-95.3723289871123, 29.7679857375548]]}, "properties": {"centerlineid": 10135132, "roadclass": "MAJOR", "fullname": "HOUSTON AVE", "fromleft": 1001, "toleft": 1099, "fromright": 1000, "toright": 1098, "onewaydir": " "}}, {"type": "Feature", "geometry": {"type": "LineString", "coordinates": [[-95.3711483965638, 29.7670945020667], [-95.3715280680826, 29.7671561382855]]}, "properties": {"centerlineid": 10135066, "roadclass": "MAJOR", "fullname": "WASHINGTON AVE", "fromleft": 1319, "toleft": 1399, "fromright": 1318, "toright": 1398, "onewaydir": " "}}, {"type": "Feature", "geometry": {"type": "LineString", "coordinates": [[-95.3807291345042, 29.7844232882364], [-95.3807366511949, 29.7852873589616]]}, "properties": {"centerlineid": 10087360, "roadclass": "LOCAL", "fullname": "WATSON ST", "fromleft": 2901, "toleft": 2999, "fromright": 2900, "toright": 2998, "onewaydir": " "}}, {"type": "Feature", "geometry": {"type": "LineString", "coordinates": [[-95.3749689149125, 29.7860446646554], [-95.3764107613935, 29.7860407647915]]}, "properties": {"centerlineid": 10087391, "roadclass": "LOCAL", "fullname": "WOODLAND ST", "fromleft": 401, "toleft": 499, "fromright": 400, "toright": 498, "onewaydir": " "}}, {"type": "Feature", "geometry": {"type": "LineString", "coordinates": [[-95.3741525265025, 29.7867750434992], [-95.3749689357658, 29.7867732168625]]}, "properties": {"centerlineid": 10087502, "roadclass": "LOCAL", "fullname": "BAYLAND AVE", "fromleft": 301, "toleft": 399, "fromright": 300, "toright": 398, "onewaydir": " "}}, {"type": "Feature", "geometry": {"type": "LineString", "coordinates": [[-95.3778450341276, 29.7853101877314], [-95.3793023674677, 29.7852949057085]]}, "properties": {"centerlineid": 10087517, "roadclass": "LOCAL", "fullname": "EUCLID ST", "fromleft": 601, "toleft": 699, "fromright": 600, "toright": 698, "onewaydir": " "}}, {"type": "Feature", "geometry": {"type": "LineString", "coordinates": [[-95.3854287994899, 29.7794641688586], [-95.3854288224174, 29.7794755658697], [-95.3854064444861, 29.780033260289], [-95.3854059690304, 29.7800496684241]]}, "properties": {"centerlineid": 10086058, "roadclass": "LOCAL", "fullname": "FORESTER ST", "fromleft": 2307, "toleft": 2399, "fromright": 2306, "toright": 2398, "onewaydir": " "}}, {"type": "Feature", "geometry": {"type": "LineString", "coordinates": [[-95.3624185415906, 29.7729430035802], [-95.3617242364614, 29.7735189270479]]}, "properties": {"centerlineid": 10094290, "roadclass": "LOCAL", "fullname": "HARRINGTON ST", "fromleft": 301, "toleft": 503, "fromright": 300, "toright": 502, "onewaydir": " "}}, {"type": "Feature", "geometry": {"type": "LineString", "coordinates": [[-95.3619836551249, 29.7749207973587], [-95.3611900446315, 29.7751994290131]]}, "properties": {"centerlineid": 10094372, "roadclass": "LOCAL", "fullname": "PINCKNEY ST", "fromleft": 501, "toleft": 599, "fromright": 500, "toright": 598, "onewaydir": " "}}, {"type": "Feature", "geometry": {"type": "LineString", "coordinates": [[-95.3611519684955, 29.7790121743549], [-95.361564055862, 29.7798417889099], [-95.3617317331706, 29.7801833591579]]}, "properties": {"centerlineid": 10094623, "roadclass": "LOCAL", "fullname": "EVERETT ST", "fromleft": 2101, "toleft": 2199, "fromright": 2100, "toright": 2198, "onewaydir": " "}}, {"type": "Feature", "geometry": {"type": "LineString", "coordinates": [[-95.3749841929352, 29.7825903401592], [-95.3750376352796, 29.7825885291741], [-95.3750757299927, 29.7825999325024], [-95.3751062669118, 29.7827010028492], [-95.3751138280352, 29.7827943352268], [-95.3751366260617, 29.783746274599]]}, "properties": {"centerlineid": 10087622, "roadclass": "LOCAL", "fullname": "FLORENCE ST", "fromleft": 2701, "toleft": 2799, "fromright": 2700, "toright": 2798, "onewaydir": " "}}, {"type": "Feature", "geometry": {"type": "LineString", "coordinates": [[-95.3655084344917, 29.7822337447121], [-95.3646995965416, 29.7825312900295]]}, "properties": {"centerlineid": 10087652, "roadclass": "LOCAL", "fullname": "CARL ST", "fromleft": 501, "toleft": 599, "fromright": 500, "toright": 598, "onewaydir": " "}}, {"type": "Feature", "geometry": {"type": "LineString", "coordinates": [[-95.3721153845097, 29.7848791408302], [-95.373107287957, 29.7848695626126]]}, "properties": {"centerlineid": 10087664, "roadclass": "LOCAL", "fullname": "BYRNE ST", "fromleft": 101, "toleft": 199, "fromright": 100, "toright": 198, "onewaydir": " "}}, {"type": "Feature", "geometry": {"type": "LineString", "coordinates": [[-95.3701166435522, 29.7745185556927], [-95.3712228095378, 29.7745032516213]]}, "properties": {"centerlineid": 10087693, "roadclass": "LOCAL", "fullname": "SHEARN ST", "fromleft": 1301, "toleft": 1399, "fromright": 1300, "toright": 1398, "onewaydir": " "}}, {"type": "Feature", "geometry": {"type": "LineString", "coordinates": [[-95.3736261374514, 29.7744726674091], [-95.3747628768141, 29.7744612768566]]}, "properties": {"centerlineid": 10087695, "roadclass": "LOCAL", "fullname": "SHEARN ST", "fromleft": 1601, "toleft": 1699, "fromright": 1600, "toright": 1698, "onewaydir": " "}}, {"type": "Feature", "geometry": {"type": "LineString", "coordinates": [[-95.3781503074684, 29.7736886694086], [-95.3792642573083, 29.7736790904879]]}, "properties": {"centerlineid": 10087717, "roadclass": "MAJOR", "fullname": "CROCKETT ST", "fromleft": 2001, "toleft": 2099, "fromright": 2000, "toright": 2098, "onewaydir": " "}}, {"type": "Feature", "geometry": {"type": "LineString", "coordinates": [[-95.3669733015102, 29.7806810339431], [-95.3671716147899, 29.7810778074499], [-95.367400479449, 29.7815585789687]]}, "properties": {"centerlineid": 10087743, "roadclass": "LOCAL", "fullname": "THOMAS ST", "fromleft": 2401, "toleft": 2499, "fromright": 2400, "toright": 2498, "onewaydir": " "}}, {"type": "Feature", "geometry": {"type": "LineString", "coordinates": [[-95.3629907953459, 29.7858995347219], [-95.3629830504634, 29.786246808752]]}, "properties": {"centerlineid": 10087817, "roadclass": "LOCAL", "fullname": "ATLANTIC ST", "fromleft": 2615, "toleft": 2699, "fromright": 2614, "toright": 2698, "onewaydir": " "}}, {"type": "Feature", "geometry": {"type": "LineString", "coordinates": [[-95.3769982755474, 29.7714799609511], [-95.3781578652729, 29.7714667421983]]}, "properties": {"centerlineid": 10135349, "roadclass": "LOCAL", "fullname": "BINGHAM ST", "fromleft": 1901, "toleft": 1999, "fromright": 1900, "toright": 1998, "onewaydir": " "}}, {"type": "Feature", "geometry": {"type": "LineString", "coordinates": [[-95.3723826190207, 29.7715240006749], [-95.3729470716877, 29.7715162536667], [-95.3735727293391, 29.771508716249]]}, "properties": {"centerlineid": 10135365, "roadclass": "LOCAL", "fullname": "BINGHAM ST", "fromleft": 1501, "toleft": 1599, "fromright": 1500, "toright": 1598, "onewaydir": " "}}, {"type": "Feature", "geometry": {"type": "LineString", "coordinates": [[-95.3758768304685, 29.7637762218152], [-95.3769491283051, 29.7637228299626]]}, "properties": {"centerlineid": 10135402, "roadclass": "MAJOR", "fullname": "MEMORIAL DR", "fromleft": 0, "toleft": 0, "fromright": 1800, "toright": 1898, "onewaydir": "TF"}}, {"type": "Feature", "geometry": {"type": "LineString", "coordinates": [[-95.3747586818369, 29.7723284304563], [-95.3747950843686, 29.7723055311799], [-95.3752005350286, 29.7722973931742], [-95.3758766605273, 29.7722989606559]]}, "properties": {"centerlineid": 10135410, "roadclass": "LOCAL", "fullname": "WINTER ST", "fromleft": 0, "toleft": 0, "fromright": 1700, "toright": 1798, "onewaydir": " "}}, {"type": "Feature", "geometry": {"type": "LineString", "coordinates": [[-95.3758768230931, 29.7729754060515], [-95.3770288673778, 29.7729619462912]]}, "properties": {"centerlineid": 10135430, "roadclass": "LOCAL", "fullname": "SUMMER ST", "fromleft": 1801, "toleft": 1899, "fromright": 1800, "toright": 1898, "onewaydir": " "}}, {"type": "Feature", "geometry": {"type": "LineString", "coordinates": [[-95.3769905481767, 29.7707322648285], [-95.3827813218823, 29.7706656461967]]}, "properties": {"centerlineid": 10134864, "roadclass": "LOCAL", "fullname": "EDWARDS ST", "fromleft": 1901, "toleft": 2399, "fromright": 1900, "toright": 2398, "onewaydir": " "}}, {"type": "Feature", "geometry": {"type": "LineString", "coordinates": [[-95.3731987564983, 29.7673696653591], [-95.3737635081014, 29.7674383499065]]}, "properties": {"centerlineid": 10135065, "roadclass": "MAJOR", "fullname": "WASHINGTON AVE", "fromleft": 1601, "toleft": 1605, "fromright": 1600, "toright": 1604, "onewaydir": " "}}, {"type": "Feature", "geometry": {"type": "LineString", "coordinates": [[-95.3795312054321, 29.7605090064229], [-95.3795312080666, 29.7600282479912]]}, "properties": {"centerlineid": 10135174, "roadclass": "PRIVATE", "fullname": "PARKWAY VISTA DR", "fromleft": 601, "toleft": 649, "fromright": 600, "toright": 650, "onewaydir": " "}}, {"type": "Feature", "geometry": {"type": "LineString", "coordinates": [[-95.3794166862966, 29.7676710802356], [-95.379424436299, 29.7680295657599]]}, "properties": {"centerlineid": 10135198, "roadclass": "LOCAL", "fullname": "HENDERSON ST", "fromleft": 913, "toleft": 999, "fromright": 912, "toright": 998, "onewaydir": " "}}, {"type": "Feature", "geometry": {"type": "LineString", "coordinates": [[-95.3645166161554, 29.7623170445298], [-95.3651344972035, 29.7615312396622]]}, "properties": {"centerlineid": 10135264, "roadclass": "MAJOR", "fullname": "LOUISIANA ST", "fromleft": 501, "toleft": 599, "fromright": 500, "toright": 598, "onewaydir": "TF"}}, {"type": "Feature", "geometry": {"type": "LineString", "coordinates": [[-95.3771203798161, 29.7640071283011], [-95.3782418050716, 29.7639822275129]]}, "properties": {"centerlineid": 10135272, "roadclass": "LOCAL", "fullname": "N MEMORIAL WAY", "fromleft": 1901, "toleft": 1999, "fromright": 1900, "toright": 1998, "onewaydir": " "}}, {"type": "Feature", "geometry": {"type": "LineString", "coordinates": [[-95.3639215372182, 29.7630551814044], [-95.3630670373283, 29.7625440685529]]}, "properties": {"centerlineid": 10135302, "roadclass": "LOCAL", "fullname": "PRESTON ST", "fromleft": 701, "toleft": 799, "fromright": 700, "toright": 798, "onewaydir": "FT"}}, {"type": "Feature", "geometry": {"type": "LineString", "coordinates": [[-95.3704060281184, 29.7669403751526], [-95.3701253859031, 29.7667448060311], [-95.3697601971091, 29.7665208975962], [-95.369544771503, 29.7663885739936], [-95.3693231879517, 29.7662711051023], [-95.3690809489819, 29.7661439149595], [-95.3688272399889, 29.7660289406553]]}, "properties": {"centerlineid": 10135073, "roadclass": "LOCAL", "fullname": "PRESTON ST", "fromleft": 101, "toleft": 199, "fromright": 100, "toright": 198, "onewaydir": " "}}, {"type": "Feature", "geometry": {"type": "LineString", "coordinates": [[-95.3684151624553, 29.7811120203596], [-95.3685143701347, 29.7806620949869], [-95.3686670671129, 29.7800727181768], [-95.3688173366455, 29.7796297986448], [-95.3689297985661, 29.7793162761685], [-95.3690748342295, 29.778906079146], [-95.3691523611231, 29.7786276441862], [-95.3691701637432, 29.778561206793], [-95.3691866484748, 29.7784945102775], [-95.3692018094291, 29.7784275747913], [-95.3692156419696, 29.7783604216479], [-95.3692281415399, 29.7782930699062], [-95.3692393074204, 29.7782255398577], [-95.36924913243, 29.7781578516186], [-95.3692576158493, 29.7780900254801], [-95.3692647544142, 29.7780220805359], [-95.3692705473247, 29.7779540393318], [-95.3692749913169, 29.7778859209618], [-95.3692780844192, 29.7778177445544], [-95.3692798271239, 29.7777495326904], [-95.3692802200437, 29.7776813045683], [-95.3692792598343, 29.7776130815365], [-95.3692769497332, 29.7775448817362], [-95.3692732889403, 29.777476727713], [-95.3692682780685, 29.7774086386653], [-95.3692619202345, 29.7773406361163], [-95.3692542160509, 29.7772727392644], [-95.3692451687151, 29.7772049673781], [-95.3692347800112, 29.7771373430726], [-95.3692230544286, 29.7770698856513], [-95.3692099938719, 29.7770026143475], [-95.3691956027502, 29.7769355507192], [-95.3691798855524, 29.7768687140695], [-95.3691628480599, 29.7768021237367], [-95.3691444934293, 29.7767358001164], [-95.3691248274419, 29.7766697625467], [-95.3691038570905, 29.7766040326552], [-95.3690815882366, 29.7765386275256], [-95.3690580279132, 29.7764735676582], [-95.3690331818611, 29.7764088735184], [-95.3690070584856, 29.7763445633868], [-95.3689796648599, 29.7762806566366], [-95.3689510106812, 29.7762171715834], [-95.3689211016902, 29.7761541286924], [-95.3688899502085, 29.7760915452222], [-95.3687813658917, 29.77587846155], [-95.3683161347262, 29.7751459984742], [-95.3679040193274, 29.7745602937066], [-95.3673500813923, 29.7737705806432], [-95.3672622345263, 29.7736453432188], [-95.3665459757117, 29.7726263139522], [-95.3664511993684, 29.7724700396895], [-95.3659433441564, 29.7716326433401], [-95.3657678726655, 29.771319798544], [-95.3655846861767, 29.7709136643195], [-95.3655102989712, 29.7706996384756], [-95.3654042250068, 29.7704819762578], [-95.3653733042898, 29.7704199937992], [-95.3653411848674, 29.7703584775566], [-95.3653078725995, 29.7702974446135], [-95.3652733810582, 29.770236913391], [-95.3652377173951, 29.7701769010076], [-95.365200892598, 29.7701174258142], [-95.365162917775, 29.7700585027798], [-95.3651238026617, 29.770000149093], [-95.3650835607897, 29.7699423843022], [-95.3650422007631, 29.7698852210515], [-95.3649997361131, 29.7698286788894], [-95.3649561792395, 29.7697727728197], [-95.3649115425019, 29.7697175189738], [-95.3648658382598, 29.769662933483], [-95.3648190789127, 29.7696090313514], [-95.3647712806962, 29.7695558288153], [-95.3647224547175, 29.7695033408438], [-95.36467261596, 29.7694515825108], [-95.3646217781149, 29.7694005688557], [-95.3645699562057, 29.769350313825], [-95.3645171664674, 29.7693008336553], [-95.3644634213791, 29.769252141096], [-95.3644087385483, 29.7692042501641], [-95.3643531329978, 29.7691571748064], [-95.3642966210427, 29.7691109290048], [-95.3642392177861, 29.7690655244516], [-95.3641809407546, 29.7690209774185], [-95.3641218064233, 29.7689772973781], [-95.3640618323992, 29.7689344983474], [-95.3640010350369, 29.7688925931814], [-95.3639394320632, 29.768851592515], [-95.3638770411249, 29.7688115092381], [-95.3638138812005, 29.7687723551482], [-95.363749968765, 29.7687341397184], [-95.3636490837504, 29.7686844599085], [-95.3631461168764, 29.7684730464584], [-95.3628800865201, 29.7683530381927], [-95.3626026808956, 29.7682224682779], [-95.3622658799211, 29.7680468895842], [-95.3614406784844, 29.7676039099031], [-95.361186108531, 29.7674098713722], [-95.3610433803131, 29.7672113105559]]}, "properties": {"centerlineid": 10082450, "roadclass": "HOV", "fullname": "N IH 45", "fromleft": 101, "toleft": 1599, "fromright": 100, "toright": 1598, "onewaydir": "FT"}}, {"type": "Feature", "geometry": {"type": "LineString", "coordinates": [[-95.3632883352952, 29.7796015300639], [-95.3626779731066, 29.7798246710871], [-95.3625025158943, 29.7798894985884]]}, "properties": {"centerlineid": 10087431, "roadclass": "LOCAL", "fullname": "HENRY ST", "fromleft": 601, "toleft": 699, "fromright": 600, "toright": 698, "onewaydir": " "}}, {"type": "Feature", "geometry": {"type": "LineString", "coordinates": [[-95.3701319064977, 29.7757258162478], [-95.3701241659327, 29.7752660610298], [-95.3701318924025, 29.7752318011131]]}, "properties": {"centerlineid": 10087440, "roadclass": "LOCAL", "fullname": "GOLIAD ST", "fromleft": 2001, "toleft": 2099, "fromright": 2000, "toright": 2098, "onewaydir": " "}}, {"type": "Feature", "geometry": {"type": "LineString", "coordinates": [[-95.374144780724, 29.7860464683351], [-95.3741525265025, 29.7867750434992]]}, "properties": {"centerlineid": 10087447, "roadclass": "LOCAL", "fullname": "BEAUCHAMP ST", "fromleft": 3101, "toleft": 3199, "fromright": 3100, "toright": 3198, "onewaydir": " "}}, {"type": "Feature", "geometry": {"type": "LineString", "coordinates": [[-95.3763879486436, 29.7853140608404], [-95.3778450341276, 29.7853101877314]]}, "properties": {"centerlineid": 10087516, "roadclass": "LOCAL", "fullname": "EUCLID ST", "fromleft": 501, "toleft": 599, "fromright": 500, "toright": 598, "onewaydir": " "}}, {"type": "Feature", "geometry": {"type": "LineString", "coordinates": [[-95.3842614737159, 29.7833932863445], [-95.3842634313373, 29.7835037114361], [-95.3842728535166, 29.7840852781496]]}, "properties": {"centerlineid": 10086046, "roadclass": "LOCAL", "fullname": "MICHAUX ST", "fromleft": 2801, "toleft": 2899, "fromright": 2800, "toright": 2898, "onewaydir": " "}}, {"type": "Feature", "geometry": {"type": "LineString", "coordinates": [[-95.3603967235132, 29.7754891805709], [-95.3604653741508, 29.7756304103935], [-95.3608238288407, 29.7763934496162]]}, "properties": {"centerlineid": 10094625, "roadclass": "LOCAL", "fullname": "FREEMAN ST", "fromleft": 1801, "toleft": 1899, "fromright": 1800, "toright": 1898, "onewaydir": " "}}, {"type": "Feature", "geometry": {"type": "LineString", "coordinates": [[-95.3616174215885, 29.7761052362687], [-95.3619074374385, 29.7766928109198]]}, "properties": {"centerlineid": 10094667, "roadclass": "MAJOR", "fullname": "N MAIN ST", "fromleft": 1901, "toleft": 1913, "fromright": 1900, "toright": 1912, "onewaydir": " "}}, {"type": "Feature", "geometry": {"type": "LineString", "coordinates": [[-95.373107287957, 29.7848695626126], [-95.3731378472015, 29.7867828040353]]}, "properties": {"centerlineid": 10087547, "roadclass": "LOCAL", "fullname": "MORRISON ST", "fromleft": 2901, "toleft": 3199, "fromright": 2900, "toright": 3198, "onewaydir": " "}}, {"type": "Feature", "geometry": {"type": "LineString", "coordinates": [[-95.3803644500121, 29.7744081235064], [-95.3803637647019, 29.7751217264597]]}, "properties": {"centerlineid": 10087614, "roadclass": "LOCAL", "fullname": "HEMPHILL ST", "fromleft": 1901, "toleft": 1999, "fromright": 1900, "toright": 1998, "onewaydir": " "}}, {"type": "Feature", "geometry": {"type": "LineString", "coordinates": [[-95.375945521458, 29.7779840119713], [-95.3759377618213, 29.7785925743534], [-95.3759224788217, 29.778632492012]]}, "properties": {"centerlineid": 10087632, "roadclass": "LOCAL", "fullname": "SABINE ST", "fromleft": 2401, "toleft": 2499, "fromright": 2400, "toright": 2498, "onewaydir": " "}}, {"type": "Feature", "geometry": {"type": "LineString", "coordinates": [[-95.3747704227255, 29.7751745438245], [-95.3747856853801, 29.7759318403768]]}, "properties": {"centerlineid": 10087635, "roadclass": "LOCAL", "fullname": "COLORADO ST", "fromleft": 2001, "toleft": 2099, "fromright": 2000, "toright": 2098, "onewaydir": " "}}, {"type": "Feature", "geometry": {"type": "LineString", "coordinates": [[-95.3790048369393, 29.7811846141005], [-95.379111595868, 29.7812341074693], [-95.3791878455699, 29.7812838484495], [-95.3792642715645, 29.7813390824745], [-95.3793404883471, 29.7814077540452], [-95.379393870018, 29.7814707378535], [-95.3794549951371, 29.7815318851092], [-95.3796380395786, 29.7817187581118]]}, "properties": {"centerlineid": 10087660, "roadclass": "LOCAL", "fullname": "THELMA DR", "fromleft": 2611, "toleft": 2699, "fromright": 2610, "toright": 2698, "onewaydir": " "}}, {"type": "Feature", "geometry": {"type": "LineString", "coordinates": [[-95.3724282366505, 29.7765650186198], [-95.3724359710061, 29.7772860607181]]}, "properties": {"centerlineid": 10087675, "roadclass": "MAJOR", "fullname": "HOUSTON AVE", "fromleft": 2201, "toleft": 2299, "fromright": 2200, "toright": 2298, "onewaydir": " "}}, {"type": "Feature", "geometry": {"type": "LineString", "coordinates": [[-95.373641401814, 29.777312728021], [-95.3747095222359, 29.7773049709172], [-95.3748010149224, 29.7772917695274]]}, "properties": {"centerlineid": 10087725, "roadclass": "LOCAL", "fullname": "WEBER ST", "fromleft": 1601, "toleft": 1699, "fromright": 1600, "toright": 1698, "onewaydir": " "}}, {"type": "Feature", "geometry": {"type": "LineString", "coordinates": [[-95.3651728382468, 29.7789186089259], [-95.3654245087595, 29.7794413597391], [-95.36547786095, 29.779479462568], [-95.3655465658484, 29.7794833252176]]}, "properties": {"centerlineid": 10087780, "roadclass": "LOCAL", "fullname": "FLETCHER ST", "fromleft": 2201, "toleft": 2211, "fromright": 2200, "toright": 2210, "onewaydir": " "}}, {"type": "Feature", "geometry": {"type": "LineString", "coordinates": [[-95.365912784469, 29.7800268570304], [-95.3659052394388, 29.7801069409948], [-95.3663018092195, 29.7809347241368]]}, "properties": {"centerlineid": 10087811, "roadclass": "LOCAL", "fullname": "FLETCHER ST", "fromleft": 2301, "toleft": 2399, "fromright": 2300, "toright": 2398, "onewaydir": " "}}, {"type": "Feature", "geometry": {"type": "LineString", "coordinates": [[-95.3682244055578, 29.7795175881799], [-95.3682243626554, 29.7797389161189], [-95.3682244063011, 29.7811063402224], [-95.3682321567213, 29.7814383107326]]}, "properties": {"centerlineid": 10087848, "roadclass": "HIGHWAY", "fullname": "N IH 45", "fromleft": 0, "toleft": 0, "fromright": 1300, "toright": 1398, "onewaydir": "TF"}}, {"type": "Feature", "geometry": {"type": "LineString", "coordinates": [[-95.3686364808177, 29.7829146076188], [-95.3686053428188, 29.7826112845661], [-95.3685602480337, 29.7822699999029], [-95.368546726769, 29.7820170603314], [-95.3685400232308, 29.781762278934], [-95.3685752910359, 29.7812724260973]]}, "properties": {"centerlineid": 10087859, "roadclass": "HIGHWAY", "fullname": "N IH 45", "fromleft": 1401, "toleft": 1499, "fromright": 0, "toright": 0, "onewaydir": "FT"}}, {"type": "Feature", "geometry": {"type": "LineString", "coordinates": [[-95.3753654659677, 29.7636655409206], [-95.3765633959325, 29.7636121608035], [-95.3774254039639, 29.7635701564442], [-95.3783333042079, 29.7634939416498], [-95.3788980744194, 29.7634234265928], [-95.3793405018071, 29.7633223908143], [-95.379660816926, 29.7632669453003], [-95.3800119897643, 29.7631772563743], [-95.3800831773509, 29.7631642467353], [-95.3803170329051, 29.7630743665905], [-95.380797788138, 29.7629103076573], [-95.3812555508357, 29.7627405089813], [-95.3818734003368, 29.7625096270236], [-95.382567745783, 29.7622504307583], [-95.3831856100059, 29.7621016474078], [-95.3836052557897, 29.7620368250142], [-95.3842464202375, 29.7619962132132], [-95.3847803361163, 29.7619624742231], [-95.3853142683358, 29.7619223131801]]}, "properties": {"centerlineid": 10125862, "roadclass": "MAJOR", "fullname": "MEMORIAL DR", "fromleft": 1801, "toleft": 2399, "fromright": 0, "toright": 0, "onewaydir": "FT"}}, {"type": "Feature", "geometry": {"type": "LineString", "coordinates": [[-95.3680185762409, 29.7610486261155], [-95.3671944442279, 29.7605395721236]]}, "properties": {"centerlineid": 10135312, "roadclass": "LOCAL", "fullname": "RUSK ST", "fromleft": 501, "toleft": 599, "fromright": 500, "toright": 598, "onewaydir": "FT"}}, {"type": "Feature", "geometry": {"type": "LineString", "coordinates": [[-95.3814537913184, 29.7729181295686], [-95.3814701696218, 29.7736598776463]]}, "properties": {"centerlineid": 10135333, "roadclass": "LOCAL", "fullname": "TAYLOR ST", "fromleft": 1701, "toleft": 1799, "fromright": 1700, "toright": 1798, "onewaydir": " "}}, {"type": "Feature", "geometry": {"type": "LineString", "coordinates": [[-95.3689584437267, 29.7700933481605], [-95.3689721010917, 29.7708143961081]]}, "properties": {"centerlineid": 10135404, "roadclass": "LOCAL", "fullname": "HOLLY ST", "fromleft": 1301, "toleft": 1399, "fromright": 1300, "toright": 1398, "onewaydir": " "}}, {"type": "Feature", "geometry": {"type": "LineString", "coordinates": [[-95.3712152603366, 29.7730039305323], [-95.3723825893007, 29.7729925539073]]}, "properties": {"centerlineid": 10135427, "roadclass": "LOCAL", "fullname": "SUMMER ST", "fromleft": 1401, "toleft": 1499, "fromright": 1400, "toright": 1498, "onewaydir": " "}}, {"type": "Feature", "geometry": {"type": "LineString", "coordinates": [[-95.3783333324437, 29.7636313081882], [-95.3786691916945, 29.7636636914927], [-95.3789286251916, 29.7636561882636], [-95.3790888045398, 29.7636331177785], [-95.379264254065, 29.7636064585374], [-95.3795084369291, 29.7635434667341], [-95.3797829127625, 29.7634711511866], [-95.380052761424, 29.7633966338982], [-95.3800616230554, 29.7633942600038], [-95.380070531647, 29.7633920205242], [-95.3800794819905, 29.763389916447], [-95.3800884728342, 29.7633879466101], [-95.3800975027659, 29.7633861143605], [-95.3801065666976, 29.7633844173038], [-95.3801156619653, 29.7633828576249], [-95.3801247885289, 29.763381436451], [-95.3801339412605, 29.7633801525153], [-95.380143117536, 29.7633790068752], [-95.3801523160635, 29.7633779994958], [-95.3801615316348, 29.7633771313648], [-95.38017076421, 29.7633764036095], [-95.380180009993, 29.7633758138704], [-95.3801892663199, 29.7633753643326], [-95.3801985293146, 29.7633750548911], [-95.3802077976851, 29.7633748855112], [-95.3802170675554, 29.7633748560881], [-95.3802263363814, 29.7633749654248], [-95.3802356027912, 29.7633752157408], [-95.3802448616567, 29.7633756057693], [-95.3802541116859, 29.7633761354754], [-95.3802633502948, 29.7633768047894], [-95.3802725736474, 29.7633776124791], [-95.3802817803717, 29.7633785607644], [-95.3802909666715, 29.7633796472858], [-95.380300129963, 29.7633808719737], [-95.3803092676221, 29.7633822358855], [-95.3803183771448, 29.7633837366968], [-95.380327454655, 29.763385374303], [-95.3803364988208, 29.7633871497964], [-95.3803455058461, 29.7633890608177], [-95.3803544744389, 29.7633911073322], [-95.3803634006832, 29.7633932903624], [-95.380372283407, 29.7633956064914], [-95.3803811174022, 29.7633980567071], [-95.3803899027088, 29.7634006398821], [-95.3803986341588, 29.7634033558769], [-95.3804073105402, 29.763406202402], [-95.3804159305609, 29.7634091794225], [-95.380424489053, 29.7634122867989], [-95.3804329848043, 29.7634155222415], [-95.3804414151909, 29.7634188868081], [-95.3804497777488, 29.7634223770469], [-95.3804580698938, 29.7634259928881], [-95.380466289082, 29.7634297331348], [-95.3804744327294, 29.763433597717], [-95.380482498332, 29.7634375843104], [-95.3804904846376, 29.7634416917529], [-95.3804983877703, 29.7634459199398], [-95.3805062052259, 29.7634502665469], [-95.3805139357526, 29.7634547304116], [-95.3805215768063, 29.7634593103373], [-95.3805291258428, 29.7634640051267], [-95.3805365803583, 29.7634688124555], [-95.3805439377686, 29.7634737322539], [-95.3805511981537, 29.7634787622673], [-95.3805583564256, 29.7634839001017], [-95.3805654125442, 29.7634891468844], [-95.3805723627934, 29.7634944980014], [-95.3805792058413, 29.7634999545452], [-95.3805859405159, 29.7635055130991], [-95.380592562981, 29.7635111724312], [-95.3805990733166, 29.7635169302869], [-95.3806054676466, 29.7635227865613], [-95.3806117447991, 29.7635287378381], [-95.380617903522, 29.7635347829548], [-95.3806239412711, 29.7635409207145], [-95.3806298568746, 29.7635471477004], [-95.3806356477482, 29.7635534638427], [-95.3806413113881, 29.7635598668171], [-95.3806468492061, 29.7635663532766], [-95.3806522560341, 29.7635729230818], [-95.380767254346, 29.7637153040171], [-95.3810570258134, 29.7640203294638]]}, "properties": {"centerlineid": 10135534, "roadclass": "RAMP", "fullname": "MEMORIAL OB  SAWYER RAMP", "fromleft": 0, "toleft": 0, "fromright": 0, "toright": 0, "onewaydir": "TF"}}, {"type": "Feature", "geometry": {"type": "LineString", "coordinates": [[-95.3632846757829, 29.7690072628422], [-95.3635165829369, 29.7692595511849], [-95.3638333330009, 29.7695721888631], [-95.363959871531, 29.7697121657877], [-95.3639959691309, 29.7697537425603], [-95.364030176949, 29.7697965182049], [-95.364062442729, 29.7698404273799], [-95.364092717181, 29.769885403012], [-95.3641885036749, 29.7700342887543], [-95.3642571420156, 29.7701848683672]]}, "properties": {"centerlineid": 10135568, "roadclass": "RAMP", "fullname": "IH 10 NORTH FWY RAMP", "fromleft": 0, "toleft": 0, "fromright": 0, "toright": 0, "onewaydir": "TF"}}, {"type": "Feature", "geometry": {"type": "LineString", "coordinates": [[-95.3610145846361, 29.7635341074011], [-95.3616096541573, 29.7627864005263]]}, "properties": {"centerlineid": 10140402, "roadclass": "LOCAL", "fullname": "TRAVIS ST", "fromleft": 201, "toleft": 299, "fromright": 200, "toright": 298, "onewaydir": "TF"}}, {"type": "Feature", "geometry": {"type": "LineString", "coordinates": [[-95.35900050705, 29.7612222678489], [-95.3596033451191, 29.7604556139673]]}, "properties": {"centerlineid": 10140548, "roadclass": "LOCAL", "fullname": "SAN JACINTO ST", "fromleft": 301, "toleft": 399, "fromright": 300, "toright": 398, "onewaydir": "TF"}}, {"type": "Feature", "geometry": {"type": "LineString", "coordinates": [[-95.3711727833439, 29.7700687680709], [-95.3715134820627, 29.770066332944], [-95.3723520389679, 29.7700570836909]]}, "properties": {"centerlineid": 10135059, "roadclass": "LOCAL", "fullname": "DART ST", "fromleft": 1401, "toleft": 1499, "fromright": 1400, "toright": 1498, "onewaydir": " "}}, {"type": "Feature", "geometry": {"type": "LineString", "coordinates": [[-95.3805153589161, 29.7662119244881], [-95.380523087757, 29.7669482705301]]}, "properties": {"centerlineid": 10135121, "roadclass": "LOCAL", "fullname": "HEMPHILL ST", "fromleft": 801, "toleft": 899, "fromright": 800, "toright": 898, "onewaydir": " "}}, {"type": "Feature", "geometry": {"type": "LineString", "coordinates": [[-95.3739207803091, 29.7666139662393], [-95.3739246976541, 29.7668596142376], [-95.3739159099718, 29.7674497777777]]}, "properties": {"centerlineid": 10135126, "roadclass": "LOCAL", "fullname": "TRINITY ST", "fromleft": 901, "toleft": 999, "fromright": 900, "toright": 998, "onewaydir": " "}}, {"type": "Feature", "geometry": {"type": "LineString", "coordinates": [[-95.3653099453463, 29.7688363698132], [-95.3655949330059, 29.7689516020099]]}, "properties": {"centerlineid": 10135202, "roadclass": "LOCAL", "fullname": "DART ST", "fromleft": 901, "toleft": 905, "fromright": 900, "toright": 904, "onewaydir": " "}}, {"type": "Feature", "geometry": {"type": "LineString", "coordinates": [[-95.3655949330059, 29.7689516020099], [-95.3658475269634, 29.7690525681732], [-95.3660311161177, 29.7691259528155], [-95.3661035502796, 29.7691549075327], [-95.3662561599725, 29.7692922706882]]}, "properties": {"centerlineid": 10135214, "roadclass": "LOCAL", "fullname": "DART ST", "fromleft": 907, "toleft": 909, "fromright": 906, "toright": 908, "onewaydir": " "}}, {"type": "Feature", "geometry": {"type": "LineString", "coordinates": [[-95.3641122526747, 29.7642815813663], [-95.3642112992019, 29.7642206808066], [-95.3642952681344, 29.7641385290248], [-95.3643945207002, 29.7640374414936], [-95.3647913175949, 29.7635701445599]]}, "properties": {"centerlineid": 10135225, "roadclass": "LOCAL", "fullname": "SMITH ST", "fromleft": 301, "toleft": 399, "fromright": 300, "toright": 398, "onewaydir": "FT"}}, {"type": "Feature", "geometry": {"type": "LineString", "coordinates": [[-95.3770288673778, 29.7729619462912], [-95.3770210963315, 29.773700104658]]}, "properties": {"centerlineid": 10135242, "roadclass": "LOCAL", "fullname": "SILVER ST", "fromleft": 1701, "toleft": 1799, "fromright": 1700, "toright": 1798, "onewaydir": " "}}, {"type": "Feature", "geometry": {"type": "LineString", "coordinates": [[-95.3749689149125, 29.7860446646554], [-95.3749689357658, 29.7867732168625]]}, "properties": {"centerlineid": 10087384, "roadclass": "LOCAL", "fullname": "FLORENCE ST", "fromleft": 3101, "toleft": 3199, "fromright": 3100, "toright": 3198, "onewaydir": " "}}, {"type": "Feature", "geometry": {"type": "LineString", "coordinates": [[-95.3692621094729, 29.7860540276745], [-95.3691628840448, 29.7861284201432], [-95.3690485679131, 29.7862027738281], [-95.3689493123482, 29.7862735353982], [-95.3688500346515, 29.7863554140133], [-95.3687279494835, 29.7864831912164], [-95.3680566609263, 29.7870536320862]]}, "properties": {"centerlineid": 10087413, "roadclass": "LOCAL", "fullname": "E WOODLAND ST", "fromleft": 301, "toleft": 399, "fromright": 300, "toright": 398, "onewaydir": " "}}, {"type": "Feature", "geometry": {"type": "LineString", "coordinates": [[-95.3625025158943, 29.7798894985884], [-95.3617317331706, 29.7801833591579]]}, "properties": {"centerlineid": 10087418, "roadclass": "LOCAL", "fullname": "HENRY ST", "fromleft": 701, "toleft": 799, "fromright": 700, "toright": 798, "onewaydir": " "}}, {"type": "Feature", "geometry": {"type": "LineString", "coordinates": [[-95.3778450341276, 29.7853101877314], [-95.3778450147276, 29.7860179439792]]}, "properties": {"centerlineid": 10087422, "roadclass": "LOCAL", "fullname": "NORTHWOOD ST", "fromleft": 3001, "toleft": 3099, "fromright": 3000, "toright": 3098, "onewaydir": " "}}, {"type": "Feature", "geometry": {"type": "LineString", "coordinates": [[-95.3690810238532, 29.7857870416796], [-95.3692621094729, 29.7860540276745]]}, "properties": {"centerlineid": 10087435, "roadclass": "LOCAL", "fullname": "MAINFORD ST", "fromleft": 3001, "toleft": 3199, "fromright": 3000, "toright": 3198, "onewaydir": " "}}, {"type": "Feature", "geometry": {"type": "LineString", "coordinates": [[-95.3629830504634, 29.786246808752], [-95.3620370462152, 29.7862639301483]]}, "properties": {"centerlineid": 10087465, "roadclass": "LOCAL", "fullname": "REIN ST", "fromleft": 901, "toleft": 999, "fromright": 900, "toright": 998, "onewaydir": " "}}, {"type": "Feature", "geometry": {"type": "LineString", "coordinates": [[-95.381331713609, 29.7766069992589], [-95.3812477445824, 29.7772002464695]]}, "properties": {"centerlineid": 10087470, "roadclass": "MAJOR", "fullname": "TAYLOR ST", "fromleft": 2201, "toleft": 2299, "fromright": 2200, "toright": 2298, "onewaydir": " "}}, {"type": "Feature", "geometry": {"type": "LineString", "coordinates": [[-95.3741525265025, 29.7867750434992], [-95.3741753556385, 29.7874769076215]]}, "properties": {"centerlineid": 10087501, "roadclass": "LOCAL", "fullname": "BEAUCHAMP ST", "fromleft": 3201, "toleft": 3299, "fromright": 3200, "toright": 3298, "onewaydir": " "}}, {"type": "Feature", "geometry": {"type": "LineString", "coordinates": [[-95.3628381463113, 29.7742477170021], [-95.3627922829854, 29.7742837793601], [-95.3623804413307, 29.7746556728922]]}, "properties": {"centerlineid": 10087505, "roadclass": "LOCAL", "fullname": "PINCKNEY ST", "fromleft": 401, "toleft": 449, "fromright": 400, "toright": 448, "onewaydir": " "}}, {"type": "Feature", "geometry": {"type": "LineString", "coordinates": [[-95.3842386291422, 29.7825846686194], [-95.3857415964758, 29.7825654790813], [-95.3859551874099, 29.7825618429876]]}, "properties": {"centerlineid": 10086155, "roadclass": "LOCAL", "fullname": "E 6TH 1/2 ST", "fromleft": 1001, "toleft": 1099, "fromright": 1000, "toright": 1098, "onewaydir": " "}}, {"type": "Feature", "geometry": {"type": "LineString", "coordinates": [[-95.3820032506752, 29.7822050031602], [-95.3820107664609, 29.7829221283046]]}, "properties": {"centerlineid": 10086191, "roadclass": "LOCAL", "fullname": "JULIAN ST", "fromleft": 2601, "toleft": 2699, "fromright": 2600, "toright": 2698, "onewaydir": " "}}, {"type": "Feature", "geometry": {"type": "LineString", "coordinates": [[-95.3770210963315, 29.773700104658], [-95.3770288757975, 29.7744478026727]]}, "properties": {"centerlineid": 10087531, "roadclass": "LOCAL", "fullname": "SILVER ST", "fromleft": 1801, "toleft": 1899, "fromright": 1800, "toright": 1898, "onewaydir": " "}}, {"type": "Feature", "geometry": {"type": "LineString", "coordinates": [[-95.3770288757975, 29.7744478026727], [-95.3770441624582, 29.775147833945]]}, "properties": {"centerlineid": 10087532, "roadclass": "LOCAL", "fullname": "SILVER ST", "fromleft": 1901, "toleft": 1999, "fromright": 1900, "toright": 1998, "onewaydir": " "}}, {"type": "Feature", "geometry": {"type": "LineString", "coordinates": [[-95.3776848677372, 29.7812361638741], [-95.3785852511642, 29.7808774738846]]}, "properties": {"centerlineid": 10087552, "roadclass": "MAJOR", "fullname": "WHITE OAK DR", "fromleft": 1901, "toleft": 1999, "fromright": 1900, "toright": 1998, "onewaydir": " "}}, {"type": "Feature", "geometry": {"type": "LineString", "coordinates": [[-95.3792717837926, 29.7819475893717], [-95.3796380395786, 29.7817187581118]]}, "properties": {"centerlineid": 10087628, "roadclass": "LOCAL", "fullname": "USENER ST", "fromleft": 601, "toleft": 705, "fromright": 600, "toright": 704, "onewaydir": " "}}, {"type": "Feature", "geometry": {"type": "LineString", "coordinates": [[-95.3651192062897, 29.7813600605393], [-95.364287746737, 29.7816596402852]]}, "properties": {"centerlineid": 10087656, "roadclass": "LOCAL", "fullname": "MORRIS ST", "fromleft": 501, "toleft": 599, "fromright": 500, "toright": 598, "onewaydir": " "}}, {"type": "Feature", "geometry": {"type": "LineString", "coordinates": [[-95.3721154028069, 29.7851424752358], [-95.3707869717541, 29.785149040844], [-95.3706978622511, 29.785152599193], [-95.3705963613351, 29.785158208411]]}, "properties": {"centerlineid": 10087683, "roadclass": "LOCAL", "fullname": "NORTH ST", "fromleft": 101, "toleft": 199, "fromright": 100, "toright": 198, "onewaydir": " "}}, {"type": "Feature", "geometry": {"type": "LineString", "coordinates": [[-95.3723976410622, 29.773732726482], [-95.372992971251, 29.7737327000334], [-95.3736108220346, 29.7737306715765]]}, "properties": {"centerlineid": 10087720, "roadclass": "MAJOR", "fullname": "CROCKETT ST", "fromleft": 1501, "toleft": 1599, "fromright": 1500, "toright": 1598, "onewaydir": " "}}, {"type": "Feature", "geometry": {"type": "LineString", "coordinates": [[-95.3747856853801, 29.7759318403768], [-95.3759224810837, 29.7759297918009]]}, "properties": {"centerlineid": 10087737, "roadclass": "LOCAL", "fullname": "OVID ST", "fromleft": 1701, "toleft": 1799, "fromright": 1700, "toright": 1798, "onewaydir": " "}}, {"type": "Feature", "geometry": {"type": "LineString", "coordinates": [[-95.3638603708671, 29.7807764036227], [-95.364287746737, 29.7816596402852]]}, "properties": {"centerlineid": 10087770, "roadclass": "MAJOR", "fullname": "N MAIN ST", "fromleft": 2301, "toleft": 2325, "fromright": 2300, "toright": 2324, "onewaydir": " "}}, {"type": "Feature", "geometry": {"type": "LineString", "coordinates": [[-95.3620217573034, 29.7855563591405], [-95.3620370462152, 29.7862639301483]]}, "properties": {"centerlineid": 10087815, "roadclass": "LOCAL", "fullname": "GENTRY ST", "fromleft": 2601, "toleft": 2699, "fromright": 2600, "toright": 2698, "onewaydir": " "}}, {"type": "Feature", "geometry": {"type": "LineString", "coordinates": [[-95.3740991104933, 29.7616781505151], [-95.3739159205997, 29.761882151855], [-95.3735040426192, 29.7622561231542], [-95.3732599117929, 29.7624315842588], [-95.3730310846143, 29.7625785267586], [-95.3728097397302, 29.7626948772117], [-95.3727638777197, 29.7627177308744], [-95.3727038932453, 29.7627498237997], [-95.3725502826545, 29.7628320102664], [-95.3721788773533, 29.7629730751882], [-95.3721231611, 29.7629942367229], [-95.371512812099, 29.7631754105175], [-95.3710701622679, 29.7632974868519], [-95.3707066660006, 29.7633691418298], [-95.3705842982422, 29.7633932422809], [-95.3704065789664, 29.7634305606168]]}, "properties": {"centerlineid": 10135545, "roadclass": "RAMP", "fullname": "IH 45 BAGBY RAMP", "fromleft": 0, "toleft": 0, "fromright": 0, "toright": 0, "onewaydir": "TF"}}, {"type": "Feature", "geometry": {"type": "LineString", "coordinates": [[-95.3758766605273, 29.7722989606559], [-95.3769420819588, 29.7722847795713], [-95.3770199400239, 29.7722787557632]]}, "properties": {"centerlineid": 10135041, "roadclass": "LOCAL", "fullname": "WINTER ST", "fromleft": 0, "toleft": 0, "fromright": 1800, "toright": 1898, "onewaydir": " "}}, {"type": "Feature", "geometry": {"type": "LineString", "coordinates": [[-95.3711847060898, 29.7707933881905], [-95.372367301518, 29.7707838204285]]}, "properties": {"centerlineid": 10135052, "roadclass": "LOCAL", "fullname": "EDWARDS ST", "fromleft": 1401, "toleft": 1499, "fromright": 1400, "toright": 1498, "onewaydir": " "}}, {"type": "Feature", "geometry": {"type": "LineString", "coordinates": [[-95.3754953447085, 29.762061503156], [-95.3755334415039, 29.7624087631561]]}, "properties": {"centerlineid": 10135133, "roadclass": "LOCAL", "fullname": "SABINE ST", "fromleft": 151, "toleft": 169, "fromright": 150, "toright": 168, "onewaydir": " "}}, {"type": "Feature", "geometry": {"type": "LineString", "coordinates": [[-95.3624794934553, 29.7632993349698], [-95.3630670373283, 29.7625440685529]]}, "properties": {"centerlineid": 10135151, "roadclass": "LOCAL", "fullname": "MILAM ST", "fromleft": 301, "toleft": 399, "fromright": 300, "toright": 398, "onewaydir": "FT"}}, {"type": "Feature", "geometry": {"type": "LineString", "coordinates": [[-95.3814004298626, 29.760497584049], [-95.3813928795588, 29.7598432060037]]}, "properties": {"centerlineid": 10135190, "roadclass": "PRIVATE", "fullname": "PARK TRAIL VISTA", "fromleft": 601, "toleft": 699, "fromright": 600, "toright": 698, "onewaydir": " "}}, {"type": "Feature", "geometry": {"type": "LineString", "coordinates": [[-95.3627389004009, 29.7645830058697], [-95.3633339972126, 29.7638238959683]]}, "properties": {"centerlineid": 10135263, "roadclass": "MAJOR", "fullname": "LOUISIANA ST", "fromleft": 201, "toleft": 299, "fromright": 200, "toright": 298, "onewaydir": "TF"}}, {"type": "Feature", "geometry": {"type": "LineString", "coordinates": [[-95.3732751946736, 29.7700723948833], [-95.373252182212, 29.7701048003813], [-95.3732521398118, 29.7701524793137], [-95.3732521604944, 29.7707877218688]]}, "properties": {"centerlineid": 10135281, "roadclass": "LOCAL", "fullname": "JOHNSON ST", "fromleft": 1301, "toleft": 1399, "fromright": 1300, "toright": 1398, "onewaydir": " "}}, {"type": "Feature", "geometry": {"type": "LineString", "coordinates": [[-95.3778680591859, 29.7867444662047], [-95.3778756194327, 29.7874369854466]]}, "properties": {"centerlineid": 10087386, "roadclass": "LOCAL", "fullname": "NORTHWOOD ST", "fromleft": 3201, "toleft": 3299, "fromright": 3200, "toright": 3298, "onewaydir": " "}}, {"type": "Feature", "geometry": {"type": "LineString", "coordinates": [[-95.3617242364614, 29.7735189270479], [-95.3610223488566, 29.7741292988686], [-95.3609612040807, 29.7741826677644], [-95.3608544260769, 29.7742476845252], [-95.3607401096969, 29.7742819324762]]}, "properties": {"centerlineid": 10094159, "roadclass": "LOCAL", "fullname": "HARRINGTON ST", "fromleft": 505, "toleft": 599, "fromright": 504, "toright": 598, "onewaydir": " "}}, {"type": "Feature", "geometry": {"type": "LineString", "coordinates": [[-95.3605949842432, 29.7778544423099], [-95.3605112430158, 29.7778850092376], [-95.3598244445543, 29.7781328082379]]}, "properties": {"centerlineid": 10094182, "roadclass": "LOCAL", "fullname": "JAMES ST", "fromleft": 801, "toleft": 899, "fromright": 800, "toright": 898, "onewaydir": " "}}, {"type": "Feature", "geometry": {"type": "LineString", "coordinates": [[-95.3599084441076, 29.7838605925104], [-95.359145419215, 29.7841392068271]]}, "properties": {"centerlineid": 10094256, "roadclass": "LOCAL", "fullname": "MORRIS ST", "fromleft": 1201, "toleft": 1217, "fromright": 1200, "toright": 1216, "onewaydir": " "}}, {"type": "Feature", "geometry": {"type": "LineString", "coordinates": [[-95.3588784412429, 29.7798531886222], [-95.3588937306559, 29.779881978965], [-95.3593667319771, 29.7808660673152], [-95.3594429444819, 29.7810225754698]]}, "properties": {"centerlineid": 10094604, "roadclass": "MAJOR", "fullname": "FULTON ST", "fromleft": 2101, "toleft": 2199, "fromright": 2100, "toright": 2198, "onewaydir": " "}}, {"type": "Feature", "geometry": {"type": "LineString", "coordinates": [[-95.3631662620221, 29.7831968486242], [-95.3616249443036, 29.7837462974317]]}, "properties": {"centerlineid": 10087610, "roadclass": "LOCAL", "fullname": "CARL ST", "fromleft": 801, "toleft": 999, "fromright": 800, "toright": 998, "onewaydir": " "}}, {"type": "Feature", "geometry": {"type": "LineString", "coordinates": [[-95.3690485288499, 29.7752069193993], [-95.3690789114614, 29.7752222092973], [-95.3691169926552, 29.7752279395368], [-95.3701318924025, 29.7752318011131]]}, "properties": {"centerlineid": 10087739, "roadclass": "LOCAL", "fullname": "SPRING ST", "fromleft": 1201, "toleft": 1299, "fromright": 1200, "toright": 1298, "onewaydir": " "}}, {"type": "Feature", "geometry": {"type": "LineString", "coordinates": [[-95.3663018092195, 29.7809347241368], [-95.3663629539714, 29.7810550008514], [-95.3667214298232, 29.7818027180263]]}, "properties": {"centerlineid": 10087744, "roadclass": "LOCAL", "fullname": "FLETCHER ST", "fromleft": 2401, "toleft": 2499, "fromright": 2400, "toright": 2498, "onewaydir": " "}}, {"type": "Feature", "geometry": {"type": "LineString", "coordinates": [[-95.3624794934553, 29.7632993349698], [-95.3616096541573, 29.7627864005263]]}, "properties": {"centerlineid": 10140433, "roadclass": "LOCAL", "fullname": "CONGRESS ST", "fromleft": 801, "toleft": 899, "fromright": 800, "toright": 898, "onewaydir": "TF"}}, {"type": "Feature", "geometry": {"type": "LineString", "coordinates": [[-95.3622125337374, 29.7620272741554], [-95.3613426948447, 29.7615102448831]]}, "properties": {"centerlineid": 10140484, "roadclass": "LOCAL", "fullname": "PRESTON ST", "fromleft": 901, "toleft": 999, "fromright": 900, "toright": 998, "onewaydir": "FT"}}, {"type": "Feature", "geometry": {"type": "LineString", "coordinates": [[-95.3816445690361, 29.7627081239841], [-95.3824752665709, 29.7624154880175], [-95.3825553580735, 29.7623879787972], [-95.3826359868733, 29.7623616913821], [-95.3827171294368, 29.7623366330344], [-95.3827987596063, 29.7623128120738], [-95.3828808525167, 29.7622902368552], [-95.3829633834623, 29.7622689112241], [-95.3830463288301, 29.7622488446977], [-95.3831296612907, 29.7622300421792], [-95.3832133573909, 29.7622125086765], [-95.3832973897216, 29.7621962513479], [-95.3833817349098, 29.7621812729467], [-95.3834663655864, 29.7621675795038], [-95.3835512583783, 29.7621551737729], [-95.3836363846248, 29.76214406175], [-95.3837217209927, 29.7621342450618], [-95.3838072389411, 29.7621257263224], [-95.3838929150173, 29.7621185105406], [-95.3839787220923, 29.7621125969837], [-95.3844369289703, 29.7620845274901]]}, "properties": {"centerlineid": 10134674, "roadclass": "MAJOR", "fullname": "MEMORIAL DR", "fromleft": 0, "toleft": 0, "fromright": 2450, "toright": 2598, "onewaydir": "TF"}}, {"type": "Feature", "geometry": {"type": "LineString", "coordinates": [[-95.3814701696218, 29.7736598776463], [-95.382684287041, 29.773652531487]]}, "properties": {"centerlineid": 10134898, "roadclass": "MAJOR", "fullname": "CROCKETT ST", "fromleft": 2301, "toleft": 2399, "fromright": 2300, "toright": 2398, "onewaydir": " "}}, {"type": "Feature", "geometry": {"type": "LineString", "coordinates": [[-95.3724969071878, 29.7647317807243], [-95.372504680036, 29.7649149915153], [-95.3724893649335, 29.7650218008661], [-95.3724510597054, 29.7651094251323], [-95.3723214329666, 29.7654471220048]]}, "properties": {"centerlineid": 10135079, "roadclass": "MAJOR", "fullname": "HOUSTON AVE", "fromleft": 601, "toleft": 699, "fromright": 0, "toright": 0, "onewaydir": "FT"}}, {"type": "Feature", "geometry": {"type": "LineString", "coordinates": [[-95.379424436299, 29.7680295657599], [-95.3794319574576, 29.7686437982454], [-95.3794319991418, 29.7687868394345]]}, "properties": {"centerlineid": 10135162, "roadclass": "LOCAL", "fullname": "HENDERSON ST", "fromleft": 1001, "toleft": 1099, "fromright": 1000, "toright": 1098, "onewaydir": " "}}, {"type": "Feature", "geometry": {"type": "LineString", "coordinates": [[-95.3755562708323, 29.76395552804], [-95.3755334174428, 29.7644171541924], [-95.3755409702642, 29.7646231979298], [-95.3755487255891, 29.7647185366296]]}, "properties": {"centerlineid": 10135166, "roadclass": "LOCAL", "fullname": "SABINE ST", "fromleft": 501, "toleft": 599, "fromright": 500, "toright": 598, "onewaydir": " "}}, {"type": "Feature", "geometry": {"type": "LineString", "coordinates": [[-95.3715280680826, 29.7671561382855], [-95.3720547288027, 29.7672553861103], [-95.3723289721251, 29.7672800202926]]}, "properties": {"centerlineid": 10135219, "roadclass": "MAJOR", "fullname": "WASHINGTON AVE", "fromleft": 1401, "toleft": 1499, "fromright": 1400, "toright": 1498, "onewaydir": " "}}, {"type": "Feature", "geometry": {"type": "LineString", "coordinates": [[-95.3631356925387, 29.764678391885], [-95.36297550338, 29.7646402721338], [-95.3627389004009, 29.7645830058697]]}, "properties": {"centerlineid": 10135295, "roadclass": "LOCAL", "fullname": "FRANKLIN ST", "fromleft": 651, "toleft": 699, "fromright": 650, "toright": 698, "onewaydir": " "}}, {"type": "Feature", "geometry": {"type": "LineString", "coordinates": [[-95.3663018092195, 29.7809347241368], [-95.3660042579803, 29.7810454153238], [-95.3655924282109, 29.7811980353181]]}, "properties": {"centerlineid": 10087380, "roadclass": "LOCAL", "fullname": "MORRIS ST", "fromleft": 301, "toleft": 399, "fromright": 300, "toright": 398, "onewaydir": " "}}, {"type": "Feature", "geometry": {"type": "LineString", "coordinates": [[-95.364058871455, 29.7765935493178], [-95.3629908001556, 29.7769828058476]]}, "properties": {"centerlineid": 10087441, "roadclass": "LOCAL", "fullname": "JAMES ST", "fromleft": 401, "toleft": 499, "fromright": 400, "toright": 498, "onewaydir": " "}}, {"type": "Feature", "geometry": {"type": "LineString", "coordinates": [[-95.3629908001556, 29.7769828058476], [-95.3621819554397, 29.7772725665275]]}, "properties": {"centerlineid": 10087451, "roadclass": "LOCAL", "fullname": "JAMES ST", "fromleft": 501, "toleft": 599, "fromright": 500, "toright": 598, "onewaydir": " "}}, {"type": "Feature", "geometry": {"type": "LineString", "coordinates": [[-95.3793023557979, 29.786010198181], [-95.380751943335, 29.7860045075832]]}, "properties": {"centerlineid": 10087511, "roadclass": "LOCAL", "fullname": "WOODLAND ST", "fromleft": 701, "toleft": 799, "fromright": 700, "toright": 798, "onewaydir": " "}}, {"type": "Feature", "geometry": {"type": "LineString", "coordinates": [[-95.3842634313373, 29.7835037114361], [-95.3857569043992, 29.7834847899173], [-95.3859780146346, 29.7834811691988]]}, "properties": {"centerlineid": 10086154, "roadclass": "LOCAL", "fullname": "E 7TH ST", "fromleft": 1001, "toleft": 1099, "fromright": 1000, "toright": 1098, "onewaydir": " "}}, {"type": "Feature", "geometry": {"type": "LineString", "coordinates": [[-95.3609308451349, 29.7804674669633], [-95.361151949585, 29.7809137585767], [-95.3615106354317, 29.7816366081816]]}, "properties": {"centerlineid": 10094645, "roadclass": "LOCAL", "fullname": "CHESTNUT ST", "fromleft": 2201, "toleft": 2299, "fromright": 2200, "toright": 2298, "onewaydir": " "}}, {"type": "Feature", "geometry": {"type": "LineString", "coordinates": [[-95.3781578828251, 29.7744288715698], [-95.3781731633769, 29.7751382530562]]}, "properties": {"centerlineid": 10087525, "roadclass": "LOCAL", "fullname": "WHITE ST", "fromleft": 1901, "toleft": 1999, "fromright": 1900, "toright": 1998, "onewaydir": " "}}, {"type": "Feature", "geometry": {"type": "LineString", "coordinates": [[-95.365912784469, 29.7800268570304], [-95.365172788383, 29.7802995226149]]}, "properties": {"centerlineid": 10087589, "roadclass": "MAJOR", "fullname": "QUITMAN ST", "fromleft": 401, "toleft": 415, "fromright": 400, "toright": 410, "onewaydir": " "}}, {"type": "Feature", "geometry": {"type": "LineString", "coordinates": [[-95.3770288757975, 29.7744478026727], [-95.3781578828251, 29.7744288715698]]}, "properties": {"centerlineid": 10087698, "roadclass": "LOCAL", "fullname": "SHEARN ST", "fromleft": 1901, "toleft": 1999, "fromright": 1900, "toright": 1998, "onewaydir": " "}}, {"type": "Feature", "geometry": {"type": "LineString", "coordinates": [[-95.3736336881785, 29.77518412038], [-95.3747704227255, 29.7751745438245]]}, "properties": {"centerlineid": 10087742, "roadclass": "LOCAL", "fullname": "SPRING ST", "fromleft": 1601, "toleft": 1699, "fromright": 1600, "toright": 1698, "onewaydir": " "}}, {"type": "Feature", "geometry": {"type": "LineString", "coordinates": [[-95.3645166132311, 29.77577921341], [-95.3645325030623, 29.775787194334], [-95.3645427159616, 29.7757932922481], [-95.3645517224006, 29.7758006970666], [-95.3645593048187, 29.7758092299184], [-95.3645652800543, 29.7758186846832], [-95.3645775025157, 29.7758421747644], [-95.3648065766346, 29.7763208657788]]}, "properties": {"centerlineid": 10087749, "roadclass": "LOCAL", "fullname": "THOMAS ST", "fromleft": 1901, "toleft": 1999, "fromright": 1900, "toright": 1998, "onewaydir": " "}}, {"type": "Feature", "geometry": {"type": "LineString", "coordinates": [[-95.3646920755228, 29.7804713437817], [-95.3647073414331, 29.7805322312737], [-95.3649590378531, 29.7810168842579], [-95.3651192062897, 29.7813600605393]]}, "properties": {"centerlineid": 10087771, "roadclass": "LOCAL", "fullname": "KEENE ST", "fromleft": 2301, "toleft": 2399, "fromright": 2300, "toright": 2398, "onewaydir": " "}}, {"type": "Feature", "geometry": {"type": "LineString", "coordinates": [[-95.3635628198288, 29.7781501464106], [-95.3638300350369, 29.7787242104063]]}, "properties": {"centerlineid": 10087800, "roadclass": "LOCAL", "fullname": "KEENE ST", "fromleft": 2101, "toleft": 2115, "fromright": 2100, "toright": 2114, "onewaydir": " "}}, {"type": "Feature", "geometry": {"type": "LineString", "coordinates": [[-95.3701067720635, 29.7860250828246], [-95.369711943794, 29.7854458884264], [-95.3692926860502, 29.7848296390498], [-95.3689767264042, 29.7842127541993], [-95.3688044054125, 29.7838072190961], [-95.3687279498015, 29.7835058085928], [-95.368659273213, 29.7831491611871], [-95.3686364808177, 29.7829146076188]]}, "properties": {"centerlineid": 10087849, "roadclass": "HIGHWAY", "fullname": "N IH 45", "fromleft": 1501, "toleft": 1799, "fromright": 0, "toright": 0, "onewaydir": "FT"}}, {"type": "Feature", "geometry": {"type": "LineString", "coordinates": [[-95.3671944442279, 29.7605395721236], [-95.366362978853, 29.7600150087263]]}, "properties": {"centerlineid": 10135314, "roadclass": "LOCAL", "fullname": "RUSK ST", "fromleft": 601, "toleft": 699, "fromright": 600, "toright": 698, "onewaydir": "FT"}}, {"type": "Feature", "geometry": {"type": "LineString", "coordinates": [[-95.366362978853, 29.7600150087263], [-95.365500705788, 29.7595114223528]]}, "properties": {"centerlineid": 10135315, "roadclass": "LOCAL", "fullname": "RUSK ST", "fromleft": 701, "toleft": 799, "fromright": 700, "toright": 798, "onewaydir": "FT"}}, {"type": "Feature", "geometry": {"type": "LineString", "coordinates": [[-95.3636620768072, 29.7618041209209], [-95.3642724350033, 29.7610125776371]]}, "properties": {"centerlineid": 10135367, "roadclass": "LOCAL", "fullname": "MILAM ST", "fromleft": 501, "toleft": 599, "fromright": 500, "toright": 598, "onewaydir": "FT"}}, {"type": "Feature", "geometry": {"type": "LineString", "coordinates": [[-95.3771278692428, 29.7647374685567], [-95.3781350254021, 29.7647432035161], [-95.3782418424934, 29.764739532541]]}, "properties": {"centerlineid": 10135377, "roadclass": "LOCAL", "fullname": "STATE ST", "fromleft": 1901, "toleft": 1999, "fromright": 1900, "toright": 1998, "onewaydir": " "}}, {"type": "Feature", "geometry": {"type": "LineString", "coordinates": [[-95.3707404348643, 29.7635544042339], [-95.3705842982422, 29.7633932422809], [-95.3705599017956, 29.7633671515244], [-95.3705549077433, 29.7633605936025], [-95.3705220024378, 29.7633173965391]]}, "properties": {"centerlineid": 10135464, "roadclass": "RAMP", "fullname": "RUSK ST", "fromleft": 0, "toleft": 0, "fromright": 0, "toright": 0, "onewaydir": "FT"}}, {"type": "Feature", "geometry": {"type": "LineString", "coordinates": [[-95.3823784489112, 29.7648153187823], [-95.3823920021739, 29.765522081673]]}, "properties": {"centerlineid": 10134856, "roadclass": "LOCAL", "fullname": "W SAWYER ST", "fromleft": 601, "toleft": 699, "fromright": 600, "toright": 698, "onewaydir": " "}}, {"type": "Feature", "geometry": {"type": "LineString", "coordinates": [[-95.385512785935, 29.7692160454166], [-95.3855127413241, 29.769742433798], [-95.3855127545224, 29.7698549123445], [-95.3855280773589, 29.7701944357937]]}, "properties": {"centerlineid": 10134886, "roadclass": "LOCAL", "fullname": "OLIVER ST", "fromleft": 1101, "toleft": 1199, "fromright": 1100, "toright": 1198, "onewaydir": " "}}, {"type": "Feature", "geometry": {"type": "LineString", "coordinates": [[-95.3723214329666, 29.7654471220048], [-95.3723289555109, 29.7661681133032]]}, "properties": {"centerlineid": 10135074, "roadclass": "MAJOR", "fullname": "HOUSTON AVE", "fromleft": 701, "toleft": 799, "fromright": 700, "toright": 798, "onewaydir": " "}}, {"type": "Feature", "geometry": {"type": "LineString", "coordinates": [[-95.3758462274973, 29.7707571438635], [-95.3769905481767, 29.7707322648285]]}, "properties": {"centerlineid": 10135091, "roadclass": "LOCAL", "fullname": "EDWARDS ST", "fromleft": 1801, "toleft": 1899, "fromright": 1800, "toright": 1898, "onewaydir": " "}}, {"type": "Feature", "geometry": {"type": "LineString", "coordinates": [[-95.3630670373283, 29.7625440685529], [-95.3636620768072, 29.7618041209209]]}, "properties": {"centerlineid": 10135150, "roadclass": "LOCAL", "fullname": "MILAM ST", "fromleft": 401, "toleft": 499, "fromright": 400, "toright": 498, "onewaydir": "FT"}}, {"type": "Feature", "geometry": {"type": "LineString", "coordinates": [[-95.3742440095631, 29.7674803325056], [-95.3746713716591, 29.7675202720935]]}, "properties": {"centerlineid": 10135200, "roadclass": "MAJOR", "fullname": "WASHINGTON AVE", "fromleft": 1615, "toleft": 1699, "fromright": 1614, "toright": 1698, "onewaydir": " "}}, {"type": "Feature", "geometry": {"type": "LineString", "coordinates": [[-95.3647913175949, 29.7635701445599], [-95.3653786475109, 29.7628473314474]]}, "properties": {"centerlineid": 10135226, "roadclass": "LOCAL", "fullname": "SMITH ST", "fromleft": 401, "toleft": 499, "fromright": 400, "toright": 498, "onewaydir": "FT"}}, {"type": "Feature", "geometry": {"type": "LineString", "coordinates": [[-95.3677210461807, 29.7814365083491], [-95.367400479449, 29.7815585789687]]}, "properties": {"centerlineid": 10087415, "roadclass": "LOCAL", "fullname": "CARL ST", "fromleft": 0, "toleft": 0, "fromright": 108, "toright": 198, "onewaydir": " "}}, {"type": "Feature", "geometry": {"type": "LineString", "coordinates": [[-95.3748009800366, 29.7779992962422], [-95.375945521458, 29.7779840119713]]}, "properties": {"centerlineid": 10087438, "roadclass": "LOCAL", "fullname": "DEPELCHIN ST", "fromleft": 1701, "toleft": 1799, "fromright": 1700, "toright": 1798, "onewaydir": " "}}, {"type": "Feature", "geometry": {"type": "LineString", "coordinates": [[-95.3778300039776, 29.7836719113499], [-95.379294606386, 29.7836509206712]]}, "properties": {"centerlineid": 10087457, "roadclass": "LOCAL", "fullname": "TEETSHORN ST", "fromleft": 601, "toleft": 699, "fromright": 600, "toright": 698, "onewaydir": " "}}, {"type": "Feature", "geometry": {"type": "LineString", "coordinates": [[-95.374945876954, 29.7853425624277], [-95.3763879486436, 29.7853140608404]]}, "properties": {"centerlineid": 10087515, "roadclass": "LOCAL", "fullname": "EUCLID ST", "fromleft": 401, "toleft": 499, "fromright": 400, "toright": 498, "onewaydir": " "}}, {"type": "Feature", "geometry": {"type": "LineString", "coordinates": [[-95.3843086561521, 29.7852441161286], [-95.384284278494, 29.785956806195]]}, "properties": {"centerlineid": 10085978, "roadclass": "LOCAL", "fullname": "MICHAUX ST", "fromleft": 3001, "toleft": 3099, "fromright": 3000, "toright": 3098, "onewaydir": " "}}, {"type": "Feature", "geometry": {"type": "LineString", "coordinates": [[-95.3592371307087, 29.7824605127578], [-95.3568902778951, 29.7833163766551], [-95.3561089267681, 29.7833456208388]]}, "properties": {"centerlineid": 10094210, "roadclass": "MAJOR", "fullname": "QUITMAN ST", "fromleft": 1111, "toleft": 1199, "fromright": 1110, "toright": 1198, "onewaydir": " "}}, {"type": "Feature", "geometry": {"type": "LineString", "coordinates": [[-95.3608960687776, 29.7845530303804], [-95.3608010320954, 29.7854400003252], [-95.3607857241402, 29.7855372240243]]}, "properties": {"centerlineid": 10094621, "roadclass": "MAJOR", "fullname": "FULTON ST", "fromleft": 2501, "toleft": 2599, "fromright": 2500, "toright": 2598, "onewaydir": " "}}, {"type": "Feature", "geometry": {"type": "LineString", "coordinates": [[-95.3607476211814, 29.7819170447915], [-95.3613046211192, 29.7830615186364]]}, "properties": {"centerlineid": 10094637, "roadclass": "LOCAL", "fullname": "GENTRY ST", "fromleft": 2301, "toleft": 2399, "fromright": 2300, "toright": 2398, "onewaydir": " "}}, {"type": "Feature", "geometry": {"type": "LineString", "coordinates": [[-95.3616249443036, 29.7837462974317], [-95.3619608498543, 29.7844652700264]]}, "properties": {"centerlineid": 10094639, "roadclass": "LOCAL", "fullname": "GENTRY ST", "fromleft": 2413, "toleft": 2499, "fromright": 2412, "toright": 2498, "onewaydir": " "}}, {"type": "Feature", "geometry": {"type": "LineString", "coordinates": [[-95.360648409932, 29.7835765105119], [-95.3608716188477, 29.7841465738753], [-95.3609067410922, 29.7842744614161], [-95.3609091631799, 29.7843728661404], [-95.3609085483795, 29.7843954245753], [-95.3608960687776, 29.7845530303804]]}, "properties": {"centerlineid": 10094640, "roadclass": "MAJOR", "fullname": "FULTON ST", "fromleft": 2401, "toleft": 2499, "fromright": 2400, "toright": 2498, "onewaydir": " "}}, {"type": "Feature", "geometry": {"type": "LineString", "coordinates": [[-95.3606867425091, 29.786090279048], [-95.3606789687702, 29.7861646819649], [-95.3606102635213, 29.7866568308457]]}, "properties": {"centerlineid": 10094678, "roadclass": "MAJOR", "fullname": "FULTON ST", "fromleft": 2701, "toleft": 2799, "fromright": 2700, "toright": 2798, "onewaydir": " "}}, {"type": "Feature", "geometry": {"type": "LineString", "coordinates": [[-95.3807061120649, 29.782204962036], [-95.3807213930517, 29.7829298786172]]}, "properties": {"centerlineid": 10087626, "roadclass": "LOCAL", "fullname": "WATSON ST", "fromleft": 2601, "toleft": 2699, "fromright": 2600, "toright": 2698, "onewaydir": " "}}, {"type": "Feature", "geometry": {"type": "LineString", "coordinates": [[-95.3690026706589, 29.7737840589946], [-95.3690179839809, 29.774522193809]]}, "properties": {"centerlineid": 10087676, "roadclass": "LOCAL", "fullname": "HOLLY ST", "fromleft": 1801, "toleft": 1899, "fromright": 1800, "toright": 1898, "onewaydir": " "}}, {"type": "Feature", "geometry": {"type": "LineString", "coordinates": [[-95.3622734119549, 29.7813582539795], [-95.3628381746234, 29.7825216762928]]}, "properties": {"centerlineid": 10087763, "roadclass": "LOCAL", "fullname": "EVERETT ST", "fromleft": 2301, "toleft": 2399, "fromright": 2300, "toright": 2398, "onewaydir": " "}}, {"type": "Feature", "geometry": {"type": "LineString", "coordinates": [[-95.3650811077196, 29.783347689949], [-95.3653864048027, 29.7839520879631]]}, "properties": {"centerlineid": 10087776, "roadclass": "MAJOR", "fullname": "N MAIN ST", "fromleft": 2601, "toleft": 2621, "fromright": 2600, "toright": 2620, "onewaydir": " "}}, {"type": "Feature", "geometry": {"type": "LineString", "coordinates": [[-95.3632730324793, 29.7775587220272], [-95.3635628198288, 29.7781501464106]]}, "properties": {"centerlineid": 10087799, "roadclass": "LOCAL", "fullname": "KEENE ST", "fromleft": 2019, "toleft": 2099, "fromright": 2018, "toright": 2098, "onewaydir": " "}}, {"type": "Feature", "geometry": {"type": "LineString", "coordinates": [[-95.3660042466918, 29.7820543761128], [-95.3663782380746, 29.7828650777237]]}, "properties": {"centerlineid": 10087806, "roadclass": "LOCAL", "fullname": "CHURCHILL ST", "fromleft": 2501, "toleft": 2599, "fromright": 2500, "toright": 2598, "onewaydir": " "}}, {"type": "Feature", "geometry": {"type": "LineString", "coordinates": [[-95.3678581781404, 29.7715906362037], [-95.3684457235974, 29.7715753466171], [-95.368926477473, 29.7715657658345], [-95.3689568151595, 29.7716077550465], [-95.3689798882277, 29.7716935535783]]}, "properties": {"centerlineid": 10135439, "roadclass": "LOCAL", "fullname": "BINGHAM ST", "fromleft": 1101, "toleft": 1199, "fromright": 1100, "toright": 1198, "onewaydir": " "}}, {"type": "Feature", "geometry": {"type": "LineString", "coordinates": [[-95.3817438226592, 29.7664407996644], [-95.3816523392809, 29.7665457370341], [-95.3816292501427, 29.7666240074559], [-95.3816217593642, 29.766698418059], [-95.3816217553686, 29.7669329590513]]}, "properties": {"centerlineid": 10135443, "roadclass": "LOCAL", "fullname": "TAYLOR ST", "fromleft": 801, "toleft": 899, "fromright": 800, "toright": 898, "onewaydir": " "}}, {"type": "Feature", "geometry": {"type": "LineString", "coordinates": [[-95.3714822255468, 29.7629006863067], [-95.3720011042675, 29.7626814520406], [-95.3722412867498, 29.7625507636083], [-95.3724359880771, 29.76244482186], [-95.3727029296575, 29.7622846315216]]}, "properties": {"centerlineid": 10135528, "roadclass": "HIGHWAY", "fullname": "S IH 45", "fromleft": 41, "toleft": 49, "fromright": 0, "toright": 0, "onewaydir": "FT"}}, {"type": "Feature", "geometry": {"type": "LineString", "coordinates": [[-95.370070778878, 29.7611499625741], [-95.3703301839449, 29.7612090433247], [-95.3704597701316, 29.7612261367364], [-95.3707116702049, 29.7612489610293], [-95.3709633673949, 29.7612699660671], [-95.3713220357332, 29.7612948435262], [-95.3714525676648, 29.7613233851556], [-95.371546601847, 29.7613582151802], [-95.3716531703796, 29.7614037293969], [-95.3717036119962, 29.7614316896873], [-95.3717455754068, 29.7614549520647], [-95.3718064936026, 29.7615083653119], [-95.3718565202635, 29.7615736654609], [-95.3718963034146, 29.7616325961903], [-95.3719287890809, 29.761700464568], [-95.3719527160393, 29.7617986595959], [-95.3719566223666, 29.7618991424897], [-95.3719366177352, 29.7619859555148], [-95.3719020760074, 29.7620590500666], [-95.3718256222337, 29.7621798939606], [-95.3717492080886, 29.7622656952433], [-95.3715967672069, 29.7624144700588], [-95.3714956726856, 29.7624982940004], [-95.3714094907102, 29.7625670619581], [-95.3713326189877, 29.7626262990561], [-95.3712179349555, 29.7627154169288]]}, "properties": {"centerlineid": 10135536, "roadclass": "RAMP", "fullname": "WALKER IH 45 RAMP", "fromleft": 0, "toleft": 0, "fromright": 0, "toright": 0, "onewaydir": "TF"}}, {"type": "Feature", "geometry": {"type": "LineString", "coordinates": [[-95.3650679632302, 29.770602791435], [-95.3649126590274, 29.7703363423108], [-95.3648091301256, 29.770168740798], [-95.3647074028095, 29.7700274597817], [-95.3646305147548, 29.7699147332875], [-95.3642208269991, 29.7693932996919], [-95.3640645537145, 29.7691908307485], [-95.3640435669707, 29.7691626660213], [-95.3638147377779, 29.7688840504781], [-95.3636490837504, 29.7686844599085], [-95.3635397368152, 29.7685467996442], [-95.3631534039308, 29.7680604247599], [-95.3628798962336, 29.7677160929098], [-95.3626321160015, 29.7674041432856], [-95.3625100485938, 29.7672134104667], [-95.3623804351912, 29.7670130293737], [-95.3622964744988, 29.7668795707916], [-95.3621972376241, 29.7666810849064], [-95.3621443079821, 29.7665089294986], [-95.3620904410938, 29.7662386404928], [-95.3620829010604, 29.7660478997476], [-95.362105747388, 29.7658094675225], [-95.362136307978, 29.7656417168753], [-95.3621819429322, 29.7654699104988], [-95.3622811906123, 29.7652315043154]]}, "properties": {"centerlineid": 10135567, "roadclass": "RAMP", "fullname": "W IH 10 RAMP", "fromleft": 0, "toleft": 0, "fromright": 0, "toright": 0, "onewaydir": "TF"}}, {"type": "Feature", "geometry": {"type": "LineString", "coordinates": [[-95.3613426948447, 29.7615102448831], [-95.3619455489537, 29.7607531646324]]}, "properties": {"centerlineid": 10140573, "roadclass": "MAJOR", "fullname": "MAIN ST", "fromleft": 401, "toleft": 499, "fromright": 400, "toright": 498, "onewaydir": " "}}, {"type": "Feature", "geometry": {"type": "LineString", "coordinates": [[-95.3601525858796, 29.7630017934786], [-95.3607323690506, 29.7622732127702]]}, "properties": {"centerlineid": 10140669, "roadclass": "MAJOR", "fullname": "MAIN ST", "fromleft": 201, "toleft": 299, "fromright": 200, "toright": 298, "onewaydir": " "}}, {"type": "Feature", "geometry": {"type": "LineString", "coordinates": [[-95.3827584746928, 29.7698950742307], [-95.3827813218823, 29.7706656461967]]}, "properties": {"centerlineid": 10134900, "roadclass": "MAJOR", "fullname": "SAWYER ST", "fromleft": 1201, "toleft": 1299, "fromright": 1200, "toright": 1298, "onewaydir": " "}}, {"type": "Feature", "geometry": {"type": "LineString", "coordinates": [[-95.3705848459678, 29.7638992928125], [-95.370841736862, 29.7638855145316], [-95.3720163597078, 29.7638430338238]]}, "properties": {"centerlineid": 10135003, "roadclass": "MAJOR", "fullname": "MEMORIAL DR", "fromleft": 0, "toleft": 0, "fromright": 1400, "toright": 1488, "onewaydir": "TF"}}, {"type": "Feature", "geometry": {"type": "LineString", "coordinates": [[-95.3732751946736, 29.7700723948833], [-95.3733133082507, 29.7700457013685], [-95.373382016988, 29.7700342585591], [-95.3738930817792, 29.7700267363254], [-95.374686661927, 29.7700228563764]]}, "properties": {"centerlineid": 10135095, "roadclass": "LOCAL", "fullname": "DART ST", "fromleft": 1501, "toleft": 1699, "fromright": 1500, "toright": 1698, "onewaydir": " "}}, {"type": "Feature", "geometry": {"type": "LineString", "coordinates": [[-95.3742440003057, 29.768184048126], [-95.3748849839944, 29.7682547463482]]}, "properties": {"centerlineid": 10135204, "roadclass": "LOCAL", "fullname": "CENTER ST", "fromleft": 1701, "toleft": 1799, "fromright": 1700, "toright": 1798, "onewaydir": " "}}, {"type": "Feature", "geometry": {"type": "LineString", "coordinates": [[-95.3739083778857, 29.7661393648453], [-95.3739207803091, 29.7666139662393]]}, "properties": {"centerlineid": 10135212, "roadclass": "LOCAL", "fullname": "TRINITY ST", "fromleft": 801, "toleft": 899, "fromright": 800, "toright": 898, "onewaydir": " "}}, {"type": "Feature", "geometry": {"type": "LineString", "coordinates": [[-95.380523073841, 29.7681326949135], [-95.3805383868575, 29.7686267042785], [-95.3805458908597, 29.768897544252]]}, "properties": {"centerlineid": 10135232, "roadclass": "LOCAL", "fullname": "HEMPHILL ST", "fromleft": 1001, "toleft": 1099, "fromright": 1000, "toright": 1098, "onewaydir": " "}}, {"type": "Feature", "geometry": {"type": "LineString", "coordinates": [[-95.3807594902935, 29.7867159574604], [-95.3807672282527, 29.787402527615]]}, "properties": {"centerlineid": 10087353, "roadclass": "LOCAL", "fullname": "WATSON ST", "fromleft": 3201, "toleft": 3299, "fromright": 3200, "toright": 3298, "onewaydir": " "}}, {"type": "Feature", "geometry": {"type": "LineString", "coordinates": [[-95.3820566602314, 29.7859816800574], [-95.384284278494, 29.785956806195]]}, "properties": {"centerlineid": 10085976, "roadclass": "LOCAL", "fullname": "WOODLAND ST", "fromleft": 901, "toleft": 999, "fromright": 900, "toright": 998, "onewaydir": " "}}, {"type": "Feature", "geometry": {"type": "LineString", "coordinates": [[-95.3830788457193, 29.7806887816569], [-95.3842233661399, 29.7807364575844]]}, "properties": {"centerlineid": 10086147, "roadclass": "LOCAL", "fullname": "USENER ST", "fromleft": 901, "toleft": 999, "fromright": 900, "toright": 998, "onewaydir": " "}}, {"type": "Feature", "geometry": {"type": "LineString", "coordinates": [[-95.3807213930517, 29.7829298786172], [-95.3820107664609, 29.7829221283046]]}, "properties": {"centerlineid": 10086192, "roadclass": "LOCAL", "fullname": "RIDGE ST", "fromleft": 801, "toleft": 899, "fromright": 800, "toright": 898, "onewaydir": " "}}, {"type": "Feature", "geometry": {"type": "LineString", "coordinates": [[-95.3603891614003, 29.7792962430705], [-95.3596261866587, 29.7795729990878]]}, "properties": {"centerlineid": 10094143, "roadclass": "LOCAL", "fullname": "PASCHALL ST", "fromleft": 901, "toleft": 999, "fromright": 900, "toright": 998, "onewaydir": " "}}, {"type": "Feature", "geometry": {"type": "LineString", "coordinates": [[-95.3627389181103, 29.7784551783543], [-95.3619455650645, 29.7787527535515]]}, "properties": {"centerlineid": 10087607, "roadclass": "LOCAL", "fullname": "PASCHALL ST", "fromleft": 601, "toleft": 699, "fromright": 600, "toright": 698, "onewaydir": " "}}, {"type": "Feature", "geometry": {"type": "LineString", "coordinates": [[-95.3638300350369, 29.7787242104063], [-95.3630211420691, 29.7790254188591]]}, "properties": {"centerlineid": 10087612, "roadclass": "LOCAL", "fullname": "MARIE ST", "fromleft": 501, "toleft": 599, "fromright": 500, "toright": 598, "onewaydir": " "}}, {"type": "Feature", "geometry": {"type": "LineString", "coordinates": [[-95.3655999360489, 29.7850336377005], [-95.363929059537, 29.7850374882053]]}, "properties": {"centerlineid": 10087646, "roadclass": "LOCAL", "fullname": "MCINTOSH ST", "fromleft": 601, "toleft": 807, "fromright": 600, "toright": 806, "onewaydir": " "}}, {"type": "Feature", "geometry": {"type": "LineString", "coordinates": [[-95.367400479449, 29.7815585789687], [-95.3667214298232, 29.7818027180263]]}, "properties": {"centerlineid": 10087655, "roadclass": "LOCAL", "fullname": "CARL ST", "fromleft": 201, "toleft": 299, "fromright": 200, "toright": 298, "onewaydir": " "}}, {"type": "Feature", "geometry": {"type": "LineString", "coordinates": [[-95.3700935938226, 29.773019234007], [-95.3701088535376, 29.7736886612234], [-95.3701166444389, 29.773778370548]]}, "properties": {"centerlineid": 10087710, "roadclass": "LOCAL", "fullname": "GOLIAD ST", "fromleft": 1701, "toleft": 1799, "fromright": 1700, "toright": 1798, "onewaydir": " "}}, {"type": "Feature", "geometry": {"type": "LineString", "coordinates": [[-95.3629908001556, 29.7769828058476], [-95.3632730324793, 29.7775587220272]]}, "properties": {"centerlineid": 10087755, "roadclass": "LOCAL", "fullname": "KEENE ST", "fromleft": 2001, "toleft": 2017, "fromright": 2000, "toright": 2016, "onewaydir": " "}}, {"type": "Feature", "geometry": {"type": "LineString", "coordinates": [[-95.3646995965416, 29.7825312900295], [-95.3650811077196, 29.783347689949]]}, "properties": {"centerlineid": 10087804, "roadclass": "MAJOR", "fullname": "N MAIN ST", "fromleft": 2501, "toleft": 2599, "fromright": 2500, "toright": 2598, "onewaydir": " "}}, {"type": "Feature", "geometry": {"type": "LineString", "coordinates": [[-95.3724383995732, 29.7778263672727], [-95.3717604506425, 29.7775201805827], [-95.3714060382176, 29.7773355370088], [-95.3711876147284, 29.7772369326199], [-95.3710980070952, 29.7771956128167], [-95.3710092353365, 29.7771529412417], [-95.3709213274819, 29.7771089299394], [-95.3708343101886, 29.7770635931733], [-95.3707482089015, 29.7770169429178], [-95.3706630502373, 29.776968994564], [-95.3705788595604, 29.7769197623409], [-95.3704956621951, 29.7768692616048], [-95.3704134847975, 29.7768175066196], [-95.3703323500669, 29.7767645137989], [-95.3702522833271, 29.7767102984991], [-95.3701733085691, 29.776654877169], [-95.3700954497438, 29.7765982673844], [-95.3700187308419, 29.7765404855941], [-95.3699431745217, 29.7764815493392], [-95.3698688047336, 29.7764214761956], [-95.3697956415107, 29.7763602847618], [-95.3697237100955, 29.7762979926488], [-95.3696530291483, 29.7762346206747], [-95.3695836226589, 29.7761701852881], [-95.3695155092474, 29.7761047084343], [-95.3692543401303, 29.7757659591358], [-95.3689111895803, 29.775273811217], [-95.3685905862695, 29.7747969272679], [-95.3683389282115, 29.7744249923304], [-95.3682091035324, 29.7742000047858], [-95.3680414083394, 29.7739424067469]]}, "properties": {"centerlineid": 10087845, "roadclass": "HIGHWAY", "fullname": "E IH 10 HWY", "fromleft": 0, "toleft": 0, "fromright": 2, "toright": 98, "onewaydir": "FT"}}, {"type": "Feature", "geometry": {"type": "LineString", "coordinates": [[-95.3805153203013, 29.7654737865502], [-95.3805153589161, 29.7662119244881]]}, "properties": {"centerlineid": 10135321, "roadclass": "LOCAL", "fullname": "HEMPHILL ST", "fromleft": 701, "toleft": 799, "fromright": 700, "toright": 798, "onewaydir": " "}}, {"type": "Feature", "geometry": {"type": "LineString", "coordinates": [[-95.3781470926389, 29.7722702498224], [-95.3781425531449, 29.772943020171]]}, "properties": {"centerlineid": 10135335, "roadclass": "LOCAL", "fullname": "WHITE ST", "fromleft": 1601, "toleft": 1699, "fromright": 1600, "toright": 1698, "onewaydir": " "}}, {"type": "Feature", "geometry": {"type": "LineString", "coordinates": [[-95.3782418424934, 29.764739532541], [-95.3782571243154, 29.7654833863655]]}, "properties": {"centerlineid": 10135378, "roadclass": "LOCAL", "fullname": "WHITE ST", "fromleft": 601, "toleft": 699, "fromright": 600, "toright": 698, "onewaydir": " "}}, {"type": "Feature", "geometry": {"type": "LineString", "coordinates": [[-95.3805230928471, 29.7676633356568], [-95.3816445558227, 29.7676519421968]]}, "properties": {"centerlineid": 10135467, "roadclass": "LOCAL", "fullname": "UNION ST", "fromleft": 2201, "toleft": 2299, "fromright": 2200, "toright": 2298, "onewaydir": " "}}, {"type": "Feature", "geometry": {"type": "LineString", "coordinates": [[-95.3618843833965, 29.7640452311188], [-95.3610145846361, 29.7635341074011]]}, "properties": {"centerlineid": 10140431, "roadclass": "LOCAL", "fullname": "FRANKLIN ST", "fromleft": 801, "toleft": 899, "fromright": 800, "toright": 898, "onewaydir": " "}}, {"type": "Feature", "geometry": {"type": "LineString", "coordinates": [[-95.3619455489537, 29.7607531646324], [-95.3625406305992, 29.759980566693]]}, "properties": {"centerlineid": 10140570, "roadclass": "MAJOR", "fullname": "MAIN ST", "fromleft": 501, "toleft": 599, "fromright": 500, "toright": 598, "onewaydir": " "}}, {"type": "Feature", "geometry": {"type": "LineString", "coordinates": [[-95.3609918035687, 29.7653174868395], [-95.3611213837861, 29.7650389239709], [-95.3612665209078, 29.7648025070663]]}, "properties": {"centerlineid": 10140666, "roadclass": "LOCAL", "fullname": "MILAM ST", "fromleft": 101, "toleft": 109, "fromright": 100, "toright": 108, "onewaydir": "FT"}}, {"type": "Feature", "geometry": {"type": "LineString", "coordinates": [[-95.3828043696578, 29.7729220282739], [-95.3844828132269, 29.7729048960949]]}, "properties": {"centerlineid": 10134860, "roadclass": "LOCAL", "fullname": "SUMMER ST", "fromleft": 2401, "toleft": 2599, "fromright": 2400, "toright": 2598, "onewaydir": " "}}, {"type": "Feature", "geometry": {"type": "LineString", "coordinates": [[-95.3723289721251, 29.7672800202926], [-95.3728631101278, 29.7673354611471], [-95.3731987564983, 29.7673696653591]]}, "properties": {"centerlineid": 10135234, "roadclass": "MAJOR", "fullname": "WASHINGTON AVE", "fromleft": 1501, "toleft": 1599, "fromright": 1500, "toright": 1598, "onewaydir": " "}}, {"type": "Feature", "geometry": {"type": "LineString", "coordinates": [[-95.3705668027308, 29.7686800676734], [-95.3705667794801, 29.7687811492412], [-95.370581872871, 29.7693399535321], [-95.3705894952415, 29.7700697596795]]}, "properties": {"centerlineid": 10135254, "roadclass": "LOCAL", "fullname": "GOLIAD ST", "fromleft": 1211, "toleft": 1299, "fromright": 1210, "toright": 1298, "onewaydir": " "}}, {"type": "Feature", "geometry": {"type": "LineString", "coordinates": [[-95.3721153845097, 29.7848791408302], [-95.3721154028069, 29.7851424752358]]}, "properties": {"centerlineid": 10087398, "roadclass": "MAJOR", "fullname": "HOUSTON AVE", "fromleft": 2907, "toleft": 2999, "fromright": 2906, "toright": 2998, "onewaydir": " "}}, {"type": "Feature", "geometry": {"type": "LineString", "coordinates": [[-95.363929059537, 29.7850374882053], [-95.3629908292566, 29.7850507343651]]}, "properties": {"centerlineid": 10087444, "roadclass": "LOCAL", "fullname": "MCINTOSH ST", "fromleft": 809, "toleft": 899, "fromright": 808, "toright": 898, "onewaydir": " "}}, {"type": "Feature", "geometry": {"type": "LineString", "coordinates": [[-95.3759302162058, 29.7837195907456], [-95.3759377615771, 29.7840264822382]]}, "properties": {"centerlineid": 10087454, "roadclass": "LOCAL", "fullname": "N SABINE ST", "fromleft": 2801, "toleft": 2899, "fromright": 2800, "toright": 2898, "onewaydir": " "}}, {"type": "Feature", "geometry": {"type": "LineString", "coordinates": [[-95.374945876954, 29.7853425624277], [-95.3749689149125, 29.7860446646554]]}, "properties": {"centerlineid": 10087514, "roadclass": "LOCAL", "fullname": "FLORENCE ST", "fromleft": 3001, "toleft": 3099, "fromright": 3000, "toright": 3098, "onewaydir": " "}}, {"type": "Feature", "geometry": {"type": "LineString", "coordinates": [[-95.3603052222763, 29.7733569373242], [-95.3604195318597, 29.7736067712956], [-95.3607401096969, 29.7742819324762]]}, "properties": {"centerlineid": 10094675, "roadclass": "MAJOR", "fullname": "N MAIN ST", "fromleft": 1601, "toleft": 1699, "fromright": 1600, "toright": 1698, "onewaydir": " "}}, {"type": "Feature", "geometry": {"type": "LineString", "coordinates": [[-95.3781731633769, 29.7751382530562], [-95.3781884145032, 29.7767539303392], [-95.3781808987336, 29.7772899322946]]}, "properties": {"centerlineid": 10087526, "roadclass": "LOCAL", "fullname": "WHITE ST", "fromleft": 2001, "toleft": 2299, "fromright": 2000, "toright": 2298, "onewaydir": " "}}, {"type": "Feature", "geometry": {"type": "LineString", "coordinates": [[-95.3660576644074, 29.7779078248779], [-95.3656533519017, 29.7780698132389]]}, "properties": {"centerlineid": 10087595, "roadclass": "LOCAL", "fullname": "MARIE ST", "fromleft": 201, "toleft": 299, "fromright": 200, "toright": 298, "onewaydir": " "}}, {"type": "Feature", "geometry": {"type": "LineString", "coordinates": [[-95.3759224810837, 29.7759297918009], [-95.3759302414087, 29.7766012909845]]}, "properties": {"centerlineid": 10087731, "roadclass": "LOCAL", "fullname": "SABINE ST", "fromleft": 2101, "toleft": 2199, "fromright": 2100, "toright": 2198, "onewaydir": " "}}, {"type": "Feature", "geometry": {"type": "LineString", "coordinates": [[-95.364287746737, 29.7816596402852], [-95.3644326451008, 29.7819629104802]]}, "properties": {"centerlineid": 10087752, "roadclass": "MAJOR", "fullname": "N MAIN ST", "fromleft": 2327, "toleft": 2399, "fromright": 2326, "toright": 2398, "onewaydir": " "}}, {"type": "Feature", "geometry": {"type": "LineString", "coordinates": [[-95.3665537304174, 29.7797922957879], [-95.3669733015102, 29.7806810339431]]}, "properties": {"centerlineid": 10087779, "roadclass": "LOCAL", "fullname": "THOMAS ST", "fromleft": 2301, "toleft": 2399, "fromright": 2300, "toright": 2398, "onewaydir": " "}}, {"type": "Feature", "geometry": {"type": "LineString", "coordinates": [[-95.3737710043093, 29.7681363617452], [-95.3742440003057, 29.768184048126]]}, "properties": {"centerlineid": 10135345, "roadclass": "LOCAL", "fullname": "CENTER ST", "fromleft": 1521, "toleft": 1599, "fromright": 1520, "toright": 1598, "onewaydir": " "}}, {"type": "Feature", "geometry": {"type": "LineString", "coordinates": [[-95.3636620768072, 29.7618041209209], [-95.3628000619336, 29.7612738216461]]}, "properties": {"centerlineid": 10135347, "roadclass": "MAJOR", "fullname": "PRAIRIE ST", "fromleft": 801, "toleft": 899, "fromright": 800, "toright": 898, "onewaydir": "TF"}}, {"type": "Feature", "geometry": {"type": "LineString", "coordinates": [[-95.3612131175557, 29.7716994748839], [-95.3611997945572, 29.7716852613093], [-95.3611804246431, 29.7716695017524], [-95.3611569445102, 29.7716588099913], [-95.359974325288, 29.7712864992913], [-95.359941899512, 29.7712785071655], [-95.3599085039157, 29.7712745971866], [-95.3598748101587, 29.7712748479932], [-95.3598414958973, 29.7712792545408], [-95.3597561169373, 29.7712960227737], [-95.3596236745818, 29.771325768262], [-95.3596021676289, 29.7713293887508], [-95.3595803144196, 29.7713306851725], [-95.359558443656, 29.7713296380273], [-95.3595368843039, 29.7713262630656], [-95.3595159606452, 29.7713206110514], [-95.3594959874001, 29.7713127669987], [-95.3594772649928, 29.7713028488925], [-95.3594600750334, 29.7712910059147], [-95.3594177576853, 29.771257981091], [-95.3590673945161, 29.7705455500353], [-95.3588392733737, 29.7702701744459]]}, "properties": {"centerlineid": 10140404, "roadclass": "LOCAL", "fullname": "DALY PL", "fromleft": 1, "toleft": 599, "fromright": 2, "toright": 598, "onewaydir": " "}}, {"type": "Feature", "geometry": {"type": "LineString", "coordinates": [[-95.367392924833, 29.7691932145142], [-95.3673698677569, 29.7692523183332], [-95.3671487819039, 29.769973113529]]}, "properties": {"centerlineid": 10135004, "roadclass": "LOCAL", "fullname": "ELDER ST", "fromleft": 1201, "toleft": 1299, "fromright": 1200, "toright": 1298, "onewaydir": " "}}, {"type": "Feature", "geometry": {"type": "LineString", "coordinates": [[-95.3746408291862, 29.7654528160489], [-95.3752892808789, 29.7654584943682], [-95.3754341943061, 29.7654719973291], [-95.3755945933339, 29.7654908961868]]}, "properties": {"centerlineid": 10135131, "roadclass": "LOCAL", "fullname": "LUBBOCK ST", "fromleft": 1701, "toleft": 1799, "fromright": 1700, "toright": 1798, "onewaydir": " "}}, {"type": "Feature", "geometry": {"type": "LineString", "coordinates": [[-95.3651344972035, 29.7615312396622], [-95.3657601415079, 29.7607606656729]]}, "properties": {"centerlineid": 10135267, "roadclass": "MAJOR", "fullname": "LOUISIANA ST", "fromleft": 601, "toleft": 699, "fromright": 600, "toright": 698, "onewaydir": "TF"}}, {"type": "Feature", "geometry": {"type": "LineString", "coordinates": [[-95.3793632942817, 29.76398406579], [-95.3793786090431, 29.7642225076465], [-95.3793938554858, 29.7647317748972]]}, "properties": {"centerlineid": 10135275, "roadclass": "LOCAL", "fullname": "HENDERSON ST", "fromleft": 501, "toleft": 599, "fromright": 500, "toright": 598, "onewaydir": " "}}, {"type": "Feature", "geometry": {"type": "LineString", "coordinates": [[-95.3642571861379, 29.7648958248708], [-95.3631356925387, 29.764678391885]]}, "properties": {"centerlineid": 10135293, "roadclass": "LOCAL", "fullname": "FRANKLIN ST", "fromleft": 601, "toleft": 649, "fromright": 600, "toright": 648, "onewaydir": " "}}, {"type": "Feature", "geometry": {"type": "LineString", "coordinates": [[-95.3698199932845, 29.7845090626575], [-95.3698081597059, 29.7845338187865], [-95.3697972712953, 29.7845705419353], [-95.3697940779916, 29.7846218047926], [-95.3697934918543, 29.7846767185474], [-95.3697882685416, 29.7848234577784], [-95.3697950294541, 29.7848642426295], [-95.3698150009555, 29.7849185193857], [-95.369844673165, 29.7849694774706], [-95.3698850749756, 29.7850266963002], [-95.36994291523, 29.7850939412338], [-95.3700138387699, 29.7851782582416], [-95.3700826161095, 29.7852624753318]]}, "properties": {"centerlineid": 10087400, "roadclass": "LOCAL", "fullname": "ADA ST", "fromleft": 2901, "toleft": 2999, "fromright": 2900, "toright": 2998, "onewaydir": " "}}, {"type": "Feature", "geometry": {"type": "LineString", "coordinates": [[-95.3645166132311, 29.77577921341], [-95.3645001631877, 29.7757757002739], [-95.3644861091573, 29.7757732118514], [-95.3644718727114, 29.7757717069457], [-95.3644575441402, 29.7757711951013], [-95.3644432143181, 29.7757716795645], [-95.3644289741278, 29.7757731572625], [-95.3644149138831, 29.7757756188237], [-95.364401122757, 29.7757790486362], [-95.3643876882153, 29.7757834249477], [-95.363768861927, 29.7760098884549]]}, "properties": {"centerlineid": 10087468, "roadclass": "LOCAL", "fullname": "GARGAN ST", "fromleft": 301, "toleft": 399, "fromright": 300, "toright": 398, "onewaydir": " "}}, {"type": "Feature", "geometry": {"type": "LineString", "coordinates": [[-95.3749458894705, 29.7846235928274], [-95.374945876954, 29.7853425624277]]}, "properties": {"centerlineid": 10087513, "roadclass": "LOCAL", "fullname": "FLORENCE ST", "fromleft": 2901, "toleft": 2999, "fromright": 2900, "toright": 2998, "onewaydir": " "}}, {"type": "Feature", "geometry": {"type": "LineString", "coordinates": [[-95.3603052222763, 29.7733569373242], [-95.3595116372205, 29.7736410017578]]}, "properties": {"centerlineid": 10094385, "roadclass": "LOCAL", "fullname": "BROOKS ST", "fromleft": 601, "toleft": 699, "fromright": 600, "toright": 698, "onewaydir": " "}}, {"type": "Feature", "geometry": {"type": "LineString", "coordinates": [[-95.359145419215, 29.7841392068271], [-95.3576883218839, 29.7846617319772]]}, "properties": {"centerlineid": 10094389, "roadclass": "LOCAL", "fullname": "MORRIS ST", "fromleft": 1219, "toleft": 1261, "fromright": 1218, "toright": 1260, "onewaydir": " "}}, {"type": "Feature", "geometry": {"type": "LineString", "coordinates": [[-95.3613046211192, 29.7830615186364], [-95.3616249443036, 29.7837462974317]]}, "properties": {"centerlineid": 10094661, "roadclass": "LOCAL", "fullname": "GENTRY ST", "fromleft": 2401, "toleft": 2411, "fromright": 2400, "toright": 2410, "onewaydir": " "}}, {"type": "Feature", "geometry": {"type": "LineString", "coordinates": [[-95.3705963613351, 29.785158208411], [-95.3706124644648, 29.7858518750211]]}, "properties": {"centerlineid": 10087551, "roadclass": "LOCAL", "fullname": "EUNICE ST", "fromleft": 3001, "toleft": 3199, "fromright": 3000, "toright": 3198, "onewaydir": " "}}, {"type": "Feature", "geometry": {"type": "LineString", "coordinates": [[-95.3666298983514, 29.7783846999], [-95.3659355823812, 29.7786477699433]]}, "properties": {"centerlineid": 10087577, "roadclass": "LOCAL", "fullname": "HENRY ST", "fromleft": 201, "toleft": 299, "fromright": 200, "toright": 298, "onewaydir": " "}}, {"type": "Feature", "geometry": {"type": "LineString", "coordinates": [[-95.3808128802283, 29.7805742558536], [-95.3807519574937, 29.7810663908336]]}, "properties": {"centerlineid": 10087587, "roadclass": "LOCAL", "fullname": "WATSON ST", "fromleft": 2401, "toleft": 2449, "fromright": 2400, "toright": 2448, "onewaydir": " "}}, {"type": "Feature", "geometry": {"type": "LineString", "coordinates": [[-95.3661875004789, 29.7791801069084], [-95.3661721929743, 29.7792296049364], [-95.3661188032901, 29.7792658829629], [-95.3656152371136, 29.7794566252447], [-95.3655465658484, 29.7794833252176]]}, "properties": {"centerlineid": 10087591, "roadclass": "LOCAL", "fullname": "WINNIE ST", "fromleft": 301, "toleft": 399, "fromright": 300, "toright": 398, "onewaydir": " "}}, {"type": "Feature", "geometry": {"type": "LineString", "coordinates": [[-95.3807519574937, 29.7810663908336], [-95.3807213850871, 29.7814440284334], [-95.3807138585042, 29.7815013194562]]}, "properties": {"centerlineid": 10087658, "roadclass": "LOCAL", "fullname": "WATSON ST", "fromleft": 2451, "toleft": 2499, "fromright": 2450, "toright": 2498, "onewaydir": " "}}, {"type": "Feature", "geometry": {"type": "LineString", "coordinates": [[-95.3749458894705, 29.7846235928274], [-95.3764032339545, 29.7846122063627]]}, "properties": {"centerlineid": 10087666, "roadclass": "LOCAL", "fullname": "BYRNE ST", "fromleft": 401, "toleft": 499, "fromright": 400, "toright": 498, "onewaydir": " "}}, {"type": "Feature", "geometry": {"type": "LineString", "coordinates": [[-95.3758843474014, 29.7737060232649], [-95.3770210963315, 29.773700104658]]}, "properties": {"centerlineid": 10087704, "roadclass": "MAJOR", "fullname": "CROCKETT ST", "fromleft": 1801, "toleft": 1899, "fromright": 1800, "toright": 1898, "onewaydir": " "}}, {"type": "Feature", "geometry": {"type": "LineString", "coordinates": [[-95.367232727091, 29.7663435823577], [-95.3681557361694, 29.7665553222304]]}, "properties": {"centerlineid": 10135363, "roadclass": "MAJOR", "fullname": "WASHINGTON AVE", "fromleft": 901, "toleft": 999, "fromright": 900, "toright": 998, "onewaydir": " "}}, {"type": "Feature", "geometry": {"type": "LineString", "coordinates": [[-95.3810570258134, 29.7640203294638], [-95.3812477874331, 29.7642969097897], [-95.3813241953716, 29.7644876476979], [-95.3813546021265, 29.7648186895118]]}, "properties": {"centerlineid": 10135437, "roadclass": "MAJOR", "fullname": "SAWYER ST", "fromleft": 501, "toleft": 599, "fromright": 500, "toright": 598, "onewaydir": " "}}, {"type": "Feature", "geometry": {"type": "LineString", "coordinates": [[-95.3689721010917, 29.7708143961081], [-95.3689798882277, 29.7716935535783]]}, "properties": {"centerlineid": 10135501, "roadclass": "LOCAL", "fullname": "HOLLY ST", "fromleft": 1401, "toleft": 1499, "fromright": 1400, "toright": 1498, "onewaydir": " "}}, {"type": "Feature", "geometry": {"type": "LineString", "coordinates": [[-95.3751394535659, 29.7675796634822], [-95.3756326725691, 29.7676348427693]]}, "properties": {"centerlineid": 10135519, "roadclass": "MAJOR", "fullname": "WASHINGTON AVE", "fromleft": 1711, "toleft": 1799, "fromright": 1710, "toright": 1798, "onewaydir": " "}}, {"type": "Feature", "geometry": {"type": "LineString", "coordinates": [[-95.3656380430725, 29.7720483704317], [-95.365864549428, 29.7724321550204], [-95.3662077101951, 29.7729933374548], [-95.3666665190564, 29.7738064911014]]}, "properties": {"centerlineid": 10135583, "roadclass": "HIGHWAY", "fullname": "N IH 45", "fromleft": 0, "toleft": 0, "fromright": 950, "toright": 998, "onewaydir": "TF"}}, {"type": "Feature", "geometry": {"type": "LineString", "coordinates": [[-95.3607170582871, 29.7721170344628], [-95.3598652495895, 29.7724133071323]]}, "properties": {"centerlineid": 10140537, "roadclass": "LOCAL", "fullname": "TRENTHAM PL", "fromleft": 551, "toleft": 599, "fromright": 550, "toright": 598, "onewaydir": " "}}, {"type": "Feature", "geometry": {"type": "LineString", "coordinates": [[-95.3691563652267, 29.7623597563039], [-95.3687506563069, 29.761687239707]]}, "properties": {"centerlineid": 10135013, "roadclass": "LOCAL", "fullname": "RUSK ST", "fromleft": 301, "toleft": 399, "fromright": 300, "toright": 398, "onewaydir": "FT"}}, {"type": "Feature", "geometry": {"type": "LineString", "coordinates": [[-95.3723214329666, 29.7654471220048], [-95.3728250003459, 29.7654414020742], [-95.3738777927167, 29.7654279367227], [-95.3738930726579, 29.7654375136407]]}, "properties": {"centerlineid": 10135025, "roadclass": "LOCAL", "fullname": "LUBBOCK ST", "fromleft": 1501, "toleft": 1599, "fromright": 1500, "toright": 1598, "onewaydir": " "}}, {"type": "Feature", "geometry": {"type": "LineString", "coordinates": [[-95.3758615167126, 29.7714913679085], [-95.3769982755474, 29.7714799609511]]}, "properties": {"centerlineid": 10135088, "roadclass": "LOCAL", "fullname": "BINGHAM ST", "fromleft": 1801, "toleft": 1899, "fromright": 1800, "toright": 1898, "onewaydir": " "}}, {"type": "Feature", "geometry": {"type": "LineString", "coordinates": [[-95.3758462274973, 29.7707571438635], [-95.3758615167126, 29.7714913679085]]}, "properties": {"centerlineid": 10135089, "roadclass": "LOCAL", "fullname": "SABINE ST", "fromleft": 1401, "toleft": 1499, "fromright": 1400, "toright": 1498, "onewaydir": " "}}, {"type": "Feature", "geometry": {"type": "LineString", "coordinates": [[-95.3755945568422, 29.7662481994255], [-95.3771356443464, 29.7662329342134]]}, "properties": {"centerlineid": 10135116, "roadclass": "LOCAL", "fullname": "KANE ST", "fromleft": 1801, "toleft": 1899, "fromright": 1800, "toright": 1898, "onewaydir": " "}}, {"type": "Feature", "geometry": {"type": "LineString", "coordinates": [[-95.3661341212065, 29.7660802764893], [-95.366317094402, 29.7653442143899]]}, "properties": {"centerlineid": 10135290, "roadclass": "MAJOR", "fullname": "BAGBY ST", "fromleft": 101, "toleft": 199, "fromright": 100, "toright": 198, "onewaydir": " "}}, {"type": "Feature", "geometry": {"type": "LineString", "coordinates": [[-95.3653786475109, 29.7628473314474], [-95.3645166161554, 29.7623170445298]]}, "properties": {"centerlineid": 10135304, "roadclass": "MAJOR", "fullname": "PRAIRIE ST", "fromleft": 601, "toleft": 699, "fromright": 600, "toright": 698, "onewaydir": "TF"}}, {"type": "Feature", "geometry": {"type": "LineString", "coordinates": [[-95.3749689357658, 29.7867732168625], [-95.3749611592216, 29.787467553884]]}, "properties": {"centerlineid": 10087383, "roadclass": "LOCAL", "fullname": "FLORENCE ST", "fromleft": 3201, "toleft": 3299, "fromright": 3200, "toright": 3298, "onewaydir": " "}}, {"type": "Feature", "geometry": {"type": "LineString", "coordinates": [[-95.3741372442231, 29.7853539959508], [-95.374945876954, 29.7853425624277]]}, "properties": {"centerlineid": 10087396, "roadclass": "LOCAL", "fullname": "EUCLID ST", "fromleft": 301, "toleft": 399, "fromright": 300, "toright": 398, "onewaydir": " "}}, {"type": "Feature", "geometry": {"type": "LineString", "coordinates": [[-95.3724359893803, 29.7806677746005], [-95.3723826099068, 29.7808432350647], [-95.3723289622279, 29.7809842653919]]}, "properties": {"centerlineid": 10087410, "roadclass": "MAJOR", "fullname": "HOUSTON AVE", "fromleft": 2501, "toleft": 2599, "fromright": 2500, "toright": 2598, "onewaydir": " "}}, {"type": "Feature", "geometry": {"type": "LineString", "coordinates": [[-95.3646920755228, 29.7804713437817], [-95.3638603708671, 29.7807764036227]]}, "properties": {"centerlineid": 10087417, "roadclass": "MAJOR", "fullname": "QUITMAN ST", "fromleft": 501, "toleft": 599, "fromright": 500, "toright": 598, "onewaydir": " "}}, {"type": "Feature", "geometry": {"type": "LineString", "coordinates": [[-95.3611214134338, 29.7730384080228], [-95.3611825148898, 29.7730878872268], [-95.3617242364614, 29.7735189270479]]}, "properties": {"centerlineid": 10094622, "roadclass": "LOCAL", "fullname": "KEENE ST", "fromleft": 1601, "toleft": 1699, "fromright": 1600, "toright": 1698, "onewaydir": " "}}, {"type": "Feature", "geometry": {"type": "LineString", "coordinates": [[-95.3587335628375, 29.7739310199201], [-95.3591606873164, 29.7748521343556]]}, "properties": {"centerlineid": 10094634, "roadclass": "LOCAL", "fullname": "EVERETT ST", "fromleft": 1601, "toleft": 1699, "fromright": 1600, "toright": 1698, "onewaydir": " "}}, {"type": "Feature", "geometry": {"type": "LineString", "coordinates": [[-95.3638603708671, 29.7807764036227], [-95.3630745247861, 29.7810739106673]]}, "properties": {"centerlineid": 10087544, "roadclass": "MAJOR", "fullname": "QUITMAN ST", "fromleft": 601, "toleft": 699, "fromright": 600, "toright": 698, "onewaydir": " "}}, {"type": "Feature", "geometry": {"type": "LineString", "coordinates": [[-95.379813458282, 29.7808375310729], [-95.3802330829624, 29.7813600412309]]}, "properties": {"centerlineid": 10087564, "roadclass": "LOCAL", "fullname": "GREENLEAF ST", "fromleft": 2611, "toleft": 2699, "fromright": 2610, "toright": 2698, "onewaydir": " "}}, {"type": "Feature", "geometry": {"type": "LineString", "coordinates": [[-95.3669808273601, 29.7862390775311], [-95.3663629808358, 29.7868838981457]]}, "properties": {"centerlineid": 10087644, "roadclass": "LOCAL", "fullname": "GLEN PARK ST", "fromleft": 101, "toleft": 199, "fromright": 100, "toright": 198, "onewaydir": " "}}, {"type": "Feature", "geometry": {"type": "LineString", "coordinates": [[-95.3742745930845, 29.7837481232516], [-95.3742593233754, 29.784095147278], [-95.3742125075035, 29.7843310006192], [-95.3742049005635, 29.784363948781], [-95.3741952454999, 29.7843964861332], [-95.374144791349, 29.7845492198587], [-95.3741372018815, 29.784634946858]]}, "properties": {"centerlineid": 10087663, "roadclass": "LOCAL", "fullname": "BEAUCHAMP ST", "fromleft": 2801, "toleft": 2899, "fromright": 2800, "toright": 2898, "onewaydir": " "}}, {"type": "Feature", "geometry": {"type": "LineString", "coordinates": [[-95.3748009800366, 29.7779992962422], [-95.3748087376859, 29.7783616439781], [-95.3748087719288, 29.7784056949208], [-95.3748238193506, 29.7784399200019]]}, "properties": {"centerlineid": 10087674, "roadclass": "LOCAL", "fullname": "COLORADO ST", "fromleft": 2401, "toleft": 2499, "fromright": 2400, "toright": 2498, "onewaydir": " "}}, {"type": "Feature", "geometry": {"type": "LineString", "coordinates": [[-95.3682321567213, 29.7814383107326], [-95.3683236503977, 29.7829317168224], [-95.36841514357, 29.7834143005677], [-95.3685219176344, 29.7837672818626], [-95.3686157476386, 29.784052451092], [-95.3687357080455, 29.7843317938539], [-95.368992047197, 29.7848209756345], [-95.3694803267834, 29.7855685826912], [-95.3700041128977, 29.7863037522601]]}, "properties": {"centerlineid": 10087850, "roadclass": "HIGHWAY", "fullname": "N IH 45", "fromleft": 0, "toleft": 0, "fromright": 1400, "toright": 1798, "onewaydir": "TF"}}, {"type": "Feature", "geometry": {"type": "LineString", "coordinates": [[-95.3794319991418, 29.7687868394345], [-95.379431995177, 29.7694449208062]]}, "properties": {"centerlineid": 10135341, "roadclass": "LOCAL", "fullname": "HENDERSON ST", "fromleft": 1101, "toleft": 1199, "fromright": 1100, "toright": 1198, "onewaydir": " "}}, {"type": "Feature", "geometry": {"type": "LineString", "coordinates": [[-95.3746636535707, 29.766604832331], [-95.3750667513263, 29.766600726503]]}, "properties": {"centerlineid": 10135355, "roadclass": "LOCAL", "fullname": "BISMARK ST", "fromleft": 1701, "toleft": 1799, "fromright": 1700, "toright": 1798, "onewaydir": " "}}, {"type": "Feature", "geometry": {"type": "LineString", "coordinates": [[-95.3689951522311, 29.7730306450535], [-95.3700935938226, 29.773019234007]]}, "properties": {"centerlineid": 10135425, "roadclass": "LOCAL", "fullname": "SUMMER ST", "fromleft": 1201, "toleft": 1299, "fromright": 1200, "toright": 1298, "onewaydir": " "}}, {"type": "Feature", "geometry": {"type": "LineString", "coordinates": [[-95.366576503405, 29.7646535323503], [-95.3672630768421, 29.7635302337079]]}, "properties": {"centerlineid": 10135509, "roadclass": "MAJOR", "fullname": "BAGBY ST", "fromleft": 401, "toleft": 499, "fromright": 400, "toright": 498, "onewaydir": " "}}, {"type": "Feature", "geometry": {"type": "LineString", "coordinates": [[-95.3680414083394, 29.7739424067469], [-95.3679461150996, 29.7737763604766], [-95.3672861179512, 29.7726263317001], [-95.366996120782, 29.7721095230779], [-95.3666680275605, 29.7715201357665], [-95.3663018180616, 29.7708543098589], [-95.3661950962613, 29.7706760546808], [-95.365981439777, 29.7703089970585], [-95.3657845095329, 29.7700519895508], [-95.3656305470527, 29.7698510521241], [-95.3654390969351, 29.7696021092597], [-95.3653038952126, 29.7694373737939], [-95.3652780793625, 29.7694082839233], [-95.365035465406, 29.7691893426504], [-95.3649590003521, 29.7691281918163]]}, "properties": {"centerlineid": 10135523, "roadclass": "HIGHWAY", "fullname": "E IH 10", "fromleft": 0, "toleft": 0, "fromright": 100, "toright": 298, "onewaydir": "FT"}}, {"type": "Feature", "geometry": {"type": "MultiLineString", "coordinates": [[[-95.3712067049352, 29.7615408747171], [-95.3713373524984, 29.7615289823401], [-95.3714246839155, 29.761514514304], [-95.3715220217166, 29.7614935582628], [-95.3716190109145, 29.7614581507609], [-95.3717036119962, 29.7614316896873], [-95.3718817218564, 29.7613604785503]], [[-95.3718817218564, 29.7613604785503], [-95.3719545806512, 29.7613234222315], [-95.372037322874, 29.7612856235813], [-95.3721129015771, 29.7612399761013], [-95.3722299746769, 29.7611631762224], [-95.3726114634939, 29.7608866305867]]]}, "properties": {"centerlineid": 10135578, "roadclass": "RAMP", "fullname": "WALKER SABINE RAMP", "fromleft": 0, "toleft": 0, "fromright": 0, "toright": 0, "onewaydir": "TF"}}, {"type": "Feature", "geometry": {"type": "LineString", "coordinates": [[-95.3827432101468, 29.7683138661552], [-95.3827507574304, 29.769097838875]]}, "properties": {"centerlineid": 10134854, "roadclass": "MAJOR", "fullname": "SAWYER ST", "fromleft": 1001, "toleft": 1099, "fromright": 1000, "toright": 1098, "onewaydir": " "}}, {"type": "Feature", "geometry": {"type": "LineString", "coordinates": [[-95.3712152603366, 29.7730039305323], [-95.3712152557873, 29.7737594206247]]}, "properties": {"centerlineid": 10135208, "roadclass": "LOCAL", "fullname": "HICKORY ST", "fromleft": 1701, "toleft": 1799, "fromright": 1700, "toright": 1798, "onewaydir": " "}}, {"type": "Feature", "geometry": {"type": "LineString", "coordinates": [[-95.367850626949, 29.7700972677901], [-95.3687109418605, 29.7700978689364], [-95.3689584437267, 29.7700933481605]]}, "properties": {"centerlineid": 10135280, "roadclass": "LOCAL", "fullname": "DART ST", "fromleft": 1101, "toleft": 1199, "fromright": 1100, "toright": 1198, "onewaydir": " "}}, {"type": "Feature", "geometry": {"type": "LineString", "coordinates": [[-95.3633339972126, 29.7638238959683], [-95.3624794934553, 29.7632993349698]]}, "properties": {"centerlineid": 10135297, "roadclass": "LOCAL", "fullname": "CONGRESS ST", "fromleft": 701, "toleft": 799, "fromright": 700, "toright": 798, "onewaydir": "TF"}}, {"type": "Feature", "geometry": {"type": "LineString", "coordinates": [[-95.3661035410351, 29.7632345278639], [-95.3653786475109, 29.7628473314474]]}, "properties": {"centerlineid": 10135300, "roadclass": "MAJOR", "fullname": "PRAIRIE ST", "fromleft": 551, "toleft": 599, "fromright": 550, "toright": 598, "onewaydir": "TF"}}, {"type": "Feature", "geometry": {"type": "LineString", "coordinates": [[-95.3674385461585, 29.7796663568276], [-95.3674844016242, 29.7797503074355], [-95.3678125341049, 29.780387370465], [-95.3681023385693, 29.7810376754753], [-95.3681253542024, 29.7811026789038], [-95.3682321567213, 29.7814383107326]]}, "properties": {"centerlineid": 10087374, "roadclass": "LOCAL", "fullname": "SOUTH ST", "fromleft": 2305, "toleft": 2499, "fromright": 0, "toright": 0, "onewaydir": "TF"}}, {"type": "Feature", "geometry": {"type": "LineString", "coordinates": [[-95.3843192749408, 29.7866785776894], [-95.38434209788, 29.7873765305559]]}, "properties": {"centerlineid": 10086001, "roadclass": "LOCAL", "fullname": "MICHAUX ST", "fromleft": 3201, "toleft": 3299, "fromright": 3200, "toright": 3298, "onewaydir": " "}}, {"type": "Feature", "geometry": {"type": "LineString", "coordinates": [[-95.3807138585042, 29.7815013194562], [-95.3820032225421, 29.7814782655537]]}, "properties": {"centerlineid": 10086118, "roadclass": "LOCAL", "fullname": "SLEDGE ST", "fromleft": 801, "toleft": 899, "fromright": 800, "toright": 898, "onewaydir": " "}}, {"type": "Feature", "geometry": {"type": "LineString", "coordinates": [[-95.3842233661399, 29.7807364575844], [-95.3853906979036, 29.7807859936666]]}, "properties": {"centerlineid": 10086125, "roadclass": "LOCAL", "fullname": "USENER ST", "fromleft": 1001, "toleft": 1029, "fromright": 1000, "toright": 1028, "onewaydir": " "}}, {"type": "Feature", "geometry": {"type": "LineString", "coordinates": [[-95.3820107664609, 29.7829221283046], [-95.3820107524868, 29.7836260254299]]}, "properties": {"centerlineid": 10086193, "roadclass": "LOCAL", "fullname": "JULIAN ST", "fromleft": 2701, "toleft": 2799, "fromright": 2700, "toright": 2798, "onewaydir": " "}}, {"type": "Feature", "geometry": {"type": "LineString", "coordinates": [[-95.3635628198288, 29.7781501464106], [-95.3627389181103, 29.7784551783543]]}, "properties": {"centerlineid": 10087616, "roadclass": "LOCAL", "fullname": "PASCHALL ST", "fromleft": 501, "toleft": 599, "fromright": 500, "toright": 598, "onewaydir": " "}}, {"type": "Feature", "geometry": {"type": "LineString", "coordinates": [[-95.3792795502318, 29.7829469882834], [-95.3807213930517, 29.7829298786172]]}, "properties": {"centerlineid": 10087621, "roadclass": "LOCAL", "fullname": "RIDGE ST", "fromleft": 701, "toleft": 799, "fromright": 700, "toright": 798, "onewaydir": " "}}, {"type": "Feature", "geometry": {"type": "LineString", "coordinates": [[-95.3778300003237, 29.7845969051686], [-95.3779520742177, 29.7845891339068], [-95.3786132217647, 29.7845874856678], [-95.3786486343237, 29.7845860842541], [-95.3786837796782, 29.7845820457199], [-95.3787184002171, 29.7845753996672], [-95.3787522421763, 29.7845661948106], [-95.3787850574988, 29.7845544986205], [-95.3788166056528, 29.7845403968286], [-95.3788466553951, 29.784523992799], [-95.3788749864659, 29.7845054067711], [-95.3789548103446, 29.7844624912183], [-95.378989552421, 29.7844538200562], [-95.379025407172, 29.7844498935014], [-95.379203101372, 29.7844424491449], [-95.3792946288299, 29.7844328742902]]}, "properties": {"centerlineid": 10087668, "roadclass": "LOCAL", "fullname": "BYRNE ST", "fromleft": 601, "toleft": 699, "fromright": 600, "toright": 698, "onewaydir": " "}}, {"type": "Feature", "geometry": {"type": "LineString", "coordinates": [[-95.3724359710061, 29.7772860607181], [-95.3724383995732, 29.7778263672727]]}, "properties": {"centerlineid": 10087671, "roadclass": "MAJOR", "fullname": "HOUSTON AVE", "fromleft": 2301, "toleft": 2399, "fromright": 2300, "toright": 2398, "onewaydir": " "}}, {"type": "Feature", "geometry": {"type": "LineString", "coordinates": [[-95.3701318924025, 29.7752318011131], [-95.3712305681892, 29.7752203864624]]}, "properties": {"centerlineid": 10087740, "roadclass": "LOCAL", "fullname": "SPRING ST", "fromleft": 1301, "toleft": 1399, "fromright": 1300, "toright": 1398, "onewaydir": " "}}, {"type": "Feature", "geometry": {"type": "LineString", "coordinates": [[-95.3623804413307, 29.7746556728922], [-95.3624108098655, 29.7746862679563], [-95.3624338306484, 29.7747300606398], [-95.362860967664, 29.7756532566615]]}, "properties": {"centerlineid": 10087757, "roadclass": "LOCAL", "fullname": "LEWIS ST", "fromleft": 1801, "toleft": 1899, "fromright": 1800, "toright": 1898, "onewaydir": " "}}, {"type": "Feature", "geometry": {"type": "LineString", "coordinates": [[-95.3628381746234, 29.7825216762928], [-95.3631662620221, 29.7831968486242]]}, "properties": {"centerlineid": 10087758, "roadclass": "LOCAL", "fullname": "EVERETT ST", "fromleft": 2401, "toleft": 2413, "fromright": 2400, "toright": 2412, "onewaydir": " "}}, {"type": "Feature", "geometry": {"type": "LineString", "coordinates": [[-95.374686661927, 29.7700228563764], [-95.3758386949774, 29.7700132664232]]}, "properties": {"centerlineid": 10135327, "roadclass": "LOCAL", "fullname": "DART ST", "fromleft": 1701, "toleft": 1799, "fromright": 1700, "toright": 1798, "onewaydir": " "}}, {"type": "Feature", "geometry": {"type": "LineString", "coordinates": [[-95.3755945933339, 29.7654908961868], [-95.3755945568422, 29.7662481994255]]}, "properties": {"centerlineid": 10135369, "roadclass": "LOCAL", "fullname": "SABINE ST", "fromleft": 701, "toleft": 799, "fromright": 700, "toright": 798, "onewaydir": " "}}, {"type": "Feature", "geometry": {"type": "LineString", "coordinates": [[-95.370841736862, 29.7638855145316], [-95.3706769810715, 29.7637837138901], [-95.3704449346915, 29.763647948916], [-95.3702874530617, 29.7634841064214], [-95.3702848633426, 29.7634813609181], [-95.3702472130209, 29.7634414372774]]}, "properties": {"centerlineid": 10135399, "roadclass": "LOCAL", "fullname": "CAPITOL ST", "fromleft": 51, "toleft": 99, "fromright": 50, "toright": 98, "onewaydir": "TF"}}, {"type": "Feature", "geometry": {"type": "LineString", "coordinates": [[-95.3702472130209, 29.7634414372774], [-95.3700764098897, 29.7632645530851], [-95.3699525580826, 29.7631357101998]]}, "properties": {"centerlineid": 10135400, "roadclass": "LOCAL", "fullname": "CAPITOL ST", "fromleft": 101, "toleft": 199, "fromright": 100, "toright": 198, "onewaydir": "TF"}}, {"type": "Feature", "geometry": {"type": "LineString", "coordinates": [[-95.3817132647859, 29.760499426454], [-95.3814004298626, 29.760497584049]]}, "properties": {"centerlineid": 10135417, "roadclass": "PRIVATE", "fullname": "BAYOU OAKS VISTA DR", "fromleft": 1401, "toleft": 1499, "fromright": 1400, "toright": 1498, "onewaydir": " "}}, {"type": "Feature", "geometry": {"type": "LineString", "coordinates": [[-95.3604425515649, 29.7643083029847], [-95.3602287801625, 29.764180526789], [-95.35954219015, 29.7637572652291]]}, "properties": {"centerlineid": 10140346, "roadclass": "LOCAL", "fullname": "COMMERCE ST", "fromleft": 901, "toleft": 999, "fromright": 900, "toright": 998, "onewaydir": " "}}, {"type": "Feature", "geometry": {"type": "LineString", "coordinates": [[-95.3612665209078, 29.7648025070663], [-95.3618843833965, 29.7640452311188]]}, "properties": {"centerlineid": 10140361, "roadclass": "LOCAL", "fullname": "MILAM ST", "fromleft": 111, "toleft": 199, "fromright": 110, "toright": 198, "onewaydir": "TF"}}, {"type": "Feature", "geometry": {"type": "LineString", "coordinates": [[-95.3598550205768, 29.7617276860788], [-95.35900050705, 29.7612222678489]]}, "properties": {"centerlineid": 10140487, "roadclass": "LOCAL", "fullname": "CONGRESS ST", "fromleft": 1101, "toleft": 1199, "fromright": 1100, "toright": 1198, "onewaydir": "TF"}}, {"type": "Feature", "geometry": {"type": "LineString", "coordinates": [[-95.3592675117878, 29.7624888493295], [-95.3593361930918, 29.7623914448688], [-95.3598550205768, 29.7617276860788]]}, "properties": {"centerlineid": 10140544, "roadclass": "MAJOR", "fullname": "FANNIN ST", "fromleft": 201, "toleft": 299, "fromright": 200, "toright": 298, "onewaydir": "FT"}}, {"type": "Feature", "geometry": {"type": "LineString", "coordinates": [[-95.3827432022714, 29.7676405271416], [-95.3827432101468, 29.7683138661552]]}, "properties": {"centerlineid": 10134882, "roadclass": "MAJOR", "fullname": "SAWYER ST", "fromleft": 911, "toleft": 999, "fromright": 910, "toright": 998, "onewaydir": " "}}, {"type": "Feature", "geometry": {"type": "LineString", "coordinates": [[-95.3657601415079, 29.7607606656729], [-95.366362978853, 29.7600150087263]]}, "properties": {"centerlineid": 10135266, "roadclass": "MAJOR", "fullname": "LOUISIANA ST", "fromleft": 701, "toleft": 799, "fromright": 700, "toright": 798, "onewaydir": "TF"}}, {"type": "Feature", "geometry": {"type": "LineString", "coordinates": [[-95.3706754528042, 29.7670142594522], [-95.3711483965638, 29.7670945020667]]}, "properties": {"centerlineid": 10135067, "roadclass": "MAJOR", "fullname": "WASHINGTON AVE", "fromleft": 1301, "toleft": 1317, "fromright": 1300, "toright": 1316, "onewaydir": " "}}, {"type": "Feature", "geometry": {"type": "LineString", "coordinates": [[-95.370087625371, 29.7700772430749], [-95.3700707751002, 29.7704482043435], [-95.3700707417881, 29.770808713212]]}, "properties": {"centerlineid": 10135056, "roadclass": "LOCAL", "fullname": "GOLIAD ST", "fromleft": 1301, "toleft": 1399, "fromright": 1300, "toright": 1398, "onewaydir": " "}}, {"type": "Feature", "geometry": {"type": "LineString", "coordinates": [[-95.374144780724, 29.7860464683351], [-95.3749689149125, 29.7860446646554]]}, "properties": {"centerlineid": 10087448, "roadclass": "LOCAL", "fullname": "WOODLAND ST", "fromleft": 301, "toleft": 399, "fromright": 300, "toright": 398, "onewaydir": " "}}, {"type": "Feature", "geometry": {"type": "LineString", "coordinates": [[-95.3820566553205, 29.7867063689847], [-95.3820641606209, 29.7874102809955]]}, "properties": {"centerlineid": 10085999, "roadclass": "LOCAL", "fullname": "JULIAN ST", "fromleft": 3201, "toleft": 3299, "fromright": 3200, "toright": 3298, "onewaydir": " "}}, {"type": "Feature", "geometry": {"type": "LineString", "coordinates": [[-95.3820566553205, 29.7867063689847], [-95.3843192749408, 29.7866785776894]]}, "properties": {"centerlineid": 10086002, "roadclass": "LOCAL", "fullname": "BAYLAND AVE", "fromleft": 901, "toleft": 999, "fromright": 900, "toright": 998, "onewaydir": " "}}, {"type": "Feature", "geometry": {"type": "LineString", "coordinates": [[-95.3842233661399, 29.7807364575844], [-95.38421558831, 29.7815394123509], [-95.3842308763248, 29.7816767710351]]}, "properties": {"centerlineid": 10086082, "roadclass": "LOCAL", "fullname": "MICHAUX ST", "fromleft": 2501, "toleft": 2599, "fromright": 2500, "toright": 2598, "onewaydir": " "}}, {"type": "Feature", "geometry": {"type": "LineString", "coordinates": [[-95.3599618433302, 29.7849268258672], [-95.3593361959324, 29.7849286717469]]}, "properties": {"centerlineid": 10094131, "roadclass": "LOCAL", "fullname": "COMMON PARK DR", "fromleft": 1201, "toleft": 1225, "fromright": 1200, "toright": 1224, "onewaydir": " "}}, {"type": "Feature", "geometry": {"type": "LineString", "coordinates": [[-95.359069217951, 29.7784152609248], [-95.3596261866587, 29.7795729990878]]}, "properties": {"centerlineid": 10094641, "roadclass": "LOCAL", "fullname": "GENTRY ST", "fromleft": 2001, "toleft": 2099, "fromright": 2000, "toright": 2098, "onewaydir": " "}}, {"type": "Feature", "geometry": {"type": "LineString", "coordinates": [[-95.3596261866587, 29.7795729990878], [-95.3597710803135, 29.7798685060501], [-95.3601906497241, 29.7807496854919]]}, "properties": {"centerlineid": 10094648, "roadclass": "LOCAL", "fullname": "GENTRY ST", "fromleft": 2101, "toleft": 2199, "fromright": 2100, "toright": 2198, "onewaydir": " "}}, {"type": "Feature", "geometry": {"type": "LineString", "coordinates": [[-95.3742745762545, 29.7827676340078], [-95.3749841929352, 29.7825903401592]]}, "properties": {"centerlineid": 10087623, "roadclass": "LOCAL", "fullname": "SAGE ST", "fromleft": 1601, "toleft": 1699, "fromright": 1600, "toright": 1698, "onewaydir": " "}}, {"type": "Feature", "geometry": {"type": "LineString", "coordinates": [[-95.3712228095378, 29.7745032516213], [-95.372397673584, 29.7744784015699]]}, "properties": {"centerlineid": 10087694, "roadclass": "LOCAL", "fullname": "SHEARN ST", "fromleft": 1401, "toleft": 1499, "fromright": 1400, "toright": 1498, "onewaydir": " "}}, {"type": "Feature", "geometry": {"type": "LineString", "coordinates": [[-95.3712152557873, 29.7737594206247], [-95.3722299777487, 29.7737498197277], [-95.3723976410622, 29.773732726482]]}, "properties": {"centerlineid": 10087701, "roadclass": "MAJOR", "fullname": "CROCKETT ST", "fromleft": 1401, "toleft": 1499, "fromright": 1400, "toright": 1498, "onewaydir": " "}}, {"type": "Feature", "geometry": {"type": "LineString", "coordinates": [[-95.3748010149224, 29.7772917695274], [-95.3748009800366, 29.7779992962422]]}, "properties": {"centerlineid": 10087726, "roadclass": "LOCAL", "fullname": "COLORADO ST", "fromleft": 2301, "toleft": 2399, "fromright": 2300, "toright": 2398, "onewaydir": " "}}, {"type": "Feature", "geometry": {"type": "LineString", "coordinates": [[-95.3630745247861, 29.7810739106673], [-95.3636392525196, 29.7822490059593]]}, "properties": {"centerlineid": 10087764, "roadclass": "LOCAL", "fullname": "FREEMAN ST", "fromleft": 2301, "toleft": 2399, "fromright": 2300, "toright": 2398, "onewaydir": " "}}, {"type": "Feature", "geometry": {"type": "LineString", "coordinates": [[-95.364058871455, 29.7765935493178], [-95.364333368219, 29.7771772071561]]}, "properties": {"centerlineid": 10087768, "roadclass": "LOCAL", "fullname": "FLETCHER ST", "fromleft": 2001, "toleft": 2011, "fromright": 2000, "toright": 2010, "onewaydir": " "}}, {"type": "Feature", "geometry": {"type": "LineString", "coordinates": [[-95.364333368219, 29.7771772071561], [-95.3646158234078, 29.7777590344085]]}, "properties": {"centerlineid": 10087769, "roadclass": "LOCAL", "fullname": "FLETCHER ST", "fromleft": 2013, "toleft": 2099, "fromright": 2012, "toright": 2098, "onewaydir": " "}}, {"type": "Feature", "geometry": {"type": "LineString", "coordinates": [[-95.3667978325892, 29.7714820217784], [-95.3668061725937, 29.7714919247354], [-95.3668077359748, 29.7714937488072], [-95.3668093364188, 29.7714955490598], [-95.3668109713415, 29.7714973254232], [-95.3668126407829, 29.77149907677], [-95.3668143447433, 29.7715008031002], [-95.3668160819705, 29.7715025032516], [-95.3668178524645, 29.7715041772242], [-95.3668196562254, 29.7715058250179], [-95.3668214920012, 29.7715074454704], [-95.3668233585399, 29.7715090374195], [-95.3668252571337, 29.7715106009001], [-95.3668271864502, 29.7715121370046], [-95.3668291452776, 29.7715136434432], [-95.366831133616, 29.7715151202161], [-95.3668331502134, 29.7715165661609], [-95.3668351950296, 29.7715179824049], [-95.3668372681048, 29.7715193678208], [-95.3668393681468, 29.7715207223735], [-95.3668414939037, 29.7715220449008], [-95.3668436453755, 29.7715233354027], [-95.3668458226022, 29.7715245927519], [-95.3668480242518, 29.7715258180407], [-95.3668502490721, 29.7715270101067], [-95.3668524970632, 29.7715281689498], [-95.3668547682652, 29.771529293443], [-95.3668570600939, 29.771530383516], [-95.3668593738013, 29.7715314403312], [-95.3668617082156, 29.7715324604718], [-95.3668640619243, 29.7715334472844], [-95.3668664350479, 29.7715343973874], [-95.366868826254, 29.771535311873], [-95.3668712355427, 29.771536190741], [-95.3668736616219, 29.7715370339567], [-95.3668761032395, 29.7715378403575], [-95.3668785603956, 29.7715386099435], [-95.3668810331303, 29.7715393415875], [-95.3668835200712, 29.7715400375088], [-95.3668860200064, 29.7715406954181], [-95.3668885316439, 29.7715413152802], [-95.3668910562356, 29.7715418982575], [-95.3668935912374, 29.7715424431526], [-95.3668961366493, 29.7715429499654], [-95.3668986924713, 29.7715434186961], [-95.3669012561593, 29.7715438481472], [-95.3669038289251, 29.7715442406084], [-95.3669064082648, 29.7715445937551], [-95.3669089941784, 29.7715449075871], [-95.3669115866256, 29.7715451832319], [-95.3669141830625, 29.771545419492], [-95.3669167847409, 29.7715456175299], [-95.3673242551426, 29.7715735112172], [-95.3678581781404, 29.7715906362037]]}, "properties": {"centerlineid": 10135434, "roadclass": "LOCAL", "fullname": "BINGHAM ST", "fromleft": 1001, "toleft": 1099, "fromright": 1000, "toright": 1098, "onewaydir": " "}}, {"type": "Feature", "geometry": {"type": "LineString", "coordinates": [[-95.3781425531449, 29.772943020171], [-95.3792489780454, 29.7729258892175]]}, "properties": {"centerlineid": 10135448, "roadclass": "LOCAL", "fullname": "SUMMER ST", "fromleft": 2001, "toleft": 2099, "fromright": 2000, "toright": 2098, "onewaydir": " "}}, {"type": "Feature", "geometry": {"type": "LineString", "coordinates": [[-95.3792489780454, 29.7729258892175], [-95.3803398626347, 29.7729259126251]]}, "properties": {"centerlineid": 10135449, "roadclass": "LOCAL", "fullname": "SUMMER ST", "fromleft": 2101, "toleft": 2199, "fromright": 2100, "toright": 2198, "onewaydir": " "}}, {"type": "Feature", "geometry": {"type": "LineString", "coordinates": [[-95.3664167658022, 29.7668578179521], [-95.3660389454821, 29.7673728967337], [-95.3659802829594, 29.7674546875916], [-95.3658954141777, 29.7675590820204], [-95.365802854532, 29.7676606251906], [-95.3657131277381, 29.7677393178711], [-95.3656238428019, 29.76780567816], [-95.3655367003241, 29.7678685669716], [-95.3654009034851, 29.76793542813], [-95.3652575293783, 29.7679879745488], [-95.365094025289, 29.7680382111574], [-95.3649719121586, 29.7680613544372], [-95.3648196356936, 29.7680801498402], [-95.3646537863509, 29.768082705273], [-95.364496579785, 29.7680739540512], [-95.364272791563, 29.7680529689962], [-95.3638972823212, 29.7679739896453], [-95.363582972985, 29.767894237224], [-95.3628798962336, 29.7677160929098], [-95.3621896703072, 29.7675241507467], [-95.3614113980422, 29.767342999246]]}, "properties": {"centerlineid": 10135584, "roadclass": "RAMP", "fullname": "IH 45 10 RAMP", "fromleft": 0, "toleft": 0, "fromright": 0, "toright": 0, "onewaydir": "FT"}}, {"type": "Feature", "geometry": {"type": "LineString", "coordinates": [[-95.3610145846361, 29.7635341074011], [-95.3602059525688, 29.7630362241677], [-95.3601525858796, 29.7630017934786]]}, "properties": {"centerlineid": 10140385, "roadclass": "LOCAL", "fullname": "FRANKLIN ST", "fromleft": 901, "toleft": 999, "fromright": 900, "toright": 998, "onewaydir": " "}}, {"type": "Feature", "geometry": {"type": "LineString", "coordinates": [[-95.3813546021265, 29.7648186895118], [-95.3823784489112, 29.7648153187823]]}, "properties": {"centerlineid": 10134916, "roadclass": "LOCAL", "fullname": "STATE ST", "fromleft": 2301, "toleft": 2399, "fromright": 2300, "toright": 2398, "onewaydir": " "}}, {"type": "Feature", "geometry": {"type": "LineString", "coordinates": [[-95.3687444063048, 29.7616793489239], [-95.3687506563069, 29.761687239707], [-95.368445694887, 29.7613881521351], [-95.3683008152879, 29.7612720252902], [-95.3680185762409, 29.7610486261155]]}, "properties": {"centerlineid": 10135016, "roadclass": "LOCAL", "fullname": "RUSK ST", "fromleft": 401, "toleft": 499, "fromright": 400, "toright": 498, "onewaydir": "FT"}}, {"type": "Feature", "geometry": {"type": "LineString", "coordinates": [[-95.3698113269681, 29.7638697449324], [-95.3705848459678, 29.7638992928125]]}, "properties": {"centerlineid": 10135018, "roadclass": "MAJOR", "fullname": "MEMORIAL DR", "fromleft": 0, "toleft": 0, "fromright": 1200, "toright": 1398, "onewaydir": "TF"}}, {"type": "Feature", "geometry": {"type": "LineString", "coordinates": [[-95.3727182517358, 29.7638238921128], [-95.3739236586188, 29.7637972070628]]}, "properties": {"centerlineid": 10135023, "roadclass": "MAJOR", "fullname": "MEMORIAL DR", "fromleft": 0, "toleft": 0, "fromright": 1500, "toright": 1598, "onewaydir": "TF"}}, {"type": "Feature", "geometry": {"type": "LineString", "coordinates": [[-95.3782724064002, 29.7662272389049], [-95.3794091684989, 29.7662290714175]]}, "properties": {"centerlineid": 10135120, "roadclass": "LOCAL", "fullname": "KANE ST", "fromleft": 2001, "toleft": 2099, "fromright": 2000, "toright": 2098, "onewaydir": " "}}, {"type": "Feature", "geometry": {"type": "LineString", "coordinates": [[-95.3805230928471, 29.7676633356568], [-95.380523073841, 29.7681326949135]]}, "properties": {"centerlineid": 10135193, "roadclass": "LOCAL", "fullname": "HEMPHILL ST", "fromleft": 913, "toleft": 999, "fromright": 912, "toright": 998, "onewaydir": " "}}, {"type": "Feature", "geometry": {"type": "LineString", "coordinates": [[-95.373641401814, 29.777312728021], [-95.3736580347471, 29.7779062259613]]}, "properties": {"centerlineid": 10087723, "roadclass": "LOCAL", "fullname": "JOHNSON ST", "fromleft": 2301, "toleft": 2399, "fromright": 2300, "toright": 2398, "onewaydir": " "}}, {"type": "Feature", "geometry": {"type": "LineString", "coordinates": [[-95.3778450147276, 29.7860179439792], [-95.3793023557979, 29.786010198181]]}, "properties": {"centerlineid": 10087357, "roadclass": "LOCAL", "fullname": "WOODLAND ST", "fromleft": 601, "toleft": 699, "fromright": 600, "toright": 698, "onewaydir": " "}}, {"type": "Feature", "geometry": {"type": "LineString", "coordinates": [[-95.3759071495131, 29.775159236641], [-95.3759224810837, 29.7759297918009]]}, "properties": {"centerlineid": 10087523, "roadclass": "LOCAL", "fullname": "SABINE ST", "fromleft": 2001, "toleft": 2099, "fromright": 2000, "toright": 2098, "onewaydir": " "}}, {"type": "Feature", "geometry": {"type": "LineString", "coordinates": [[-95.3842308763248, 29.7816767710351], [-95.3857185890351, 29.7816633122001], [-95.3859399015578, 29.7816614641079]]}, "properties": {"centerlineid": 10086156, "roadclass": "MAJOR", "fullname": "WHITE OAK DR", "fromleft": 2501, "toleft": 2599, "fromright": 2500, "toright": 2598, "onewaydir": " "}}, {"type": "Feature", "geometry": {"type": "LineString", "coordinates": [[-95.3598244445543, 29.7781328082379], [-95.359069217951, 29.7784152609248]]}, "properties": {"centerlineid": 10094369, "roadclass": "LOCAL", "fullname": "JAMES ST", "fromleft": 901, "toleft": 999, "fromright": 900, "toright": 998, "onewaydir": " "}}, {"type": "Feature", "geometry": {"type": "LineString", "coordinates": [[-95.3720848340465, 29.7837996723452], [-95.3721078716645, 29.7844652588572]]}, "properties": {"centerlineid": 10087548, "roadclass": "MAJOR", "fullname": "HOUSTON AVE", "fromleft": 2809, "toleft": 2817, "fromright": 2808, "toright": 2816, "onewaydir": " "}}, {"type": "Feature", "geometry": {"type": "LineString", "coordinates": [[-95.3677210461807, 29.7814365083491], [-95.3675302644735, 29.781692066803]]}, "properties": {"centerlineid": 10087573, "roadclass": "LOCAL", "fullname": "CARL ST", "fromleft": 109, "toleft": 199, "fromright": 0, "toright": 0, "onewaydir": " "}}, {"type": "Feature", "geometry": {"type": "LineString", "coordinates": [[-95.3802330829624, 29.7813600412309], [-95.3807519574937, 29.7810663908336]]}, "properties": {"centerlineid": 10087588, "roadclass": "LOCAL", "fullname": "USENER ST", "fromleft": 727, "toleft": 799, "fromright": 726, "toright": 798, "onewaydir": " "}}, {"type": "Feature", "geometry": {"type": "LineString", "coordinates": [[-95.3696664251563, 29.7794089625199], [-95.3700707328934, 29.7795481631402], [-95.3704141571647, 29.779693016413], [-95.3711085080076, 29.7800192971686], [-95.3724359893803, 29.7806677746005]]}, "properties": {"centerlineid": 10087603, "roadclass": "MAJOR", "fullname": "WHITE OAK DR", "fromleft": 1201, "toleft": 1399, "fromright": 1200, "toright": 1398, "onewaydir": " "}}, {"type": "Feature", "geometry": {"type": "LineString", "coordinates": [[-95.3636392525196, 29.7822490059593], [-95.3628381746234, 29.7825216762928]]}, "properties": {"centerlineid": 10087611, "roadclass": "LOCAL", "fullname": "MORRIS ST", "fromleft": 701, "toleft": 799, "fromright": 700, "toright": 798, "onewaydir": " "}}, {"type": "Feature", "geometry": {"type": "LineString", "coordinates": [[-95.3655618459281, 29.7831815435199], [-95.3650811077196, 29.783347689949]]}, "properties": {"centerlineid": 10087649, "roadclass": "LOCAL", "fullname": "BOUNDARY ST", "fromleft": 511, "toleft": 599, "fromright": 510, "toright": 598, "onewaydir": " "}}, {"type": "Feature", "geometry": {"type": "LineString", "coordinates": [[-95.3660042466918, 29.7820543761128], [-95.3655084344917, 29.7822337447121]]}, "properties": {"centerlineid": 10087653, "roadclass": "LOCAL", "fullname": "CARL ST", "fromleft": 401, "toleft": 499, "fromright": 400, "toright": 498, "onewaydir": " "}}, {"type": "Feature", "geometry": {"type": "LineString", "coordinates": [[-95.3792717729112, 29.7751346331699], [-95.3803637647019, 29.7751217264597]]}, "properties": {"centerlineid": 10087690, "roadclass": "LOCAL", "fullname": "SPRING ST", "fromleft": 2101, "toleft": 2199, "fromright": 2100, "toright": 2198, "onewaydir": " "}}, {"type": "Feature", "geometry": {"type": "LineString", "coordinates": [[-95.3772499826347, 29.7791590923338], [-95.3780360533501, 29.7790550489888], [-95.3784325579764, 29.7790025658916], [-95.3789055784149, 29.7789263604101], [-95.3792243368561, 29.77886711085], [-95.3795693625911, 29.7787698539194], [-95.3805840159296, 29.7784419616144], [-95.3811028710075, 29.7782911618215]]}, "properties": {"centerlineid": 10087709, "roadclass": "RAMP", "fullname": "KATY FWY", "fromleft": 0, "toleft": 0, "fromright": 2200, "toright": 2298, "onewaydir": "FT"}}, {"type": "Feature", "geometry": {"type": "LineString", "coordinates": [[-95.3792642573083, 29.7736790904879], [-95.3803551402595, 29.7736583212362]]}, "properties": {"centerlineid": 10087712, "roadclass": "MAJOR", "fullname": "CROCKETT ST", "fromleft": 2101, "toleft": 2199, "fromright": 2100, "toright": 2198, "onewaydir": " "}}, {"type": "Feature", "geometry": {"type": "LineString", "coordinates": [[-95.3641197939409, 29.7793001422838], [-95.3643564037804, 29.7797979706635], [-95.364402051309, 29.7798876860632]]}, "properties": {"centerlineid": 10087756, "roadclass": "LOCAL", "fullname": "KEENE ST", "fromleft": 2201, "toleft": 2211, "fromright": 2200, "toright": 2210, "onewaydir": " "}}, {"type": "Feature", "geometry": {"type": "LineString", "coordinates": [[-95.3624338629209, 29.7758115927239], [-95.3627160902861, 29.7763934184187]]}, "properties": {"centerlineid": 10087798, "roadclass": "LOCAL", "fullname": "KEENE ST", "fromleft": 1901, "toleft": 1909, "fromright": 1900, "toright": 1908, "onewaydir": " "}}, {"type": "Feature", "geometry": {"type": "MultiLineString", "coordinates": [[[-95.3679268333601, 29.7743448858744], [-95.367467795422, 29.7737635981002]], [[-95.367467795422, 29.7737635981002], [-95.3672174463025, 29.7734465719312], [-95.366950289124, 29.7730593747642], [-95.3666146587269, 29.7725557949952], [-95.3665306866427, 29.7724223392399]]]}, "properties": {"centerlineid": 10087858, "roadclass": "RAMP", "fullname": "IH 45 IH 10 RAMP", "fromleft": 0, "toleft": 0, "fromright": 0, "toright": 0, "onewaydir": "FT"}}, {"type": "Feature", "geometry": {"type": "LineString", "coordinates": [[-95.3770288673778, 29.7729619462912], [-95.3781425531449, 29.772943020171]]}, "properties": {"centerlineid": 10135431, "roadclass": "LOCAL", "fullname": "SUMMER ST", "fromleft": 1901, "toleft": 1999, "fromright": 1900, "toright": 1998, "onewaydir": " "}}, {"type": "Feature", "geometry": {"type": "LineString", "coordinates": [[-95.3794016296953, 29.7654756116977], [-95.3797981985773, 29.7654680905046], [-95.3801643993694, 29.7654719826308], [-95.3805153203013, 29.7654737865502]]}, "properties": {"centerlineid": 10135457, "roadclass": "LOCAL", "fullname": "LUBBOCK ST", "fromleft": 2101, "toleft": 2199, "fromright": 2100, "toright": 2198, "onewaydir": " "}}, {"type": "Feature", "geometry": {"type": "LineString", "coordinates": [[-95.3667061350986, 29.7722315822562], [-95.3666451963047, 29.7721475967666], [-95.3664085737947, 29.7717909968442], [-95.3662103303363, 29.7714646967141], [-95.3661933421229, 29.7714282051438], [-95.3660576794273, 29.7711367969872], [-95.3659355979277, 29.7708354030725], [-95.3658365698081, 29.7704691822742], [-95.3658059930322, 29.7702289265252], [-95.3657845095329, 29.7700519895508], [-95.3657754055105, 29.7699769975252], [-95.3657831702784, 29.7695555731864], [-95.3658087797132, 29.7692645244603], [-95.3658135448434, 29.7692103522563], [-95.3658475269634, 29.7690525681732], [-95.3658899571112, 29.7688555418435], [-95.3658899342497, 29.7688516822153], [-95.3659814538803, 29.7685351933613], [-95.3661035421656, 29.7682241845001], [-95.3666299349077, 29.7670796596183]]}, "properties": {"centerlineid": 10135543, "roadclass": "HIGHWAY", "fullname": "N IH 45", "fromleft": 901, "toleft": 1199, "fromright": 0, "toright": 0, "onewaydir": "FT"}}, {"type": "Feature", "geometry": {"type": "LineString", "coordinates": [[-95.3855280773589, 29.7701944357937], [-95.3861381594217, 29.772069347289]]}, "properties": {"centerlineid": 10134694, "roadclass": "LOCAL", "fullname": "OLIVER ST", "fromleft": 1201, "toleft": 1599, "fromright": 1200, "toright": 1598, "onewaydir": " "}}, {"type": "Feature", "geometry": {"type": "LineString", "coordinates": [[-95.3705220024378, 29.7633173965391], [-95.3703437359209, 29.7631359606874], [-95.3699591891516, 29.7628160365452], [-95.3696988502144, 29.7626542655462], [-95.3694179469078, 29.7624710507835], [-95.3691563652267, 29.7623597563039]]}, "properties": {"centerlineid": 10134999, "roadclass": "LOCAL", "fullname": "RUSK ST", "fromleft": 101, "toleft": 299, "fromright": 100, "toright": 298, "onewaydir": "FT"}}, {"type": "Feature", "geometry": {"type": "LineString", "coordinates": [[-95.3672630768421, 29.7635302337079], [-95.3673929213325, 29.7635491514228], [-95.3687204116959, 29.7637324061939], [-95.3689568035004, 29.7637686753226]]}, "properties": {"centerlineid": 10135019, "roadclass": "MAJOR", "fullname": "MEMORIAL DR", "fromleft": 0, "toleft": 0, "fromright": 2, "toright": 1188, "onewaydir": "TF"}}, {"type": "Feature", "geometry": {"type": "LineString", "coordinates": [[-95.3700707417881, 29.770808713212], [-95.3711847060898, 29.7707933881905]]}, "properties": {"centerlineid": 10135051, "roadclass": "LOCAL", "fullname": "EDWARDS ST", "fromleft": 1301, "toleft": 1399, "fromright": 1300, "toright": 1398, "onewaydir": " "}}, {"type": "Feature", "geometry": {"type": "LineString", "coordinates": [[-95.3758386949774, 29.7700132664232], [-95.3758462274973, 29.7707571438635]]}, "properties": {"centerlineid": 10135096, "roadclass": "LOCAL", "fullname": "SABINE ST", "fromleft": 1301, "toleft": 1399, "fromright": 1300, "toright": 1398, "onewaydir": " "}}, {"type": "Feature", "geometry": {"type": "LineString", "coordinates": [[-95.3721154164114, 29.7640185292601], [-95.3724893851661, 29.7640107440521]]}, "properties": {"centerlineid": 10135182, "roadclass": "LOCAL", "fullname": "N MEMORIAL WAY", "fromleft": 1491, "toleft": 1499, "fromright": 1490, "toright": 1498, "onewaydir": "TF"}}, {"type": "Feature", "geometry": {"type": "MultiLineString", "coordinates": [[[-95.3724833015122, 29.7638349133089], [-95.3725655851861, 29.7638334814986]], [[-95.3721154249283, 29.7638413107911], [-95.3724833015122, 29.7638349133089]], [[-95.3720163597078, 29.7638430338238], [-95.3721154249283, 29.7638413107911]]]}, "properties": {"centerlineid": 10135256, "roadclass": "MAJOR", "fullname": "MEMORIAL DR", "fromleft": 0, "toleft": 0, "fromright": 1490, "toright": 1492, "onewaydir": "TF"}}, {"type": "Feature", "geometry": {"type": "LineString", "coordinates": [[-95.3633339972126, 29.7638238959683], [-95.3639215372182, 29.7630551814044]]}, "properties": {"centerlineid": 10135262, "roadclass": "MAJOR", "fullname": "LOUISIANA ST", "fromleft": 301, "toleft": 399, "fromright": 300, "toright": 398, "onewaydir": "TF"}}, {"type": "Feature", "geometry": {"type": "LineString", "coordinates": [[-95.3704060281184, 29.7669403751526], [-95.3706754528042, 29.7670142594522]]}, "properties": {"centerlineid": 10135069, "roadclass": "MAJOR", "fullname": "WASHINGTON AVE", "fromleft": 1201, "toleft": 1299, "fromright": 1200, "toright": 1298, "onewaydir": " "}}, {"type": "Feature", "geometry": {"type": "LineString", "coordinates": [[-95.3793023674677, 29.7852949057085], [-95.3793023557979, 29.786010198181]]}, "properties": {"centerlineid": 10087358, "roadclass": "LOCAL", "fullname": "REAGAN ST", "fromleft": 3001, "toleft": 3099, "fromright": 3000, "toright": 3098, "onewaydir": " "}}, {"type": "Feature", "geometry": {"type": "LineString", "coordinates": [[-95.3751366260617, 29.783746274599], [-95.3758462596973, 29.7837442070445], [-95.3759302162058, 29.7837195907456]]}, "properties": {"centerlineid": 10087362, "roadclass": "LOCAL", "fullname": "TEETSHORN ST", "fromleft": 301, "toleft": 399, "fromright": 300, "toright": 398, "onewaydir": " "}}, {"type": "Feature", "geometry": {"type": "LineString", "coordinates": [[-95.3689415386523, 29.7809920334555], [-95.3690332681491, 29.7807191366874], [-95.3690942078696, 29.7805456954917], [-95.3692087062061, 29.7802863013125]]}, "properties": {"centerlineid": 10087436, "roadclass": "RAMP", "fullname": "NORTH FWY", "fromleft": 1351, "toleft": 1399, "fromright": 0, "toright": 0, "onewaydir": "FT"}}, {"type": "Feature", "geometry": {"type": "LineString", "coordinates": [[-95.3641197939409, 29.7793001422838], [-95.3632883352952, 29.7796015300639]]}, "properties": {"centerlineid": 10087446, "roadclass": "LOCAL", "fullname": "HENRY ST", "fromleft": 501, "toleft": 599, "fromright": 500, "toright": 598, "onewaydir": " "}}, {"type": "Feature", "geometry": {"type": "LineString", "coordinates": [[-95.3807366511949, 29.7852873589616], [-95.380751943335, 29.7860045075832]]}, "properties": {"centerlineid": 10087518, "roadclass": "LOCAL", "fullname": "WATSON ST", "fromleft": 3001, "toleft": 3099, "fromright": 3000, "toright": 3098, "onewaydir": " "}}, {"type": "Feature", "geometry": {"type": "LineString", "coordinates": [[-95.3820182927474, 29.7844175772427], [-95.3820335727143, 29.7852720901236]]}, "properties": {"centerlineid": 10086113, "roadclass": "LOCAL", "fullname": "JULIAN ST", "fromleft": 2909, "toleft": 2999, "fromright": 2908, "toright": 2998, "onewaydir": " "}}, {"type": "Feature", "geometry": {"type": "LineString", "coordinates": [[-95.3619455650645, 29.7787527535515], [-95.3611519684955, 29.7790121743549]]}, "properties": {"centerlineid": 10094348, "roadclass": "LOCAL", "fullname": "PASCHALL ST", "fromleft": 701, "toleft": 799, "fromright": 700, "toright": 798, "onewaydir": " "}}, {"type": "Feature", "geometry": {"type": "LineString", "coordinates": [[-95.3599923689945, 29.7821860601873], [-95.3592371307087, 29.7824605127578]]}, "properties": {"centerlineid": 10094368, "roadclass": "MAJOR", "fullname": "QUITMAN ST", "fromleft": 1101, "toleft": 1109, "fromright": 1100, "toright": 1108, "onewaydir": " "}}, {"type": "Feature", "geometry": {"type": "LineString", "coordinates": [[-95.3592827777076, 29.7769618090557], [-95.3598244445543, 29.7781328082379]]}, "properties": {"centerlineid": 10094643, "roadclass": "LOCAL", "fullname": "CHESTNUT ST", "fromleft": 1901, "toleft": 1999, "fromright": 1900, "toright": 1998, "onewaydir": " "}}, {"type": "Feature", "geometry": {"type": "LineString", "coordinates": [[-95.3806373959878, 29.7795748409274], [-95.3806679972413, 29.7798094155294], [-95.3806757675494, 29.7800307212813]]}, "properties": {"centerlineid": 10087568, "roadclass": "LOCAL", "fullname": "WATSON ST", "fromleft": 2301, "toleft": 2305, "fromright": 2300, "toright": 2304, "onewaydir": " "}}, {"type": "Feature", "geometry": {"type": "LineString", "coordinates": [[-95.3663782380746, 29.7828650777237], [-95.3663324064872, 29.7829031901095], [-95.3659202936161, 29.7830501278914]]}, "properties": {"centerlineid": 10087572, "roadclass": "LOCAL", "fullname": "BOUNDARY ST", "fromleft": 405, "toleft": 499, "fromright": 404, "toright": 498, "onewaydir": " "}}, {"type": "Feature", "geometry": {"type": "LineString", "coordinates": [[-95.3681023089244, 29.7838626704559], [-95.3680033128229, 29.7838587781978], [-95.3673089827562, 29.7838683356214]]}, "properties": {"centerlineid": 10087605, "roadclass": "LOCAL", "fullname": "EMBRY ST", "fromleft": 301, "toleft": 399, "fromright": 300, "toright": 398, "onewaydir": " "}}, {"type": "Feature", "geometry": {"type": "LineString", "coordinates": [[-95.3742745762545, 29.7827676340078], [-95.3742745930845, 29.7837481232516]]}, "properties": {"centerlineid": 10087620, "roadclass": "LOCAL", "fullname": "BEAUCHAMP ST", "fromleft": 2701, "toleft": 2799, "fromright": 2700, "toright": 2798, "onewaydir": " "}}, {"type": "Feature", "geometry": {"type": "LineString", "coordinates": [[-95.3668893724869, 29.7829547589828], [-95.3668359523901, 29.7829050260966], [-95.3667520087115, 29.7828783283005], [-95.3663782380746, 29.7828650777237]]}, "properties": {"centerlineid": 10087651, "roadclass": "LOCAL", "fullname": "BOUNDARY ST", "fromleft": 401, "toleft": 403, "fromright": 400, "toright": 402, "onewaydir": " "}}, {"type": "Feature", "geometry": {"type": "LineString", "coordinates": [[-95.3781578828251, 29.7744288715698], [-95.3792575953736, 29.7744182306986]]}, "properties": {"centerlineid": 10087699, "roadclass": "LOCAL", "fullname": "SHEARN ST", "fromleft": 2001, "toleft": 2099, "fromright": 2000, "toright": 2098, "onewaydir": " "}}, {"type": "Feature", "geometry": {"type": "LineString", "coordinates": [[-95.3770822760685, 29.7772917291112], [-95.3781808987336, 29.7772899322946]]}, "properties": {"centerlineid": 10087729, "roadclass": "LOCAL", "fullname": "WEBER ST", "fromleft": 1901, "toleft": 1999, "fromright": 1900, "toright": 1998, "onewaydir": " "}}, {"type": "Feature", "geometry": {"type": "LineString", "coordinates": [[-95.3644326451008, 29.7819629104802], [-95.3646995965416, 29.7825312900295]]}, "properties": {"centerlineid": 10087795, "roadclass": "MAJOR", "fullname": "N MAIN ST", "fromleft": 2401, "toleft": 2499, "fromright": 2400, "toright": 2498, "onewaydir": " "}}, {"type": "Feature", "geometry": {"type": "LineString", "coordinates": [[-95.3684151624553, 29.7811120203596], [-95.3683848104919, 29.7798648594463]]}, "properties": {"centerlineid": 10087860, "roadclass": "RAMP", "fullname": "N IH 45 HOV-IH 10", "fromleft": 0, "toleft": 0, "fromright": 0, "toright": 0, "onewaydir": "N"}}, {"type": "Feature", "geometry": {"type": "LineString", "coordinates": [[-95.3735880221577, 29.7729907083321], [-95.3747475753507, 29.7729925428746]]}, "properties": {"centerlineid": 10135428, "roadclass": "LOCAL", "fullname": "SUMMER ST", "fromleft": 1601, "toleft": 1699, "fromright": 1600, "toright": 1698, "onewaydir": " "}}, {"type": "Feature", "geometry": {"type": "LineString", "coordinates": [[-95.3669768493289, 29.7654816071828], [-95.366317094402, 29.7653442143899]]}, "properties": {"centerlineid": 10135515, "roadclass": "LOCAL", "fullname": "FRANKLIN ST", "fromleft": 301, "toleft": 399, "fromright": 300, "toright": 398, "onewaydir": " "}}, {"type": "Feature", "geometry": {"type": "LineString", "coordinates": [[-95.3724893851661, 29.7640107440521], [-95.3724833015122, 29.7638349133089], [-95.3724816069195, 29.7637182238707], [-95.3724816157462, 29.7635795638903]]}, "properties": {"centerlineid": 10135562, "roadclass": "RAMP", "fullname": "HOUSTON IH 45 RAMP", "fromleft": 0, "toleft": 0, "fromright": 0, "toright": 0, "onewaydir": "FT"}}, {"type": "Feature", "geometry": {"type": "LineString", "coordinates": [[-95.3726114634939, 29.7608866305867], [-95.3727257719754, 29.7608371126687], [-95.3728021917748, 29.760806526435], [-95.3729391758662, 29.760746999721], [-95.3730512946965, 29.7606982786908], [-95.3730920087829, 29.7606805866635], [-95.3732905074574, 29.7606862865682], [-95.3734846707783, 29.7606862879502], [-95.3735546605003, 29.7606862887634], [-95.3735660158995, 29.7606863749242], [-95.3735773677512, 29.760686633628], [-95.3735887121795, 29.7606870647698], [-95.3736000466005, 29.7606876682797], [-95.3736113671384, 29.7606884440527], [-95.3736226699571, 29.7606893908568], [-95.3736339537248, 29.7606905097842], [-95.3736452120217, 29.7606917995329], [-95.3736564435157, 29.7606932611951], [-95.373667644451, 29.7606948912841], [-95.3736788108317, 29.7606966930769], [-95.3736899389019, 29.7606986630868], [-95.3737010273699, 29.7607008012788], [-95.3737120697354, 29.7607031086054], [-95.3737230660789, 29.7607055828119], [-95.3737340112324, 29.7607082237587], [-95.37374490136, 29.7607110302134], [-95.3737557338778, 29.7607140021062], [-95.373766506282, 29.7607171371126], [-95.3737772133646, 29.7607204362201], [-95.3737878539139, 29.7607238971392], [-95.3737984228019, 29.7607275186027], [-95.3738089187367, 29.7607313005756], [-95.3738193379226, 29.7607352406986], [-95.3738296764837, 29.7607393388667], [-95.3738399318759, 29.7607435938828], [-95.3738501003036, 29.7607480033875], [-95.3738601791829, 29.7607525673108], [-95.3738701660098, 29.7607572833283], [-95.3738800569486, 29.7607621502077], [-95.3738898494954, 29.7607671656247], [-95.3738995410663, 29.7607723295094], [-95.3739091278254, 29.7607776406296], [-95.3739186073089, 29.7607830955335], [-95.3739279756409, 29.7607886941163], [-95.3739372316096, 29.7607944340885], [-95.3739463714192, 29.7608003130906], [-95.3739553924857, 29.7608063310529], [-95.3739642923453, 29.7608124845234], [-95.3739730684542, 29.760818772305], [-95.3740685883809, 29.760888435025], [-95.3741525363877, 29.760947551402]]}, "properties": {"centerlineid": 10135576, "roadclass": "RAMP", "fullname": "WALKER SABINE RAMP", "fromleft": 0, "toleft": 0, "fromright": 0, "toright": 0, "onewaydir": "FT"}}, {"type": "Feature", "geometry": {"type": "LineString", "coordinates": [[-95.385489705482, 29.7684530526866], [-95.3854897281457, 29.768550226466], [-95.385512785935, 29.7692160454166]]}, "properties": {"centerlineid": 10134853, "roadclass": "LOCAL", "fullname": "OLIVER ST", "fromleft": 1001, "toleft": 1099, "fromright": 1000, "toright": 1098, "onewaydir": " "}}, {"type": "Feature", "geometry": {"type": "LineString", "coordinates": [[-95.3816445809078, 29.7690100160448], [-95.3819193014573, 29.7690424131779], [-95.3821787101257, 29.7690690919459], [-95.3827507574304, 29.769097838875]]}, "properties": {"centerlineid": 10134904, "roadclass": "LOCAL", "fullname": "CENTER ST", "fromleft": 2301, "toleft": 2399, "fromright": 2300, "toright": 2398, "onewaydir": " "}}, {"type": "Feature", "geometry": {"type": "LineString", "coordinates": [[-95.3822854730208, 29.766816582691], [-95.3823694532082, 29.7668870920026], [-95.3824609866217, 29.7669806431804], [-95.3825449169081, 29.767093155375], [-95.3826058478767, 29.7672017439444], [-95.3826745341467, 29.767348684922], [-95.3827279323725, 29.7675298696362], [-95.3827432022714, 29.7676405271416]]}, "properties": {"centerlineid": 10134929, "roadclass": "MAJOR", "fullname": "SAWYER ST", "fromleft": 901, "toleft": 909, "fromright": 900, "toright": 908, "onewaydir": " "}}, {"type": "Feature", "geometry": {"type": "LineString", "coordinates": [[-95.3758386949774, 29.7700132664232], [-95.3770975694316, 29.770011441993]]}, "properties": {"centerlineid": 10135097, "roadclass": "LOCAL", "fullname": "DART ST", "fromleft": 1801, "toleft": 1899, "fromright": 1800, "toright": 1898, "onewaydir": " "}}, {"type": "Feature", "geometry": {"type": "LineString", "coordinates": [[-95.3653786475109, 29.7628473314474], [-95.365988972921, 29.7620311273174]]}, "properties": {"centerlineid": 10135153, "roadclass": "LOCAL", "fullname": "SMITH ST", "fromleft": 501, "toleft": 599, "fromright": 500, "toright": 598, "onewaydir": "FT"}}, {"type": "Feature", "geometry": {"type": "LineString", "coordinates": [[-95.3648981015805, 29.7602534519816], [-95.3640283193882, 29.7597289050044]]}, "properties": {"centerlineid": 10135170, "roadclass": "LOCAL", "fullname": "CAPITOL ST", "fromleft": 801, "toleft": 899, "fromright": 800, "toright": 898, "onewaydir": "TF"}}, {"type": "Feature", "geometry": {"type": "LineString", "coordinates": [[-95.3771965869477, 29.7677910998952], [-95.3783105107106, 29.7679170833779]]}, "properties": {"centerlineid": 10135195, "roadclass": "MAJOR", "fullname": "WASHINGTON AVE", "fromleft": 1901, "toleft": 1999, "fromright": 1900, "toright": 1998, "onewaydir": " "}}, {"type": "Feature", "geometry": {"type": "LineString", "coordinates": [[-95.3607017593971, 29.7667326302478], [-95.36064840432, 29.7664542618284], [-95.3605950223355, 29.7657731432936], [-95.3605816871381, 29.7655666746247], [-95.360523498893, 29.7651022423341]]}, "properties": {"centerlineid": 10140278, "roadclass": "RAMP", "fullname": "TRAVIS ST", "fromleft": 7, "toleft": 29, "fromright": 6, "toright": 28, "onewaydir": "TF"}}, {"type": "Feature", "geometry": {"type": "LineString", "coordinates": [[-95.3711809018709, 29.7643684731284], [-95.3711812879707, 29.764244196454], [-95.3711276661055, 29.7641239387909], [-95.3710338570084, 29.7640002672029]]}, "properties": {"centerlineid": 10135173, "roadclass": "LOCAL", "fullname": "RIESNER ST", "fromleft": 91, "toleft": 99, "fromright": 90, "toright": 98, "onewaydir": " "}}, {"type": "Feature", "geometry": {"type": "LineString", "coordinates": [[-95.3712101210568, 29.7716544190429], [-95.3712432602972, 29.7715693374306], [-95.3713125681762, 29.7715449436063], [-95.3723826190207, 29.7715240006749]]}, "properties": {"centerlineid": 10135046, "roadclass": "LOCAL", "fullname": "BINGHAM ST", "fromleft": 1401, "toleft": 1499, "fromright": 1400, "toright": 1498, "onewaydir": " "}}, {"type": "Feature", "geometry": {"type": "LineString", "coordinates": [[-95.3763879486436, 29.7853140608404], [-95.3764107613935, 29.7860407647915]]}, "properties": {"centerlineid": 10087390, "roadclass": "LOCAL", "fullname": "HELEN ST", "fromleft": 3001, "toleft": 3099, "fromright": 3000, "toright": 3098, "onewaydir": " "}}, {"type": "Feature", "geometry": {"type": "LineString", "coordinates": [[-95.379294606386, 29.7836509206712], [-95.3807291124494, 29.7836395193986]]}, "properties": {"centerlineid": 10087459, "roadclass": "LOCAL", "fullname": "TEETSHORN ST", "fromleft": 701, "toleft": 799, "fromright": 700, "toright": 798, "onewaydir": " "}}, {"type": "Feature", "geometry": {"type": "LineString", "coordinates": [[-95.3807291124494, 29.7836395193986], [-95.3807291345042, 29.7844232882364]]}, "properties": {"centerlineid": 10087460, "roadclass": "LOCAL", "fullname": "WATSON ST", "fromleft": 2801, "toleft": 2899, "fromright": 2800, "toright": 2898, "onewaydir": " "}}, {"type": "Feature", "geometry": {"type": "LineString", "coordinates": [[-95.3820335727143, 29.7852720901236], [-95.3820566602314, 29.7859816800574]]}, "properties": {"centerlineid": 10086092, "roadclass": "LOCAL", "fullname": "JULIAN ST", "fromleft": 3001, "toleft": 3099, "fromright": 3000, "toright": 3098, "onewaydir": " "}}, {"type": "Feature", "geometry": {"type": "LineString", "coordinates": [[-95.36004578113, 29.776685288513], [-95.3592827777076, 29.7769618090557]]}, "properties": {"centerlineid": 10094381, "roadclass": "MAJOR", "fullname": "HOGAN ST", "fromleft": 801, "toleft": 899, "fromright": 800, "toright": 898, "onewaydir": " "}}, {"type": "Feature", "geometry": {"type": "LineString", "coordinates": [[-95.3601906497241, 29.7807496854919], [-95.3602593591826, 29.7808909167166], [-95.3605797005844, 29.7815717917874], [-95.3607476211814, 29.7819170447915]]}, "properties": {"centerlineid": 10094603, "roadclass": "LOCAL", "fullname": "GENTRY ST", "fromleft": 2201, "toleft": 2299, "fromright": 2200, "toright": 2298, "onewaydir": " "}}, {"type": "Feature", "geometry": {"type": "LineString", "coordinates": [[-95.3605415917614, 29.7833360457505], [-95.3606255497221, 29.7835192302039], [-95.360648409932, 29.7835765105119]]}, "properties": {"centerlineid": 10094647, "roadclass": "MAJOR", "fullname": "FULTON ST", "fromleft": 2329, "toleft": 2399, "fromright": 2328, "toright": 2398, "onewaydir": " "}}, {"type": "Feature", "geometry": {"type": "LineString", "coordinates": [[-95.3653633311734, 29.7774786197967], [-95.3646158234078, 29.7777590344085]]}, "properties": {"centerlineid": 10087596, "roadclass": "LOCAL", "fullname": "PASCHALL ST", "fromleft": 301, "toleft": 399, "fromright": 300, "toright": 398, "onewaydir": " "}}, {"type": "Feature", "geometry": {"type": "LineString", "coordinates": [[-95.3648369451297, 29.7738814786611], [-95.3642265993862, 29.7740797855964], [-95.3641656826902, 29.7741103691472]]}, "properties": {"centerlineid": 10087601, "roadclass": "LOCAL", "fullname": "PINCKNEY ST", "fromleft": 101, "toleft": 299, "fromright": 100, "toright": 298, "onewaydir": " "}}, {"type": "Feature", "geometry": {"type": "LineString", "coordinates": [[-95.3770441624582, 29.775147833945], [-95.3781731633769, 29.7751382530562]]}, "properties": {"centerlineid": 10087688, "roadclass": "LOCAL", "fullname": "SPRING ST", "fromleft": 1901, "toleft": 1999, "fromright": 1900, "toright": 1998, "onewaydir": " "}}, {"type": "Feature", "geometry": {"type": "LineString", "coordinates": [[-95.3701166444389, 29.773778370548], [-95.3701166435522, 29.7745185556927]]}, "properties": {"centerlineid": 10087700, "roadclass": "LOCAL", "fullname": "GOLIAD ST", "fromleft": 1801, "toleft": 1899, "fromright": 1800, "toright": 1898, "onewaydir": " "}}, {"type": "Feature", "geometry": {"type": "LineString", "coordinates": [[-95.3724129490035, 29.775203275915], [-95.3730232921988, 29.7751936976928], [-95.3736336881785, 29.77518412038]]}, "properties": {"centerlineid": 10087718, "roadclass": "LOCAL", "fullname": "SPRING ST", "fromleft": 1501, "toleft": 1599, "fromright": 1500, "toright": 1598, "onewaydir": " "}}, {"type": "Feature", "geometry": {"type": "LineString", "coordinates": [[-95.3627160902861, 29.7763934184187], [-95.3629908001556, 29.7769828058476]]}, "properties": {"centerlineid": 10087754, "roadclass": "LOCAL", "fullname": "KEENE ST", "fromleft": 1911, "toleft": 1999, "fromright": 1910, "toright": 1998, "onewaydir": " "}}, {"type": "Feature", "geometry": {"type": "LineString", "coordinates": [[-95.3656533519017, 29.7780698132389], [-95.3659355823812, 29.7786477699433]]}, "properties": {"centerlineid": 10087781, "roadclass": "LOCAL", "fullname": "THOMAS ST", "fromleft": 2113, "toleft": 2199, "fromright": 2112, "toright": 2198, "onewaydir": " "}}, {"type": "Feature", "geometry": {"type": "LineString", "coordinates": [[-95.3659355823812, 29.7786477699433], [-95.3661875004789, 29.7791801069084]]}, "properties": {"centerlineid": 10087784, "roadclass": "LOCAL", "fullname": "THOMAS ST", "fromleft": 2201, "toleft": 2299, "fromright": 2200, "toright": 2298, "onewaydir": " "}}, {"type": "Feature", "geometry": {"type": "LineString", "coordinates": [[-95.3664163636229, 29.7858062368101], [-95.3669808273601, 29.7862390775311]]}, "properties": {"centerlineid": 10087836, "roadclass": "MAJOR", "fullname": "N MAIN ST", "fromleft": 2901, "toleft": 2999, "fromright": 2900, "toright": 2998, "onewaydir": " "}}, {"type": "Feature", "geometry": {"type": "LineString", "coordinates": [[-95.3771431579467, 29.7654929529483], [-95.3771356443464, 29.7662329342134]]}, "properties": {"centerlineid": 10135370, "roadclass": "LOCAL", "fullname": "SILVER ST", "fromleft": 701, "toleft": 799, "fromright": 700, "toright": 798, "onewaydir": " "}}, {"type": "Feature", "geometry": {"type": "LineString", "coordinates": [[-95.3771278692428, 29.7647374685567], [-95.3771431579467, 29.7654929529483]]}, "properties": {"centerlineid": 10135375, "roadclass": "LOCAL", "fullname": "SILVER ST", "fromleft": 601, "toleft": 699, "fromright": 600, "toright": 698, "onewaydir": " "}}, {"type": "Feature", "geometry": {"type": "LineString", "coordinates": [[-95.3794166862966, 29.7676710802356], [-95.3805230928471, 29.7676633356568]]}, "properties": {"centerlineid": 10135422, "roadclass": "LOCAL", "fullname": "UNION ST", "fromleft": 2101, "toleft": 2199, "fromright": 2100, "toright": 2198, "onewaydir": " "}}, {"type": "Feature", "geometry": {"type": "LineString", "coordinates": [[-95.3805153203013, 29.7654737865502], [-95.381357245303, 29.7654707112549]]}, "properties": {"centerlineid": 10135446, "roadclass": "LOCAL", "fullname": "LUBBOCK ST", "fromleft": 2201, "toleft": 2299, "fromright": 2200, "toright": 2298, "onewaydir": " "}}, {"type": "Feature", "geometry": {"type": "MultiLineString", "coordinates": [[[-95.3673917245408, 29.7655649096683], [-95.3673634675905, 29.7655592363985]], [[-95.3673634675905, 29.7655592363985], [-95.3670508604745, 29.7654964669416]], [[-95.3670508604745, 29.7654964669416], [-95.3669768493289, 29.7654816071828]]]}, "properties": {"centerlineid": 10135516, "roadclass": "LOCAL", "fullname": "FRANKLIN ST", "fromleft": 0, "toleft": 0, "fromright": 0, "toright": 0, "onewaydir": " "}}, {"type": "Feature", "geometry": {"type": "LineString", "coordinates": [[-95.3649590003521, 29.7691281918163], [-95.3648447000414, 29.7689661881256], [-95.3647454259507, 29.7688687835186], [-95.3643333750115, 29.7684740216726], [-95.3640817209547, 29.7682643329472], [-95.3637921433523, 29.7680470329103], [-95.363582972985, 29.767894237224], [-95.3633247070969, 29.7677057162277], [-95.3632073025602, 29.7676203736728], [-95.3630728710475, 29.7675211909821], [-95.3629514297268, 29.76742618475], [-95.3628301941617, 29.7673254507544], [-95.3627285805758, 29.7672271606916], [-95.3626463860303, 29.7671370400732], [-95.3625746328626, 29.7670531132045], [-95.3624999081599, 29.7669458195293], [-95.3624215192622, 29.7668034311757], [-95.3623737867801, 29.7667026891112], [-95.3623620247412, 29.7666772489934], [-95.3623507654929, 29.7666516363425], [-95.3623400100858, 29.7666258579572], [-95.3623297633259, 29.7665999241236], [-95.3623200275961, 29.766573840548], [-95.3623108065308, 29.7665476140997], [-95.3623021010601, 29.7665212549592], [-95.3622939148587, 29.7664947688683], [-95.362286251521, 29.7664681638231], [-95.362279110725, 29.766441448842], [-95.3622724961456, 29.7664146296667], [-95.3622664100044, 29.7663877165128], [-95.3622608533521, 29.7663607161792], [-95.3622558284508, 29.7663336377543], [-95.362251336391, 29.7663064869096], [-95.3622473781428, 29.7662792726983], [-95.3622439546762, 29.766252004174], [-95.3622410683738, 29.766224687043], [-95.3622387188333, 29.7661973325782], [-95.3622369071854, 29.7661699453239], [-95.3622356330679, 29.7661425354255], [-95.362234898783, 29.766115110844], [-95.3622347040489, 29.7660876794705], [-95.3622350472917, 29.7660602491608], [-95.3622359295216, 29.766032827841], [-95.3622373504165, 29.766005424529], [-95.3622393097751, 29.7659780448615], [-95.3622418071948, 29.765950700111], [-95.3622448411821, 29.7659233958789], [-95.362248411415, 29.7658961411833], [-95.3622525163196, 29.7658689438801], [-95.3622571556141, 29.7658418118601], [-95.3622623264325, 29.765814752944], [-95.3622680284529, 29.7657877761501], [-95.3622742601415, 29.7657608882067], [-95.3623192781804, 29.7655748611619], [-95.3624107651149, 29.7653955534514], [-95.3625253305222, 29.7652314788576], [-95.362708307047, 29.7649969271376], [-95.3629908039181, 29.7647374900365], [-95.3631356925387, 29.764678391885]]}, "properties": {"centerlineid": 10135535, "roadclass": "RAMP", "fullname": "IH 10 EAST FWY SMITH RAMP", "fromleft": 0, "toleft": 0, "fromright": 0, "toright": 0, "onewaydir": "FT"}}, {"type": "Feature", "geometry": {"type": "LineString", "coordinates": [[-95.361103019863, 29.7719323001969], [-95.3611398648179, 29.7718817140606], [-95.3611844308644, 29.7718138806253], [-95.3611957123847, 29.7717896077697], [-95.3612177450479, 29.771741716775], [-95.3612131175557, 29.7716994748839]]}, "properties": {"centerlineid": 10140353, "roadclass": "LOCAL", "fullname": "TRENTHAM PL", "fromleft": 479, "toleft": 499, "fromright": 478, "toright": 498, "onewaydir": " "}}, {"type": "Feature", "geometry": {"type": "LineString", "coordinates": [[-95.3596033451191, 29.7604556139673], [-95.3601450444285, 29.7597765653838], [-95.3601984083204, 29.7597079127462]]}, "properties": {"centerlineid": 10140357, "roadclass": "LOCAL", "fullname": "SAN JACINTO ST", "fromleft": 401, "toleft": 499, "fromright": 400, "toright": 498, "onewaydir": "TF"}}, {"type": "Feature", "geometry": {"type": "LineString", "coordinates": [[-95.3838418851392, 29.7683424012834], [-95.3838494038177, 29.7685769577197], [-95.3838571610189, 29.769120676427]]}, "properties": {"centerlineid": 10134871, "roadclass": "LOCAL", "fullname": "BRASHEAR ST", "fromleft": 1001, "toleft": 1099, "fromright": 1000, "toright": 1098, "onewaydir": " "}}, {"type": "Feature", "geometry": {"type": "LineString", "coordinates": [[-95.3725655851861, 29.7638334814986], [-95.3727182517358, 29.7638238921128]]}, "properties": {"centerlineid": 10135022, "roadclass": "MAJOR", "fullname": "MEMORIAL DR", "fromleft": 0, "toleft": 0, "fromright": 1494, "toright": 1498, "onewaydir": "TF"}}, {"type": "Feature", "geometry": {"type": "LineString", "coordinates": [[-95.374717037737, 29.7715009755519], [-95.374724809364, 29.7722123897043]]}, "properties": {"centerlineid": 10135047, "roadclass": "LOCAL", "fullname": "COLORADO ST", "fromleft": 1501, "toleft": 1599, "fromright": 1500, "toright": 1598, "onewaydir": " "}}, {"type": "Feature", "geometry": {"type": "LineString", "coordinates": [[-95.3723289555109, 29.7661681133032], [-95.3723289675621, 29.7668738769706]]}, "properties": {"centerlineid": 10135072, "roadclass": "MAJOR", "fullname": "HOUSTON AVE", "fromleft": 801, "toleft": 899, "fromright": 800, "toright": 898, "onewaydir": " "}}, {"type": "Feature", "geometry": {"type": "LineString", "coordinates": [[-95.3792183212541, 29.7717850496212], [-95.3792261452691, 29.7721571786205]]}, "properties": {"centerlineid": 10135085, "roadclass": "LOCAL", "fullname": "HENDERSON ST", "fromleft": 1501, "toleft": 1599, "fromright": 1500, "toright": 1598, "onewaydir": " "}}, {"type": "Feature", "geometry": {"type": "LineString", "coordinates": [[-95.3634254970656, 29.7605051141928], [-95.3625406305992, 29.759980566693]]}, "properties": {"centerlineid": 10135169, "roadclass": "MAJOR", "fullname": "TEXAS ST", "fromleft": 901, "toleft": 999, "fromright": 900, "toright": 998, "onewaydir": "FT"}}, {"type": "Feature", "geometry": {"type": "LineString", "coordinates": [[-95.3691563652267, 29.7623597563039], [-95.3687738301256, 29.7622408269947], [-95.3685296829395, 29.7621664352724], [-95.3683695148498, 29.7621187392435]]}, "properties": {"centerlineid": 10135235, "roadclass": "LOCAL", "fullname": "CAPITOL ST", "fromleft": 301, "toleft": 399, "fromright": 300, "toright": 398, "onewaydir": "TF"}}, {"type": "Feature", "geometry": {"type": "LineString", "coordinates": [[-95.3711483965638, 29.7670945020667], [-95.3711594236987, 29.7661068784073], [-95.3711590685063, 29.7660776734914], [-95.3711507021474, 29.7660385206165], [-95.3711267106771, 29.7660074592422], [-95.3709625432876, 29.7659190788878], [-95.3709355067862, 29.7658952344003], [-95.3709320200737, 29.7658756768155], [-95.3710105476446, 29.7657062841883], [-95.3710158503309, 29.765674798609], [-95.3710195439355, 29.7656493535942], [-95.3710162733822, 29.7656237199799], [-95.3710043419187, 29.7656063664528], [-95.3709844871445, 29.7655766334503], [-95.3709772818279, 29.7655495618038], [-95.370975418513, 29.7655179995062], [-95.370987556898, 29.7654903493085], [-95.371184746159, 29.7651599479115], [-95.3712002320966, 29.7651165754461], [-95.3712012696799, 29.7650874093673], [-95.3711694205951, 29.764956988058]]}, "properties": {"centerlineid": 10135077, "roadclass": "LOCAL", "fullname": "RIESNER ST", "fromleft": 1, "toleft": 61, "fromright": 2, "toright": 60, "onewaydir": " "}}, {"type": "Feature", "geometry": {"type": "LineString", "coordinates": [[-95.3711727833439, 29.7700687680709], [-95.3711847060898, 29.7707933881905]]}, "properties": {"centerlineid": 10135058, "roadclass": "LOCAL", "fullname": "HICKORY ST", "fromleft": 1301, "toleft": 1399, "fromright": 1300, "toright": 1398, "onewaydir": " "}}, {"type": "Feature", "geometry": {"type": "LineString", "coordinates": [[-95.3759302162058, 29.7837195907456], [-95.3759836257044, 29.7836812625855], [-95.3763954739427, 29.7836869560347]]}, "properties": {"centerlineid": 10087363, "roadclass": "LOCAL", "fullname": "TEETSHORN ST", "fromleft": 401, "toleft": 499, "fromright": 400, "toright": 498, "onewaydir": " "}}, {"type": "Feature", "geometry": {"type": "LineString", "coordinates": [[-95.3721078974948, 29.7856173050676], [-95.3721231476135, 29.7864718202135]]}, "properties": {"centerlineid": 10087394, "roadclass": "MAJOR", "fullname": "HOUSTON AVE", "fromleft": 3009, "toleft": 3099, "fromright": 3008, "toright": 3098, "onewaydir": " "}}, {"type": "Feature", "geometry": {"type": "LineString", "coordinates": [[-95.3820260420899, 29.784102912146], [-95.3842728535166, 29.7840852781496]]}, "properties": {"centerlineid": 10086223, "roadclass": "LOCAL", "fullname": "BYRNE ST", "fromleft": 901, "toleft": 999, "fromright": 900, "toright": 998, "onewaydir": " "}}, {"type": "Feature", "geometry": {"type": "LineString", "coordinates": [[-95.360648409932, 29.7835765105119], [-95.3606255703586, 29.7835858921239], [-95.3599084441076, 29.7838605925104]]}, "properties": {"centerlineid": 10094284, "roadclass": "LOCAL", "fullname": "MORRIS ST", "fromleft": 1101, "toleft": 1199, "fromright": 1100, "toright": 1198, "onewaydir": " "}}, {"type": "Feature", "geometry": {"type": "LineString", "coordinates": [[-95.3683848104919, 29.7798648594463], [-95.3683923005793, 29.77973686032], [-95.3684084709821, 29.7795305839297], [-95.3684149608971, 29.7794777126867], [-95.3684260893129, 29.7794254328831], [-95.3684417904022, 29.7793740537341], [-95.3684619712923, 29.7793238791276], [-95.3684865126146, 29.7792752058267], [-95.368515269211, 29.7792283217144], [-95.3685480709924, 29.7791835040908], [-95.368584723945, 29.7791410180337], [-95.3686250112773, 29.7791011148298], [-95.3686686947034, 29.7790640304893], [-95.3687155158513, 29.77902998435], [-95.3687651977921, 29.7789991777795], [-95.3688174466771, 29.7789717929849], [-95.3688719534761, 29.7789479919346], [-95.3689283958052, 29.7789279154011], [-95.3689864398333, 29.7789116821277], [-95.3690748342295, 29.778906079146], [-95.3692452762627, 29.778892720795], [-95.3694412087095, 29.7788527599676], [-95.3695287633989, 29.7788184916337], [-95.3696239629515, 29.7787661113948], [-95.3697170484024, 29.7787075671363], [-95.3698222238295, 29.778637136919], [-95.3699449726592, 29.7785585495276], [-95.3700860623724, 29.7784971935058]]}, "properties": {"centerlineid": 10087841, "roadclass": "RAMP", "fullname": "IH 45 HOV IH 10", "fromleft": 5, "toleft": 7, "fromright": 6, "toright": 8, "onewaydir": "N"}}, {"type": "Feature", "geometry": {"type": "LineString", "coordinates": [[-95.3637792357548, 29.7674198708581], [-95.36438781473, 29.7675481716083], [-95.3647105018914, 29.7676257053959], [-95.3649589711004, 29.7676871172111], [-95.3651810625926, 29.7677513414769], [-95.3653311411455, 29.7677942110393], [-95.3654392328252, 29.7678315037859], [-95.365468875148, 29.7678427756028], [-95.3654719966138, 29.7678439908862], [-95.3654750944273, 29.7678452529194], [-95.3654781660044, 29.7678465616322], [-95.3654812113452, 29.7678479170247], [-95.3654842292377, 29.7678493168074], [-95.3654872196018, 29.7678507632347], [-95.3654901799335, 29.7678522539819], [-95.365493111525, 29.7678537890842], [-95.3654960105001, 29.7678553684365], [-95.3654988794429, 29.7678569921088], [-95.3655017145575, 29.7678586577414], [-95.3655045171359, 29.7678603653693], [-95.365507284554, 29.7678621160499], [-95.3655100168517, 29.7678639086557], [-95.3655127141095, 29.7678657409323], [-95.3655153737031, 29.7678676139369], [-95.3655179956325, 29.7678695276693], [-95.3655205799779, 29.7678714798751], [-95.3655231254071, 29.7678734716466], [-95.3655256307085, 29.7678755006941], [-95.3655280958819, 29.7678775670176], [-95.3655305183432, 29.7678796705471], [-95.3655328993847, 29.7678818113175], [-95.3655352378345, 29.7678839859121], [-95.3655375336124, 29.7678861965854], [-95.3655397841745, 29.7678884421399], [-95.365541989601, 29.7678907203213], [-95.365544149892, 29.7678930311294], [-95.3655462650474, 29.7678953745643], [-95.365548332483, 29.7678977505558], [-95.3655503523195, 29.7679001557222], [-95.3655523244765, 29.7679025923181], [-95.3655542477421, 29.7679050580538], [-95.3655561221566, 29.767907551802], [-95.3655579463877, 29.7679100746549], [-95.365559721848, 29.7679126232659], [-95.3655614446212, 29.767915198657], [-95.3655631172913, 29.7679178008985], [-95.3655647373946, 29.7679204265381], [-95.3655663061832, 29.7679230767385], [-95.365567821113, 29.7679257503021], [-95.3655692835162, 29.7679284461367], [-95.3655706921409, 29.7679311630801], [-95.365572045655, 29.7679339022245], [-95.3655733454708, 29.767936660223], [-95.3655745915484, 29.7679394382031], [-95.3655757800917, 29.7679422338049], [-95.3655769149771, 29.7679450471336], [-95.3655779936203, 29.7679478781191], [-95.3655790148498, 29.7679507233446], [-95.3655799798773, 29.7679535850997], [-95.3655808888233, 29.7679564600024], [-95.3655817403555, 29.7679593491452], [-95.3655825345945, 29.7679622491461], [-95.3655832701678, 29.7679651622246], [-95.3655839497801, 29.7679680850691], [-95.3655845695552, 29.7679710175743], [-95.3655851320771, 29.7679739598104], [-95.3655856361341, 29.7679769094878], [-95.3655860804342, 29.7679798665713], [-95.3655864676017, 29.767982830004], [-95.3655867950926, 29.7679857985883], [-95.365587064199, 29.7679887723593], [-95.365587273709, 29.7679917490274], [-95.3655874249148, 29.7679947286277], [-95.3655877005091, 29.7680015130644], [-95.3655878568604, 29.7680065261186], [-95.3655879200213, 29.7680115411588], [-95.3655878874479, 29.7680165569876], [-95.3655877605526, 29.7680215702583], [-95.3655875405874, 29.7680265821332], [-95.3655872250485, 29.7680315902876], [-95.3655868153081, 29.7680365925021], [-95.3655863113664, 29.7680415887765], [-95.3655857145958, 29.7680465768915], [-95.3655850237441, 29.7680515556847], [-95.3655842375597, 29.7680565239937], [-95.3655833599589, 29.7680614807965], [-95.3655823884377, 29.7680664237684], [-95.3655813230364, 29.7680713517821], [-95.3655801663391, 29.7680762649077], [-95.3655703211393, 29.7681163843431], [-95.3655159584458, 29.7683024476336], [-95.3653099453463, 29.7688363698132]]}, "properties": {"centerlineid": 10135364, "roadclass": "LOCAL", "fullname": "GIRARD ST", "fromleft": 601, "toleft": 799, "fromright": 600, "toright": 798, "onewaydir": " "}}, {"type": "Feature", "geometry": {"type": "LineString", "coordinates": [[-95.3700855706177, 29.7723494114064], [-95.3700860196697, 29.7725024069674], [-95.3700935938226, 29.773019234007]]}, "properties": {"centerlineid": 10135432, "roadclass": "LOCAL", "fullname": "GOLIAD ST", "fromleft": 1601, "toleft": 1699, "fromright": 1600, "toright": 1698, "onewaydir": " "}}, {"type": "Feature", "geometry": {"type": "LineString", "coordinates": [[-95.3802674740443, 29.763217116367], [-95.3810569973195, 29.7629331235556], [-95.3816445690361, 29.7627081239841]]}, "properties": {"centerlineid": 10135021, "roadclass": "MAJOR", "fullname": "MEMORIAL DR", "fromleft": 0, "toleft": 0, "fromright": 2400, "toright": 2448, "onewaydir": "TF"}}, {"type": "Feature", "geometry": {"type": "LineString", "coordinates": [[-95.3686289360301, 29.7602933961936], [-95.3677972638587, 29.7597954916187]]}, "properties": {"centerlineid": 10135136, "roadclass": "LOCAL", "fullname": "WALKER ST", "fromleft": 501, "toleft": 599, "fromright": 500, "toright": 598, "onewaydir": "TF"}}, {"type": "Feature", "geometry": {"type": "LineString", "coordinates": [[-95.3710338570084, 29.7640002672029], [-95.3719595884226, 29.7640226365328], [-95.3721154164114, 29.7640185292601]]}, "properties": {"centerlineid": 10135139, "roadclass": "LOCAL", "fullname": "N MEMORIAL WAY", "fromleft": 1401, "toleft": 1489, "fromright": 1400, "toright": 1488, "onewaydir": " "}}, {"type": "Feature", "geometry": {"type": "LineString", "coordinates": [[-95.3753273949367, 29.7610429261086], [-95.3753385456103, 29.7611282624255], [-95.3753655002846, 29.7613329231418], [-95.3753686693164, 29.7613502672], [-95.3754953447085, 29.762061503156]]}, "properties": {"centerlineid": 10135142, "roadclass": "LOCAL", "fullname": "SABINE ST", "fromleft": 107, "toleft": 149, "fromright": 106, "toright": 148, "onewaydir": " "}}, {"type": "Feature", "geometry": {"type": "LineString", "coordinates": [[-95.3755562708323, 29.76395552804], [-95.375777565597, 29.7640071015869], [-95.3760826182971, 29.7640242354076], [-95.3771203798161, 29.7640071283011]]}, "properties": {"centerlineid": 10135167, "roadclass": "LOCAL", "fullname": "N MEMORIAL WAY", "fromleft": 1801, "toleft": 1899, "fromright": 1800, "toright": 1898, "onewaydir": " "}}, {"type": "Feature", "geometry": {"type": "LineString", "coordinates": [[-95.3783105107106, 29.7679170833779], [-95.379424436299, 29.7680295657599]]}, "properties": {"centerlineid": 10135194, "roadclass": "MAJOR", "fullname": "WASHINGTON AVE", "fromleft": 2001, "toleft": 2099, "fromright": 2000, "toright": 2098, "onewaydir": " "}}, {"type": "Feature", "geometry": {"type": "LineString", "coordinates": [[-95.366317094402, 29.7653442143899], [-95.3642571861379, 29.7648958248708]]}, "properties": {"centerlineid": 10135292, "roadclass": "LOCAL", "fullname": "FRANKLIN ST", "fromleft": 401, "toleft": 599, "fromright": 400, "toright": 598, "onewaydir": " "}}, {"type": "Feature", "geometry": {"type": "LineString", "coordinates": [[-95.374007641973, 29.7635149310206], [-95.3738354069932, 29.7635222095048], [-95.3727869036642, 29.7635665075673]]}, "properties": {"centerlineid": 10135580, "roadclass": "MAJOR", "fullname": "MEMORIAL SERVICE RD", "fromleft": 0, "toleft": 0, "fromright": 0, "toright": 0, "onewaydir": "FT"}}, {"type": "Feature", "geometry": {"type": "LineString", "coordinates": [[-95.3714975369016, 29.7688327300929], [-95.3715127883788, 29.7693648379565], [-95.3715134820627, 29.770066332944]]}, "properties": {"centerlineid": 10135282, "roadclass": "LOCAL", "fullname": "HICKORY ST", "fromleft": 1201, "toleft": 1299, "fromright": 1200, "toright": 1298, "onewaydir": " "}}, {"type": "Feature", "geometry": {"type": "LineString", "coordinates": [[-95.3720848340465, 29.7837996723452], [-95.3691597798541, 29.7838307684842]]}, "properties": {"centerlineid": 10087402, "roadclass": "LOCAL", "fullname": "PARKVIEW ST", "fromleft": 101, "toleft": 399, "fromright": 100, "toright": 398, "onewaydir": " "}}, {"type": "Feature", "geometry": {"type": "LineString", "coordinates": [[-95.3720313568403, 29.7830844748863], [-95.3723845977551, 29.7829790645114]]}, "properties": {"centerlineid": 10087661, "roadclass": "LOCAL", "fullname": "VIEUX CARRE DR", "fromleft": 101, "toleft": 199, "fromright": 100, "toright": 198, "onewaydir": " "}}, {"type": "Feature", "geometry": {"type": "LineString", "coordinates": [[-95.3723289622279, 29.7809842653919], [-95.3722680642386, 29.7812151560422], [-95.3719739310003, 29.7823540503422], [-95.3719508680855, 29.782514757644], [-95.371948226191, 29.7826561089709], [-95.3719523698212, 29.7827919401218], [-95.3719742621264, 29.7829334703762], [-95.3720313568403, 29.7830844748863]]}, "properties": {"centerlineid": 10087561, "roadclass": "MAJOR", "fullname": "HOUSTON AVE", "fromleft": 2601, "toleft": 2739, "fromright": 2600, "toright": 2738, "onewaydir": " "}}, {"type": "Feature", "geometry": {"type": "LineString", "coordinates": [[-95.3774119588399, 29.7829748899704], [-95.3778166189187, 29.7829724186418]]}, "properties": {"centerlineid": 10087461, "roadclass": "LOCAL", "fullname": "RIDGE ST", "fromleft": 525, "toleft": 599, "fromright": 524, "toright": 598, "onewaydir": " "}}, {"type": "Feature", "geometry": {"type": "LineString", "coordinates": [[-95.3778166189187, 29.7829724186418], [-95.3784706746195, 29.7829718829759], [-95.3787835241304, 29.7829451697788], [-95.3792795502318, 29.7829469882834]]}, "properties": {"centerlineid": 10087403, "roadclass": "LOCAL", "fullname": "RIDGE ST", "fromleft": 601, "toleft": 699, "fromright": 600, "toright": 698, "onewaydir": " "}}, {"type": "Feature", "geometry": {"type": "LineString", "coordinates": [[-95.3778166189187, 29.7829724186418], [-95.3778300039776, 29.7836719113499]]}, "properties": {"centerlineid": 10087423, "roadclass": "LOCAL", "fullname": "NORTHWOOD ST", "fromleft": 2701, "toleft": 2799, "fromright": 2700, "toright": 2798, "onewaydir": " "}}, {"type": "Feature", "geometry": {"type": "LineString", "coordinates": [[-95.3753885564364, 29.7819017498942], [-95.3755874721867, 29.7819025538076], [-95.375722261089, 29.7818972859228], [-95.3758256134149, 29.7818940372403], [-95.375930607628, 29.7818876091574], [-95.3760323356728, 29.7818749216883], [-95.3761261545234, 29.7818586137752], [-95.3762273603682, 29.7818315345059], [-95.376345552855, 29.7817961053463], [-95.3764589797973, 29.7817540196922], [-95.3773741532301, 29.7813537772884], [-95.3776848677372, 29.7812361638741]]}, "properties": {"centerlineid": 10087556, "roadclass": "MAJOR", "fullname": "WHITE OAK DR", "fromleft": 1801, "toleft": 1899, "fromright": 1800, "toright": 1898, "onewaydir": " "}}, {"type": "Feature", "geometry": {"type": "LineString", "coordinates": [[-95.3749841929352, 29.7825903401592], [-95.3757816747647, 29.7823944153799]]}, "properties": {"centerlineid": 10087624, "roadclass": "LOCAL", "fullname": "SAGE ST", "fromleft": 1701, "toleft": 1799, "fromright": 1700, "toright": 1798, "onewaydir": " "}}, {"type": "Feature", "geometry": {"type": "LineString", "coordinates": [[-95.3753885564364, 29.7819017498942], [-95.3755141638669, 29.7820371624241], [-95.3756224666179, 29.7821749187279], [-95.3757058197927, 29.7822797179354], [-95.3757816747647, 29.7823944153799]]}, "properties": {"centerlineid": 10087405, "roadclass": "LOCAL", "fullname": "N SABINE ST", "fromleft": 2601, "toleft": 2699, "fromright": 2600, "toright": 2698, "onewaydir": " "}}, {"type": "Feature", "geometry": {"type": "LineString", "coordinates": [[-95.3734740959967, 29.7815594739234], [-95.3737938307197, 29.7818636354804], [-95.3738814095319, 29.7819778050143], [-95.3739700712278, 29.7821169314706], [-95.3740709043584, 29.7822810722367], [-95.3741518278735, 29.7824541705498], [-95.3742745762545, 29.7827676340078]]}, "properties": {"centerlineid": 10087549, "roadclass": "LOCAL", "fullname": "BEAUCHAMP ST", "fromleft": 2601, "toleft": 2699, "fromright": 2600, "toright": 2698, "onewaydir": " "}}, {"type": "Feature", "geometry": {"type": "LineString", "coordinates": [[-95.3728631058404, 29.7809710435961], [-95.3731225831045, 29.7812380046074], [-95.3731453536712, 29.7812589944573], [-95.3734740959967, 29.7815594739234]]}, "properties": {"centerlineid": 10087508, "roadclass": "MAJOR", "fullname": "WHITE OAK DR", "fromleft": 1501, "toleft": 1699, "fromright": 1500, "toright": 1698, "onewaydir": " "}}, {"type": "Feature", "geometry": {"type": "LineString", "coordinates": [[-95.3749458664736, 29.7841869991909], [-95.3749458894705, 29.7846235928274]]}, "properties": {"centerlineid": 10087361, "roadclass": "LOCAL", "fullname": "FLORENCE ST", "fromleft": 2801, "toleft": 2899, "fromright": 2800, "toright": 2898, "onewaydir": " "}}, {"type": "Feature", "geometry": {"type": "LineString", "coordinates": [[-95.361289306176, 29.7676596787298], [-95.3611291242472, 29.7675928559709], [-95.3609980579453, 29.7675398055344], [-95.3609689758813, 29.7675280345196], [-95.3606942715866, 29.7674326565345], [-95.3605548616149, 29.7673917008205], [-95.3605036517906, 29.7673770776374], [-95.3604521652602, 29.7673632142086], [-95.3604004161549, 29.7673501131743], [-95.3603484211097, 29.7673377794996], [-95.3602961929639, 29.7673262157897], [-95.3602437483522, 29.7673154270096], [-95.3601911014461, 29.7673054146725], [-95.3601382689608, 29.7672961814888], [-95.3600852636953, 29.7672877311911], [-95.3600321011129, 29.7672800653277], [-95.3599787979289, 29.7672731866093], [-95.3599253695664, 29.7672670977113], [-95.359871828945, 29.7672617989846], [-95.359818194112, 29.7672572920477], [-95.3597644804906, 29.7672535795762], [-95.3597107010405, 29.7672506607938], [-95.3596568724769, 29.7672485384114], [-95.3596030116356, 29.7672472117577], [-95.359549131436, 29.7672466811838], [-95.3594952499256, 29.7672469483083], [-95.3594413801042, 29.7672480112278], [-95.3593875400596, 29.7672498704338], [-95.3593337427515, 29.7672525251498], [-95.3592800049753, 29.7672559758325], [-95.3592263423554, 29.7672602195213], [-95.3591727691034, 29.7672652566024], [-95.3591193021355, 29.7672710841505], [-95.3590659557036, 29.7672777014246], [-95.3590127453917, 29.7672851065915], [-95.3589596867839, 29.7672932978181], [-95.3589067942124, 29.7673022721091], [-95.3585802374813, 29.767396341934], [-95.3582633336868, 29.767495876211], [-95.3582500411752, 29.767500650172], [-95.3579933819995, 29.767592842613], [-95.3575400807203, 29.7677484975544], [-95.3573601961636, 29.7678102673595], [-95.3571877590731, 29.7678680339538], [-95.3569938721353, 29.7679414013879], [-95.3562081778483, 29.7682050032869], [-95.3558770799345, 29.7683396862853], [-95.3556664531117, 29.7684455133749], [-95.3551019616542, 29.7687142905702]]}, "properties": {"centerlineid": 10140690, "roadclass": "HIGHWAY", "fullname": "E IH 10 HWY", "fromleft": 501, "toleft": 1299, "fromright": 0, "toright": 0, "onewaydir": "TF"}}, {"type": "Feature", "geometry": {"type": "LineString", "coordinates": [[-95.370087625371, 29.7700772430749], [-95.3701840170907, 29.7700758054529], [-95.3705894952415, 29.7700697596795]]}, "properties": {"centerlineid": 10135057, "roadclass": "LOCAL", "fullname": "DART ST", "fromleft": 1301, "toleft": 1309, "fromright": 1300, "toright": 1308, "onewaydir": " "}}, {"type": "Feature", "geometry": {"type": "LineString", "coordinates": [[-95.3686881300379, 29.7694383844752], [-95.3687109418605, 29.7700978689364]]}, "properties": {"centerlineid": 10135413, "roadclass": "LOCAL", "fullname": "HOLLY ST", "fromleft": 1101, "toleft": 1299, "fromright": 1100, "toright": 1298, "onewaydir": " "}}, {"type": "Feature", "geometry": {"type": "LineString", "coordinates": [[-95.3755884807756, 29.7635054407994], [-95.3769261076639, 29.7634899553809], [-95.3775246947654, 29.7634480809184], [-95.378129533169, 29.763392722954], [-95.3788817229525, 29.7632896720386], [-95.3795255508523, 29.7631575540621], [-95.379657948953, 29.7631442057674], [-95.3796780233758, 29.7631423356895], [-95.3796981310044, 29.7631407689069], [-95.379718267963, 29.7631395053149], [-95.3797384264196, 29.7631385469586], [-95.3797586012461, 29.7631378925712], [-95.3797787859028, 29.7631375442325], [-95.3797989740096, 29.7631374995136], [-95.3798191603188, 29.7631377605293], [-95.3798393384502, 29.7631383248506], [-95.379859501824, 29.7631391956848], [-95.3798796453924, 29.7631403695104], [-95.3798997626153, 29.7631418484075], [-95.3799198471128, 29.7631436299471], [-95.3799398936369, 29.7631457162439], [-95.3799598958479, 29.7631481037418], [-95.3799798472857, 29.7631507922662], [-95.3799997427424, 29.7631537828048], [-95.3800195758381, 29.7631570729285], [-95.3800393401129, 29.7631606624629], [-95.3800590317307, 29.763164550176], [-95.3800786417277, 29.7631687335689], [-95.3800981661879, 29.7631732136642], [-95.3801175987314, 29.763177988033], [-95.3801369342703, 29.763183054281], [-95.3801561663445, 29.7631884122337], [-95.3801752885741, 29.7631940594622], [-95.3801942958313, 29.7631999946996], [-95.3802131829879, 29.7632062166792], [-95.380231943664, 29.7632127229717], [-95.3802505727718, 29.7632195111832], [-95.3802690651831, 29.7632265800467], [-95.3802874132261, 29.7632339270984], [-95.3803056131047, 29.7632415499792], [-95.3803236584389, 29.7632494462598], [-95.3803415453929, 29.7632576147084], [-95.3803592676265, 29.7632660517688], [-95.3803768187597, 29.763274755012], [-95.3803941962886, 29.7632837221136], [-95.3804113912491, 29.7632929505749], [-95.3804284024693, 29.763302436979], [-95.3804452222771, 29.7633121788623], [-95.3804618455845, 29.7633221738305], [-95.3804782686754, 29.76333241727], [-95.3804944864218, 29.7633429079139], [-95.3805104924836, 29.7633536422059], [-95.3805262843968, 29.7633646166945], [-95.3805418558214, 29.7633758278234], [-95.3805572017092, 29.7633872720713], [-95.3805723195563, 29.7633989471137], [-95.3805872030625, 29.7634108482673], [-95.3806018471797, 29.7634229720107], [-95.3806162494439, 29.7634353148923], [-95.3806304047669, 29.7634478745179], [-95.3806443094728, 29.7634606451466], [-95.3806579571812, 29.7634736243494], [-95.3806713467603, 29.7634868075824], [-95.3806844718697, 29.7635001912893], [-95.3806973300855, 29.7635137708912], [-95.3807099163595, 29.7635275428668], [-95.3807222269754, 29.7635415026023], [-95.3807342594693, 29.7635556466462], [-95.380746010125, 29.7635699703848], [-95.3808627837062, 29.7637149537955], [-95.3810570258134, 29.7640203294638]]}, "properties": {"centerlineid": 10135020, "roadclass": "MAJOR", "fullname": "SAWYER ST", "fromleft": 401, "toleft": 499, "fromright": 400, "toright": 498, "onewaydir": "FT"}}, {"type": "Feature", "geometry": {"type": "LineString", "coordinates": [[-95.3755884807756, 29.7635054407994], [-95.374007641973, 29.7635149310206]]}, "properties": {"centerlineid": 10135549, "roadclass": "MAJOR", "fullname": "MEMORIAL SERVICE RD", "fromleft": 0, "toleft": 0, "fromright": 0, "toright": 0, "onewaydir": "FT"}}, {"type": "Feature", "geometry": {"type": "LineString", "coordinates": [[-95.3755334415039, 29.7624087631561], [-95.3755562227984, 29.762660434725], [-95.3755726184418, 29.7632419326026], [-95.3755884807756, 29.7635054407994]]}, "properties": {"centerlineid": 10135010, "roadclass": "LOCAL", "fullname": "SABINE ST", "fromleft": 171, "toleft": 199, "fromright": 170, "toright": 198, "onewaydir": " "}}, {"type": "Feature", "geometry": {"type": "LineString", "coordinates": [[-95.3724893851661, 29.7640107440521], [-95.3727944718423, 29.7640014193737], [-95.3739278710752, 29.7639755766361]]}, "properties": {"centerlineid": 10135185, "roadclass": "LOCAL", "fullname": "N MEMORIAL WAY", "fromleft": 1501, "toleft": 1599, "fromright": 1500, "toright": 1598, "onewaydir": "TF"}}, {"type": "Feature", "geometry": {"type": "LineString", "coordinates": [[-95.3739278710752, 29.7639755766361], [-95.3743966469713, 29.7639555575988]]}, "properties": {"centerlineid": 10135207, "roadclass": "LOCAL", "fullname": "N MEMORIAL WAY", "fromleft": 1601, "toleft": 1699, "fromright": 1600, "toright": 1698, "onewaydir": "TF"}}, {"type": "Feature", "geometry": {"type": "LineString", "coordinates": [[-95.3739278710752, 29.7639755766361], [-95.3739083732059, 29.7647071394874]]}, "properties": {"centerlineid": 10135181, "roadclass": "LOCAL", "fullname": "TRINITY ST", "fromleft": 501, "toleft": 599, "fromright": 500, "toright": 598, "onewaydir": " "}}, {"type": "Feature", "geometry": {"type": "LineString", "coordinates": [[-95.3771724260504, 29.766976424877], [-95.37827996048, 29.7669635345243]]}, "properties": {"centerlineid": 10135111, "roadclass": "LOCAL", "fullname": "DECATUR ST", "fromleft": 1901, "toleft": 1999, "fromright": 1900, "toright": 1998, "onewaydir": " "}}, {"type": "Feature", "geometry": {"type": "LineString", "coordinates": [[-95.3771356443464, 29.7662329342134], [-95.3771724260504, 29.766976424877]]}, "properties": {"centerlineid": 10135108, "roadclass": "LOCAL", "fullname": "SILVER ST", "fromleft": 801, "toleft": 899, "fromright": 800, "toright": 898, "onewaydir": " "}}, {"type": "Feature", "geometry": {"type": "LineString", "coordinates": [[-95.3755945997586, 29.7669881989519], [-95.3767847128661, 29.7669863782097], [-95.3771724260504, 29.766976424877]]}, "properties": {"centerlineid": 10135109, "roadclass": "LOCAL", "fullname": "DECATUR ST", "fromleft": 1801, "toleft": 1899, "fromright": 1800, "toright": 1898, "onewaydir": " "}}, {"type": "Feature", "geometry": {"type": "LineString", "coordinates": [[-95.3771724260504, 29.766976424877], [-95.3771689048095, 29.767658441487], [-95.3771965869477, 29.7677910998952]]}, "properties": {"centerlineid": 10135110, "roadclass": "LOCAL", "fullname": "SILVER ST", "fromleft": 901, "toleft": 999, "fromright": 900, "toright": 998, "onewaydir": " "}}, {"type": "Feature", "geometry": {"type": "LineString", "coordinates": [[-95.3771965869477, 29.7677910998952], [-95.3772144962585, 29.7679093173483], [-95.377234695772, 29.7685541320534]]}, "properties": {"centerlineid": 10135317, "roadclass": "LOCAL", "fullname": "SILVER ST", "fromleft": 1001, "toleft": 1099, "fromright": 1000, "toright": 1098, "onewaydir": " "}}, {"type": "Feature", "geometry": {"type": "LineString", "coordinates": [[-95.3756326725691, 29.7676348427693], [-95.375650191269, 29.7683532201909]]}, "properties": {"centerlineid": 10135197, "roadclass": "LOCAL", "fullname": "SABINE ST", "fromleft": 1001, "toleft": 1099, "fromright": 1000, "toright": 1098, "onewaydir": " "}}, {"type": "Feature", "geometry": {"type": "LineString", "coordinates": [[-95.375650191269, 29.7683532201909], [-95.3757166322394, 29.7683825559523], [-95.3758156560298, 29.7684092365945], [-95.3760064077669, 29.7684263503103]]}, "properties": {"centerlineid": 10135344, "roadclass": "LOCAL", "fullname": "CENTER ST", "fromleft": 1801, "toleft": 1803, "fromright": 1800, "toright": 1802, "onewaydir": " "}}, {"type": "Feature", "geometry": {"type": "LineString", "coordinates": [[-95.3748849839944, 29.7682547463482], [-95.3751519050361, 29.7682814558675], [-95.375281766885, 29.7682910628342], [-95.3755562186403, 29.7683234647224], [-95.375650191269, 29.7683532201909]]}, "properties": {"centerlineid": 10135228, "roadclass": "LOCAL", "fullname": "CENTER ST", "fromleft": 1601, "toleft": 1699, "fromright": 1600, "toright": 1698, "onewaydir": " "}}, {"type": "Feature", "geometry": {"type": "LineString", "coordinates": [[-95.3770975694316, 29.770011441993], [-95.377044566941, 29.7700336459794], [-95.3770175228489, 29.7700498898997], [-95.3770054882206, 29.7700664211265], [-95.376996053223, 29.7700894700911], [-95.3769905201814, 29.7701185292612], [-95.3769905481767, 29.7707322648285]]}, "properties": {"centerlineid": 10135325, "roadclass": "LOCAL", "fullname": "SILVER ST", "fromleft": 1301, "toleft": 1399, "fromright": 1300, "toright": 1398, "onewaydir": " "}}, {"type": "Feature", "geometry": {"type": "LineString", "coordinates": [[-95.377234695772, 29.7685541320534], [-95.3772346593389, 29.7686782384384], [-95.3772346933268, 29.7693438101741], [-95.3772566296063, 29.7695198769339], [-95.3772476400851, 29.769858590264], [-95.3772419025194, 29.7698878752291], [-95.3772304783977, 29.7699183898351], [-95.37721270429, 29.7699416477944], [-95.377196138898, 29.7699633192296], [-95.3771737396741, 29.7699790783071], [-95.3770975694316, 29.770011441993]]}, "properties": {"centerlineid": 10135123, "roadclass": "LOCAL", "fullname": "SILVER ST", "fromleft": 1101, "toleft": 1299, "fromright": 1100, "toright": 1298, "onewaydir": " "}}, {"type": "Feature", "geometry": {"type": "LineString", "coordinates": [[-95.3825292269524, 29.7744121227232], [-95.3825318902466, 29.7751320250205]]}, "properties": {"centerlineid": 10086177, "roadclass": "LOCAL", "fullname": "SAWYERDALE ST", "fromleft": 1901, "toleft": 1999, "fromright": 1900, "toright": 1998, "onewaydir": " "}}, {"type": "Feature", "geometry": {"type": "LineString", "coordinates": [[-95.3825318902466, 29.7751320250205], [-95.384559012542, 29.7751021819863]]}, "properties": {"centerlineid": 10086279, "roadclass": "LOCAL", "fullname": "SAWYER HEIGHTS ST", "fromleft": 2401, "toleft": 2499, "fromright": 2400, "toright": 2498, "onewaydir": ""}}, {"type": "Feature", "geometry": {"type": "LineString", "coordinates": [[-95.3819623167916, 29.7744183129568], [-95.3825292269524, 29.7744121227232]]}, "properties": {"centerlineid": 10086170, "roadclass": "LOCAL", "fullname": "SHEARN ST", "fromleft": 2313, "toleft": 2399, "fromright": 2312, "toright": 2398, "onewaydir": " "}}, {"type": "Feature", "geometry": {"type": "LineString", "coordinates": [[-95.382684287041, 29.773652531487], [-95.382638219541, 29.7737472966502], [-95.3825790235774, 29.7738417085512], [-95.382505007374, 29.7739371522652], [-95.3824180669935, 29.7740265172607], [-95.3823332740453, 29.7741016088911], [-95.3819623167916, 29.7744183129568]]}, "properties": {"centerlineid": 10086172, "roadclass": "MAJOR", "fullname": "SAWYER ST", "fromleft": 1801, "toleft": 1899, "fromright": 1800, "toright": 1898, "onewaydir": " "}}, {"type": "Feature", "geometry": {"type": "LineString", "coordinates": [[-95.3814701696218, 29.7736598776463], [-95.3814782717381, 29.7744038111398]]}, "properties": {"centerlineid": 10086178, "roadclass": "LOCAL", "fullname": "TAYLOR ST", "fromleft": 1801, "toleft": 1899, "fromright": 1800, "toright": 1898, "onewaydir": " "}}, {"type": "Feature", "geometry": {"type": "LineString", "coordinates": [[-95.3814782717381, 29.7744038111398], [-95.3819623167916, 29.7744183129568]]}, "properties": {"centerlineid": 10086281, "roadclass": "LOCAL", "fullname": "SHEARN ST", "fromleft": 2301, "toleft": 2311, "fromright": 2300, "toright": 2310, "onewaydir": " "}}, {"type": "Feature", "geometry": {"type": "LineString", "coordinates": [[-95.3814782717381, 29.7744038111398], [-95.3814835614893, 29.7745787761923], [-95.3814877893526, 29.7746448079212], [-95.3814974483391, 29.7746966550125], [-95.3815280842018, 29.7747591007241], [-95.3815922681753, 29.7748482442447]]}, "properties": {"centerlineid": 10086179, "roadclass": "LOCAL", "fullname": "TAYLOR ST", "fromleft": 1901, "toleft": 1999, "fromright": 1900, "toright": 1998, "onewaydir": " "}}, {"type": "Feature", "geometry": {"type": "LineString", "coordinates": [[-95.3669199513378, 29.7736850489059], [-95.3668053602301, 29.7734217237024], [-95.3661468958781, 29.7722107580793], [-95.3656572257304, 29.7714502303089], [-95.3650679632302, 29.770602791435]]}, "properties": {"centerlineid": 10196316, "roadclass": "HIGHWAY", "fullname": "E IH 10", "fromleft": 101, "toleft": 287, "fromright": 0, "toright": 0, "onewaydir": "TF"}}, {"type": "Feature", "geometry": {"type": "LineString", "coordinates": [[-95.3650678088794, 29.7706070863177], [-95.3649093427025, 29.7704293966088], [-95.3647828302629, 29.770292219721], [-95.3646699075111, 29.7701577989758], [-95.3644615895161, 29.7699348121276], [-95.3641812175672, 29.7696597141785], [-95.3639048731333, 29.7694253279616], [-95.3637280911184, 29.7692947849494], [-95.3635498978949, 29.7691697007891], [-95.3632846757829, 29.7690072628422]]}, "properties": {"centerlineid": 10196317, "roadclass": "HIGHWAY", "fullname": "E IH 10", "fromleft": 289, "toleft": 399, "fromright": 0, "toright": 0, "onewaydir": "TF"}}, {"type": "Feature", "geometry": {"type": "LineString", "coordinates": [[-95.3858039537663, 29.7610759023614], [-95.3863208794141, 29.7610554335179], [-95.3866343399448, 29.761035163123], [-95.3868864269627, 29.7609816430107], [-95.3872054172634, 29.760896878843], [-95.3879309951846, 29.760651286267], [-95.3882760116254, 29.7606044536918], [-95.3883575352972, 29.7605933871695]]}, "properties": {"centerlineid": 1089259, "roadclass": "FRONTAGE", "fullname": "ALLEN PKWY", "fromleft": 1901, "toleft": 1999, "fromright": 0, "toright": 0, "onewaydir": "TF"}}, {"type": "Feature", "geometry": {"type": "LineString", "coordinates": [[-95.3762811197256, 29.7599763957852], [-95.3765215846784, 29.7599855186917], [-95.3766638223284, 29.7599927286462], [-95.3767210908812, 29.759996056654], [-95.3767782866128, 29.760000233455], [-95.3768353928488, 29.7600052552132], [-95.3768923940869, 29.7600111215097], [-95.3769492722406, 29.7600178318554], [-95.3770060106359, 29.7600253824145], [-95.3770625950621, 29.760033772803], [-95.377119008845, 29.7600429991851], [-95.3771752339382, 29.7600530599446], [-95.3772312562514, 29.7600639513158], [-95.3772870577781, 29.7600756705552], [-95.3773426244279, 29.7600882138971], [-95.3773979381944, 29.7601015785981], [-95.3774529850271, 29.7601157597653], [-95.3775077469595, 29.7601307535281], [-95.377562211153, 29.760146557283], [-95.3776163584693, 29.7601631637428], [-95.3776701760696, 29.7601805703039], [-95.3777236460673, 29.7601987708416], [-95.377776755704, 29.7602177604976], [-95.3778294883447, 29.7602375343094], [-95.3778818287269, 29.7602580850945], [-95.3779337615079, 29.7602794079252], [-95.3779852726769, 29.7603014967813], [-95.3780363469709, 29.7603243444806], [-95.3780869690471, 29.7603479460954], [-95.3781371249747, 29.760372293351], [-95.3781868007827, 29.7603973791001], [-95.3782359811682, 29.7604231972878], [-95.3782846521999, 29.7604497396395], [-95.3783327999069, 29.7604769990078], [-95.3783804103581, 29.7605049671184], [-95.3784274709142, 29.7605336357315], [-95.3785736179082, 29.760624291373]]}, "properties": {"centerlineid": 1089256, "roadclass": "FRONTAGE", "fullname": "ALLEN PKWY", "fromleft": 1101, "toleft": 1299, "fromright": 0, "toright": 0, "onewaydir": "TF"}}, {"type": "Feature", "geometry": {"type": "LineString", "coordinates": [[-95.3847944993807, 29.7610793029056], [-95.3857986872565, 29.7610755504363], [-95.3858039537663, 29.7610759023614]]}, "properties": {"centerlineid": 1089270, "roadclass": "FRONTAGE", "fullname": "ALLEN PKWY", "fromleft": 1801, "toleft": 1899, "fromright": 0, "toright": 0, "onewaydir": "TF"}}, {"type": "Feature", "geometry": {"type": "LineString", "coordinates": [[-95.3797222777044, 29.761057227658], [-95.3798444924532, 29.7610758448383], [-95.3830912743612, 29.7610257838517], [-95.3830936940332, 29.7610257464838]]}, "properties": {"centerlineid": 1089212, "roadclass": "FRONTAGE", "fullname": "ALLEN PKWY", "fromleft": 1401, "toleft": 1599, "fromright": 0, "toright": 0, "onewaydir": "TF"}}, {"type": "Feature", "geometry": {"type": "LineString", "coordinates": [[-95.3785736179082, 29.760624291373], [-95.3787703535176, 29.7607426409896], [-95.3787981821832, 29.7607590818221], [-95.3788263241544, 29.7607751124925], [-95.3788547719191, 29.7607907260275], [-95.3788835165132, 29.7608059199279], [-95.3789125516365, 29.7608206895097], [-95.3789418657809, 29.7608350310767], [-95.3789714539783, 29.7608489388527], [-95.3790013059724, 29.7608624103036], [-95.3790314128392, 29.760875441803], [-95.3790617669863, 29.7608880286322], [-95.3790923607417, 29.7609001683269], [-95.3791231839289, 29.7609118560985], [-95.3791542288758, 29.7609230894828], [-95.3791854853261, 29.760933865946], [-95.3792169456875, 29.7609441807692], [-95.3792486009557, 29.7609540325804], [-95.3792804409145, 29.7609634177187], [-95.3793124578914, 29.7609723337197], [-95.3793446429221, 29.7609807780844], [-95.3793769857504, 29.7609887482789], [-95.3794094786637, 29.7609962429662], [-95.3794421101538, 29.7610032584503], [-95.3794748738002, 29.7610097934292], [-95.3796931826064, 29.7610516494132], [-95.3797222777044, 29.761057227658]]}, "properties": {"centerlineid": 1089296, "roadclass": "FRONTAGE", "fullname": "ALLEN PKWY", "fromleft": 1301, "toleft": 1399, "fromright": 0, "toright": 0, "onewaydir": "TF"}}, {"type": "Feature", "geometry": {"type": "LineString", "coordinates": [[-95.3830936940332, 29.7610257464838], [-95.3836970897043, 29.7610879792054], [-95.3842853864946, 29.7610808814216], [-95.3845407558167, 29.7610571391979], [-95.3846933737551, 29.7610704700792], [-95.3847944993807, 29.7610793029056]]}, "properties": {"centerlineid": 1089179, "roadclass": "FRONTAGE", "fullname": "ALLEN PKWY", "fromleft": 1601, "toleft": 1799, "fromright": 0, "toright": 0, "onewaydir": "TF"}}, {"type": "Feature", "geometry": {"type": "LineString", "coordinates": [[-95.3858343668198, 29.7613454238906], [-95.3861604966221, 29.7613403477852], [-95.3863527750929, 29.7613343591484], [-95.3864829721293, 29.761326533608], [-95.3866069789296, 29.7613100410697], [-95.3867747634301, 29.7612806119631], [-95.3869229261634, 29.7612499246501], [-95.3870644805642, 29.7612078397022], [-95.387215257486, 29.7611548200765], [-95.3874047311503, 29.7610881940556], [-95.3876071034462, 29.7610154274293], [-95.3878069564929, 29.760943566367], [-95.3879932558704, 29.7608834018391], [-95.3881540659235, 29.760832246005], [-95.3883390953546, 29.760782990746]]}, "properties": {"centerlineid": 1074915, "roadclass": "MAJOR", "fullname": "ALLEN PKWY", "fromleft": 0, "toleft": 0, "fromright": 1900, "toright": 1998, "onewaydir": " "}}, {"type": "Feature", "geometry": {"type": "LineString", "coordinates": [[-95.3855301647229, 29.7611792615405], [-95.3845231140139, 29.761206907957], [-95.3839306307422, 29.7612203424146]]}, "properties": {"centerlineid": 1089110, "roadclass": "MAJOR", "fullname": "ALLEN PKWY", "fromleft": 1801, "toleft": 1899, "fromright": 0, "toright": 0, "onewaydir": " "}}, {"type": "Feature", "geometry": {"type": "LineString", "coordinates": [[-95.3855301647229, 29.7611792615405], [-95.3861801120858, 29.7611755030401], [-95.3865458475104, 29.7611647059264], [-95.3866986639229, 29.7611481642453], [-95.3868587609202, 29.7611170620008], [-95.3870177075857, 29.7610842224686], [-95.3871914837677, 29.7610355319272], [-95.387375572628, 29.7609786440804], [-95.3877329786453, 29.7608419265415], [-95.3880279774743, 29.7607512701872], [-95.3882877449, 29.7606940199104]]}, "properties": {"centerlineid": 10200133, "roadclass": "MAJOR", "fullname": "ALLEN PKWY", "fromleft": 1901, "toleft": 1999, "fromright": 0, "toright": 0, "onewaydir": " "}}, {"type": "Feature", "geometry": {"type": "LineString", "coordinates": [[-95.3756936048537, 29.7600932693317], [-95.3765034074007, 29.7600929123384], [-95.3766091456697, 29.7600928650038], [-95.3766540312802, 29.7600931817077], [-95.3766989046548, 29.760094170571], [-95.3767437515426, 29.7600958323365], [-95.3767885591047, 29.7600981644006], [-95.3768333143821, 29.7601011675411], [-95.376878003204, 29.7601048402466], [-95.3769226139833, 29.7601091810753], [-95.3769671324691, 29.7601141907705], [-95.3770115458626, 29.7601198656009], [-95.3770558412847, 29.7601262040902], [-95.3771000058165, 29.7601332058891], [-95.3771440253271, 29.7601408683589], [-95.3771878882695, 29.7601491889308], [-95.3772315818447, 29.7601581638739], [-95.3772750905498, 29.760167792769], [-95.3773184041698, 29.7601780719551], [-95.3773615098656, 29.7601889988286], [-95.3774043935864, 29.7602005684962], [-95.3774470437449, 29.7602127795165], [-95.3774894475823, 29.7602256270314], [-95.3775315922994, 29.7602391073099], [-95.3775734650972, 29.7602532166212], [-95.3776150544285, 29.7602679523966], [-95.3776563476142, 29.7602833075233], [-95.3776973331073, 29.7602992794328], [-95.3777379981885, 29.7603158621397], [-95.3777783313506, 29.760333051948], [-95.3778183198746, 29.7603508428725], [-95.377857952293, 29.7603692300899], [-95.3778972184307, 29.7603882088119], [-95.3779361043164, 29.7604077718912], [-95.3779745997747, 29.7604279145395], [-95.3780126933384, 29.7604486319337], [-95.37805037366, 29.7604699158688], [-95.3780876306041, 29.7604917604294], [-95.3781496436347, 29.7605287995574], [-95.3784653871556, 29.7607100127601], [-95.3785606867376, 29.7607695335391], [-95.3785958875116, 29.7607911271727], [-95.3786315025793, 29.7608121982771], [-95.3786675218447, 29.7608327398091], [-95.3787039338396, 29.7608527469449], [-95.3787407284679, 29.7608722126412], [-95.3787778955531, 29.7608911321092], [-95.3788154249191, 29.7609095005601], [-95.3788533051377, 29.7609273120431], [-95.3788915260725, 29.760944560642], [-95.378930076215, 29.7609612426606], [-95.378968942805, 29.7609773532402], [-95.3790081182501, 29.7609928876622], [-95.3790475885378, 29.7610078399055], [-95.3790873433716, 29.7610222085636], [-95.3791273713631, 29.7610359865581], [-95.3791676609238, 29.7610491724474], [-95.3792082005851, 29.761061761408], [-95.3792489788786, 29.7610737486161], [-95.3792899842156, 29.7610851326303], [-95.3793312037954, 29.7610959097192], [-95.3793726274417, 29.7611060750944], [-95.3794142422336, 29.7611156284065], [-95.3794560353706, 29.7611245659243], [-95.3794979966359, 29.7611328839868], [-95.3795401131489, 29.7611405811173], [-95.379582373361, 29.7611476547468], [-95.3796247643513, 29.7611541045264], [-95.3796672746512, 29.7611599256323], [-95.3797098912999, 29.761165118843], [-95.3797526027488, 29.7611696815893], [-95.3797953973689, 29.7611736135573], [-95.3800406764274, 29.7611943152689], [-95.3803674297887, 29.7611951093881], [-95.3813438017984, 29.7611773083921], [-95.3830883498062, 29.7611722035724], [-95.3833134192811, 29.7611883638793], [-95.3835883493689, 29.76120835866], [-95.3839306307422, 29.7612203424146]]}, "properties": {"centerlineid": 1089146, "roadclass": "MAJOR", "fullname": "ALLEN PKWY", "fromleft": 801, "toleft": 1799, "fromright": 0, "toright": 0, "onewaydir": " "}}, {"type": "Feature", "geometry": {"type": "LineString", "coordinates": [[-95.3772936735111, 29.7637013815284], [-95.3772129317651, 29.7637675921212], [-95.3772100143115, 29.763770027239], [-95.3772071457656, 29.7637725054284], [-95.3772043261274, 29.7637750266894], [-95.3772015579809, 29.763777591092], [-95.3771988413663, 29.7637801975088], [-95.3771961763635, 29.7637828436853], [-95.3771935655566, 29.7637855296912], [-95.3771910076536, 29.7637882554918], [-95.3771885052787, 29.7637910200296], [-95.3771860571797, 29.7637938221423], [-95.3771836673129, 29.7637966596803], [-95.3771813330141, 29.7637995348281], [-95.3771790557355, 29.7638024431117], [-95.3771768379812, 29.7638053868555], [-95.377174678539, 29.7638083637699], [-95.3771725787813, 29.7638113716353], [-95.3771705399198, 29.7638144127413], [-95.3771685621148, 29.7638174825787], [-95.3771666439942, 29.7638205833671], [-95.3771647895541, 29.7638237118295], [-95.3771629974625, 29.7638268690583], [-95.3771612691316, 29.7638300517066], [-95.3771596032294, 29.7638332608666], [-95.3771580024198, 29.7638364943537], [-95.3771564654109, 29.763839752133], [-95.3771549948669, 29.7638430320197], [-95.3771535882036, 29.7638463339441], [-95.3771522493373, 29.7638496568835], [-95.3771509756838, 29.7638530007683], [-95.3771497686554, 29.7638563622514], [-95.3771486295439, 29.7638597413678], [-95.3771475583897, 29.7638631369901], [-95.3771465539004, 29.7638665490836], [-95.3771456187404, 29.7638699754634], [-95.3771447503255, 29.7638734160598], [-95.3771439526119, 29.763876868723], [-95.3771432217236, 29.7638803333481], [-95.3771425615767, 29.7638838089126], [-95.3771203798161, 29.7640071283011]]}, "properties": {"centerlineid": 10199505, "roadclass": "LOCAL", "fullname": "SILVER ST", "fromleft": 401, "toleft": 499, "fromright": null, "toright": null, "onewaydir": " "}}, {"type": "Feature", "geometry": {"type": "LineString", "coordinates": [[-95.3693155120339, 29.779351685201], [-95.3691064057636, 29.7793248691417], [-95.3689297985661, 29.7793162761685], [-95.368464001145, 29.7792986747814], [-95.3682569728975, 29.7793163440347], [-95.368199281864, 29.779323926057]]}, "properties": {"centerlineid": 10201213, "roadclass": "MAJOR", "fullname": "QUITMAN ST", "fromleft": 0, "toleft": 0, "fromright": 0, "toright": 0, "onewaydir": " "}}, {"type": "Feature", "geometry": {"type": "LineString", "coordinates": [[-95.3815922681753, 29.7748482442447], [-95.3815529156903, 29.7749388924327], [-95.3815215640242, 29.7750354875666], [-95.3814984188237, 29.7751323065286]]}, "properties": {"centerlineid": 10201214, "roadclass": "MAJOR", "fullname": "SAWYER ST", "fromleft": 1967, "toleft": 1999, "fromright": 1966, "toright": 1998, "onewaydir": " "}}, {"type": "Feature", "geometry": {"type": "LineString", "coordinates": [[-95.3819623167916, 29.7744183129568], [-95.3818383582969, 29.7745324702092], [-95.3817596729247, 29.7746206235186], [-95.3816666909108, 29.7747413478737], [-95.3815922681753, 29.7748482442447]]}, "properties": {"centerlineid": 10201215, "roadclass": "MAJOR", "fullname": "SAWYER ST", "fromleft": 1901, "toleft": 1965, "fromright": 1900, "toright": 1964, "onewaydir": " "}}, {"type": "Feature", "geometry": {"type": "LineString", "coordinates": [[-95.3842567262598, 29.777013133129], [-95.3832845157349, 29.7771901271204], [-95.3824309832017, 29.7773851905521], [-95.3815591850775, 29.7776144513307], [-95.381175666215, 29.7777430137157], [-95.3797354573041, 29.7782492368655], [-95.3790504811546, 29.778556276723], [-95.3785774665103, 29.7787164462082], [-95.3781275080517, 29.7788519799794], [-95.3776467549056, 29.77896267525], [-95.3773339600233, 29.7790121809454], [-95.3770135702344, 29.7790502714934], [-95.3766548718362, 29.779069460288], [-95.3762733835827, 29.7790637519041], [-95.3759530129356, 29.7790502507625], [-95.3756555233993, 29.7790082954687], [-95.3753126179582, 29.778959935426], [-95.3747345925206, 29.7788549823988], [-95.3743883265718, 29.7787765948198], [-95.3740076514969, 29.778670802937], [-95.3730844813985, 29.7783732777261], [-95.3724446849533, 29.7781663407821], [-95.3718894413304, 29.7779867483314], [-95.3712491046844, 29.7777800380143], [-95.3711617287826, 29.7777510857293], [-95.3710749347508, 29.7777208312164], [-95.3709887468627, 29.7776892830323], [-95.3709031932688, 29.777656449839], [-95.3708182969106, 29.7776223412856], [-95.3707340832333, 29.7775869693461], [-95.3706505778429, 29.7775503414852], [-95.3705678048521, 29.777512470769], [-95.3704857871619, 29.7774733679744], [-95.3704045515896, 29.7774330428556], [-95.3703241196231, 29.7773915095365], [-95.3702445154551, 29.7773487788288], [-95.3701657631977, 29.7773048637989], [-95.3700878869631, 29.7772597775134], [-95.3700109069867, 29.7772135329336], [-95.3699348473401, 29.7771661442535], [-95.3698597308427, 29.7771176245045], [-95.3697855789817, 29.7770679878106], [-95.3697124132036, 29.7770172494229], [-95.3696402562474, 29.7769654246276], [-95.3695691270151, 29.7769125274788], [-95.3694990494973, 29.7768585744248], [-95.3694300412234, 29.7768035817392], [-95.3693621249316, 29.7767475647083], [-95.3692953194432, 29.7766905396407], [-95.3692296448715, 29.7766325228799], [-95.3691651199172, 29.7765735341163], [-95.3691017647735, 29.7765135874391], [-95.3690395968486, 29.7764527025035], [-95.3689786336307, 29.7763908967104], [-95.3689188951522, 29.7763281886581], [-95.3688603976087, 29.7762645957123], [-95.3688031584478, 29.7762001364012], [-95.3687471950369, 29.7761348315075], [-95.3686925222791, 29.776068698362], [-95.3686391588333, 29.7760017577823], [-95.3685087077269, 29.7758350843988], [-95.3672203514319, 29.7737961983727], [-95.3668613114841, 29.7732256777078], [-95.366513386701, 29.7726337080397], [-95.3664511993684, 29.7724700396895], [-95.3662993068638, 29.7720473073091], [-95.3662129444962, 29.7716955462471], [-95.3661933421229, 29.7714282051438], [-95.3661735249163, 29.771157930084], [-95.3661950962613, 29.7706760546808], [-95.3662565615317, 29.7703068155936], [-95.3664840831194, 29.769496577019], [-95.3670495072066, 29.7675223459663], [-95.3670763011765, 29.7672296963116], [-95.3670953828014, 29.7668534953622], [-95.3671474619442, 29.766575843323], [-95.3671958604205, 29.766334894233], [-95.3673917245408, 29.7655649096683]]}, "properties": {"centerlineid": 10201804, "roadclass": "HOV", "fullname": "IH 10 HOV", "fromleft": 0, "toleft": 0, "fromright": 0, "toright": 0, "onewaydir": "N"}}, {"type": "Feature", "geometry": {"type": "LineString", "coordinates": [[-95.3842567262598, 29.777013133129], [-95.3846783693184, 29.77697989747], [-95.3851007155063, 29.7769268508466], [-95.3855571196954, 29.7768747225745], [-95.3860924684911, 29.7768395922002], [-95.3866725268729, 29.7768254926185], [-95.3870989678918, 29.7768171630882], [-95.3877923201676, 29.7768914797254]]}, "properties": {"centerlineid": 10201810, "roadclass": "RAMP", "fullname": "IH 10 HOV - W IH 10", "fromleft": null, "toleft": null, "fromright": null, "toright": null, "onewaydir": null}}, {"type": "Feature", "geometry": {"type": "LineString", "coordinates": [[-95.3839473242846, 29.7772294467664], [-95.3847448932138, 29.7770872892885], [-95.3852385913269, 29.7770031004913], [-95.3858421790989, 29.7769582493647], [-95.3865308326974, 29.7769268361833], [-95.3877923201676, 29.7768914797254]]}, "properties": {"centerlineid": 10201805, "roadclass": "HIGHWAY", "fullname": "W IH 10", "fromleft": 0, "toleft": 0, "fromright": 2410, "toright": 2814, "onewaydir": "FT"}}, {"type": "Feature", "geometry": {"type": "LineString", "coordinates": [[-95.3842003083002, 29.776883565048], [-95.3843529699393, 29.7768550279884], [-95.3848642946937, 29.7767959312334], [-95.3854516242194, 29.7767272502345], [-95.3856195222467, 29.7767156373082], [-95.385917058597, 29.7766946343848], [-95.3866425568132, 29.7766577679672], [-95.3874096031677, 29.7766187848777], [-95.3877444077977, 29.7766123115046]]}, "properties": {"centerlineid": 10201807, "roadclass": "HIGHWAY", "fullname": "W IH 10", "fromleft": 2421, "toleft": 2799, "fromright": 0, "toright": 0, "onewaydir": "TF"}}, {"type": "Feature", "geometry": {"type": "LineString", "coordinates": [[-95.3877444077977, 29.7766123115046], [-95.3872280610338, 29.7767016794538], [-95.3869313030395, 29.7767382911195], [-95.3862657462134, 29.7767600001444], [-95.3857986928757, 29.7767920161409], [-95.3853025527529, 29.7768430746105], [-95.3848342687651, 29.7769097510413], [-95.3844974231258, 29.7769551885928], [-95.3842567262598, 29.777013133129]]}, "properties": {"centerlineid": 10201809, "roadclass": "RAMP", "fullname": "W IH 10 - IH 10 HOV", "fromleft": null, "toleft": null, "fromright": null, "toright": null, "onewaydir": null}}, {"type": "Feature", "geometry": {"type": "LineString", "coordinates": [[-95.3702456094054, 29.7634976609073], [-95.3702848633426, 29.7634813609181], [-95.3704019923361, 29.7634327247053], [-95.3705549077433, 29.7633605936025], [-95.3706066205326, 29.7633361987013], [-95.3707834418173, 29.763254285356], [-95.3709235383075, 29.7631833039977]]}, "properties": {"centerlineid": 10202698, "roadclass": "HIGHWAY", "fullname": "S IH 45", "fromleft": 81, "toleft": 99, "fromright": 0, "toright": 0, "onewaydir": "FT"}}, {"type": "Feature", "geometry": {"type": "LineString", "coordinates": [[-95.3709235383075, 29.7631833039977], [-95.3714822255468, 29.7629006863067]]}, "properties": {"centerlineid": 10202699, "roadclass": "HIGHWAY", "fullname": "S IH 45", "fromleft": 51, "toleft": 79, "fromright": 0, "toright": 0, "onewaydir": "FT"}}, {"type": "Feature", "geometry": {"type": "LineString", "coordinates": [[-95.3698212110414, 29.7633864336288], [-95.369948663813, 29.7633260005929], [-95.3700764098897, 29.7632645530851], [-95.3703437359209, 29.7631359606874], [-95.3703440043464, 29.7631358314261], [-95.3711591189941, 29.7627437314588], [-95.3712179349555, 29.7627154169288]]}, "properties": {"centerlineid": 10202700, "roadclass": "HIGHWAY", "fullname": "S IH 45", "fromleft": 0, "toleft": 0, "fromright": 2, "toright": 12, "onewaydir": "TF"}}, {"type": "Feature", "geometry": {"type": "LineString", "coordinates": [[-95.3698212110414, 29.7633864336288], [-95.369437592965, 29.763568327524], [-95.3691797925364, 29.7637060282922], [-95.3690424586339, 29.7637793834643], [-95.3687126822128, 29.763955527389], [-95.3684763044243, 29.7640776017861], [-95.368140637714, 29.7642779732071], [-95.367978167461, 29.7643887362816], [-95.3679140355159, 29.7644389459188], [-95.3678514904354, 29.7644906569584], [-95.3677905783803, 29.7645438312376], [-95.3677313443063, 29.7645984295134], [-95.3676738319311, 29.7646544114921], [-95.3676180837022, 29.7647117358588], [-95.3675641407649, 29.7647703603074], [-95.3675120429327, 29.7648302415728], [-95.3673148359636, 29.7650634219439], [-95.3672936913294, 29.7650884242652], [-95.3672861638128, 29.765096175177], [-95.3670508604745, 29.7654964669416], [-95.3670495498657, 29.7654986960395], [-95.3666910738957, 29.7662119512386], [-95.3665165226684, 29.7666262956392], [-95.3664167658022, 29.7668578179521]]}, "properties": {"centerlineid": 10202701, "roadclass": "HIGHWAY", "fullname": "N IH 45", "fromleft": 0, "toleft": 0, "fromright": 14, "toright": 48, "onewaydir": "TF"}}, {"type": "Feature", "geometry": {"type": "LineString", "coordinates": [[-95.3813589911141, 29.7655385593798], [-95.3817361411146, 29.7655288143866], [-95.3823920021739, 29.765522081673]]}, "properties": {"centerlineid": 10208161, "roadclass": "PRIVATE", "fullname": "LUBBOCK ST", "fromleft": 2301, "toleft": 2399, "fromright": 2300, "toright": 2398, "onewaydir": ""}}, {"type": "Feature", "geometry": {"type": "LineString", "coordinates": [[-95.3696664251563, 29.7794089625199], [-95.3693155120339, 29.779351685201]]}, "properties": {"centerlineid": 10210130, "roadclass": "MAJOR", "fullname": "QUITMAN ST", "fromleft": 0, "toleft": 0, "fromright": 0, "toright": 0, "onewaydir": " "}}, {"type": "Feature", "geometry": {"type": "LineString", "coordinates": [[-95.368199281864, 29.779323926057], [-95.3679428393148, 29.7793582587521], [-95.3674463231018, 29.7794659845115], [-95.3673089477884, 29.7795157565751]]}, "properties": {"centerlineid": 10210131, "roadclass": "MAJOR", "fullname": "QUITMAN ST", "fromleft": 127, "toleft": 199, "fromright": 126, "toright": 198, "onewaydir": " "}}, {"type": "Feature", "geometry": {"type": "LineString", "coordinates": [[-95.3723891791671, 29.7722165446017], [-95.3726622495434, 29.7722358776318], [-95.373580257746, 29.7722238003025]]}, "properties": {"centerlineid": 10210312, "roadclass": "LOCAL", "fullname": "WINTER ST", "fromleft": 1501, "toleft": 1599, "fromright": 0, "toright": 0, "onewaydir": " "}}, {"type": "Feature", "geometry": {"type": "LineString", "coordinates": [[-95.3742440003057, 29.768184048126], [-95.3742558220213, 29.7684080839301]]}, "properties": {"centerlineid": 10217080, "roadclass": "LOCAL", "fullname": "ASH PLACE", "fromleft": 1101, "toleft": 1199, "fromright": 1100, "toright": 1198, "onewaydir": "N"}}, {"type": "Feature", "geometry": {"type": "LineString", "coordinates": [[-95.3742440095631, 29.7674803325056], [-95.3742440003057, 29.768184048126]]}, "properties": {"centerlineid": 10217079, "roadclass": "LOCAL", "fullname": "ASH PLACE", "fromleft": 1001, "toleft": 1099, "fromright": 1000, "toright": 1098, "onewaydir": "N"}}, {"type": "Feature", "geometry": {"type": "LineString", "coordinates": [[-95.3697737780666, 29.7804039010714], [-95.3697731963196, 29.7803987682007], [-95.3697045591207, 29.7803645307333], [-95.3692087062061, 29.7802863013125]]}, "properties": {"centerlineid": 10217812, "roadclass": "LOCAL", "fullname": "QUITMAN ST", "fromleft": 101, "toleft": 111, "fromright": 100, "toright": 110, "onewaydir": " "}}, {"type": "Feature", "geometry": {"type": "LineString", "coordinates": [[-95.3697737780666, 29.7804039010714], [-95.3697809882071, 29.7804674515322], [-95.369773203691, 29.7809842800483]]}, "properties": {"centerlineid": 10217813, "roadclass": "LOCAL", "fullname": "MAUFFERD ST", "fromleft": 2401, "toleft": 2499, "fromright": 2400, "toright": 2498, "onewaydir": " "}}, {"type": "Feature", "geometry": {"type": "LineString", "coordinates": [[-95.3741372018815, 29.784634946858], [-95.3741372138282, 29.7848548741903], [-95.3741372137071, 29.7848550231302]]}, "properties": {"centerlineid": 10219314, "roadclass": "LOCAL", "fullname": "BEAUCHAMP ST", "fromleft": 2901, "toleft": 2931, "fromright": 2900, "toright": 2930, "onewaydir": " "}}, {"type": "Feature", "geometry": {"type": "LineString", "coordinates": [[-95.3741372137071, 29.7848550231302], [-95.3741372442231, 29.7853539959508]]}, "properties": {"centerlineid": 10219313, "roadclass": "LOCAL", "fullname": "BEAUCHAMP ST", "fromleft": 2933, "toleft": 2999, "fromright": 2932, "toright": 2998, "onewaydir": " "}}, {"type": "Feature", "geometry": {"type": "LineString", "coordinates": [[-95.3724482162573, 29.778357295072], [-95.371803171882, 29.7781637126817]]}, "properties": {"centerlineid": 10221436, "roadclass": "HIGHWAY", "fullname": "E IH 10", "fromleft": 1, "toleft": 9, "fromright": 0, "toright": 0, "onewaydir": "TF"}}, {"type": "Feature", "geometry": {"type": "LineString", "coordinates": [[-95.371803171882, 29.7781637126817], [-95.3716756573413, 29.778125443842], [-95.3713907499087, 29.7780259978904], [-95.3710014613114, 29.7778964197038], [-95.370613730311, 29.7777550471612], [-95.3705400963679, 29.7777275441975], [-95.3704670191813, 29.777698935808], [-95.3703945191474, 29.7776692304446], [-95.370322617995, 29.7776384354666], [-95.370251337332, 29.7776065616156], [-95.370180700099, 29.7775736185405], [-95.3701107253997, 29.7775396146584], [-95.370041434842, 29.7775045607106], [-95.3699728487414, 29.7774684674037], [-95.3699049886653, 29.7774313466065], [-95.3698378737174, 29.777393206736], [-95.3697715240924, 29.7773540618806], [-95.3697059601456, 29.7773139216197], [-95.3696412007793, 29.7772728000068], [-95.3695772663087, 29.7772307077485], [-95.3695141743839, 29.7771876577361], [-95.3694519452392, 29.7771436629307], [-95.369390597817, 29.7770987362587], [-95.3693301483945, 29.7770528928309], [-95.3692706172861, 29.7770061433541], [-95.3692120194366, 29.7769585040314], [-95.3691543763723, 29.7769099878591], [-95.3690977017454, 29.7768606110054], [-95.3690420132052, 29.7768103863616], [-95.3689873283207, 29.7767593290736], [-95.3689336632881, 29.7767074565069], [-95.3688810344643, 29.7766547815178], [-95.368829456753, 29.7766013214367], [-95.3687789451384, 29.7765470913396], [-95.3687295158565, 29.7764921074645], [-95.3686811838108, 29.776436387142], [-95.3686339613605, 29.7763799465052], [-95.3685878659935, 29.7763228029544], [-95.3685429075243, 29.7762649714256], [-95.368499102028, 29.7762064726659], [-95.3684564632358, 29.7761473205889], [-95.3684150007614, 29.7760875357668], [-95.3683747295479, 29.7760271344026], [-95.3683356619134, 29.7759661337566], [-95.3682978074716, 29.775904554401], [-95.3682611785405, 29.775842413596], [-95.3682562080972, 29.77583379926], [-95.3679682728508, 29.7753660993779], [-95.3676135743843, 29.7747994992326], [-95.3670171150412, 29.7738411640363], [-95.3669199513378, 29.7736850489059]]}, "properties": {"centerlineid": 10221435, "roadclass": "HIGHWAY", "fullname": "E IH 10 HWY", "fromleft": 11, "toleft": 99, "fromright": 0, "toright": 0, "onewaydir": "TF"}}, {"type": "Feature", "geometry": {"type": "LineString", "coordinates": [[-95.382544947292, 29.7769636523395], [-95.3836934838493, 29.7767391055023], [-95.3850963327695, 29.7765634288539], [-95.3862557756768, 29.7764466248045], [-95.3863405495805, 29.7764379351597], [-95.3876762580342, 29.7763798352549], [-95.3888447617394, 29.7763369054614], [-95.3890145352835, 29.776332308699]]}, "properties": {"centerlineid": 10222689, "roadclass": "FRONTAGE", "fullname": "KATY FWY", "fromleft": 2501, "toleft": 2899, "fromright": 2500, "toright": 2898, "onewaydir": ""}}, {"type": "Feature", "geometry": {"type": "LineString", "coordinates": [[-95.3721393341805, 29.7635712261644], [-95.3721226560084, 29.7637261741484], [-95.3721154249283, 29.7638413107911], [-95.3721154164114, 29.7640185292601]]}, "properties": {"centerlineid": 10222957, "roadclass": "RAMP", "fullname": "IH 45 ALLEN RAMP", "fromleft": 0, "toleft": 0, "fromright": 0, "toright": 0, "onewaydir": "FT"}}, {"type": "Feature", "geometry": {"type": "LineString", "coordinates": [[-95.3661341212065, 29.7660802764893], [-95.367232727091, 29.7663435823577]]}, "properties": {"centerlineid": 10225755, "roadclass": "MAJOR", "fullname": "WASHINGTON AVE", "fromleft": 601, "toleft": 899, "fromright": 600, "toright": 898, "onewaydir": ""}}, {"type": "Feature", "geometry": {"type": "LineString", "coordinates": [[-95.3690069027268, 29.7723741637474], [-95.3690990158648, 29.7723578575759], [-95.3700855706177, 29.7723494114064]]}, "properties": {"centerlineid": 10226526, "roadclass": "LOCAL", "fullname": "WINTER ST", "fromleft": 0, "toleft": 0, "fromright": 1200, "toright": 1298, "onewaydir": ""}}, {"type": "Feature", "geometry": {"type": "LineString", "coordinates": [[-95.3723891791671, 29.7722165446017], [-95.3723901032208, 29.772305806119]]}, "properties": {"centerlineid": 10226527, "roadclass": "MAJOR", "fullname": "HOUSTON AVE", "fromleft": 1601, "toleft": 1613, "fromright": 1600, "toright": 1612, "onewaydir": " "}}, {"type": "Feature", "geometry": {"type": "LineString", "coordinates": [[-95.3723901032208, 29.772305806119], [-95.3723901049597, 29.7723059754204], [-95.3723825893007, 29.7729925539073]]}, "properties": {"centerlineid": 10226528, "roadclass": "MAJOR", "fullname": "HOUSTON AVE", "fromleft": 1615, "toleft": 1699, "fromright": 1614, "toright": 1698, "onewaydir": " "}}, {"type": "Feature", "geometry": {"type": "LineString", "coordinates": [[-95.3712180678511, 29.772354406206], [-95.3712723228566, 29.7723364765149], [-95.3722275624121, 29.7723260360258], [-95.3723901032208, 29.772305806119]]}, "properties": {"centerlineid": 10226529, "roadclass": "LOCAL", "fullname": "WINTER ST", "fromleft": 0, "toleft": 0, "fromright": 1400, "toright": 1498, "onewaydir": ""}}, {"type": "Feature", "geometry": {"type": "LineString", "coordinates": [[-95.3792261452691, 29.7721571786205], [-95.3810512660745, 29.7721423578302], [-95.3827974399201, 29.7721226292472]]}, "properties": {"centerlineid": 10226531, "roadclass": "LOCAL", "fullname": "WINTER ST", "fromleft": 2101, "toleft": 2399, "fromright": 0, "toright": 0, "onewaydir": ""}}, {"type": "Feature", "geometry": {"type": "LineString", "coordinates": [[-95.375866716126, 29.7721936063466], [-95.3770187292873, 29.7721860541634]]}, "properties": {"centerlineid": 10226534, "roadclass": "LOCAL", "fullname": "WINTER ST", "fromleft": 1801, "toleft": 1899, "fromright": 0, "toright": 0, "onewaydir": ""}}, {"type": "Feature", "geometry": {"type": "LineString", "coordinates": [[-95.3770187292873, 29.7721860541634], [-95.3770199400239, 29.7722787557632]]}, "properties": {"centerlineid": 10226536, "roadclass": "LOCAL", "fullname": "SILVER ST", "fromleft": 1601, "toleft": 1613, "fromright": 1600, "toright": 1612, "onewaydir": " "}}, {"type": "Feature", "geometry": {"type": "LineString", "coordinates": [[-95.3770199400239, 29.7722787557632], [-95.3770288673778, 29.7729619462912]]}, "properties": {"centerlineid": 10226535, "roadclass": "LOCAL", "fullname": "SILVER ST", "fromleft": 1615, "toleft": 1699, "fromright": 1614, "toright": 1698, "onewaydir": " "}}, {"type": "Feature", "geometry": {"type": "LineString", "coordinates": [[-95.3842728535166, 29.7840852781496], [-95.3842740451545, 29.7844406708815], [-95.3842740483787, 29.7844407623652]]}, "properties": {"centerlineid": 10230950, "roadclass": "LOCAL", "fullname": "MICHAUX ST", "fromleft": 2901, "toleft": 2931, "fromright": 2900, "toright": 2930, "onewaydir": " "}}, {"type": "Feature", "geometry": {"type": "LineString", "coordinates": [[-95.3842740483787, 29.7844407623652], [-95.3843086561521, 29.7852441161286]]}, "properties": {"centerlineid": 10230951, "roadclass": "LOCAL", "fullname": "MICHAUX ST", "fromleft": 2933, "toleft": 2999, "fromright": 2932, "toright": 2998, "onewaydir": " "}}, {"type": "Feature", "geometry": {"type": "LineString", "coordinates": [[-95.3715280680826, 29.7671561382855], [-95.3715273998719, 29.7672184058749], [-95.3715273230266, 29.7676664499527]]}, "properties": {"centerlineid": 10231770, "roadclass": "LOCAL", "fullname": "HICKORY", "fromleft": 1001, "toleft": 1073, "fromright": 1000, "toright": 1072, "onewaydir": " "}}, {"type": "Feature", "geometry": {"type": "LineString", "coordinates": [[-95.3715273230266, 29.7676664499527], [-95.3715273162213, 29.7677005624586], [-95.3715368157566, 29.7685817499954]]}, "properties": {"centerlineid": 10231771, "roadclass": "LOCAL", "fullname": "HICKORY", "fromleft": 1075, "toleft": 1199, "fromright": 1074, "toright": 1198, "onewaydir": " "}}, {"type": "Feature", "geometry": {"type": "LineString", "coordinates": [[-95.363821354149, 29.7733024284453], [-95.3641841156711, 29.7740755548362], [-95.3641656826902, 29.7741103691472]]}, "properties": {"centerlineid": 10234785, "roadclass": "LOCAL", "fullname": "SOUTH ST", "fromleft": 1681, "toleft": 1799, "fromright": 1680, "toright": 1798, "onewaydir": null}}, {"type": "Feature", "geometry": {"type": "LineString", "coordinates": [[-95.3631965886771, 29.7749246903164], [-95.3634023287854, 29.7753541906089], [-95.3634140540014, 29.7753737699471], [-95.3634294331312, 29.775391318084], [-95.3634480122577, 29.7754063250931], [-95.3634692535239, 29.7754183498567], [-95.3634866333453, 29.7754264367853]]}, "properties": {"centerlineid": 10087791, "roadclass": "LOCAL", "fullname": "FLETCHER ST", "fromleft": 1813, "toleft": 1899, "fromright": 1812, "toright": 1898, "onewaydir": null}}, {"type": "Feature", "geometry": {"type": "LineString", "coordinates": [[-95.3820107664609, 29.7829221283046], [-95.3820559081485, 29.7828753263231], [-95.3820597396336, 29.7828714218322], [-95.3820636454029, 29.782867574636], [-95.3820676267489, 29.7828637847691], [-95.3820716797147, 29.7828600543816], [-95.3820758042203, 29.782856385728], [-95.3820800003458, 29.7828527765537], [-95.3820842653465, 29.7828492312982], [-95.3820885992625, 29.7828457488339], [-95.3820929994294, 29.7828423313459], [-95.3820974645546, 29.7828389787991], [-95.3821019945984, 29.7828356923208], [-95.3821065882284, 29.7828324730035], [-95.3821112427802, 29.7828293230318], [-95.3821159582936, 29.7828262412786], [-95.3821207333965, 29.7828232299635], [-95.3821255654644, 29.7828202901439], [-95.3821304545372, 29.7828174206927], [-95.3821353979104, 29.7828146249218], [-95.382140395624, 29.7828119017039], [-95.3821454437213, 29.7828092531891], [-95.3821505434945, 29.7828066794122], [-95.3821556936113, 29.7828041814654], [-95.382160890195, 29.7828017592442], [-95.3821661331656, 29.7827994150032], [-95.3821714199785, 29.7827971475452], [-95.382176751846, 29.7827949591598], [-95.3821821235991, 29.7827928497073], [-95.38218753653, 29.7827908192227], [-95.3823236034663, 29.7827409696406], [-95.382379610727, 29.7827230759384], [-95.3823929988845, 29.7827189092194], [-95.3824064666655, 29.7827149409821], [-95.382420008861, 29.7827111722143], [-95.3824336228867, 29.7827076028462], [-95.3824473022411, 29.7827042338306], [-95.3824610468443, 29.7827010674221], [-95.3824748502352, 29.7826981034462], [-95.382488708457, 29.7826953440529], [-95.382502617633, 29.7826927891375], [-95.3825165751786, 29.7826904386302], [-95.382530575845, 29.782688294646], [-95.3825446170477, 29.7826863571151], [-95.3825586922853, 29.7826846269905], [-95.3825728002658, 29.7826831042374], [-95.3825869344879, 29.7826817898084], [-95.3826010936593, 29.7826806836686], [-95.3826152713189, 29.7826797856438], [-95.3826294635498, 29.7826790967566], [-95.38264366906, 29.7826786169721], [-95.3826578800559, 29.7826783472083], [-95.3834909057103, 29.782668646067], [-95.3838418722621, 29.78263620435], [-95.3842386291422, 29.7825846686194]]}, "properties": {"centerlineid": 10086196, "roadclass": "LOCAL", "fullname": "RIDGE ST", "fromleft": 901, "toleft": 999, "fromright": 900, "toright": 998, "onewaydir": " "}}, {"type": "Feature", "geometry": {"type": "LineString", "coordinates": [[-95.3820107524868, 29.7836260254299], [-95.3820577693651, 29.7835671747137], [-95.3820589703787, 29.7835656985229], [-95.3820602004749, 29.7835642411708], [-95.3820614596936, 29.7835628015301], [-95.3820627466627, 29.7835613818206], [-95.3820640614222, 29.7835599809149], [-95.3820654039319, 29.7835585999403], [-95.3820667728598, 29.7835572399893], [-95.3820681682057, 29.7835559010617], [-95.382069591262, 29.7835545831926], [-95.382071039444, 29.7835532863121], [-95.3820725127118, 29.7835520115475], [-95.3820740110655, 29.7835507588988], [-95.3820755331726, 29.7835495294584], [-95.3820770803256, 29.7835483232611], [-95.3820786512721, 29.7835471391449], [-95.3820802445998, 29.7835459804567], [-95.3820818616811, 29.7835448449767], [-95.3820834998913, 29.7835437337626], [-95.3820851604828, 29.7835426479763], [-95.3820868421632, 29.7835415875832], [-95.3820885436804, 29.783540551421], [-95.3820902662465, 29.7835395417791], [-95.3820920085694, 29.7835385586227], [-95.3820937693967, 29.7835376007896], [-95.3820955486484, 29.7835366705344], [-95.3820973476568, 29.7835357667645], [-95.3820991625451, 29.7835348893756], [-95.3821009958179, 29.7835340406917], [-95.3821028449704, 29.7835332183887], [-95.382104709923, 29.783532424721], [-95.382106589383, 29.7835316596538], [-95.3821084846831, 29.7835309220947], [-95.3821103944507, 29.7835302142633], [-95.3821123174737, 29.7835295338702], [-95.3821142549643, 29.7835288832049], [-95.3821162030856, 29.7835282610354], [-95.3821181643423, 29.783527669686], [-95.3821201362298, 29.7835271068325], [-95.3821221200003, 29.7835265736369], [-95.3821241130294, 29.7835260711569], [-95.3821261166892, 29.7835255971726], [-95.3821281282753, 29.7835251549962], [-95.3821301491599, 29.7835247424081], [-95.3821321780108, 29.7835243605005], [-95.3821342135756, 29.7835240081113], [-95.3821362557744, 29.7835236874952], [-95.3821383033548, 29.78352339749], [-95.3821403576092, 29.7835231381304], [-95.3823455256836, 29.7834505962501], [-95.3823599516672, 29.7834456180492], [-95.3823744710098, 29.7834408522409], [-95.3823890797946, 29.7834362998477], [-95.3824037740649, 29.7834319630195], [-95.3824185499838, 29.7834278405243], [-95.3824334035548, 29.7834239356393], [-95.3824483295688, 29.7834202493523], [-95.3824633254013, 29.7834167827206], [-95.3824783845909, 29.78341353557], [-95.3824935045133, 29.7834105089579], [-95.3825086812118, 29.7834077050341], [-95.3825239095172, 29.7834051236592], [-95.382539185513, 29.7834027658558], [-95.38255450399, 29.7834006326116], [-95.3825698624037, 29.7833987227295], [-95.3825852554652, 29.7833970394519], [-95.3826006780456, 29.783395581512], [-95.382616126228, 29.7833943499323], [-95.3826315974279, 29.7833933446433], [-95.3826470838519, 29.7833925665627], [-95.3826625842478, 29.7833920145286], [-95.3826780933664, 29.7833916906557], [-95.3826936060789, 29.7833915936775], [-95.3842614737159, 29.7833932863445]]}, "properties": {"centerlineid": 10086045, "roadclass": "LOCAL", "fullname": "TEETSHORN ST", "fromleft": 901, "toleft": 999, "fromright": 900, "toright": 998, "onewaydir": " "}}, {"type": "Feature", "geometry": {"type": "LineString", "coordinates": [[-95.3734740959967, 29.7815594739234], [-95.373756652571, 29.7816952816009], [-95.3737690399096, 29.781701116379], [-95.373781539828, 29.7817067680228], [-95.3737941472372, 29.7817122341379], [-95.3738068596329, 29.7817175123996], [-95.3738196718459, 29.7817226026682], [-95.3738325813719, 29.7817275026192], [-95.3738455843741, 29.7817322110203], [-95.3738586770158, 29.7817367266393], [-95.3738718542079, 29.781741047082], [-95.3738851146183, 29.7817451734404], [-95.3738984531979, 29.7817491021929], [-95.3739118673221, 29.7817528343969], [-95.3739253506498, 29.7817563664957], [-95.3739389005564, 29.7817596995466], [-95.373952513205, 29.7817628323174], [-95.373966184799, 29.7817657624488], [-95.3739799127138, 29.7817684909979], [-95.3739936905681, 29.7817710155356], [-95.3740075157772, 29.7817733359917], [-95.3740213831722, 29.7817754522265], [-95.3740352902086, 29.7817773630427], [-95.3740492330494, 29.7817790672082], [-95.3740632064856, 29.7817805657105], [-95.3740772066402, 29.7817818584444], [-95.3740912297166, 29.7817829430508], [-95.3741052731303, 29.7817838194596], [-95.3741193303396, 29.7817844897505], [-95.3741333988801, 29.7817849504719], [-95.3741474747549, 29.7817852049006], [-95.3741615529151, 29.7817852495151], [-95.3741756306557, 29.7817850876271], [-95.3741897028878, 29.7817847168423], [-95.3742037656946, 29.7817841381831], [-95.3746483366809, 29.7817625518744], [-95.3748434740081, 29.7817673551464], [-95.3748894629804, 29.7817684862346], [-95.3749057282791, 29.7817690085498], [-95.374921979674, 29.7817697764691], [-95.3749382146609, 29.7817707876679], [-95.3749544266985, 29.7817720442261], [-95.3749706106979, 29.7817735437493], [-95.3749867640347, 29.7817752872948], [-95.3750028789957, 29.7817772735258], [-95.3750189529963, 29.7817795023724], [-95.3750349809076, 29.7817819725674], [-95.3750509575609, 29.7817846839711], [-95.3750668778673, 29.781787634189], [-95.37508273787, 29.7817908253711], [-95.375098531228, 29.7817942539607], [-95.3751142553971, 29.7817979187605], [-95.375129905168, 29.7818018207583], [-95.3751454741599, 29.7818059575245], [-95.3751609597883, 29.7818103289895], [-95.3751763570045, 29.7818149316315], [-95.3751916606396, 29.7818197653109], [-95.3752068655245, 29.7818248298878], [-95.3752219692352, 29.7818301207833], [-95.3752369652303, 29.7818356400772], [-95.3752518497933, 29.7818413831555], [-95.3752666190476, 29.7818473499137], [-95.3752812666121, 29.7818535379221], [-95.3752957912746, 29.7818599448916], [-95.3753885564364, 29.7819017498942]]}, "properties": {"centerlineid": 10087406, "roadclass": "MAJOR", "fullname": "WHITE OAK DR", "fromleft": 1701, "toleft": 1799, "fromright": 1700, "toright": 1798, "onewaydir": " "}}, {"type": "Feature", "geometry": {"type": "LineString", "coordinates": [[-95.3757816747647, 29.7823944153799], [-95.3758442570373, 29.7824983797495], [-95.3758498737474, 29.7825079082814], [-95.3758553025398, 29.7825175197435], [-95.3758605422023, 29.7825272118463], [-95.3758655890184, 29.7825369799759], [-95.3758704443604, 29.7825468219126], [-95.3758751044315, 29.7825567352974], [-95.3758795693118, 29.7825667178753], [-95.3758838378693, 29.7825767651026], [-95.3758879075995, 29.7825868746548], [-95.3758917773301, 29.7825970431151], [-95.3758954471013, 29.7826072693562], [-95.375898915821, 29.782617547707], [-95.3759021809446, 29.7826278769702], [-95.3759052425923, 29.782638253764], [-95.3759080995919, 29.7826486746717], [-95.3759107520636, 29.7826591363114], [-95.3759131975028, 29.7826696363587], [-95.3759154359896, 29.7826801725592], [-95.3759174677243, 29.7826907392764], [-95.3759192914545, 29.7827013353482], [-95.3759209060082, 29.7827119573576], [-95.3759377555211, 29.7828306185722]]}, "properties": {"centerlineid": 10087365, "roadclass": "LOCAL", "fullname": "N SABINE ST", "fromleft": 2701, "toleft": 2709, "fromright": 2700, "toright": 2708, "onewaydir": " "}}, {"type": "Feature", "geometry": {"type": "LineString", "coordinates": [[-95.3783886067472, 29.8204041951041], [-95.3778986368628, 29.8194728107228], [-95.3777314220266, 29.8191226270503], [-95.3769296236914, 29.8174434344887], [-95.3767466395698, 29.8170790538528], [-95.3766320606263, 29.8168253268815], [-95.3765405794513, 29.8165925963167], [-95.3762200073249, 29.8157590510496], [-95.3760248152952, 29.8152100789789], [-95.3758760542636, 29.8148379222299], [-95.375773977929, 29.8145825564617], [-95.37558818896, 29.8141123626991], [-95.3755815708245, 29.8140956140042], [-95.3755214048097, 29.81394334519], [-95.375515832481, 29.8139292447859], [-95.3754626313965, 29.813794601708], [-95.3752152879945, 29.813209477294], [-95.3751725064303, 29.8131082711346], [-95.3743127033181, 29.8110708305861], [-95.3740304442627, 29.8103728390684], [-95.373900836898, 29.8100276209318], [-95.3737991286041, 29.8097296926264], [-95.3736661072661, 29.8093462718087], [-95.3735423788168, 29.8089514790394], [-95.3733858550319, 29.8083542587068], [-95.3732521755576, 29.8078111285614], [-95.373225561434, 29.8076759284115], [-95.373210115103, 29.8075974512715], [-95.3731801230198, 29.8074450798778], [-95.3726876836775, 29.8048891546276], [-95.3725884133079, 29.8044351133165], [-95.3725204002936, 29.8040863172648], [-95.3724969349295, 29.8039659811229], [-95.3724869960687, 29.8039143417155], [-95.3724468429128, 29.8037057287322], [-95.3721459948345, 29.8021426471675], [-95.3720314175537, 29.8015284069472], [-95.3719857950356, 29.8012861222498], [-95.3718943111263, 29.8007558163918], [-95.3718331863187, 29.8003916560845], [-95.3717950780668, 29.8000731456016], [-95.3717569543036, 29.7994418077459], [-95.3717461864589, 29.7982705076711], [-95.3717449548342, 29.79813343465], [-95.3717475982907, 29.7979938408317], [-95.3716957923931, 29.7946599670708], [-95.3716958260887, 29.7939830057677], [-95.3716957876475, 29.793099737271], [-95.371695776486, 29.7930310787996], [-95.3717631065185, 29.7922251827024], [-95.371779748868, 29.7920259762911], [-95.3718025960786, 29.7913793089051], [-95.3718103257253, 29.7910436652374], [-95.3718025678614, 29.7906126590396], [-95.371802603005, 29.7903913317929], [-95.3717973173056, 29.789918584569], [-95.3717964645931, 29.7898422721817], [-95.3717949899637, 29.7897722414436], [-95.3717921351979, 29.7897022433032], [-95.3717878995764, 29.7896322980511], [-95.3717822836325, 29.7895624271403], [-95.3717752905642, 29.7894926498392], [-95.3717669221569, 29.7894229887632], [-95.3717571816087, 29.7893534631803], [-95.3717460694527, 29.7892840945435], [-95.3717335914716, 29.7892149021909], [-95.3717197494505, 29.7891459087376], [-95.3717045492124, 29.7890771323945], [-95.3716879938747, 29.7890085946841], [-95.3716700892201, 29.7889403149445], [-95.3716508396584, 29.7888723147333], [-95.3716302522645, 29.7888046134234], [-95.3716083315283, 29.7887372303179], [-95.3715850857367, 29.7886701870789], [-95.3715605193796, 29.7886035030096], [-95.3715346421562, 29.7885371964253], [-95.3715074610609, 29.7884712889535], [-95.3714288604929, 29.7882857568137], [-95.3712686450504, 29.7879804526342], [-95.3710320675852, 29.7875896296509], [-95.3698343780946, 29.7858214985497], [-95.3696060465459, 29.7854979508227], [-95.3693077449587, 29.7850851948489], [-95.3690590774279, 29.7846692444766], [-95.3689339924797, 29.7844136867012], [-95.3687966303377, 29.7841124880136], [-95.3687036779427, 29.78385006448], [-95.3686300641694, 29.7836135077706], [-95.3685466111464, 29.7832693435597], [-95.3684915599398, 29.7830024594975], [-95.3684532295411, 29.7825274105267], [-95.3684229162808, 29.7819800104903], [-95.3684151504358, 29.7815871002982], [-95.3684151624553, 29.7811120203596]]}, "properties": {"centerlineid": 11003045, "roadclass": "HOV", "fullname": "N IH 45", "fromleft": 1687, "toleft": 2439, "fromright": 1686, "toright": 2438, "onewaydir": "N"}}, {"type": "Feature", "geometry": {"type": "LineString", "coordinates": [[-95.3795236799696, 29.780471334903], [-95.3796398328003, 29.7803824392712], [-95.3796504069823, 29.7803742046868], [-95.3796608173613, 29.780365811092], [-95.379671058648, 29.7803572617287], [-95.3796811294304, 29.7803485599443], [-95.3796910270837, 29.7803397067959], [-95.3797007462791, 29.7803307066532], [-95.3797102869765, 29.7803215606435], [-95.3797196451392, 29.7803122731712], [-95.3797288168504, 29.7803028452589], [-95.37973780199, 29.7802932802886], [-95.3797465952692, 29.7802835815023], [-95.3797551953157, 29.7802737511198], [-95.3797635980926, 29.7802637935455], [-95.37977180356, 29.7802537099068], [-95.3797798076812, 29.780243504608], [-95.379787609084, 29.7802331798688], [-95.3797952037715, 29.7802227389665], [-95.3798025916239, 29.7802121852827], [-95.3799127531916, 29.7800517003215], [-95.3800027539057, 29.7799294185052], [-95.3800106192541, 29.7799189307404], [-95.3800186886097, 29.7799085624496], [-95.3800269593078, 29.7798983158175], [-95.3800354299762, 29.7798881930635], [-95.3800440978704, 29.7798781986271], [-95.3800529602857, 29.7798683358202], [-95.3800620145979, 29.7798586057002], [-95.3800712593944, 29.7798490116141], [-95.3800806893464, 29.7798395579312], [-95.3800903031215, 29.7798302457439], [-95.3801000993476, 29.7798210772719], [-95.3801100726556, 29.7798120580118], [-95.3801202217533, 29.7798031879287], [-95.380130542644, 29.7797944702998], [-95.3801410339553, 29.7797859073445], [-95.3801516903584, 29.7797775034324], [-95.3801625105609, 29.7797692585286], [-95.3801734892341, 29.7797611770024], [-95.3801846263377, 29.7797532599812], [-95.380195916623, 29.7797455095798], [-95.3802073573854, 29.7797379291102], [-95.3802189446683, 29.7797305207223], [-95.380230674555, 29.7797232854385], [-95.3802425456332, 29.7797162266057], [-95.380254552654, 29.779709346339], [-95.380266692993, 29.7797026456956], [-95.3802789626935, 29.7796961268255], [-95.380291359091, 29.7796897919133], [-95.3803038769368, 29.779683643074], [-95.3803165136063, 29.7796776813649], [-95.380329266395, 29.7796719100981], [-95.380342128882, 29.7796663279718], [-95.380355099615, 29.7796609394602], [-95.3803681733851, 29.7796557455509], [-95.3803813475678, 29.7796507473013], [-95.3803946182466, 29.7796459457341], [-95.3804079801726, 29.779641342964], [-95.3804214307214, 29.7796369400486], [-95.3804349659763, 29.7796327380104], [-95.3804485806885, 29.7796287389644], [-95.3806373959878, 29.7795748409274]]}, "properties": {"centerlineid": 10087586, "roadclass": "MAJOR", "fullname": "WHITE OAK DR", "fromleft": 2101, "toleft": 2129, "fromright": 2100, "toright": 2128, "onewaydir": " "}}, {"type": "Feature", "geometry": {"type": "LineString", "coordinates": [[-95.3700041128977, 29.7863037522601], [-95.3703377051024, 29.7867618008909], [-95.3707345148731, 29.78731489019], [-95.3710092492622, 29.7877573108495], [-95.3713222042455, 29.7883392070922], [-95.3713483927481, 29.7883890165469], [-95.3713735908789, 29.7884392121619], [-95.3713977926164, 29.7884897813627], [-95.3714209895547, 29.7885407058687], [-95.3714431743797, 29.7885919730705], [-95.3714643425222, 29.7886435659194], [-95.3714844867485, 29.7886954695516], [-95.3715035998244, 29.7887476691031], [-95.3715216771005, 29.7888001497798], [-95.3715387140477, 29.7888528934059], [-95.3715547046842, 29.7889058862795], [-95.3715696431082, 29.7889591124444], [-95.3715835260427, 29.7890125548867], [-95.3715963501306, 29.7890661988474], [-95.3716081108024, 29.7891200272778], [-95.3716188034085, 29.7891740253836], [-95.3716284272566, 29.7892281762211], [-95.3716369764447, 29.7892824638338], [-95.3716444515328, 29.7893368724401], [-95.3716508479511, 29.7893913849911], [-95.3716561636751, 29.7894459856353], [-95.3716603992641, 29.7895006585909], [-95.3716635527337, 29.7895553868791], [-95.3716656220186, 29.7896101557754], [-95.3716666065067, 29.7896649460812], [-95.3716677966056, 29.7898123066765], [-95.3716729705159, 29.7914746970782], [-95.371636329751, 29.7922325109695], [-95.3716271305401, 29.7924227769053], [-95.3715815121204, 29.7930274272035], [-95.3715587682421, 29.7933460345561]]}, "properties": {"centerlineid": 10082462, "roadclass": "HIGHWAY", "fullname": "N IH 45 HWY", "fromleft": 0, "toleft": 0, "fromright": 1800, "toright": 2438, "onewaydir": "TF"}}, {"type": "Feature", "geometry": {"type": "LineString", "coordinates": [[-95.3721078974948, 29.7856173050676], [-95.3718609607613, 29.7857771302893], [-95.3718558865879, 29.7857803543107], [-95.3718507491534, 29.7857835021479], [-95.3718455511226, 29.7857865716163], [-95.3718402912433, 29.7857895615535], [-95.3718349734326, 29.7857924709374], [-95.3718295989827, 29.7857952998027], [-95.3718241679338, 29.7857980470223], [-95.3718186841629, 29.7858007127011], [-95.3718131477901, 29.7858032934573], [-95.3718075613601, 29.7858057904881], [-95.3718019249129, 29.7858082026663], [-95.3717962423256, 29.7858105300967], [-95.3717905149706, 29.7858127705598], [-95.3717847428479, 29.7858149240556], [-95.3717789285822, 29.7858169895268], [-95.3717730747583, 29.7858189670434], [-95.3717671827085, 29.785820855513], [-95.3717612537251, 29.7858226549706], [-95.3717552891405, 29.785824364324], [-95.3717492928719, 29.7858259825508], [-95.3717432635868, 29.7858275107434], [-95.3717372065346, 29.7858289467869], [-95.3717311203831, 29.7858302917739], [-95.3717250090892, 29.7858315435547], [-95.3717188739052, 29.7858327032914], [-95.3717127174559, 29.7858337699269], [-95.3717065397413, 29.7858347434611], [-95.3717003433861, 29.7858356228368], [-95.3716941309349, 29.785836409251], [-95.3716879024678, 29.7858371004493], [-95.3716816630739, 29.7858376988263], [-95.3716754115813, 29.785838200965], [-95.3716691517866, 29.785838609225], [-95.37166288373, 29.7858389224789], [-95.3716566112483, 29.7858391419591], [-95.3716503357141, 29.785839265446], [-95.3706124644648, 29.7858518750211]]}, "properties": {"centerlineid": 10087583, "roadclass": "LOCAL", "fullname": "E WOODLAND ST", "fromleft": 201, "toleft": 299, "fromright": 200, "toright": 298, "onewaydir": " "}}, {"type": "Feature", "geometry": {"type": "LineString", "coordinates": [[-95.3734740959967, 29.7815594739234], [-95.3734809681868, 29.7833500779312], [-95.3734809322976, 29.783356070798], [-95.3734807787311, 29.7833620627373], [-95.3734805075674, 29.7833680514946], [-95.3734801188865, 29.7833740348155], [-95.3734796140211, 29.7833800116074], [-95.3734789904263, 29.7833859806734], [-95.3734782508072, 29.7833919387014], [-95.3734773938714, 29.7833978856565], [-95.373476419739, 29.7834038181569], [-95.3734753310349, 29.7834097351452], [-95.3734741252143, 29.7834156354242], [-95.3734728036499, 29.7834215167744], [-95.3734713663816, 29.7834273780685], [-95.3734698160741, 29.7834332171217], [-95.3734681502631, 29.7834390304825], [-95.3734663702009, 29.783444819313], [-95.3734644772599, 29.7834505813937], [-95.3734624715601, 29.7834563133427], [-95.3734603543941, 29.7834620151949], [-95.3734581245896, 29.7834676835336], [-95.3734557847312, 29.7834733184288], [-95.3734533336069, 29.7834789175909], [-95.3734507738813, 29.7834844788352], [-95.3734481042621, 29.7834900021268], [-95.3734453274541, 29.7834954841539], [-95.3734424434975, 29.783500923789], [-95.3734394537645, 29.7835063188127], [-95.3734363582553, 29.783511669225], [-95.37343315705, 29.7835169727712], [-95.3734298541056, 29.7835222273018], [-95.3734264468374, 29.7835274327468], [-95.3734229392427, 29.7835325858292], [-95.3734193300691, 29.7835376853868], [-95.3731987554588, 29.7838434956155], [-95.373153828019, 29.7839033488522], [-95.3731503608661, 29.7839080550639], [-95.3731469863259, 29.7839128123011], [-95.3731437057306, 29.7839176194715], [-95.3731405178682, 29.7839224742855], [-95.3731374254033, 29.7839273745585], [-95.3731344296284, 29.7839323203255], [-95.3731315318356, 29.7839373116216], [-95.373128730893, 29.7839423439027], [-95.3731260280931, 29.7839474172036], [-95.3731234260604, 29.7839525304671], [-95.3731209235427, 29.783957682531], [-95.3731185219527, 29.7839628700483], [-95.3731162226627, 29.7839680907997], [-95.3731140243004, 29.7839733470045], [-95.373111930903, 29.7839786342587], [-95.3731099398858, 29.7839839524923], [-95.3731080526215, 29.7839892994858], [-95.3731062717346, 29.7839946741817], [-95.3731045947208, 29.7840000742557], [-95.3731030229926, 29.7840054963609], [-95.3731015590144, 29.7840109439489], [-95.373100200402, 29.7840164113136], [-95.3730989510325, 29.7840218985599], [-95.3730978071089, 29.7840274033284], [-95.3730967712962, 29.7840329234343], [-95.3730958422621, 29.7840384599699], [-95.3730950227914, 29.7840440073691], [-95.3730943115519, 29.7840495667238], [-95.3730937085836, 29.784055136907], [-95.3730932152992, 29.7840607145717], [-95.3730928304464, 29.7840662985559], [-95.3730925540254, 29.7840718888592], [-95.3730923875287, 29.7840774798806], [-95.3730923308763, 29.7840830738744], [-95.3730923828561, 29.7840886685512], [-95.3731072866247, 29.7848695637049]]}, "properties": {"centerlineid": 10087427, "roadclass": "LOCAL", "fullname": "MORRISON ST", "fromleft": 2601, "toleft": 2899, "fromright": 2600, "toright": 2898, "onewaydir": null}}, {"type": "Feature", "geometry": {"type": "LineString", "coordinates": [[-95.3759377555211, 29.7828306185722], [-95.3760292320616, 29.7829050068008], [-95.3760799090911, 29.7829399964722], [-95.3760922240685, 29.7829483486914], [-95.3761047034745, 29.7829565146629], [-95.3761173423003, 29.7829644897379], [-95.3761301366691, 29.7829722738114], [-95.3761430854487, 29.7829798623394], [-95.3761561821778, 29.7829872551472], [-95.3761694230995, 29.7829944487479], [-95.3761828056696, 29.7830014419446], [-95.3761963235465, 29.7830082311805], [-95.3762099754782, 29.7830148152935], [-95.3762237563354, 29.7830211930164], [-95.3762376610693, 29.7830273608278], [-95.3762516858028, 29.7830333186225], [-95.3762658267794, 29.783039062914], [-95.376280080122, 29.7830445935975], [-95.3762944407818, 29.7830499071513], [-95.3763089048417, 29.7830550045979], [-95.3763234672928, 29.7830598812883], [-95.3763381242181, 29.783064538245], [-95.3763528718208, 29.7830689731086], [-95.3763677062642, 29.7830731846471], [-95.3763826211267, 29.7830771715582], [-95.3763976126115, 29.7830809314827], [-95.3764126768018, 29.7830844654431], [-95.3764278085684, 29.7830877721722], [-95.3764430041143, 29.7830908493108], [-95.3764582583106, 29.7830936955916], [-95.376473565948, 29.7830963120023], [-95.3764889244818, 29.7830986973457], [-95.3765043275308, 29.7831008491924], [-95.3765197711779, 29.7831027685651], [-95.3765352502538, 29.7831044553238], [-95.3765507596696, 29.7831059070744], [-95.3765662968005, 29.7831071248741], [-95.3765923796397, 29.7831089707969], [-95.3766940106759, 29.7831063270689], [-95.3767100201365, 29.7831057917421], [-95.3767260173309, 29.7831050191268], [-95.3767419971298, 29.7831040079559], [-95.3767579542839, 29.7831027603444], [-95.3767738862086, 29.7831012762222], [-95.3767897851503, 29.7830995553799], [-95.3768056497762, 29.7830975989098], [-95.3768214722928, 29.7830954077295], [-95.3768372514477, 29.7830929806769], [-95.3768529793669, 29.7830903209242], [-95.3768686535059, 29.7830874272743], [-95.3768842699077, 29.7830843018768], [-95.3768998221106, 29.7830809445573], [-95.3769153074903, 29.7830773563731], [-95.3769307195049, 29.7830735394041], [-95.3769460555298, 29.7830694947078], [-95.3769613103959, 29.7830652221444], [-95.3769764788538, 29.7830607238288], [-95.3769903925187, 29.783056482708], [-95.3771026839463, 29.7830205040608], [-95.3771142898459, 29.7830168854582], [-95.3771259644896, 29.7830134436082], [-95.3771377078374, 29.7830101796381], [-95.3771495133881, 29.7830070945003], [-95.3771613798093, 29.7830041892874], [-95.377173301932, 29.7830014638595], [-95.3771852757994, 29.7829989203664], [-95.3771973001191, 29.7829965587731], [-95.37720936839, 29.7829943800322], [-95.3772214792797, 29.7829923852361], [-95.3772336276192, 29.782990574245], [-95.3772458094517, 29.7829889492087], [-95.377258023565, 29.7829875078377], [-95.3772702634177, 29.7829862522119], [-95.3772825263854, 29.7829851833887], [-95.3774119588399, 29.7829748899704]]}, "properties": {"centerlineid": 10087619, "roadclass": "LOCAL", "fullname": "RIDGE ST", "fromleft": 501, "toleft": 523, "fromright": 500, "toright": 522, "onewaydir": " "}}, {"type": "Feature", "geometry": {"type": "LineString", "coordinates": [[-95.3706124644648, 29.7858518750211], [-95.3706096771187, 29.7858692055943], [-95.3706091116155, 29.7858729556119], [-95.3706086208654, 29.7858767132956], [-95.3706082035763, 29.7858804786103], [-95.3706078611206, 29.7858842493365], [-95.3706075922462, 29.7858880243119], [-95.3706073995778, 29.7858918024792], [-95.3706072805309, 29.7858955837685], [-95.3706072364779, 29.7858993659602], [-95.370607267459, 29.785903147927], [-95.3706073721819, 29.785906929634], [-95.3706075520191, 29.7859107088614], [-95.3706078070108, 29.7859144844823], [-95.3706081358647, 29.7859182564614], [-95.3706085399533, 29.7859220225794], [-95.3706090180244, 29.7859257816738], [-95.3706095701182, 29.7859295326174], [-95.3706101962347, 29.7859332754103], [-95.3706108964139, 29.7859370089251], [-95.370611669484, 29.7859407297451], [-95.3706125166571, 29.7859444401597], [-95.3706134368013, 29.785948135625], [-95.3706144298765, 29.7859518172681], [-95.3706154959226, 29.7859554839618], [-95.370616633728, 29.7859591334165], [-95.3706178432924, 29.7859627656324], [-95.3706191246559, 29.7859663794819], [-95.3706204778588, 29.785969973838], [-95.3706219003966, 29.7859735463761], [-95.3706233948539, 29.7859770971662], [-95.3706249586863, 29.7859806250109], [-95.3706265906416, 29.785984128748], [-95.3706282933445, 29.7859876073203], [-95.3706300642104, 29.7859910606578], [-95.3706319020674, 29.7859944853435], [-95.3706338081275, 29.7859978836672], [-95.3706357812589, 29.7860012510846], [-95.370637820089, 29.7860045898154], [-95.3706399247383, 29.7860078964777], [-95.3706420938743, 29.7860111721638], [-95.3706443276173, 29.7860144134918], [-95.3709939444205, 29.7865119570149], [-95.3710320281184, 29.7865462013708]]}, "properties": {"centerlineid": 10087393, "roadclass": "LOCAL", "fullname": "EUNICE ST", "fromleft": 3201, "toleft": 3299, "fromright": 3200, "toright": 3298, "onewaydir": " "}}, {"type": "Feature", "geometry": {"type": "LineString", "coordinates": [[-95.3700041128977, 29.7863037522601], [-95.3701670222624, 29.7866308814574], [-95.3703592621141, 29.7870295628744], [-95.3704981187043, 29.787328117839], [-95.3711235638523, 29.788655628694], [-95.3713829652065, 29.789206902083], [-95.3714009936655, 29.7892481035213], [-95.3714064741148, 29.7892609515437], [-95.3714117085953, 29.7892738775337], [-95.3714166946024, 29.7892868791667], [-95.3714214297519, 29.7892999507365], [-95.3714259141238, 29.7893130899886], [-95.3714301465862, 29.7893262923788], [-95.371434125967, 29.7893395544906], [-95.3714378498017, 29.789352872872], [-95.3714413182506, 29.789366243014], [-95.3714445313939, 29.7893796626621], [-95.3714474855149, 29.7893931272022], [-95.3714501807338, 29.7894066332527], [-95.3714526185032, 29.7894201763393], [-95.3714547950664, 29.7894337529754], [-95.371456711836, 29.789447359814], [-95.3714583676799, 29.7894609923113], [-95.371459761426, 29.7894746470503], [-95.3714608945269, 29.789488319557], [-95.3714617644782, 29.7895020075068], [-95.3714623727324, 29.7895157064258], [-95.3714669594937, 29.7896475075559]]}, "properties": {"centerlineid": 10087672, "roadclass": "RAMP", "fullname": "NORTH RAMP", "fromleft": 0, "toleft": 0, "fromright": 1000, "toright": 1998, "onewaydir": "FT"}}, {"type": "Feature", "geometry": {"type": "LineString", "coordinates": [[-95.3606867425091, 29.786090279048], [-95.3606714370097, 29.786090282079], [-95.3584999953204, 29.7861343789038]]}, "properties": {"centerlineid": 10094120, "roadclass": "LOCAL", "fullname": "HAMMOCK ST", "fromleft": 1101, "toleft": 1191, "fromright": 1100, "toright": 1190, "onewaydir": " "}}, {"type": "Feature", "geometry": {"type": "LineString", "coordinates": [[-95.369711943794, 29.7854458884264], [-95.3696062337306, 29.7855018859654], [-95.3694803267834, 29.7855685826912]]}, "properties": {"centerlineid": 10087837, "roadclass": "LOCAL", "fullname": "NORTH ST", "fromleft": 0, "toleft": 0, "fromright": 0, "toright": 0, "onewaydir": " "}}, {"type": "Feature", "geometry": {"type": "LineString", "coordinates": [[-95.364890313221, 29.7783445512212], [-95.3651728382468, 29.7789186089259]]}, "properties": {"centerlineid": 10087760, "roadclass": "LOCAL", "fullname": "FLETCHER ST", "fromleft": 2111, "toleft": 2199, "fromright": 2110, "toright": 2198, "onewaydir": " "}}, {"type": "Feature", "geometry": {"type": "LineString", "coordinates": [[-95.3811790855201, 29.780599123382], [-95.3830788457193, 29.7806887816569]]}, "properties": {"centerlineid": 10086127, "roadclass": "LOCAL", "fullname": "USENER ST", "fromleft": 805, "toleft": 899, "fromright": 804, "toright": 898, "onewaydir": " "}}, {"type": "Feature", "geometry": {"type": "LineString", "coordinates": [[-95.3816217553686, 29.7669329590513], [-95.3820241869714, 29.7669310879339], [-95.3820293740834, 29.7669310248752], [-95.382034560038, 29.7669308850566], [-95.3820397422912, 29.7669306672809], [-95.3820449195508, 29.7669303715133], [-95.3820500904848, 29.7669299988462], [-95.3820552525089, 29.7669295492098], [-95.3820604056633, 29.7669290214769], [-95.3820655472837, 29.7669284178322], [-95.3820706761581, 29.7669277359863], [-95.3820757921665, 29.766926979321], [-95.3820808915525, 29.7669261443498], [-95.3820859729043, 29.7669252344198], [-95.3820910375537, 29.7669242484384], [-95.3820960802926, 29.7669231873935], [-95.382101102453, 29.7669220501927], [-95.3821061013708, 29.7669208390207], [-95.3821110757938, 29.7669195527154], [-95.3821160243901, 29.7669181923692], [-95.3821209445753, 29.7669167579124], [-95.3821258363497, 29.7669152493449], [-95.382130698341, 29.7669136688863], [-95.3821355279651, 29.766912016467], [-95.3821403252621, 29.7669102909598], [-95.3821450862757, 29.7669084945143], [-95.382149812298, 29.7669066271657], [-95.3821545020369, 29.766904688879], [-95.3821591515762, 29.7669026806767], [-95.3821637608759, 29.7669006036863], [-95.382168329936, 29.7668984579078], [-95.3821728548404, 29.7668962443636], [-95.3821773355889, 29.766893963054], [-95.3821817721017, 29.7668916162333], [-95.3821861605425, 29.7668892026698], [-95.3821905021634, 29.7668867235256], [-95.3821947930481, 29.7668841798232], [-95.3821990344488, 29.7668815727249], [-95.3822032237813, 29.7668789021609], [-95.3822073597136, 29.7668761692237], [-95.3822114422056, 29.7668733750405], [-95.3822154673413, 29.7668705206338], [-95.3822194377046, 29.7668676060736], [-95.3822233493795, 29.7668646323825], [-95.3822854730208, 29.766816582691]]}, "properties": {"centerlineid": 10134928, "roadclass": "LOCAL", "fullname": "DECATUR ST", "fromleft": 2301, "toleft": 2399, "fromright": 2300, "toright": 2398, "onewaydir": " "}}, {"type": "Feature", "geometry": {"type": "LineString", "coordinates": [[-95.3763954739427, 29.7836869560347], [-95.3764032339545, 29.7846122063627]]}, "properties": {"centerlineid": 10087455, "roadclass": "LOCAL", "fullname": "HELEN ST", "fromleft": 2801, "toleft": 2899, "fromright": 2800, "toright": 2898, "onewaydir": " "}}, {"type": "Feature", "geometry": {"type": "LineString", "coordinates": [[-95.3782571243154, 29.7654833863655], [-95.3794016296953, 29.7654756116977]]}, "properties": {"centerlineid": 10135500, "roadclass": "LOCAL", "fullname": "LUBBOCK ST", "fromleft": 2001, "toleft": 2099, "fromright": 2000, "toright": 2098, "onewaydir": " "}}, {"type": "Feature", "geometry": {"type": "LineString", "coordinates": [[-95.3843192749408, 29.7866785776894], [-95.3858255871608, 29.7866568253371], [-95.3860085738033, 29.7866547817396]]}, "properties": {"centerlineid": 10086151, "roadclass": "LOCAL", "fullname": "BAYLAND AVE", "fromleft": 1001, "toleft": 1099, "fromright": 1000, "toright": 1098, "onewaydir": " "}}, {"type": "Feature", "geometry": {"type": "LineString", "coordinates": [[-95.3736822385134, 29.7595620936812], [-95.3735290616612, 29.759837150919], [-95.373473017782, 29.7599377918237], [-95.373378146531, 29.7601081506631], [-95.3732436517147, 29.76034965914], [-95.3731755034171, 29.7604720295873], [-95.3730512946965, 29.7606982786908], [-95.3729699383689, 29.7608464662165], [-95.3728325790488, 29.7610945021975], [-95.3727410787902, 29.7612642319413], [-95.3726570847163, 29.7614073255208], [-95.3724129519866, 29.7619337145575], [-95.3723433913433, 29.7621653443134], [-95.3722605514206, 29.7624411883239], [-95.3722412867498, 29.7625507636083], [-95.3721840930138, 29.762876058528], [-95.3721788773533, 29.7629730751882], [-95.3721535358494, 29.7634444191175], [-95.3721393615702, 29.7635709651253], [-95.3721393341805, 29.7635712261644]]}, "properties": {"centerlineid": 10222956, "roadclass": "RAMP", "fullname": "IH 45 ALLEN RAMP", "fromleft": 0, "toleft": 0, "fromright": 0, "toright": 0, "onewaydir": "FT"}}, {"type": "Feature", "geometry": {"type": "LineString", "coordinates": [[-95.3627389181103, 29.7784551783543], [-95.3630211420691, 29.7790254188591]]}, "properties": {"centerlineid": 10087759, "roadclass": "MAJOR", "fullname": "N MAIN ST", "fromleft": 2101, "toleft": 2115, "fromright": 2100, "toright": 2114, "onewaydir": " "}}, {"type": "Feature", "geometry": {"type": "LineString", "coordinates": [[-95.3664167658022, 29.7668578179521], [-95.3660348530081, 29.7677053274342], [-95.3659321514243, 29.767927127638], [-95.3654794180896, 29.7689048950014], [-95.3653558041091, 29.7691968681585], [-95.3652780793625, 29.7694082839233], [-95.3652675118832, 29.7694405370874], [-95.3651650397198, 29.7697157597053], [-95.3651362105992, 29.7698239958439], [-95.3650848199338, 29.7700255834592], [-95.3650669596122, 29.770170002487], [-95.3650610854385, 29.7702887806987], [-95.3650618316412, 29.7704739103022], [-95.3650678088794, 29.7706070863177], [-95.3650827134197, 29.7707880458611], [-95.3651144870287, 29.7709565668728], [-95.3651728130429, 29.7711539201377], [-95.3652565789745, 29.7713903153431], [-95.3654625705106, 29.771735525238], [-95.3656380430725, 29.7720483704317]]}, "properties": {"centerlineid": 10135556, "roadclass": "HIGHWAY", "fullname": "N IH 45", "fromleft": 0, "toleft": 0, "fromright": 50, "toright": 948, "onewaydir": "TF"}}, {"type": "Feature", "geometry": {"type": "LineString", "coordinates": [[-95.3620370462152, 29.7862639301483], [-95.3620370644972, 29.7866415590377]]}, "properties": {"centerlineid": 10087813, "roadclass": "LOCAL", "fullname": "GENTRY ST", "fromleft": 2701, "toleft": 2799, "fromright": 2700, "toright": 2798, "onewaydir": " "}}, {"type": "Feature", "geometry": {"type": "LineString", "coordinates": [[-95.365172788383, 29.7802995226149], [-95.3655084418027, 29.7810319705108], [-95.3655924282109, 29.7811980353181]]}, "properties": {"centerlineid": 10087745, "roadclass": "LOCAL", "fullname": "CHURCHILL ST", "fromleft": 2301, "toleft": 2399, "fromright": 2300, "toright": 2398, "onewaydir": " "}}, {"type": "Feature", "geometry": {"type": "LineString", "coordinates": [[-95.3700826161095, 29.7852624753318], [-95.369711943794, 29.7854458884264]]}, "properties": {"centerlineid": 10087662, "roadclass": "LOCAL", "fullname": "NORTH ST", "fromleft": 233, "toleft": 251, "fromright": 232, "toright": 250, "onewaydir": " "}}, {"type": "Feature", "geometry": {"type": "LineString", "coordinates": [[-95.3724383995732, 29.7778263672727], [-95.3730767187762, 29.7780967537713], [-95.3736183654156, 29.7783235314133], [-95.3743443235272, 29.7785941808836], [-95.3748088703883, 29.7787183162664], [-95.3754387769904, 29.7788346298916], [-95.3759813689078, 29.7788918489965], [-95.3764924842954, 29.7789198513135], [-95.377078702558, 29.7788931525719], [-95.3775773505704, 29.7788144467709], [-95.3780691341108, 29.7787000983504], [-95.3789589595664, 29.7784246250327]]}, "properties": {"centerlineid": 10087853, "roadclass": "HIGHWAY", "fullname": "W IH 10", "fromleft": 1401, "toleft": 2199, "fromright": 0, "toright": 0, "onewaydir": "TF"}}, {"type": "Feature", "geometry": {"type": "LineString", "coordinates": [[-95.3665537304174, 29.7797922957879], [-95.365912784469, 29.7800268570304]]}, "properties": {"centerlineid": 10087590, "roadclass": "MAJOR", "fullname": "QUITMAN ST", "fromleft": 301, "toleft": 399, "fromright": 300, "toright": 398, "onewaydir": " "}}, {"type": "Feature", "geometry": {"type": "LineString", "coordinates": [[-95.3634254970656, 29.7605051141928], [-95.3640283193882, 29.7597289050044]]}, "properties": {"centerlineid": 10135259, "roadclass": "LOCAL", "fullname": "TRAVIS ST", "fromleft": 601, "toleft": 699, "fromright": 600, "toright": 698, "onewaydir": "TF"}}, {"type": "Feature", "geometry": {"type": "LineString", "coordinates": [[-95.3739236586188, 29.7637972070628], [-95.3758768304685, 29.7637762218152]]}, "properties": {"centerlineid": 10135203, "roadclass": "MAJOR", "fullname": "MEMORIAL DR", "fromleft": 0, "toleft": 0, "fromright": 1600, "toright": 1798, "onewaydir": "TF"}}, {"type": "Feature", "geometry": {"type": "LineString", "coordinates": [[-95.3628000619336, 29.7612738216461], [-95.3634254970656, 29.7605051141928]]}, "properties": {"centerlineid": 10135257, "roadclass": "LOCAL", "fullname": "TRAVIS ST", "fromleft": 501, "toleft": 599, "fromright": 500, "toright": 598, "onewaydir": "TF"}}, {"type": "Feature", "geometry": {"type": "LineString", "coordinates": [[-95.3718065455965, 29.7934764228965], [-95.3718256066653, 29.7930349654549], [-95.3718256134541, 29.7927545129004], [-95.3718702225662, 29.7922221831004], [-95.3719490486942, 29.7908916969169], [-95.3719441926549, 29.7905508064495], [-95.3719412977286, 29.7900367291047], [-95.3719392189332, 29.7898661951178], [-95.3719377374292, 29.7897984637887], [-95.3719349483208, 29.7897307625087], [-95.3719308508485, 29.7896631126957], [-95.3719254469578, 29.7895955324559], [-95.3719187372219, 29.7895280421152], [-95.3719107249189, 29.7894606586872], [-95.371901411874, 29.7893934036599], [-95.3718908000327, 29.7893262951393], [-95.371878892633, 29.7892593512663], [-95.3718656941249, 29.7891925924716], [-95.3718512077061, 29.7891260380232], [-95.3718354366544, 29.7890597049346], [-95.3718183867122, 29.7889936136715], [-95.3718000624496, 29.7889277812821], [-95.3717804669839, 29.7888622292892], [-95.3717596088024, 29.7887969737189], [-95.3717374936872, 29.788732033909], [-95.3717141248358, 29.7886674291276], [-95.3716895119874, 29.7886031765629], [-95.3716636622163, 29.788539295588], [-95.3716365800923, 29.7884758032509], [-95.3714975081158, 29.7881579703991], [-95.3712990150835, 29.7877669230899], [-95.3709177504519, 29.787238446299], [-95.3701067720635, 29.7860250828246]]}, "properties": {"centerlineid": 10082461, "roadclass": "HIGHWAY", "fullname": "N IH 45 HWY", "fromleft": 1801, "toleft": 2443, "fromright": 0, "toright": 0, "onewaydir": "FT"}}, {"type": "Feature", "geometry": {"type": "LineString", "coordinates": [[-95.3814984188237, 29.7751323065286], [-95.381415689934, 29.7755521633847], [-95.381385132598, 29.7759069629319]]}, "properties": {"centerlineid": 10086032, "roadclass": "MAJOR", "fullname": "TAYLOR ST", "fromleft": 2001, "toleft": 2099, "fromright": 2000, "toright": 2098, "onewaydir": " "}}, {"type": "Feature", "geometry": {"type": "LineString", "coordinates": [[-95.3712305681892, 29.7752203864624], [-95.3724129490035, 29.775203275915]]}, "properties": {"centerlineid": 10087741, "roadclass": "LOCAL", "fullname": "SPRING ST", "fromleft": 1401, "toleft": 1499, "fromright": 1400, "toright": 1498, "onewaydir": " "}}, {"type": "Feature", "geometry": {"type": "LineString", "coordinates": [[-95.3736108220346, 29.7737306715765], [-95.3736261374514, 29.7744726674091]]}, "properties": {"centerlineid": 10087536, "roadclass": "LOCAL", "fullname": "JOHNSON ST", "fromleft": 1801, "toleft": 1899, "fromright": 1800, "toright": 1898, "onewaydir": " "}}, {"type": "Feature", "geometry": {"type": "LineString", "coordinates": [[-95.3814984188237, 29.7751323065286], [-95.3825318902466, 29.7751320250205]]}, "properties": {"centerlineid": 10086278, "roadclass": "LOCAL", "fullname": "SAWYER HEIGHTS ST", "fromleft": 2301, "toleft": 2399, "fromright": 2300, "toright": 2398, "onewaydir": ""}}, {"type": "Feature", "geometry": {"type": "LineString", "coordinates": [[-95.3747704227255, 29.7751745438245], [-95.3758387269261, 29.7751670157404], [-95.3759071495131, 29.775159236641]]}, "properties": {"centerlineid": 10087686, "roadclass": "LOCAL", "fullname": "SPRING ST", "fromleft": 1701, "toleft": 1799, "fromright": 1700, "toright": 1798, "onewaydir": " "}}, {"type": "Feature", "geometry": {"type": "LineString", "coordinates": [[-95.3823920021739, 29.765522081673], [-95.3823922980221, 29.7662023694742]]}, "properties": {"centerlineid": 10134855, "roadclass": "LOCAL", "fullname": "W SAWYER ST", "fromleft": 701, "toleft": 799, "fromright": 700, "toright": 798, "onewaydir": " "}}, {"type": "Feature", "geometry": {"type": "LineString", "coordinates": [[-95.3594429444819, 29.7810225754698], [-95.3586801702206, 29.78130668199]]}, "properties": {"centerlineid": 10094247, "roadclass": "LOCAL", "fullname": "HENRY ST", "fromleft": 1101, "toleft": 1199, "fromright": 1100, "toright": 1198, "onewaydir": " "}}, {"type": "Feature", "geometry": {"type": "LineString", "coordinates": [[-95.3591606873164, 29.7748521343556], [-95.3592674694958, 29.7750752966765], [-95.3596033800267, 29.7757734848222]]}, "properties": {"centerlineid": 10094653, "roadclass": "LOCAL", "fullname": "EVERETT ST", "fromleft": 1701, "toleft": 1799, "fromright": 1700, "toright": 1798, "onewaydir": " "}}, {"type": "Feature", "geometry": {"type": "LineString", "coordinates": [[-95.3619836551249, 29.7749207973587], [-95.3620370206764, 29.7750182574079], [-95.3624338629209, 29.7758115927239]]}, "properties": {"centerlineid": 10094627, "roadclass": "LOCAL", "fullname": "KEENE ST", "fromleft": 1801, "toleft": 1899, "fromright": 1800, "toright": 1898, "onewaydir": " "}}, {"type": "Feature", "geometry": {"type": "LineString", "coordinates": [[-95.3667107395632, 29.7690389386457], [-95.367392924833, 29.7691932145142]]}, "properties": {"centerlineid": 10135362, "roadclass": "LOCAL", "fullname": "KESSLER ST", "fromleft": 901, "toleft": 999, "fromright": 900, "toright": 998, "onewaydir": " "}}, {"type": "Feature", "geometry": {"type": "LineString", "coordinates": [[-95.3792946288299, 29.7844328742902], [-95.3793023674677, 29.7852949057085]]}, "properties": {"centerlineid": 10087521, "roadclass": "LOCAL", "fullname": "REAGAN ST", "fromleft": 2901, "toleft": 2999, "fromright": 2900, "toright": 2998, "onewaydir": " "}}, {"type": "Feature", "geometry": {"type": "LineString", "coordinates": [[-95.3803637647019, 29.7751217264597], [-95.3814984188237, 29.7751323065286]]}, "properties": {"centerlineid": 10087714, "roadclass": "LOCAL", "fullname": "SPRING ST", "fromleft": 2201, "toleft": 2299, "fromright": 2200, "toright": 2298, "onewaydir": " "}}, {"type": "Feature", "geometry": {"type": "LineString", "coordinates": [[-95.3770187292873, 29.7721860541634], [-95.3781503461537, 29.7721786257625], [-95.3792261452691, 29.7721571786205]]}, "properties": {"centerlineid": 10226533, "roadclass": "LOCAL", "fullname": "WINTER ST", "fromleft": 1901, "toleft": 2099, "fromright": 0, "toright": 0, "onewaydir": ""}}, {"type": "Feature", "geometry": {"type": "LineString", "coordinates": [[-95.3690179839809, 29.774522193809], [-95.3690179889717, 29.7751421307618], [-95.3690254829799, 29.7751802445096], [-95.3690485288499, 29.7752069193993]]}, "properties": {"centerlineid": 10087738, "roadclass": "LOCAL", "fullname": "HOLLY ST", "fromleft": 1901, "toleft": 1999, "fromright": 1900, "toright": 1998, "onewaydir": " "}}, {"type": "Feature", "geometry": {"type": "LineString", "coordinates": [[-95.3596033451191, 29.7604556139673], [-95.3587638881673, 29.759942461596]]}, "properties": {"centerlineid": 10140328, "roadclass": "LOCAL", "fullname": "PRESTON ST", "fromleft": 1201, "toleft": 1299, "fromright": 1200, "toright": 1298, "onewaydir": "FT"}}, {"type": "Feature", "geometry": {"type": "LineString", "coordinates": [[-95.3741372018815, 29.784634946858], [-95.3749458894705, 29.7846235928274]]}, "properties": {"centerlineid": 10087665, "roadclass": "LOCAL", "fullname": "BYRNE ST", "fromleft": 301, "toleft": 399, "fromright": 300, "toright": 398, "onewaydir": " "}}, {"type": "Feature", "geometry": {"type": "LineString", "coordinates": [[-95.366607100759, 29.7612813717205], [-95.3657601415079, 29.7607606656729]]}, "properties": {"centerlineid": 10135311, "roadclass": "LOCAL", "fullname": "CAPITOL ST", "fromleft": 601, "toleft": 699, "fromright": 600, "toright": 698, "onewaydir": "TF"}}, {"type": "Feature", "geometry": {"type": "LineString", "coordinates": [[-95.3638300350369, 29.7787242104063], [-95.3641197939409, 29.7793001422838]]}, "properties": {"centerlineid": 10087753, "roadclass": "LOCAL", "fullname": "KEENE ST", "fromleft": 2117, "toleft": 2199, "fromright": 2116, "toright": 2198, "onewaydir": " "}}, {"type": "Feature", "geometry": {"type": "LineString", "coordinates": [[-95.3706582936047, 29.7676672088875], [-95.3715273230266, 29.7676664499527]]}, "properties": {"centerlineid": 10135064, "roadclass": "LOCAL", "fullname": "MORIN PL", "fromleft": 1301, "toleft": 1399, "fromright": 1300, "toright": 1398, "onewaydir": " "}}, {"type": "Feature", "geometry": {"type": "LineString", "coordinates": [[-95.3738930726579, 29.7654375136407], [-95.373938968678, 29.7654528037082], [-95.3746408291862, 29.7654528160489]]}, "properties": {"centerlineid": 10135128, "roadclass": "LOCAL", "fullname": "LUBBOCK ST", "fromleft": 1601, "toleft": 1699, "fromright": 1600, "toright": 1698, "onewaydir": " "}}, {"type": "Feature", "geometry": {"type": "LineString", "coordinates": [[-95.3807213930517, 29.7829298786172], [-95.3807291124494, 29.7836395193986]]}, "properties": {"centerlineid": 10087458, "roadclass": "LOCAL", "fullname": "WATSON ST", "fromleft": 2701, "toleft": 2799, "fromright": 2700, "toright": 2798, "onewaydir": " "}}, {"type": "Feature", "geometry": {"type": "LineString", "coordinates": [[-95.3735727293391, 29.771508716249], [-95.373580257746, 29.7722238003025]]}, "properties": {"centerlineid": 10135037, "roadclass": "LOCAL", "fullname": "JOHNSON ST", "fromleft": 1501, "toleft": 1599, "fromright": 1500, "toright": 1598, "onewaydir": " "}}, {"type": "Feature", "geometry": {"type": "LineString", "coordinates": [[-95.3842308763248, 29.7816767710351], [-95.3842386291422, 29.7825846686194]]}, "properties": {"centerlineid": 10086116, "roadclass": "LOCAL", "fullname": "MICHAUX ST", "fromleft": 2601, "toleft": 2699, "fromright": 2600, "toright": 2698, "onewaydir": " "}}, {"type": "Feature", "geometry": {"type": "LineString", "coordinates": [[-95.3763954739427, 29.7836869560347], [-95.3778300039776, 29.7836719113499]]}, "properties": {"centerlineid": 10087456, "roadclass": "LOCAL", "fullname": "TEETSHORN ST", "fromleft": 501, "toleft": 599, "fromright": 500, "toright": 598, "onewaydir": " "}}, {"type": "Feature", "geometry": {"type": "LineString", "coordinates": [[-95.3805153539531, 29.7647260672329], [-95.3805153203013, 29.7654737865502]]}, "properties": {"centerlineid": 10135380, "roadclass": "LOCAL", "fullname": "HEMPHILL ST", "fromleft": 601, "toleft": 699, "fromright": 600, "toright": 698, "onewaydir": " "}}, {"type": "Feature", "geometry": {"type": "LineString", "coordinates": [[-95.3755487255891, 29.7647185366296], [-95.3755562666117, 29.7654126411416], [-95.3755945933339, 29.7654908961868]]}, "properties": {"centerlineid": 10135322, "roadclass": "LOCAL", "fullname": "SABINE ST", "fromleft": 601, "toleft": 699, "fromright": 600, "toright": 698, "onewaydir": " "}}, {"type": "Feature", "geometry": {"type": "LineString", "coordinates": [[-95.3723825893007, 29.7729925539073], [-95.3723976410622, 29.773732726482]]}, "properties": {"centerlineid": 10135238, "roadclass": "MAJOR", "fullname": "HOUSTON AVE", "fromleft": 1701, "toleft": 1799, "fromright": 1700, "toright": 1798, "onewaydir": " "}}, {"type": "Feature", "geometry": {"type": "LineString", "coordinates": [[-95.3815453155049, 29.7662005261011], [-95.3823922980221, 29.7662023694742]]}, "properties": {"centerlineid": 10134917, "roadclass": "LOCAL", "fullname": "KANE ST", "fromleft": 2301, "toleft": 2399, "fromright": 2300, "toright": 2398, "onewaydir": " "}}, {"type": "Feature", "geometry": {"type": "LineString", "coordinates": [[-95.3803398626347, 29.7729259126251], [-95.3814537913184, 29.7729181295686]]}, "properties": {"centerlineid": 10135450, "roadclass": "LOCAL", "fullname": "SUMMER ST", "fromleft": 2201, "toleft": 2299, "fromright": 2200, "toright": 2298, "onewaydir": " "}}, {"type": "Feature", "geometry": {"type": "LineString", "coordinates": [[-95.3809427263671, 29.7795403824768], [-95.3812448069155, 29.7795247096132], [-95.3812622431668, 29.7795239358358], [-95.3812796921063, 29.7795234241776], [-95.3812971486054, 29.7795231733716], [-95.3813146074551, 29.7795231844057], [-95.3813320634868, 29.7795234571402], [-95.3813495115316, 29.7795239914355], [-95.3813669464608, 29.779524786025], [-95.3813843630656, 29.7795258418962], [-95.3814017561771, 29.7795271589097], [-95.3814191219188, 29.7795287369606], [-95.3814364526175, 29.7795305735852], [-95.3814537456488, 29.779532669841], [-95.3814709945517, 29.7795350255535], [-95.3814881942374, 29.7795376383287], [-95.3815053394971, 29.7795405091542], [-95.3815224265342, 29.7795436356709], [-95.38153945014, 29.7795470188666], [-95.3815564039733, 29.7795506551849], [-95.3815732828253, 29.7795545456137], [-95.3815900841919, 29.7795586878285], [-95.3816068003195, 29.7795630816202], [-95.3816234274118, 29.7795677246295], [-95.3816399615919, 29.7795726167517], [-95.381656396479, 29.779577755558], [-95.3816727282364, 29.7795831398165], [-95.381688950483, 29.7795887670981], [-95.3817050606345, 29.7795946373331], [-95.3817210523097, 29.7796007480926], [-95.3817369217121, 29.7796070970174], [-95.3817526636729, 29.7796136839681], [-95.3817682744753, 29.7796205043308], [-95.3817837476583, 29.7796275579311], [-95.3817990807176, 29.7796348424449], [-95.3818142672719, 29.7796423554432], [-95.3818293035247, 29.7796500945667], [-95.3818441856392, 29.7796580585837], [-95.3818589085667, 29.7796662439727], [-95.3818734685104, 29.7796746483747], [-95.3818878603816, 29.7796832693956], [-95.3819020816756, 29.7796921047111], [-95.3819161259714, 29.7797011530195], [-95.3819299895922, 29.7797104085799], [-95.3819436699538, 29.7797198713226], [-95.381957162007, 29.7797295377261], [-95.3819704619552, 29.7797394054316], [-95.3819835647895, 29.7797494697901], [-95.3819964679655, 29.7797597296049], [-95.3820091677662, 29.7797701802622], [-95.3820216590629, 29.7797808204952], [-95.3820339394311, 29.7797916457251], [-95.3820460050739, 29.7798026535928], [-95.3820578522347, 29.7798138406118], [-95.382069478449, 29.7798252033306], [-95.3820808773355, 29.7798367393203], [-95.3820920490941, 29.7798484429446], [-95.3821029873036, 29.7798603129017], [-95.3821136920841, 29.77987234581], [-95.3821241571741, 29.7798845358587], [-95.382129375397, 29.7798907247138], [-95.3821395894835, 29.7799032814714], [-95.3821495550337, 29.7799159894889], [-95.3821592696633, 29.7799288430603], [-95.3823082983221, 29.7801297359059], [-95.3824228607451, 29.7802614010873], [-95.3824756922409, 29.7803175772268], [-95.382487567199, 29.7803299892201], [-95.3824996786564, 29.7803422248022], [-95.3825120254409, 29.7803542805561], [-95.3825246025034, 29.7803661529604], [-95.3825374073394, 29.7803778396909], [-95.3825504349, 29.7803893372259], [-95.3825636827206, 29.7804006421139], [-95.3825771470843, 29.7804117497412], [-95.3825908228623, 29.7804226588407], [-95.3826047075899, 29.780433365961], [-95.3826187975105, 29.7804438676154], [-95.3826330875748, 29.7804541602826], [-95.3826475739461, 29.7804642427304], [-95.3826622529077, 29.7804741103453], [-95.3826771193304, 29.7804837618603], [-95.3826921707498, 29.7804931938238], [-95.3827074021166, 29.7805024027143], [-95.382722808302, 29.780511387265], [-95.382738385509, 29.7805201451167], [-95.3827541300208, 29.7805286716556], [-95.3827700366683, 29.7805369667421], [-95.3828727993543, 29.7805895357145], [-95.3830788457193, 29.7806887816569]]}, "properties": {"centerlineid": 10086306, "roadclass": "MAJOR", "fullname": "WHITE OAK DR", "fromleft": 2201, "toleft": 2399, "fromright": 2200, "toright": 2398, "onewaydir": " "}}, {"type": "Feature", "geometry": {"type": "LineString", "coordinates": [[-95.3630745247861, 29.7810739106673], [-95.3622734119549, 29.7813582539795]]}, "properties": {"centerlineid": 10087504, "roadclass": "MAJOR", "fullname": "QUITMAN ST", "fromleft": 701, "toleft": 799, "fromright": 700, "toright": 798, "onewaydir": " "}}, {"type": "Feature", "geometry": {"type": "LineString", "coordinates": [[-95.3620142514428, 29.7849535238293], [-95.3620217573034, 29.7855563591405]]}, "properties": {"centerlineid": 10087751, "roadclass": "LOCAL", "fullname": "GENTRY ST", "fromleft": 2511, "toleft": 2599, "fromright": 2510, "toright": 2598, "onewaydir": " "}}, {"type": "Feature", "geometry": {"type": "LineString", "coordinates": [[-95.3610433803131, 29.7672113105559], [-95.3609091087797, 29.7668563505814], [-95.3608036785207, 29.7665997142484], [-95.3607727263071, 29.7663143389275], [-95.3607791114892, 29.76605304705], [-95.3608238464055, 29.7658019194944], [-95.3609918035687, 29.7653174868395]]}, "properties": {"centerlineid": 10140424, "roadclass": "LOCAL", "fullname": "MILAM ST", "fromleft": 1, "toleft": 99, "fromright": 2, "toright": 98, "onewaydir": "FT"}}, {"type": "Feature", "geometry": {"type": "LineString", "coordinates": [[-95.3759377417294, 29.7772935786664], [-95.3760141857398, 29.7772956458079], [-95.3770822760685, 29.7772917291112]]}, "properties": {"centerlineid": 10087728, "roadclass": "LOCAL", "fullname": "WEBER ST", "fromleft": 1801, "toleft": 1899, "fromright": 1800, "toright": 1898, "onewaydir": " "}}, {"type": "Feature", "geometry": {"type": "LineString", "coordinates": [[-95.374709477839, 29.7707685422162], [-95.374717037737, 29.7715009755519]]}, "properties": {"centerlineid": 10135054, "roadclass": "LOCAL", "fullname": "COLORADO ST", "fromleft": 1401, "toleft": 1499, "fromright": 1400, "toright": 1498, "onewaydir": " "}}, {"type": "Feature", "geometry": {"type": "LineString", "coordinates": [[-95.3723845977551, 29.7829790645114], [-95.3724421087957, 29.7831549299332], [-95.3727981832805, 29.7831541274121], [-95.3727894085365, 29.7828119849431], [-95.3723736450238, 29.7828085619474], [-95.3723845977551, 29.7829790645114]]}, "properties": {"centerlineid": 10087562, "roadclass": "LOCAL", "fullname": "VIEUX CARRE DR", "fromleft": 201, "toleft": 299, "fromright": 200, "toright": 298, "onewaydir": " "}}, {"type": "Feature", "geometry": {"type": "LineString", "coordinates": [[-95.3737710401582, 29.7602420239493], [-95.3738695552379, 29.7602409426627], [-95.374557516221, 29.7602333948362]]}, "properties": {"centerlineid": 10135459, "roadclass": "LOCAL", "fullname": "ALLEN PKWY", "fromleft": 0, "toleft": 0, "fromright": 0, "toright": 0, "onewaydir": "FT"}}, {"type": "Feature", "geometry": {"type": "LineString", "coordinates": [[-95.364333368219, 29.7771772071561], [-95.3632730324793, 29.7775587220272]]}, "properties": {"centerlineid": 10087543, "roadclass": "LOCAL", "fullname": "BISHOP ST", "fromleft": 401, "toleft": 499, "fromright": 400, "toright": 498, "onewaydir": " "}}, {"type": "Feature", "geometry": {"type": "LineString", "coordinates": [[-95.3629908292566, 29.7850507343651], [-95.3626015371871, 29.7849820695157], [-95.3624947808881, 29.7849669847887], [-95.3624108133162, 29.7849574031477], [-95.3623192828137, 29.7849460330972], [-95.3620142514428, 29.7849535238293]]}, "properties": {"centerlineid": 10087445, "roadclass": "LOCAL", "fullname": "MCINTOSH ST", "fromleft": 901, "toleft": 999, "fromright": 900, "toright": 998, "onewaydir": " "}}, {"type": "Feature", "geometry": {"type": "LineString", "coordinates": [[-95.3764185144959, 29.7867560825311], [-95.3778680591859, 29.7867444662047]]}, "properties": {"centerlineid": 10087355, "roadclass": "LOCAL", "fullname": "BAYLAND AVE", "fromleft": 501, "toleft": 599, "fromright": 500, "toright": 598, "onewaydir": " "}}, {"type": "Feature", "geometry": {"type": "LineString", "coordinates": [[-95.3613046211192, 29.7830615186364], [-95.3606180663535, 29.7833075144386], [-95.3605415917614, 29.7833360457505]]}, "properties": {"centerlineid": 10094114, "roadclass": "LOCAL", "fullname": "MORRIS ST", "fromleft": 1001, "toleft": 1099, "fromright": 1000, "toright": 1098, "onewaydir": " "}}, {"type": "Feature", "geometry": {"type": "LineString", "coordinates": [[-95.3635781368157, 29.7801927218504], [-95.3638603708671, 29.7807764036227]]}, "properties": {"centerlineid": 10087746, "roadclass": "MAJOR", "fullname": "N MAIN ST", "fromleft": 2211, "toleft": 2299, "fromright": 2210, "toright": 2298, "onewaydir": " "}}, {"type": "Feature", "geometry": {"type": "LineString", "coordinates": [[-95.3723289555109, 29.7661681133032], [-95.3728402868796, 29.7661585570903], [-95.3739083778857, 29.7661393648453]]}, "properties": {"centerlineid": 10135163, "roadclass": "LOCAL", "fullname": "KANE ST", "fromleft": 1501, "toleft": 1599, "fromright": 1500, "toright": 1598, "onewaydir": " "}}, {"type": "Feature", "geometry": {"type": "LineString", "coordinates": [[-95.3825292269524, 29.7744121227232], [-95.3839289314603, 29.7743901895885]]}, "properties": {"centerlineid": 10086280, "roadclass": "LOCAL", "fullname": "SHEARN ST", "fromleft": 2401, "toleft": 2579, "fromright": 2400, "toright": 2580, "onewaydir": " "}}, {"type": "Feature", "geometry": {"type": "LineString", "coordinates": [[-95.3769905481767, 29.7707322648285], [-95.3769982755474, 29.7714799609511]]}, "properties": {"centerlineid": 10135087, "roadclass": "LOCAL", "fullname": "SILVER ST", "fromleft": 1401, "toleft": 1499, "fromright": 1400, "toright": 1498, "onewaydir": " "}}, {"type": "Feature", "geometry": {"type": "LineString", "coordinates": [[-95.3805458908597, 29.768897544252], [-95.3816445809078, 29.7690100160448]]}, "properties": {"centerlineid": 10135451, "roadclass": "LOCAL", "fullname": "CENTER ST", "fromleft": 2201, "toleft": 2299, "fromright": 2200, "toright": 2298, "onewaydir": " "}}, {"type": "Feature", "geometry": {"type": "LineString", "coordinates": [[-95.3828043696578, 29.7729220282739], [-95.3827890578498, 29.7732996613636], [-95.382684287041, 29.773652531487]]}, "properties": {"centerlineid": 10134804, "roadclass": "MAJOR", "fullname": "SAWYER ST", "fromleft": 1701, "toleft": 1799, "fromright": 1700, "toright": 1798, "onewaydir": " "}}, {"type": "Feature", "geometry": {"type": "LineString", "coordinates": [[-95.3792575953736, 29.7744182306986], [-95.3803644500121, 29.7744081235064]]}, "properties": {"centerlineid": 10087715, "roadclass": "LOCAL", "fullname": "SHEARN ST", "fromleft": 2101, "toleft": 2199, "fromright": 2100, "toright": 2198, "onewaydir": " "}}, {"type": "Feature", "geometry": {"type": "LineString", "coordinates": [[-95.3598550205768, 29.7617276860788], [-95.3601753888882, 29.7613347548567], [-95.3604654148465, 29.7609763065489]]}, "properties": {"centerlineid": 10140358, "roadclass": "MAJOR", "fullname": "FANNIN ST", "fromleft": 301, "toleft": 399, "fromright": 300, "toright": 398, "onewaydir": "FT"}}, {"type": "Feature", "geometry": {"type": "LineString", "coordinates": [[-95.3705963613351, 29.785158208411], [-95.3705017390323, 29.7851628122789], [-95.3704028438869, 29.7851720755813], [-95.3702842925303, 29.7851951355144], [-95.3701889046428, 29.7852212114005], [-95.3700826161095, 29.7852624753318]]}, "properties": {"centerlineid": 10087684, "roadclass": "LOCAL", "fullname": "NORTH ST", "fromleft": 201, "toleft": 231, "fromright": 200, "toright": 230, "onewaydir": " "}}, {"type": "Feature", "geometry": {"type": "LineString", "coordinates": [[-95.3747628768141, 29.7744612768566], [-95.3759071741027, 29.7744517104098]]}, "properties": {"centerlineid": 10087696, "roadclass": "LOCAL", "fullname": "SHEARN ST", "fromleft": 1701, "toleft": 1799, "fromright": 1700, "toright": 1798, "onewaydir": " "}}, {"type": "Feature", "geometry": {"type": "LineString", "coordinates": [[-95.3613808133257, 29.7775644384895], [-95.3619455650645, 29.7787527535515]]}, "properties": {"centerlineid": 10094608, "roadclass": "LOCAL", "fullname": "FREEMAN ST", "fromleft": 2001, "toleft": 2099, "fromright": 2000, "toright": 2098, "onewaydir": " "}}, {"type": "Feature", "geometry": {"type": "LineString", "coordinates": [[-95.3605263180583, 29.7643619335361], [-95.3606179111288, 29.7640960128972], [-95.3610145846361, 29.7635341074011]]}, "properties": {"centerlineid": 10140665, "roadclass": "LOCAL", "fullname": "TRAVIS ST", "fromleft": 101, "toleft": 199, "fromright": 100, "toright": 198, "onewaydir": "TF"}}, {"type": "Feature", "geometry": {"type": "LineString", "coordinates": [[-95.3789589595664, 29.7784246250327], [-95.3797144298008, 29.7779383693073], [-95.3800804559965, 29.7777170659634], [-95.3804315740252, 29.7775281524753], [-95.3810036371545, 29.7772782681713], [-95.3812477445824, 29.7772002464695]]}, "properties": {"centerlineid": 10087685, "roadclass": "RAMP", "fullname": "KATY FWY", "fromleft": 2101, "toleft": 2299, "fromright": 0, "toright": 0, "onewaydir": "TF"}}, {"type": "Feature", "geometry": {"type": "LineString", "coordinates": [[-95.3685752910359, 29.7812724260973], [-95.3685757527713, 29.7811296604222], [-95.368651757463, 29.7806239994056], [-95.3688219241596, 29.7801209188785], [-95.3689939147112, 29.7796227304453], [-95.3691064057636, 29.7793248691417], [-95.3692452762627, 29.778892720795], [-95.3692897718017, 29.7787556568925], [-95.3693984132158, 29.7783021995173], [-95.36944788006, 29.7778998526463], [-95.3694498166139, 29.7775672236467], [-95.3694501705146, 29.777506447292], [-95.3693922776302, 29.7770745107144], [-95.3693807455613, 29.7769884608995], [-95.3692990595687, 29.7766711507783], [-95.3692469510089, 29.7764687293797], [-95.3691163195068, 29.7761892517095], [-95.3689568481711, 29.7759414103202], [-95.3688043903696, 29.7756496149614], [-95.3686211784347, 29.7753500105152], [-95.368323654471, 29.7749093827079], [-95.3679268333601, 29.7743448858744]]}, "properties": {"centerlineid": 10087855, "roadclass": "HIGHWAY", "fullname": "N IH 45", "fromleft": 1301, "toleft": 1399, "fromright": 0, "toright": 0, "onewaydir": "FT"}}, {"type": "Feature", "geometry": {"type": "LineString", "coordinates": [[-95.3700632316568, 29.7717928180132], [-95.370070735979, 29.7722411708421]]}, "properties": {"centerlineid": 10135042, "roadclass": "LOCAL", "fullname": "GOLIAD ST", "fromleft": 1501, "toleft": 1599, "fromright": 1500, "toright": 1598, "onewaydir": " "}}, {"type": "Feature", "geometry": {"type": "LineString", "coordinates": [[-95.3811028710075, 29.7782911618215], [-95.381151187514, 29.7779273300228], [-95.381175666215, 29.7777430137157], [-95.3811930588631, 29.7776120432404], [-95.3812477445824, 29.7772002464695]]}, "properties": {"centerlineid": 10087711, "roadclass": "MAJOR", "fullname": "TAYLOR ST", "fromleft": 0, "toleft": 0, "fromright": 0, "toright": 0, "onewaydir": " "}}, {"type": "Feature", "geometry": {"type": "LineString", "coordinates": [[-95.3720313568403, 29.7830844748863], [-95.3720741003206, 29.7832389284388], [-95.3721031767732, 29.783346723374], [-95.372117957358, 29.7834358620817], [-95.3721231215906, 29.7835430097372], [-95.3721092385126, 29.7836809616528], [-95.3720848340465, 29.7837996723452]]}, "properties": {"centerlineid": 10087560, "roadclass": "MAJOR", "fullname": "HOUSTON AVE", "fromleft": 2741, "toleft": 2807, "fromright": 2740, "toright": 2806, "onewaydir": " "}}, {"type": "Feature", "geometry": {"type": "LineString", "coordinates": [[-95.3668587708665, 29.7625650578921], [-95.365988972921, 29.7620311273174]]}, "properties": {"centerlineid": 10135305, "roadclass": "MAJOR", "fullname": "TEXAS ST", "fromleft": 501, "toleft": 599, "fromright": 500, "toright": 598, "onewaydir": "FT"}}, {"type": "Feature", "geometry": {"type": "LineString", "coordinates": [[-95.3630670373283, 29.7625440685529], [-95.3622125337374, 29.7620272741554]]}, "properties": {"centerlineid": 10140434, "roadclass": "LOCAL", "fullname": "PRESTON ST", "fromleft": 801, "toleft": 899, "fromright": 800, "toright": 898, "onewaydir": "FT"}}, {"type": "Feature", "geometry": {"type": "LineString", "coordinates": [[-95.3599084441076, 29.7838605925104], [-95.3602746216865, 29.7846350044862]]}, "properties": {"centerlineid": 10094620, "roadclass": "LOCAL", "fullname": "TACKABERRY ST", "fromleft": 2401, "toleft": 2499, "fromright": 2400, "toright": 2498, "onewaydir": " "}}, {"type": "Feature", "geometry": {"type": "LineString", "coordinates": [[-95.364524123384, 29.7691015082268], [-95.364300082537, 29.7689565226143], [-95.3641362722655, 29.7688456304825], [-95.3636926748979, 29.7686152620931], [-95.3635397368152, 29.7685467996442], [-95.3632196646449, 29.7684035176264], [-95.3627313637772, 29.768184052484], [-95.3624641591006, 29.7680487367812], [-95.3622125334351, 29.7679191456326], [-95.3614953854117, 29.7675145561561], [-95.3611879179638, 29.7673234763211], [-95.3610433803131, 29.7672113105559]]}, "properties": {"centerlineid": 10125977, "roadclass": "RAMP", "fullname": "IH 45 MILAM RAMP", "fromleft": 0, "toleft": 0, "fromright": 0, "toright": 0, "onewaydir": "FT"}}, {"type": "Feature", "geometry": {"type": "LineString", "coordinates": [[-95.3731834631646, 29.7680697099558], [-95.3737710043093, 29.7681363617452]]}, "properties": {"centerlineid": 10135062, "roadclass": "LOCAL", "fullname": "CENTER ST", "fromleft": 1511, "toleft": 1519, "fromright": 1510, "toright": 1518, "onewaydir": " "}}, {"type": "Feature", "geometry": {"type": "LineString", "coordinates": [[-95.366362978853, 29.7600150087263], [-95.3669274611448, 29.7592711944444]]}, "properties": {"centerlineid": 10135268, "roadclass": "MAJOR", "fullname": "LOUISIANA ST", "fromleft": 801, "toleft": 899, "fromright": 800, "toright": 898, "onewaydir": "TF"}}, {"type": "Feature", "geometry": {"type": "LineString", "coordinates": [[-95.366576503405, 29.7646535323503], [-95.3659814672139, 29.7642950740358], [-95.3647913175949, 29.7635701445599]]}, "properties": {"centerlineid": 10134998, "roadclass": "LOCAL", "fullname": "PRESTON ST", "fromleft": 401, "toleft": 599, "fromright": 400, "toright": 598, "onewaydir": "FT"}}, {"type": "Feature", "geometry": {"type": "LineString", "coordinates": [[-95.380523073841, 29.7681326949135], [-95.3816217318763, 29.7682337687073]]}, "properties": {"centerlineid": 10135419, "roadclass": "MAJOR", "fullname": "WASHINGTON AVE", "fromleft": 2201, "toleft": 2299, "fromright": 2200, "toright": 2298, "onewaydir": " "}}, {"type": "Feature", "geometry": {"type": "LineString", "coordinates": [[-95.3672606695121, 29.7650335232165], [-95.366576503405, 29.7646535323503]]}, "properties": {"centerlineid": 10135513, "roadclass": "LOCAL", "fullname": "PRESTON ST", "fromleft": 301, "toleft": 399, "fromright": 300, "toright": 398, "onewaydir": "FT"}}, {"type": "Feature", "geometry": {"type": "LineString", "coordinates": [[-95.3743966469713, 29.7639555575988], [-95.3755562708323, 29.76395552804]]}, "properties": {"centerlineid": 10135184, "roadclass": "LOCAL", "fullname": "N MEMORIAL WAY", "fromleft": 1701, "toleft": 1799, "fromright": 1700, "toright": 1798, "onewaydir": " "}}, {"type": "Feature", "geometry": {"type": "LineString", "coordinates": [[-95.3667214298232, 29.7818027180263], [-95.3660042466918, 29.7820543761128]]}, "properties": {"centerlineid": 10087654, "roadclass": "LOCAL", "fullname": "CARL ST", "fromleft": 301, "toleft": 399, "fromright": 300, "toright": 398, "onewaydir": " "}}, {"type": "Feature", "geometry": {"type": "LineString", "coordinates": [[-95.3653633311734, 29.7774786197967], [-95.3656533519017, 29.7780698132389]]}, "properties": {"centerlineid": 10087786, "roadclass": "LOCAL", "fullname": "THOMAS ST", "fromleft": 2101, "toleft": 2111, "fromright": 2100, "toright": 2110, "onewaydir": " "}}, {"type": "Feature", "geometry": {"type": "LineString", "coordinates": [[-95.3769491283051, 29.7637228299626], [-95.3770148262711, 29.7637809115942], [-95.3770190458915, 29.7637847075301], [-95.3770231895442, 29.7637885668569], [-95.3770272546854, 29.7637924883776], [-95.3770312413549, 29.7637964709648], [-95.3770351482608, 29.7638005145837], [-95.3770389729391, 29.7638046157826], [-95.377042716682, 29.7638087745962], [-95.3770463756531, 29.7638129897928], [-95.3770499499328, 29.7638172591175], [-95.3770534394808, 29.7638215836978], [-95.3770568418735, 29.7638259589547], [-95.3770601570705, 29.7638303860154], [-95.377063382568, 29.7638348625555], [-95.377066518406, 29.7638393874478], [-95.3770695633325, 29.76384395953], [-95.3770725173876, 29.7638485776749], [-95.3770753781072, 29.7638532384307], [-95.3770781454513, 29.7638579429248], [-95.377080818208, 29.7638626888678], [-95.3770833964574, 29.7638674740048], [-95.3770858789073, 29.7638722983012], [-95.3770882656379, 29.7638771595023], [-95.3770905541051, 29.763882056411], [-95.3770927443889, 29.7638869867727], [-95.3770948365295, 29.7638919494602], [-95.3770968279827, 29.7638969432762], [-95.3770987213726, 29.7639019671636], [-95.3771005129434, 29.7639070176354], [-95.3771022039468, 29.763912095854], [-95.3771037932111, 29.7639171984027], [-95.3771052807361, 29.7639223252814], [-95.3771066653501, 29.7639274730733], [-95.3771079483849, 29.7639326406861], [-95.3771091259645, 29.7639378280151], [-95.3771102020851, 29.7639430317831], [-95.3771111728705, 29.7639482518853], [-95.377112039733, 29.763953484975], [-95.3771203798161, 29.7640071283011]]}, "properties": {"centerlineid": 10200142, "roadclass": "LOCAL", "fullname": "SILVER ST", "fromleft": null, "toleft": null, "fromright": 400, "toright": 498, "onewaydir": " "}}, {"type": "Feature", "geometry": {"type": "LineString", "coordinates": [[-95.3646158234078, 29.7777590344085], [-95.3635628198288, 29.7781501464106]]}, "properties": {"centerlineid": 10087381, "roadclass": "LOCAL", "fullname": "PASCHALL ST", "fromleft": 401, "toleft": 499, "fromright": 400, "toright": 498, "onewaydir": " "}}, {"type": "Feature", "geometry": {"type": "LineString", "coordinates": [[-95.3621819554397, 29.7772725665275], [-95.3624641837614, 29.7778544387279]]}, "properties": {"centerlineid": 10087793, "roadclass": "MAJOR", "fullname": "N MAIN ST", "fromleft": 2001, "toleft": 2011, "fromright": 2000, "toright": 2010, "onewaydir": " "}}, {"type": "Feature", "geometry": {"type": "LineString", "coordinates": [[-95.3632883352952, 29.7796015300639], [-95.3633951123405, 29.7798132906881], [-95.3635781368157, 29.7801927218504]]}, "properties": {"centerlineid": 10087772, "roadclass": "MAJOR", "fullname": "N MAIN ST", "fromleft": 2201, "toleft": 2209, "fromright": 2200, "toright": 2208, "onewaydir": " "}}, {"type": "Feature", "geometry": {"type": "LineString", "coordinates": [[-95.3594429444819, 29.7810225754698], [-95.3599923689945, 29.7821860601873]]}, "properties": {"centerlineid": 10094633, "roadclass": "MAJOR", "fullname": "FULTON ST", "fromleft": 2201, "toleft": 2299, "fromright": 2200, "toright": 2298, "onewaydir": " "}}, {"type": "Feature", "geometry": {"type": "LineString", "coordinates": [[-95.3673089477884, 29.7795157565751], [-95.3665537304174, 29.7797922957879]]}, "properties": {"centerlineid": 10087463, "roadclass": "MAJOR", "fullname": "QUITMAN ST", "fromleft": 201, "toleft": 299, "fromright": 200, "toright": 298, "onewaydir": " "}}, {"type": "Feature", "geometry": {"type": "LineString", "coordinates": [[-95.3689415386523, 29.7809920334555], [-95.369773203691, 29.7809842800483]]}, "properties": {"centerlineid": 10087407, "roadclass": "LOCAL", "fullname": "WRIGHTWOOD ST", "fromleft": 1201, "toleft": 1299, "fromright": 1200, "toright": 1298, "onewaydir": " "}}, {"type": "Feature", "geometry": {"type": "LineString", "coordinates": [[-95.3721154028069, 29.7851424752358], [-95.3721078974948, 29.7856173050676]]}, "properties": {"centerlineid": 10087397, "roadclass": "MAJOR", "fullname": "HOUSTON AVE", "fromleft": 3001, "toleft": 3007, "fromright": 3000, "toright": 3006, "onewaydir": " "}}, {"type": "Feature", "geometry": {"type": "LineString", "coordinates": [[-95.374724809364, 29.7722123897043], [-95.375866716126, 29.7721936063466]]}, "properties": {"centerlineid": 10210313, "roadclass": "LOCAL", "fullname": "WINTER ST", "fromleft": 1701, "toleft": 1799, "fromright": 0, "toright": 0, "onewaydir": " "}}, {"type": "Feature", "geometry": {"type": "LineString", "coordinates": [[-95.3771431579467, 29.7654929529483], [-95.3782571243154, 29.7654833863655]]}, "properties": {"centerlineid": 10135372, "roadclass": "LOCAL", "fullname": "LUBBOCK ST", "fromleft": 1901, "toleft": 1999, "fromright": 1900, "toright": 1998, "onewaydir": " "}}, {"type": "Feature", "geometry": {"type": "LineString", "coordinates": [[-95.3807061120649, 29.782204962036], [-95.3820032506752, 29.7822050031602]]}, "properties": {"centerlineid": 10086200, "roadclass": "LOCAL", "fullname": "WENDEL ST", "fromleft": 801, "toleft": 899, "fromright": 800, "toright": 898, "onewaydir": " "}}, {"type": "Feature", "geometry": {"type": "LineString", "coordinates": [[-95.3853906979036, 29.7807859936666], [-95.3857035343063, 29.7808030838558], [-95.38593237345, 29.7808145107952]]}, "properties": {"centerlineid": 10086157, "roadclass": "LOCAL", "fullname": "USENER ST", "fromleft": 1031, "toleft": 1099, "fromright": 1030, "toright": 1098, "onewaydir": " "}}, {"type": "Feature", "geometry": {"type": "LineString", "coordinates": [[-95.360523498893, 29.7651022423341], [-95.3605340836354, 29.7645925921702], [-95.3605263180583, 29.7643619335361]]}, "properties": {"centerlineid": 10140427, "roadclass": "RAMP", "fullname": "TRAVIS ST", "fromleft": 31, "toleft": 99, "fromright": 30, "toright": 98, "onewaydir": "TF"}}, {"type": "Feature", "geometry": {"type": "LineString", "coordinates": [[-95.3611900446315, 29.7751994290131], [-95.3608697239905, 29.775311908526], [-95.360457632728, 29.7754663661497], [-95.3603967235132, 29.7754891805709]]}, "properties": {"centerlineid": 10094282, "roadclass": "LOCAL", "fullname": "PINCKNEY ST", "fromleft": 601, "toleft": 699, "fromright": 600, "toright": 698, "onewaydir": " "}}, {"type": "Feature", "geometry": {"type": "LineString", "coordinates": [[-95.3735574462331, 29.7707838412745], [-95.3740991382208, 29.7707742651209], [-95.374709477839, 29.7707685422162]]}, "properties": {"centerlineid": 10135034, "roadclass": "LOCAL", "fullname": "EDWARDS ST", "fromleft": 1601, "toleft": 1699, "fromright": 1600, "toright": 1698, "onewaydir": " "}}, {"type": "Feature", "geometry": {"type": "LineString", "coordinates": [[-95.3807594902935, 29.7867159574604], [-95.3820566553205, 29.7867063689847]]}, "properties": {"centerlineid": 10085974, "roadclass": "LOCAL", "fullname": "BAYLAND AVE", "fromleft": 801, "toleft": 899, "fromright": 800, "toright": 898, "onewaydir": " "}}, {"type": "Feature", "geometry": {"type": "LineString", "coordinates": [[-95.3598652495895, 29.7724133071323], [-95.3590692232373, 29.7727255669791]]}, "properties": {"centerlineid": 10140266, "roadclass": "LOCAL", "fullname": "BURNETT ST", "fromleft": 601, "toleft": 699, "fromright": 600, "toright": 698, "onewaydir": " "}}, {"type": "Feature", "geometry": {"type": "LineString", "coordinates": [[-95.3724482162573, 29.778357295072], [-95.3730919766791, 29.7785523853876], [-95.3741372606224, 29.7788634011058], [-95.3746180064912, 29.778972000061], [-95.3750526497144, 29.7790769773618], [-95.3754875635774, 29.7791533983995], [-95.3759683306155, 29.7791894733915], [-95.3765634157356, 29.7792047252682], [-95.3772499826347, 29.7791590923338]]}, "properties": {"centerlineid": 10087840, "roadclass": "HIGHWAY", "fullname": "W IH 10", "fromleft": 0, "toleft": 0, "fromright": 1400, "toright": 1900, "onewaydir": "FT"}}, {"type": "Feature", "geometry": {"type": "LineString", "coordinates": [[-95.3603891614003, 29.7792962430705], [-95.3605416286653, 29.7796320986251], [-95.3606483672194, 29.7798552570102], [-95.3609308451349, 29.7804674669633]]}, "properties": {"centerlineid": 10094612, "roadclass": "LOCAL", "fullname": "CHESTNUT ST", "fromleft": 2101, "toleft": 2199, "fromright": 2100, "toright": 2198, "onewaydir": " "}}, {"type": "Feature", "geometry": {"type": "LineString", "coordinates": [[-95.3612665209078, 29.7648025070663], [-95.3605263180583, 29.7643619335361]]}, "properties": {"centerlineid": 10140303, "roadclass": "LOCAL", "fullname": "COMMERCE ST", "fromleft": 801, "toleft": 889, "fromright": 800, "toright": 888, "onewaydir": " "}}, {"type": "Feature", "geometry": {"type": "LineString", "coordinates": [[-95.3746713716591, 29.7675202720935], [-95.3751394535659, 29.7675796634822]]}, "properties": {"centerlineid": 10135518, "roadclass": "MAJOR", "fullname": "WASHINGTON AVE", "fromleft": 1701, "toleft": 1709, "fromright": 1700, "toright": 1708, "onewaydir": " "}}, {"type": "Feature", "geometry": {"type": "LineString", "coordinates": [[-95.3666665190564, 29.7738064911014], [-95.3667503504789, 29.7739352545212], [-95.3674082117138, 29.7749456964899], [-95.3676140031676, 29.7752908980426], [-95.3677438576293, 29.7755884530046], [-95.3678431288965, 29.7758688526503], [-95.3679651747052, 29.776238950203], [-95.3680642020996, 29.7766565213241], [-95.36811008323, 29.7770017604656], [-95.3681253369142, 29.7773700355289], [-95.3681709837506, 29.7789797493156], [-95.3681709760563, 29.7791057170743], [-95.368199281864, 29.779323926057], [-95.3682244055578, 29.7795175881799]]}, "properties": {"centerlineid": 10087846, "roadclass": "HIGHWAY", "fullname": "N IH 45 HWY", "fromleft": 0, "toleft": 0, "fromright": 1000, "toright": 1298, "onewaydir": "TF"}}, {"type": "Feature", "geometry": {"type": "LineString", "coordinates": [[-95.3721393341805, 29.7635712261644], [-95.3711618985329, 29.7636217324047], [-95.3709099605987, 29.7635968612546], [-95.3707404348643, 29.7635544042339]]}, "properties": {"centerlineid": 10135465, "roadclass": "MAJOR", "fullname": "MEMORIAL SERVICE RD", "fromleft": 0, "toleft": 0, "fromright": 0, "toright": 0, "onewaydir": "FT"}}, {"type": "Feature", "geometry": {"type": "LineString", "coordinates": [[-95.3663704661958, 29.7741388609836], [-95.3666299395389, 29.7739843877982], [-95.3667503504789, 29.7739352545212], [-95.3670171150412, 29.7738411640363], [-95.3672203514319, 29.7737961983727], [-95.3673500813923, 29.7737705806432], [-95.367467795422, 29.7737635981002], [-95.3675850722676, 29.7737656948244], [-95.3678566121112, 29.7737740994629], [-95.3679461150996, 29.7737763604766], [-95.3690026706589, 29.7737840589946]]}, "properties": {"centerlineid": 10087545, "roadclass": "MAJOR", "fullname": "CROCKETT ST", "fromleft": 901, "toleft": 1199, "fromright": 900, "toright": 1198, "onewaydir": " "}}, {"type": "Feature", "geometry": {"type": "LineString", "coordinates": [[-95.365988972921, 29.7620311273174], [-95.3651344972035, 29.7615312396622]]}, "properties": {"centerlineid": 10135308, "roadclass": "MAJOR", "fullname": "TEXAS ST", "fromleft": 601, "toleft": 699, "fromright": 600, "toright": 698, "onewaydir": "FT"}}, {"type": "Feature", "geometry": {"type": "LineString", "coordinates": [[-95.3700707417881, 29.770808713212], [-95.3700554645508, 29.7712798930795], [-95.3700632316568, 29.7717928180132]]}, "properties": {"centerlineid": 10135050, "roadclass": "LOCAL", "fullname": "GOLIAD ST", "fromleft": 1401, "toleft": 1499, "fromright": 1400, "toright": 1498, "onewaydir": " "}}, {"type": "Feature", "geometry": {"type": "LineString", "coordinates": [[-95.3611519684955, 29.7790121743549], [-95.3605340961571, 29.7792410076283], [-95.3603891614003, 29.7792962430705]]}, "properties": {"centerlineid": 10094180, "roadclass": "LOCAL", "fullname": "PASCHALL ST", "fromleft": 801, "toleft": 899, "fromright": 800, "toright": 898, "onewaydir": " "}}, {"type": "Feature", "geometry": {"type": "LineString", "coordinates": [[-95.3755487255891, 29.7647185366296], [-95.3756630248621, 29.7647488871344], [-95.3770288504352, 29.7647452581353], [-95.3771278692428, 29.7647374685567]]}, "properties": {"centerlineid": 10135323, "roadclass": "LOCAL", "fullname": "STATE ST", "fromleft": 1801, "toleft": 1899, "fromright": 1800, "toright": 1898, "onewaydir": " "}}, {"type": "Feature", "geometry": {"type": "LineString", "coordinates": [[-95.3723289871123, 29.7679857375548], [-95.3723520331632, 29.7687544574401], [-95.3723520332758, 29.7687754370976], [-95.372352013764, 29.7693876513352], [-95.3723520389679, 29.7700570836909]]}, "properties": {"centerlineid": 10135122, "roadclass": "MAJOR", "fullname": "HOUSTON AVE", "fromleft": 1101, "toleft": 1299, "fromright": 1100, "toright": 1298, "onewaydir": " "}}, {"type": "Feature", "geometry": {"type": "LineString", "coordinates": [[-95.3806757675494, 29.7800307212813], [-95.3806832688779, 29.78023857651], [-95.3806832737612, 29.780471347633], [-95.3806875392211, 29.780499425761], [-95.3806880641682, 29.7805009259832], [-95.3806886191569, 29.7805024179899], [-95.3806892042273, 29.7805039006536], [-95.3806898180471, 29.7805053750669], [-95.3806904606963, 29.7805068389752], [-95.3806911333871, 29.7805082946679], [-95.3806918336551, 29.7805097386934], [-95.3806925640448, 29.7805111722488], [-95.3806933220116, 29.7805125941369], [-95.3806941075556, 29.7805140043578], [-95.380694921969, 29.7805154029465], [-95.3806957627074, 29.7805167887057], [-95.3806966323551, 29.7805181617054], [-95.3806975283278, 29.7805195218757], [-95.3806984519577, 29.7805208681243], [-95.3806994007003, 29.7805221992539], [-95.3807003771001, 29.7805235164619], [-95.3807013799048, 29.7805248185859], [-95.38070240653, 29.7805261055561], [-95.3807034608924, 29.7805273763501], [-95.3807045390752, 29.7805286319903], [-95.3807056411585, 29.7805298702223], [-95.3807067696868, 29.780531092243], [-95.3807079208232, 29.7805322968205], [-95.3807090959002, 29.7805334828625], [-95.3807102948377, 29.7805346526235], [-95.3807115164633, 29.7805358026867], [-95.3807127607372, 29.7805369341795], [-95.3807140276593, 29.7805380471018], [-95.3807153172297, 29.7805391414536], [-95.3807166269438, 29.7805402149107], [-95.3807179580539, 29.7805412686351], [-95.38071931056, 29.7805423026268], [-95.3807206832099, 29.7805433157238], [-95.3807220760035, 29.7805443079259], [-95.3807234876486, 29.7805452791983], [-95.3807249181852, 29.7805462284137], [-95.3807263675734, 29.7805471566994], [-95.380727835893, 29.7805480618009], [-95.3807293218119, 29.7805489448104], [-95.3807308253301, 29.7805498057281], [-95.3807323451953, 29.7805506433917], [-95.3807338813675, 29.7805514589286], [-95.3807354326346, 29.7805522500492], [-95.3807370002486, 29.7805530179157], [-95.3807385842497, 29.7805537614009], [-95.380740180721, 29.7805544815273], [-95.3807417922872, 29.7805551772375], [-95.3807434176558, 29.7805558484966], [-95.3807450555348, 29.7805564952696], [-95.3807467059641, 29.7805571164294], [-95.3807483689036, 29.7805577131031], [-95.3807500430612, 29.7805582852558], [-95.3807517285168, 29.7805588306331], [-95.3807534251905, 29.7805593514895], [-95.3807551305778, 29.7805598455006], [-95.3807568458908, 29.7805603149558], [-95.3807585712097, 29.7805607576007], [-95.3808128802283, 29.7805742558536]]}, "properties": {"centerlineid": 10087567, "roadclass": "LOCAL", "fullname": "WATSON ST", "fromleft": 2307, "toleft": 2399, "fromright": 2306, "toright": 2398, "onewaydir": " "}}, {"type": "Feature", "geometry": {"type": "LineString", "coordinates": [[-95.3736336583612, 29.7759318389452], [-95.3736324608977, 29.7762375538296]]}, "properties": {"centerlineid": 10087706, "roadclass": "LOCAL", "fullname": "JOHNSON ST", "fromleft": 2101, "toleft": 2199, "fromright": 2100, "toright": 2198, "onewaydir": " "}}, {"type": "Feature", "geometry": {"type": "LineString", "coordinates": [[-95.3690179839809, 29.774522193809], [-95.3701166435522, 29.7745185556927]]}, "properties": {"centerlineid": 10087692, "roadclass": "LOCAL", "fullname": "SHEARN ST", "fromleft": 1201, "toleft": 1299, "fromright": 1200, "toright": 1298, "onewaydir": " "}}, {"type": "Feature", "geometry": {"type": "LineString", "coordinates": [[-95.3629830362919, 29.7855638863204], [-95.3629907953459, 29.7858995347219]]}, "properties": {"centerlineid": 10087816, "roadclass": "LOCAL", "fullname": "ATLANTIC ST", "fromleft": 2611, "toleft": 2613, "fromright": 2610, "toright": 2612, "onewaydir": " "}}, {"type": "Feature", "geometry": {"type": "LineString", "coordinates": [[-95.3584192895074, 29.7663472395501], [-95.3600991761274, 29.7667173335153], [-95.3602821796666, 29.7667631929053], [-95.3603738827361, 29.7667841978998], [-95.3605646420327, 29.7667860299104], [-95.3607017593971, 29.7667326302478]]}, "properties": {"centerlineid": 10140262, "roadclass": "LOCAL", "fullname": "GIRARD ST", "fromleft": 101, "toleft": 299, "fromright": 100, "toright": 298, "onewaydir": " "}}, {"type": "Feature", "geometry": {"type": "LineString", "coordinates": [[-95.3673089827562, 29.7838683356214], [-95.3673896691279, 29.7840652040668], [-95.3674095871192, 29.7841414252482]]}, "properties": {"centerlineid": 1085444, "roadclass": "LOCAL", "fullname": "IDEAL ST", "fromleft": 2517, "toleft": 2799, "fromright": 2516, "toright": 2798, "onewaydir": " "}}, {"type": "Feature", "geometry": {"type": "LineString", "coordinates": [[-95.3675302644735, 29.781692066803], [-95.3678506615716, 29.7818921685886]]}, "properties": {"centerlineid": 10087807, "roadclass": "LOCAL", "fullname": "THOMAS ST", "fromleft": 2509, "toleft": 2599, "fromright": 2508, "toright": 2598, "onewaydir": " "}}, {"type": "Feature", "geometry": {"type": "LineString", "coordinates": [[-95.3721231476135, 29.7864718202135], [-95.3721307051497, 29.7867960167985]]}, "properties": {"centerlineid": 10087498, "roadclass": "MAJOR", "fullname": "HOUSTON AVE", "fromleft": 3101, "toleft": 3199, "fromright": 3100, "toright": 3198, "onewaydir": " "}}, {"type": "Feature", "geometry": {"type": "LineString", "coordinates": [[-95.3642952560788, 29.7836164569739], [-95.3635019243223, 29.7839064598988]]}, "properties": {"centerlineid": 10087420, "roadclass": "LOCAL", "fullname": "BOUNDARY ST", "fromleft": 701, "toleft": 799, "fromright": 700, "toright": 798, "onewaydir": " "}}, {"type": "Feature", "geometry": {"type": "LineString", "coordinates": [[-95.3805458908597, 29.768897544252], [-95.3805536801797, 29.769563092385]]}, "properties": {"centerlineid": 10135340, "roadclass": "LOCAL", "fullname": "HEMPHILL ST", "fromleft": 1101, "toleft": 1199, "fromright": 1100, "toright": 1198, "onewaydir": " "}}, {"type": "Feature", "geometry": {"type": "LineString", "coordinates": [[-95.3596261866587, 29.7795729990878], [-95.3588784412429, 29.7798531886222]]}, "properties": {"centerlineid": 10094267, "roadclass": "LOCAL", "fullname": "PASCHALL ST", "fromleft": 1001, "toleft": 1099, "fromright": 1000, "toright": 1098, "onewaydir": " "}}, {"type": "Feature", "geometry": {"type": "LineString", "coordinates": [[-95.3628000619336, 29.7612738216461], [-95.3619455489537, 29.7607531646324]]}, "properties": {"centerlineid": 10140494, "roadclass": "MAJOR", "fullname": "PRAIRIE ST", "fromleft": 901, "toleft": 999, "fromright": 900, "toright": 998, "onewaydir": "TF"}}, {"type": "Feature", "geometry": {"type": "LineString", "coordinates": [[-95.3843086561521, 29.7852441161286], [-95.3857949971736, 29.7852357892979], [-95.386008582526, 29.7852339649568]]}, "properties": {"centerlineid": 10086014, "roadclass": "LOCAL", "fullname": "EUCLID ST", "fromleft": 1001, "toleft": 1099, "fromright": 1000, "toright": 1098, "onewaydir": " "}}, {"type": "Feature", "geometry": {"type": "LineString", "coordinates": [[-95.3631128726617, 29.7680430390474], [-95.3614113980422, 29.767342999246]]}, "properties": {"centerlineid": 10140694, "roadclass": "HIGHWAY", "fullname": "E IH 10", "fromleft": 0, "toleft": 0, "fromright": 400, "toright": 498, "onewaydir": "FT"}}, {"type": "Feature", "geometry": {"type": "LineString", "coordinates": [[-95.3712152557873, 29.7737594206247], [-95.3712228095378, 29.7745032516213]]}, "properties": {"centerlineid": 10087534, "roadclass": "LOCAL", "fullname": "HICKORY ST", "fromleft": 1801, "toleft": 1899, "fromright": 1800, "toright": 1898, "onewaydir": " "}}, {"type": "Feature", "geometry": {"type": "LineString", "coordinates": [[-95.366607100759, 29.7612813717205], [-95.3671944442279, 29.7605395721236]]}, "properties": {"centerlineid": 10135155, "roadclass": "LOCAL", "fullname": "SMITH ST", "fromleft": 701, "toleft": 799, "fromright": 700, "toright": 798, "onewaydir": "FT"}}, {"type": "Feature", "geometry": {"type": "LineString", "coordinates": [[-95.3752740195179, 29.7605585387773], [-95.3753273949367, 29.7610429261086]]}, "properties": {"centerlineid": 10135244, "roadclass": "LOCAL", "fullname": "SABINE ST", "fromleft": 101, "toleft": 105, "fromright": 100, "toright": 104, "onewaydir": " "}}, {"type": "Feature", "geometry": {"type": "LineString", "coordinates": [[-95.3588392733737, 29.7702701744459], [-95.3592478621874, 29.7711208197166], [-95.3593519087784, 29.7713374311664], [-95.3598652495895, 29.7724133071323]]}, "properties": {"centerlineid": 10205448, "roadclass": "MAJOR", "fullname": "N MAIN ST", "fromleft": 531, "toleft": 999, "fromright": 530, "toright": 998, "onewaydir": " "}}, {"type": "Feature", "geometry": {"type": "LineString", "coordinates": [[-95.3723520389679, 29.7700570836909], [-95.372367301518, 29.7707838204285]]}, "properties": {"centerlineid": 10135060, "roadclass": "MAJOR", "fullname": "HOUSTON AVE", "fromleft": 1301, "toleft": 1399, "fromright": 1300, "toright": 1398, "onewaydir": " "}}, {"type": "Feature", "geometry": {"type": "LineString", "coordinates": [[-95.3748010149224, 29.7772917695274], [-95.3759377417294, 29.7772935786664]]}, "properties": {"centerlineid": 10087727, "roadclass": "LOCAL", "fullname": "WEBER ST", "fromleft": 1701, "toleft": 1799, "fromright": 1700, "toright": 1798, "onewaydir": " "}}, {"type": "Feature", "geometry": {"type": "LineString", "coordinates": [[-95.3782418050716, 29.7639822275129], [-95.3791040711089, 29.7639765502886], [-95.3793632942817, 29.76398406579]]}, "properties": {"centerlineid": 10135274, "roadclass": "LOCAL", "fullname": "N MEMORIAL WAY", "fromleft": 2001, "toleft": 2099, "fromright": 2000, "toright": 2098, "onewaydir": " "}}, {"type": "Feature", "geometry": {"type": "LineString", "coordinates": [[-95.3771356443464, 29.7662329342134], [-95.3782724064002, 29.7662272389049]]}, "properties": {"centerlineid": 10135117, "roadclass": "LOCAL", "fullname": "KANE ST", "fromleft": 1901, "toleft": 1999, "fromright": 1900, "toright": 1998, "onewaydir": " "}}, {"type": "Feature", "geometry": {"type": "LineString", "coordinates": [[-95.3607323690506, 29.7622732127702], [-95.3601831273452, 29.7619336945695], [-95.3598550205768, 29.7617276860788]]}, "properties": {"centerlineid": 10140258, "roadclass": "LOCAL", "fullname": "CONGRESS ST", "fromleft": 1001, "toleft": 1099, "fromright": 1000, "toright": 1098, "onewaydir": "TF"}}, {"type": "Feature", "geometry": {"type": "LineString", "coordinates": [[-95.3613808133257, 29.7775644384895], [-95.3605949842432, 29.7778544423099]]}, "properties": {"centerlineid": 10094080, "roadclass": "LOCAL", "fullname": "JAMES ST", "fromleft": 701, "toleft": 799, "fromright": 700, "toright": 798, "onewaydir": " "}}, {"type": "Feature", "geometry": {"type": "LineString", "coordinates": [[-95.3671944442279, 29.7605395721236], [-95.3677972638587, 29.7597954916187]]}, "properties": {"centerlineid": 10135156, "roadclass": "LOCAL", "fullname": "SMITH ST", "fromleft": 801, "toleft": 899, "fromright": 800, "toright": 898, "onewaydir": "FT"}}, {"type": "Feature", "geometry": {"type": "LineString", "coordinates": [[-95.36004578113, 29.776685288513], [-95.3605034769836, 29.7776618404364], [-95.3605949842432, 29.7778544423099]]}, "properties": {"centerlineid": 10094624, "roadclass": "LOCAL", "fullname": "EVERETT ST", "fromleft": 1901, "toleft": 1999, "fromright": 1900, "toright": 1998, "onewaydir": " "}}, {"type": "Feature", "geometry": {"type": "LineString", "coordinates": [[-95.3770210963315, 29.773700104658], [-95.3781503074684, 29.7736886694086]]}, "properties": {"centerlineid": 10087705, "roadclass": "MAJOR", "fullname": "CROCKETT ST", "fromleft": 1901, "toleft": 1999, "fromright": 1900, "toright": 1998, "onewaydir": " "}}, {"type": "Feature", "geometry": {"type": "LineString", "coordinates": [[-95.380751943335, 29.7860045075832], [-95.3807594902935, 29.7867159574604]]}, "properties": {"centerlineid": 10087512, "roadclass": "LOCAL", "fullname": "WATSON ST", "fromleft": 3101, "toleft": 3199, "fromright": 3100, "toright": 3198, "onewaydir": " "}}, {"type": "Feature", "geometry": {"type": "LineString", "coordinates": [[-95.3778300039776, 29.7836719113499], [-95.3778300003237, 29.7845969051686]]}, "properties": {"centerlineid": 10087424, "roadclass": "LOCAL", "fullname": "NORTHWOOD ST", "fromleft": 2801, "toleft": 2899, "fromright": 2800, "toright": 2898, "onewaydir": " "}}, {"type": "Feature", "geometry": {"type": "LineString", "coordinates": [[-95.3689568035004, 29.7637686753226], [-95.3690424586339, 29.7637793834643], [-95.3692926916016, 29.7638106650501]]}, "properties": {"centerlineid": 10135017, "roadclass": "MAJOR", "fullname": "MEMORIAL DR", "fromleft": 0, "toleft": 0, "fromright": 1190, "toright": 1194, "onewaydir": "TF"}}, {"type": "Feature", "geometry": {"type": "LineString", "coordinates": [[-95.3738930726579, 29.7654375136407], [-95.3739083778857, 29.7661393648453]]}, "properties": {"centerlineid": 10135127, "roadclass": "LOCAL", "fullname": "TRINITY ST", "fromleft": 701, "toleft": 799, "fromright": 700, "toright": 798, "onewaydir": " "}}, {"type": "Feature", "geometry": {"type": "LineString", "coordinates": [[-95.3619455650645, 29.7787527535515], [-95.3624719141216, 29.7798265211987], [-95.3625025158943, 29.7798894985884]]}, "properties": {"centerlineid": 10087747, "roadclass": "LOCAL", "fullname": "FREEMAN ST", "fromleft": 2101, "toleft": 2199, "fromright": 2100, "toright": 2198, "onewaydir": " "}}, {"type": "Feature", "geometry": {"type": "LineString", "coordinates": [[-95.3748009844774, 29.7765860079138], [-95.3748010149224, 29.7772917695274]]}, "properties": {"centerlineid": 10087724, "roadclass": "LOCAL", "fullname": "COLORADO ST", "fromleft": 2201, "toleft": 2299, "fromright": 2200, "toright": 2298, "onewaydir": " "}}, {"type": "Feature", "geometry": {"type": "LineString", "coordinates": [[-95.3718637579047, 29.7775740029306], [-95.3710320717011, 29.7773718353536], [-95.3708194093355, 29.7773470615477], [-95.3707811860131, 29.7773429020338], [-95.3707428865113, 29.7773393204235], [-95.3707045211269, 29.7773363181237], [-95.3706661027812, 29.7773338954845], [-95.3706276418112, 29.7773320527858], [-95.370589149846, 29.7773307903424], [-95.3705506384747, 29.7773301095967], [-95.3705121193264, 29.7773300108634], [-95.3704736040704, 29.7773304933303], [-95.3704351043356, 29.7773315573123], [-95.3703966317915, 29.7773332019973], [-95.370358196775, 29.7773354276651], [-95.3703198122475, 29.7773382335385], [-95.3702814886262, 29.777341617643], [-95.3702432375402, 29.7773455802936], [-95.3702050719912, 29.7773501195858], [-95.3701670023562, 29.7773552346723], [-95.3701290390524, 29.7773609235788], [-95.3700911937893, 29.7773671843658], [-95.3700534795283, 29.7773740162559], [-95.3700159054346, 29.7773814161126], [-95.3699784845098, 29.7773893820315], [-95.3699412271712, 29.777397912038], [-95.3699041438762, 29.7774070030306], [-95.3698672476666, 29.7774166519775], [-95.3698305476675, 29.7774268568694], [-95.3697940556285, 29.7774376146396], [-95.369757782007, 29.7774489221865], [-95.3697217386331, 29.7774607741889], [-95.3696859358838, 29.7774731697997], [-95.369650384297, 29.7774861036629], [-95.3696150943703, 29.7774995715494], [-95.3695800778134, 29.7775135715202], [-95.3695453426196, 29.7775280970215], [-95.3695109018311, 29.7775431450221], [-95.3694767646534, 29.7775587112579], [-95.3694429416644, 29.7775747892457], [-95.3694094419894, 29.7775913769761], [-95.3693762762467, 29.7776084668386], [-95.3693434548939, 29.7776260557315], [-95.3693109872168, 29.7776441371366], [-95.3692788837536, 29.7776627056978], [-95.3692471524578, 29.777681755989], [-95.3692158051596, 29.7777012826892], [-95.3691848485606, 29.77772127921], [-95.369154294451, 29.7777417413576], [-95.3691241496126, 29.7777626602893], [-95.3690944245035, 29.7777840329035], [-95.3690651285299, 29.7778058493001], [-95.3690362696056, 29.7778281051802], [-95.3690078557246, 29.7778507939907], [-95.368979896213, 29.7778739080859], [-95.3689524003572, 29.7778974409476], [-95.3689253748991, 29.7779213848601], [-95.3688988290847, 29.7779457344325], [-95.3688727697364, 29.7779704796945], [-95.3688472048081, 29.7779956152203], [-95.3688221423341, 29.7780211333291], [-95.3687975903887, 29.7780470252133], [-95.368773555674, 29.7780732842844], [-95.3687500449723, 29.7780999016995], [-95.3687270662777, 29.7781268709056], [-95.3687046263725, 29.7781541830595], [-95.3686827307469, 29.7781818292835], [-95.3686613874353, 29.778209801897], [-95.3686406018879, 29.7782380931493], [-95.368620380927, 29.7782666930704], [-95.3686007299628, 29.7782955950369], [-95.3685816558578, 29.7783247879514], [-95.3685631626899, 29.7783542662828], [-95.368545258654, 29.7783840178414], [-95.3685279465759, 29.7784140359338], [-95.3685112319859, 29.7784443105549], [-95.3684951216668, 29.7784748328616], [-95.3684796185244, 29.7785055939062], [-95.3684647280492, 29.7785365848107], [-95.3684504557716, 29.7785677955698], [-95.3684368033056, 29.7785992172006], [-95.3684237761415, 29.7786308408252], [-95.368411378558, 29.778662655276], [-95.3683996147131, 29.7786946527674], [-95.3683884862608, 29.7787268231889], [-95.3683779987319, 29.7787591565356], [-95.3683339685191, 29.7788995366189], [-95.368277800427, 29.779187644526], [-95.3682569728975, 29.7793163440347], [-95.3682244055578, 29.7795175881799]]}, "properties": {"centerlineid": 10087854, "roadclass": "RAMP", "fullname": "10-45;QUITMAN RAMP", "fromleft": 0, "toleft": 0, "fromright": 0, "toright": 0, "onewaydir": "FT"}}, {"type": "Feature", "geometry": {"type": "MultiLineString", "coordinates": [[[-95.3676170184499, 29.765230229032], [-95.3675924477856, 29.7652166657747]], [[-95.3675924477856, 29.7652166657747], [-95.3673148359636, 29.7650634219439]], [[-95.3673148359636, 29.7650634219439], [-95.3672606695121, 29.7650335232165]]]}, "properties": {"centerlineid": 10135512, "roadclass": "LOCAL", "fullname": "PRESTON ST", "fromleft": 0, "toleft": 0, "fromright": 0, "toright": 0, "onewaydir": "FT"}}, {"type": "Feature", "geometry": {"type": "LineString", "coordinates": [[-95.3842386291422, 29.7825846686194], [-95.3842614737159, 29.7833932863445]]}, "properties": {"centerlineid": 10086044, "roadclass": "LOCAL", "fullname": "MICHAUX ST", "fromleft": 2701, "toleft": 2799, "fromright": 2700, "toright": 2798, "onewaydir": " "}}, {"type": "Feature", "geometry": {"type": "LineString", "coordinates": [[-95.3758843474014, 29.7737060232649], [-95.3759071741027, 29.7744517104098]]}, "properties": {"centerlineid": 10087537, "roadclass": "LOCAL", "fullname": "SABINE ST", "fromleft": 1801, "toleft": 1899, "fromright": 1800, "toright": 1898, "onewaydir": " "}}, {"type": "Feature", "geometry": {"type": "LineString", "coordinates": [[-95.3820566602314, 29.7859816800574], [-95.3820566553205, 29.7867063689847]]}, "properties": {"centerlineid": 10085975, "roadclass": "LOCAL", "fullname": "JULIAN ST", "fromleft": 3101, "toleft": 3199, "fromright": 3100, "toright": 3198, "onewaydir": " "}}, {"type": "Feature", "geometry": {"type": "LineString", "coordinates": [[-95.3648981015805, 29.7602534519816], [-95.365500705788, 29.7595114223528]]}, "properties": {"centerlineid": 10135158, "roadclass": "LOCAL", "fullname": "MILAM ST", "fromleft": 701, "toleft": 799, "fromright": 700, "toright": 798, "onewaydir": "FT"}}, {"type": "Feature", "geometry": {"type": "LineString", "coordinates": [[-95.3789589595664, 29.7784246250327], [-95.3802989177358, 29.7779026090008], [-95.3811930588631, 29.7776120432404], [-95.382026056856, 29.7773547166013], [-95.3825905492436, 29.7772038884987], [-95.3832086747243, 29.7770608321801], [-95.3837578899822, 29.776961825368], [-95.3842003083002, 29.776883565048]]}, "properties": {"centerlineid": 10082472, "roadclass": "HIGHWAY", "fullname": "W IH 10", "fromleft": 2201, "toleft": 2419, "fromright": 0, "toright": 0, "onewaydir": "TF"}}, {"type": "Feature", "geometry": {"type": "LineString", "coordinates": [[-95.3683389156648, 29.7658609903786], [-95.3679880216932, 29.7657236488235], [-95.3676101623479, 29.7656084180049], [-95.3673917245408, 29.7655649096683]]}, "properties": {"centerlineid": 10135514, "roadclass": "LOCAL", "fullname": "FRANKLIN ST", "fromleft": 101, "toleft": 299, "fromright": 100, "toright": 298, "onewaydir": " "}}, {"type": "Feature", "geometry": {"type": "LineString", "coordinates": [[-95.3653864048027, 29.7839520879631], [-95.3658365778766, 29.7849325533196], [-95.365935571212, 29.7851175849225], [-95.3661263364052, 29.7855257846879], [-95.3661950351067, 29.7856286817036], [-95.3664163636229, 29.7858062368101]]}, "properties": {"centerlineid": 10087775, "roadclass": "MAJOR", "fullname": "N MAIN ST", "fromleft": 2623, "toleft": 2899, "fromright": 2622, "toright": 2898, "onewaydir": " "}}, {"type": "Feature", "geometry": {"type": "LineString", "coordinates": [[-95.3712180678511, 29.772354406206], [-95.3712152603366, 29.7730039305323]]}, "properties": {"centerlineid": 10135036, "roadclass": "LOCAL", "fullname": "HICKORY ST", "fromleft": 1601, "toleft": 1699, "fromright": 1600, "toright": 1698, "onewaydir": " "}}, {"type": "Feature", "geometry": {"type": "LineString", "coordinates": [[-95.3651728382468, 29.7789186089259], [-95.3641197939409, 29.7793001422838]]}, "properties": {"centerlineid": 10087592, "roadclass": "LOCAL", "fullname": "HENRY ST", "fromleft": 401, "toleft": 499, "fromright": 400, "toright": 498, "onewaydir": " "}}, {"type": "Feature", "geometry": {"type": "LineString", "coordinates": [[-95.3808128802283, 29.7805742558536], [-95.3811790855201, 29.780599123382]]}, "properties": {"centerlineid": 10087565, "roadclass": "LOCAL", "fullname": "USENER ST", "fromleft": 801, "toleft": 803, "fromright": 800, "toright": 802, "onewaydir": " "}}, {"type": "Feature", "geometry": {"type": "LineString", "coordinates": [[-95.3586801702206, 29.78130668199], [-95.3592371307087, 29.7824605127578]]}, "properties": {"centerlineid": 10094638, "roadclass": "LOCAL", "fullname": "TACKABERRY ST", "fromleft": 2201, "toleft": 2299, "fromright": 2200, "toright": 2298, "onewaydir": " "}}, {"type": "Feature", "geometry": {"type": "LineString", "coordinates": [[-95.3683695148498, 29.7621187392435], [-95.3687506563069, 29.761687239707]]}, "properties": {"centerlineid": 10135015, "roadclass": "MAJOR", "fullname": "BAGBY ST", "fromleft": 701, "toleft": 799, "fromright": 700, "toright": 798, "onewaydir": " "}}, {"type": "Feature", "geometry": {"type": "LineString", "coordinates": [[-95.3599542723894, 29.7745698850981], [-95.3591606873164, 29.7748521343556]]}, "properties": {"centerlineid": 10094356, "roadclass": "LOCAL", "fullname": "HARRINGTON ST", "fromleft": 701, "toleft": 799, "fromright": 700, "toright": 798, "onewaydir": " "}}, {"type": "Feature", "geometry": {"type": "LineString", "coordinates": [[-95.3747475753507, 29.7729925428746], [-95.3758768230931, 29.7729754060515]]}, "properties": {"centerlineid": 10135429, "roadclass": "LOCAL", "fullname": "SUMMER ST", "fromleft": 1701, "toleft": 1799, "fromright": 1700, "toright": 1798, "onewaydir": " "}}, {"type": "Feature", "geometry": {"type": "LineString", "coordinates": [[-95.3683695148498, 29.7621187392435], [-95.3681023153996, 29.7620539539823], [-95.3678353390764, 29.7619604290875], [-95.3674615894335, 29.7617810663118]]}, "properties": {"centerlineid": 10135307, "roadclass": "LOCAL", "fullname": "CAPITOL ST", "fromleft": 401, "toleft": 499, "fromright": 400, "toright": 498, "onewaydir": "TF"}}, {"type": "Feature", "geometry": {"type": "LineString", "coordinates": [[-95.3674385461585, 29.7796663568276], [-95.3674463284502, 29.7797502989191], [-95.3674691320105, 29.779920053787], [-95.3674844051578, 29.7800421569619], [-95.367675189506, 29.7804332362386]]}, "properties": {"centerlineid": 10087773, "roadclass": "LOCAL", "fullname": "SOUTH ST", "fromleft": 0, "toleft": 0, "fromright": 2304, "toright": 2398, "onewaydir": " "}}, {"type": "Feature", "geometry": {"type": "LineString", "coordinates": [[-95.3769491283051, 29.7637228299626], [-95.3772936735111, 29.7637013815284], [-95.3783333324437, 29.7636313081882]]}, "properties": {"centerlineid": 10135002, "roadclass": "MAJOR", "fullname": "MEMORIAL DR", "fromleft": 0, "toleft": 0, "fromright": 1900, "toright": 2148, "onewaydir": "TF"}}, {"type": "Feature", "geometry": {"type": "LineString", "coordinates": [[-95.3615106354317, 29.7816366081816], [-95.3607476211814, 29.7819170447915]]}, "properties": {"centerlineid": 10094245, "roadclass": "MAJOR", "fullname": "QUITMAN ST", "fromleft": 901, "toleft": 999, "fromright": 900, "toright": 998, "onewaydir": " "}}, {"type": "Feature", "geometry": {"type": "LineString", "coordinates": [[-95.3796931826064, 29.7610516494132], [-95.3796824610845, 29.7610235354282], [-95.3795687539233, 29.760762370419], [-95.3795482633849, 29.7607154184793], [-95.3795369994301, 29.7606853185709], [-95.379535108352, 29.7606802643118], [-95.3795246799959, 29.7606287345321], [-95.3795312054321, 29.7605090064229]]}, "properties": {"centerlineid": 10135188, "roadclass": "PRIVATE", "fullname": "PARKWAY VISTA DR", "fromleft": 501, "toleft": 599, "fromright": 500, "toright": 598, "onewaydir": " "}}, {"type": "Feature", "geometry": {"type": "LineString", "coordinates": [[-95.3759071741027, 29.7744517104098], [-95.3759071495131, 29.775159236641]]}, "properties": {"centerlineid": 10087524, "roadclass": "LOCAL", "fullname": "SABINE ST", "fromleft": 1901, "toleft": 1999, "fromright": 1900, "toright": 1998, "onewaydir": " "}}, {"type": "Feature", "geometry": {"type": "LineString", "coordinates": [[-95.3655924282109, 29.7811980353181], [-95.3660042466918, 29.7820543761128]]}, "properties": {"centerlineid": 10087809, "roadclass": "LOCAL", "fullname": "CHURCHILL ST", "fromleft": 2401, "toleft": 2499, "fromright": 2400, "toright": 2498, "onewaydir": " "}}, {"type": "Feature", "geometry": {"type": "MultiLineString", "coordinates": [[[-95.3733119121526, 29.760069426587], [-95.3729546126899, 29.7598605312546], [-95.3727869186331, 29.7597726790247], [-95.3727029708852, 29.7597345888297], [-95.3726114434904, 29.759690756499], [-95.3723976747571, 29.7596257538411], [-95.3719171168628, 29.759539943011], [-95.3715356271616, 29.7595648260246], [-95.371253363875, 29.7595534135075], [-95.3709864112641, 29.759471290739], [-95.3706888817396, 29.7593225182282]], [[-95.3737710401582, 29.7602420239493], [-95.3737301689823, 29.7602294739909], [-95.3736595750808, 29.7602079164144], [-95.373427642756, 29.7601370889774], [-95.373378146531, 29.7601081506631], [-95.3733119121526, 29.760069426587]]]}, "properties": {"centerlineid": 10135146, "roadclass": "LOCAL", "fullname": "LAMAR ST", "fromleft": 1, "toleft": 399, "fromright": 2, "toright": 398, "onewaydir": "FT"}}, {"type": "Feature", "geometry": {"type": "LineString", "coordinates": [[-95.3639215372182, 29.7630551814044], [-95.3645166161554, 29.7623170445298]]}, "properties": {"centerlineid": 10135265, "roadclass": "MAJOR", "fullname": "LOUISIANA ST", "fromleft": 401, "toleft": 499, "fromright": 400, "toright": 498, "onewaydir": "TF"}}, {"type": "Feature", "geometry": {"type": "LineString", "coordinates": [[-95.3633417520136, 29.7737651351179], [-95.3628762542443, 29.7741883713581], [-95.3628381463113, 29.7742477170021]]}, "properties": {"centerlineid": 10087602, "roadclass": "LOCAL", "fullname": "PINCKNEY ST", "fromleft": 311, "toleft": 399, "fromright": 310, "toright": 398, "onewaydir": " "}}, {"type": "Feature", "geometry": {"type": "LineString", "coordinates": [[-95.3663704661958, 29.7741388609836], [-95.3660576424591, 29.7743944112417]]}, "properties": {"centerlineid": 10087582, "roadclass": "MAJOR", "fullname": "HOGAN ST", "fromleft": 1, "toleft": 99, "fromright": 2, "toright": 98, "onewaydir": " "}}, {"type": "Feature", "geometry": {"type": "LineString", "coordinates": [[-95.3814004298626, 29.760497584049], [-95.3795312054321, 29.7605090064229]]}, "properties": {"centerlineid": 10135418, "roadclass": "PRIVATE", "fullname": "BAYOU OAKS VISTA DR", "fromleft": 1201, "toleft": 1399, "fromright": 1200, "toright": 1398, "onewaydir": " "}}, {"type": "Feature", "geometry": {"type": "LineString", "coordinates": [[-95.3803644500121, 29.7744081235064], [-95.3814782717381, 29.7744038111398]]}, "properties": {"centerlineid": 10087716, "roadclass": "LOCAL", "fullname": "SHEARN ST", "fromleft": 2201, "toleft": 2299, "fromright": 2200, "toright": 2298, "onewaydir": " "}}, {"type": "Feature", "geometry": {"type": "LineString", "coordinates": [[-95.384284278494, 29.785956806195], [-95.3858103142583, 29.7859472140576]]}, "properties": {"centerlineid": 10085969, "roadclass": "LOCAL", "fullname": "WOODLAND ST", "fromleft": 1001, "toleft": 1099, "fromright": 1000, "toright": 1098, "onewaydir": " "}}, {"type": "Feature", "geometry": {"type": "LineString", "coordinates": [[-95.3600283805517, 29.7648434484606], [-95.3602365381446, 29.7645563204784], [-95.3604425515649, 29.7643083029847]]}, "properties": {"centerlineid": 10140676, "roadclass": "LOCAL", "fullname": "TRAVIS ST", "fromleft": 1, "toleft": 5, "fromright": 2, "toright": 4, "onewaydir": " "}}, {"type": "Feature", "geometry": {"type": "LineString", "coordinates": [[-95.3783867348539, 29.7822316683261], [-95.3792717773585, 29.7822316699248]]}, "properties": {"centerlineid": 10087404, "roadclass": "LOCAL", "fullname": "WENDEL ST", "fromleft": 601, "toleft": 699, "fromright": 600, "toright": 698, "onewaydir": " "}}, {"type": "Feature", "geometry": {"type": "LineString", "coordinates": [[-95.3724129490035, 29.775203275915], [-95.3724207026343, 29.7759298071686]]}, "properties": {"centerlineid": 10087634, "roadclass": "MAJOR", "fullname": "HOUSTON AVE", "fromleft": 2001, "toleft": 2099, "fromright": 2000, "toright": 2098, "onewaydir": " "}}, {"type": "Feature", "geometry": {"type": "LineString", "coordinates": [[-95.3712280364583, 29.7722280975852], [-95.3723891791671, 29.7722165446017]]}, "properties": {"centerlineid": 10135408, "roadclass": "LOCAL", "fullname": "WINTER ST", "fromleft": 1401, "toleft": 1499, "fromright": 0, "toright": 0, "onewaydir": " "}}, {"type": "Feature", "geometry": {"type": "LineString", "coordinates": [[-95.3847944993807, 29.7610793029056], [-95.3839306307422, 29.7612203424146]]}, "properties": {"centerlineid": 10199121, "roadclass": "RAMP", "fullname": "ALLLEN PKWY & ALLEN PKWY", "fromleft": null, "toleft": null, "fromright": null, "toright": null, "onewaydir": " "}}, {"type": "Feature", "geometry": {"type": "LineString", "coordinates": [[-95.3747586818369, 29.7723284304563], [-95.3747475753507, 29.7729925428746]]}, "properties": {"centerlineid": 10135239, "roadclass": "LOCAL", "fullname": "COLORADO ST", "fromleft": 1601, "toleft": 1699, "fromright": 1600, "toright": 1698, "onewaydir": " "}}]}