{"type":"FeatureCollection","features":[{"type":"Feature","id":3036,"geometry":{"type":"LineString","coordinates":[[-95.4023507318304,29.7572379077553],[-95.4041437109615,29.7572034687535],[-95.4064477943275,29.7571824812817],[-95.4084237692142,29.7571425663482]]},"properties":{"OBJECTID":3036,"Unique_ID":3270,"Full_Name":"W DALLAS ST","Length_Miles":0.36500936,"Council_District":"C","KeyConnect":"N","Maintenance":"COH-DWN","HoustonBikePlan_FundSource":null,"URL":null,"HC_Status":"Programmed","HC_Class":"Dedicated On-Street - HC","LC_Status":null,"LC_Class":null,"Description":"Signed Bike Route","Implementer":"TIRZ 5","created_user":null,"created_date":null,"last_edited_user":"E167744","last_edited_date":1649166176000,"Proposed_Date":null,"Programmed_Date":null,"Existing_Date":null,"Shape__Length":1927.2494061948091}},{"type":"Feature","id":3037,"geometry":{"type":"LineString","coordinates":[[-95.4023507318304,29.7572379077553],[-95.4023307051688,29.7561157856123],[-95.4023244033742,29.7557690193937],[-95.4023126297989,29.7552541816696]]},"properties":{"OBJECTID":3037,"Unique_ID":3271,"Full_Name":"DUNLAVY ST","Length_Miles":0.13663915,"Council_District":"C","KeyConnect":"N","Maintenance":"COH-SW","HoustonBikePlan_FundSource":null,"URL":null,"HC_Status":"Proposed","HC_Class":"Dedicated On-Street - HC","LC_Status":"Existing","LC_Class":"Dedicated On-Street - LC","Description":"Bike Lane","Implementer":"COH","created_user":null,"created_date":null,"last_edited_user":"E167744","last_edited_date":1649166176000,"Proposed_Date":null,"Programmed_Date":null,"Existing_Date":null,"Shape__Length":721.4546959295446}},{"type":"Feature","id":3043,"geometry":{"type":"LineString","coordinates":[[-95.398124064509,29.7573369397883],[-95.3990091284558,29.7573180254681],[-95.4002908126612,29.7572226355031],[-95.4005425983405,29.7571978109384],[-95.4011605864065,29.7571368695022],[-95.4015801833998,29.7570966906661],[-95.4018930111676,29.7571044397404],[-95.4021980718761,29.7571767787544],[-95.4023507318304,29.7572379077553]]},"properties":{"OBJECTID":3043,"Unique_ID":3277,"Full_Name":"W DALLAS ST","Length_Miles":0.25636294,"Council_District":"C","KeyConnect":"N","Maintenance":"COH-DWN","HoustonBikePlan_FundSource":null,"URL":null,"HC_Status":"Programmed","HC_Class":"Dedicated On-Street - HC","LC_Status":null,"LC_Class":null,"Description":"Signed Bike Route","Implementer":"TIRZ 5","created_user":null,"created_date":null,"last_edited_user":"E167744","last_edited_date":1649166176000,"Proposed_Date":null,"Programmed_Date":null,"Existing_Date":null,"Shape__Length":1353.5963260494912}},{"type":"Feature","id":3050,"geometry":{"type":"LineString","coordinates":[[-95.3721993968422,29.7567820228337],[-95.372306183641,29.7564731067427],[-95.3723672935368,29.756289853536],[-95.3723901109414,29.7560724438266],[-95.3723901450863,29.755843578048]]},"properties":{"OBJECTID":3050,"Unique_ID":3286,"Full_Name":"SHAW ST","Length_Miles":0.06616371,"Council_District":"I","KeyConnect":"N","Maintenance":"COH-DWN","HoustonBikePlan_FundSource":null,"URL":null,"HC_Status":"Proposed","HC_Class":"Dedicated On-Street - HC","LC_Status":null,"LC_Class":null,"Description":null,"Implementer":"COH","created_user":null,"created_date":null,"last_edited_user":"E167744","last_edited_date":1649166176000,"Proposed_Date":null,"Programmed_Date":null,"Existing_Date":null,"Shape__Length":349.3444059580398}},{"type":"Feature","id":3051,"geometry":{"type":"LineString","coordinates":[[-95.3721993968422,29.7567820228337],[-95.3716271260485,29.7564557427108],[-95.3712455961266,29.7563126968257],[-95.3709864075948,29.7561773810566],[-95.3707498025683,29.7560382118702],[-95.3706582883259,29.7560076366522],[-95.3698877435642,29.7555364716277],[-95.369033234662,29.7550385588679],[-95.3690254935798,29.7550328599665],[-95.3681709938308,29.7545064733044],[-95.3673011802437,29.7539686874275]]},"properties":{"OBJECTID":3051,"Unique_ID":3287,"Full_Name":"CLAY ST","Length_Miles":0.35303984,"Council_District":"I","KeyConnect":"N","Maintenance":"COH-DWN","HoustonBikePlan_FundSource":null,"URL":null,"HC_Status":null,"HC_Class":null,"LC_Status":"Existing","LC_Class":"Shared On-Street - LC","Description":"Signed Bike Route","Implementer":null,"created_user":null,"created_date":null,"last_edited_user":"E167744","last_edited_date":1649166176000,"Proposed_Date":null,"Programmed_Date":null,"Existing_Date":null,"Shape__Length":1864.0503706422226}},{"type":"Feature","id":3052,"geometry":{"type":"LineString","coordinates":[[-95.3721993968422,29.7567820228337],[-95.371566200741,29.756566433401],[-95.3711846796509,29.7565054905888],[-95.3707650904458,29.7565016148505],[-95.3703607624187,29.7565168987046],[-95.3701700297603,29.756520803648],[-95.3698877874408,29.7564940848685],[-95.3696436319615,29.7564368121897],[-95.3692849424984,29.7562976345086],[-95.3689951455084,29.7561086883792],[-95.3684304394192,29.7557634815587],[-95.367591214108,29.7552542047457],[-95.3667061497553,29.7547239091374]]},"properties":{"OBJECTID":3052,"Unique_ID":3288,"Full_Name":"POLK ST","Length_Miles":0.37011827,"Council_District":"I","KeyConnect":"N","Maintenance":"COH-DWN","HoustonBikePlan_FundSource":null,"URL":null,"HC_Status":null,"HC_Class":null,"LC_Status":"Existing","LC_Class":"Shared On-Street - LC","Description":"Signed Bike Route","Implementer":null,"created_user":null,"created_date":null,"last_edited_user":"E167744","last_edited_date":1649166176000,"Proposed_Date":null,"Programmed_Date":null,"Existing_Date":null,"Shape__Length":1954.2244838133197}},{"type":"Feature","id":3055,"geometry":{"type":"LineString","coordinates":[[-95.3922799077816,29.7574686331691],[-95.3921884155712,29.755492624433]]},"properties":{"OBJECTID":3055,"Unique_ID":3292,"Full_Name":"MONTROSE BLVD","Length_Miles":0.13619925,"Council_District":"C","KeyConnect":"N","Maintenance":"COH-SW","HoustonBikePlan_FundSource":null,"URL":null,"HC_Status":"Proposed","HC_Class":"Dedicated On-Street - HC","LC_Status":null,"LC_Class":null,"Description":null,"Implementer":"COH","created_user":null,"created_date":null,"last_edited_user":"E167744","last_edited_date":1649166176000,"Proposed_Date":null,"Programmed_Date":null,"Existing_Date":null,"Shape__Length":719.1320188574217}},{"type":"Feature","id":3061,"geometry":{"type":"LineString","coordinates":[[-95.3889536166178,29.7575507732657],[-95.3895942785101,29.7575430110702],[-95.3897622546891,29.7575373035876],[-95.3907922372929,29.7575105790918],[-95.391303327174,29.7574914103017],[-95.3917993873044,29.7574782085364],[-95.3922799077816,29.7574686331691]]},"properties":{"OBJECTID":3061,"Unique_ID":3298,"Full_Name":"W DALLAS ST","Length_Miles":0.19997294,"Council_District":"C","KeyConnect":"N","Maintenance":"COH-DWN","HoustonBikePlan_FundSource":null,"URL":null,"HC_Status":"Proposed","HC_Class":"Dedicated On-Street - HC","LC_Status":"Existing","LC_Class":"Shared On-Street - LC","Description":"Signed Bike Route","Implementer":"COH","created_user":null,"created_date":null,"last_edited_user":"E167744","last_edited_date":1649166176000,"Proposed_Date":null,"Programmed_Date":null,"Existing_Date":null,"Shape__Length":1055.8571145062854}},{"type":"Feature","id":3062,"geometry":{"type":"LineString","coordinates":[[-95.3889536166178,29.7575507732657],[-95.3889458333897,29.7568639675518],[-95.3889383097441,29.756177400683],[-95.3889305747635,29.7555268794476]]},"properties":{"OBJECTID":3062,"Unique_ID":3299,"Full_Name":"STANFORD ST","Length_Miles":0.13939297,"Council_District":"C","KeyConnect":"N","Maintenance":null,"HoustonBikePlan_FundSource":"TIRZ 27","URL":null,"HC_Status":"Programmed","HC_Class":"Shared On-Street - HC","LC_Status":null,"LC_Class":null,"Description":null,"Implementer":"TIRZ 27","created_user":null,"created_date":null,"last_edited_user":"E167744","last_edited_date":1649166176000,"Proposed_Date":null,"Programmed_Date":null,"Existing_Date":null,"Shape__Length":735.9949072174857}},{"type":"Feature","id":3072,"geometry":{"type":"LineString","coordinates":[[-95.3857185948116,29.7576251532567],[-95.3859323672389,29.7576194293506],[-95.3889536166178,29.7575507732657]]},"properties":{"OBJECTID":3072,"Unique_ID":3309,"Full_Name":"W DALLAS ST","Length_Miles":0.19446735,"Council_District":"C","KeyConnect":"N","Maintenance":"COH-DWN","HoustonBikePlan_FundSource":null,"URL":null,"HC_Status":"Proposed","HC_Class":"Dedicated On-Street - HC","LC_Status":"Existing","LC_Class":"Shared On-Street - LC","Description":"Signed Bike Route","Implementer":"COH","created_user":null,"created_date":null,"last_edited_user":"E167744","last_edited_date":1649166176000,"Proposed_Date":null,"Programmed_Date":null,"Existing_Date":null,"Shape__Length":1026.7875878773011}},{"type":"Feature","id":3073,"geometry":{"type":"LineString","coordinates":[[-95.3857185948116,29.7576251532567],[-95.3857185618554,29.7576231051271],[-95.3857035077747,29.7569194023488],[-95.385711017251,29.75623649704],[-95.3857035172494,29.7556566879786],[-95.3857025721699,29.7555594717608]]},"properties":{"OBJECTID":3073,"Unique_ID":3310,"Full_Name":"TAFT ST","Length_Miles":0.14227743,"Council_District":"C","KeyConnect":"N","Maintenance":null,"HoustonBikePlan_FundSource":null,"URL":null,"HC_Status":"Proposed","HC_Class":"Dedicated On-Street - HC","LC_Status":null,"LC_Class":null,"Description":null,"Implementer":"COH","created_user":null,"created_date":null,"last_edited_user":"E167744","last_edited_date":1649166176000,"Proposed_Date":null,"Programmed_Date":null,"Existing_Date":null,"Shape__Length":751.2248061842158}},{"type":"Feature","id":3078,"geometry":{"type":"LineString","coordinates":[[-95.3751444004658,29.7577757498558],[-95.3751352611042,29.7577328462313],[-95.3751138279429,29.7576308573026],[-95.3750985316137,29.7570891661458],[-95.375091003367,29.7564578119964],[-95.3750832737119,29.7558348651346],[-95.3750832624528,29.755833988341]]},"properties":{"OBJECTID":3078,"Unique_ID":3316,"Full_Name":"HEINER ST","Length_Miles":0.13391354,"Council_District":"C","KeyConnect":"N","Maintenance":null,"HoustonBikePlan_FundSource":null,"URL":null,"HC_Status":"Proposed","HC_Class":"Off-Street","LC_Status":null,"LC_Class":null,"Description":null,"Implementer":"COH","created_user":null,"created_date":null,"last_edited_user":"E167744","last_edited_date":1649166176000,"Proposed_Date":null,"Programmed_Date":null,"Existing_Date":null,"Shape__Length":707.0634694280777}},{"type":"Feature","id":3080,"geometry":{"type":"LineString","coordinates":[[-95.3742974305938,29.7577814424808],[-95.3743988287121,29.7577835353624],[-95.3745809876262,29.7577873015235],[-95.3747706634248,29.7577904268177],[-95.3749992857353,29.7577814491468],[-95.3751444004658,29.7577757498558]]},"properties":{"OBJECTID":3080,"Unique_ID":3318,"Full_Name":"W DALLAS ST","Length_Miles":0.05092577,"Council_District":"C","KeyConnect":"N","Maintenance":"COH-DWN","HoustonBikePlan_FundSource":null,"URL":null,"HC_Status":"Proposed","HC_Class":"Dedicated On-Street - HC","LC_Status":"Existing","LC_Class":"Shared On-Street - LC","Description":"Signed Bike Route","Implementer":"COH","created_user":null,"created_date":null,"last_edited_user":"E167744","last_edited_date":1649166176000,"Proposed_Date":null,"Programmed_Date":null,"Existing_Date":null,"Shape__Length":268.8880709587498}},{"type":"Feature","id":3081,"geometry":{"type":"LineString","coordinates":[[-95.3742974305938,29.7577814424808],[-95.3743204828086,29.7576098583218],[-95.3743204465021,29.7570814176004],[-95.3743126808874,29.7564824336913],[-95.3743052006901,29.7558303345726]]},"properties":{"OBJECTID":3081,"Unique_ID":3319,"Full_Name":"GULF FWY","Length_Miles":0.13445912,"Council_District":"I","KeyConnect":"N","Maintenance":null,"HoustonBikePlan_FundSource":null,"URL":null,"HC_Status":"Proposed","HC_Class":"Dedicated On-Street - HC","LC_Status":null,"LC_Class":null,"Description":null,"Implementer":"COH","created_user":null,"created_date":null,"last_edited_user":"E167744","last_edited_date":1649166176000,"Proposed_Date":null,"Programmed_Date":null,"Existing_Date":null,"Shape__Length":709.9441592700321}},{"type":"Feature","id":3084,"geometry":{"type":"LineString","coordinates":[[-95.3751444004658,29.7577757498558],[-95.3754494688625,29.7577739079446],[-95.3760445335059,29.7577681868924],[-95.3762583472057,29.757764339903],[-95.3769579484518,29.7577607116372],[-95.3770938521518,29.757756743433],[-95.3776620598922,29.7577451718297],[-95.3777229649485,29.7577415151638],[-95.3778169289267,29.7577438115896],[-95.377913706401,29.7577433225553],[-95.3780422565849,29.7577499026443],[-95.3781731598525,29.7577739207126],[-95.3784554105063,29.7578501161349],[-95.3786920152245,29.7578920966484],[-95.378867479584,29.7579112587505],[-95.3793785980727,29.7579034871017],[-95.3802789309634,29.7578978084104],[-95.3811948247233,29.7578935043711],[-95.3813470409254,29.7578920954808],[-95.3816217469608,29.7578729531305],[-95.3820869789457,29.7577700125175],[-95.382232122538,29.7577241576454],[-95.3824837667134,29.7576938306073],[-95.3830788404498,29.7576803572062],[-95.3840248581726,29.7576611867196],[-95.384406364682,29.7576536658251],[-95.385192175769,29.7576344905241],[-95.3852302935767,29.7576344952322],[-95.3857185948116,29.7576251532567]]},"properties":{"OBJECTID":3084,"Unique_ID":3322,"Full_Name":"W DALLAS ST","Length_Miles":0.63850997,"Council_District":"C","KeyConnect":"N","Maintenance":"COH-DWN","HoustonBikePlan_FundSource":null,"URL":null,"HC_Status":"Proposed","HC_Class":"Dedicated On-Street - HC","LC_Status":"Existing","LC_Class":"Shared On-Street - LC","Description":"Signed Bike Route","Implementer":"COH","created_user":null,"created_date":null,"last_edited_user":"E167744","last_edited_date":1649166176000,"Proposed_Date":null,"Programmed_Date":null,"Existing_Date":null,"Shape__Length":3371.3326240044175}},{"type":"Feature","id":3085,"geometry":{"type":"LineString","coordinates":[[-95.3727488346155,29.7578195404467],[-95.3735955812567,29.7578081295536],[-95.3740991402533,29.757791008678],[-95.3742974305938,29.7577814424808]]},"properties":{"OBJECTID":3085,"Unique_ID":3323,"Full_Name":"W DALLAS ST","Length_Miles":0.09310565,"Council_District":"I","KeyConnect":"N","Maintenance":null,"HoustonBikePlan_FundSource":null,"URL":null,"HC_Status":"Proposed","HC_Class":"Dedicated On-Street - HC","LC_Status":"Existing","LC_Class":"Shared On-Street - LC","Description":"Signed Bike Route","Implementer":"COH","created_user":null,"created_date":null,"last_edited_user":"E167744","last_edited_date":1649166176000,"Proposed_Date":null,"Programmed_Date":null,"Existing_Date":null,"Shape__Length":491.5978271867208}},{"type":"Feature","id":3086,"geometry":{"type":"LineString","coordinates":[[-95.3727488346155,29.7578195404467],[-95.3726876445877,29.7575658053357],[-95.3726570767961,29.7574763612467],[-95.3726267513373,29.7573636656003],[-95.37249690619,29.7571215620748],[-95.3721993968422,29.7567820228337]]},"properties":{"OBJECTID":3086,"Unique_ID":3324,"Full_Name":"CLAY ST","Length_Miles":0.08010258,"Council_District":"I","KeyConnect":"N","Maintenance":"COH-DWN","HoustonBikePlan_FundSource":null,"URL":null,"HC_Status":"Proposed","HC_Class":"Dedicated On-Street - HC","LC_Status":"Existing","LC_Class":"Shared On-Street - LC","Description":"Signed Bike Route","Implementer":"COH","created_user":null,"created_date":null,"last_edited_user":"E167744","last_edited_date":1649166176000,"Proposed_Date":null,"Programmed_Date":null,"Existing_Date":null,"Shape__Length":422.94164358143667}},{"type":"Feature","id":3105,"geometry":{"type":"LineString","coordinates":[[-95.4024964056977,29.7593164250595],[-95.4024172252308,29.7591154054991],[-95.4023735589727,29.7584832743784],[-95.4023812887872,29.7583669097984],[-95.4023507080005,29.7577661560682],[-95.4023507446863,29.7573675516698],[-95.4023507318304,29.7572379077553]]},"properties":{"OBJECTID":3105,"Unique_ID":3344,"Full_Name":"DUNLAVY ST","Length_Miles":0.14407616,"Council_District":"C","KeyConnect":"N","Maintenance":"COH-SW","HoustonBikePlan_FundSource":null,"URL":null,"HC_Status":"Proposed","HC_Class":"Dedicated On-Street - HC","LC_Status":"Existing","LC_Class":"Dedicated On-Street - LC","Description":"Bike Lane","Implementer":"COH","created_user":null,"created_date":null,"last_edited_user":"E167744","last_edited_date":1649166176000,"Proposed_Date":null,"Programmed_Date":null,"Existing_Date":null,"Shape__Length":760.7221071407494}},{"type":"Feature","id":3118,"geometry":{"type":"LineString","coordinates":[[-95.4084993476749,29.7597792353261],[-95.4084934817395,29.7596601150709],[-95.4084487653268,29.7585289164665],[-95.408431288383,29.7572742247007],[-95.4084237692142,29.7571425663482]]},"properties":{"OBJECTID":3118,"Unique_ID":3357,"Full_Name":"S SHEPHERD DR","Length_Miles":0.1816597,"Council_District":"C","KeyConnect":"N","Maintenance":null,"HoustonBikePlan_FundSource":null,"URL":null,"HC_Status":"Proposed","HC_Class":"Off-Street","LC_Status":null,"LC_Class":null,"Description":null,"Implementer":"COH","created_user":null,"created_date":null,"last_edited_user":"E167744","last_edited_date":1649166176000,"Proposed_Date":null,"Programmed_Date":null,"Existing_Date":null,"Shape__Length":959.1632134770797}},{"type":"Feature","id":3128,"geometry":{"type":"LineString","coordinates":[[-95.4085642145001,29.760056441507],[-95.4084993476749,29.7597792353261]]},"properties":{"OBJECTID":3128,"Unique_ID":3367,"Full_Name":"SHEPHERD DR","Length_Miles":0.01948514,"Council_District":"C","KeyConnect":"N","Maintenance":null,"HoustonBikePlan_FundSource":null,"URL":null,"HC_Status":"Existing","HC_Class":"Off-Street","LC_Status":null,"LC_Class":null,"Description":null,"Implementer":"COH","created_user":null,"created_date":null,"last_edited_user":"E167744","last_edited_date":1649166176000,"Proposed_Date":null,"Programmed_Date":null,"Existing_Date":null,"Shape__Length":102.88152886171864}},{"type":"Feature","id":3136,"geometry":{"type":"LineString","coordinates":[[-95.3706888810134,29.7593225177252],[-95.3698343793366,29.758811400328],[-95.3689721135509,29.7582849958488],[-95.3689187276739,29.7582526147419],[-95.3683083314689,29.7578921206364],[-95.3681176167014,29.7577757283213],[-95.3675453653128,29.7574266379208],[-95.3672555702705,29.7572646219469],[-95.3664010702842,29.7567439456928],[-95.3655084368925,29.756219392222]]},"properties":{"OBJECTID":3136,"Unique_ID":3376,"Full_Name":"LAMAR ST","Length_Miles":0.37762289,"Council_District":"I","KeyConnect":"N","Maintenance":"COH-DWN","HoustonBikePlan_FundSource":null,"URL":null,"HC_Status":"Existing","HC_Class":"Dedicated On-Street - HC","LC_Status":null,"LC_Class":null,"Description":"Cycle Track","Implementer":"COH","created_user":null,"created_date":null,"last_edited_user":"E167744","last_edited_date":1649166176000,"Proposed_Date":null,"Programmed_Date":null,"Existing_Date":null,"Shape__Length":1993.8488686134813}},{"type":"Feature","id":3144,"geometry":{"type":"LineString","coordinates":[[-95.3728333585406,29.7597970083465],[-95.3727869189489,29.7597726800039],[-95.3727029719475,29.7597345888577],[-95.3726114431417,29.7596907572606],[-95.3723976743759,29.7596257534197],[-95.3719171188899,29.7595399425513],[-95.3715356259628,29.7595648255644],[-95.3712533622078,29.7595534140488],[-95.3709864103463,29.7594712910335],[-95.3706888810134,29.7593225177252]]},"properties":{"OBJECTID":3144,"Unique_ID":3384,"Full_Name":"ALLEN PKWY","Length_Miles":0.13587779,"Council_District":"I","KeyConnect":"N","Maintenance":"COH-DWN","HoustonBikePlan_FundSource":null,"URL":null,"HC_Status":"Existing","HC_Class":"Dedicated On-Street - HC","LC_Status":null,"LC_Class":null,"Description":null,"Implementer":"COH","created_user":null,"created_date":null,"last_edited_user":"E167744","last_edited_date":1649166176000,"Proposed_Date":null,"Programmed_Date":null,"Existing_Date":null,"Shape__Length":717.4347295601314}},{"type":"Feature","id":3146,"geometry":{"type":"LineString","coordinates":[[-95.3753198777495,29.7599385527016],[-95.3752967861652,29.7587714857161],[-95.3752986825726,29.758549799916],[-95.3752892605364,29.7581820914968],[-95.3752359002931,29.7579913680202],[-95.3752025866968,29.757910131363],[-95.3751519385689,29.7577871179537],[-95.3751444004658,29.7577757498558]]},"properties":{"OBJECTID":3146,"Unique_ID":3387,"Full_Name":"HEINER ST","Length_Miles":0.15035641,"Council_District":"C","KeyConnect":"N","Maintenance":null,"HoustonBikePlan_FundSource":null,"URL":null,"HC_Status":"Proposed","HC_Class":"Off-Street","LC_Status":null,"LC_Class":null,"Description":null,"Implementer":"COH","created_user":null,"created_date":null,"last_edited_user":"E167744","last_edited_date":1649166176000,"Proposed_Date":null,"Programmed_Date":null,"Existing_Date":null,"Shape__Length":793.8818629686411}},{"type":"Feature","id":3151,"geometry":{"type":"LineString","coordinates":[[-95.3733781453252,29.7601081509529],[-95.3733119111453,29.7600694266206],[-95.372954612366,29.7598605317834],[-95.3728333585406,29.7597970083465]]},"properties":{"OBJECTID":3151,"Unique_ID":3392,"Full_Name":"ALLEN PKWY","Length_Miles":0.03913455,"Council_District":"I","KeyConnect":"N","Maintenance":"COH-DWN","HoustonBikePlan_FundSource":null,"URL":null,"HC_Status":"Existing","HC_Class":"Dedicated On-Street - HC","LC_Status":null,"LC_Class":null,"Description":"Bike Lane","Implementer":"COH","created_user":null,"created_date":null,"last_edited_user":"E167744","last_edited_date":1649166176000,"Proposed_Date":null,"Programmed_Date":null,"Existing_Date":null,"Shape__Length":206.63043131367985}},{"type":"Feature","id":3152,"geometry":{"type":"LineString","coordinates":[[-95.4087878607399,29.7610803431371],[-95.4087621313713,29.7609846055895],[-95.4086946173644,29.7606137086691],[-95.4085642145001,29.760056441507]]},"properties":{"OBJECTID":3152,"Unique_ID":3393,"Full_Name":"SHEPHERD DR","Length_Miles":0.07180723,"Council_District":"C","KeyConnect":"N","Maintenance":null,"HoustonBikePlan_FundSource":null,"URL":null,"HC_Status":"Existing","HC_Class":"Off-Street","LC_Status":null,"LC_Class":null,"Description":null,"Implementer":"COH","created_user":null,"created_date":null,"last_edited_user":"E167744","last_edited_date":1649166176000,"Proposed_Date":null,"Programmed_Date":null,"Existing_Date":null,"Shape__Length":379.1421973420123}},{"type":"Feature","id":3156,"geometry":{"type":"LineString","coordinates":[[-95.3752986746509,29.7602251927794],[-95.3753006866092,29.7602251704783],[-95.3765481334469,29.7602114615995]]},"properties":{"OBJECTID":3156,"Unique_ID":3397,"Full_Name":"ALLEN PKWY","Length_Miles":0.07508681,"Council_District":"C","KeyConnect":"N","Maintenance":"COH-DWN","HoustonBikePlan_FundSource":null,"URL":null,"HC_Status":"Proposed","HC_Class":"Dedicated On-Street - HC","LC_Status":null,"LC_Class":null,"Description":null,"Implementer":"COH","created_user":null,"created_date":null,"last_edited_user":"E167744","last_edited_date":1649166176000,"Proposed_Date":null,"Programmed_Date":null,"Existing_Date":null,"Shape__Length":396.45835230880544}},{"type":"Feature","id":3157,"geometry":{"type":"LineString","coordinates":[[-95.3752986746509,29.7602251927794],[-95.3753198777495,29.7599385527016]]},"properties":{"OBJECTID":3157,"Unique_ID":3398,"Full_Name":"HEINER SABINE CONNECTION","Length_Miles":0.01978207,"Council_District":"C","KeyConnect":"N","Maintenance":null,"HoustonBikePlan_FundSource":null,"URL":null,"HC_Status":"Proposed","HC_Class":"Off-Street","LC_Status":null,"LC_Class":null,"Description":null,"Implementer":"COH","created_user":null,"created_date":null,"last_edited_user":"E167744","last_edited_date":1649166176000,"Proposed_Date":null,"Programmed_Date":null,"Existing_Date":null,"Shape__Length":104.44932661806546}},{"type":"Feature","id":3160,"geometry":{"type":"LineString","coordinates":[[-95.3882760110094,29.7606044537021],[-95.3881122307733,29.7601980403104],[-95.3880838085866,29.7601275101273],[-95.3880837866555,29.7600513149172],[-95.3880990862971,29.7599805551186],[-95.3881447158232,29.7599175913481],[-95.3889230321346,29.7593455657157],[-95.3889992055507,29.7592328603747],[-95.3890909386822,29.7590993617377],[-95.3891519059071,29.7589373574412],[-95.3891746808193,29.7588000001522],[-95.3891824739133,29.7586551225414],[-95.3891746894364,29.7584910317146],[-95.3890984893083,29.7582564849298],[-95.3890070068864,29.7580064084407],[-95.3889689077325,29.7578462449967],[-95.3889535919407,29.7576689266243],[-95.3889536084398,29.7575735661794],[-95.3889536166178,29.7575507732657]]},"properties":{"OBJECTID":3160,"Unique_ID":3401,"Full_Name":"STANFORD ST","Length_Miles":0.24015718,"Council_District":"C","KeyConnect":"N","Maintenance":null,"HoustonBikePlan_FundSource":null,"URL":null,"HC_Status":"Proposed","HC_Class":"Shared On-Street - HC","LC_Status":null,"LC_Class":null,"Description":null,"Implementer":"COH","created_user":null,"created_date":null,"last_edited_user":"E167744","last_edited_date":1649166176000,"Proposed_Date":null,"Programmed_Date":null,"Existing_Date":null,"Shape__Length":1268.029906712569}},{"type":"Feature","id":3162,"geometry":{"type":"LineString","coordinates":[[-95.3733781453252,29.7601081509529],[-95.3734276428884,29.7601370896154],[-95.3736595747727,29.7602079162596],[-95.3737301686212,29.7602294741561],[-95.373771040413,29.7602420233414],[-95.3738695556714,29.7602409423961],[-95.3745575177923,29.760233394246],[-95.3748661328208,29.7602299794931],[-95.3752986746509,29.7602251927794]]},"properties":{"OBJECTID":3162,"Unique_ID":3403,"Full_Name":"ALLEN PKWY","Length_Miles":0.11724816,"Council_District":"C","KeyConnect":"N","Maintenance":"COH-DWN","HoustonBikePlan_FundSource":null,"URL":null,"HC_Status":"Proposed","HC_Class":"Dedicated On-Street - HC","LC_Status":null,"LC_Class":null,"Description":null,"Implementer":"COH","created_user":null,"created_date":null,"last_edited_user":"E167744","last_edited_date":1649166176000,"Proposed_Date":null,"Programmed_Date":null,"Existing_Date":null,"Shape__Length":619.0703049342322}},{"type":"Feature","id":3165,"geometry":{"type":"LineString","coordinates":[[-95.407313478825,29.7611832157313],[-95.4073160190207,29.7611808845749],[-95.4074161544529,29.7610889934067],[-95.4076107825045,29.761053089959],[-95.4077476630005,29.7610757632221],[-95.4080369637,29.7611232671116],[-95.4082529262431,29.7611263192244],[-95.4084629470294,29.7611054917086],[-95.4087217564046,29.7610785714821],[-95.4087878607399,29.7610803431371]]},"properties":{"OBJECTID":3165,"Unique_ID":3406,"Full_Name":"BUFFALO BAYOU","Length_Miles":0.09228571,"Council_District":"C","KeyConnect":"N","Maintenance":null,"HoustonBikePlan_FundSource":null,"URL":null,"HC_Status":"Existing","HC_Class":"Off-Street","LC_Status":null,"LC_Class":null,"Description":null,"Implementer":"COH","created_user":null,"created_date":null,"last_edited_user":"E167744","last_edited_date":1649166176000,"Proposed_Date":null,"Programmed_Date":null,"Existing_Date":null,"Shape__Length":487.2685517790352}},{"type":"Feature","id":3172,"geometry":{"type":"LineString","coordinates":[[-95.4024964056977,29.7593164250595],[-95.4026422970813,29.7592671283372],[-95.4027900788779,29.7592571893942],[-95.4029848925672,29.7592693723873],[-95.4031405133542,29.7592631196312],[-95.4033181482903,29.7592539814612],[-95.4035687566852,29.7592659227122],[-95.4038332974612,29.7592782374127],[-95.4041112523121,29.759305688092],[-95.4043145254445,29.7593463439595],[-95.4045096189885,29.7593949156916],[-95.40465137044,29.7594377817834],[-95.40483005565,29.759515323185],[-95.4049801998323,29.7595924389036],[-95.4050789886955,29.7596595472457],[-95.4051500253479,29.7597214256632],[-95.4052030107151,29.7597867309832],[-95.4052246461692,29.7598511952404],[-95.4052330779544,29.7599087862742],[-95.4052592860541,29.7600152926389],[-95.4053311730621,29.7600927420431],[-95.4054395766372,29.7601503376506],[-95.4054969631915,29.7601800048113],[-95.4055649706718,29.7602431051625],[-95.4056086763718,29.7603172872437],[-95.405664326034,29.7603917896946],[-95.4057324245226,29.760452284613],[-95.4058200491134,29.7605008871838],[-95.4059280785934,29.7605396690709],[-95.4060428433635,29.7605479619132],[-95.4061830532824,29.76052314611],[-95.4063573761607,29.7604887579621],[-95.4065243098903,29.7604539674298],[-95.4066521624124,29.7604269936675],[-95.4068267079114,29.7603955860466],[-95.4070688876868,29.7603499298519],[-95.407284104828,29.7603061580809],[-95.4074421358087,29.7602738898507],[-95.4076212011635,29.7602365049373],[-95.4078380966247,29.7601893318396],[-95.4080295660349,29.7601410110419],[-95.4082554609452,29.7600910058763],[-95.408434207564,29.7600645064222],[-95.4085642145001,29.760056441507]]},"properties":{"OBJECTID":3172,"Unique_ID":5920,"Full_Name":"BUFFALO BAYOU","Length_Miles":0.40704121,"Council_District":"C","KeyConnect":"N","Maintenance":null,"HoustonBikePlan_FundSource":null,"URL":null,"HC_Status":"Existing","HC_Class":"Off-Street","LC_Status":null,"LC_Class":null,"Description":null,"Implementer":"COH","created_user":null,"created_date":null,"last_edited_user":"E167744","last_edited_date":1649169294000,"Proposed_Date":null,"Programmed_Date":null,"Existing_Date":null,"Shape__Length":2149.1775789060916}},{"type":"Feature","id":3173,"geometry":{"type":"LineString","coordinates":[[-95.3752740179214,29.7605585380843],[-95.3752986746509,29.7602251927794]]},"properties":{"OBJECTID":3173,"Unique_ID":3414,"Full_Name":"HEINER SABINE CONNECTION","Length_Miles":0.02300536,"Council_District":"C","KeyConnect":"N","Maintenance":null,"HoustonBikePlan_FundSource":null,"URL":null,"HC_Status":"Proposed","HC_Class":"Off-Street","LC_Status":null,"LC_Class":null,"Description":null,"Implementer":"COH","created_user":null,"created_date":null,"last_edited_user":"E167744","last_edited_date":1649166176000,"Proposed_Date":null,"Programmed_Date":null,"Existing_Date":null,"Shape__Length":121.46831798416049}},{"type":"Feature","id":3176,"geometry":{"type":"LineString","coordinates":[[-95.4088967657284,29.7614855669923],[-95.4087878607399,29.7610803431371]]},"properties":{"OBJECTID":3176,"Unique_ID":3417,"Full_Name":"SHEPHERD DR","Length_Miles":0.0286649,"Council_District":"C","KeyConnect":"N","Maintenance":null,"HoustonBikePlan_FundSource":null,"URL":null,"HC_Status":"Existing","HC_Class":"Off-Street","LC_Status":null,"LC_Class":null,"Description":null,"Implementer":"COH","created_user":null,"created_date":null,"last_edited_user":"E167744","last_edited_date":1649166176000,"Proposed_Date":null,"Programmed_Date":null,"Existing_Date":null,"Shape__Length":151.3506932012703}},{"type":"Feature","id":3178,"geometry":{"type":"LineString","coordinates":[[-95.3768262164088,29.7606004553998],[-95.3770056236736,29.7606061900621],[-95.3772331655524,29.7606541373496],[-95.3772779771792,29.7606652095956]]},"properties":{"OBJECTID":3178,"Unique_ID":3419,"Full_Name":"BUFFALO BAYOU","Length_Miles":0.02765273,"Council_District":"C","KeyConnect":"N","Maintenance":null,"HoustonBikePlan_FundSource":null,"URL":null,"HC_Status":"Existing","HC_Class":"Off-Street","LC_Status":null,"LC_Class":null,"Description":null,"Implementer":"COH","created_user":null,"created_date":null,"last_edited_user":"E167744","last_edited_date":1649166176000,"Proposed_Date":null,"Programmed_Date":null,"Existing_Date":null,"Shape__Length":146.0064138080854}},{"type":"Feature","id":3180,"geometry":{"type":"LineString","coordinates":[[-95.4087878607399,29.7610803431371],[-95.4088841971386,29.76108292498],[-95.4090373291519,29.7611262140599],[-95.4091788919816,29.7612025939474],[-95.4093151443208,29.761308844715],[-95.4094694780815,29.7613923680153],[-95.4096399064322,29.7614462097431],[-95.4098677484501,29.7615090788568],[-95.4099360798204,29.7616251895453]]},"properties":{"OBJECTID":3180,"Unique_ID":3421,"Full_Name":"BUFFALO BAYOU","Length_Miles":0.08159998,"Council_District":"C","KeyConnect":"N","Maintenance":null,"HoustonBikePlan_FundSource":null,"URL":null,"HC_Status":"Existing","HC_Class":"Off-Street","LC_Status":null,"LC_Class":null,"Description":null,"Implementer":"COH","created_user":null,"created_date":null,"last_edited_user":"E167744","last_edited_date":1649166176000,"Proposed_Date":null,"Programmed_Date":null,"Existing_Date":null,"Shape__Length":430.84787081110716}},{"type":"Feature","id":3186,"geometry":{"type":"LineString","coordinates":[[-95.39881598903,29.7614252049038],[-95.3987938173455,29.7613410733333]]},"properties":{"OBJECTID":3186,"Unique_ID":3428,"Full_Name":"BUFFALO BAYOU","Length_Miles":0.00594537,"Council_District":"C","KeyConnect":"N","Maintenance":null,"HoustonBikePlan_FundSource":null,"URL":null,"HC_Status":"Existing","HC_Class":"Off-Street","LC_Status":null,"LC_Class":null,"Description":null,"Implementer":"COH","created_user":null,"created_date":null,"last_edited_user":"E167744","last_edited_date":1649166176000,"Proposed_Date":null,"Programmed_Date":null,"Existing_Date":null,"Shape__Length":31.391556368586276}},{"type":"Feature","id":3187,"geometry":{"type":"LineString","coordinates":[[-95.3858072005385,29.761388362728],[-95.3857986859492,29.7610755509915],[-95.3857797322392,29.7603791889099],[-95.3857644136665,29.7596965061982],[-95.3857569315667,29.7590078469685],[-95.3858178363437,29.7583135428179],[-95.3858025243633,29.7581152452693],[-95.3857644349601,29.7579187975938],[-95.3857263235768,29.757796731468],[-95.3857185948116,29.7576251532567]]},"properties":{"OBJECTID":3187,"Unique_ID":3429,"Full_Name":"TAFT ST","Length_Miles":0.25988272,"Council_District":"C","KeyConnect":"N","Maintenance":null,"HoustonBikePlan_FundSource":null,"URL":null,"HC_Status":"Proposed","HC_Class":"Dedicated On-Street - HC","LC_Status":null,"LC_Class":null,"Description":null,"Implementer":"COH","created_user":null,"created_date":null,"last_edited_user":"E167744","last_edited_date":1649166176000,"Proposed_Date":null,"Programmed_Date":null,"Existing_Date":null,"Shape__Length":1372.1807535524758}},{"type":"Feature","id":3188,"geometry":{"type":"LineString","coordinates":[[-95.3772779771792,29.7606652095956],[-95.3774095395599,29.7606977158156],[-95.3776674242342,29.7607584249213],[-95.3778841832811,29.7608210060494],[-95.3780265886346,29.7608576952365],[-95.3781561662116,29.7608701530429],[-95.3783164580863,29.7608848734085]]},"properties":{"OBJECTID":3188,"Unique_ID":3430,"Full_Name":"BUFFALO BAYOU","Length_Miles":0.06442786,"Council_District":"C","KeyConnect":"N","Maintenance":null,"HoustonBikePlan_FundSource":null,"URL":null,"HC_Status":"Existing","HC_Class":"Off-Street","LC_Status":null,"LC_Class":null,"Description":null,"Implementer":"COH","created_user":null,"created_date":null,"last_edited_user":"E167744","last_edited_date":1649166176000,"Proposed_Date":null,"Programmed_Date":null,"Existing_Date":null,"Shape__Length":340.17908548647455}},{"type":"Feature","id":3189,"geometry":{"type":"LineString","coordinates":[[-95.3772205671298,29.7608881618676],[-95.377199824348,29.7608222084205],[-95.3772195633986,29.7607481079799],[-95.3772779771792,29.7606652095956]]},"properties":{"OBJECTID":3189,"Unique_ID":3431,"Full_Name":"BUFFALO BAYOU","Length_Miles":0.01665146,"Council_District":"C","KeyConnect":"N","Maintenance":null,"HoustonBikePlan_FundSource":null,"URL":null,"HC_Status":"Existing","HC_Class":"Off-Street","LC_Status":null,"LC_Class":null,"Description":null,"Implementer":"COH","created_user":null,"created_date":null,"last_edited_user":"E167744","last_edited_date":1649166176000,"Proposed_Date":null,"Programmed_Date":null,"Existing_Date":null,"Shape__Length":87.91972473169923}},{"type":"Feature","id":3190,"geometry":{"type":"LineString","coordinates":[[-95.3728333585406,29.7597970083465],[-95.3730044700068,29.760022376238],[-95.3732034384352,29.7601232936223],[-95.373298956083,29.760362321376],[-95.3733893032322,29.7604388042063],[-95.3735662922495,29.7604650895007],[-95.3737074940739,29.7605739965012],[-95.3736403455253,29.7608018281953]]},"properties":{"OBJECTID":3190,"Unique_ID":3432,"Full_Name":"LAMAR CONNECTOR","Length_Miles":0.09576021,"Council_District":"I","KeyConnect":"N","Maintenance":null,"HoustonBikePlan_FundSource":null,"URL":null,"HC_Status":"Existing","HC_Class":"Off-Street","LC_Status":null,"LC_Class":null,"Description":null,"Implementer":"COH","created_user":null,"created_date":null,"last_edited_user":"E167744","last_edited_date":1649166176000,"Proposed_Date":null,"Programmed_Date":null,"Existing_Date":null,"Shape__Length":505.6139090644898}},{"type":"Feature","id":3191,"geometry":{"type":"LineString","coordinates":[[-95.4006862944374,29.7612339129245],[-95.4006234018232,29.7612619435899],[-95.4005227105983,29.7612954011507],[-95.4004225708003,29.7612941436472],[-95.400287798456,29.7612503999902],[-95.4001434586646,29.7612450898379],[-95.400006717152,29.7612571784192],[-95.3998949396992,29.7612599072259],[-95.3996581088519,29.7612693072178],[-95.3995192195997,29.7612956673114],[-95.3994267789816,29.7613089465561],[-95.3993538763539,29.7613270492081],[-95.3992550172927,29.7613436699177],[-95.3991720829766,29.7613580375938]]},"properties":{"OBJECTID":3191,"Unique_ID":3433,"Full_Name":"BUFFALO BAYOU","Length_Miles":0.09313792,"Council_District":"C","KeyConnect":"N","Maintenance":null,"HoustonBikePlan_FundSource":null,"URL":null,"HC_Status":"Existing","HC_Class":"Off-Street","LC_Status":null,"LC_Class":null,"Description":null,"Implementer":"COH","created_user":null,"created_date":null,"last_edited_user":"E167744","last_edited_date":1649166176000,"Proposed_Date":null,"Programmed_Date":null,"Existing_Date":null,"Shape__Length":491.7682290902513}},{"type":"Feature","id":3192,"geometry":{"type":"LineString","coordinates":[[-95.3982836153522,29.7615478107718],[-95.3982416002125,29.7614685147468],[-95.3982064656163,29.7613688943256],[-95.3981971087769,29.7612409201109],[-95.398189275,29.7611337732736],[-95.3981794112461,29.7606878064261],[-95.3981546616832,29.7595687294255],[-95.3981468598382,29.7582525938283],[-95.3981240559893,29.7574323462601],[-95.398124064509,29.7573369397883]]},"properties":{"OBJECTID":3192,"Unique_ID":3434,"Full_Name":"WAUGH DR","Length_Miles":0.29094765,"Council_District":"C","KeyConnect":"N","Maintenance":"COH-SW","HoustonBikePlan_FundSource":null,"URL":null,"HC_Status":"Proposed","HC_Class":"Dedicated On-Street - HC","LC_Status":null,"LC_Class":null,"Description":null,"Implementer":"COH","created_user":null,"created_date":null,"last_edited_user":"E167744","last_edited_date":1649166176000,"Proposed_Date":null,"Programmed_Date":null,"Existing_Date":null,"Shape__Length":1536.2036128743193}},{"type":"Feature","id":3193,"geometry":{"type":"LineString","coordinates":[[-95.3754407704768,29.7609322433329],[-95.3754603203324,29.7607545797548],[-95.375552406894,29.7606281023609],[-95.3756797892459,29.7605097440445],[-95.3758687121941,29.7604312635143],[-95.3760207493404,29.7603655850755],[-95.376121319501,29.7603387535645],[-95.3762319652378,29.76031392758],[-95.3764377795743,29.7602916841567],[-95.3766539302475,29.7602949773891],[-95.3767970968924,29.7603044921166],[-95.3769834642146,29.7603591887078],[-95.377242190283,29.7604225680301],[-95.3773491011458,29.7604916021279],[-95.3775017845976,29.7605315124539],[-95.3776577689385,29.7605834396458],[-95.3778811961842,29.7606339338444],[-95.3779807496934,29.7606572300162],[-95.3781569074131,29.7607869799169],[-95.3783164580863,29.7608848734085]]},"properties":{"OBJECTID":3193,"Unique_ID":3435,"Full_Name":"BUFFALO BAYOU","Length_Miles":0.20502851,"Council_District":"C","KeyConnect":"N","Maintenance":null,"HoustonBikePlan_FundSource":null,"URL":null,"HC_Status":"Existing","HC_Class":"Off-Street","LC_Status":null,"LC_Class":null,"Description":null,"Implementer":"COH","created_user":null,"created_date":null,"last_edited_user":"E167744","last_edited_date":1649166176000,"Proposed_Date":null,"Programmed_Date":null,"Existing_Date":null,"Shape__Length":1082.5505109581504}},{"type":"Feature","id":3194,"geometry":{"type":"LineString","coordinates":[[-95.3753273948583,29.7610429258402],[-95.3752740179214,29.7605585380843]]},"properties":{"OBJECTID":3194,"Unique_ID":3436,"Full_Name":"SABINE ST","Length_Miles":0.03351379,"Council_District":"C","KeyConnect":"N","Maintenance":null,"HoustonBikePlan_FundSource":null,"URL":null,"HC_Status":"Proposed","HC_Class":"Off-Street","LC_Status":null,"LC_Class":null,"Description":null,"Implementer":"COH","created_user":null,"created_date":null,"last_edited_user":"E167744","last_edited_date":1649166176000,"Proposed_Date":null,"Programmed_Date":null,"Existing_Date":null,"Shape__Length":176.95279429678567}},{"type":"Feature","id":3195,"geometry":{"type":"LineString","coordinates":[[-95.3924250059767,29.7615485710885],[-95.3924250086832,29.7614982081045],[-95.3924250195433,29.7613705613243],[-95.3924250343823,29.7612069959649],[-95.3923944453507,29.7599463437371],[-95.3923332610234,29.7580960999283],[-95.3922799077816,29.7574686331691]]},"properties":{"OBJECTID":3195,"Unique_ID":3437,"Full_Name":"MONTROSE BLVD","Length_Miles":0.28117787,"Council_District":"C","KeyConnect":"N","Maintenance":null,"HoustonBikePlan_FundSource":null,"URL":null,"HC_Status":"Proposed","HC_Class":"Off-Street","LC_Status":null,"LC_Class":null,"Description":null,"Implementer":"COH","created_user":null,"created_date":null,"last_edited_user":"E167744","last_edited_date":1649166176000,"Proposed_Date":null,"Programmed_Date":null,"Existing_Date":null,"Shape__Length":1484.6191397542268}},{"type":"Feature","id":3196,"geometry":{"type":"LineString","coordinates":[[-95.3753414343347,29.7611502019107],[-95.3754092340647,29.7611469448722],[-95.3755971992722,29.7611276924282],[-95.3756714620326,29.761112317582],[-95.3757196016104,29.7611031893567],[-95.3757617713034,29.7610938996453],[-95.3757961017826,29.7610809217313],[-95.3758224110889,29.7610694644916],[-95.3759711704484,29.7610143931165],[-95.3761273621748,29.7609326385183],[-95.3763192736299,29.7608470728201],[-95.3765247730043,29.7607642627454],[-95.3767073558718,29.7606330663833],[-95.3768262164088,29.7606004553998]]},"properties":{"OBJECTID":3196,"Unique_ID":3438,"Full_Name":"BUFFALO BAYOU","Length_Miles":0.09853593,"Council_District":"C","KeyConnect":"N","Maintenance":null,"HoustonBikePlan_FundSource":null,"URL":null,"HC_Status":"Existing","HC_Class":"Off-Street","LC_Status":null,"LC_Class":null,"Description":null,"Implementer":"COH","created_user":null,"created_date":null,"last_edited_user":"E167744","last_edited_date":1649166176000,"Proposed_Date":null,"Programmed_Date":null,"Existing_Date":null,"Shape__Length":520.2697179432017}},{"type":"Feature","id":3197,"geometry":{"type":"LineString","coordinates":[[-95.3753414343347,29.7611502019107],[-95.3753385443388,29.7611282620921],[-95.3753273948583,29.7610429258402]]},"properties":{"OBJECTID":3197,"Unique_ID":3439,"Full_Name":"SABINE ST","Length_Miles":0.00743615,"Council_District":"C","KeyConnect":"N","Maintenance":null,"HoustonBikePlan_FundSource":null,"URL":null,"HC_Status":"Proposed","HC_Class":"Dedicated On-Street - HC","LC_Status":null,"LC_Class":null,"Description":null,"Implementer":"COH","created_user":null,"created_date":null,"last_edited_user":"E167744","last_edited_date":1649166176000,"Proposed_Date":null,"Programmed_Date":null,"Existing_Date":null,"Shape__Length":39.262877134614186}},{"type":"Feature","id":3203,"geometry":{"type":"LineString","coordinates":[[-95.4099360798204,29.7616251895453],[-95.410104225796,29.7616597682024],[-95.4103053211732,29.7617168741361],[-95.4105765822802,29.7618181749462],[-95.4107385521718,29.7618859865402],[-95.4108975033994,29.7619631200483],[-95.411025578499,29.7620428691182],[-95.4111627072832,29.7621589036021]]},"properties":{"OBJECTID":3203,"Unique_ID":5925,"Full_Name":"MEMORIAL SERVICE RD","Length_Miles":0.08347666,"Council_District":"C","KeyConnect":"Y","Maintenance":null,"HoustonBikePlan_FundSource":null,"URL":null,"HC_Status":"Proposed","HC_Class":"Off-Street","LC_Status":null,"LC_Class":null,"Description":null,"Implementer":"COH","created_user":null,"created_date":null,"last_edited_user":"E167744","last_edited_date":1649169294000,"Proposed_Date":null,"Programmed_Date":null,"Existing_Date":null,"Shape__Length":440.75675347252235}},{"type":"Feature","id":3208,"geometry":{"type":"LineString","coordinates":[[-95.3753414343347,29.7611502019107],[-95.3750619737647,29.761163626356],[-95.3748705229186,29.7611688763927],[-95.3745823574647,29.7612045388965],[-95.3743811991021,29.7612025732624],[-95.3742484594311,29.76118159806],[-95.3739956728406,29.7611306950807],[-95.3738049499668,29.760879293102],[-95.3736403455253,29.7608018281953]]},"properties":{"OBJECTID":3208,"Unique_ID":3450,"Full_Name":"BUFFALO BAYOU","Length_Miles":0.11360297,"Council_District":"C","KeyConnect":"N","Maintenance":null,"HoustonBikePlan_FundSource":null,"URL":null,"HC_Status":"Existing","HC_Class":"Off-Street","LC_Status":null,"LC_Class":null,"Description":null,"Implementer":"COH","created_user":null,"created_date":null,"last_edited_user":"E167744","last_edited_date":1649166176000,"Proposed_Date":null,"Programmed_Date":null,"Existing_Date":null,"Shape__Length":599.8236676302334}},{"type":"Feature","id":3212,"geometry":{"type":"LineString","coordinates":[[-95.3804716754278,29.7614629807197],[-95.3810233654939,29.7614384895934],[-95.3810658832118,29.7614351841581]]},"properties":{"OBJECTID":3212,"Unique_ID":3454,"Full_Name":"BUFFALO BAYOU","Length_Miles":0.03575893,"Council_District":"C","KeyConnect":"N","Maintenance":null,"HoustonBikePlan_FundSource":null,"URL":null,"HC_Status":"Existing","HC_Class":"Off-Street","LC_Status":null,"LC_Class":null,"Description":null,"Implementer":"COH","created_user":null,"created_date":null,"last_edited_user":"E167744","last_edited_date":1649166176000,"Proposed_Date":null,"Programmed_Date":null,"Existing_Date":null,"Shape__Length":188.80717498230806}},{"type":"Feature","id":3213,"geometry":{"type":"LineString","coordinates":[[-95.3783164580863,29.7608848734085],[-95.3783903524112,29.7609302120487],[-95.3786614281505,29.7610744607497],[-95.3789211256049,29.7611855408097],[-95.3792123036339,29.7612920035661],[-95.3792958437888,29.7613388010647],[-95.3793525616509,29.7613603953217],[-95.3794832660437,29.7613796901602],[-95.3796325278412,29.7613851555682],[-95.3799129503642,29.7613970311964],[-95.3800624154223,29.7613967697006],[-95.3801836308644,29.7614057762038],[-95.3802939855746,29.7614431487858],[-95.3804213091351,29.7614652173311],[-95.3804716754278,29.7614629807197]]},"properties":{"OBJECTID":3213,"Unique_ID":3455,"Full_Name":"BUFFALO BAYOU","Length_Miles":0.13859111,"Council_District":"C","KeyConnect":"N","Maintenance":null,"HoustonBikePlan_FundSource":null,"URL":null,"HC_Status":"Existing","HC_Class":"Off-Street","LC_Status":null,"LC_Class":null,"Description":null,"Implementer":"COH","created_user":null,"created_date":null,"last_edited_user":"E167744","last_edited_date":1649166176000,"Proposed_Date":null,"Programmed_Date":null,"Existing_Date":null,"Shape__Length":731.761061112062}},{"type":"Feature","id":3219,"geometry":{"type":"LineString","coordinates":[[-95.3754225246266,29.7616526459746],[-95.3753686687303,29.761350266887],[-95.3753655005434,29.7613329240392],[-95.3753414343347,29.7611502019107]]},"properties":{"OBJECTID":3219,"Unique_ID":3462,"Full_Name":"SABINE ST","Length_Miles":0.03495135,"Council_District":"H","KeyConnect":"N","Maintenance":null,"HoustonBikePlan_FundSource":null,"URL":null,"HC_Status":"Proposed","HC_Class":"Dedicated On-Street - HC","LC_Status":null,"LC_Class":null,"Description":null,"Implementer":"COH","created_user":null,"created_date":null,"last_edited_user":"E167744","last_edited_date":1649166176000,"Proposed_Date":null,"Programmed_Date":null,"Existing_Date":null,"Shape__Length":184.54312821375026}},{"type":"Feature","id":3221,"geometry":{"type":"LineString","coordinates":[[-95.3918081567446,29.7621443753903],[-95.3920666108057,29.7621375599695],[-95.3921538907708,29.7621076678355],[-95.3922182056479,29.7620305863589],[-95.3922245864149,29.7619662738781],[-95.3922104568421,29.7619014091729],[-95.3921749308616,29.7618610461004],[-95.3921099315909,29.7618413836116],[-95.3920898010229,29.7618300945154],[-95.3920865858833,29.7618049311274],[-95.3919372688723,29.7618474816398],[-95.3918407686615,29.7619057848396],[-95.3918081567446,29.7621443753903]]},"properties":{"OBJECTID":3221,"Unique_ID":3464,"Full_Name":"ROSEMONT BRIDGE","Length_Miles":0.08059189,"Council_District":"C","KeyConnect":"N","Maintenance":null,"HoustonBikePlan_FundSource":null,"URL":null,"HC_Status":"Existing","HC_Class":"Off-Street","LC_Status":null,"LC_Class":null,"Description":null,"Implementer":"COH","created_user":null,"created_date":null,"last_edited_user":"E167744","last_edited_date":1649166176000,"Proposed_Date":null,"Programmed_Date":null,"Existing_Date":null,"Shape__Length":425.52515622488215}},{"type":"Feature","id":3226,"geometry":{"type":"LineString","coordinates":[[-95.3913967341688,29.7622164566613],[-95.3914633131049,29.7621495589426],[-95.391506941412,29.7621523180037],[-95.3918081567446,29.7621443753903]]},"properties":{"OBJECTID":3226,"Unique_ID":3469,"Full_Name":"ROSEMONT BRIDGE","Length_Miles":0.02683849,"Council_District":"C","KeyConnect":"N","Maintenance":null,"HoustonBikePlan_FundSource":null,"URL":null,"HC_Status":"Existing","HC_Class":"Off-Street","LC_Status":null,"LC_Class":null,"Description":null,"Implementer":"COH","created_user":null,"created_date":null,"last_edited_user":"E167744","last_edited_date":1649166176000,"Proposed_Date":null,"Programmed_Date":null,"Existing_Date":null,"Shape__Length":141.70723244687306}},{"type":"Feature","id":3227,"geometry":{"type":"LineString","coordinates":[[-95.3986686947024,29.7624117369523],[-95.3986276573838,29.7623323301607],[-95.398461736463,29.7619307539414],[-95.398354842499,29.7616931479085]]},"properties":{"OBJECTID":3227,"Unique_ID":3470,"Full_Name":"WAUGH DR","Length_Miles":0.05297744,"Council_District":"C","KeyConnect":"N","Maintenance":"COH-SW","HoustonBikePlan_FundSource":null,"URL":null,"HC_Status":"Proposed","HC_Class":"Dedicated On-Street - HC","LC_Status":null,"LC_Class":null,"Description":null,"Implementer":"COH","created_user":null,"created_date":null,"last_edited_user":"E167744","last_edited_date":1649166176000,"Proposed_Date":null,"Programmed_Date":null,"Existing_Date":null,"Shape__Length":279.72086088122967}},{"type":"Feature","id":3228,"geometry":{"type":"LineString","coordinates":[[-95.3713973187367,29.761576206409],[-95.3713995939746,29.7616242465146],[-95.371398605538,29.7616520335892],[-95.3713977406676,29.7616763469412],[-95.3713977030715,29.7616774038474]]},"properties":{"OBJECTID":3228,"Unique_ID":3471,"Full_Name":"BUFFALO BAYOU","Length_Miles":0.00697409,"Council_District":"I","KeyConnect":"N","Maintenance":null,"HoustonBikePlan_FundSource":null,"URL":null,"HC_Status":"Existing","HC_Class":"Off-Street","LC_Status":null,"LC_Class":null,"Description":null,"Implementer":"COH","created_user":null,"created_date":null,"last_edited_user":"E167744","last_edited_date":1649166176000,"Proposed_Date":null,"Programmed_Date":null,"Existing_Date":null,"Shape__Length":36.82319566763701}},{"type":"Feature","id":3229,"geometry":{"type":"LineString","coordinates":[[-95.3918081567446,29.7621443753903],[-95.391770554375,29.7622387018928]]},"properties":{"OBJECTID":3229,"Unique_ID":3472,"Full_Name":"ROSEMONT BRIDGE","Length_Miles":0.00687803,"Council_District":"C","KeyConnect":"N","Maintenance":null,"HoustonBikePlan_FundSource":null,"URL":null,"HC_Status":"Existing","HC_Class":"Off-Street","LC_Status":null,"LC_Class":null,"Description":null,"Implementer":"COH","created_user":null,"created_date":null,"last_edited_user":"E167744","last_edited_date":1649166176000,"Proposed_Date":null,"Programmed_Date":null,"Existing_Date":null,"Shape__Length":36.31600200518202}},{"type":"Feature","id":3230,"geometry":{"type":"LineString","coordinates":[[-95.3858072005385,29.761388362728],[-95.3859862193565,29.7613872317572],[-95.3862655750509,29.7613859207333],[-95.3865513113975,29.7613662820322],[-95.3866592110838,29.7613535665954],[-95.3868145691424,29.761330041425],[-95.3870870340998,29.7612735039663],[-95.3874344602774,29.7611648326327],[-95.3877725602873,29.7610875364766],[-95.388028936072,29.7610944475004],[-95.3882984539007,29.7611166386764],[-95.3885082475111,29.7611840479196],[-95.3885801062367,29.7612224900892],[-95.3887137386286,29.7612396811896],[-95.3888804460392,29.7612519864718],[-95.3890226922184,29.7612565816715],[-95.3891495376514,29.76126130331],[-95.3892515501246,29.7612658927532],[-95.3893888084916,29.7612669871342],[-95.3895111555279,29.7612676795964],[-95.3896446497007,29.7612889857857],[-95.3898490830216,29.7613882983661],[-95.3900343456301,29.7614709094338],[-95.3903574414604,29.7616229109123],[-95.3904430469291,29.7617177640846],[-95.3905598790921,29.7618970474704],[-95.3906998633524,29.7620023205248],[-95.3909279975998,29.7621365835218],[-95.3910429091894,29.7621787411232],[-95.3911197017463,29.7622016427587],[-95.3911850270207,29.7622112146314],[-95.3912476465482,29.7622129010726],[-95.3913944875582,29.7622164142128]]},"properties":{"OBJECTID":3230,"Unique_ID":3473,"Full_Name":"BUFFALO BAYOU","Length_Miles":0.36293672,"Council_District":"C","KeyConnect":"N","Maintenance":null,"HoustonBikePlan_FundSource":null,"URL":null,"HC_Status":"Existing","HC_Class":"Off-Street","LC_Status":null,"LC_Class":null,"Description":null,"Implementer":"COH","created_user":null,"created_date":null,"last_edited_user":"E167744","last_edited_date":1649166176000,"Proposed_Date":null,"Programmed_Date":null,"Existing_Date":null,"Shape__Length":1916.3058795737873}},{"type":"Feature","id":3231,"geometry":{"type":"LineString","coordinates":[[-95.3918081567446,29.7621443753903],[-95.3917913417757,29.7622407239524]]},"properties":{"OBJECTID":3231,"Unique_ID":3474,"Full_Name":"ROSEMONT BRIDGE","Length_Miles":0.00671205,"Council_District":"C","KeyConnect":"N","Maintenance":null,"HoustonBikePlan_FundSource":null,"URL":null,"HC_Status":"Existing","HC_Class":"Off-Street","LC_Status":null,"LC_Class":null,"Description":null,"Implementer":"COH","created_user":null,"created_date":null,"last_edited_user":"E167744","last_edited_date":1649166176000,"Proposed_Date":null,"Programmed_Date":null,"Existing_Date":null,"Shape__Length":35.43961159641034}},{"type":"Feature","id":3232,"geometry":{"type":"LineString","coordinates":[[-95.3917913417757,29.7622407239524],[-95.391770554375,29.7622387018928]]},"properties":{"OBJECTID":3232,"Unique_ID":3475,"Full_Name":"BUFFALO BAYOU","Length_Miles":0.00125684,"Council_District":"C","KeyConnect":"N","Maintenance":null,"HoustonBikePlan_FundSource":null,"URL":null,"HC_Status":"Existing","HC_Class":"Off-Street","LC_Status":null,"LC_Class":null,"Description":null,"Implementer":"COH","created_user":null,"created_date":null,"last_edited_user":"E167744","last_edited_date":1649166176000,"Proposed_Date":null,"Programmed_Date":null,"Existing_Date":null,"Shape__Length":6.636134413561959}},{"type":"Feature","id":3233,"geometry":{"type":"LineString","coordinates":[[-95.3756034473472,29.7618045495369],[-95.3756893460472,29.7617981811604],[-95.3757850098485,29.7617972915393],[-95.3758804278533,29.7618033493309],[-95.3759938214641,29.7618081546796],[-95.3761151777335,29.7618131752779],[-95.3761968472765,29.7618136454272],[-95.3763162735664,29.7618168751169],[-95.3764326666706,29.7618145958573],[-95.376530946044,29.7618220303984],[-95.3766162706319,29.7618088136368],[-95.3766842022115,29.761784379389],[-95.3767573377558,29.7617290377733],[-95.376788841061,29.7616940628546],[-95.3768036240387,29.7616204269377],[-95.3768202244878,29.7615161847714]]},"properties":{"OBJECTID":3233,"Unique_ID":3476,"Full_Name":"BUFFALO BAYOU","Length_Miles":0.08671104,"Council_District":"H","KeyConnect":"N","Maintenance":null,"HoustonBikePlan_FundSource":null,"URL":null,"HC_Status":"Existing","HC_Class":"Off-Street","LC_Status":null,"LC_Class":null,"Description":null,"Implementer":"COH","created_user":null,"created_date":null,"last_edited_user":"E167744","last_edited_date":1649166176000,"Proposed_Date":null,"Programmed_Date":null,"Existing_Date":null,"Shape__Length":457.8342852503462}},{"type":"Feature","id":3234,"geometry":{"type":"LineString","coordinates":[[-95.4010693789843,29.7625108744561],[-95.4006862944374,29.7612339129245]]},"properties":{"OBJECTID":3234,"Unique_ID":3477,"Full_Name":"JACKSON HILL BRIDGE","Length_Miles":0.09090755,"Council_District":"C","KeyConnect":"N","Maintenance":null,"HoustonBikePlan_FundSource":null,"URL":null,"HC_Status":"Existing","HC_Class":"Off-Street","LC_Status":null,"LC_Class":null,"Description":null,"Implementer":"COH","created_user":null,"created_date":null,"last_edited_user":"E167744","last_edited_date":1649166176000,"Proposed_Date":null,"Programmed_Date":null,"Existing_Date":null,"Shape__Length":479.99187532087336}},{"type":"Feature","id":3235,"geometry":{"type":"LineString","coordinates":[[-95.3975967400082,29.7617529506289],[-95.3973361122324,29.7618012089819],[-95.3971022394796,29.7618313802075],[-95.3968808253865,29.7618435791938],[-95.3967711107445,29.7618614885557],[-95.3966887933275,29.7618739206549],[-95.3966081692191,29.7619284748191],[-95.3965075613227,29.7620590885264],[-95.3964076006415,29.7621219984247],[-95.3962997097407,29.7622336426041],[-95.3961186865762,29.7623213211138],[-95.3959739564637,29.7623502672933],[-95.3958446899737,29.7623288781002],[-95.395763049225,29.7622774041831],[-95.3956636376796,29.7621828936025],[-95.3955614132094,29.7620970531474],[-95.3954516789152,29.7620110105938],[-95.3953802718601,29.7619041329361],[-95.3953168391263,29.7617843504899],[-95.3952332307692,29.7616749844447],[-95.3950121879301,29.7615840252996],[-95.3948415868627,29.7615704792512],[-95.3946745113459,29.7615540427452],[-95.3945214222074,29.7615290261669],[-95.3944323342437,29.7615325992377],[-95.3942563122176,29.7615756288485],[-95.3940874424097,29.7616098945036],[-95.3939123690329,29.7616260806076],[-95.3936655095945,29.7616403344954],[-95.3935720544176,29.761670658956],[-95.3933159779281,29.7618488589879],[-95.3930816743404,29.7619918207351],[-95.3927715349534,29.7621506530056],[-95.3926350553267,29.7622365399909],[-95.3924303687544,29.7622816416577]]},"properties":{"OBJECTID":3235,"Unique_ID":3478,"Full_Name":"BUFFALO BAYOU","Length_Miles":0.36182494,"Council_District":"C","KeyConnect":"N","Maintenance":null,"HoustonBikePlan_FundSource":null,"URL":null,"HC_Status":"Existing","HC_Class":"Off-Street","LC_Status":null,"LC_Class":null,"Description":null,"Implementer":"COH","created_user":null,"created_date":null,"last_edited_user":"E167744","last_edited_date":1649166176000,"Proposed_Date":null,"Programmed_Date":null,"Existing_Date":null,"Shape__Length":1910.4356761911679}},{"type":"Feature","id":3236,"geometry":{"type":"LineString","coordinates":[[-95.3924250059767,29.7615485710885],[-95.3924250319574,29.7615523999724],[-95.3924256801953,29.761640903456],[-95.3924262481048,29.7617185728457],[-95.3924303687544,29.7622816416577]]},"properties":{"OBJECTID":3236,"Unique_ID":3479,"Full_Name":"STUDEMONT ST","Length_Miles":0.05048786,"Council_District":"C","KeyConnect":"N","Maintenance":null,"HoustonBikePlan_FundSource":null,"URL":null,"HC_Status":"Proposed","HC_Class":"Off-Street","LC_Status":null,"LC_Class":null,"Description":null,"Implementer":"COH","created_user":null,"created_date":null,"last_edited_user":"E167744","last_edited_date":1649166176000,"Proposed_Date":null,"Programmed_Date":null,"Existing_Date":null,"Shape__Length":266.57592124028935}},{"type":"Feature","id":3237,"geometry":{"type":"LineString","coordinates":[[-95.3753456308832,29.7618271272437],[-95.3752981080369,29.761818888507],[-95.375256927457,29.7618003910249],[-95.3752119486267,29.7617765760877],[-95.3751651643147,29.761747496696],[-95.3751234304386,29.7617232306176]]},"properties":{"OBJECTID":3237,"Unique_ID":3480,"Full_Name":"BUFFALO BAYOU","Length_Miles":0.01532144,"Council_District":"H","KeyConnect":"N","Maintenance":null,"HoustonBikePlan_FundSource":null,"URL":null,"HC_Status":"Existing","HC_Class":"Off-Street","LC_Status":null,"LC_Class":null,"Description":null,"Implementer":null,"created_user":null,"created_date":null,"last_edited_user":"E167744","last_edited_date":1649166176000,"Proposed_Date":null,"Programmed_Date":null,"Existing_Date":null,"Shape__Length":80.89721629065251}},{"type":"Feature","id":3238,"geometry":{"type":"LineString","coordinates":[[-95.3924303687544,29.7622816416577],[-95.3924020857556,29.7622878731184],[-95.392246691074,29.7622876006158],[-95.3919683119504,29.7622579413604],[-95.3917913417757,29.7622407239524]]},"properties":{"OBJECTID":3238,"Unique_ID":3481,"Full_Name":"BUFFALO BAYOU","Length_Miles":0.03864233,"Council_District":"C","KeyConnect":"N","Maintenance":null,"HoustonBikePlan_FundSource":null,"URL":null,"HC_Status":"Existing","HC_Class":"Off-Street","LC_Status":null,"LC_Class":null,"Description":null,"Implementer":"COH","created_user":null,"created_date":null,"last_edited_user":"E167744","last_edited_date":1649166176000,"Proposed_Date":null,"Programmed_Date":null,"Existing_Date":null,"Shape__Length":204.03152707086554}},{"type":"Feature","id":3239,"geometry":{"type":"LineString","coordinates":[[-95.4111627072832,29.7621589036021],[-95.4115049735551,29.7623840087544],[-95.4117683245512,29.7625262680678],[-95.4121738920438,29.7627086097798],[-95.4127285833007,29.7628421795211],[-95.4131768069682,29.7628340659817],[-95.4136269979024,29.7627900625656],[-95.4142067899932,29.7626355592473],[-95.4146875349477,29.7623304789304],[-95.4150875856853,29.761986066779],[-95.4151775999203,29.761908569177],[-95.4152774823289,29.7618421204357],[-95.4154083068732,29.7617602515642],[-95.4155868774087,29.7616583182903],[-95.4157592289843,29.7615726350287],[-95.4159362950203,29.7614967189102],[-95.4160684383701,29.7614684798398],[-95.4162133197252,29.7614874255135]]},"properties":{"OBJECTID":3239,"Unique_ID":3482,"Full_Name":"MEMORIAL DR","Length_Miles":0.34483617,"Council_District":"C","KeyConnect":"Y","Maintenance":null,"HoustonBikePlan_FundSource":null,"URL":null,"HC_Status":"Proposed","HC_Class":"Off-Street","LC_Status":null,"LC_Class":null,"Description":null,"Implementer":"COH","created_user":null,"created_date":null,"last_edited_user":"E167744","last_edited_date":1649166176000,"Proposed_Date":null,"Programmed_Date":null,"Existing_Date":null,"Shape__Length":1820.7349997268047}},{"type":"Feature","id":3241,"geometry":{"type":"LineString","coordinates":[[-95.4013880620872,29.7625593677444],[-95.4016482375382,29.7625272975095],[-95.4017456068213,29.7625114004696],[-95.4018285032632,29.7624771211414],[-95.4019618946782,29.7624233380949],[-95.4021424764396,29.7623308405407],[-95.4022478805935,29.7622797818947],[-95.4023471890111,29.7622320374494],[-95.4024740738252,29.7621832306839],[-95.4025954086107,29.7621181569362],[-95.4027654943671,29.7620085927549],[-95.4028999268181,29.7619252846176],[-95.403032000903,29.7618523441609],[-95.4031977897287,29.7617837837937],[-95.4033637801169,29.7617421287517],[-95.4035346121338,29.7617189003352],[-95.403699972319,29.7617001608993],[-95.4038204350226,29.7616979346038],[-95.4039496633379,29.761691223441],[-95.4040884270324,29.7616648815835],[-95.404287040578,29.7616292126214],[-95.4044553176147,29.7615653977771],[-95.4045909755806,29.7614938734763],[-95.4047197543504,29.761436533878],[-95.4048312453164,29.7613798180292],[-95.404939577739,29.7613349595122],[-95.4050396235477,29.7612922661219],[-95.4051719807854,29.7612647691938],[-95.4053479251591,29.76124321829],[-95.4055478104351,29.7612414150233],[-95.4057969166044,29.7612409326191],[-95.4061012219323,29.7612275996491],[-95.4063756981554,29.7612063016251],[-95.4066732276174,29.7611521850096],[-95.4070039760821,29.7611130796515],[-95.4071523789727,29.7611565311432],[-95.40729727603,29.7611780947101],[-95.407313478825,29.7611832157313]]},"properties":{"OBJECTID":3241,"Unique_ID":3484,"Full_Name":"BUFFALO BAYOU","Length_Miles":0.37835356,"Council_District":"C","KeyConnect":"N","Maintenance":null,"HoustonBikePlan_FundSource":null,"URL":null,"HC_Status":"Existing","HC_Class":"Off-Street","LC_Status":null,"LC_Class":null,"Description":null,"Implementer":"COH","created_user":null,"created_date":null,"last_edited_user":"E167744","last_edited_date":1649166176000,"Proposed_Date":null,"Programmed_Date":null,"Existing_Date":null,"Shape__Length":1997.7067926229613}},{"type":"Feature","id":3242,"geometry":{"type":"LineString","coordinates":[[-95.4010693789843,29.7625108744561],[-95.4011114897518,29.7624910872482],[-95.4011843511521,29.7624645191991],[-95.401243545771,29.7624546993757],[-95.4012800934686,29.7624689924222],[-95.401326858748,29.7625025761673],[-95.4013880620872,29.7625593677444]]},"properties":{"OBJECTID":3242,"Unique_ID":3485,"Full_Name":"BUFFALO BAYOU","Length_Miles":0.0226548,"Council_District":"C","KeyConnect":"N","Maintenance":null,"HoustonBikePlan_FundSource":null,"URL":null,"HC_Status":"Existing","HC_Class":"Off-Street","LC_Status":null,"LC_Class":null,"Description":null,"Implementer":"COH","created_user":null,"created_date":null,"last_edited_user":"E167744","last_edited_date":1649166176000,"Proposed_Date":null,"Programmed_Date":null,"Existing_Date":null,"Shape__Length":119.61734141521652}},{"type":"Feature","id":3243,"geometry":{"type":"LineString","coordinates":[[-95.3687506555719,29.761687239694],[-95.3684456941751,29.7613881521494],[-95.3683008140803,29.7612720249991],[-95.3680185773968,29.7610486261769],[-95.3671944433772,29.7605395727611],[-95.3663629783122,29.7600150095527],[-95.3655007051767,29.7595114227124],[-95.364623390927,29.758988907318],[-95.3637460269617,29.7584529410709]]},"properties":{"OBJECTID":3243,"Unique_ID":3487,"Full_Name":"RUSK ST","Length_Miles":0.37516276,"Council_District":"I","KeyConnect":"N","Maintenance":"COH-DWN","HoustonBikePlan_FundSource":null,"URL":null,"HC_Status":"Proposed","HC_Class":"Dedicated On-Street - HC","LC_Status":null,"LC_Class":null,"Description":null,"Implementer":"COH","created_user":null,"created_date":null,"last_edited_user":"E167744","last_edited_date":1649166176000,"Proposed_Date":null,"Programmed_Date":null,"Existing_Date":null,"Shape__Length":1980.8593899565928}},{"type":"Feature","id":3244,"geometry":{"type":"LineString","coordinates":[[-95.3772205671298,29.7608881618676],[-95.3776014293542,29.7611086285563],[-95.3779009324918,29.7613077891005],[-95.3779910307844,29.761391427315],[-95.3782131172588,29.7616123771595],[-95.3784430462374,29.7617666664941],[-95.3786529617319,29.7618678722711],[-95.3790443831972,29.7619453220946],[-95.3792896595188,29.7619758334361],[-95.3796090822356,29.761922368029],[-95.3798852583534,29.7618534037281],[-95.3801468888416,29.7617315036802],[-95.3803659508402,29.7615750167821],[-95.3804716754278,29.7614629807197]]},"properties":{"OBJECTID":3244,"Unique_ID":3488,"Full_Name":"BUFFALO BAYOU","Length_Miles":0.23072,"Council_District":"C","KeyConnect":"N","Maintenance":null,"HoustonBikePlan_FundSource":null,"URL":null,"HC_Status":"Existing","HC_Class":"Off-Street","LC_Status":null,"LC_Class":null,"Description":null,"Implementer":"COH","created_user":null,"created_date":null,"last_edited_user":"E167744","last_edited_date":1649166176000,"Proposed_Date":null,"Programmed_Date":null,"Existing_Date":null,"Shape__Length":1218.2015928594483}},{"type":"Feature","id":3248,"geometry":{"type":"LineString","coordinates":[[-95.4004500147575,29.7625846764749],[-95.4003172361582,29.7625464800471],[-95.4001908707615,29.7625203961414],[-95.400054640714,29.762502406619],[-95.3999789171618,29.7624912815721],[-95.3999086943081,29.7624495263104],[-95.399850045038,29.7624049614667],[-95.3998139937892,29.762370862585],[-95.3997313760713,29.7623408292167],[-95.3996151999282,29.7623114782916],[-95.3993365731718,29.7622829840508],[-95.3992231166262,29.7622799353237],[-95.3988506198474,29.7623363103263],[-95.3986686947024,29.7624117369523]]},"properties":{"OBJECTID":3248,"Unique_ID":3492,"Full_Name":"BUFFALO BAYOU","Length_Miles":0.11321636,"Council_District":"C","KeyConnect":"N","Maintenance":null,"HoustonBikePlan_FundSource":null,"URL":null,"HC_Status":"Existing","HC_Class":"Off-Street","LC_Status":null,"LC_Class":null,"Description":null,"Implementer":"COH","created_user":null,"created_date":null,"last_edited_user":"E167744","last_edited_date":1649166176000,"Proposed_Date":null,"Programmed_Date":null,"Existing_Date":null,"Shape__Length":597.7823949713746}},{"type":"Feature","id":3251,"geometry":{"type":"LineString","coordinates":[[-95.4010693789843,29.7625108744561],[-95.4009780679472,29.7625140762557],[-95.4009306101126,29.7625402667884],[-95.4008588965998,29.7625944661237],[-95.4008060942047,29.7626169304098],[-95.4007460984656,29.7626105420519],[-95.4006854108672,29.7625850294118],[-95.4006306961592,29.7625453465745],[-95.400568218165,29.7625317270577],[-95.400514554471,29.7625398392915],[-95.4004767116929,29.7625650937289],[-95.4004500147575,29.7625846764749]]},"properties":{"OBJECTID":3251,"Unique_ID":3495,"Full_Name":"BUFFALO BAYOU","Length_Miles":0.04215267,"Council_District":"C","KeyConnect":"N","Maintenance":null,"HoustonBikePlan_FundSource":null,"URL":null,"HC_Status":"Existing","HC_Class":"Off-Street","LC_Status":null,"LC_Class":null,"Description":null,"Implementer":"COH","created_user":null,"created_date":null,"last_edited_user":"E167744","last_edited_date":1649166176000,"Proposed_Date":null,"Programmed_Date":null,"Existing_Date":null,"Shape__Length":222.56607597120197}},{"type":"Feature","id":3253,"geometry":{"type":"LineString","coordinates":[[-95.3751234304386,29.7617232306176],[-95.3751221772224,29.7617237356067],[-95.3749994201517,29.7617581371087],[-95.3748527596763,29.7617924126604],[-95.3747327779856,29.7618048116274],[-95.3745729264791,29.761817870311],[-95.3744309682244,29.7618319346842],[-95.3740898141082,29.7619009285988],[-95.3738957733507,29.7619229698864],[-95.373855672595,29.7619293398263]]},"properties":{"OBJECTID":3253,"Unique_ID":3497,"Full_Name":"BUFFALO BAYOU","Length_Miles":0.07769743,"Council_District":"H","KeyConnect":"N","Maintenance":null,"HoustonBikePlan_FundSource":null,"URL":null,"HC_Status":"Existing","HC_Class":"Off-Street","LC_Status":null,"LC_Class":null,"Description":null,"Implementer":"COH","created_user":null,"created_date":null,"last_edited_user":"E167744","last_edited_date":1649166176000,"Proposed_Date":null,"Programmed_Date":null,"Existing_Date":null,"Shape__Length":410.24243130769725}},{"type":"Feature","id":3254,"geometry":{"type":"LineString","coordinates":[[-95.4013880620872,29.7625593677444],[-95.401266409048,29.7626042168434],[-95.401159158443,29.7626607864233],[-95.4011344514032,29.7626651118528]]},"properties":{"OBJECTID":3254,"Unique_ID":3498,"Full_Name":"BUFFALO BAYOU","Length_Miles":0.01698075,"Council_District":"C","KeyConnect":"N","Maintenance":null,"HoustonBikePlan_FundSource":null,"URL":null,"HC_Status":"Existing","HC_Class":"Off-Street","LC_Status":null,"LC_Class":null,"Description":null,"Implementer":"COH","created_user":null,"created_date":null,"last_edited_user":"E167744","last_edited_date":1649166176000,"Proposed_Date":null,"Programmed_Date":null,"Existing_Date":null,"Shape__Length":89.65837880596462}},{"type":"Feature","id":3255,"geometry":{"type":"LineString","coordinates":[[-95.4011344514032,29.7626651118528],[-95.4011095634944,29.7626274696339],[-95.4010953408546,29.7625781301605],[-95.4010685746283,29.7625336729621],[-95.4010693789843,29.7625108744561]]},"properties":{"OBJECTID":3255,"Unique_ID":3499,"Full_Name":"BUFFALO BAYOU","Length_Miles":0.01152612,"Council_District":"C","KeyConnect":"N","Maintenance":null,"HoustonBikePlan_FundSource":null,"URL":null,"HC_Status":"Existing","HC_Class":"Off-Street","LC_Status":null,"LC_Class":null,"Description":null,"Implementer":"COH","created_user":null,"created_date":null,"last_edited_user":"E167744","last_edited_date":1649166176000,"Proposed_Date":null,"Programmed_Date":null,"Existing_Date":null,"Shape__Length":60.85791063444446}},{"type":"Feature","id":3256,"geometry":{"type":"LineString","coordinates":[[-95.3736391796225,29.7619263506487],[-95.3737938315141,29.761846098782],[-95.3740991098253,29.761678151446]]},"properties":{"OBJECTID":3256,"Unique_ID":3500,"Full_Name":"HOUSTON IH 45 RAMP","Length_Miles":0.03249859,"Council_District":"H","KeyConnect":"N","Maintenance":null,"HoustonBikePlan_FundSource":null,"URL":null,"HC_Status":"Proposed","HC_Class":"Off-Street","LC_Status":null,"LC_Class":null,"Description":null,"Implementer":"COH","created_user":null,"created_date":null,"last_edited_user":"E167744","last_edited_date":1649166176000,"Proposed_Date":null,"Programmed_Date":null,"Existing_Date":null,"Shape__Length":171.5925307725168}},{"type":"Feature","id":3257,"geometry":{"type":"LineString","coordinates":[[-95.373855672595,29.7619293398263],[-95.3737835657134,29.7619407939831],[-95.3736391796225,29.7619263506487]]},"properties":{"OBJECTID":3257,"Unique_ID":3501,"Full_Name":"BUFFALO BAYOU","Length_Miles":0.01313706,"Council_District":"H","KeyConnect":"N","Maintenance":null,"HoustonBikePlan_FundSource":null,"URL":null,"HC_Status":"Existing","HC_Class":"Off-Street","LC_Status":null,"LC_Class":null,"Description":null,"Implementer":"COH","created_user":null,"created_date":null,"last_edited_user":"E167744","last_edited_date":1649166176000,"Proposed_Date":null,"Programmed_Date":null,"Existing_Date":null,"Shape__Length":69.36365643455179}},{"type":"Feature","id":3261,"geometry":{"type":"LineString","coordinates":[[-95.4011344514032,29.7626651118528],[-95.4010337046057,29.7626827510403],[-95.4008676656412,29.7626950095819],[-95.4007190451394,29.7626790763794],[-95.4006081001454,29.7626426600206],[-95.4004500147575,29.7625846764749]]},"properties":{"OBJECTID":3261,"Unique_ID":3505,"Full_Name":"BUFFALO BAYOU","Length_Miles":0.0426122,"Council_District":"C","KeyConnect":"N","Maintenance":null,"HoustonBikePlan_FundSource":null,"URL":null,"HC_Status":"Existing","HC_Class":"Off-Street","LC_Status":null,"LC_Class":null,"Description":null,"Implementer":"COH","created_user":null,"created_date":null,"last_edited_user":"E167744","last_edited_date":1649166176000,"Proposed_Date":null,"Programmed_Date":null,"Existing_Date":null,"Shape__Length":224.99240314760112}},{"type":"Feature","id":3264,"geometry":{"type":"LineString","coordinates":[[-95.4162133197252,29.7614874255135],[-95.4169457722597,29.7614169099912],[-95.4175713964304,29.7613824686931],[-95.4183877944044,29.7613748940181],[-95.4192117489559,29.7613691907305],[-95.4200815292715,29.7613596364709],[-95.4209282828725,29.7613635095376],[-95.4214777295504,29.7613272482198],[-95.4221774755329,29.7613628828071],[-95.4223825061638,29.7614082047358],[-95.4227593423309,29.7615218593135],[-95.4230035078783,29.7616514605091],[-95.4232164245744,29.7617643250802],[-95.4236366813068,29.761987095264],[-95.4241936514834,29.7625575567809],[-95.4246057024444,29.7629657127486],[-95.4250559307433,29.7632155649413],[-95.4251930552929,29.7632846176328],[-95.4253063539398,29.7633281917806],[-95.4254520982921,29.7633821732812],[-95.425598011904,29.7634313877125],[-95.425783922272,29.7634790917506],[-95.4259889177782,29.7635109909211],[-95.4262151295881,29.7635313366021],[-95.4263654412694,29.7635329595972],[-95.4273218605254,29.7635110481541]]},"properties":{"OBJECTID":3264,"Unique_ID":3508,"Full_Name":"MEMORIAL DR","Length_Miles":0.71860793,"Council_District":"C","KeyConnect":"Y","Maintenance":null,"HoustonBikePlan_FundSource":null,"URL":null,"HC_Status":"Proposed","HC_Class":"Off-Street","LC_Status":null,"LC_Class":null,"Description":null,"Implementer":"COH","created_user":null,"created_date":null,"last_edited_user":"E167744","last_edited_date":1649166176000,"Proposed_Date":null,"Programmed_Date":null,"Existing_Date":null,"Shape__Length":3794.2498711373787}},{"type":"Feature","id":3267,"geometry":{"type":"LineString","coordinates":[[-95.3683695150959,29.7621187395029],[-95.3681023148198,29.7620539543416],[-95.3678353374779,29.7619604283608],[-95.3674615874308,29.7617810658408],[-95.3666071009665,29.7612813727669],[-95.3657601414981,29.7607606654133],[-95.3648981017113,29.7602534524966],[-95.3640283196787,29.7597289054469],[-95.3631509653221,29.7591986108406]]},"properties":{"OBJECTID":3267,"Unique_ID":3513,"Full_Name":"CAPITOL ST","Length_Miles":0.37380419,"Council_District":"I","KeyConnect":"N","Maintenance":"COH-DWN","HoustonBikePlan_FundSource":null,"URL":null,"HC_Status":"Proposed","HC_Class":"Dedicated On-Street - HC","LC_Status":null,"LC_Class":null,"Description":null,"Implementer":"COH","created_user":null,"created_date":null,"last_edited_user":"E167744","last_edited_date":1649166176000,"Proposed_Date":null,"Programmed_Date":null,"Existing_Date":null,"Shape__Length":1973.6861268898997}},{"type":"Feature","id":3271,"geometry":{"type":"LineString","coordinates":[[-95.3738596801313,29.7623218124148],[-95.3738482624864,29.7621946040789],[-95.3738455483399,29.7620467715772],[-95.373855672595,29.7619293398263]]},"properties":{"OBJECTID":3271,"Unique_ID":3517,"Full_Name":"BUFFALO BAYOU","Length_Miles":0.02708071,"Council_District":"H","KeyConnect":"N","Maintenance":null,"HoustonBikePlan_FundSource":null,"URL":null,"HC_Status":"Existing","HC_Class":"Off-Street","LC_Status":null,"LC_Class":null,"Description":null,"Implementer":"COH","created_user":null,"created_date":null,"last_edited_user":"E167744","last_edited_date":1649166176000,"Proposed_Date":null,"Programmed_Date":null,"Existing_Date":null,"Shape__Length":142.98614302934277}},{"type":"Feature","id":3276,"geometry":{"type":"LineString","coordinates":[[-95.391770554375,29.7622387018928],[-95.3916203766918,29.7624214662714],[-95.3915101038772,29.7625536358969],[-95.391394129492,29.7626926420957],[-95.3913373830127,29.762787840314],[-95.3913112639028,29.7628570994368],[-95.3913113888116,29.7628910013216]]},"properties":{"OBJECTID":3276,"Unique_ID":3522,"Full_Name":"ROSEMONT BRIDGE","Length_Miles":0.0533342,"Council_District":"C","KeyConnect":"N","Maintenance":null,"HoustonBikePlan_FundSource":null,"URL":null,"HC_Status":"Existing","HC_Class":"Off-Street","LC_Status":null,"LC_Class":null,"Description":null,"Implementer":"COH","created_user":null,"created_date":null,"last_edited_user":"E167744","last_edited_date":1649166176000,"Proposed_Date":null,"Programmed_Date":null,"Existing_Date":null,"Shape__Length":281.6045615329803}},{"type":"Feature","id":3277,"geometry":{"type":"LineString","coordinates":[[-95.3913113888116,29.7628910013216],[-95.3912488150772,29.7628875992943],[-95.3910956042395,29.7628678281495],[-95.3907985503743,29.7628199930594],[-95.3904332788052,29.7627272302991],[-95.3901839707589,29.7626602256603],[-95.3899386842014,29.762584076614],[-95.3897002094579,29.7625065869448],[-95.38941840472,29.7624142639343],[-95.3891831591807,29.7623341270722],[-95.3890009253096,29.7622608848765],[-95.3888625062104,29.7621888232019],[-95.388666897519,29.76208011649],[-95.3884277027116,29.761993977442],[-95.3881423831224,29.7619124890686],[-95.387854569444,29.7618535318822],[-95.3875848804271,29.7618209302697],[-95.3873967134487,29.761826790427],[-95.3872365210871,29.7618388710786],[-95.3870830178023,29.7618679331419],[-95.3869610386098,29.7618946297504],[-95.3869451678955,29.7618926284808]]},"properties":{"OBJECTID":3277,"Unique_ID":3523,"Full_Name":"BUFFALO BAYOU","Length_Miles":0.27628564,"Council_District":"H","KeyConnect":"N","Maintenance":null,"HoustonBikePlan_FundSource":null,"URL":null,"HC_Status":"Existing","HC_Class":"Off-Street","LC_Status":null,"LC_Class":null,"Description":null,"Implementer":"COH","created_user":null,"created_date":null,"last_edited_user":"E167744","last_edited_date":1649166176000,"Proposed_Date":null,"Programmed_Date":null,"Existing_Date":null,"Shape__Length":1458.7881795538717}},{"type":"Feature","id":3280,"geometry":{"type":"LineString","coordinates":[[-95.4274159636295,29.7636882951378],[-95.4275361628201,29.7636927968057],[-95.4276797050658,29.7637095874427],[-95.4278252728075,29.7637108747151],[-95.4280232534573,29.7637005959908],[-95.4281874527689,29.7636790441637],[-95.428278415174,29.7636698010662],[-95.428373149038,29.7636801051599],[-95.4284981980177,29.7637158478278],[-95.4286448643557,29.7637788678546],[-95.4287388281759,29.7638454197567],[-95.4288087248139,29.7638861741942],[-95.4289025964193,29.7639210855796],[-95.4289651279118,29.7639386449944]]},"properties":{"OBJECTID":3280,"Unique_ID":3526,"Full_Name":"MEMORIAL DR","Length_Miles":0.09794683,"Council_District":"C","KeyConnect":"N","Maintenance":null,"HoustonBikePlan_FundSource":null,"URL":null,"HC_Status":"Existing","HC_Class":"Off-Street","LC_Status":null,"LC_Class":null,"Description":null,"Implementer":null,"created_user":null,"created_date":null,"last_edited_user":"E167744","last_edited_date":1649166176000,"Proposed_Date":null,"Programmed_Date":null,"Existing_Date":null,"Shape__Length":517.1592429828299}},{"type":"Feature","id":3281,"geometry":{"type":"LineString","coordinates":[[-95.3917913417757,29.7622407239524],[-95.3917738265315,29.7623410750078],[-95.3917063092991,29.7627451969939],[-95.3916913818644,29.7628067807384],[-95.3917397551472,29.7628940617427],[-95.3918145331848,29.7629474944624]]},"properties":{"OBJECTID":3281,"Unique_ID":3527,"Full_Name":"ROSEMONT BRIDGE","Length_Miles":0.05193708,"Council_District":"H","KeyConnect":"N","Maintenance":null,"HoustonBikePlan_FundSource":null,"URL":null,"HC_Status":"Existing","HC_Class":"Off-Street","LC_Status":null,"LC_Class":null,"Description":null,"Implementer":"COH","created_user":null,"created_date":null,"last_edited_user":"E167744","last_edited_date":1649166176000,"Proposed_Date":null,"Programmed_Date":null,"Existing_Date":null,"Shape__Length":274.2278001908319}},{"type":"Feature","id":3282,"geometry":{"type":"LineString","coordinates":[[-95.3736391796225,29.7619263506487],[-95.3736168008002,29.7619241120899],[-95.3734489713795,29.7618813267894],[-95.3731509028948,29.7616351065296],[-95.3730804022245,29.7616006906075],[-95.3729994100515,29.761581114825],[-95.3728288497562,29.7615591154021],[-95.3726666361959,29.761582537268],[-95.3724082451094,29.7617893585008],[-95.3723006659097,29.7619011775573],[-95.3722105063201,29.762027373704],[-95.3721117530207,29.7621150938944],[-95.3719317003318,29.7621919210461],[-95.3717416400684,29.7622145273747]]},"properties":{"OBJECTID":3282,"Unique_ID":3528,"Full_Name":"BUFFALO BAYOU","Length_Miles":0.14007429,"Council_District":"I","KeyConnect":"N","Maintenance":null,"HoustonBikePlan_FundSource":null,"URL":null,"HC_Status":"Existing","HC_Class":"Off-Street","LC_Status":null,"LC_Class":null,"Description":null,"Implementer":"COH","created_user":null,"created_date":null,"last_edited_user":"E167744","last_edited_date":1649166176000,"Proposed_Date":null,"Programmed_Date":null,"Existing_Date":null,"Shape__Length":739.5922549274513}},{"type":"Feature","id":3283,"geometry":{"type":"LineString","coordinates":[[-95.3708675726659,29.7621261326656],[-95.3708716061913,29.7621286700787],[-95.3713060695968,29.7624019772187]]},"properties":{"OBJECTID":3283,"Unique_ID":3529,"Full_Name":"BUFFALO BAYOU","Length_Miles":0.03248351,"Council_District":"I","KeyConnect":"N","Maintenance":null,"HoustonBikePlan_FundSource":null,"URL":null,"HC_Status":"Existing","HC_Class":"Off-Street","LC_Status":null,"LC_Class":null,"Description":null,"Implementer":"COH","created_user":null,"created_date":null,"last_edited_user":"E167744","last_edited_date":1649166176000,"Proposed_Date":null,"Programmed_Date":null,"Existing_Date":null,"Shape__Length":171.51294280239438}},{"type":"Feature","id":3286,"geometry":{"type":"LineString","coordinates":[[-95.3691563644627,29.7623597561308],[-95.3687506555719,29.761687239694]]},"properties":{"OBJECTID":3286,"Unique_ID":3532,"Full_Name":"RUSK ST","Length_Miles":0.05234066,"Council_District":"I","KeyConnect":"N","Maintenance":null,"HoustonBikePlan_FundSource":null,"URL":null,"HC_Status":"Proposed","HC_Class":"Dedicated On-Street - HC","LC_Status":null,"LC_Class":null,"Description":null,"Implementer":"COH","created_user":null,"created_date":null,"last_edited_user":"E167744","last_edited_date":1649166176000,"Proposed_Date":null,"Programmed_Date":null,"Existing_Date":null,"Shape__Length":276.3586739985945}},{"type":"Feature","id":3287,"geometry":{"type":"LineString","coordinates":[[-95.3691563644627,29.7623597561308],[-95.3687738289106,29.7622408266355],[-95.3685296820576,29.7621664344445],[-95.3683695150959,29.7621187395029]]},"properties":{"OBJECTID":3287,"Unique_ID":3533,"Full_Name":"CAPITOL ST","Length_Miles":0.05011109,"Council_District":"I","KeyConnect":"N","Maintenance":null,"HoustonBikePlan_FundSource":null,"URL":null,"HC_Status":"Proposed","HC_Class":"Dedicated On-Street - HC","LC_Status":null,"LC_Class":null,"Description":null,"Implementer":"COH","created_user":null,"created_date":null,"last_edited_user":"E167744","last_edited_date":1649166176000,"Proposed_Date":null,"Programmed_Date":null,"Existing_Date":null,"Shape__Length":264.5865584356837}},{"type":"Feature","id":3288,"geometry":{"type":"LineString","coordinates":[[-95.3924303687544,29.7622816416577],[-95.3924316492121,29.762456674036],[-95.3924325587161,29.7625650836823],[-95.3924325483576,29.7625668977511],[-95.3924325277012,29.7630017773508]]},"properties":{"OBJECTID":3288,"Unique_ID":3534,"Full_Name":"STUDEMONT ST","Length_Miles":0.04959646,"Council_District":"H","KeyConnect":"N","Maintenance":null,"HoustonBikePlan_FundSource":null,"URL":null,"HC_Status":"Proposed","HC_Class":"Off-Street","LC_Status":null,"LC_Class":null,"Description":null,"Implementer":"COH","created_user":null,"created_date":null,"last_edited_user":"E167744","last_edited_date":1649166176000,"Proposed_Date":null,"Programmed_Date":null,"Existing_Date":null,"Shape__Length":261.8693251948096}},{"type":"Feature","id":3289,"geometry":{"type":"LineString","coordinates":[[-95.3924325277012,29.7630017773508],[-95.3922788134933,29.7629819245131],[-95.392096039856,29.7629729929781],[-95.3918754652646,29.7629566245344],[-95.3918145331848,29.7629474944624]]},"properties":{"OBJECTID":3289,"Unique_ID":5931,"Full_Name":"BUFFALO BAYOU","Length_Miles":0.03735404,"Council_District":"H","KeyConnect":"N","Maintenance":null,"HoustonBikePlan_FundSource":null,"URL":null,"HC_Status":"Existing","HC_Class":"Off-Street","LC_Status":null,"LC_Class":null,"Description":null,"Implementer":"COH","created_user":null,"created_date":null,"last_edited_user":"E167744","last_edited_date":1649169294000,"Proposed_Date":null,"Programmed_Date":null,"Existing_Date":null,"Shape__Length":197.22931417502153}},{"type":"Feature","id":3290,"geometry":{"type":"LineString","coordinates":[[-95.3714084728241,29.7624663951161],[-95.3714675432088,29.7624079259101],[-95.3715143746736,29.7623796425843],[-95.3716034364131,29.7623403339251],[-95.3716903231441,29.7623061810136],[-95.3717278188737,29.7622602612948],[-95.3717413668808,29.7622154307671],[-95.3717416400684,29.7622145273747]]},"properties":{"OBJECTID":3290,"Unique_ID":3536,"Full_Name":"BUFFALO BAYOU","Length_Miles":0.02765453,"Council_District":"I","KeyConnect":"N","Maintenance":null,"HoustonBikePlan_FundSource":null,"URL":null,"HC_Status":"Existing","HC_Class":"Off-Street","LC_Status":null,"LC_Class":null,"Description":null,"Implementer":"COH","created_user":null,"created_date":null,"last_edited_user":"E167744","last_edited_date":1649166176000,"Proposed_Date":null,"Programmed_Date":null,"Existing_Date":null,"Shape__Length":146.0158921820257}},{"type":"Feature","id":3291,"geometry":{"type":"LineString","coordinates":[[-95.3713060695968,29.7624019772187],[-95.3714084728241,29.7624663951161]]},"properties":{"OBJECTID":3291,"Unique_ID":3537,"Full_Name":"BUFFALO BAYOU","Length_Miles":0.00758591,"Council_District":"I","KeyConnect":"N","Maintenance":null,"HoustonBikePlan_FundSource":null,"URL":null,"HC_Status":"Existing","HC_Class":"Off-Street","LC_Status":null,"LC_Class":null,"Description":null,"Implementer":"COH","created_user":null,"created_date":null,"last_edited_user":"E167744","last_edited_date":1649166176000,"Proposed_Date":null,"Programmed_Date":null,"Existing_Date":null,"Shape__Length":40.05362438382638}},{"type":"Feature","id":3302,"geometry":{"type":"LineString","coordinates":[[-95.4017684446704,29.7634556905328],[-95.4016792344555,29.7634495543779],[-95.4016275098959,29.7634329520037],[-95.4015714307799,29.763416233575],[-95.4015053361406,29.7633745232572],[-95.4014849677895,29.763334041775],[-95.4014778012587,29.7632901110179],[-95.4014775660708,29.7632349567988],[-95.4014577349751,29.7631792763358],[-95.4014005087335,29.7631093586473],[-95.4013235795279,29.7630010136835],[-95.4012713075467,29.7628921366545],[-95.401220589984,29.7628167376173],[-95.4011793162244,29.7627451748411],[-95.4011344514032,29.7626651118528]]},"properties":{"OBJECTID":3302,"Unique_ID":3548,"Full_Name":"BUFFALO BAYOU","Length_Miles":0.07156681,"Council_District":"C","KeyConnect":"N","Maintenance":null,"HoustonBikePlan_FundSource":null,"URL":null,"HC_Status":"Existing","HC_Class":"Off-Street","LC_Status":null,"LC_Class":null,"Description":null,"Implementer":"COH","created_user":null,"created_date":null,"last_edited_user":"E167744","last_edited_date":1649166176000,"Proposed_Date":null,"Programmed_Date":null,"Existing_Date":null,"Shape__Length":377.8727386303957}},{"type":"Feature","id":3303,"geometry":{"type":"LineString","coordinates":[[-95.3924325277012,29.7630017773508],[-95.3924325250405,29.7631122547896],[-95.3924268512812,29.7632148211805]]},"properties":{"OBJECTID":3303,"Unique_ID":3549,"Full_Name":"STUDEMONT ST","Length_Miles":0.01468063,"Council_District":"H","KeyConnect":"N","Maintenance":null,"HoustonBikePlan_FundSource":null,"URL":null,"HC_Status":"Proposed","HC_Class":"Off-Street","LC_Status":null,"LC_Class":null,"Description":null,"Implementer":"COH","created_user":null,"created_date":null,"last_edited_user":"E167744","last_edited_date":1649166176000,"Proposed_Date":null,"Programmed_Date":null,"Existing_Date":null,"Shape__Length":77.51374340528747}},{"type":"Feature","id":3304,"geometry":{"type":"LineString","coordinates":[[-95.3802393909012,29.7626259279883],[-95.3802096551598,29.7626476199967],[-95.3800948373115,29.7627591574611],[-95.3799616922241,29.7628857228167]]},"properties":{"OBJECTID":3304,"Unique_ID":3550,"Full_Name":"BUFFALO BAYOU","Length_Miles":0.02448584,"Council_District":"H","KeyConnect":"N","Maintenance":null,"HoustonBikePlan_FundSource":null,"URL":null,"HC_Status":"Existing","HC_Class":"Off-Street","LC_Status":null,"LC_Class":null,"Description":null,"Implementer":"COH","created_user":null,"created_date":null,"last_edited_user":"E167744","last_edited_date":1649166176000,"Proposed_Date":null,"Programmed_Date":null,"Existing_Date":null,"Shape__Length":129.2852311196151}},{"type":"Feature","id":3305,"geometry":{"type":"LineString","coordinates":[[-95.3799616922241,29.7628857228167],[-95.3799465291518,29.7628452683211],[-95.3799460805457,29.76278077173],[-95.3799914048426,29.7627378126128],[-95.380099143224,29.7626714626834],[-95.3801772815875,29.7626293899552],[-95.3802148351512,29.7626124919639],[-95.3802393909012,29.7626259279883]]},"properties":{"OBJECTID":3305,"Unique_ID":3551,"Full_Name":"BUFFALO BAYOU","Length_Miles":0.02911682,"Council_District":"H","KeyConnect":"N","Maintenance":null,"HoustonBikePlan_FundSource":null,"URL":null,"HC_Status":"Existing","HC_Class":"Off-Street","LC_Status":null,"LC_Class":null,"Description":null,"Implementer":"COH","created_user":null,"created_date":null,"last_edited_user":"E167744","last_edited_date":1649166176000,"Proposed_Date":null,"Programmed_Date":null,"Existing_Date":null,"Shape__Length":153.73680040849555}},{"type":"Feature","id":3307,"geometry":{"type":"LineString","coordinates":[[-95.3714084728241,29.7624663951161],[-95.3713865779107,29.7625092998623],[-95.371334094455,29.7625658234353],[-95.3712447832338,29.7626120783982],[-95.3711744623937,29.7626472591638],[-95.3711126808738,29.7626664457377],[-95.3710947984508,29.7626728081713]]},"properties":{"OBJECTID":3307,"Unique_ID":3553,"Full_Name":"BUFFALO BAYOU","Length_Miles":0.0244573,"Council_District":"I","KeyConnect":"N","Maintenance":null,"HoustonBikePlan_FundSource":null,"URL":null,"HC_Status":"Existing","HC_Class":"Off-Street","LC_Status":null,"LC_Class":null,"Description":null,"Implementer":"COH","created_user":null,"created_date":null,"last_edited_user":"E167744","last_edited_date":1649166176000,"Proposed_Date":null,"Programmed_Date":null,"Existing_Date":null,"Shape__Length":129.13454311533917}},{"type":"Feature","id":3308,"geometry":{"type":"LineString","coordinates":[[-95.3713060695968,29.7624019772187],[-95.3712139079152,29.7624871248491],[-95.3711511058936,29.7625723417759],[-95.3711062795713,29.762656306952],[-95.3710947984508,29.7626728081713]]},"properties":{"OBJECTID":3308,"Unique_ID":3554,"Full_Name":"BUFFALO BAYOU","Length_Miles":0.02275201,"Council_District":"I","KeyConnect":"N","Maintenance":null,"HoustonBikePlan_FundSource":null,"URL":null,"HC_Status":"Existing","HC_Class":"Off-Street","LC_Status":null,"LC_Class":null,"Description":null,"Implementer":"COH","created_user":null,"created_date":null,"last_edited_user":"E167744","last_edited_date":1649166176000,"Proposed_Date":null,"Programmed_Date":null,"Existing_Date":null,"Shape__Length":120.13061837814467}},{"type":"Feature","id":3309,"geometry":{"type":"LineString","coordinates":[[-95.4311841782101,29.7642959604757],[-95.4311754821802,29.7642931039692],[-95.4307470312525,29.7641105769616],[-95.4302863788431,29.7639516363123],[-95.4300290006323,29.7639086005149],[-95.4293675373786,29.7636274583931],[-95.4292003160307,29.7635702009558],[-95.4290436742667,29.7635308260407],[-95.4287707611607,29.7634513913892],[-95.4284999158445,29.7634089721639],[-95.4281649762786,29.763372665425],[-95.4278916426445,29.7633692905387],[-95.4275488922562,29.7633640644666],[-95.4273303870311,29.7633631286199]]},"properties":{"OBJECTID":3309,"Unique_ID":3555,"Full_Name":"MEMORIAL DR","Length_Miles":0.24377985,"Council_District":"C","KeyConnect":"N","Maintenance":null,"HoustonBikePlan_FundSource":null,"URL":null,"HC_Status":"Existing","HC_Class":"Off-Street","LC_Status":null,"LC_Class":null,"Description":null,"Implementer":null,"created_user":null,"created_date":null,"last_edited_user":"E167744","last_edited_date":1649166176000,"Proposed_Date":null,"Programmed_Date":null,"Existing_Date":null,"Shape__Length":1287.157614233991}},{"type":"Feature","id":3310,"geometry":{"type":"LineString","coordinates":[[-95.3986686947024,29.7624117369523],[-95.3985422656927,29.7624641558348],[-95.3984373133854,29.7625294018304],[-95.3983351860407,29.762666620475],[-95.3982237452101,29.7627283322113],[-95.3980735458024,29.7627360258627],[-95.3979530783612,29.7627340946695],[-95.3978356017561,29.7627178987074],[-95.3977103273629,29.7627019741315],[-95.3976269750434,29.762692780167],[-95.3975206555348,29.7627081285166],[-95.3973842743356,29.7627618268307],[-95.3972606385797,29.762835423801],[-95.3971043385086,29.7629477619296],[-95.3969125451945,29.7631316489193],[-95.3968163162072,29.7631902021337],[-95.3967079003418,29.7632216781662],[-95.3965116731196,29.7631972948276],[-95.3964006372672,29.7631790241018],[-95.3962649947834,29.7631753762571],[-95.3961441285907,29.7631874104098],[-95.396010470866,29.7631895475748],[-95.3959295904499,29.7631854613018],[-95.3958463195634,29.7631870434751],[-95.3957039124724,29.7631889450049],[-95.3955812627717,29.7631894669027],[-95.3946903652792,29.7631788746695],[-95.3945699026663,29.763179454486],[-95.3944855553852,29.7632115763324],[-95.3944204890374,29.7632556807075],[-95.3943399739514,29.7633031912212],[-95.3942669013372,29.7633260634612],[-95.3941678432531,29.7633405935946],[-95.3940999544877,29.7633406767731],[-95.3939980067238,29.7633130948547],[-95.3938962603892,29.7632797872895],[-95.393773245506,29.7632287106871],[-95.393692133015,29.7631692088336],[-95.3935815711419,29.7631375737991],[-95.3934169855644,29.7630853780332],[-95.393139955695,29.7630054658846],[-95.3929065995163,29.7630276958678],[-95.3926546686289,29.7630304668309],[-95.3924325277012,29.7630017773508]]},"properties":{"OBJECTID":3310,"Unique_ID":3556,"Full_Name":"BUFFALO BAYOU","Length_Miles":0.40426373,"Council_District":"H","KeyConnect":"N","Maintenance":null,"HoustonBikePlan_FundSource":null,"URL":null,"HC_Status":"Existing","HC_Class":"Off-Street","LC_Status":null,"LC_Class":null,"Description":null,"Implementer":"COH","created_user":null,"created_date":null,"last_edited_user":"E167744","last_edited_date":1649166176000,"Proposed_Date":null,"Programmed_Date":null,"Existing_Date":null,"Shape__Length":2134.512473183948}},{"type":"Feature","id":3313,"geometry":{"type":"LineString","coordinates":[[-95.3913113888116,29.7628910013216],[-95.3913128795189,29.7632946634775]]},"properties":{"OBJECTID":3313,"Unique_ID":3559,"Full_Name":"ROSEMONT BRIDGE","Length_Miles":0.02780051,"Council_District":"H","KeyConnect":"N","Maintenance":null,"HoustonBikePlan_FundSource":null,"URL":null,"HC_Status":"Existing","HC_Class":"Off-Street","LC_Status":null,"LC_Class":null,"Description":null,"Implementer":"COH","created_user":null,"created_date":null,"last_edited_user":"E167744","last_edited_date":1649166176000,"Proposed_Date":null,"Programmed_Date":null,"Existing_Date":null,"Shape__Length":146.7867049281283}},{"type":"Feature","id":3314,"geometry":{"type":"LineString","coordinates":[[-95.3869451678955,29.7618926284808],[-95.3868942937248,29.7621582948319],[-95.3875184653981,29.7622336366882],[-95.3877007106813,29.7624594680757],[-95.3877415780757,29.7625035590243],[-95.3878294853016,29.7625333940334],[-95.387934516825,29.7625433897266],[-95.3882236755925,29.7625714848271],[-95.3885687863232,29.7626428823147],[-95.3888722271302,29.7626928550925],[-95.3890304750428,29.7627460799596],[-95.3894729185114,29.7630063846391],[-95.3896472117104,29.7631090005142],[-95.3899239832108,29.7631391465764],[-95.3903040564119,29.7632281986975],[-95.3911386517159,29.7632363487587],[-95.3913128795189,29.7632946634775]]},"properties":{"OBJECTID":3314,"Unique_ID":3560,"Full_Name":"SPOTTS PARK","Length_Miles":0.30537252,"Council_District":"H","KeyConnect":"N","Maintenance":null,"HoustonBikePlan_FundSource":null,"URL":null,"HC_Status":"Existing","HC_Class":"Off-Street","LC_Status":null,"LC_Class":null,"Description":null,"Implementer":"COH","created_user":null,"created_date":null,"last_edited_user":"E167744","last_edited_date":1649166176000,"Proposed_Date":null,"Programmed_Date":null,"Existing_Date":null,"Shape__Length":1612.366915089039}},{"type":"Feature","id":3315,"geometry":{"type":"LineString","coordinates":[[-95.3799616922241,29.7628857228167],[-95.3798469988268,29.7629936798643],[-95.3797240754724,29.7630249895644],[-95.3795909946888,29.7629982876547],[-95.3794393329167,29.7629110167243],[-95.3792878530372,29.7627962725451],[-95.3791637995743,29.7627304200734],[-95.3788434942686,29.7626295520695],[-95.3785517439939,29.7625417041612],[-95.3781523035386,29.7624005329049],[-95.3779939500648,29.7623152457902],[-95.3778373028116,29.7622380013021],[-95.3776465486297,29.7620874409511],[-95.3774127730943,29.7619258818142],[-95.3773196444055,29.7618505208699],[-95.3772164536518,29.7617115975029],[-95.3771372526605,29.76162944762],[-95.3770282189287,29.7615656546466],[-95.3768890112325,29.7615283982573],[-95.3768202244878,29.7615161847714]]},"properties":{"OBJECTID":3315,"Unique_ID":3561,"Full_Name":"BUFFALO BAYOU","Length_Miles":0.2252931,"Council_District":"H","KeyConnect":"N","Maintenance":null,"HoustonBikePlan_FundSource":null,"URL":null,"HC_Status":"Existing","HC_Class":"Off-Street","LC_Status":null,"LC_Class":null,"Description":null,"Implementer":"COH","created_user":null,"created_date":null,"last_edited_user":"E167744","last_edited_date":1649166176000,"Proposed_Date":null,"Programmed_Date":null,"Existing_Date":null,"Shape__Length":1189.547644081521}},{"type":"Feature","id":3316,"geometry":{"type":"LineString","coordinates":[[-95.3913128795189,29.7632946634775],[-95.3916101956887,29.763330799642],[-95.3922629248544,29.7633740962488],[-95.3922811536857,29.7633765069887]]},"properties":{"OBJECTID":3316,"Unique_ID":3562,"Full_Name":"SPOTTS PARK","Length_Miles":0.0584807,"Council_District":"H","KeyConnect":"N","Maintenance":null,"HoustonBikePlan_FundSource":null,"URL":null,"HC_Status":"Existing","HC_Class":"Off-Street","LC_Status":null,"LC_Class":null,"Description":null,"Implementer":"COH","created_user":null,"created_date":null,"last_edited_user":"E167744","last_edited_date":1649166176000,"Proposed_Date":null,"Programmed_Date":null,"Existing_Date":null,"Shape__Length":308.77809168994315}},{"type":"Feature","id":3317,"geometry":{"type":"LineString","coordinates":[[-95.3924268512812,29.7632148211805],[-95.3924143502165,29.7633941221575]]},"properties":{"OBJECTID":3317,"Unique_ID":3563,"Full_Name":"STUDEMONT ST","Length_Miles":0.01237135,"Council_District":"H","KeyConnect":"N","Maintenance":null,"HoustonBikePlan_FundSource":null,"URL":null,"HC_Status":"Existing","HC_Class":"Off-Street","LC_Status":null,"LC_Class":null,"Description":null,"Implementer":"COH","created_user":null,"created_date":null,"last_edited_user":"E167744","last_edited_date":1649166176000,"Proposed_Date":null,"Programmed_Date":null,"Existing_Date":null,"Shape__Length":65.32075082864505}},{"type":"Feature","id":3318,"geometry":{"type":"LineString","coordinates":[[-95.3922811536857,29.7633765069887],[-95.3924143502165,29.7633941221575]]},"properties":{"OBJECTID":3318,"Unique_ID":3564,"Full_Name":"SPOTTS PARK","Length_Miles":0.00809505,"Council_District":"H","KeyConnect":"N","Maintenance":null,"HoustonBikePlan_FundSource":null,"URL":null,"HC_Status":"Existing","HC_Class":"Off-Street","LC_Status":null,"LC_Class":null,"Description":null,"Implementer":"COH","created_user":null,"created_date":null,"last_edited_user":"E167744","last_edited_date":1649166176000,"Proposed_Date":null,"Programmed_Date":null,"Existing_Date":null,"Shape__Length":42.74184267333517}},{"type":"Feature","id":3319,"geometry":{"type":"LineString","coordinates":[[-95.4311056393694,29.7644630029793],[-95.4311841782101,29.7642959604757]]},"properties":{"OBJECTID":3319,"Unique_ID":3565,"Full_Name":"MEMORIAL DR","Length_Miles":0.01243463,"Council_District":"C","KeyConnect":"N","Maintenance":null,"HoustonBikePlan_FundSource":null,"URL":null,"HC_Status":"Existing","HC_Class":"Off-Street","LC_Status":null,"LC_Class":null,"Description":null,"Implementer":null,"created_user":null,"created_date":null,"last_edited_user":"E167744","last_edited_date":1649166176000,"Proposed_Date":null,"Programmed_Date":null,"Existing_Date":null,"Shape__Length":65.65484514824342}},{"type":"Feature","id":3320,"geometry":{"type":"LineString","coordinates":[[-95.4273218605254,29.7635110481541],[-95.4277643349732,29.7635014922625],[-95.4285348603092,29.7635665018714],[-95.4295114018473,29.7638658583853],[-95.4306634896917,29.7643046422351],[-95.4311056393694,29.7644630029793]]},"properties":{"OBJECTID":3320,"Unique_ID":3566,"Full_Name":"MEMORIAL DR","Length_Miles":0.23956216,"Council_District":"C","KeyConnect":"N","Maintenance":null,"HoustonBikePlan_FundSource":null,"URL":null,"HC_Status":"Existing","HC_Class":"Off-Street","LC_Status":null,"LC_Class":null,"Description":null,"Implementer":"COH","created_user":null,"created_date":null,"last_edited_user":"E167744","last_edited_date":1649166176000,"Proposed_Date":null,"Programmed_Date":null,"Existing_Date":null,"Shape__Length":1264.8882249551589}},{"type":"Feature","id":3321,"geometry":{"type":"LineString","coordinates":[[-95.3832106762069,29.7631816641675],[-95.3832792273356,29.763160188715],[-95.3834909250609,29.7630569952518],[-95.383612513362,29.762962834325],[-95.3837455637351,29.7627925568915],[-95.3838176904652,29.762611082338],[-95.3838491559592,29.7624648119244],[-95.3838480278033,29.7623730709572],[-95.3836902394074,29.7623764546447],[-95.3836375284135,29.7623807639934],[-95.3836326569343,29.7623328672225]]},"properties":{"OBJECTID":3321,"Unique_ID":3567,"Full_Name":"BUFFALO BAYOU","Length_Miles":0.08868379,"Council_District":"C","KeyConnect":"N","Maintenance":null,"HoustonBikePlan_FundSource":null,"URL":null,"HC_Status":"Existing","HC_Class":"Off-Street","LC_Status":null,"LC_Class":null,"Description":null,"Implementer":"COH","created_user":null,"created_date":null,"last_edited_user":"E167744","last_edited_date":1649166176000,"Proposed_Date":null,"Programmed_Date":null,"Existing_Date":null,"Shape__Length":468.25040354756135}},{"type":"Feature","id":3322,"geometry":{"type":"LineString","coordinates":[[-95.3810658832118,29.7614351841581],[-95.3811790411537,29.7614966371429],[-95.38133676058,29.7614951646185],[-95.3815775465691,29.7614978459794],[-95.3818830165313,29.7615290221058],[-95.382085662776,29.7615574213386],[-95.3821844707669,29.761611676313],[-95.3822485007162,29.7617204013316],[-95.382254137932,29.7618084431333],[-95.382175962535,29.7619133278577],[-95.3820697532446,29.7620059927087],[-95.3819564410013,29.7621137504889],[-95.3819157271256,29.762212004603],[-95.3819178219381,29.7623381632026],[-95.3819334504916,29.7624532233992],[-95.3820279253374,29.7626296425066],[-95.3821294857391,29.7627298270714],[-95.3822166784372,29.762802875034],[-95.3823661201989,29.7629731359358],[-95.3824595380969,29.7630559046698],[-95.3825533622981,29.7631272204842],[-95.3826479999468,29.7631756305544],[-95.3827692980153,29.7632132964222],[-95.382889149496,29.7632299064348],[-95.3831220024928,29.7632094422368],[-95.3832106762069,29.7631816641675]]},"properties":{"OBJECTID":3322,"Unique_ID":3568,"Full_Name":"BUFFALO BAYOU","Length_Miles":0.23733329,"Council_District":"C","KeyConnect":"N","Maintenance":null,"HoustonBikePlan_FundSource":null,"URL":null,"HC_Status":"Existing","HC_Class":"Off-Street","LC_Status":null,"LC_Class":null,"Description":null,"Implementer":"COH","created_user":null,"created_date":null,"last_edited_user":"E167744","last_edited_date":1649166176000,"Proposed_Date":null,"Programmed_Date":null,"Existing_Date":null,"Shape__Length":1253.1197623206408}},{"type":"Feature","id":3327,"geometry":{"type":"LineString","coordinates":[[-95.3736403455253,29.7608018281953],[-95.3734552365969,29.7607968184297],[-95.3731722261855,29.7607995879732],[-95.3730215234042,29.7608354915347],[-95.3727932857272,29.760978810225],[-95.3726411632208,29.7610546567063],[-95.3725313329805,29.7611177405663],[-95.3724392939017,29.7611847821488],[-95.3722909801194,29.761321572825],[-95.3721545966641,29.7614030595743],[-95.3719727367981,29.7614746231342],[-95.3717640170994,29.7615732721083],[-95.3716969726946,29.7616097008728],[-95.3716100865908,29.7616438528935],[-95.3715192201166,29.7616778979782],[-95.3714256067627,29.7616771015436],[-95.3713977030715,29.7616774038474]]},"properties":{"OBJECTID":3327,"Unique_ID":3574,"Full_Name":"BUFFALO BAYOU","Length_Miles":0.15292476,"Council_District":"I","KeyConnect":"N","Maintenance":null,"HoustonBikePlan_FundSource":null,"URL":null,"HC_Status":"Existing","HC_Class":"Off-Street","LC_Status":null,"LC_Class":null,"Description":null,"Implementer":"COH","created_user":null,"created_date":null,"last_edited_user":"E167744","last_edited_date":1649166176000,"Proposed_Date":null,"Programmed_Date":null,"Existing_Date":null,"Shape__Length":807.442716575611}},{"type":"Feature","id":3328,"geometry":{"type":"LineString","coordinates":[[-95.3701378334719,29.7629646611875],[-95.3699591877061,29.7628160361384],[-95.3696988483531,29.7626542654167],[-95.3694179483557,29.7624710511987],[-95.3691563644627,29.7623597561308]]},"properties":{"OBJECTID":3328,"Unique_ID":3575,"Full_Name":"RUSK ST","Length_Miles":0.07259985,"Council_District":"I","KeyConnect":"N","Maintenance":null,"HoustonBikePlan_FundSource":null,"URL":null,"HC_Status":"Proposed","HC_Class":"Dedicated On-Street - HC","LC_Status":null,"LC_Class":null,"Description":null,"Implementer":"COH","created_user":null,"created_date":null,"last_edited_user":"E167744","last_edited_date":1649166176000,"Proposed_Date":null,"Programmed_Date":null,"Existing_Date":null,"Shape__Length":383.3272162710045}},{"type":"Feature","id":3329,"geometry":{"type":"LineString","coordinates":[[-95.4289651279118,29.7639386449944],[-95.4290556232434,29.7639640561526],[-95.4294155093158,29.7640656903658],[-95.4296182402443,29.7641320229115],[-95.4300993488218,29.764310780619],[-95.4303112910681,29.7644110642791],[-95.4304289624853,29.7644453123584],[-95.4305545570016,29.7644655103978],[-95.4306234226607,29.7644932734179],[-95.4307133622947,29.764551414096],[-95.4308115551151,29.7645903287269],[-95.4308763749712,29.7646063152828],[-95.43096512653,29.764617754381],[-95.4310079134738,29.764613708236],[-95.4310410700853,29.7646003312388],[-95.4311056393694,29.7644630029793]]},"properties":{"OBJECTID":3329,"Unique_ID":3576,"Full_Name":"MEMORIAL DR","Length_Miles":0.14469551,"Council_District":"C","KeyConnect":"N","Maintenance":null,"HoustonBikePlan_FundSource":null,"URL":null,"HC_Status":"Existing","HC_Class":"Off-Street","LC_Status":null,"LC_Class":null,"Description":null,"Implementer":null,"created_user":null,"created_date":null,"last_edited_user":"E167744","last_edited_date":1649166176000,"Proposed_Date":null,"Programmed_Date":null,"Existing_Date":null,"Shape__Length":763.9922820167085}},{"type":"Feature","id":3332,"geometry":{"type":"LineString","coordinates":[[-95.4311991022899,29.764264221763],[-95.4312288947655,29.7642008565835],[-95.4312503119936,29.7641832773681],[-95.4312832882433,29.7641750803375],[-95.4313248992272,29.7641748923009],[-95.4313704656294,29.7641890696678],[-95.4314011862686,29.7642028516631],[-95.4315146365805,29.7642429294292],[-95.4315784680586,29.7642962157464],[-95.4316679678134,29.764304330891],[-95.4317531590472,29.7643104212379],[-95.4318679120978,29.7643478678589],[-95.4319561443724,29.7643922500606],[-95.4320698950268,29.7644583298743],[-95.4321711361284,29.7645435647458],[-95.4322684783956,29.7645643060534],[-95.4323949224478,29.7646026754699],[-95.4324842988278,29.7646387617203],[-95.4325666605671,29.7646629926018],[-95.4327236757206,29.7646744389212],[-95.4328027711355,29.7646669917424],[-95.432914750655,29.7646585089692],[-95.4330368022208,29.7646751324379],[-95.4333693368327,29.7647470337538],[-95.4335860271963,29.7647974686768],[-95.4336551193143,29.7648187533022],[-95.4337127449933,29.764821134525],[-95.4337771726064,29.7648598677406],[-95.4339283383635,29.7649089942541],[-95.433996399131,29.7649172873922],[-95.434075077282,29.7649193811024],[-95.434159468239,29.7649281087152],[-95.4343192961198,29.7649466226311],[-95.4344406504366,29.7649563336166],[-95.4348345329276,29.7649953336044],[-95.4352243681478,29.7650225580119],[-95.4354392598697,29.7650386458713],[-95.4356217628357,29.7650460928383],[-95.4357641850274,29.7650524743911],[-95.4363203705814,29.7650646734205],[-95.4364718353217,29.76506740518],[-95.4365980189348,29.7650707607017],[-95.4367006308886,29.7650683035885],[-95.4368035595229,29.765056780483],[-95.4369199834402,29.7650417266166],[-95.4370109462687,29.7650324775967],[-95.4371253882292,29.7650316309095],[-95.4373556680034,29.765032567664],[-95.4375050609543,29.765022279327],[-95.4375764525264,29.7650202877475],[-95.4376357878425,29.7650231622474],[-95.4376931403401,29.7650402431597],[-95.4377582781609,29.7650471604698],[-95.437867009148,29.7650396794093],[-95.4379387625317,29.7650273267185],[-95.4380668826909,29.7650177684882],[-95.438200397268,29.7650239097737],[-95.4383306719325,29.7650377438419],[-95.4384095321939,29.7650346541248],[-95.438536347891,29.7650198750577],[-95.438627354733,29.7650093299111],[-95.4387167868503,29.765001335261],[-95.4388001451286,29.7649970686508],[-95.4388710844632,29.7650080291111],[-95.4389436447878,29.7650151430961],[-95.4391677019183,29.7650197999863],[-95.4393889382807,29.7650243824533],[-95.4394722965497,29.7650201154252],[-95.4395919608663,29.7649973672239],[-95.4396880543484,29.764968806952],[-95.4398174400027,29.7649229815617],[-95.4399059301266,29.7648994039452],[-95.439998330609,29.7648914873063],[-95.4401417851381,29.7649108554723],[-95.4402275706909,29.7649394276313],[-95.4403499698618,29.764948795436],[-95.4404372315376,29.7649069630723]]},"properties":{"OBJECTID":3332,"Unique_ID":3579,"Full_Name":"MEMORIAL DR","Length_Miles":0.5744538,"Council_District":"C","KeyConnect":"N","Maintenance":null,"HoustonBikePlan_FundSource":null,"URL":null,"HC_Status":"Existing","HC_Class":"Off-Street","LC_Status":null,"LC_Class":null,"Description":null,"Implementer":null,"created_user":null,"created_date":null,"last_edited_user":"E167744","last_edited_date":1649166176000,"Proposed_Date":null,"Programmed_Date":null,"Existing_Date":null,"Shape__Length":3033.116053699161}},{"type":"Feature","id":3336,"geometry":{"type":"LineString","coordinates":[[-95.3701378334719,29.7629646611875],[-95.3700503556161,29.7630355708032],[-95.3699333618094,29.7631177096967]]},"properties":{"OBJECTID":3336,"Unique_ID":3583,"Full_Name":"BUFFALO BAYOU","Length_Miles":0.01619837,"Council_District":"I","KeyConnect":"N","Maintenance":null,"HoustonBikePlan_FundSource":null,"URL":null,"HC_Status":"Existing","HC_Class":"Off-Street","LC_Status":null,"LC_Class":null,"Description":null,"Implementer":"COH","created_user":null,"created_date":null,"last_edited_user":"E167744","last_edited_date":1649166176000,"Proposed_Date":null,"Programmed_Date":null,"Existing_Date":null,"Shape__Length":85.5274052060459}},{"type":"Feature","id":3337,"geometry":{"type":"LineString","coordinates":[[-95.3699333618094,29.7631177096967],[-95.3697323554012,29.7629292081146],[-95.3694982688061,29.7627053967063],[-95.3693020511865,29.7624931703052],[-95.3691563644627,29.7623597561308]]},"properties":{"OBJECTID":3337,"Unique_ID":3584,"Full_Name":"CAPITOL ST","Length_Miles":0.07006918,"Council_District":"I","KeyConnect":"N","Maintenance":null,"HoustonBikePlan_FundSource":null,"URL":null,"HC_Status":"Proposed","HC_Class":"Dedicated On-Street - HC","LC_Status":null,"LC_Class":null,"Description":null,"Implementer":"COH","created_user":null,"created_date":null,"last_edited_user":"E167744","last_edited_date":1649166176000,"Proposed_Date":null,"Programmed_Date":null,"Existing_Date":null,"Shape__Length":369.96528647886214}},{"type":"Feature","id":3338,"geometry":{"type":"LineString","coordinates":[[-95.3755812512454,29.7633853479586],[-95.3755726170555,29.7632419328956],[-95.3755562220132,29.7626604343932],[-95.3755334421416,29.7624087637442],[-95.3754953434824,29.7620615035539],[-95.3754225246266,29.7616526459746]]},"properties":{"OBJECTID":3338,"Unique_ID":3586,"Full_Name":"SABINE ST","Length_Miles":0.11985881,"Council_District":"H","KeyConnect":"N","Maintenance":null,"HoustonBikePlan_FundSource":null,"URL":null,"HC_Status":"Proposed","HC_Class":"Dedicated On-Street - HC","LC_Status":null,"LC_Class":null,"Description":null,"Implementer":"COH","created_user":null,"created_date":null,"last_edited_user":"E167744","last_edited_date":1649166176000,"Proposed_Date":null,"Programmed_Date":null,"Existing_Date":null,"Shape__Length":632.8544984085148}},{"type":"Feature","id":3342,"geometry":{"type":"LineString","coordinates":[[-95.3710947984508,29.7626728081713],[-95.3708771755207,29.7629855833448],[-95.3706032956008,29.7632354405581],[-95.370505044368,29.7633001380797]]},"properties":{"OBJECTID":3342,"Unique_ID":3590,"Full_Name":"BUFFALO BAYOU","Length_Miles":0.05640664,"Council_District":"I","KeyConnect":"N","Maintenance":null,"HoustonBikePlan_FundSource":null,"URL":null,"HC_Status":"Existing","HC_Class":"Off-Street","LC_Status":null,"LC_Class":null,"Description":null,"Implementer":"COH","created_user":null,"created_date":null,"last_edited_user":"E167744","last_edited_date":1649166176000,"Proposed_Date":null,"Programmed_Date":null,"Existing_Date":null,"Shape__Length":297.8270500338268}},{"type":"Feature","id":3343,"geometry":{"type":"LineString","coordinates":[[-95.370505044368,29.7633001380797],[-95.3703437349009,29.7631359608411],[-95.3701378334719,29.7629646611875]]},"properties":{"OBJECTID":3343,"Unique_ID":3591,"Full_Name":"RUSK ST","Length_Miles":0.03198847,"Council_District":"I","KeyConnect":"N","Maintenance":null,"HoustonBikePlan_FundSource":null,"URL":null,"HC_Status":"Proposed","HC_Class":"Dedicated On-Street - HC","LC_Status":null,"LC_Class":null,"Description":null,"Implementer":"COH","created_user":null,"created_date":null,"last_edited_user":"E167744","last_edited_date":1649166176000,"Proposed_Date":null,"Programmed_Date":null,"Existing_Date":null,"Shape__Length":168.8991185223054}},{"type":"Feature","id":3344,"geometry":{"type":"LineString","coordinates":[[-95.3699333618094,29.7631177096967],[-95.3698644024876,29.7631661236492],[-95.3697102838568,29.7632419128285],[-95.3695855778117,29.7632750389589],[-95.3694238541928,29.7632845646897],[-95.3692233728331,29.7632634876929],[-95.3689557604155,29.7631693186258],[-95.3687614255753,29.7630875650841],[-95.3684490440529,29.7630756233262],[-95.3681102953122,29.7630768717605],[-95.3676163013215,29.763095873885]]},"properties":{"OBJECTID":3344,"Unique_ID":3592,"Full_Name":"BUFFALO BAYOU","Length_Miles":0.14481535,"Council_District":"I","KeyConnect":"N","Maintenance":null,"HoustonBikePlan_FundSource":null,"URL":null,"HC_Status":"Existing","HC_Class":"Off-Street","LC_Status":null,"LC_Class":null,"Description":null,"Implementer":"COH","created_user":null,"created_date":null,"last_edited_user":"E167744","last_edited_date":1649166176000,"Proposed_Date":null,"Programmed_Date":null,"Existing_Date":null,"Shape__Length":764.6250369505015}},{"type":"Feature","id":3346,"geometry":{"type":"LineString","coordinates":[[-95.3924143502165,29.7633941221575],[-95.3926143968879,29.7634205776177],[-95.3932377133203,29.76355915858],[-95.3941620309133,29.7638168935628],[-95.3944615633511,29.7639001846539],[-95.394642531684,29.7640077503131],[-95.3946744640532,29.7640336862522]]},"properties":{"OBJECTID":3346,"Unique_ID":3594,"Full_Name":"SPOTTS PARK","Length_Miles":0.14378726,"Council_District":"H","KeyConnect":"N","Maintenance":null,"HoustonBikePlan_FundSource":null,"URL":null,"HC_Status":"Existing","HC_Class":"Off-Street","LC_Status":null,"LC_Class":null,"Description":null,"Implementer":"COH","created_user":null,"created_date":null,"last_edited_user":"E167744","last_edited_date":1649166176000,"Proposed_Date":null,"Programmed_Date":null,"Existing_Date":null,"Shape__Length":759.1967121676614}},{"type":"Feature","id":3349,"geometry":{"type":"LineString","coordinates":[[-95.3821402419516,29.763730254348],[-95.3820378018938,29.7636085509883],[-95.3819392187289,29.7635170446501],[-95.381853155068,29.7634430720007],[-95.3817598993938,29.7633402455472],[-95.381697296966,29.7632067203287],[-95.3816468411051,29.7630548948072],[-95.3815577827546,29.7629263879299],[-95.3814459055789,29.7627929653927],[-95.3813263858424,29.7626435740558],[-95.3812473395746,29.7625568932222],[-95.381143728984,29.7624879605597],[-95.3810180397288,29.7624506683349],[-95.3808738358074,29.7624298243398],[-95.3807738141334,29.7624271228444],[-95.3807107001731,29.7624371518758],[-95.3806171704058,29.7624620051952],[-95.3804811976245,29.7625039638557],[-95.3803282475277,29.7625611087401],[-95.3802393909012,29.7626259279883]]},"properties":{"OBJECTID":3349,"Unique_ID":3597,"Full_Name":"BUFFALO BAYOU","Length_Miles":0.16402177,"Council_District":"H","KeyConnect":"N","Maintenance":null,"HoustonBikePlan_FundSource":null,"URL":null,"HC_Status":"Existing","HC_Class":"Off-Street","LC_Status":null,"LC_Class":null,"Description":null,"Implementer":"COH","created_user":null,"created_date":null,"last_edited_user":"E167744","last_edited_date":1649166176000,"Proposed_Date":null,"Programmed_Date":null,"Existing_Date":null,"Shape__Length":866.0349218107885}},{"type":"Feature","id":3353,"geometry":{"type":"LineString","coordinates":[[-95.3801783092203,29.7633390862281],[-95.3803230065192,29.7633343970881],[-95.3804083621556,29.7633084872912],[-95.3805728187995,29.7632364161446],[-95.3810655605095,29.7630378406475],[-95.3812211939791,29.7630161743486],[-95.3813910245348,29.7630436883217],[-95.3814781560399,29.7630875980534],[-95.3815676731756,29.7631455706435],[-95.3816182317712,29.7632131832227],[-95.3816670320601,29.7633191087669],[-95.3817197742684,29.7634065115714],[-95.3818153283235,29.763490771857],[-95.3819006323734,29.7635862191283],[-95.3819330411899,29.7636851441244],[-95.381960934926,29.7637383094752],[-95.3820093463594,29.7637625451231],[-95.3820605680986,29.7637538968036],[-95.3821402419516,29.763730254348]]},"properties":{"OBJECTID":3353,"Unique_ID":3601,"Full_Name":"BUFFALO BAYOU","Length_Miles":0.14978125,"Council_District":"H","KeyConnect":"N","Maintenance":null,"HoustonBikePlan_FundSource":null,"URL":null,"HC_Status":"Existing","HC_Class":"Off-Street","LC_Status":null,"LC_Class":null,"Description":null,"Implementer":"COH","created_user":null,"created_date":null,"last_edited_user":"E167744","last_edited_date":1649166176000,"Proposed_Date":null,"Programmed_Date":null,"Existing_Date":null,"Shape__Length":790.8449935960568}},{"type":"Feature","id":3354,"geometry":{"type":"LineString","coordinates":[[-95.370505044368,29.7633001380797],[-95.370263781534,29.7634590074861]]},"properties":{"OBJECTID":3354,"Unique_ID":3602,"Full_Name":"BUFFALO BAYOU","Length_Miles":0.01816268,"Council_District":"H","KeyConnect":"N","Maintenance":null,"HoustonBikePlan_FundSource":null,"URL":null,"HC_Status":"Existing","HC_Class":"Off-Street","LC_Status":null,"LC_Class":null,"Description":null,"Implementer":"COH","created_user":null,"created_date":null,"last_edited_user":"E167744","last_edited_date":1649166176000,"Proposed_Date":null,"Programmed_Date":null,"Existing_Date":null,"Shape__Length":95.89897291582606}},{"type":"Feature","id":3355,"geometry":{"type":"LineString","coordinates":[[-95.370263781534,29.7634590074861],[-95.3702472129686,29.7634414378225],[-95.3700764083877,29.763264552593],[-95.3699525572394,29.7631357107292],[-95.3699333618094,29.7631177096967]]},"properties":{"OBJECTID":3355,"Unique_ID":3603,"Full_Name":"CAPITOL ST","Length_Miles":0.0307707,"Council_District":"I","KeyConnect":"N","Maintenance":null,"HoustonBikePlan_FundSource":null,"URL":null,"HC_Status":"Proposed","HC_Class":"Dedicated On-Street - HC","LC_Status":null,"LC_Class":null,"Description":null,"Implementer":"COH","created_user":null,"created_date":null,"last_edited_user":"E167744","last_edited_date":1649166176000,"Proposed_Date":null,"Programmed_Date":null,"Existing_Date":null,"Shape__Length":162.46930128645218}},{"type":"Feature","id":3356,"geometry":{"type":"LineString","coordinates":[[-95.3724816156737,29.7635795643957],[-95.372496887011,29.76334700266],[-95.372580873173,29.7630572396889],[-95.3726418159297,29.7628892867655],[-95.3726876658812,29.7627843284578],[-95.3727038921152,29.7627498246246],[-95.3727638564577,29.7626223233729],[-95.3727716383455,29.7626088577418],[-95.3728937018297,29.7624507463489],[-95.3730310633363,29.762328680733],[-95.3731912442277,29.7622141172438],[-95.3733819941797,29.7620749365901],[-95.3735955750857,29.761948979274],[-95.3736391796225,29.7619263506487]]},"properties":{"OBJECTID":3356,"Unique_ID":3604,"Full_Name":"HOUSTON IH 45 RAMP","Length_Miles":0.14043193,"Council_District":"H","KeyConnect":"N","Maintenance":null,"HoustonBikePlan_FundSource":null,"URL":null,"HC_Status":"Proposed","HC_Class":"Off-Street","LC_Status":null,"LC_Class":null,"Description":null,"Implementer":"COH","created_user":null,"created_date":null,"last_edited_user":"E167744","last_edited_date":1649166176000,"Proposed_Date":null,"Programmed_Date":null,"Existing_Date":null,"Shape__Length":741.4805715065055}},{"type":"Feature","id":3357,"geometry":{"type":"LineString","coordinates":[[-95.3673238357581,29.7634555194066],[-95.3676163013215,29.763095873885]]},"properties":{"OBJECTID":3357,"Unique_ID":3605,"Full_Name":"BAGBY ST","Length_Miles":0.0303701,"Council_District":"I","KeyConnect":"N","Maintenance":null,"HoustonBikePlan_FundSource":null,"URL":null,"HC_Status":"Programmed","HC_Class":"Off-Street","LC_Status":null,"LC_Class":null,"Description":null,"Implementer":"TIRZ 3","created_user":null,"created_date":null,"last_edited_user":"E167744","last_edited_date":1649166176000,"Proposed_Date":null,"Programmed_Date":null,"Existing_Date":null,"Shape__Length":160.3541201428501}},{"type":"Feature","id":3358,"geometry":{"type":"LineString","coordinates":[[-95.3707404335637,29.763554404507],[-95.3705842965844,29.7633932417701],[-95.3705599034674,29.763367151179],[-95.3705549059453,29.7633605933531],[-95.3705220016692,29.7633173959891],[-95.370505044368,29.7633001380797]]},"properties":{"OBJECTID":3358,"Unique_ID":3606,"Full_Name":"RUSK ST","Length_Miles":0.02253226,"Council_District":"H","KeyConnect":"N","Maintenance":null,"HoustonBikePlan_FundSource":null,"URL":null,"HC_Status":"Proposed","HC_Class":"Dedicated On-Street - HC","LC_Status":null,"LC_Class":null,"Description":null,"Implementer":"COH","created_user":null,"created_date":null,"last_edited_user":"E167744","last_edited_date":1649166176000,"Proposed_Date":null,"Programmed_Date":null,"Existing_Date":null,"Shape__Length":118.9703203727788}},{"type":"Feature","id":3359,"geometry":{"type":"LineString","coordinates":[[-95.4311056393694,29.7644630029793],[-95.4312279580457,29.7645068131386],[-95.43250985551,29.764844282388],[-95.4337686635974,29.7651057678046],[-95.4345850800322,29.7651837773547],[-95.4354852085039,29.7652524728146],[-95.4356453939626,29.7652563617863],[-95.4363015930775,29.7652734425032],[-95.4371483393181,29.7652449296768],[-95.4388420879853,29.7652047797729],[-95.4392160661188,29.765201134701],[-95.4397499895872,29.7652677452487],[-95.4405435618578,29.7654794986173]]},"properties":{"OBJECTID":3359,"Unique_ID":3607,"Full_Name":"MEMORIAL DR","Length_Miles":0.57634816,"Council_District":"C","KeyConnect":"N","Maintenance":null,"HoustonBikePlan_FundSource":null,"URL":null,"HC_Status":"Existing","HC_Class":"Off-Street","LC_Status":null,"LC_Class":null,"Description":null,"Implementer":"COH","created_user":null,"created_date":null,"last_edited_user":"E167744","last_edited_date":1649166176000,"Proposed_Date":null,"Programmed_Date":null,"Existing_Date":null,"Shape__Length":3043.118285064052}},{"type":"Feature","id":3360,"geometry":{"type":"LineString","coordinates":[[-95.3724816156737,29.7635795643957],[-95.3721393620522,29.7635709658516],[-95.3711618986634,29.7636217326423],[-95.3709099596941,29.7635968608697],[-95.3707404335637,29.763554404507]]},"properties":{"OBJECTID":3360,"Unique_ID":3608,"Full_Name":"MEMORIAL SERVICE RD","Length_Miles":0.10524584,"Council_District":"H","KeyConnect":"N","Maintenance":null,"HoustonBikePlan_FundSource":null,"URL":null,"HC_Status":"Proposed","HC_Class":"Dedicated On-Street - HC","LC_Status":null,"LC_Class":null,"Description":null,"Implementer":"COH","created_user":null,"created_date":null,"last_edited_user":"E167744","last_edited_date":1649166176000,"Proposed_Date":null,"Programmed_Date":null,"Existing_Date":null,"Shape__Length":555.698021814705}},{"type":"Feature","id":3367,"geometry":{"type":"LineString","coordinates":[[-95.3801783092203,29.7633390862281],[-95.380599327333,29.7635073931165],[-95.3807672532629,29.7637153032707],[-95.3810570248674,29.7640203294085]]},"properties":{"OBJECTID":3367,"Unique_ID":3615,"Full_Name":"MEMORIAL OB SAWYER RAMP","Length_Miles":0.07262979,"Council_District":"H","KeyConnect":"N","Maintenance":null,"HoustonBikePlan_FundSource":null,"URL":null,"HC_Status":"Programmed","HC_Class":"Dedicated On-Street - HC","LC_Status":null,"LC_Class":null,"Description":null,"Implementer":"TIRZ 13","created_user":null,"created_date":null,"last_edited_user":"E167744","last_edited_date":1649166176000,"Proposed_Date":null,"Programmed_Date":null,"Existing_Date":null,"Shape__Length":383.48527596979784}},{"type":"Feature","id":3371,"geometry":{"type":"LineString","coordinates":[[-95.3755812512454,29.7633853479586],[-95.3763000680296,29.7633856268204],[-95.3762821663075,29.7638895523222],[-95.3769920911874,29.7638781781472],[-95.3771203802094,29.7640071286854]]},"properties":{"OBJECTID":3371,"Unique_ID":3619,"Full_Name":"SILVER STREET BRIDGE","Length_Miles":0.13234047,"Council_District":"H","KeyConnect":"N","Maintenance":null,"HoustonBikePlan_FundSource":null,"URL":null,"HC_Status":"Proposed","HC_Class":"Off-Street","LC_Status":null,"LC_Class":null,"Description":null,"Implementer":"COH","created_user":null,"created_date":null,"last_edited_user":"E167744","last_edited_date":1649166176000,"Proposed_Date":null,"Programmed_Date":null,"Existing_Date":null,"Shape__Length":698.7576764280208}},{"type":"Feature","id":3374,"geometry":{"type":"LineString","coordinates":[[-95.3869451678955,29.7618926284808],[-95.3866322732623,29.7618531713868],[-95.3862582264369,29.7618199166335],[-95.3859387219093,29.7619675342239],[-95.3856325668246,29.76209560835],[-95.3853306596648,29.7621173580515],[-95.3851047664603,29.7621201807711],[-95.3849534087941,29.7621429661269],[-95.3848620215063,29.7621802105446],[-95.384791697873,29.7622174572212],[-95.3847228300499,29.7622770578581],[-95.3846679601281,29.7623770800419],[-95.3846192919581,29.7624951819645],[-95.3845054298477,29.7628115449065],[-95.3844005195535,29.7630684417811],[-95.3843324537732,29.7632484708939],[-95.3842155048324,29.7636545534358],[-95.3841928440664,29.763907698364],[-95.3840519143631,29.7641188428388],[-95.3839116873895,29.7642135762567],[-95.3837052084104,29.7642468141085]]},"properties":{"OBJECTID":3374,"Unique_ID":3622,"Full_Name":"BUFFALO BAYOU","Length_Miles":0.29893713,"Council_District":"H","KeyConnect":"N","Maintenance":null,"HoustonBikePlan_FundSource":null,"URL":null,"HC_Status":"Existing","HC_Class":"Off-Street","LC_Status":null,"LC_Class":null,"Description":null,"Implementer":"COH","created_user":null,"created_date":null,"last_edited_user":"E167744","last_edited_date":1649166176000,"Proposed_Date":null,"Programmed_Date":null,"Existing_Date":null,"Shape__Length":1578.3880277599242}},{"type":"Feature","id":3375,"geometry":{"type":"LineString","coordinates":[[-95.3837052084104,29.7642468141085],[-95.3832106762069,29.7631816641675]]},"properties":{"OBJECTID":3375,"Unique_ID":3623,"Full_Name":"BUFFALO BAYOU","Length_Miles":0.07914746,"Council_District":"H","KeyConnect":"N","Maintenance":null,"HoustonBikePlan_FundSource":null,"URL":null,"HC_Status":"Existing","HC_Class":"Off-Street","LC_Status":null,"LC_Class":null,"Description":null,"Implementer":"COH","created_user":null,"created_date":null,"last_edited_user":"E167744","last_edited_date":1649166176000,"Proposed_Date":null,"Programmed_Date":null,"Existing_Date":null,"Shape__Length":417.8985817283773}},{"type":"Feature","id":3376,"geometry":{"type":"LineString","coordinates":[[-95.3837052084104,29.7642468141085],[-95.3835718884942,29.7642432161257],[-95.3832324374779,29.7641397570404],[-95.3831577951144,29.7641377423738],[-95.3830684984938,29.7641275096484],[-95.3829716007538,29.7641209829254],[-95.3828719951151,29.7641065605642],[-95.3827932416477,29.7640940044567],[-95.3827266161683,29.76407656101],[-95.3826775365687,29.7640700205408],[-95.3826196393888,29.764059331687],[-95.3825646328235,29.7640513277313],[-95.3825159227557,29.7640343678152],[-95.3824227151557,29.7640087135985],[-95.382330710193,29.7639632404281],[-95.3822612044761,29.7638854157071],[-95.3821402419516,29.763730254348]]},"properties":{"OBJECTID":3376,"Unique_ID":3624,"Full_Name":"BUFFALO BAYOU","Length_Miles":0.10540352,"Council_District":"H","KeyConnect":"N","Maintenance":null,"HoustonBikePlan_FundSource":null,"URL":null,"HC_Status":"Existing","HC_Class":"Off-Street","LC_Status":null,"LC_Class":null,"Description":null,"Implementer":"COH","created_user":null,"created_date":null,"last_edited_user":"E167744","last_edited_date":1649166176000,"Proposed_Date":null,"Programmed_Date":null,"Existing_Date":null,"Shape__Length":556.5305674043111}},{"type":"Feature","id":3377,"geometry":{"type":"LineString","coordinates":[[-95.3667596518029,29.7638041884214],[-95.3667975810478,29.7637459441364],[-95.36689493745,29.7636416746772],[-95.3669245977834,29.7635920676395],[-95.3671529124708,29.7634470213154],[-95.3672157298722,29.7634174343115],[-95.3673238357581,29.7634555194066]]},"properties":{"OBJECTID":3377,"Unique_ID":3625,"Full_Name":"BUFFALO BAYOU","Length_Miles":0.04599494,"Council_District":"I","KeyConnect":"N","Maintenance":null,"HoustonBikePlan_FundSource":null,"URL":null,"HC_Status":"Existing","HC_Class":"Off-Street","LC_Status":null,"LC_Class":null,"Description":null,"Implementer":"COH","created_user":null,"created_date":null,"last_edited_user":"E167744","last_edited_date":1649166176000,"Proposed_Date":null,"Programmed_Date":null,"Existing_Date":null,"Shape__Length":242.85328077912118}},{"type":"Feature","id":3381,"geometry":{"type":"LineString","coordinates":[[-95.3724893854645,29.7640107440061],[-95.372483300907,29.7638349125671],[-95.3724816062182,29.763718223417],[-95.3724816156737,29.7635795643957]]},"properties":{"OBJECTID":3381,"Unique_ID":3629,"Full_Name":"HOUSTON IH 45 RAMP","Length_Miles":0.02970167,"Council_District":"H","KeyConnect":"N","Maintenance":null,"HoustonBikePlan_FundSource":null,"URL":null,"HC_Status":"Proposed","HC_Class":"Dedicated On-Street - HC","LC_Status":null,"LC_Class":null,"Description":null,"Implementer":"COH","created_user":null,"created_date":null,"last_edited_user":"E167744","last_edited_date":1649166176000,"Proposed_Date":null,"Programmed_Date":null,"Existing_Date":null,"Shape__Length":156.824842451469}},{"type":"Feature","id":3382,"geometry":{"type":"LineString","coordinates":[[-95.3710338566412,29.7640002676371],[-95.3719595878138,29.7640226368146],[-95.3721154158848,29.7640185286621]]},"properties":{"OBJECTID":3382,"Unique_ID":3630,"Full_Name":"N MEMORIAL WAY","Length_Miles":0.06501484,"Council_District":"H","KeyConnect":"N","Maintenance":null,"HoustonBikePlan_FundSource":null,"URL":null,"HC_Status":"Proposed","HC_Class":"Dedicated On-Street - HC","LC_Status":null,"LC_Class":null,"Description":null,"Implementer":"COH","created_user":null,"created_date":null,"last_edited_user":"E167744","last_edited_date":1649166176000,"Proposed_Date":null,"Programmed_Date":null,"Existing_Date":null,"Shape__Length":343.27834638263613}},{"type":"Feature","id":3383,"geometry":{"type":"LineString","coordinates":[[-95.3710338566412,29.7640002676371],[-95.3708417365969,29.7638855152752],[-95.3706769804056,29.7637837132143],[-95.3704449340247,29.7636479489107],[-95.3702874515366,29.7634841063738],[-95.3702848644541,29.763481361698],[-95.370263781534,29.7634590074861]]},"properties":{"OBJECTID":3383,"Unique_ID":3631,"Full_Name":"CAPITOL ST","Length_Miles":0.0598747,"Council_District":"H","KeyConnect":"N","Maintenance":null,"HoustonBikePlan_FundSource":null,"URL":null,"HC_Status":"Proposed","HC_Class":"Dedicated On-Street - HC","LC_Status":null,"LC_Class":null,"Description":null,"Implementer":"COH","created_user":null,"created_date":null,"last_edited_user":"E167744","last_edited_date":1649166176000,"Proposed_Date":null,"Programmed_Date":null,"Existing_Date":null,"Shape__Length":316.1383918414692}},{"type":"Feature","id":3386,"geometry":{"type":"LineString","coordinates":[[-95.3922811536857,29.7633765069887],[-95.3922640662212,29.7636533586346],[-95.392219750414,29.7640240227121],[-95.3921992120689,29.7643028999402],[-95.3921761123607,29.7645845741305],[-95.3921443375792,29.7646238418716],[-95.3921152674711,29.7646330904473]]},"properties":{"OBJECTID":3386,"Unique_ID":3634,"Full_Name":"BUFFALO BAYOU","Length_Miles":0.08862513,"Council_District":"H","KeyConnect":"N","Maintenance":null,"HoustonBikePlan_FundSource":null,"URL":null,"HC_Status":"Existing","HC_Class":"Off-Street","LC_Status":null,"LC_Class":null,"Description":null,"Implementer":"COH","created_user":null,"created_date":null,"last_edited_user":"E167744","last_edited_date":1649166176000,"Proposed_Date":null,"Programmed_Date":null,"Existing_Date":null,"Shape__Length":467.9407051102847}},{"type":"Feature","id":3389,"geometry":{"type":"LineString","coordinates":[[-95.3924143502165,29.7633941221575],[-95.3923225190082,29.7647110393274]]},"properties":{"OBJECTID":3389,"Unique_ID":3637,"Full_Name":"STUDEMONT ST","Length_Miles":0.09086432,"Council_District":"H","KeyConnect":"N","Maintenance":null,"HoustonBikePlan_FundSource":null,"URL":null,"HC_Status":"Existing","HC_Class":"Off-Street","LC_Status":null,"LC_Class":null,"Description":null,"Implementer":"COH","created_user":null,"created_date":null,"last_edited_user":"E167744","last_edited_date":1649166176000,"Proposed_Date":null,"Programmed_Date":null,"Existing_Date":null,"Shape__Length":479.763606357714}},{"type":"Feature","id":3392,"geometry":{"type":"LineString","coordinates":[[-95.3923225190082,29.7647110393274],[-95.3918712376113,29.7647167119156],[-95.3913356470518,29.7647496458063],[-95.3912062571625,29.7647618901328]]},"properties":{"OBJECTID":3392,"Unique_ID":3640,"Full_Name":"MEMORIAL CT","Length_Miles":0.06720223,"Council_District":"H","KeyConnect":"N","Maintenance":null,"HoustonBikePlan_FundSource":null,"URL":null,"HC_Status":"Proposed","HC_Class":"Dedicated On-Street - HC","LC_Status":null,"LC_Class":null,"Description":null,"Implementer":"COH","created_user":null,"created_date":null,"last_edited_user":"E167744","last_edited_date":1649166176000,"Proposed_Date":null,"Programmed_Date":null,"Existing_Date":null,"Shape__Length":354.8277890375984}},{"type":"Feature","id":3394,"geometry":{"type":"LineString","coordinates":[[-95.4088967657284,29.7614855669923],[-95.4089334465705,29.7616109731496],[-95.4089662352194,29.7617230745294],[-95.4089882774097,29.7617984277894],[-95.4092095536735,29.7627519565721],[-95.40934694254,29.7634654419606],[-95.4093697616384,29.7639213153037],[-95.4093928018558,29.7644285493141],[-95.4094843218213,29.7653364557095]]},"properties":{"OBJECTID":3394,"Unique_ID":3642,"Full_Name":"SHEPHERD DR","Length_Miles":0.26822277,"Council_District":"C","KeyConnect":"N","Maintenance":null,"HoustonBikePlan_FundSource":null,"URL":null,"HC_Status":"Proposed","HC_Class":"Off-Street","LC_Status":null,"LC_Class":null,"Description":null,"Implementer":"COH","created_user":null,"created_date":null,"last_edited_user":"E167744","last_edited_date":1649166176000,"Proposed_Date":null,"Programmed_Date":null,"Existing_Date":null,"Shape__Length":1416.2162239492911}},{"type":"Feature","id":3408,"geometry":{"type":"LineString","coordinates":[[-95.3982233300347,29.7652944680648],[-95.3984750109068,29.7648844390899],[-95.398719156482,29.7644552278402],[-95.3988337017848,29.7642492116502],[-95.3989441693833,29.7639746759924],[-95.3989743680743,29.7638342313817],[-95.3990244392425,29.7635341124126],[-95.3989785907999,29.7631715351836],[-95.3989098824687,29.762929474068],[-95.3988336674373,29.7627309368566],[-95.3986686947024,29.7624117369523]]},"properties":{"OBJECTID":3408,"Unique_ID":3657,"Full_Name":"WAUGH DR","Length_Miles":0.21240216,"Council_District":"C","KeyConnect":"N","Maintenance":"COH-SW","HoustonBikePlan_FundSource":null,"URL":null,"HC_Status":"Proposed","HC_Class":"Dedicated On-Street - HC","LC_Status":null,"LC_Class":null,"Description":null,"Implementer":"COH","created_user":null,"created_date":null,"last_edited_user":"E167744","last_edited_date":1649166176000,"Proposed_Date":null,"Programmed_Date":null,"Existing_Date":null,"Shape__Length":1121.4834202335187}},{"type":"Feature","id":3414,"geometry":{"type":"LineString","coordinates":[[-95.4163278512606,29.7659335557197],[-95.4176475996516,29.7659029748358],[-95.4184412065515,29.7658895334471],[-95.419257612025,29.7658781381094],[-95.4201348965505,29.7658685501254]]},"properties":{"OBJECTID":3414,"Unique_ID":3663,"Full_Name":"FEAGAN ST","Length_Miles":0.22880265,"Council_District":"C","KeyConnect":"N","Maintenance":null,"HoustonBikePlan_FundSource":null,"URL":null,"HC_Status":"Proposed","HC_Class":"Shared On-Street - HC","LC_Status":null,"LC_Class":null,"Description":null,"Implementer":"COH","created_user":null,"created_date":null,"last_edited_user":"E167744","last_edited_date":1649166176000,"Proposed_Date":null,"Programmed_Date":null,"Existing_Date":null,"Shape__Length":1208.077986346146}},{"type":"Feature","id":3415,"geometry":{"type":"LineString","coordinates":[[-95.4162133197252,29.7614874255135],[-95.4162210576687,29.7620578378808],[-95.4162617710455,29.7627479060995],[-95.4162607220952,29.7630819298232],[-95.4162643844943,29.7634711116634],[-95.4162822780162,29.7644201736015],[-95.4162897871599,29.7651534254042],[-95.4162973086736,29.7652944803271],[-95.4163278512606,29.7659335557197]]},"properties":{"OBJECTID":3415,"Unique_ID":3664,"Full_Name":"DETERING ST","Length_Miles":0.30633303,"Council_District":"C","KeyConnect":"N","Maintenance":null,"HoustonBikePlan_FundSource":null,"URL":null,"HC_Status":"Proposed","HC_Class":"Shared On-Street - HC","LC_Status":null,"LC_Class":null,"Description":null,"Implementer":"COH","created_user":null,"created_date":null,"last_edited_user":"E167744","last_edited_date":1649166176000,"Proposed_Date":null,"Programmed_Date":null,"Existing_Date":null,"Shape__Length":1617.438395711451}},{"type":"Feature","id":3423,"geometry":{"type":"LineString","coordinates":[[-95.4100640762089,29.7660592787602],[-95.4105142680804,29.7660535697682],[-95.4105295685083,29.7660536068141],[-95.4114678213217,29.766047895725],[-95.4124215526059,29.7660325901456],[-95.4133522590509,29.7660154998083],[-95.4143032472782,29.7659947583073],[-95.4150993944257,29.7659773571434],[-95.4163278512606,29.7659335557197]]},"properties":{"OBJECTID":3423,"Unique_ID":3673,"Full_Name":"FEAGAN ST","Length_Miles":0.37649405,"Council_District":"C","KeyConnect":"N","Maintenance":null,"HoustonBikePlan_FundSource":null,"URL":null,"HC_Status":"Proposed","HC_Class":"Shared On-Street - HC","LC_Status":null,"LC_Class":null,"Description":null,"Implementer":"COH","created_user":null,"created_date":null,"last_edited_user":"E167744","last_edited_date":1649166176000,"Proposed_Date":null,"Programmed_Date":null,"Existing_Date":null,"Shape__Length":1987.8885649625222}},{"type":"Feature","id":3427,"geometry":{"type":"LineString","coordinates":[[-95.4093927856026,29.7660784611039],[-95.4097131504503,29.7660727639113],[-95.4099495215446,29.7660556519771],[-95.4100640762089,29.7660592787602]]},"properties":{"OBJECTID":3427,"Unique_ID":3678,"Full_Name":"FEAGAN ST","Length_Miles":0.04039335,"Council_District":"C","KeyConnect":"N","Maintenance":null,"HoustonBikePlan_FundSource":null,"URL":null,"HC_Status":"Proposed","HC_Class":"Shared On-Street - HC","LC_Status":null,"LC_Class":null,"Description":null,"Implementer":"COH","created_user":null,"created_date":null,"last_edited_user":"E167744","last_edited_date":1649166176000,"Proposed_Date":null,"Programmed_Date":null,"Existing_Date":null,"Shape__Length":213.27688296132047}},{"type":"Feature","id":3437,"geometry":{"type":"LineString","coordinates":[[-95.4060510026139,29.76613001008],[-95.4061502745233,29.7661241134999],[-95.4070886976847,29.7661090400539],[-95.4071802198426,29.7661127034714],[-95.4082788687108,29.7660974050847],[-95.4092857982319,29.7660763850848],[-95.4093927856026,29.7660784611039]]},"properties":{"OBJECTID":3437,"Unique_ID":3689,"Full_Name":"FEAGAN ST","Length_Miles":0.20085496,"Council_District":"C","KeyConnect":"N","Maintenance":null,"HoustonBikePlan_FundSource":null,"URL":null,"HC_Status":"Proposed","HC_Class":"Shared On-Street - HC","LC_Status":null,"LC_Class":null,"Description":null,"Implementer":"COH","created_user":null,"created_date":null,"last_edited_user":"E167744","last_edited_date":1649166176000,"Proposed_Date":null,"Programmed_Date":null,"Existing_Date":null,"Shape__Length":1060.5141922743828}},{"type":"Feature","id":3447,"geometry":{"type":"LineString","coordinates":[[-95.3724893854645,29.7640107440061],[-95.3724969057027,29.7647317814244],[-95.3725046791782,29.7649149917842],[-95.3724893636733,29.7650218002093],[-95.3724510597003,29.7651094257234],[-95.3723214323245,29.7654471219643]]},"properties":{"OBJECTID":3447,"Unique_ID":3699,"Full_Name":"HOUSTON AVE","Length_Miles":0.10068564,"Council_District":"H","KeyConnect":"N","Maintenance":null,"HoustonBikePlan_FundSource":null,"URL":null,"HC_Status":"Proposed","HC_Class":"Dedicated On-Street - HC","LC_Status":null,"LC_Class":null,"Description":null,"Implementer":"COH","created_user":null,"created_date":null,"last_edited_user":"E167744","last_edited_date":1649166176000,"Proposed_Date":null,"Programmed_Date":null,"Existing_Date":null,"Shape__Length":531.6201579377192}},{"type":"Feature","id":3448,"geometry":{"type":"LineString","coordinates":[[-95.3721154158848,29.7640185286621],[-95.3721231446725,29.764852051978],[-95.372176564767,29.7650770151778],[-95.3723214323245,29.7654471219643]]},"properties":{"OBJECTID":3448,"Unique_ID":3700,"Full_Name":"HOUSTON AVE","Length_Miles":0.10016409,"Council_District":"H","KeyConnect":"N","Maintenance":null,"HoustonBikePlan_FundSource":null,"URL":null,"HC_Status":"Proposed","HC_Class":"Dedicated On-Street - HC","LC_Status":null,"LC_Class":null,"Description":null,"Implementer":"COH","created_user":null,"created_date":null,"last_edited_user":"E167744","last_edited_date":1649166176000,"Proposed_Date":null,"Programmed_Date":null,"Existing_Date":null,"Shape__Length":528.8664169952087}},{"type":"Feature","id":3455,"geometry":{"type":"LineString","coordinates":[[-95.4018243252356,29.7663340171367],[-95.4019922431524,29.7663378750166],[-95.4021524258371,29.7663283137128],[-95.4023201411599,29.7663091389566],[-95.4025261680043,29.7662710374659],[-95.4027703145057,29.7662194451346],[-95.4030603359671,29.7661852250637],[-95.4033272923229,29.7661776906789],[-95.4047921701974,29.7661489460467],[-95.4060510026139,29.76613001008]]},"properties":{"OBJECTID":3455,"Unique_ID":3708,"Full_Name":"FEAGAN ST","Length_Miles":0.25498105,"Council_District":"C","KeyConnect":"N","Maintenance":null,"HoustonBikePlan_FundSource":null,"URL":null,"HC_Status":"Proposed","HC_Class":"Shared On-Street - HC","LC_Status":null,"LC_Class":null,"Description":null,"Implementer":"COH","created_user":null,"created_date":null,"last_edited_user":"E167744","last_edited_date":1649166176000,"Proposed_Date":null,"Programmed_Date":null,"Existing_Date":null,"Shape__Length":1346.2999284574207}},{"type":"Feature","id":3461,"geometry":{"type":"LineString","coordinates":[[-95.4273218605254,29.7635110481541],[-95.4273294123196,29.7672151952998]]},"properties":{"OBJECTID":3461,"Unique_ID":3716,"Full_Name":"CRESTWOOD DR","Length_Miles":0.25510661,"Council_District":"C","KeyConnect":"N","Maintenance":"COH-NW","HoustonBikePlan_FundSource":null,"URL":null,"HC_Status":"Existing","HC_Class":"Shared On-Street - HC","LC_Status":null,"LC_Class":null,"Description":"Signed Bike Route","Implementer":"COH","created_user":null,"created_date":null,"last_edited_user":"E167744","last_edited_date":1649166176000,"Proposed_Date":null,"Programmed_Date":null,"Existing_Date":null,"Shape__Length":1346.9628790806817}},{"type":"Feature","id":3466,"geometry":{"type":"LineString","coordinates":[[-95.3981012507354,29.7665532899146],[-95.3987725169882,29.7665304895069],[-95.3990547775973,29.7664942091026],[-95.3993066557904,29.7664425979006],[-95.399520254782,29.7663969822192],[-95.3997262744924,29.7663741884692],[-95.3999704438443,29.7663702819975],[-95.4008096570737,29.7663550062307],[-95.4017097950236,29.766320568473],[-95.4018243252356,29.7663340171367]]},"properties":{"OBJECTID":3466,"Unique_ID":3721,"Full_Name":"FEAGAN ST","Length_Miles":0.2249395,"Council_District":"C","KeyConnect":"N","Maintenance":null,"HoustonBikePlan_FundSource":null,"URL":null,"HC_Status":"Proposed","HC_Class":"Shared On-Street - HC","LC_Status":null,"LC_Class":null,"Description":null,"Implementer":"COH","created_user":null,"created_date":null,"last_edited_user":"E167744","last_edited_date":1649166176000,"Proposed_Date":null,"Programmed_Date":null,"Existing_Date":null,"Shape__Length":1187.6805410061208}},{"type":"Feature","id":3469,"geometry":{"type":"LineString","coordinates":[[-95.397376326079,29.7665706438253],[-95.3976282337115,29.7665439237335],[-95.3979791656861,29.7665514507872],[-95.3981012507354,29.7665532899146]]},"properties":{"OBJECTID":3469,"Unique_ID":3724,"Full_Name":"FEAGAN ST","Length_Miles":0.04367744,"Council_District":"H","KeyConnect":"N","Maintenance":null,"HoustonBikePlan_FundSource":null,"URL":null,"HC_Status":"Proposed","HC_Class":"Dedicated On-Street - HC","LC_Status":null,"LC_Class":null,"Description":null,"Implementer":"COH","created_user":null,"created_date":null,"last_edited_user":"E167744","last_edited_date":1649166176000,"Proposed_Date":null,"Programmed_Date":null,"Existing_Date":null,"Shape__Length":230.61690743125345}},{"type":"Feature","id":3470,"geometry":{"type":"LineString","coordinates":[[-95.397376326079,29.7665706438253],[-95.3975061897272,29.7662692152696],[-95.3982233300347,29.7652944680648]]},"properties":{"OBJECTID":3470,"Unique_ID":3725,"Full_Name":"S HEIGHTS BLVD","Length_Miles":0.10194885,"Council_District":"H","KeyConnect":"N","Maintenance":null,"HoustonBikePlan_FundSource":null,"URL":null,"HC_Status":"Proposed","HC_Class":"Dedicated On-Street - HC","LC_Status":null,"LC_Class":null,"Description":null,"Implementer":"COH","created_user":null,"created_date":null,"last_edited_user":"E167744","last_edited_date":1649166176000,"Proposed_Date":null,"Programmed_Date":null,"Existing_Date":null,"Shape__Length":538.2899373257949}},{"type":"Feature","id":3473,"geometry":{"type":"LineString","coordinates":[[-95.3946744640532,29.7640336862522],[-95.3945982723069,29.7666732154938]]},"properties":{"OBJECTID":3473,"Unique_ID":3728,"Full_Name":"SPOTTS PARK CONNECTION","Length_Miles":0.18184315,"Council_District":"H","KeyConnect":"N","Maintenance":null,"HoustonBikePlan_FundSource":null,"URL":null,"HC_Status":"Proposed","HC_Class":"Off-Street","LC_Status":null,"LC_Class":null,"Description":null,"Implementer":"COH","created_user":null,"created_date":null,"last_edited_user":"E167744","last_edited_date":1649166176000,"Proposed_Date":null,"Programmed_Date":null,"Existing_Date":null,"Shape__Length":960.1318363314571}},{"type":"Feature","id":3474,"geometry":{"type":"LineString","coordinates":[[-95.3945982723069,29.7666732154938],[-95.3946152167436,29.7666828866298],[-95.3946465533836,29.7666929458851],[-95.394680129746,29.7666938492436],[-95.3954541298046,29.7666740089973],[-95.3956978968323,29.7666735277606],[-95.3967547190715,29.7666706229449],[-95.3968656410164,29.7666552056879],[-95.3969609225075,29.766637832387],[-95.3972710851074,29.766564391566],[-95.397376326079,29.7665706438253]]},"properties":{"OBJECTID":3474,"Unique_ID":3729,"Full_Name":"WILLIA ST","Length_Miles":0.16816448,"Council_District":"H","KeyConnect":"N","Maintenance":null,"HoustonBikePlan_FundSource":null,"URL":null,"HC_Status":"Proposed","HC_Class":"Shared On-Street - HC","LC_Status":null,"LC_Class":null,"Description":null,"Implementer":"COH","created_user":null,"created_date":null,"last_edited_user":"E167744","last_edited_date":1649166176000,"Proposed_Date":null,"Programmed_Date":null,"Existing_Date":null,"Shape__Length":887.9084713849523}},{"type":"Feature","id":3475,"geometry":{"type":"LineString","coordinates":[[-95.4201654900748,29.7673849803473],[-95.4210122317142,29.7673831293075],[-95.4217752431619,29.7673696875124],[-95.4231255782043,29.7673354504938],[-95.4240946343317,29.767310610072],[-95.4253000704146,29.7672742979582],[-95.4254221095819,29.7672820657343],[-95.4263069942781,29.7672323102278],[-95.4273294123196,29.7672151952998]]},"properties":{"OBJECTID":3475,"Unique_ID":3730,"Full_Name":"BLOSSOM ST","Length_Miles":0.43070832,"Council_District":"C","KeyConnect":"N","Maintenance":"COH-NW","HoustonBikePlan_FundSource":null,"URL":null,"HC_Status":"Existing","HC_Class":"Shared On-Street - HC","LC_Status":null,"LC_Class":null,"Description":"Signed Bike Route","Implementer":"COH","created_user":null,"created_date":null,"last_edited_user":"E167744","last_edited_date":1649166176000,"Proposed_Date":null,"Programmed_Date":null,"Existing_Date":null,"Shape__Length":2274.1399370307154}},{"type":"Feature","id":3476,"geometry":{"type":"LineString","coordinates":[[-95.4201348965505,29.7658685501254],[-95.4201654900748,29.7673849803473]]},"properties":{"OBJECTID":3476,"Unique_ID":3731,"Full_Name":"BIRDSALL ST","Length_Miles":0.10445341,"Council_District":"C","KeyConnect":"N","Maintenance":"COH-NW","HoustonBikePlan_FundSource":null,"URL":null,"HC_Status":"Proposed","HC_Class":"Shared On-Street - HC","LC_Status":null,"LC_Class":null,"Description":null,"Implementer":"COH","created_user":null,"created_date":null,"last_edited_user":"E167744","last_edited_date":1649166176000,"Proposed_Date":null,"Programmed_Date":null,"Existing_Date":null,"Shape__Length":551.514025717635}},{"type":"Feature","id":3477,"geometry":{"type":"LineString","coordinates":[[-95.3688272383974,29.7660289397623],[-95.3686440134892,29.7659009359588],[-95.3685453662011,29.7658096362715],[-95.3676170185408,29.7652302291749],[-95.3675924465522,29.7652166658119],[-95.3673148356004,29.7650634220271],[-95.3672606692649,29.7650335223384],[-95.3665765025667,29.7646535319919]]},"properties":{"OBJECTID":3477,"Unique_ID":3732,"Full_Name":"PRESTON ST","Length_Miles":0.16540208,"Council_District":"H","KeyConnect":"N","Maintenance":"COH-NE","HoustonBikePlan_FundSource":null,"URL":null,"HC_Status":"Proposed","HC_Class":"Dedicated On-Street - HC","LC_Status":"Existing","LC_Class":"Shared On-Street - LC","Description":"Signed Bike Route","Implementer":"COH","created_user":null,"created_date":null,"last_edited_user":"E167744","last_edited_date":1649166176000,"Proposed_Date":null,"Programmed_Date":null,"Existing_Date":null,"Shape__Length":873.3229976886585}},{"type":"Feature","id":3478,"geometry":{"type":"LineString","coordinates":[[-95.3688272383974,29.7660289397623],[-95.3686440105227,29.7659773645547],[-95.3683389149822,29.7658609895732],[-95.367988022692,29.7657236493623],[-95.3676101633059,29.7656084173603],[-95.3673917242158,29.765564909875],[-95.3673634673502,29.7655592360757],[-95.3670508596774,29.7654964677583],[-95.3669768476923,29.7654816063259],[-95.3663170935048,29.7653442146055]]},"properties":{"OBJECTID":3478,"Unique_ID":3733,"Full_Name":"FRANKLIN ST","Length_Miles":0.15853701,"Council_District":"H","KeyConnect":"N","Maintenance":"COH-NE","HoustonBikePlan_FundSource":null,"URL":null,"HC_Status":null,"HC_Class":null,"LC_Status":"Existing","LC_Class":"Shared On-Street - LC","Description":"Signed Bike Route","Implementer":null,"created_user":null,"created_date":null,"last_edited_user":"E167744","last_edited_date":1649166176000,"Proposed_Date":null,"Programmed_Date":null,"Existing_Date":null,"Shape__Length":837.0754035890998}},{"type":"Feature","id":3482,"geometry":{"type":"LineString","coordinates":[[-95.4163353773995,29.7674326714207],[-95.4176553682871,29.7674230759083],[-95.4184564904823,29.7673963909072],[-95.4192804300241,29.767392499839],[-95.4201654900748,29.7673849803473]]},"properties":{"OBJECTID":3482,"Unique_ID":3737,"Full_Name":"BLOSSOM ST","Length_Miles":0.23017901,"Council_District":"C","KeyConnect":"N","Maintenance":null,"HoustonBikePlan_FundSource":null,"URL":null,"HC_Status":"Proposed","HC_Class":"Shared On-Street - HC","LC_Status":null,"LC_Class":null,"Description":null,"Implementer":"COH","created_user":null,"created_date":null,"last_edited_user":"E167744","last_edited_date":1649166176000,"Proposed_Date":null,"Programmed_Date":null,"Existing_Date":null,"Shape__Length":1215.3451535606669}},{"type":"Feature","id":3483,"geometry":{"type":"LineString","coordinates":[[-95.4163278512606,29.7659335557197],[-95.4163278587626,29.7666906650123],[-95.4163353773995,29.7674326714207]]},"properties":{"OBJECTID":3483,"Unique_ID":3738,"Full_Name":"DETERING ST","Length_Miles":0.10324678,"Council_District":"C","KeyConnect":"N","Maintenance":null,"HoustonBikePlan_FundSource":null,"URL":null,"HC_Status":"Proposed","HC_Class":"Shared On-Street - HC","LC_Status":null,"LC_Class":null,"Description":null,"Implementer":"COH","created_user":null,"created_date":null,"last_edited_user":"E167744","last_edited_date":1649166176000,"Proposed_Date":null,"Programmed_Date":null,"Existing_Date":null,"Shape__Length":545.1429800316741}},{"type":"Feature","id":3488,"geometry":{"type":"LineString","coordinates":[[-95.4105598941923,29.7675145875029],[-95.4114755502715,29.7675013392459],[-95.4124443525652,29.7674899263924],[-95.4133905858116,29.7674668774747],[-95.4152445280011,29.7674518256547],[-95.4163353773995,29.7674326714207]]},"properties":{"OBJECTID":3488,"Unique_ID":3743,"Full_Name":"BLOSSOM ST","Length_Miles":0.34708128,"Council_District":"C","KeyConnect":"N","Maintenance":null,"HoustonBikePlan_FundSource":null,"URL":null,"HC_Status":"Proposed","HC_Class":"Shared On-Street - HC","LC_Status":null,"LC_Class":null,"Description":null,"Implementer":"COH","created_user":null,"created_date":null,"last_edited_user":"E167744","last_edited_date":1649166176000,"Proposed_Date":null,"Programmed_Date":null,"Existing_Date":null,"Shape__Length":1832.5891532906103}},{"type":"Feature","id":3489,"geometry":{"type":"LineString","coordinates":[[-95.4094231329292,29.7675337211238],[-95.4098961516439,29.7675280199772],[-95.4105598941923,29.7675145875029]]},"properties":{"OBJECTID":3489,"Unique_ID":3745,"Full_Name":"BLOSSOM ST","Length_Miles":0.06831733,"Council_District":"C","KeyConnect":"N","Maintenance":null,"HoustonBikePlan_FundSource":null,"URL":null,"HC_Status":"Proposed","HC_Class":"Shared On-Street - HC","LC_Status":null,"LC_Class":null,"Description":null,"Implementer":"COH","created_user":null,"created_date":null,"last_edited_user":"E167744","last_edited_date":1649166176000,"Proposed_Date":null,"Programmed_Date":null,"Existing_Date":null,"Shape__Length":360.7154952148197}},{"type":"Feature","id":3496,"geometry":{"type":"LineString","coordinates":[[-95.4060891073603,29.7675832469883],[-95.4072030398777,29.7675643202826],[-95.4083091868647,29.7675469899976],[-95.4094231329292,29.7675337211238]]},"properties":{"OBJECTID":3496,"Unique_ID":3753,"Full_Name":"BLOSSOM ST","Length_Miles":0.20035917,"Council_District":"C","KeyConnect":"N","Maintenance":null,"HoustonBikePlan_FundSource":null,"URL":null,"HC_Status":"Proposed","HC_Class":"Shared On-Street - HC","LC_Status":null,"LC_Class":null,"Description":null,"Implementer":"COH","created_user":null,"created_date":null,"last_edited_user":"E167744","last_edited_date":1649166176000,"Proposed_Date":null,"Programmed_Date":null,"Existing_Date":null,"Shape__Length":1057.8964087923207}},{"type":"Feature","id":3497,"geometry":{"type":"LineString","coordinates":[[-95.4060510026139,29.76613001008],[-95.4060738096084,29.7668642881533],[-95.4060891073603,29.7675832469883]]},"properties":{"OBJECTID":3497,"Unique_ID":3754,"Full_Name":"PATTERSON ST","Length_Miles":0.10011219,"Council_District":"C","KeyConnect":"N","Maintenance":null,"HoustonBikePlan_FundSource":null,"URL":null,"HC_Status":"Proposed","HC_Class":"Shared On-Street - HC","LC_Status":null,"LC_Class":null,"Description":null,"Implementer":"COH","created_user":null,"created_date":null,"last_edited_user":"E167744","last_edited_date":1649166176000,"Proposed_Date":null,"Programmed_Date":null,"Existing_Date":null,"Shape__Length":528.5923489093084}},{"type":"Feature","id":3504,"geometry":{"type":"LineString","coordinates":[[-95.3704060266872,29.7669403751991],[-95.3701253847285,29.7667448053257],[-95.3697601968429,29.7665208980552],[-95.369544771325,29.7663885732317],[-95.3693231882144,29.7662711051668],[-95.3690809480106,29.7661439149478],[-95.3688272383974,29.7660289397623]]},"properties":{"OBJECTID":3504,"Unique_ID":3763,"Full_Name":"PRESTON ST","Length_Miles":0.11397793,"Council_District":"H","KeyConnect":"N","Maintenance":"COH-NE","HoustonBikePlan_FundSource":null,"URL":null,"HC_Status":"Proposed","HC_Class":"Dedicated On-Street - HC","LC_Status":"Existing","LC_Class":"Shared On-Street - LC","Description":"Signed Bike Route","Implementer":"COH","created_user":null,"created_date":null,"last_edited_user":"E167744","last_edited_date":1649166176000,"Proposed_Date":null,"Programmed_Date":null,"Existing_Date":null,"Shape__Length":601.8034494016282}},{"type":"Feature","id":3506,"geometry":{"type":"LineString","coordinates":[[-95.3723214323245,29.7654471219643],[-95.3723289551526,29.766168114066],[-95.3723289682986,29.7668738769721],[-95.3723289713789,29.7672800208783]]},"properties":{"OBJECTID":3506,"Unique_ID":3765,"Full_Name":"HOUSTON AVE","Length_Miles":0.12623463,"Council_District":"H","KeyConnect":"N","Maintenance":null,"HoustonBikePlan_FundSource":null,"URL":null,"HC_Status":"Proposed","HC_Class":"Dedicated On-Street - HC","LC_Status":null,"LC_Class":null,"Description":null,"Implementer":"COH","created_user":null,"created_date":null,"last_edited_user":"E167744","last_edited_date":1649166176000,"Proposed_Date":null,"Programmed_Date":null,"Existing_Date":null,"Shape__Length":666.5188318085371}},{"type":"Feature","id":3507,"geometry":{"type":"LineString","coordinates":[[-95.3704060266872,29.7669403751991],[-95.3706754510919,29.7670142593269],[-95.3711483954875,29.7670945028976],[-95.3715280671222,29.7671561382776],[-95.3720547279632,29.7672553853973],[-95.3723289713789,29.7672800208783]]},"properties":{"OBJECTID":3507,"Unique_ID":3766,"Full_Name":"WASHINGTON AVE","Length_Miles":0.11806495,"Council_District":"H","KeyConnect":"N","Maintenance":null,"HoustonBikePlan_FundSource":null,"URL":null,"HC_Status":"Proposed","HC_Class":"Dedicated On-Street - HC","LC_Status":"Existing","LC_Class":"Shared On-Street - LC","Description":"Signed Bike Route","Implementer":"COH","created_user":null,"created_date":null,"last_edited_user":"E167744","last_edited_date":1649166176000,"Proposed_Date":null,"Programmed_Date":null,"Existing_Date":null,"Shape__Length":623.3829223079906}},{"type":"Feature","id":3513,"geometry":{"type":"LineString","coordinates":[[-95.3771203802094,29.7640071286854],[-95.3771278696875,29.7647374687844],[-95.3771431568961,29.7654929529173],[-95.3771356427253,29.7662329346144],[-95.3771724262063,29.766976424577],[-95.3771689035817,29.7676584410582],[-95.377196586033,29.7677911000865]]},"properties":{"OBJECTID":3513,"Unique_ID":3772,"Full_Name":"SILVER ST","Length_Miles":0.26081423,"Council_District":"H","KeyConnect":"N","Maintenance":null,"HoustonBikePlan_FundSource":null,"URL":null,"HC_Status":"Proposed","HC_Class":"Shared On-Street - HC","LC_Status":null,"LC_Class":null,"Description":null,"Implementer":"COH","created_user":null,"created_date":null,"last_edited_user":"E167744","last_edited_date":1649166176000,"Proposed_Date":null,"Programmed_Date":null,"Existing_Date":null,"Shape__Length":1377.0991174988283}},{"type":"Feature","id":3514,"geometry":{"type":"LineString","coordinates":[[-95.3723289713789,29.7672800208783],[-95.3728631103471,29.7673354614494],[-95.37319875711,29.7673696653804],[-95.3737635071747,29.7674383505633],[-95.3739159097134,29.7674497780109],[-95.3742440078292,29.7674803331861],[-95.3746713707297,29.7675202717308],[-95.375139452399,29.7675796642132],[-95.3756326715029,29.7676348433938],[-95.377196586033,29.7677911000865]]},"properties":{"OBJECTID":3514,"Unique_ID":3773,"Full_Name":"WASHINGTON AVE","Length_Miles":0.29461433,"Council_District":"H","KeyConnect":"N","Maintenance":null,"HoustonBikePlan_FundSource":null,"URL":null,"HC_Status":"Proposed","HC_Class":"Dedicated On-Street - HC","LC_Status":"Existing","LC_Class":"Shared On-Street - LC","Description":"Signed Bike Route","Implementer":"COH","created_user":null,"created_date":null,"last_edited_user":"E167744","last_edited_date":1649166176000,"Proposed_Date":null,"Programmed_Date":null,"Existing_Date":null,"Shape__Length":1555.5636682583456}},{"type":"Feature","id":3520,"geometry":{"type":"LineString","coordinates":[[-95.3723289713789,29.7672800208783],[-95.3723289861608,29.767985737571]]},"properties":{"OBJECTID":3520,"Unique_ID":3780,"Full_Name":"HOUSTON AVE","Length_Miles":0.04860304,"Council_District":"H","KeyConnect":"N","Maintenance":null,"HoustonBikePlan_FundSource":null,"URL":null,"HC_Status":"Proposed","HC_Class":"Dedicated On-Street - HC","LC_Status":null,"LC_Class":null,"Description":null,"Implementer":"COH","created_user":null,"created_date":null,"last_edited_user":"E167744","last_edited_date":1649166176000,"Proposed_Date":null,"Programmed_Date":null,"Existing_Date":null,"Shape__Length":256.6240638491637}},{"type":"Feature","id":3521,"geometry":{"type":"LineString","coordinates":[[-95.3810570248674,29.7640203294085],[-95.3812477872671,29.7642969100767],[-95.3813241945545,29.7644876480283],[-95.3813546021173,29.7648186902516],[-95.3813572463606,29.7654707114702],[-95.3813589902153,29.7655385602449],[-95.3813623342453,29.7656684506937],[-95.3813928649888,29.7658343188369],[-95.3814462587958,29.7660079678748],[-95.3815453159088,29.7662005267519],[-95.3817438224103,29.7664407992166],[-95.3819115052064,29.7665685509386],[-95.3821481283831,29.7667097936048],[-95.3822854736322,29.7668165837699],[-95.3823694523293,29.7668870921512],[-95.3824609870659,29.7669806436043],[-95.3825449165587,29.7670931559016],[-95.3826058461619,29.7672017435277],[-95.3826745348757,29.7673486852444],[-95.3827279313303,29.7675298700102],[-95.3827432014248,29.7676405278707],[-95.3827432104452,29.7683138657293]]},"properties":{"OBJECTID":3521,"Unique_ID":3781,"Full_Name":"SAWYER ST","Length_Miles":0.32899864,"Council_District":"H","KeyConnect":"N","Maintenance":null,"HoustonBikePlan_FundSource":null,"URL":null,"HC_Status":"Programmed","HC_Class":"Dedicated On-Street - HC","LC_Status":null,"LC_Class":null,"Description":null,"Implementer":"TIRZ 13","created_user":null,"created_date":null,"last_edited_user":"E167744","last_edited_date":1649166176000,"Proposed_Date":null,"Programmed_Date":null,"Existing_Date":null,"Shape__Length":1737.1127988115202}},{"type":"Feature","id":3522,"geometry":{"type":"LineString","coordinates":[[-95.377196586033,29.7677911000865],[-95.3783105098523,29.767917082766],[-95.3794244362323,29.768029565892],[-95.3805230727325,29.7681326948759],[-95.3816217322935,29.7682337690812],[-95.3827432104452,29.7683138657293]]},"properties":{"OBJECTID":3522,"Unique_ID":3782,"Full_Name":"WASHINGTON AVE","Length_Miles":0.33525415,"Council_District":"H","KeyConnect":"N","Maintenance":null,"HoustonBikePlan_FundSource":null,"URL":null,"HC_Status":"Proposed","HC_Class":"Dedicated On-Street - HC","LC_Status":"Existing","LC_Class":"Shared On-Street - LC","Description":"Signed Bike Route","Implementer":"COH","created_user":null,"created_date":null,"last_edited_user":"E167744","last_edited_date":1649166176000,"Proposed_Date":null,"Programmed_Date":null,"Existing_Date":null,"Shape__Length":1770.141890080046}},{"type":"Feature","id":3524,"geometry":{"type":"LineString","coordinates":[[-95.4292150954111,29.7696674132449],[-95.4285776127752,29.7689484975756],[-95.4281522399321,29.7679627463929],[-95.4280580648403,29.766899845301],[-95.4282512302887,29.7660738762617],[-95.4286711087874,29.7653399276011],[-95.4288920716431,29.7646579942253],[-95.4289651279118,29.7639386449944]]},"properties":{"OBJECTID":3524,"Unique_ID":3784,"Full_Name":"MEMORIAL PARK","Length_Miles":0.42165306,"Council_District":"C","KeyConnect":"N","Maintenance":null,"HoustonBikePlan_FundSource":null,"URL":null,"HC_Status":"Proposed","HC_Class":"Off-Street","LC_Status":null,"LC_Class":null,"Description":null,"Implementer":"COH","created_user":null,"created_date":null,"last_edited_user":"E167744","last_edited_date":1649166176000,"Proposed_Date":null,"Programmed_Date":null,"Existing_Date":null,"Shape__Length":2226.3281311210617}},{"type":"Feature","id":3526,"geometry":{"type":"LineString","coordinates":[[-95.4273640956118,29.7697707795502],[-95.4275954234951,29.7696971187654],[-95.4277902524075,29.7696433088046],[-95.4279448509021,29.769602309882],[-95.4281193225318,29.7695618404842],[-95.4282601231768,29.7695384442994],[-95.4284257432963,29.7695519887706],[-95.4287261812463,29.7695857383014],[-95.4290264213922,29.7696252019759],[-95.4292150954111,29.7696674132449]]},"properties":{"OBJECTID":3526,"Unique_ID":3787,"Full_Name":"ARNOT ST","Length_Miles":0.11438607,"Council_District":"C","KeyConnect":"N","Maintenance":null,"HoustonBikePlan_FundSource":null,"URL":null,"HC_Status":"Proposed","HC_Class":"Shared On-Street - HC","LC_Status":null,"LC_Class":null,"Description":null,"Implementer":"COH","created_user":null,"created_date":null,"last_edited_user":"E167744","last_edited_date":1649166176000,"Proposed_Date":null,"Programmed_Date":null,"Existing_Date":null,"Shape__Length":603.9584306638196}},{"type":"Feature","id":3527,"geometry":{"type":"LineString","coordinates":[[-95.4273294123196,29.7672151952998],[-95.4273369278452,29.7679017967567],[-95.427344706513,29.7687772639914],[-95.4273640956118,29.7697707795502]]},"properties":{"OBJECTID":3527,"Unique_ID":3788,"Full_Name":"CRESTWOOD DR","Length_Miles":0.17601822,"Council_District":"C","KeyConnect":"N","Maintenance":null,"HoustonBikePlan_FundSource":null,"URL":null,"HC_Status":"Proposed","HC_Class":"Shared On-Street - HC","LC_Status":null,"LC_Class":null,"Description":null,"Implementer":"COH","created_user":null,"created_date":null,"last_edited_user":"E167744","last_edited_date":1649166176000,"Proposed_Date":null,"Programmed_Date":null,"Existing_Date":null,"Shape__Length":929.3762208913438}},{"type":"Feature","id":3531,"geometry":{"type":"LineString","coordinates":[[-95.3912062571625,29.7647618901328],[-95.3911672302018,29.7647782685618],[-95.3911369922033,29.7648092359779],[-95.3911260466621,29.7648458645167],[-95.3911473514918,29.7659579008442],[-95.3911537834589,29.7667782588074],[-95.3911397277932,29.7672304539992],[-95.3910818680216,29.7676577394336],[-95.391032823137,29.7679468754761],[-95.3909763928073,29.7682227357547],[-95.3909327305399,29.7685232755627],[-95.3909014987381,29.7688927765956]]},"properties":{"OBJECTID":3531,"Unique_ID":3792,"Full_Name":"MEMORIAL HEIGHTS DR","Length_Miles":0.28770353,"Council_District":"H","KeyConnect":"N","Maintenance":null,"HoustonBikePlan_FundSource":null,"URL":null,"HC_Status":"Proposed","HC_Class":"Dedicated On-Street - HC","LC_Status":null,"LC_Class":null,"Description":null,"Implementer":"COH","created_user":null,"created_date":null,"last_edited_user":"E167744","last_edited_date":1649166176000,"Proposed_Date":null,"Programmed_Date":null,"Existing_Date":null,"Shape__Length":1519.074613251088}},{"type":"Feature","id":3532,"geometry":{"type":"LineString","coordinates":[[-95.3827432104452,29.7683138657293],[-95.3838418844509,29.7683424013153],[-95.38475730849,29.7683768234192],[-95.3854516132331,29.7684491869404],[-95.3854897038042,29.7684530523135],[-95.3862451692661,29.7685388302318],[-95.3862755293342,29.7685427188952],[-95.3869089712057,29.7686038508786],[-95.3875955036347,29.768674366155],[-95.3880226384039,29.7686953693394],[-95.3890756943232,29.7687505885704],[-95.3909014987381,29.7688927765956]]},"properties":{"OBJECTID":3532,"Unique_ID":3793,"Full_Name":"WASHINGTON AVE","Length_Miles":0.49209995,"Council_District":"H","KeyConnect":"N","Maintenance":null,"HoustonBikePlan_FundSource":null,"URL":null,"HC_Status":"Proposed","HC_Class":"Dedicated On-Street - HC","LC_Status":"Existing","LC_Class":"Shared On-Street - LC","Description":"Signed Bike Route","Implementer":"COH","created_user":null,"created_date":null,"last_edited_user":"E167744","last_edited_date":1649166176000,"Proposed_Date":null,"Programmed_Date":null,"Existing_Date":null,"Shape__Length":2598.287711997866}},{"type":"Feature","id":3533,"geometry":{"type":"LineString","coordinates":[[-95.377196586033,29.7677911000865],[-95.3772144962364,29.767909317692],[-95.377234693971,29.768554132023]]},"properties":{"OBJECTID":3533,"Unique_ID":3794,"Full_Name":"SILVER ST","Length_Miles":0.05263777,"Council_District":"H","KeyConnect":"N","Maintenance":null,"HoustonBikePlan_FundSource":null,"URL":null,"HC_Status":"Proposed","HC_Class":"Shared On-Street - HC","LC_Status":null,"LC_Class":null,"Description":null,"Implementer":"COH","created_user":null,"created_date":null,"last_edited_user":"E167744","last_edited_date":1649166176000,"Proposed_Date":null,"Programmed_Date":null,"Existing_Date":null,"Shape__Length":277.9274370912173}},{"type":"Feature","id":3534,"geometry":{"type":"LineString","coordinates":[[-95.3723289861608,29.767985737571],[-95.3728783964014,29.7680391253004],[-95.3731834621831,29.7680697104283],[-95.3737710037315,29.7681363620814],[-95.3742440004268,29.7681840485776],[-95.3748849840123,29.7682547454444],[-95.3751519051056,29.7682814561941],[-95.3752817669975,29.768291062756],[-95.3755562178144,29.7683234654596],[-95.37565019049,29.7683532205758],[-95.3757166320633,29.7683825559903],[-95.3758156554769,29.768409236815],[-95.3760064069903,29.7684263503968],[-95.377234693971,29.768554132023]]},"properties":{"OBJECTID":3534,"Unique_ID":3795,"Full_Name":"CENTER ST","Length_Miles":0.2978683,"Council_District":"H","KeyConnect":"N","Maintenance":null,"HoustonBikePlan_FundSource":null,"URL":null,"HC_Status":"Proposed","HC_Class":"Shared On-Street - HC","LC_Status":null,"LC_Class":null,"Description":null,"Implementer":"COH","created_user":null,"created_date":null,"last_edited_user":"E167744","last_edited_date":1649166176000,"Proposed_Date":null,"Programmed_Date":null,"Existing_Date":null,"Shape__Length":1572.7446254104798}},{"type":"Feature","id":3535,"geometry":{"type":"LineString","coordinates":[[-95.3923225190082,29.7647110393274],[-95.3923103021315,29.7669691867318],[-95.3922780963304,29.7673190218163],[-95.3922342352546,29.7675469954881],[-95.3919748501666,29.7684512374401],[-95.3918221648366,29.7689662113809]]},"properties":{"OBJECTID":3535,"Unique_ID":3796,"Full_Name":"STUDEMONT ST","Length_Miles":0.2964426,"Council_District":"H","KeyConnect":"N","Maintenance":null,"HoustonBikePlan_FundSource":null,"URL":null,"HC_Status":"Proposed","HC_Class":"Dedicated On-Street - HC","LC_Status":null,"LC_Class":null,"Description":null,"Implementer":"COH","created_user":null,"created_date":null,"last_edited_user":"E167744","last_edited_date":1649166176000,"Proposed_Date":null,"Programmed_Date":null,"Existing_Date":null,"Shape__Length":1565.2169262610983}},{"type":"Feature","id":3536,"geometry":{"type":"LineString","coordinates":[[-95.3909014987381,29.7688927765956],[-95.3913720012393,29.7689224119602],[-95.3918221648366,29.7689662113809]]},"properties":{"OBJECTID":3536,"Unique_ID":3797,"Full_Name":"WASHINGTON AVE","Length_Miles":0.05556001,"Council_District":"H","KeyConnect":"N","Maintenance":null,"HoustonBikePlan_FundSource":null,"URL":null,"HC_Status":"Proposed","HC_Class":"Dedicated On-Street - HC","LC_Status":"Existing","LC_Class":"Shared On-Street - LC","Description":"Signed Bike Route","Implementer":"COH","created_user":null,"created_date":null,"last_edited_user":"E167744","last_edited_date":1649166176000,"Proposed_Date":null,"Programmed_Date":null,"Existing_Date":null,"Shape__Length":293.3568664284161}},{"type":"Feature","id":3539,"geometry":{"type":"LineString","coordinates":[[-95.4292150954111,29.7696674132449],[-95.4294416733428,29.7697506775213],[-95.4296158456595,29.769832545183],[-95.4298472763665,29.7699645628842],[-95.4299818439826,29.7700539555217],[-95.4300459537148,29.7700957076366],[-95.4301207876747,29.7701120018322],[-95.4301930480548,29.7701082066599],[-95.4302925110744,29.7700765329033],[-95.4304118261853,29.7700396677804]]},"properties":{"OBJECTID":3539,"Unique_ID":3800,"Full_Name":"ARNOT ST","Length_Miles":0.08119458,"Council_District":"C","KeyConnect":"N","Maintenance":null,"HoustonBikePlan_FundSource":null,"URL":null,"HC_Status":"Proposed","HC_Class":"Shared On-Street - HC","LC_Status":null,"LC_Class":null,"Description":null,"Implementer":"COH","created_user":null,"created_date":null,"last_edited_user":"E167744","last_edited_date":1649166176000,"Proposed_Date":null,"Programmed_Date":null,"Existing_Date":null,"Shape__Length":428.70739295363376}},{"type":"Feature","id":3541,"geometry":{"type":"LineString","coordinates":[[-95.3827432104452,29.7683138657293],[-95.3827507566501,29.7690978393837]]},"properties":{"OBJECTID":3541,"Unique_ID":3802,"Full_Name":"SAWYER ST","Length_Miles":0.05399456,"Council_District":"H","KeyConnect":"N","Maintenance":null,"HoustonBikePlan_FundSource":null,"URL":null,"HC_Status":"Proposed","HC_Class":"Dedicated On-Street - HC","LC_Status":null,"LC_Class":null,"Description":null,"Implementer":"COH","created_user":null,"created_date":null,"last_edited_user":"E167744","last_edited_date":1649166176000,"Proposed_Date":null,"Programmed_Date":null,"Existing_Date":null,"Shape__Length":285.09125869865943}},{"type":"Feature","id":3542,"geometry":{"type":"LineString","coordinates":[[-95.377234693971,29.768554132023],[-95.3783182759254,29.7686609186157],[-95.3783257751675,29.7686629816779],[-95.3794319983257,29.7687868392687],[-95.3805458905941,29.7688975444247],[-95.3816445814,29.7690100160455],[-95.3819193018185,29.7690424128876],[-95.3821787087016,29.769069092605],[-95.3827507566501,29.7690978393837]]},"properties":{"OBJECTID":3542,"Unique_ID":3803,"Full_Name":"CENTER ST","Length_Miles":0.33361788,"Council_District":"H","KeyConnect":"N","Maintenance":null,"HoustonBikePlan_FundSource":null,"URL":null,"HC_Status":"Proposed","HC_Class":"Shared On-Street - HC","LC_Status":null,"LC_Class":null,"Description":null,"Implementer":"COH","created_user":null,"created_date":null,"last_edited_user":"E167744","last_edited_date":1649166176000,"Proposed_Date":null,"Programmed_Date":null,"Existing_Date":null,"Shape__Length":1761.502394958628}},{"type":"Feature","id":3543,"geometry":{"type":"LineString","coordinates":[[-95.3972773092465,29.7695612660627],[-95.3971246637075,29.7690328218861],[-95.397116913805,29.7687163429882],[-95.3971169398822,29.7683729545714],[-95.3971246663869,29.7680259124857],[-95.3971168916814,29.7673297603638],[-95.3971399904474,29.7672074411535],[-95.3971952402875,29.7670530329958],[-95.3972572462281,29.7668732503907],[-95.397376326079,29.7665706438253]]},"properties":{"OBJECTID":3543,"Unique_ID":3804,"Full_Name":"S HEIGHTS BLVD","Length_Miles":0.20947743,"Council_District":"H","KeyConnect":"N","Maintenance":null,"HoustonBikePlan_FundSource":null,"URL":null,"HC_Status":"Proposed","HC_Class":"Dedicated On-Street - HC","LC_Status":null,"LC_Class":null,"Description":null,"Implementer":"COH","created_user":null,"created_date":null,"last_edited_user":"E167744","last_edited_date":1649166176000,"Proposed_Date":null,"Programmed_Date":null,"Existing_Date":null,"Shape__Length":1106.0408456562257}},{"type":"Feature","id":3544,"geometry":{"type":"LineString","coordinates":[[-95.3918221648366,29.7689662113809],[-95.3922646298018,29.769006127293],[-95.3931343967766,29.7691015019861],[-95.3938211968708,29.7691797606454],[-95.3940116953724,29.7692026096609],[-95.3946145469306,29.7692559972599],[-95.394904553431,29.7692904539526],[-95.3957437875786,29.7693915028539],[-95.3960107250463,29.7694104509378],[-95.3971094041952,29.7695402847642],[-95.3972773092465,29.7695612660627]]},"properties":{"OBJECTID":3544,"Unique_ID":3805,"Full_Name":"WASHINGTON AVE","Length_Miles":0.33036921,"Council_District":"H","KeyConnect":"N","Maintenance":null,"HoustonBikePlan_FundSource":null,"URL":null,"HC_Status":"Proposed","HC_Class":"Dedicated On-Street - HC","LC_Status":"Existing","LC_Class":"Shared On-Street - LC","Description":"Signed Bike Route","Implementer":"COH","created_user":null,"created_date":null,"last_edited_user":"E167744","last_edited_date":1649166176000,"Proposed_Date":null,"Programmed_Date":null,"Existing_Date":null,"Shape__Length":1744.3494218728154}},{"type":"Feature","id":3547,"geometry":{"type":"LineString","coordinates":[[-95.3972773092465,29.7695612660627],[-95.3980401166769,29.7696509429717],[-95.3981546583593,29.7696641620933],[-95.398581762487,29.7697118772702]]},"properties":{"OBJECTID":3547,"Unique_ID":3808,"Full_Name":"WASHINGTON AVE","Length_Miles":0.07906202,"Council_District":"H","KeyConnect":"N","Maintenance":null,"HoustonBikePlan_FundSource":null,"URL":null,"HC_Status":"Proposed","HC_Class":"Dedicated On-Street - HC","LC_Status":"Existing","LC_Class":"Shared On-Street - LC","Description":"Signed Bike Route","Implementer":"COH","created_user":null,"created_date":null,"last_edited_user":"E167744","last_edited_date":1649166176000,"Proposed_Date":null,"Programmed_Date":null,"Existing_Date":null,"Shape__Length":417.44746067236304}},{"type":"Feature","id":3548,"geometry":{"type":"LineString","coordinates":[[-95.3918221648366,29.7689662113809],[-95.3917916222287,29.7690805186596],[-95.3915552024339,29.76964138368],[-95.3914406777102,29.7697919459164],[-95.391440128172,29.769793938632]]},"properties":{"OBJECTID":3548,"Unique_ID":3809,"Full_Name":"STUDEMONT ST","Length_Miles":0.06182576,"Council_District":"C","KeyConnect":"N","Maintenance":null,"HoustonBikePlan_FundSource":null,"URL":null,"HC_Status":"Proposed","HC_Class":"Dedicated On-Street - HC","LC_Status":null,"LC_Class":null,"Description":null,"Implementer":"COH","created_user":null,"created_date":null,"last_edited_user":"E167744","last_edited_date":1649166176000,"Proposed_Date":null,"Programmed_Date":null,"Existing_Date":null,"Shape__Length":326.4400255731969}},{"type":"Feature","id":3549,"geometry":{"type":"LineString","coordinates":[[-95.401854930971,29.767688207263],[-95.4018549217674,29.7681993365002],[-95.4018624401213,29.7683444391661],[-95.4018887626116,29.7688044077614],[-95.4018908658753,29.769012392101],[-95.4019053868209,29.7694326987347],[-95.4019083783964,29.7695192986853],[-95.4019005412059,29.7700742219703]]},"properties":{"OBJECTID":3549,"Unique_ID":3810,"Full_Name":"JACKSON HILL ST","Length_Miles":0.164395,"Council_District":"C","KeyConnect":"N","Maintenance":null,"HoustonBikePlan_FundSource":null,"URL":null,"HC_Status":"Proposed","HC_Class":"Shared On-Street - HC","LC_Status":null,"LC_Class":null,"Description":null,"Implementer":"COH","created_user":null,"created_date":null,"last_edited_user":"E167744","last_edited_date":1649166176000,"Proposed_Date":null,"Programmed_Date":null,"Existing_Date":null,"Shape__Length":868.0055764593651}},{"type":"Feature","id":3550,"geometry":{"type":"LineString","coordinates":[[-95.398581762487,29.7697118772702],[-95.3992532672257,29.7697901156393],[-95.4009089307714,29.7699560013448],[-95.4019005412059,29.7700742219703]]},"properties":{"OBJECTID":3550,"Unique_ID":3811,"Full_Name":"WASHINGTON AVE","Length_Miles":0.20097465,"Council_District":"C","KeyConnect":"N","Maintenance":"COH-NW","HoustonBikePlan_FundSource":null,"URL":null,"HC_Status":"Proposed","HC_Class":"Dedicated On-Street - HC","LC_Status":"Existing","LC_Class":"Shared On-Street - LC","Description":"Signed Bike Route","Implementer":"COH","created_user":null,"created_date":null,"last_edited_user":"E167744","last_edited_date":1649166176000,"Proposed_Date":null,"Programmed_Date":null,"Existing_Date":null,"Shape__Length":1061.1461467851086}},{"type":"Feature","id":3551,"geometry":{"type":"LineString","coordinates":[[-95.3827507566501,29.7690978393837],[-95.3838571598467,29.7691206762302],[-95.3843073389432,29.7691264036646],[-95.3846886198497,29.7691338995354],[-95.3850167251006,29.7691569389126],[-95.3854669198669,29.7692103432028],[-95.3855127850773,29.7692160457596],[-95.3862908508402,29.7692961530196],[-95.387603027567,29.769431450318],[-95.391440128172,29.769793938632]]},"properties":{"OBJECTID":3551,"Unique_ID":3812,"Full_Name":"CENTER ST","Length_Miles":0.52469208,"Council_District":"H","KeyConnect":"N","Maintenance":null,"HoustonBikePlan_FundSource":null,"URL":null,"HC_Status":"Proposed","HC_Class":"Shared On-Street - HC","LC_Status":null,"LC_Class":null,"Description":null,"Implementer":"COH","created_user":null,"created_date":null,"last_edited_user":"E167744","last_edited_date":1649166176000,"Proposed_Date":null,"Programmed_Date":null,"Existing_Date":null,"Shape__Length":2770.3741578336253}},{"type":"Feature","id":3553,"geometry":{"type":"LineString","coordinates":[[-95.4163353773995,29.7674326714207],[-95.4163278778081,29.7676749633344],[-95.4163431437065,29.7680736024526],[-95.4163506698295,29.7681917705942],[-95.4163431654664,29.7683537740198],[-95.4163584470683,29.7689431802146],[-95.4163623056475,29.7690514203534],[-95.4163829224037,29.7696294783214],[-95.4163883588097,29.7698736848281],[-95.4163879229202,29.7706006959899]]},"properties":{"OBJECTID":3553,"Unique_ID":3814,"Full_Name":"DETERING ST","Length_Miles":0.21826293,"Council_District":"C","KeyConnect":"N","Maintenance":null,"HoustonBikePlan_FundSource":null,"URL":null,"HC_Status":"Proposed","HC_Class":"Shared On-Street - HC","LC_Status":null,"LC_Class":null,"Description":null,"Implementer":"COH","created_user":null,"created_date":null,"last_edited_user":"E167744","last_edited_date":1649166176000,"Proposed_Date":null,"Programmed_Date":null,"Existing_Date":null,"Shape__Length":1152.4282960922214}},{"type":"Feature","id":3554,"geometry":{"type":"LineString","coordinates":[[-95.4105904591584,29.7704671390522],[-95.410621064575,29.7704671211409],[-95.4115482450405,29.7704751381826],[-95.4124977586092,29.7704329001893],[-95.4134209737757,29.7704329116459],[-95.4143822251173,29.7704824042336],[-95.4149544744759,29.770507296869],[-95.4153588109341,29.7705264400622],[-95.4157250144923,29.7705549805442],[-95.4163879229202,29.7706006959899]]},"properties":{"OBJECTID":3554,"Unique_ID":3815,"Full_Name":"WASHINGTON AVE","Length_Miles":0.34880628,"Council_District":"C","KeyConnect":"N","Maintenance":"COH-NW","HoustonBikePlan_FundSource":null,"URL":null,"HC_Status":"Proposed","HC_Class":"Dedicated On-Street - HC","LC_Status":"Existing","LC_Class":"Shared On-Street - LC","Description":"Signed Bike Route","Implementer":"COH","created_user":null,"created_date":null,"last_edited_user":"E167744","last_edited_date":1649166176000,"Proposed_Date":null,"Programmed_Date":null,"Existing_Date":null,"Shape__Length":1841.6971732479917}},{"type":"Feature","id":3555,"geometry":{"type":"LineString","coordinates":[[-95.4163879229202,29.7706006959899],[-95.4174417857339,29.7706578703355]]},"properties":{"OBJECTID":3555,"Unique_ID":3817,"Full_Name":"WASHINGTON AVE","Length_Miles":0.06344321,"Council_District":"C","KeyConnect":"N","Maintenance":"COH-NW","HoustonBikePlan_FundSource":null,"URL":null,"HC_Status":"Proposed","HC_Class":"Dedicated On-Street - HC","LC_Status":"Existing","LC_Class":"Shared On-Street - LC","Description":"Signed Bike Route","Implementer":"COH","created_user":null,"created_date":null,"last_edited_user":"E167744","last_edited_date":1649166176000,"Proposed_Date":null,"Programmed_Date":null,"Existing_Date":null,"Shape__Length":334.98012976222816}},{"type":"Feature","id":3556,"geometry":{"type":"LineString","coordinates":[[-95.4094689984739,29.7704748679999],[-95.4097970985886,29.7704634705247],[-95.4105904591584,29.7704671390522]]},"properties":{"OBJECTID":3556,"Unique_ID":3818,"Full_Name":"WASHINGTON AVE","Length_Miles":0.06739888,"Council_District":"C","KeyConnect":"N","Maintenance":"COH-NW","HoustonBikePlan_FundSource":null,"URL":null,"HC_Status":"Proposed","HC_Class":"Dedicated On-Street - HC","LC_Status":"Existing","LC_Class":"Shared On-Street - LC","Description":"Signed Bike Route","Implementer":"COH","created_user":null,"created_date":null,"last_edited_user":"E167744","last_edited_date":1649166176000,"Proposed_Date":null,"Programmed_Date":null,"Existing_Date":null,"Shape__Length":355.8660887920334}},{"type":"Feature","id":3558,"geometry":{"type":"LineString","coordinates":[[-95.42373055687,29.7709474662139],[-95.4238579806467,29.7708734868824],[-95.4239785403041,29.7708079211148],[-95.4241033686271,29.7707610989581],[-95.4243026439249,29.7706990667147],[-95.4246285811246,29.7706077782107],[-95.425467758964,29.7703642284313],[-95.4266122432339,29.7700171750492],[-95.4273640956118,29.7697707795502]]},"properties":{"OBJECTID":3558,"Unique_ID":3821,"Full_Name":"ARNOT ST","Length_Miles":0.23337464,"Council_District":"C","KeyConnect":"N","Maintenance":null,"HoustonBikePlan_FundSource":null,"URL":null,"HC_Status":"Proposed","HC_Class":"Dedicated On-Street - HC","LC_Status":null,"LC_Class":null,"Description":null,"Implementer":"COH","created_user":null,"created_date":null,"last_edited_user":"E167744","last_edited_date":1649166176000,"Proposed_Date":null,"Programmed_Date":null,"Existing_Date":null,"Shape__Length":1232.2180990111342}},{"type":"Feature","id":3559,"geometry":{"type":"LineString","coordinates":[[-95.4061272249426,29.7705054443135],[-95.4072488902565,29.7704919799249],[-95.4083475642817,29.7704787745639],[-95.4094689984739,29.7704748679999]]},"properties":{"OBJECTID":3559,"Unique_ID":3822,"Full_Name":"WASHINGTON AVE","Length_Miles":0.20080248,"Council_District":"C","KeyConnect":"N","Maintenance":"COH-NW","HoustonBikePlan_FundSource":null,"URL":null,"HC_Status":"Proposed","HC_Class":"Dedicated On-Street - HC","LC_Status":"Existing","LC_Class":"Shared On-Street - LC","Description":"Signed Bike Route","Implementer":"COH","created_user":null,"created_date":null,"last_edited_user":"E167744","last_edited_date":1649166176000,"Proposed_Date":null,"Programmed_Date":null,"Existing_Date":null,"Shape__Length":1060.2371164740503}},{"type":"Feature","id":3560,"geometry":{"type":"LineString","coordinates":[[-95.4019005412059,29.7700742219703],[-95.4022286637733,29.7701104759025],[-95.4032663990372,29.7702211327801],[-95.4039988282877,29.770295539327],[-95.4048914299542,29.770369912491],[-95.4061272249426,29.7705054443135]]},"properties":{"OBJECTID":3560,"Unique_ID":3824,"Full_Name":"WASHINGTON AVE","Length_Miles":0.25570658,"Council_District":"C","KeyConnect":"N","Maintenance":"COH-NW","HoustonBikePlan_FundSource":null,"URL":null,"HC_Status":"Proposed","HC_Class":"Dedicated On-Street - HC","LC_Status":"Existing","LC_Class":"Shared On-Street - LC","Description":"Signed Bike Route","Implementer":"COH","created_user":null,"created_date":null,"last_edited_user":"E167744","last_edited_date":1649166176000,"Proposed_Date":null,"Programmed_Date":null,"Existing_Date":null,"Shape__Length":1350.1307440732116}},{"type":"Feature","id":3561,"geometry":{"type":"LineString","coordinates":[[-95.4201654900748,29.7673849803473],[-95.4201654786271,29.7680142598232],[-95.4201730116516,29.7689071193446],[-95.4201958593982,29.7706731818127],[-95.4202035924691,29.7709040664815]]},"properties":{"OBJECTID":3561,"Unique_ID":3825,"Full_Name":"BIRDSALL ST","Length_Miles":0.24237743,"Council_District":"C","KeyConnect":"N","Maintenance":"COH-NW","HoustonBikePlan_FundSource":null,"URL":null,"HC_Status":"Existing","HC_Class":"Shared On-Street - HC","LC_Status":null,"LC_Class":null,"Description":"Signed Bike Route","Implementer":"COH","created_user":null,"created_date":null,"last_edited_user":"E167744","last_edited_date":1649166176000,"Proposed_Date":null,"Programmed_Date":null,"Existing_Date":null,"Shape__Length":1279.752830435867}},{"type":"Feature","id":3562,"geometry":{"type":"LineString","coordinates":[[-95.4174417857339,29.7706578703355],[-95.4184868223174,29.7707706042459],[-95.4193262602338,29.7708333196546],[-95.4202035924691,29.7709040664815]]},"properties":{"OBJECTID":3562,"Unique_ID":3826,"Full_Name":"WASHINGTON AVE","Length_Miles":0.1668292,"Council_District":"C","KeyConnect":"N","Maintenance":"COH-NW","HoustonBikePlan_FundSource":null,"URL":null,"HC_Status":"Proposed","HC_Class":"Dedicated On-Street - HC","LC_Status":"Existing","LC_Class":"Shared On-Street - LC","Description":"Signed Bike Route","Implementer":"COH","created_user":null,"created_date":null,"last_edited_user":"E167744","last_edited_date":1649166176000,"Proposed_Date":null,"Programmed_Date":null,"Existing_Date":null,"Shape__Length":880.8581768697215}},{"type":"Feature","id":3563,"geometry":{"type":"LineString","coordinates":[[-95.42373055687,29.7709474662139],[-95.4237522253147,29.7709853013837],[-95.4237670297768,29.7710315511267],[-95.4237755108557,29.771085876032]]},"properties":{"OBJECTID":3563,"Unique_ID":3827,"Full_Name":"WESTCOTT ST","Length_Miles":0.00999592,"Council_District":"C","KeyConnect":"N","Maintenance":null,"HoustonBikePlan_FundSource":null,"URL":null,"HC_Status":"Proposed","HC_Class":"Dedicated On-Street - HC","LC_Status":null,"LC_Class":null,"Description":null,"Implementer":"COH","created_user":null,"created_date":null,"last_edited_user":"E167744","last_edited_date":1649166176000,"Proposed_Date":null,"Programmed_Date":null,"Existing_Date":null,"Shape__Length":52.77847492212025}},{"type":"Feature","id":3564,"geometry":{"type":"LineString","coordinates":[[-95.4232842018101,29.7710899044824],[-95.4232843828746,29.7710244021226],[-95.4233044430951,29.77096761918],[-95.4233304626744,29.770928190789],[-95.4233793563609,29.7708922388002],[-95.4234492351407,29.7708657749786],[-95.4235037332938,29.7708583013214],[-95.4235790670357,29.7708646102405],[-95.4236376899406,29.7708790718075],[-95.4236809434189,29.7709103177876],[-95.42373055687,29.7709474662139]]},"properties":{"OBJECTID":3564,"Unique_ID":3828,"Full_Name":"ARNOT ST","Length_Miles":0.03898071,"Council_District":"C","KeyConnect":"N","Maintenance":null,"HoustonBikePlan_FundSource":null,"URL":null,"HC_Status":"Proposed","HC_Class":"Dedicated On-Street - HC","LC_Status":null,"LC_Class":null,"Description":null,"Implementer":"COH","created_user":null,"created_date":null,"last_edited_user":"E167744","last_edited_date":1649166176000,"Proposed_Date":null,"Programmed_Date":null,"Existing_Date":null,"Shape__Length":205.8181446457421}},{"type":"Feature","id":3565,"geometry":{"type":"LineString","coordinates":[[-95.4202035924691,29.7709040664815],[-95.4211571244057,29.7709670270805],[-95.421874277075,29.7710624178056],[-95.422156725714,29.7710603764055],[-95.4232842018101,29.7710899044824]]},"properties":{"OBJECTID":3565,"Unique_ID":3829,"Full_Name":"WASHINGTON AVE","Length_Miles":0.18578927,"Council_District":"C","KeyConnect":"N","Maintenance":null,"HoustonBikePlan_FundSource":null,"URL":null,"HC_Status":"Proposed","HC_Class":"Dedicated On-Street - HC","LC_Status":null,"LC_Class":null,"Description":null,"Implementer":"COH","created_user":null,"created_date":null,"last_edited_user":"E167744","last_edited_date":1649166176000,"Proposed_Date":null,"Programmed_Date":null,"Existing_Date":null,"Shape__Length":980.967361490697}},{"type":"Feature","id":3567,"geometry":{"type":"LineString","coordinates":[[-95.3972773092465,29.7695612660627],[-95.3973076478095,29.7700609777989],[-95.3973229785424,29.7704118963369]]},"properties":{"OBJECTID":3567,"Unique_ID":3831,"Full_Name":"HEIGHTS BLVD","Length_Miles":0.05864914,"Council_District":"C","KeyConnect":"N","Maintenance":null,"HoustonBikePlan_FundSource":null,"URL":null,"HC_Status":"Programmed","HC_Class":"Dedicated On-Street - HC","LC_Status":"Existing","LC_Class":"Dedicated On-Street - LC","Description":"Bike Lane","Implementer":"TIRZ 5","created_user":null,"created_date":null,"last_edited_user":"E167744","last_edited_date":1649166176000,"Proposed_Date":null,"Programmed_Date":null,"Existing_Date":null,"Shape__Length":309.66745646498043}},{"type":"Feature","id":3568,"geometry":{"type":"LineString","coordinates":[[-95.391440128172,29.769793938632],[-95.3917993626044,29.7698263982706],[-95.3921044361018,29.7698645216649],[-95.3922570996049,29.769877749469],[-95.3927912156936,29.7699389242446],[-95.3931268776297,29.7699790782204],[-95.394011740646,29.770060992041],[-95.3948967805747,29.7701545327806],[-95.3960335281873,29.7703012626342],[-95.3973229785424,29.7704118963369]]},"properties":{"OBJECTID":3568,"Unique_ID":3832,"Full_Name":"CENTER ST","Length_Miles":0.35608663,"Council_District":"C","KeyConnect":"N","Maintenance":null,"HoustonBikePlan_FundSource":null,"URL":null,"HC_Status":"Proposed","HC_Class":"Shared On-Street - HC","LC_Status":null,"LC_Class":null,"Description":null,"Implementer":"COH","created_user":null,"created_date":null,"last_edited_user":"E167744","last_edited_date":1649166176000,"Proposed_Date":null,"Programmed_Date":null,"Existing_Date":null,"Shape__Length":1880.137401982358}},{"type":"Feature","id":3569,"geometry":{"type":"LineString","coordinates":[[-95.398581762487,29.7697118772702],[-95.3985895561598,29.770095201517],[-95.398597072568,29.770522569738]]},"properties":{"OBJECTID":3569,"Unique_ID":3833,"Full_Name":"YALE ST","Length_Miles":0.05584043,"Council_District":"C","KeyConnect":"N","Maintenance":"COH-NW","HoustonBikePlan_FundSource":null,"URL":null,"HC_Status":null,"HC_Class":null,"LC_Status":"Existing","LC_Class":"Shared On-Street - LC","Description":"Signed Bike Route","Implementer":null,"created_user":null,"created_date":null,"last_edited_user":"E167744","last_edited_date":1649166176000,"Proposed_Date":null,"Programmed_Date":null,"Existing_Date":null,"Shape__Length":294.83747306209443}},{"type":"Feature","id":3570,"geometry":{"type":"LineString","coordinates":[[-95.4232842018101,29.7710899044824],[-95.4232984691411,29.7711379822559],[-95.4233259974937,29.7711960353127],[-95.4233559716059,29.7712312263022]]},"properties":{"OBJECTID":3570,"Unique_ID":3834,"Full_Name":"WASHINGTON AVE","Length_Miles":0.01076659,"Council_District":"C","KeyConnect":"N","Maintenance":null,"HoustonBikePlan_FundSource":null,"URL":null,"HC_Status":"Proposed","HC_Class":"Dedicated On-Street - HC","LC_Status":null,"LC_Class":null,"Description":null,"Implementer":"COH","created_user":null,"created_date":null,"last_edited_user":"E167744","last_edited_date":1649166176000,"Proposed_Date":null,"Programmed_Date":null,"Existing_Date":null,"Shape__Length":56.847611081601784}},{"type":"Feature","id":3571,"geometry":{"type":"LineString","coordinates":[[-95.4233559716059,29.7712312263022],[-95.423428710322,29.7712646927002],[-95.4234808208031,29.7712775471115],[-95.423546560005,29.7712764356382],[-95.4236061860799,29.771262263914],[-95.4236831776093,29.7712213298342],[-95.4237271478889,29.7711852463315],[-95.4237599094867,29.771127246112],[-95.4237755108557,29.771085876032]]},"properties":{"OBJECTID":3571,"Unique_ID":3835,"Full_Name":"WASHINGTON AVE","Length_Miles":0.03235548,"Council_District":"C","KeyConnect":"N","Maintenance":null,"HoustonBikePlan_FundSource":null,"URL":null,"HC_Status":"Proposed","HC_Class":"Dedicated On-Street - HC","LC_Status":null,"LC_Class":null,"Description":null,"Implementer":"COH","created_user":null,"created_date":null,"last_edited_user":"E167744","last_edited_date":1649166176000,"Proposed_Date":null,"Programmed_Date":null,"Existing_Date":null,"Shape__Length":170.83693726171217}},{"type":"Feature","id":3572,"geometry":{"type":"LineString","coordinates":[[-95.4163879229202,29.7706006959899],[-95.4163584206677,29.7711671502846]]},"properties":{"OBJECTID":3572,"Unique_ID":3836,"Full_Name":"DETERING ST","Length_Miles":0.03905226,"Council_District":"C","KeyConnect":"N","Maintenance":null,"HoustonBikePlan_FundSource":null,"URL":null,"HC_Status":"Proposed","HC_Class":"Shared On-Street - HC","LC_Status":null,"LC_Class":null,"Description":null,"Implementer":"COH","created_user":null,"created_date":null,"last_edited_user":"E167744","last_edited_date":1649166176000,"Proposed_Date":null,"Programmed_Date":null,"Existing_Date":null,"Shape__Length":206.19594638075185}},{"type":"Feature","id":3573,"geometry":{"type":"LineString","coordinates":[[-95.4105982383281,29.7711824525705],[-95.4106363429743,29.7711844967847],[-95.41072033335,29.7711901881855],[-95.4115748322102,29.7711824638247],[-95.412505539711,29.771172866572],[-95.413367576086,29.7711614719229],[-95.4134515076713,29.7711749282703],[-95.4143594137246,29.771169220277],[-95.4154122036125,29.7711767313133],[-95.4163584206677,29.7711671502846]]},"properties":{"OBJECTID":3573,"Unique_ID":3838,"Full_Name":"CENTER ST","Length_Miles":0.34622016,"Council_District":"C","KeyConnect":"N","Maintenance":null,"HoustonBikePlan_FundSource":null,"URL":null,"HC_Status":"Proposed","HC_Class":"Shared On-Street - HC","LC_Status":null,"LC_Class":null,"Description":null,"Implementer":"COH","created_user":null,"created_date":null,"last_edited_user":"E167744","last_edited_date":1649166176000,"Proposed_Date":null,"Programmed_Date":null,"Existing_Date":null,"Shape__Length":1828.042462334732}},{"type":"Feature","id":3574,"geometry":{"type":"LineString","coordinates":[[-95.4094918293551,29.7712016091852],[-95.4105982383281,29.7711824525705]]},"properties":{"OBJECTID":3574,"Unique_ID":3839,"Full_Name":"CENTER ST","Length_Miles":0.06649083,"Council_District":"C","KeyConnect":"N","Maintenance":null,"HoustonBikePlan_FundSource":null,"URL":null,"HC_Status":"Proposed","HC_Class":"Shared On-Street - HC","LC_Status":null,"LC_Class":null,"Description":null,"Implementer":"COH","created_user":null,"created_date":null,"last_edited_user":"E167744","last_edited_date":1649166176000,"Proposed_Date":null,"Programmed_Date":null,"Existing_Date":null,"Shape__Length":351.07158479949277}},{"type":"Feature","id":3575,"geometry":{"type":"LineString","coordinates":[[-95.3827507566501,29.7690978393837],[-95.382758473869,29.769668070961],[-95.3827584741368,29.7698950748657],[-95.3827813214255,29.77066564595]]},"properties":{"OBJECTID":3575,"Unique_ID":3841,"Full_Name":"SAWYER ST","Length_Miles":0.10799614,"Council_District":"H","KeyConnect":"N","Maintenance":null,"HoustonBikePlan_FundSource":null,"URL":null,"HC_Status":"Proposed","HC_Class":"Dedicated On-Street - HC","LC_Status":null,"LC_Class":null,"Description":null,"Implementer":"COH","created_user":null,"created_date":null,"last_edited_user":"E167744","last_edited_date":1649166176000,"Proposed_Date":null,"Programmed_Date":null,"Existing_Date":null,"Shape__Length":570.2196079890607}},{"type":"Feature","id":3576,"geometry":{"type":"LineString","coordinates":[[-95.4061502750148,29.771294943352],[-95.4061958669951,29.7712645812082],[-95.4072641833811,29.7712415456482],[-95.4083628260528,29.7712340140972],[-95.4094918293551,29.7712016091852]]},"properties":{"OBJECTID":3576,"Unique_ID":3842,"Full_Name":"CENTER ST","Length_Miles":0.20153989,"Council_District":"C","KeyConnect":"N","Maintenance":null,"HoustonBikePlan_FundSource":null,"URL":null,"HC_Status":"Proposed","HC_Class":"Shared On-Street - HC","LC_Status":null,"LC_Class":null,"Description":null,"Implementer":"COH","created_user":null,"created_date":null,"last_edited_user":"E167744","last_edited_date":1649166176000,"Proposed_Date":null,"Programmed_Date":null,"Existing_Date":null,"Shape__Length":1064.130605541122}},{"type":"Feature","id":3577,"geometry":{"type":"LineString","coordinates":[[-95.398597072568,29.770522569738],[-95.4009279789412,29.7707818533057],[-95.4013613553797,29.7708325369706],[-95.4022581358558,29.7709244637684],[-95.4040063585707,29.7711194643737],[-95.4050744412624,29.7712301304972],[-95.4061121216446,29.7713275521903],[-95.4061502750148,29.771294943352]]},"properties":{"OBJECTID":3577,"Unique_ID":3844,"Full_Name":"CENTER ST","Length_Miles":0.45814972,"Council_District":"C","KeyConnect":"N","Maintenance":null,"HoustonBikePlan_FundSource":null,"URL":null,"HC_Status":"Proposed","HC_Class":"Shared On-Street - HC","LC_Status":null,"LC_Class":null,"Description":null,"Implementer":"COH","created_user":null,"created_date":null,"last_edited_user":"E167744","last_edited_date":1649166176000,"Proposed_Date":null,"Programmed_Date":null,"Existing_Date":null,"Shape__Length":2419.0305295397206}},{"type":"Feature","id":3579,"geometry":{"type":"LineString","coordinates":[[-95.377234693971,29.768554132023],[-95.3772346584205,29.7686782390486],[-95.3772346927684,29.7693438100636],[-95.3772566302742,29.7695198770823],[-95.3772476398673,29.769858590969],[-95.377241903497,29.7698878753213],[-95.3772304794308,29.7699183896941],[-95.3772127047991,29.7699416473884],[-95.3771961390819,29.7699633192889],[-95.3771737389619,29.7699790780838],[-95.3770975701572,29.7700114419189],[-95.3770445658108,29.7700336469612],[-95.3770175225507,29.7700498894993],[-95.3770054869782,29.7700664204276],[-95.3769960516868,29.7700894702746],[-95.3769905187928,29.7701185290361],[-95.3769905479315,29.7707322652113]]},"properties":{"OBJECTID":3579,"Unique_ID":3847,"Full_Name":"SILVER ST","Length_Miles":0.15754903,"Council_District":"H","KeyConnect":"N","Maintenance":null,"HoustonBikePlan_FundSource":null,"URL":null,"HC_Status":"Proposed","HC_Class":"Shared On-Street - HC","LC_Status":null,"LC_Class":null,"Description":null,"Implementer":"COH","created_user":null,"created_date":null,"last_edited_user":"E167744","last_edited_date":1649166176000,"Proposed_Date":null,"Programmed_Date":null,"Existing_Date":null,"Shape__Length":831.8588628426586}},{"type":"Feature","id":3605,"geometry":{"type":"LineString","coordinates":[[-95.4304118261853,29.7700396677804],[-95.4305063646363,29.7702424044549],[-95.4307158211512,29.7705340095236],[-95.4308733942496,29.7707155425906],[-95.4310717485158,29.7709496468302],[-95.4312552288723,29.7711404499235],[-95.4314444574585,29.7713542879586],[-95.4315568785849,29.771514596111],[-95.431663485783,29.771670247835],[-95.4317968558182,29.7719269550051],[-95.4318768631285,29.7721440284888],[-95.4319338219611,29.7723939250587],[-95.4319786739625,29.7726769342498],[-95.4320324606229,29.7730174994514],[-95.4320736396547,29.7734054943754],[-95.4321050860962,29.7736021683644]]},"properties":{"OBJECTID":3605,"Unique_ID":3875,"Full_Name":"E MEMORIAL LOOP","Length_Miles":0.27222213,"Council_District":"C","KeyConnect":"N","Maintenance":null,"HoustonBikePlan_FundSource":null,"URL":null,"HC_Status":"Proposed","HC_Class":"Shared On-Street - HC","LC_Status":null,"LC_Class":null,"Description":null,"Implementer":"COH","created_user":null,"created_date":null,"last_edited_user":"E167744","last_edited_date":1649166176000,"Proposed_Date":null,"Programmed_Date":null,"Existing_Date":null,"Shape__Length":1437.3328622384827}},{"type":"Feature","id":3606,"geometry":{"type":"LineString","coordinates":[[-95.4321050860962,29.7736021683644],[-95.4312301568055,29.7721967490514],[-95.4309856825961,29.7714773415965],[-95.4303881626032,29.7707162881955],[-95.4292150954111,29.7696674132449]]},"properties":{"OBJECTID":3606,"Unique_ID":3876,"Full_Name":"MEMORIAL PARK","Length_Miles":0.32628042,"Council_District":"C","KeyConnect":"N","Maintenance":null,"HoustonBikePlan_FundSource":null,"URL":null,"HC_Status":"Proposed","HC_Class":"Off-Street","LC_Status":null,"LC_Class":null,"Description":null,"Implementer":"COH","created_user":null,"created_date":null,"last_edited_user":"E167744","last_edited_date":1649166176000,"Proposed_Date":null,"Programmed_Date":null,"Existing_Date":null,"Shape__Length":1722.7606177948242}},{"type":"Feature","id":3635,"geometry":{"type":"LineString","coordinates":[[-95.3827813214255,29.77066564595],[-95.3827965794585,29.7721704255955],[-95.3828043679537,29.7729220282947],[-95.3827890562228,29.7732996608108],[-95.3826995716367,29.7736419722454]]},"properties":{"OBJECTID":3635,"Unique_ID":3907,"Full_Name":"SAWYER ST","Length_Miles":0.205609,"Council_District":"H","KeyConnect":"N","Maintenance":null,"HoustonBikePlan_FundSource":null,"URL":null,"HC_Status":"Proposed","HC_Class":"Dedicated On-Street - HC","LC_Status":null,"LC_Class":null,"Description":null,"Implementer":"COH","created_user":null,"created_date":null,"last_edited_user":"E167744","last_edited_date":1649166176000,"Proposed_Date":null,"Programmed_Date":null,"Existing_Date":null,"Shape__Length":1085.6155300271926}},{"type":"Feature","id":3638,"geometry":{"type":"LineString","coordinates":[[-95.3826995716367,29.7736419722454],[-95.3814615584134,29.7736505679501],[-95.3803551398603,29.7736583214784],[-95.3792642560253,29.7736790912512],[-95.3781503073319,29.7736886694807],[-95.3770210956856,29.7737001050549]]},"properties":{"OBJECTID":3638,"Unique_ID":3910,"Full_Name":"CROCKETT ST","Length_Miles":0.34120655,"Council_District":"H","KeyConnect":"N","Maintenance":null,"HoustonBikePlan_FundSource":null,"URL":null,"HC_Status":"Proposed","HC_Class":"Dedicated On-Street - HC","LC_Status":null,"LC_Class":null,"Description":null,"Implementer":"COH","created_user":null,"created_date":null,"last_edited_user":"E167744","last_edited_date":1649166176000,"Proposed_Date":null,"Programmed_Date":null,"Existing_Date":null,"Shape__Length":1801.570562644608}},{"type":"Feature","id":3639,"geometry":{"type":"LineString","coordinates":[[-95.3769905479315,29.7707322652113],[-95.3769982740305,29.7714799613055],[-95.3770136029028,29.7722238152424],[-95.3770288662611,29.7729619461741],[-95.3770210956856,29.7737001050549]]},"properties":{"OBJECTID":3639,"Unique_ID":3911,"Full_Name":"SILVER ST","Length_Miles":0.20441759,"Council_District":"H","KeyConnect":"N","Maintenance":null,"HoustonBikePlan_FundSource":null,"URL":null,"HC_Status":"Proposed","HC_Class":"Shared On-Street - HC","LC_Status":null,"LC_Class":null,"Description":null,"Implementer":"COH","created_user":null,"created_date":null,"last_edited_user":"E167744","last_edited_date":1649166176000,"Proposed_Date":null,"Programmed_Date":null,"Existing_Date":null,"Shape__Length":1079.3248501576973}},{"type":"Feature","id":3641,"geometry":{"type":"LineString","coordinates":[[-95.3770210956856,29.7737001050549],[-95.3758843482779,29.7737060241984],[-95.3747551465456,29.7737231169038],[-95.3736108208203,29.773730672162],[-95.3729929707709,29.7737326991815],[-95.3723976423629,29.7737327270062]]},"properties":{"OBJECTID":3641,"Unique_ID":3913,"Full_Name":"CROCKETT ST","Length_Miles":0.27780345,"Council_District":"H","KeyConnect":"N","Maintenance":null,"HoustonBikePlan_FundSource":null,"URL":null,"HC_Status":"Proposed","HC_Class":"Dedicated On-Street - HC","LC_Status":null,"LC_Class":null,"Description":null,"Implementer":"COH","created_user":null,"created_date":null,"last_edited_user":"E167744","last_edited_date":1649166176000,"Proposed_Date":null,"Programmed_Date":null,"Existing_Date":null,"Shape__Length":1466.8022060399544}},{"type":"Feature","id":3642,"geometry":{"type":"LineString","coordinates":[[-95.3723289861608,29.767985737571],[-95.3723520322867,29.7687544570804],[-95.3723520321169,29.7687754367868],[-95.3723520140074,29.7693876516843],[-95.372352038513,29.7700570838534],[-95.3723673006251,29.7707838205342],[-95.3723826176642,29.7715240010023],[-95.3723901046507,29.7722295002689],[-95.3723901049218,29.7723059747752],[-95.3723825895387,29.7729925532658],[-95.3723976423629,29.7737327270062]]},"properties":{"OBJECTID":3642,"Unique_ID":3914,"Full_Name":"HOUSTON AVE","Length_Miles":0.39584532,"Council_District":"H","KeyConnect":"N","Maintenance":null,"HoustonBikePlan_FundSource":null,"URL":null,"HC_Status":"Proposed","HC_Class":"Dedicated On-Street - HC","LC_Status":null,"LC_Class":null,"Description":null,"Implementer":"COH","created_user":null,"created_date":null,"last_edited_user":"E167744","last_edited_date":1649166176000,"Proposed_Date":null,"Programmed_Date":null,"Existing_Date":null,"Shape__Length":2090.0632711635167}},{"type":"Feature","id":3649,"geometry":{"type":"LineString","coordinates":[[-95.3972116271233,29.7748416951899],[-95.3971791121751,29.7748378504332],[-95.3969797999304,29.7748142845729],[-95.3969476052851,29.7748099844055],[-95.3969155999455,29.7748047189643],[-95.396883820903,29.7747984955626],[-95.3968523072166,29.7747913215692],[-95.3968210938102,29.774783204242],[-95.3967902206489,29.7747741545846],[-95.3967597225609,29.7747641825604],[-95.3967296353127,29.7747533008659],[-95.3966999947024,29.7747415212955],[-95.396670838532,29.7747288575033],[-95.3966421993072,29.7747153266112],[-95.396614110695,29.7747009421621],[-95.3965866082384,29.774685723165],[-95.3965597203081,29.7746696866309],[-95.3965334834491,29.7746528524988],[-95.3965079249345,29.7746352395552],[-95.3964830771105,29.7746168694316],[-95.3964589702555,29.7745977637034],[-95.3960986804845,29.7743021877684],[-95.3960563862665,29.7742687271604],[-95.3960127289745,29.7742366253888],[-95.395967821369,29.7742047995888],[-95.3959299360245,29.7741770783482],[-95.3958930667099,29.7741483337282],[-95.3957013661063,29.7739940935057],[-95.3956869478974,29.7739828467673],[-95.3956772658225,29.7739757469368],[-95.3956732386671,29.7739727943545],[-95.3956721444115,29.7739719913474],[-95.3956569635996,29.7739615364865],[-95.3956414237176,29.7739514926045],[-95.3956255378531,29.7739418699825],[-95.3956093222901,29.7739326762797],[-95.3955927891144,29.7739239208476],[-95.3955057298363,29.773879445983]]},"properties":{"OBJECTID":3649,"Unique_ID":3921,"Full_Name":"WHITE OAK BAYOU","Length_Miles":0.1251377,"Council_District":"C","KeyConnect":"N","Maintenance":null,"HoustonBikePlan_FundSource":null,"URL":null,"HC_Status":"Existing","HC_Class":"Off-Street","LC_Status":null,"LC_Class":null,"Description":null,"Implementer":null,"created_user":null,"created_date":null,"last_edited_user":"E167744","last_edited_date":1649166176000,"Proposed_Date":null,"Programmed_Date":null,"Existing_Date":null,"Shape__Length":660.7270303965803}},{"type":"Feature","id":3651,"geometry":{"type":"LineString","coordinates":[[-95.3977241238119,29.7748933725665],[-95.3977188480497,29.7748912593554],[-95.3977089566253,29.774887649137],[-95.3977066094508,29.7748868720448],[-95.3976989337149,29.7748843341626],[-95.3976887843596,29.7748813181786],[-95.3976785239376,29.7748786052086],[-95.3976681668253,29.7748761983473],[-95.3976577170936,29.7748740995093],[-95.3976471952893,29.7748723128574],[-95.3976366076145,29.7748708385584],[-95.3976259694794,29.7748696797345],[-95.3976152932884,29.7748688367191],[-95.3976045893147,29.7748683115937],[-95.3975833619282,29.774867685929]]},"properties":{"OBJECTID":3651,"Unique_ID":3923,"Full_Name":"WHITE OAK BAYOU","Length_Miles":0.00871029,"Council_District":"C","KeyConnect":"N","Maintenance":null,"HoustonBikePlan_FundSource":null,"URL":null,"HC_Status":"Existing","HC_Class":"Off-Street","LC_Status":null,"LC_Class":null,"Description":null,"Implementer":null,"created_user":null,"created_date":null,"last_edited_user":"E167744","last_edited_date":1649166176000,"Proposed_Date":null,"Programmed_Date":null,"Existing_Date":null,"Shape__Length":45.99032549293796}},{"type":"Feature","id":3655,"geometry":{"type":"LineString","coordinates":[[-95.3723976423629,29.7737327270062],[-95.3722299767968,29.7737498188742],[-95.3712152566168,29.7737594205281],[-95.3701166458971,29.7737783712846],[-95.3690026696463,29.7737840590548],[-95.3679461138025,29.7737763601355],[-95.3678566118949,29.7737740995976],[-95.3675850713126,29.7737656945186],[-95.3674677945684,29.7737635979909],[-95.3673500806608,29.7737705802363],[-95.3672203514045,29.7737961980258],[-95.3670171145083,29.7738411637624],[-95.36675034918,29.7739352548402],[-95.3666299404532,29.773984388207],[-95.3663704658298,29.7741388613196]]},"properties":{"OBJECTID":3655,"Unique_ID":3927,"Full_Name":"CROCKETT ST","Length_Miles":0.36812826,"Council_District":"H","KeyConnect":"N","Maintenance":null,"HoustonBikePlan_FundSource":null,"URL":null,"HC_Status":"Proposed","HC_Class":"Dedicated On-Street - HC","LC_Status":null,"LC_Class":null,"Description":null,"Implementer":"COH","created_user":null,"created_date":null,"last_edited_user":"E167744","last_edited_date":1649166176000,"Proposed_Date":null,"Programmed_Date":null,"Existing_Date":null,"Shape__Length":1943.7172149870912}},{"type":"Feature","id":3656,"geometry":{"type":"LineString","coordinates":[[-95.3931574266981,29.7740110752073],[-95.3934655722855,29.7740157341396],[-95.3936121963159,29.774080819628],[-95.3936688702882,29.774212267811],[-95.3936199810916,29.7743561599602],[-95.3935793031493,29.7745155586563],[-95.3935555889544,29.774690697635],[-95.3935780675984,29.7747982972093],[-95.3936814716271,29.7748469357072],[-95.3937918673811,29.7748892766707]]},"properties":{"OBJECTID":3656,"Unique_ID":3928,"Full_Name":"WICHMAN WHITE OAK CONNECTION","Length_Miles":0.09363829,"Council_District":"C","KeyConnect":"N","Maintenance":null,"HoustonBikePlan_FundSource":null,"URL":null,"HC_Status":"Proposed","HC_Class":"Off-Street","LC_Status":null,"LC_Class":null,"Description":null,"Implementer":"TIRZ 5","created_user":null,"created_date":null,"last_edited_user":"E167744","last_edited_date":1649166176000,"Proposed_Date":null,"Programmed_Date":null,"Existing_Date":null,"Shape__Length":494.41014510911896}},{"type":"Feature","id":3659,"geometry":{"type":"LineString","coordinates":[[-95.3986841069475,29.7750589610034],[-95.3986528356587,29.7750603303697],[-95.3986154791824,29.7750619676722],[-95.3985993442457,29.775062434028],[-95.3985831994044,29.775062419],[-95.3985670663347,29.7750619240735],[-95.3985509585072,29.7750609487079],[-95.3985348996974,29.7750594935419],[-95.3985189084169,29.7750575617812],[-95.3985030012052,29.7750551538701],[-95.3984871975439,29.7750522748455],[-95.3984715149746,29.7750489260816],[-95.3984559740443,29.7750451117412],[-95.3984405911016,29.7750408376795],[-95.3984253836243,29.7750361070744],[-95.3984103709982,29.7750309276681],[-95.3983955686339,29.7750253025827],[-95.3983809968872,29.775019241392],[-95.3983538011737,29.7750074277062],[-95.3983340769672,29.7749992187268],[-95.3983140454078,29.774991597237],[-95.3982937279803,29.774984570133],[-95.3982731502406,29.7749781462253],[-95.3982523367109,29.7749723342967],[-95.3982313089714,29.7749671385377],[-95.3982100915762,29.7749625668294],[-95.3981887113058,29.7749586225995],[-95.3981671896768,29.774955311842],[-95.3977261858879,29.7748941654641],[-95.3977241238119,29.7748933725665]]},"properties":{"OBJECTID":3659,"Unique_ID":3931,"Full_Name":"WHITE OAK BAYOU","Length_Miles":0.05928569,"Council_District":"C","KeyConnect":"N","Maintenance":null,"HoustonBikePlan_FundSource":null,"URL":null,"HC_Status":"Existing","HC_Class":"Off-Street","LC_Status":null,"LC_Class":null,"Description":null,"Implementer":null,"created_user":null,"created_date":null,"last_edited_user":"E167744","last_edited_date":1649166176000,"Proposed_Date":null,"Programmed_Date":null,"Existing_Date":null,"Shape__Length":313.0284181379478}},{"type":"Feature","id":3660,"geometry":{"type":"LineString","coordinates":[[-95.3973229785424,29.7704118963369],[-95.3973307130992,29.7714820437475],[-95.3973306956776,29.7724547148386],[-95.3973779833001,29.7742256732341],[-95.397402247559,29.7750503225069]]},"properties":{"OBJECTID":3660,"Unique_ID":3932,"Full_Name":"HEIGHTS BLVD","Length_Miles":0.31950433,"Council_District":"C","KeyConnect":"N","Maintenance":null,"HoustonBikePlan_FundSource":null,"URL":null,"HC_Status":"Programmed","HC_Class":"Dedicated On-Street - HC","LC_Status":null,"LC_Class":null,"Description":"Bike Lane","Implementer":"TIRZ 5","created_user":null,"created_date":null,"last_edited_user":"E167744","last_edited_date":1649166176000,"Proposed_Date":null,"Programmed_Date":null,"Existing_Date":null,"Shape__Length":1686.9828441328305}},{"type":"Feature","id":3661,"geometry":{"type":"LineString","coordinates":[[-95.397402247559,29.7750503225069],[-95.3973780080977,29.7750500202304],[-95.3972603386679,29.775048550365],[-95.3972393701035,29.775048534579],[-95.3972308810783,29.7750482819957],[-95.3972184137376,29.7750479098248],[-95.3971974912147,29.7750466784894],[-95.3971766284418,29.7750448394641],[-95.3967966344995,29.7750057753395],[-95.3967712452858,29.77500278462],[-95.3967459880507,29.7749990455314],[-95.3967208915792,29.774994563361],[-95.3966959847202,29.7749893415925],[-95.3966712910267,29.7749833871778],[-95.3966468443886,29.7749767073469],[-95.3966226714918,29.7749693082333],[-95.3965987988627,29.7749612004796],[-95.3965752551908,29.7749523920788],[-95.3965520670345,29.7749428927715],[-95.3965292598227,29.7749327149761],[-95.396506862181,29.7749218684893],[-95.3964848974391,29.7749103665756],[-95.3964633930295,29.7748982235127],[-95.3964423702462,29.774885451608],[-95.3964218554563,29.7748720660131],[-95.3964018719252,29.7748580817964],[-95.3963824428551,29.7748435158298],[-95.3963635904142,29.7748283849574],[-95.3963453357686,29.7748127050939],[-95.3963276999893,29.7747964948591],[-95.3963107041148,29.7747797737748],[-95.3962943671804,29.7747625595036],[-95.3962787060261,29.7747448732596],[-95.396270830611,29.7747356592933],[-95.3957497579668,29.7741260978903],[-95.3957066153715,29.7740756290553],[-95.3956295977982,29.7739855296622],[-95.3956175114168,29.7739718922101],[-95.3956048851174,29.7739586301832],[-95.3955917400659,29.7739457594957],[-95.3955780881251,29.7739332958116],[-95.3955639484255,29.773921254088],[-95.3955493359307,29.7739096500722],[-95.3955342677675,29.7738984968619],[-95.3955187651973,29.7738878076661],[-95.3955057298363,29.773879445983]]},"properties":{"OBJECTID":3661,"Unique_ID":5932,"Full_Name":"WHITE OAK BAYOU","Length_Miles":0.14920272,"Council_District":"C","KeyConnect":"N","Maintenance":null,"HoustonBikePlan_FundSource":null,"URL":null,"HC_Status":"Existing","HC_Class":"Off-Street","LC_Status":null,"LC_Class":null,"Description":null,"Implementer":null,"created_user":null,"created_date":null,"last_edited_user":"E167744","last_edited_date":1649169294000,"Proposed_Date":null,"Programmed_Date":null,"Existing_Date":null,"Shape__Length":787.7903861330237}},{"type":"Feature","id":3669,"geometry":{"type":"LineString","coordinates":[[-95.3977241238119,29.7748933725665],[-95.3977285894769,29.7748951616125],[-95.3977381769952,29.7748993494845],[-95.3977475930951,29.7749038206954],[-95.3977611392505,29.7749101793457],[-95.3977749164054,29.7749161497429],[-95.3977889112806,29.7749217270167],[-95.3978031024228,29.7749269033693],[-95.3978174816897,29.774931674971],[-95.3978320306653,29.7749360359108],[-95.3978467350368,29.7749399812908],[-95.3978615773582,29.7749435070313],[-95.3979125423654,29.7749546652859],[-95.3979630646181,29.7749672567728],[-95.3979655286896,29.7749679467367],[-95.3979710848613,29.7749695033145],[-95.3980130928786,29.7749812674782],[-95.3980625758771,29.7749966842902],[-95.3981114625349,29.7750134886859],[-95.3981596995782,29.7750316656943],[-95.39820723499,29.7750511940595],[-95.3982540228914,29.7750720544962],[-95.3983000122988,29.7750942257765],[-95.3983451554887,29.7751176822468],[-95.3983646983064,29.7751293877513],[-95.3983837922663,29.7751416444471],[-95.3984024181738,29.7751544391817],[-95.3984204529092,29.7751676837965],[-95.3984205516657,29.775167758663],[-95.398429638162,29.7751748847039],[-95.3984381798452,29.7751815871996],[-95.3984552783488,29.7751959114999],[-95.3984718322124,29.7752107158165],[-95.3984820354203,29.7752208524336],[-95.3984926112573,29.7752306921607],[-95.398503551804,29.7752402248558],[-95.3985148460079,29.7752494411951],[-95.3985264746424,29.7752583289274],[-95.3985384337955,29.775266881629],[-95.3985507062762,29.7752750880056],[-95.3985632789325,29.7752829395802],[-95.3985761396148,29.7752904288048],[-95.3985892741373,29.7752975471742],[-95.3986026713839,29.7753042871683]]},"properties":{"OBJECTID":3669,"Unique_ID":3941,"Full_Name":"WHITE OAK BAYOU","Length_Miles":0.06073693,"Council_District":"C","KeyConnect":"N","Maintenance":null,"HoustonBikePlan_FundSource":null,"URL":null,"HC_Status":"Existing","HC_Class":"Off-Street","LC_Status":null,"LC_Class":null,"Description":null,"Implementer":null,"created_user":null,"created_date":null,"last_edited_user":"E167744","last_edited_date":1649166176000,"Proposed_Date":null,"Programmed_Date":null,"Existing_Date":null,"Shape__Length":320.6909829905344}},{"type":"Feature","id":3670,"geometry":{"type":"LineString","coordinates":[[-95.3986026713839,29.7753042871683],[-95.3985996790059,29.7753028229832],[-95.3985327335789,29.7752700484132],[-95.3984861674542,29.7752458334511],[-95.3984387430112,29.775222924115],[-95.3983905059696,29.7752013441991],[-95.3983415062795,29.7751811149035],[-95.3982917918234,29.7751622573726],[-95.3982414147459,29.7751447892549],[-95.3981904260622,29.7751287308767],[-95.398137465468,29.7751154502099],[-95.3980840271946,29.7751037128622],[-95.3980301718467,29.7750935312939],[-95.397975958025,29.7750849161061],[-95.3979214474634,29.7750778770818],[-95.3978666967587,29.7750724229629],[-95.397811770937,29.7750685582052],[-95.3977567267224,29.7750662879438],[-95.3976979905063,29.7750641115884],[-95.3976846161928,29.7750634921257],[-95.3976712599417,29.7750626249167],[-95.3975264844159,29.7750518740076],[-95.397402247559,29.7750503225069]]},"properties":{"OBJECTID":3670,"Unique_ID":3942,"Full_Name":"WHITE OAK BAYOU","Length_Miles":0.07544103,"Council_District":"C","KeyConnect":"N","Maintenance":null,"HoustonBikePlan_FundSource":null,"URL":null,"HC_Status":"Existing","HC_Class":"Off-Street","LC_Status":null,"LC_Class":null,"Description":null,"Implementer":null,"created_user":null,"created_date":null,"last_edited_user":"E167744","last_edited_date":1649166176000,"Proposed_Date":null,"Programmed_Date":null,"Existing_Date":null,"Shape__Length":398.32861217810455}},{"type":"Feature","id":3672,"geometry":{"type":"LineString","coordinates":[[-95.4337831120232,29.7763455660897],[-95.4328658075747,29.7754900390331],[-95.432455364373,29.7748581659534],[-95.4321050860962,29.7736021683644]]},"properties":{"OBJECTID":3672,"Unique_ID":3945,"Full_Name":"MEMORIAL PARK","Length_Miles":0.21972258,"Council_District":"C","KeyConnect":"N","Maintenance":null,"HoustonBikePlan_FundSource":null,"URL":null,"HC_Status":"Proposed","HC_Class":"Off-Street","LC_Status":null,"LC_Class":null,"Description":null,"Implementer":"COH","created_user":null,"created_date":null,"last_edited_user":"E167744","last_edited_date":1649166176000,"Proposed_Date":null,"Programmed_Date":null,"Existing_Date":null,"Shape__Length":1160.135198892926}},{"type":"Feature","id":3678,"geometry":{"type":"LineString","coordinates":[[-95.3826995716367,29.7736419722454],[-95.3825831230619,29.7738434169061],[-95.382361238244,29.7740920028194],[-95.3819910340398,29.7743940087817],[-95.3818005902903,29.7745734566746],[-95.381662976974,29.7747384511158],[-95.3816006486791,29.7748480057688],[-95.3814820684068,29.7751275171626],[-95.3814641584043,29.7752371869747]]},"properties":{"OBJECTID":3678,"Unique_ID":3951,"Full_Name":"SAWYER ST","Length_Miles":0.13516317,"Council_District":"H","KeyConnect":"N","Maintenance":null,"HoustonBikePlan_FundSource":null,"URL":null,"HC_Status":"Proposed","HC_Class":"Dedicated On-Street - HC","LC_Status":null,"LC_Class":null,"Description":null,"Implementer":"COH","created_user":null,"created_date":null,"last_edited_user":"E167744","last_edited_date":1649166176000,"Proposed_Date":null,"Programmed_Date":null,"Existing_Date":null,"Shape__Length":713.6615361318164}},{"type":"Feature","id":3680,"geometry":{"type":"LineString","coordinates":[[-95.4174417857339,29.7706578703355],[-95.4174417864613,29.7710069793305],[-95.4174721608901,29.7714112787603],[-95.4175942048569,29.7719169223422],[-95.4178155743433,29.7725003466526],[-95.4179223223644,29.773072611761],[-95.4179682215496,29.7740492033751],[-95.4179835032826,29.7747588061205],[-95.4179909929389,29.7749858227259],[-95.4180138271995,29.7754606715559],[-95.4180597016065,29.7762026772236]]},"properties":{"OBJECTID":3680,"Unique_ID":3953,"Full_Name":"T C JESTER BLVD","Length_Miles":0.38553482,"Council_District":"C","KeyConnect":"N","Maintenance":"COH-NW","HoustonBikePlan_FundSource":null,"URL":null,"HC_Status":"Proposed","HC_Class":"Dedicated On-Street - HC","LC_Status":"Existing","LC_Class":"Shared On-Street - LC","Description":"Signed Bike Route","Implementer":"COH","created_user":null,"created_date":null,"last_edited_user":"E167744","last_edited_date":1649166176000,"Proposed_Date":null,"Programmed_Date":null,"Existing_Date":null,"Shape__Length":2035.623871676917}},{"type":"Feature","id":3682,"geometry":{"type":"LineString","coordinates":[[-95.3770210956856,29.7737001050549],[-95.3770288749519,29.7744478019417],[-95.3770493556033,29.7752073455445]]},"properties":{"OBJECTID":3682,"Unique_ID":3955,"Full_Name":"SILVER ST","Length_Miles":0.10382116,"Council_District":"H","KeyConnect":"N","Maintenance":null,"HoustonBikePlan_FundSource":null,"URL":null,"HC_Status":"Proposed","HC_Class":"Shared On-Street - HC","LC_Status":null,"LC_Class":null,"Description":null,"Implementer":"COH","created_user":null,"created_date":null,"last_edited_user":"E167744","last_edited_date":1649166176000,"Proposed_Date":null,"Programmed_Date":null,"Existing_Date":null,"Shape__Length":548.1757171810295}},{"type":"Feature","id":3690,"geometry":{"type":"LineString","coordinates":[[-95.4321050860962,29.7736021683644],[-95.4319920621461,29.7741280759513],[-95.4319057241915,29.7743657977493],[-95.4318237390935,29.7745964701603],[-95.4317668704139,29.774813482616],[-95.4316991965857,29.7749872178289],[-95.4316024279783,29.775170925244],[-95.4314891244358,29.7753577749194],[-95.4313436236762,29.7755258559016],[-95.4312108077969,29.7756835266907],[-95.4310579801445,29.7758263348956],[-95.4308850123497,29.7759578596413],[-95.4307334342626,29.776064876472],[-95.4305270203806,29.7762134221522],[-95.430243865538,29.7763076556141],[-95.4298929989189,29.7764701870979],[-95.4297694394514,29.7765049105777],[-95.4296627723064,29.7765020689416],[-95.4292825693067,29.7763856861247],[-95.4291335624402,29.7763697504732],[-95.4290103564924,29.7763700502541],[-95.4289238759087,29.7763856652809],[-95.4287561669091,29.7764621341468],[-95.4285424050617,29.7766279915245]]},"properties":{"OBJECTID":3690,"Unique_ID":3963,"Full_Name":"E MEMORIAL LOOP","Length_Miles":0.34090422,"Council_District":"C","KeyConnect":"N","Maintenance":null,"HoustonBikePlan_FundSource":null,"URL":null,"HC_Status":"Proposed","HC_Class":"Shared On-Street - HC","LC_Status":null,"LC_Class":null,"Description":null,"Implementer":"COH","created_user":null,"created_date":null,"last_edited_user":"E167744","last_edited_date":1649166176000,"Proposed_Date":null,"Programmed_Date":null,"Existing_Date":null,"Shape__Length":1799.9742692940342}},{"type":"Feature","id":3691,"geometry":{"type":"LineString","coordinates":[[-95.4237755108557,29.771085876032],[-95.4238047434542,29.7711935372199],[-95.4238294500871,29.771262199543],[-95.4238664180154,29.7713193634273],[-95.4239221134635,29.7713740690551],[-95.4239766346217,29.77141396061],[-95.4241604595052,29.7715356543113],[-95.4242331366809,29.7715893352827],[-95.4243023454524,29.7716633605817],[-95.4243653984771,29.7717318273565],[-95.4246734469908,29.7721014376586],[-95.425498311908,29.7731088793226],[-95.426330013704,29.7741082833904],[-95.4271767531207,29.7751019886924],[-95.4285424050617,29.7766279915245]]},"properties":{"OBJECTID":3691,"Unique_ID":3964,"Full_Name":"WESTCOTT ST","Length_Miles":0.47902803,"Council_District":"C","KeyConnect":"N","Maintenance":"COH-SW","HoustonBikePlan_FundSource":null,"URL":null,"HC_Status":"Proposed","HC_Class":"Dedicated On-Street - HC","LC_Status":null,"LC_Class":null,"Description":null,"Implementer":"COH","created_user":null,"created_date":null,"last_edited_user":"E167744","last_edited_date":1649166176000,"Proposed_Date":null,"Programmed_Date":null,"Existing_Date":null,"Shape__Length":2529.268007549548}},{"type":"Feature","id":3692,"geometry":{"type":"LineString","coordinates":[[-95.3723976423629,29.7737327270062],[-95.3723976725875,29.7744784009632],[-95.3724136375492,29.7752678203303]]},"properties":{"OBJECTID":3692,"Unique_ID":3965,"Full_Name":"HOUSTON AVE","Length_Miles":0.10573127,"Council_District":"H","KeyConnect":"N","Maintenance":null,"HoustonBikePlan_FundSource":null,"URL":null,"HC_Status":"Proposed","HC_Class":"Dedicated On-Street - HC","LC_Status":null,"LC_Class":null,"Description":null,"Implementer":"COH","created_user":null,"created_date":null,"last_edited_user":"E167744","last_edited_date":1649166176000,"Proposed_Date":null,"Programmed_Date":null,"Existing_Date":null,"Shape__Length":558.2611072146055}},{"type":"Feature","id":3695,"geometry":{"type":"LineString","coordinates":[[-95.410689723773,29.7762980387574],[-95.4107431159564,29.7762960268993],[-95.4116510440759,29.7762788927959],[-95.4126123358325,29.7762636007327],[-95.4135811278133,29.7762503628618],[-95.4158471108363,29.7762254848477],[-95.4180597016065,29.7762026772236]]},"properties":{"OBJECTID":3695,"Unique_ID":3968,"Full_Name":"NOLDA ST","Length_Miles":0.44285013,"Council_District":"C","KeyConnect":"N","Maintenance":null,"HoustonBikePlan_FundSource":null,"URL":null,"HC_Status":"Proposed","HC_Class":"Shared On-Street - HC","LC_Status":null,"LC_Class":null,"Description":null,"Implementer":"COH","created_user":null,"created_date":null,"last_edited_user":"E167744","last_edited_date":1649166176000,"Proposed_Date":null,"Programmed_Date":null,"Existing_Date":null,"Shape__Length":2338.2486874665838}},{"type":"Feature","id":3696,"geometry":{"type":"LineString","coordinates":[[-95.3724136375492,29.7752678203303],[-95.3733729248021,29.7752541103709],[-95.3743535919288,29.7752376555863],[-95.3753339205762,29.7752307382498],[-95.3762981749637,29.7752138253448],[-95.3770493556033,29.7752073455445]]},"properties":{"OBJECTID":3696,"Unique_ID":6631,"Full_Name":"MKT","Length_Miles":0.27855702,"Council_District":"H","KeyConnect":"N","Maintenance":null,"HoustonBikePlan_FundSource":null,"URL":null,"HC_Status":"Existing","HC_Class":"Off-Street","LC_Status":null,"LC_Class":null,"Description":null,"Implementer":"COH","created_user":null,"created_date":null,"last_edited_user":"E167744","last_edited_date":1649169294000,"Proposed_Date":null,"Programmed_Date":null,"Existing_Date":null,"Shape__Length":1470.781062234064}},{"type":"Feature","id":3697,"geometry":{"type":"LineString","coordinates":[[-95.4095530019292,29.7763133624971],[-95.4095910719282,29.7763133588095],[-95.410689723773,29.7762980387574]]},"properties":{"OBJECTID":3697,"Unique_ID":3971,"Full_Name":"NOLDA ST","Length_Miles":0.06830407,"Council_District":"C","KeyConnect":"N","Maintenance":null,"HoustonBikePlan_FundSource":null,"URL":null,"HC_Status":"Proposed","HC_Class":"Shared On-Street - HC","LC_Status":null,"LC_Class":null,"Description":null,"Implementer":"COH","created_user":null,"created_date":null,"last_edited_user":"E167744","last_edited_date":1649166176000,"Proposed_Date":null,"Programmed_Date":null,"Existing_Date":null,"Shape__Length":360.64551341485054}},{"type":"Feature","id":3698,"geometry":{"type":"LineString","coordinates":[[-95.3662993284843,29.7746064548584],[-95.3663860591434,29.7746492900289],[-95.3664717384256,29.7746921887067],[-95.3667088204328,29.7748108924855],[-95.3670161904832,29.7749434173285],[-95.3673519340005,29.7750480500778],[-95.3678076782308,29.7751654881632],[-95.368324952871,29.7752463796541],[-95.3691159019339,29.7753299062724],[-95.3692090631463,29.7753276542682],[-95.3694772653088,29.775330143324],[-95.369592306016,29.7753284828715],[-95.3696863164976,29.7753023699894],[-95.3697851168798,29.7752954934528],[-95.3700863090177,29.7752940989332],[-95.3708092053623,29.7752897936379],[-95.371986964456,29.7752739164354],[-95.3724136375492,29.7752678203303]]},"properties":{"OBJECTID":3698,"Unique_ID":5934,"Full_Name":"MKT","Length_Miles":0.37681118,"Council_District":"H","KeyConnect":"N","Maintenance":null,"HoustonBikePlan_FundSource":null,"URL":null,"HC_Status":"Existing","HC_Class":"Off-Street","LC_Status":null,"LC_Class":null,"Description":null,"Implementer":"COH","created_user":null,"created_date":null,"last_edited_user":"E167744","last_edited_date":1649169294000,"Proposed_Date":null,"Programmed_Date":null,"Existing_Date":null,"Shape__Length":1989.5630563263187}},{"type":"Feature","id":3699,"geometry":{"type":"LineString","coordinates":[[-95.4062645708386,29.776366726855],[-95.4073557065633,29.7763361609449],[-95.4084696215054,29.7763265713193],[-95.4095530019292,29.7763133624971]]},"properties":{"OBJECTID":3699,"Unique_ID":3974,"Full_Name":"NOLDA ST","Length_Miles":0.19761632,"Council_District":"C","KeyConnect":"N","Maintenance":null,"HoustonBikePlan_FundSource":null,"URL":null,"HC_Status":"Proposed","HC_Class":"Shared On-Street - HC","LC_Status":null,"LC_Class":null,"Description":null,"Implementer":"COH","created_user":null,"created_date":null,"last_edited_user":"E167744","last_edited_date":1649166176000,"Proposed_Date":null,"Programmed_Date":null,"Existing_Date":null,"Shape__Length":1043.414185455897}},{"type":"Feature","id":3700,"geometry":{"type":"LineString","coordinates":[[-95.4180597016065,29.7762026772236],[-95.4200509764477,29.7761759677048],[-95.4210633043791,29.7761694676839],[-95.4219429590375,29.7765097815341],[-95.4219659988949,29.7765689145502],[-95.4219672818218,29.7767334386982],[-95.4220303475097,29.7768328550222]]},"properties":{"OBJECTID":3700,"Unique_ID":3976,"Full_Name":"NOLDA ST","Length_Miles":0.26174856,"Council_District":"C","KeyConnect":"N","Maintenance":null,"HoustonBikePlan_FundSource":null,"URL":null,"HC_Status":"Proposed","HC_Class":"Shared On-Street - HC","LC_Status":null,"LC_Class":null,"Description":null,"Implementer":"COH","created_user":null,"created_date":null,"last_edited_user":"E167744","last_edited_date":1649166176000,"Proposed_Date":null,"Programmed_Date":null,"Existing_Date":null,"Shape__Length":1382.0323707364373}},{"type":"Feature","id":3705,"geometry":{"type":"LineString","coordinates":[[-95.397402247559,29.7750503225069],[-95.3974069166219,29.7752089914473],[-95.3974374743333,29.7761282915423],[-95.3974401153168,29.7764190511139]]},"properties":{"OBJECTID":3705,"Unique_ID":3981,"Full_Name":"HEIGHTS BLVD","Length_Miles":0.09429605,"Council_District":"C","KeyConnect":"N","Maintenance":null,"HoustonBikePlan_FundSource":null,"URL":null,"HC_Status":"Programmed","HC_Class":"Dedicated On-Street - HC","LC_Status":null,"LC_Class":null,"Description":"Bike Lane","Implementer":"TIRZ 5","created_user":null,"created_date":null,"last_edited_user":"E167744","last_edited_date":1649166176000,"Proposed_Date":null,"Programmed_Date":null,"Existing_Date":null,"Shape__Length":497.8831244613005}},{"type":"Feature","id":3709,"geometry":{"type":"LineString","coordinates":[[-95.4285424050617,29.7766279915245],[-95.4289469375788,29.7770838887834],[-95.4292654820822,29.7774398858482]]},"properties":{"OBJECTID":3709,"Unique_ID":3986,"Full_Name":"WESTCOTT ST","Length_Miles":0.07080878,"Council_District":"C","KeyConnect":"N","Maintenance":"COH-SW","HoustonBikePlan_FundSource":null,"URL":null,"HC_Status":"Proposed","HC_Class":"Dedicated On-Street - HC","LC_Status":null,"LC_Class":null,"Description":null,"Implementer":"COH","created_user":null,"created_date":null,"last_edited_user":"E167744","last_edited_date":1649166176000,"Proposed_Date":null,"Programmed_Date":null,"Existing_Date":null,"Shape__Length":373.8703602765754}},{"type":"Feature","id":3711,"geometry":{"type":"LineString","coordinates":[[-95.3974401153168,29.7764190511139],[-95.3974411196742,29.7765293817467],[-95.3974425317211,29.7766849418744],[-95.3974450127102,29.7769579391532]]},"properties":{"OBJECTID":3711,"Unique_ID":3988,"Full_Name":"HEIGHTS BLVD","Length_Miles":0.03711474,"Council_District":"C","KeyConnect":"N","Maintenance":null,"HoustonBikePlan_FundSource":null,"URL":null,"HC_Status":"Proposed","HC_Class":"Dedicated On-Street - HC","LC_Status":"Existing","LC_Class":"Dedicated On-Street - LC","Description":"Bike Lane","Implementer":"COH","created_user":null,"created_date":null,"last_edited_user":"E167744","last_edited_date":1649166176000,"Proposed_Date":null,"Programmed_Date":null,"Existing_Date":null,"Shape__Length":195.96580610087528}},{"type":"Feature","id":3716,"geometry":{"type":"LineString","coordinates":[[-95.4292654820822,29.7774398858482],[-95.4298395558243,29.7780814486197]]},"properties":{"OBJECTID":3716,"Unique_ID":3993,"Full_Name":"WESTCOTT ST","Length_Miles":0.05605266,"Council_District":"C","KeyConnect":"N","Maintenance":"COH-SW","HoustonBikePlan_FundSource":null,"URL":null,"HC_Status":"Proposed","HC_Class":"Dedicated On-Street - HC","LC_Status":null,"LC_Class":null,"Description":null,"Implementer":"COH","created_user":null,"created_date":null,"last_edited_user":"E167744","last_edited_date":1649166176000,"Proposed_Date":null,"Programmed_Date":null,"Existing_Date":null,"Shape__Length":295.95804307416387}},{"type":"Feature","id":3717,"geometry":{"type":"LineString","coordinates":[[-95.4233559716059,29.7712312263022],[-95.4234086777332,29.7713102131151],[-95.423433002201,29.7713765779984],[-95.4234734392584,29.7715084504114],[-95.4234991588949,29.7715930698109],[-95.4235406434204,29.7716699039319],[-95.4236365313271,29.7718023859608],[-95.4241936616793,29.7724127467946],[-95.424880468973,29.7732327866777],[-95.4250405979755,29.7733968427815],[-95.4259026462601,29.7743944070014],[-95.426207937842,29.7747359800436],[-95.4267724342183,29.775393799683],[-95.4272532250392,29.7759297914189],[-95.4273065943531,29.7759984768521],[-95.4275251573931,29.7762345634835],[-95.427855822312,29.7765917375699],[-95.4283822009024,29.7770170204938],[-95.4288933680996,29.7774045740678]]},"properties":{"OBJECTID":3717,"Unique_ID":6632,"Full_Name":"WASHINGTON AVE","Length_Miles":0.54304963,"Council_District":"C","KeyConnect":"N","Maintenance":null,"HoustonBikePlan_FundSource":null,"URL":null,"HC_Status":"Proposed","HC_Class":"Dedicated On-Street - HC","LC_Status":null,"LC_Class":null,"Description":null,"Implementer":"COH","created_user":null,"created_date":null,"last_edited_user":"E167744","last_edited_date":1649169294000,"Proposed_Date":null,"Programmed_Date":null,"Existing_Date":null,"Shape__Length":2867.3020346718336}},{"type":"Feature","id":3718,"geometry":{"type":"LineString","coordinates":[[-95.4284889850237,29.7779708051982],[-95.4298395558243,29.7780814486197]]},"properties":{"OBJECTID":3718,"Unique_ID":3995,"Full_Name":"KATY FWY","Length_Miles":0.0814996,"Council_District":"C","KeyConnect":"N","Maintenance":null,"HoustonBikePlan_FundSource":null,"URL":null,"HC_Status":"Proposed","HC_Class":"Dedicated On-Street - HC","LC_Status":null,"LC_Class":null,"Description":null,"Implementer":"COH","created_user":null,"created_date":null,"last_edited_user":"E167744","last_edited_date":1649166176000,"Proposed_Date":null,"Programmed_Date":null,"Existing_Date":null,"Shape__Length":430.31787303239173}},{"type":"Feature","id":3719,"geometry":{"type":"LineString","coordinates":[[-95.4220863024894,29.7777989799441],[-95.4220820930289,29.7773755185558],[-95.4220786386211,29.7772397364151]]},"properties":{"OBJECTID":3719,"Unique_ID":6635,"Full_Name":"COHN BRIDGE","Length_Miles":0.03851887,"Council_District":"C","KeyConnect":"N","Maintenance":null,"HoustonBikePlan_FundSource":null,"URL":null,"HC_Status":"Existing","HC_Class":"Off-Street","LC_Status":null,"LC_Class":null,"Description":null,"Implementer":"COH","created_user":null,"created_date":null,"last_edited_user":"E167744","last_edited_date":1649169294000,"Proposed_Date":null,"Programmed_Date":null,"Existing_Date":null,"Shape__Length":203.37965443692758}},{"type":"Feature","id":3721,"geometry":{"type":"LineString","coordinates":[[-95.4107281803531,29.7776790727357],[-95.4107282924869,29.7776836485755],[-95.4107285907336,29.7776965491461]]},"properties":{"OBJECTID":3721,"Unique_ID":4001,"Full_Name":"DURHAM DR","Length_Miles":0.00120386,"Council_District":"C","KeyConnect":"N","Maintenance":"COH-NW","HoustonBikePlan_FundSource":null,"URL":null,"HC_Status":"Proposed","HC_Class":"Dedicated On-Street - HC","LC_Status":null,"LC_Class":null,"Description":null,"Implementer":"COH","created_user":null,"created_date":null,"last_edited_user":"E167744","last_edited_date":1649166176000,"Proposed_Date":null,"Programmed_Date":null,"Existing_Date":null,"Shape__Length":6.356405990595194}},{"type":"Feature","id":3731,"geometry":{"type":"LineString","coordinates":[[-95.4284889850237,29.7779708051982],[-95.4278786497246,29.7779420255774],[-95.4273599640758,29.7779059648215],[-95.4270852645275,29.77791920228],[-95.4268869930023,29.777951641606],[-95.4266503504317,29.7780565999527],[-95.426574179688,29.7781882575697],[-95.426558896963,29.7783961055152]]},"properties":{"OBJECTID":3731,"Unique_ID":4011,"Full_Name":"SHERWIN ST","Length_Miles":0.13708373,"Council_District":"C","KeyConnect":"N","Maintenance":null,"HoustonBikePlan_FundSource":null,"URL":null,"HC_Status":"Proposed","HC_Class":"Dedicated On-Street - HC","LC_Status":null,"LC_Class":null,"Description":null,"Implementer":"COH","created_user":null,"created_date":null,"last_edited_user":"E167744","last_edited_date":1649166176000,"Proposed_Date":null,"Programmed_Date":null,"Existing_Date":null,"Shape__Length":723.8020723277932}},{"type":"Feature","id":3732,"geometry":{"type":"LineString","coordinates":[[-95.3662993284843,29.7746064548584],[-95.3662544952234,29.7747158227564],[-95.3662439699276,29.7748652847573],[-95.3662391349854,29.7749702381503],[-95.3662434898668,29.7750324522666],[-95.3662774108024,29.7752483196789],[-95.3663200503349,29.7754653775757],[-95.3663423963209,29.7755758457265],[-95.3663923615142,29.7758332264869],[-95.366438095617,29.7759634345019],[-95.3665034541002,29.7760960854949],[-95.3667565186203,29.7764621467811],[-95.3667875811068,29.776506813185],[-95.3669167488435,29.7767238650856],[-95.3670136315089,29.7768309448984]]},"properties":{"OBJECTID":3732,"Unique_ID":4012,"Full_Name":"WHITE OAK BAYOU","Length_Miles":0.16431571,"Council_District":"H","KeyConnect":"N","Maintenance":null,"HoustonBikePlan_FundSource":null,"URL":null,"HC_Status":"Existing","HC_Class":"Off-Street","LC_Status":null,"LC_Class":null,"Description":null,"Implementer":"COH","created_user":null,"created_date":null,"last_edited_user":"E167744","last_edited_date":1649166176000,"Proposed_Date":null,"Programmed_Date":null,"Existing_Date":null,"Shape__Length":867.5869491452409}},{"type":"Feature","id":3734,"geometry":{"type":"LineString","coordinates":[[-95.4220863024894,29.7777989799441],[-95.4219963492982,29.7783408941833]]},"properties":{"OBJECTID":3734,"Unique_ID":4014,"Full_Name":"COHN ST","Length_Miles":0.03771126,"Council_District":"C","KeyConnect":"N","Maintenance":null,"HoustonBikePlan_FundSource":null,"URL":null,"HC_Status":"Proposed","HC_Class":"Shared On-Street - HC","LC_Status":null,"LC_Class":null,"Description":null,"Implementer":"COH","created_user":null,"created_date":null,"last_edited_user":"E167744","last_edited_date":1649166176000,"Proposed_Date":null,"Programmed_Date":null,"Existing_Date":null,"Shape__Length":199.1154665630266}},{"type":"Feature","id":3737,"geometry":{"type":"LineString","coordinates":[[-95.391440128172,29.769793938632],[-95.3914101034994,29.7699026235597],[-95.3913416619521,29.7700723832261],[-95.3912042821311,29.7703851866179],[-95.3910669532694,29.7706905018761],[-95.390906771643,29.7710298103715],[-95.3907313142905,29.7715657540333],[-95.3906701345644,29.7721857148987],[-95.3906473241796,29.7727654945734],[-95.3906756209344,29.7736780308647],[-95.3906494270559,29.7739719647298],[-95.3906011961597,29.7741728638456],[-95.3905657099425,29.7742791899005],[-95.390526514248,29.774416567665],[-95.3904876349064,29.7745204436628],[-95.3904203772248,29.774692317981],[-95.3903593642338,29.7748020788716],[-95.3902707676238,29.7749316195979],[-95.3901056164316,29.7751421174385],[-95.3892511106399,29.7760767453418],[-95.389014534625,29.7763323089648],[-95.3887559431604,29.7765927445498],[-95.3886273295308,29.7767198880363],[-95.3884730545875,29.7768723969065],[-95.3881143935067,29.7772269518493],[-95.3878042041038,29.7775280850827]]},"properties":{"OBJECTID":3737,"Unique_ID":4017,"Full_Name":"STUDEMONT ST","Length_Miles":0.59812261,"Council_District":"C","KeyConnect":"N","Maintenance":null,"HoustonBikePlan_FundSource":null,"URL":null,"HC_Status":"Proposed","HC_Class":"Dedicated On-Street - HC","LC_Status":null,"LC_Class":null,"Description":null,"Implementer":"COH","created_user":null,"created_date":null,"last_edited_user":"E167744","last_edited_date":1649166176000,"Proposed_Date":null,"Programmed_Date":null,"Existing_Date":null,"Shape__Length":3158.087403718361}},{"type":"Feature","id":3738,"geometry":{"type":"LineString","coordinates":[[-95.3814641584043,29.7752371869747],[-95.3816582784205,29.7752201307315],[-95.3821733120811,29.7752101527611],[-95.3830989380575,29.775201701021],[-95.3837341438233,29.7751997362582],[-95.3841185705429,29.7751671198862],[-95.3842978970561,29.775205394484],[-95.384504236371,29.7752539504377],[-95.3847481910837,29.7753226273824],[-95.3849102642933,29.775384318268],[-95.3852561207318,29.7755130618774],[-95.3854765048029,29.7756288667983],[-95.3856570774822,29.7757865876836],[-95.3857316301749,29.7758459171327],[-95.3858552446968,29.7759113465084],[-95.3860492925738,29.7759977816919],[-95.3861455563097,29.7760624723297],[-95.3862780823022,29.7761854604169],[-95.3863781260484,29.7762980196832],[-95.3872815099096,29.7770722974137],[-95.3877355052085,29.7774681807993],[-95.3878042041038,29.7775280850827]]},"properties":{"OBJECTID":3738,"Unique_ID":4018,"Full_Name":"MKT TRAIL","Length_Miles":0.44008757,"Council_District":"H","KeyConnect":"N","Maintenance":null,"HoustonBikePlan_FundSource":null,"URL":null,"HC_Status":"Existing","HC_Class":"Off-Street","LC_Status":null,"LC_Class":null,"Description":null,"Implementer":"COH","created_user":null,"created_date":null,"last_edited_user":"E167744","last_edited_date":1649166176000,"Proposed_Date":null,"Programmed_Date":null,"Existing_Date":null,"Shape__Length":2323.6623653187307}},{"type":"Feature","id":3739,"geometry":{"type":"LineString","coordinates":[[-95.3669900246932,29.7769704839987],[-95.3669915743011,29.7769487962013],[-95.3670014297698,29.7769227760171],[-95.3670089362981,29.776900099709],[-95.3670125700088,29.7768763444416],[-95.3670136315089,29.7768309448984]]},"properties":{"OBJECTID":3739,"Unique_ID":4019,"Full_Name":"WHITE OAK BAYOU","Length_Miles":0.00978731,"Council_District":"H","KeyConnect":"N","Maintenance":null,"HoustonBikePlan_FundSource":null,"URL":null,"HC_Status":"Proposed","HC_Class":"Off-Street","LC_Status":null,"LC_Class":null,"Description":null,"Implementer":null,"created_user":null,"created_date":null,"last_edited_user":"E167744","last_edited_date":1649166176000,"Proposed_Date":null,"Programmed_Date":null,"Existing_Date":null,"Shape__Length":51.676988097025486}},{"type":"Feature","id":3740,"geometry":{"type":"LineString","coordinates":[[-95.3670136315089,29.7768309448984],[-95.3670528393561,29.7768742803589],[-95.3671700606723,29.7769959180041]]},"properties":{"OBJECTID":3740,"Unique_ID":4021,"Full_Name":"WHITE OAK BAYOU","Length_Miles":0.01474653,"Council_District":"H","KeyConnect":"N","Maintenance":null,"HoustonBikePlan_FundSource":null,"URL":null,"HC_Status":"Existing","HC_Class":"Off-Street","LC_Status":null,"LC_Class":null,"Description":null,"Implementer":"COH","created_user":null,"created_date":null,"last_edited_user":"E167744","last_edited_date":1649166176000,"Proposed_Date":null,"Programmed_Date":null,"Existing_Date":null,"Shape__Length":77.8617016386035}},{"type":"Feature","id":3741,"geometry":{"type":"LineString","coordinates":[[-95.3671700606723,29.7769959180041],[-95.3671033122515,29.7769678131598],[-95.3670714353592,29.7769632580618],[-95.3670381446645,29.7769644651426],[-95.3669900246932,29.7769704839987]]},"properties":{"OBJECTID":3741,"Unique_ID":4022,"Full_Name":"WHITE OAK BAYOU","Length_Miles":0.01131621,"Council_District":"H","KeyConnect":"N","Maintenance":null,"HoustonBikePlan_FundSource":null,"URL":null,"HC_Status":"Existing","HC_Class":"Off-Street","LC_Status":null,"LC_Class":null,"Description":null,"Implementer":null,"created_user":null,"created_date":null,"last_edited_user":"E167744","last_edited_date":1649166176000,"Proposed_Date":null,"Programmed_Date":null,"Existing_Date":null,"Shape__Length":59.749588702265044}},{"type":"Feature","id":3742,"geometry":{"type":"LineString","coordinates":[[-95.4180597016065,29.7762026772236],[-95.4180825182992,29.7769330423661],[-95.4180743613536,29.7772917886923],[-95.4180709784197,29.777440587796],[-95.4180681197699,29.7775663264485],[-95.4180597071688,29.7779363562314],[-95.4180672262946,29.7783751171418]]},"properties":{"OBJECTID":3742,"Unique_ID":4023,"Full_Name":"T C JESTER BLVD","Length_Miles":0.14965302,"Council_District":"C","KeyConnect":"N","Maintenance":"COH-NW","HoustonBikePlan_FundSource":null,"URL":null,"HC_Status":"Proposed","HC_Class":"Dedicated On-Street - HC","LC_Status":"Existing","LC_Class":"Shared On-Street - LC","Description":"Signed Bike Route","Implementer":"COH","created_user":null,"created_date":null,"last_edited_user":"E167744","last_edited_date":1649166176000,"Proposed_Date":null,"Programmed_Date":null,"Existing_Date":null,"Shape__Length":790.1679369288322}},{"type":"Feature","id":3743,"geometry":{"type":"LineString","coordinates":[[-95.4180672262946,29.7783751171418],[-95.4183419487989,29.7783826452285],[-95.4200815030866,29.7783598128998],[-95.4219963492982,29.7783408941833]]},"properties":{"OBJECTID":3743,"Unique_ID":4024,"Full_Name":"CORNISH ST","Length_Miles":0.23608912,"Council_District":"C","KeyConnect":"N","Maintenance":null,"HoustonBikePlan_FundSource":null,"URL":null,"HC_Status":"Proposed","HC_Class":"Shared On-Street - HC","LC_Status":null,"LC_Class":null,"Description":null,"Implementer":"COH","created_user":null,"created_date":null,"last_edited_user":"E167744","last_edited_date":1649166176000,"Proposed_Date":null,"Programmed_Date":null,"Existing_Date":null,"Shape__Length":1246.550556287204}},{"type":"Feature","id":3750,"geometry":{"type":"LineString","coordinates":[[-95.4159004746182,29.77840933933],[-95.4180672262946,29.7783751171418]]},"properties":{"OBJECTID":3750,"Unique_ID":4031,"Full_Name":"CORNISH ST","Length_Miles":0.13019977,"Council_District":"C","KeyConnect":"N","Maintenance":null,"HoustonBikePlan_FundSource":null,"URL":null,"HC_Status":"Proposed","HC_Class":"Shared On-Street - HC","LC_Status":null,"LC_Class":null,"Description":null,"Implementer":"COH","created_user":null,"created_date":null,"last_edited_user":"E167744","last_edited_date":1649166176000,"Proposed_Date":null,"Programmed_Date":null,"Existing_Date":null,"Shape__Length":687.454787769357}},{"type":"Feature","id":3757,"geometry":{"type":"LineString","coordinates":[[-95.4107431246165,29.7784761772816],[-95.4107887679553,29.7784761910126],[-95.4116968757003,29.7784590609009],[-95.4126504274635,29.778447654317],[-95.4136117096588,29.7784437972107],[-95.4159004746182,29.77840933933]]},"properties":{"OBJECTID":3757,"Unique_ID":4038,"Full_Name":"CORNISH ST","Length_Miles":0.30989265,"Council_District":"C","KeyConnect":"N","Maintenance":null,"HoustonBikePlan_FundSource":null,"URL":null,"HC_Status":"Proposed","HC_Class":"Shared On-Street - HC","LC_Status":null,"LC_Class":null,"Description":null,"Implementer":"COH","created_user":null,"created_date":null,"last_edited_user":"E167744","last_edited_date":1649166176000,"Proposed_Date":null,"Programmed_Date":null,"Existing_Date":null,"Shape__Length":1636.2331954807455}},{"type":"Feature","id":3758,"geometry":{"type":"LineString","coordinates":[[-95.4096369325495,29.7784914832396],[-95.4107431246165,29.7784761772816]]},"properties":{"OBJECTID":3758,"Unique_ID":4040,"Full_Name":"CORNISH ST","Length_Miles":0.06646832,"Council_District":"C","KeyConnect":"N","Maintenance":null,"HoustonBikePlan_FundSource":null,"URL":null,"HC_Status":"Proposed","HC_Class":"Shared On-Street - HC","LC_Status":null,"LC_Class":null,"Description":null,"Implementer":"COH","created_user":null,"created_date":null,"last_edited_user":"E167744","last_edited_date":1649166176000,"Proposed_Date":null,"Programmed_Date":null,"Existing_Date":null,"Shape__Length":350.9527120440284}},{"type":"Feature","id":3761,"geometry":{"type":"LineString","coordinates":[[-95.3986026713839,29.7753042871683],[-95.3986524662534,29.7753286655782],[-95.3987341650334,29.7753686624195],[-95.3987427085131,29.7753729999847],[-95.3987510917266,29.7753775688358],[-95.3987593054979,29.7753823651157],[-95.3987673438157,29.775387383247],[-95.3987751975358,29.7753926184706],[-95.3987828595815,29.7753980660833],[-95.3987903218422,29.7754037213537],[-95.3987975773366,29.775409576873],[-95.3988994452248,29.7754944224341],[-95.3989635632814,29.7755527463318],[-95.3990088711558,29.7755989791876],[-95.3990322292692,29.7756228122828],[-95.3991684301508,29.7757617844547],[-95.3991971653861,29.7757901100849],[-95.3992269994659,29.7758175571606],[-95.3992578962588,29.7758440940201],[-95.3996202611836,29.7761447778798],[-95.3997766589742,29.7762743103988],[-95.4000114396739,29.7764665678812],[-95.4000317063626,29.7764831642006],[-95.4002393023611,29.776653160885],[-95.4002965835048,29.776701281876],[-95.4004512101161,29.7768311775787],[-95.4004814689669,29.7768632889449],[-95.4005104899948,29.7768962597837],[-95.4005382403273,29.7769300540092],[-95.4005646861535,29.7769646328027],[-95.4005898019006,29.7769999584693],[-95.4006135588943,29.7770359932309],[-95.400635930623,29.7770726966592],[-95.4006568937082,29.7771100275075],[-95.4006736653209,29.7771485564369],[-95.4006917846198,29.7771912647435],[-95.4007083369707,29.7772344536009],[-95.4007233010938,29.7772780809162],[-95.4007366651078,29.7773221021408],[-95.4007484171636,29.7773664718241],[-95.4009410450964,29.7780275210347],[-95.4009496876814,29.7780551559148],[-95.4009594213858,29.7780825122903],[-95.4009702401199,29.7781095575018],[-95.4009821274563,29.7781362586123],[-95.4009950710709,29.7781625836977],[-95.4010090555381,29.7781885007506],[-95.4010240602319,29.7782139785263],[-95.4010400727642,29.7782389869044],[-95.4010570683421,29.7782634954311],[-95.4010750294086,29.7782874738468],[-95.40109393521,29.7783108945144],[-95.4011137588539,29.7783337278264]]},"properties":{"OBJECTID":3761,"Unique_ID":4044,"Full_Name":"WHITE OAK BAYOU","Length_Miles":0.26546744,"Council_District":"C","KeyConnect":"N","Maintenance":null,"HoustonBikePlan_FundSource":null,"URL":null,"HC_Status":"Existing","HC_Class":"Off-Street","LC_Status":null,"LC_Class":null,"Description":null,"Implementer":null,"created_user":null,"created_date":null,"last_edited_user":"E167744","last_edited_date":1649166176000,"Proposed_Date":null,"Programmed_Date":null,"Existing_Date":null,"Shape__Length":1401.668106560941}},{"type":"Feature","id":3762,"geometry":{"type":"LineString","coordinates":[[-95.426558896963,29.7783961055152],[-95.4265741514561,29.7784857778553],[-95.4265741747456,29.7788366992592],[-95.4265741619084,29.7790196955052]]},"properties":{"OBJECTID":3762,"Unique_ID":4045,"Full_Name":"SHERWIN ST","Length_Miles":0.04301471,"Council_District":"C","KeyConnect":"N","Maintenance":null,"HoustonBikePlan_FundSource":null,"URL":null,"HC_Status":"Proposed","HC_Class":"Shared On-Street - HC","LC_Status":null,"LC_Class":null,"Description":null,"Implementer":"COH","created_user":null,"created_date":null,"last_edited_user":"E167744","last_edited_date":1649166176000,"Proposed_Date":null,"Programmed_Date":null,"Existing_Date":null,"Shape__Length":227.11764869940802}},{"type":"Feature","id":3765,"geometry":{"type":"LineString","coordinates":[[-95.4062876226201,29.7785544760636],[-95.4074090621144,29.7785256983613],[-95.4084924149263,29.7785124507133],[-95.4095148656477,29.7784932832591],[-95.4096369325495,29.7784914832396]]},"properties":{"OBJECTID":3765,"Unique_ID":4048,"Full_Name":"CORNISH ST","Length_Miles":0.20127705,"Council_District":"C","KeyConnect":"N","Maintenance":null,"HoustonBikePlan_FundSource":null,"URL":null,"HC_Status":"Proposed","HC_Class":"Shared On-Street - HC","LC_Status":null,"LC_Class":null,"Description":null,"Implementer":"COH","created_user":null,"created_date":null,"last_edited_user":"E167744","last_edited_date":1649166176000,"Proposed_Date":null,"Programmed_Date":null,"Existing_Date":null,"Shape__Length":1062.7428210739056}},{"type":"Feature","id":3771,"geometry":{"type":"LineString","coordinates":[[-95.4220040969065,29.7790730873955],[-95.4233696983662,29.7790580446191],[-95.4242929155813,29.7790463954815],[-95.4265741619084,29.7790196955052]]},"properties":{"OBJECTID":3771,"Unique_ID":4055,"Full_Name":"LARKIN ST","Length_Miles":0.27459241,"Council_District":"C","KeyConnect":"N","Maintenance":null,"HoustonBikePlan_FundSource":null,"URL":null,"HC_Status":"Proposed","HC_Class":"Shared On-Street - HC","LC_Status":null,"LC_Class":null,"Description":null,"Implementer":"COH","created_user":null,"created_date":null,"last_edited_user":"E167744","last_edited_date":1649166176000,"Proposed_Date":null,"Programmed_Date":null,"Existing_Date":null,"Shape__Length":1449.8479355677164}},{"type":"Feature","id":3772,"geometry":{"type":"LineString","coordinates":[[-95.4219963492982,29.7783408941833],[-95.4220040840601,29.7789092552991],[-95.4220040969065,29.7790730873955]]},"properties":{"OBJECTID":3772,"Unique_ID":4056,"Full_Name":"COHN ST","Length_Miles":0.05042941,"Council_District":"C","KeyConnect":"N","Maintenance":null,"HoustonBikePlan_FundSource":null,"URL":null,"HC_Status":"Proposed","HC_Class":"Shared On-Street - HC","LC_Status":null,"LC_Class":null,"Description":null,"Implementer":"COH","created_user":null,"created_date":null,"last_edited_user":"E167744","last_edited_date":1649166176000,"Proposed_Date":null,"Programmed_Date":null,"Existing_Date":null,"Shape__Length":266.2672849782308}},{"type":"Feature","id":3776,"geometry":{"type":"LineString","coordinates":[[-95.4180672262946,29.7783751171418],[-95.4180825332259,29.7789701958891],[-95.4180902458931,29.7791150697727]]},"properties":{"OBJECTID":3776,"Unique_ID":4060,"Full_Name":"T C JESTER BLVD","Length_Miles":0.05098212,"Council_District":"C","KeyConnect":"N","Maintenance":"COH-NW","HoustonBikePlan_FundSource":null,"URL":null,"HC_Status":"Proposed","HC_Class":"Dedicated On-Street - HC","LC_Status":"Existing","LC_Class":"Shared On-Street - LC","Description":"Signed Bike Route","Implementer":"COH","created_user":null,"created_date":null,"last_edited_user":"E167744","last_edited_date":1649166176000,"Proposed_Date":null,"Programmed_Date":null,"Existing_Date":null,"Shape__Length":269.18559119791416}},{"type":"Feature","id":3780,"geometry":{"type":"LineString","coordinates":[[-95.3937918673811,29.7748892766707],[-95.3937619501292,29.7749409015605],[-95.3937353919062,29.7749825350561],[-95.3937071970623,29.7750233409997],[-95.3936773973593,29.7750632696961],[-95.3936460306978,29.7751022734208],[-95.3936131338814,29.7751403062249],[-95.3935787468147,29.7751773222431],[-95.3935429104364,29.7752132756377],[-95.3935056655259,29.7752481250802],[-95.3934670601627,29.7752818276332],[-95.393427141297,29.7753143430367],[-95.3933859516806,29.7753456327232],[-95.3933435464702,29.7753756584591],[-95.3932999735227,29.7754043836195],[-95.3932552857366,29.7754317753262],[-95.3932095370758,29.7754577998265],[-95.3931627824428,29.7754824261014],[-95.3931150777419,29.7755056240615],[-95.393066481883,29.7755273664061],[-95.3930479361151,29.7755349677064],[-95.3930089746866,29.7755506435131],[-95.3929668438396,29.7755663811375],[-95.3929159212563,29.7755836070953],[-95.3928643457478,29.7755992827485],[-95.392812179007,29.7756133898984],[-95.3927594836653,29.7756259130795],[-95.3927063234514,29.7756368350509],[-95.3926527608692,29.7756461439544],[-95.3925988594564,29.7756538279599],[-95.3925446857242,29.7756598789281],[-95.3924903051504,29.7756642886919],[-95.3924357810493,29.7756670517342],[-95.3923811797412,29.7756681653266],[-95.3923265706155,29.7756676277263],[-95.3922720105611,29.7756654395621],[-95.392217571877,29.7756616045854],[-95.3921633186247,29.7756561254237],[-95.3921093157074,29.775649010143],[-95.3920812668203,29.7756440134429],[-95.3920530365163,29.775639874793],[-95.3920246546769,29.7756365977059],[-95.391996161457,29.7756341877758],[-95.3919675878034,29.7756326476411],[-95.3919389729648,29.7756319792611],[-95.3919103459165,29.7756321825132],[-95.391881745939,29.7756332584549],[-95.391853203137,29.7756352042864],[-95.3918247579205,29.7756380183875],[-95.3917964434954,29.7756416980417],[-95.3917682921294,29.7756462377993],[-95.3917403432945,29.7756516333073],[-95.3917126221185,29.7756578762157],[-95.3916851702364,29.7756649595218],[-95.3916580189782,29.7756728750427],[-95.391631202807,29.7756816137773],[-95.3916164126613,29.7756863254982],[-95.3916014495003,29.7756906046995],[-95.3915863331242,29.7756944474009],[-95.3915710771631,29.7756978485534],[-95.3915557034527,29.7757008051344],[-95.3915402204227,29.7757033128573],[-95.3915246529461,29.7757053705867],[-95.391509014621,29.7757069741752],[-95.3914933241186,29.7757081223204],[-95.391477599012,29.7757088154953],[-95.3914618559687,29.7757090505381],[-95.3914461125621,29.7757088279219],[-95.3914303863655,29.77570814812],[-95.3914146959543,29.7757070125352],[-95.3913990558006,29.7757054215571],[-95.3913834854816,29.7757033775183],[-95.3913680025387,29.7757008817937],[-95.3913526244177,29.7756979384637],[-95.3913373634915,29.7756945487643],[-95.3913146908385,29.77568911626],[-95.3912918194953,29.7756843572001],[-95.3912687761788,29.7756802768171],[-95.3912455876055,29.7756768803436],[-95.3912222784567,29.7756741720548],[-95.3911988786459,29.7756721545615],[-95.3911754150173,29.7756708294893],[-95.3911519122841,29.7756702002115],[-95.3911283984198,29.7756702656761],[-95.3911049013345,29.7756710266347],[-95.3910814490018,29.7756724820352],[-95.3910580631931,29.7756746306588],[-95.3910347761128,29.7756774688594],[-95.3910116136991,29.7756809946276],[-95.3909885988847,29.775685203165],[-95.3909657618385,29.7756900898683],[-95.3909431286264,29.775695649121],[-95.3909207242807,29.7757018752785],[-95.3908985749947,29.7757087591174],[-95.3908767078682,29.7757162950487],[-95.3908551428926,29.775724473682],[-95.390833907359,29.7757332840176],[-95.3908130294647,29.7757427186914],[-95.3907925282949,29.7757527646774],[-95.3907724290737,29.7757634109208],[-95.3907527559911,29.7757746463385],[-95.3907088262866,29.7757990409507],[-95.390663994033,29.7758221565475],[-95.3906603376951,29.7758239022044],[-95.390618311875,29.7758439674659],[-95.3905718292919,29.7758644497635],[-95.3905245967335,29.775883581329],[-95.3905141761718,29.7758874420646],[-95.3904766646176,29.7759013409531],[-95.3904280874334,29.7759177093414],[-95.3903789144055,29.7759326697659],[-95.3903639083881,29.7759383034686],[-95.3903491259985,29.7759443719552],[-95.3903345829977,29.7759508684292],[-95.3903202993134,29.7759577853033],[-95.3903062876376,29.7759651147956],[-95.3902925647968,29.7759728492357],[-95.3902791456141,29.7759809790934],[-95.3902660458825,29.7759894966704],[-95.3902532815226,29.775998390661],[-95.3902408631908,29.7760076523259],[-95.3902288068076,29.7760172703593],[-95.3902171251289,29.7760272351757],[-95.3902058351092,29.7760375354974],[-95.3901949423638,29.7760481588384],[-95.3901844638472,29.776059093921],[-95.3901744103436,29.7760703283986],[-95.3901647936707,29.7760818499523],[-95.390155623579,29.7760936462077],[-95.3901469109483,29.7761057021127],[-95.3901386644635,29.7761180061669],[-95.3900615907891,29.7762375550923],[-95.39004327932,29.7762639890257],[-95.3900334238043,29.7762768202114],[-95.3900231144983,29.7762893755968],[-95.3900123631237,29.7763016455684],[-95.390001175328,29.7763136167382],[-95.38998956603,29.7763252768708],[-95.3899775449164,29.7763366153952],[-95.3899254271907,29.776381997138],[-95.3898860055279,29.7764163230061],[-95.3898569892887,29.7764449373218],[-95.3898291283797,29.7764744113935],[-95.3898024540562,29.7765047099574],[-95.3897770007384,29.7765357960299],[-95.3897527935432,29.7765676323766],[-95.3897298668913,29.7766001820138],[-95.3897082449938,29.7766334040722],[-95.3896879561329,29.7766672595971],[-95.3896690244882,29.776701708621],[-95.3896514722675,29.7767367084151],[-95.3896353175118,29.776772217041],[-95.389620584433,29.7768081936292],[-95.3896072891006,29.7768445934801],[-95.3895954465186,29.776881372768],[-95.3895773311341,29.7769463689386],[-95.3895618772237,29.7770118854268],[-95.3895491042691,29.7770778397137],[-95.389539026615,29.7771441482392],[-95.3895373441261,29.7771525382473],[-95.3895108667456,29.7772847430629],[-95.3895067349377,29.7773034548672],[-95.3895018629579,29.7773220302881],[-95.3894962557389,29.7773404468921],[-95.3894899212507,29.7773586841325],[-95.389482867591,29.7773767178556],[-95.3894750995968,29.7773945283334],[-95.3894666284031,29.7774120932991],[-95.3894574671807,29.7774293914437],[-95.389447622866,29.7774464021928],[-95.3894371106652,29.7774631051949],[-95.3894171216583,29.7774935982331],[-95.3894165299084,29.7774945011961],[-95.3894115619573,29.7775024001038],[-95.389406887252,29.7775104332836],[-95.3894025111846,29.7775185945622],[-95.3893984382413,29.7775268741314],[-95.3893946718107,29.7775352639585],[-95.3893912174128,29.7775437542631],[-95.3893880794378,29.7775523379421],[-95.3893852572034,29.777561005048],[-95.3893827572313,29.7775697467299],[-95.3893805798408,29.7775785539698],[-95.3893705411798,29.777624348833],[-95.3893687483053,29.7776331673347],[-95.3893672859512,29.7776420317498],[-95.3893661554387,29.7776509339902],[-95.3893653561172,29.7776598632064],[-95.3893509195843,29.7778642294581],[-95.3893499911419,29.7778821546889],[-95.389349730527,29.7779000970089],[-95.3893501425454,29.777918037592],[-95.3893512258323,29.7779359565429],[-95.3893529779572,29.7779538348402],[-95.3893553954239,29.7779716543366],[-95.389358479969,29.7779893952203],[-95.3893622270946,29.7780070384144],[-95.3894037411937,29.7781861861342],[-95.3894051192853,29.7781927088534],[-95.3894062394446,29.7781992688539],[-95.3894064517233,29.7782009011612],[-95.3894073914609,29.7782397696252],[-95.3894067676276,29.7782455830818],[-95.3894058001094,29.7782521608566],[-95.3894045709141,29.7782587063071],[-95.3894030834621,29.7782652104991],[-95.3894013411101,29.7782716663016],[-95.3893993441452,29.7782780655984],[-95.3893970969261,29.7782844021885],[-95.3893945998036,29.7782906661519],[-95.3893918581382,29.7782968522172],[-95.3893888742844,29.7783029523237],[-95.3893856485297,29.7783089583556],[-95.3893821883338,29.7783148641948],[-95.3893784991205,29.7783206627665],[-95.3893745821792,29.778326346884],[-95.3893704408663,29.7783319094165],[-95.3893660836434,29.7783373451759],[-95.3893615149329,29.7783426461576],[-95.3893567411285,29.7783478071177],[-95.3893517624858,29.7783528208419],[-95.3893465916013,29.7783576822536],[-95.3893412307338,29.7783623859976],[-95.3893356894427,29.7783669251103],[-95.3893299689212,29.7783712951105],[-95.3893240807321,29.7783754908937],[-95.3893180302356,29.7783795071883],[-95.3893118248277,29.7783833396804],[-95.3893054730018,29.77838698228],[-95.3892989800224,29.7783904324212],[-95.3892923532853,29.7783936857898],[-95.3892856032877,29.7783967381553],[-95.3892787384592,29.7783995852314],[-95.3892717619968,29.7784022243965],[-95.3892646874669,29.7784046524053],[-95.3892575201341,29.7784068666916],[-95.3892502704636,29.7784088639268],[-95.3892429457875,29.7784106416005],[-95.3892355554413,29.7784121990614],[-95.3892281088565,29.778413532953],[-95.3892206133014,29.7784146425686],[-95.3892130791773,29.7784155263829],[-95.3892055127505,29.7784161827596],[-95.3891979264261,29.7784166120327],[-95.3891903275041,29.7784168125938],[-95.3891827242545,29.7784167846655],[-95.389175127015,29.7784165285265],[-95.3891675440874,29.7784160434976],[-95.3891599857453,29.7784153316611],[-95.3891524612925,29.7784143932676],[-95.3891449748641,29.7784132284285],[-95.389137539803,29.7784118402114],[-95.3891301674803,29.7784102289225],[-95.389122859868,29.778408397323],[-95.3891156293391,29.7784063466488],[-95.3891084820002,29.7784040797726],[-95.3891014311623,29.7784016006636],[-95.3890944819624,29.7783989103629],[-95.3890876425427,29.7783960127004],[-95.389080923113,29.778392911562],[-95.3890743287461,29.7783896097923],[-95.3890678696201,29.7783861121788],[-95.3890615528434,29.7783824225237],[-95.3890553844907,29.7783785446013],[-95.3890493715748,29.7783744849192],[-95.3890435254032,29.7783702455873],[-95.3890378498552,29.7783658339316],[-95.3890323478725,29.7783612545445],[-95.3883339736266,29.7777592164145],[-95.3883304165859,29.7777562555209],[-95.3883267449437,29.7777534043711],[-95.3883229637729,29.7777506658098],[-95.3883190760789,29.7777480426257],[-95.3883150848032,29.7777455394115],[-95.38831099715,29.7777431572641],[-95.3883068170946,29.7777409008037],[-95.3883025507756,29.7777387720011],[-95.3882982012303,29.7777367727436],[-95.3882937755671,29.7777349068332],[-95.3882892789229,29.7777331753111],[-95.3882847163703,29.777731581022],[-95.3882800919805,29.7777301258809],[-95.3882754139915,29.7777288110123],[-95.3882706854405,29.7777276383036],[-95.3882659135319,29.7777266088513],[-95.3882611054378,29.7777257246544],[-95.38825626216,29.7777249866422],[-95.3882513940359,29.7777243950935],[-95.3882465051686,29.7777239510215],[-95.3882416006947,29.7777236554671],[-95.3882366899497,29.7777235077795],[-95.3882317729018,29.7777235088603],[-95.3882268619877,29.7777236581422],[-95.3882219572074,29.777723955625],[-95.3882170688982,29.7777244015873],[-95.388212201227,29.7777249952389],[-95.3882073583606,29.7777257357893],[-95.3882025496666,29.7777266216857],[-95.3881977782781,29.7777276521099],[-95.3881930524649,29.7777288272848],[-95.3881883733886,29.7777301436309],[-95.3881837514183,29.7777316005253],[-95.3881791876199,29.7777331970937],[-95.3881746914245,29.77773492998],[-95.3881702670312,29.7777367974918],[-95.3881659196723,29.777738797965],[-95.3881616535786,29.7777409288055],[-95.3881574760822,29.777743187503],[-95.3881533893781,29.777745570506],[-95.3881494007665,29.7777480762061],[-95.3881455135082,29.7777507001776],[-95.3881417318021,29.7777534407286],[-95.3881380620101,29.7777562935172],[-95.3881345083632,29.7777592559495],[-95.3881117826169,29.7777788639155],[-95.3881042717471,29.777785344771]]},"properties":{"OBJECTID":3780,"Unique_ID":4064,"Full_Name":"WHITE OAK BAYOU","Length_Miles":0.51424171,"Council_District":"C","KeyConnect":"N","Maintenance":null,"HoustonBikePlan_FundSource":null,"URL":null,"HC_Status":"Existing","HC_Class":"Off-Street","LC_Status":null,"LC_Class":null,"Description":null,"Implementer":null,"created_user":null,"created_date":null,"last_edited_user":"E167744","last_edited_date":1649166176000,"Proposed_Date":null,"Programmed_Date":null,"Existing_Date":null,"Shape__Length":2715.1962050866364}},{"type":"Feature","id":3781,"geometry":{"type":"LineString","coordinates":[[-95.4180902458931,29.7791150697727],[-95.415908234005,29.7791399529198]]},"properties":{"OBJECTID":3781,"Unique_ID":4065,"Full_Name":"LARKIN","Length_Miles":0.13110553,"Council_District":"C","KeyConnect":"N","Maintenance":null,"HoustonBikePlan_FundSource":null,"URL":null,"HC_Status":"Programmed","HC_Class":"Off-Street","LC_Status":null,"LC_Class":null,"Description":null,"Implementer":"COH","created_user":null,"created_date":null,"last_edited_user":"E167744","last_edited_date":1649166176000,"Proposed_Date":null,"Programmed_Date":null,"Existing_Date":null,"Shape__Length":692.2371745008859}},{"type":"Feature","id":3782,"geometry":{"type":"LineString","coordinates":[[-95.4159004746182,29.77840933933],[-95.4159082429248,29.7790046358839],[-95.415908234005,29.7791399529198]]},"properties":{"OBJECTID":3782,"Unique_ID":4066,"Full_Name":"DETERING ST","Length_Miles":0.05032052,"Council_District":"C","KeyConnect":"N","Maintenance":null,"HoustonBikePlan_FundSource":null,"URL":null,"HC_Status":"Proposed","HC_Class":"Shared On-Street - HC","LC_Status":null,"LC_Class":null,"Description":null,"Implementer":"COH","created_user":null,"created_date":null,"last_edited_user":"E167744","last_edited_date":1649166176000,"Proposed_Date":null,"Programmed_Date":null,"Existing_Date":null,"Shape__Length":265.6923424749291}},{"type":"Feature","id":3787,"geometry":{"type":"LineString","coordinates":[[-95.3669900246932,29.7769704839987],[-95.3669899992735,29.7769705004602],[-95.3669583162479,29.7769923688269],[-95.3669350525613,29.7770121509971],[-95.3669169316578,29.7770356742042],[-95.3669047238152,29.7770619384197],[-95.3668989499698,29.7770898267306],[-95.3668998498744,29.77711815683],[-95.3669073909248,29.7771457236814],[-95.3669212474958,29.7771713567291],[-95.3669657778676,29.7772355832993],[-95.366966223628,29.7772362281499],[-95.3669701907786,29.7772419502565],[-95.3670075432673,29.7773024600377],[-95.3670377814441,29.7773659209266],[-95.3670714398856,29.7774479023829],[-95.3670868436138,29.7774764649671],[-95.3671082013006,29.7775019447755],[-95.3671347276142,29.7775234115358],[-95.3672098971646,29.7775734744184],[-95.3672417362911,29.7775964093745],[-95.3672469439277,29.7776001611854],[-95.3672562969578,29.777606897635],[-95.3672996370805,29.7776433132709],[-95.3673542723104,29.7776928609856],[-95.3673872250604,29.7777188120977],[-95.3674240320662,29.7777404671904],[-95.3674639594209,29.7777573983648],[-95.3675102426724,29.7777736162873],[-95.3675517144957,29.777788147594],[-95.3675766845256,29.7778001780696],[-95.3675975636375,29.777817136324],[-95.3676130966124,29.7778380080466],[-95.3676223604588,29.7778615442125],[-95.3676247947624,29.777886338631],[-95.3676202609498,29.7779109071802],[-95.367609023475,29.7779337802712],[-95.3675917601768,29.7779535897847],[-95.3675694982704,29.7779691521869],[-95.3675435737226,29.7779795342259],[-95.3675155358712,29.7779841162414],[-95.3674870635045,29.7779826241921],[-95.367459852478,29.7779751473711],[-95.3674355393453,29.7779621327247],[-95.3673229075495,29.7778838149006],[-95.3672951180345,29.7778665510416],[-95.3672653504644,29.777852008344],[-95.3672451730327,29.7778445181292],[-95.3672339588916,29.7778403561749],[-95.3670793011819,29.7777913954175],[-95.3670361842551,29.7777796221353],[-95.3669920320691,29.7777712626279],[-95.3669471992017,29.7777663842768],[-95.3668802284406,29.7777633023453],[-95.3668131675941,29.7777633303192],[-95.3667808722227,29.7777670304004],[-95.3667501396867,29.7777764415648],[-95.3667222786971,29.7777911633065],[-95.3666984840177,29.7778105663664],[-95.3666797671792,29.7778338206397],[-95.366666930192,29.7778599359867],[-95.3666605209401,29.7778877944204],[-95.3666585246013,29.7779061609376]]},"properties":{"OBJECTID":3787,"Unique_ID":4071,"Full_Name":"WHITE OAK BAYOU","Length_Miles":0.1549424,"Council_District":"H","KeyConnect":"N","Maintenance":null,"HoustonBikePlan_FundSource":null,"URL":null,"HC_Status":"Existing","HC_Class":"Off-Street","LC_Status":null,"LC_Class":null,"Description":null,"Implementer":null,"created_user":null,"created_date":null,"last_edited_user":"E167744","last_edited_date":1649166176000,"Proposed_Date":null,"Programmed_Date":null,"Existing_Date":null,"Shape__Length":818.0958838333124}},{"type":"Feature","id":3789,"geometry":{"type":"LineString","coordinates":[[-95.415908234005,29.7791399529198],[-95.4136194697887,29.7791723641711],[-95.4126656802221,29.7791858186718],[-95.4117196637837,29.7791988119639],[-95.4107754016801,29.7792104554857]]},"properties":{"OBJECTID":3789,"Unique_ID":4073,"Full_Name":"LARKIN","Length_Miles":0.30841651,"Council_District":"C","KeyConnect":"N","Maintenance":null,"HoustonBikePlan_FundSource":null,"URL":null,"HC_Status":"Programmed","HC_Class":"Off-Street","LC_Status":null,"LC_Class":null,"Description":null,"Implementer":"COH","created_user":null,"created_date":null,"last_edited_user":"E167744","last_edited_date":1649166176000,"Proposed_Date":null,"Programmed_Date":null,"Existing_Date":null,"Shape__Length":1628.4391473240867}},{"type":"Feature","id":3790,"geometry":{"type":"LineString","coordinates":[[-95.4107754016801,29.7792104554857],[-95.409651981881,29.7792182001402]]},"properties":{"OBJECTID":3790,"Unique_ID":4076,"Full_Name":"LARKIN","Length_Miles":0.06749662,"Council_District":"C","KeyConnect":"N","Maintenance":null,"HoustonBikePlan_FundSource":null,"URL":null,"HC_Status":"Programmed","HC_Class":"Off-Street","LC_Status":null,"LC_Class":null,"Description":null,"Implementer":"COH","created_user":null,"created_date":null,"last_edited_user":"E167744","last_edited_date":1649166176000,"Proposed_Date":null,"Programmed_Date":null,"Existing_Date":null,"Shape__Length":356.3821680402673}},{"type":"Feature","id":3796,"geometry":{"type":"LineString","coordinates":[[-95.4087652622355,29.7793698758091],[-95.4089799552238,29.7793042260167]]},"properties":{"OBJECTID":3796,"Unique_ID":4083,"Full_Name":"WHITE OAK BAYOU","Length_Miles":0.01366811,"Council_District":"C","KeyConnect":"N","Maintenance":null,"HoustonBikePlan_FundSource":null,"URL":null,"HC_Status":"Existing","HC_Class":"Off-Street","LC_Status":null,"LC_Class":null,"Description":null,"Implementer":null,"created_user":null,"created_date":null,"last_edited_user":"E167744","last_edited_date":1649166176000,"Proposed_Date":null,"Programmed_Date":null,"Existing_Date":null,"Shape__Length":72.16764605810525}},{"type":"Feature","id":3802,"geometry":{"type":"LineString","coordinates":[[-95.3666585246013,29.7779061609376],[-95.366652050252,29.7779657055821],[-95.3666719682665,29.7781172836131],[-95.3666298972412,29.7783846996327]]},"properties":{"OBJECTID":3802,"Unique_ID":4089,"Full_Name":"WHITE OAK BAYOU","Length_Miles":0.0332167,"Council_District":"H","KeyConnect":"N","Maintenance":null,"HoustonBikePlan_FundSource":null,"URL":null,"HC_Status":"Proposed","HC_Class":"Off-Street","LC_Status":null,"LC_Class":null,"Description":null,"Implementer":null,"created_user":null,"created_date":null,"last_edited_user":"E167744","last_edited_date":1649166176000,"Proposed_Date":null,"Programmed_Date":null,"Existing_Date":null,"Shape__Length":175.38416464502774}},{"type":"Feature","id":3803,"geometry":{"type":"LineString","coordinates":[[-95.409651981881,29.7792182001402],[-95.4096369276352,29.7795004325791],[-95.409618941685,29.7795523749755]]},"properties":{"OBJECTID":3803,"Unique_ID":4090,"Full_Name":"SHEPHERD DR","Length_Miles":0.02319553,"Council_District":"C","KeyConnect":"N","Maintenance":"COH-NW","HoustonBikePlan_FundSource":null,"URL":null,"HC_Status":"Programmed","HC_Class":"Dedicated On-Street - HC","LC_Status":null,"LC_Class":null,"Description":null,"Implementer":"TIRZ 5","created_user":null,"created_date":null,"last_edited_user":"E167744","last_edited_date":1649166176000,"Proposed_Date":null,"Programmed_Date":null,"Existing_Date":null,"Shape__Length":122.47239228651807}},{"type":"Feature","id":3804,"geometry":{"type":"LineString","coordinates":[[-95.3838524029758,29.7789616764531],[-95.3841294992077,29.7788520644472],[-95.3843425770496,29.7787653276389],[-95.384486255492,29.7787088998809],[-95.3845476130001,29.7786771188598],[-95.3845639324882,29.7786608409734],[-95.3845790947238,29.7786385616843],[-95.3846184161994,29.7785912589116],[-95.38464229842,29.7785739917165],[-95.3846813727628,29.7785529541289],[-95.3848907113068,29.7784726598728],[-95.3850780491043,29.7783875176445],[-95.3851957779612,29.778310088421],[-95.3852469405929,29.7782762412366],[-95.3853537502623,29.7781979198087],[-95.3854734604082,29.778103228996],[-95.385510095062,29.7780737667597],[-95.3855668971483,29.7780352946849],[-95.3856024468305,29.7780171468688],[-95.3856395014618,29.7780045043232],[-95.3857014899557,29.7779969996473],[-95.385725390624,29.7779974519427],[-95.3857642850841,29.7779985008531],[-95.3858003991567,29.7780071437553],[-95.3858487882399,29.7780237866561],[-95.3859041998079,29.7780548610539],[-95.3859431102134,29.7780909686802],[-95.3859939951639,29.7781788904305],[-95.386068280102,29.7783161487761]]},"properties":{"OBJECTID":3804,"Unique_ID":4091,"Full_Name":"WHITE OAK BAYOU","Length_Miles":0.16501406,"Council_District":"H","KeyConnect":"N","Maintenance":null,"HoustonBikePlan_FundSource":null,"URL":null,"HC_Status":"Existing","HC_Class":"Off-Street","LC_Status":null,"LC_Class":null,"Description":null,"Implementer":"COH","created_user":null,"created_date":null,"last_edited_user":"E167744","last_edited_date":1649166176000,"Proposed_Date":null,"Programmed_Date":null,"Existing_Date":null,"Shape__Length":871.2742140486607}},{"type":"Feature","id":3808,"geometry":{"type":"LineString","coordinates":[[-95.386068280102,29.7783161487761],[-95.3860716519701,29.778322377775],[-95.3860914223493,29.7783656905645],[-95.3862803073144,29.7787141187589],[-95.3863414596469,29.7787930125967],[-95.3863824507756,29.7788412266613],[-95.3864114382157,29.7788737799994],[-95.3864543069041,29.7789045159523],[-95.3865217652429,29.7789375261245],[-95.3865732143278,29.7789636100037],[-95.3865799183993,29.7789669392266],[-95.3868845500778,29.779089852047],[-95.3869796092735,29.7791268059981],[-95.3870338399985,29.7791416426485],[-95.3870691174732,29.7791434502825]]},"properties":{"OBJECTID":3808,"Unique_ID":4096,"Full_Name":"WHITE OAK BAYOU","Length_Miles":0.08773647,"Council_District":"H","KeyConnect":"N","Maintenance":null,"HoustonBikePlan_FundSource":null,"URL":null,"HC_Status":"Existing","HC_Class":"Off-Street","LC_Status":null,"LC_Class":null,"Description":null,"Implementer":"COH","created_user":null,"created_date":null,"last_edited_user":"E167744","last_edited_date":1649166176000,"Proposed_Date":null,"Programmed_Date":null,"Existing_Date":null,"Shape__Length":463.24856034371487}},{"type":"Feature","id":3809,"geometry":{"type":"LineString","coordinates":[[-95.3878042041038,29.7775280850827],[-95.3877862693182,29.777545495976],[-95.3875496415175,29.7778430139439],[-95.3874059203918,29.778097391206],[-95.387292519076,29.7783618225296],[-95.3871885380308,29.7786694967687],[-95.3871066068006,29.7789729884666],[-95.3870691174732,29.7791434502825]]},"properties":{"OBJECTID":3809,"Unique_ID":4097,"Full_Name":"STUDEMONT ST","Length_Miles":0.12104601,"Council_District":"C","KeyConnect":"N","Maintenance":"COH-NW","HoustonBikePlan_FundSource":null,"URL":null,"HC_Status":"Proposed","HC_Class":"Dedicated On-Street - HC","LC_Status":null,"LC_Class":null,"Description":null,"Implementer":"COH","created_user":null,"created_date":null,"last_edited_user":"E167744","last_edited_date":1649166176000,"Proposed_Date":null,"Programmed_Date":null,"Existing_Date":null,"Shape__Length":639.1229069528999}},{"type":"Feature","id":3812,"geometry":{"type":"LineString","coordinates":[[-95.3881042717471,29.777785344771],[-95.388407899815,29.7780436420495],[-95.3893316754548,29.7788614433077],[-95.3898221522504,29.7792778019349]]},"properties":{"OBJECTID":3812,"Unique_ID":4100,"Full_Name":"MKT TRAIL","Length_Miles":0.14566961,"Council_District":"C","KeyConnect":"N","Maintenance":null,"HoustonBikePlan_FundSource":null,"URL":null,"HC_Status":"Existing","HC_Class":"Off-Street","LC_Status":null,"LC_Class":null,"Description":null,"Implementer":"COH","created_user":null,"created_date":null,"last_edited_user":"E167744","last_edited_date":1649166176000,"Proposed_Date":null,"Programmed_Date":null,"Existing_Date":null,"Shape__Length":769.1355342376839}},{"type":"Feature","id":3817,"geometry":{"type":"LineString","coordinates":[[-95.3813851181614,29.7791398645197],[-95.3813992659432,29.779138470984],[-95.3814592409054,29.779126357257],[-95.382080063301,29.779048183474],[-95.3821756806478,29.7790346431632],[-95.3822539700813,29.7790272036856],[-95.3823530059618,29.7790137564316],[-95.3825183407821,29.778983588739],[-95.3825768055075,29.7789717171881],[-95.3825773089023,29.7789716152352],[-95.3826065845442,29.7789656697865],[-95.3828466005275,29.7789333390062],[-95.3830675190514,29.7789184029534],[-95.383350964433,29.7789159027443],[-95.3834089378492,29.7789216464962],[-95.3834585583541,29.7789313441291],[-95.3835562614568,29.7789554756111],[-95.3836022085238,29.7789722393678],[-95.3836605511334,29.7789869491487],[-95.3837124984278,29.779018807451]]},"properties":{"OBJECTID":3817,"Unique_ID":4106,"Full_Name":"WHITE OAK BAYOU","Length_Miles":0.14245466,"Council_District":"H","KeyConnect":"N","Maintenance":null,"HoustonBikePlan_FundSource":null,"URL":null,"HC_Status":"Existing","HC_Class":"Off-Street","LC_Status":null,"LC_Class":null,"Description":null,"Implementer":null,"created_user":null,"created_date":null,"last_edited_user":"E167744","last_edited_date":1649166176000,"Proposed_Date":null,"Programmed_Date":null,"Existing_Date":null,"Shape__Length":752.1605851808079}},{"type":"Feature","id":3818,"geometry":{"type":"LineString","coordinates":[[-95.3998558676163,29.7796396281189],[-95.3998632022516,29.7792684189472],[-95.4002595975793,29.7788969421588],[-95.4011137588539,29.7783337278264]]},"properties":{"OBJECTID":3818,"Unique_ID":4107,"Full_Name":"RUTLAND BRIDGE","Length_Miles":0.12485022,"Council_District":"C","KeyConnect":"N","Maintenance":null,"HoustonBikePlan_FundSource":null,"URL":null,"HC_Status":"Proposed","HC_Class":"Off-Street","LC_Status":null,"LC_Class":null,"Description":null,"Implementer":"TIRZ 5","created_user":null,"created_date":null,"last_edited_user":"E167744","last_edited_date":1649166176000,"Proposed_Date":null,"Programmed_Date":null,"Existing_Date":null,"Shape__Length":659.2091522221167}},{"type":"Feature","id":3819,"geometry":{"type":"LineString","coordinates":[[-95.386068280102,29.7783161487761],[-95.3860337715413,29.7783322468707],[-95.3860050836138,29.7783621492032],[-95.3859904686723,29.7783847620425],[-95.3859895766525,29.7784099356867],[-95.3859923698751,29.7784374003613],[-95.3860029245558,29.7784585011761],[-95.386023207689,29.7784886282333],[-95.3860476027044,29.7785090064335],[-95.3860671738601,29.7785237763199],[-95.3860867838136,29.7785374514225],[-95.3861001178715,29.7785509581934],[-95.386112988625,29.77857759878],[-95.3861183704384,29.778602941598],[-95.386122342119,29.778632629698],[-95.3861508908954,29.7787484333369],[-95.3861598426772,29.7787793506459],[-95.3861809154911,29.7788226461788],[-95.3861995533952,29.7788511997373],[-95.3862079607383,29.7788641042663],[-95.3862082754448,29.7788645965768],[-95.3862261108965,29.7788812215337],[-95.3862497952198,29.7788979482329],[-95.3862857853688,29.7789181588215],[-95.3862867736425,29.7789186232582],[-95.3863127727987,29.7789291849261],[-95.3863373639613,29.7789440901254],[-95.3863631682124,29.7789601238553],[-95.3863764646386,29.7789747245038],[-95.3863884305853,29.7789914809301],[-95.3863927524314,29.7790113178244],[-95.3863957386588,29.7790333094565],[-95.3863958060809,29.7790363712842],[-95.3863948181247,29.7790563701082],[-95.3863927219345,29.7790677836608],[-95.3863904644158,29.7790758945519],[-95.3863862838742,29.7790915828557],[-95.3863793689085,29.7791090415607],[-95.3862968575476,29.7792366099322],[-95.3862920019079,29.7792430819476],[-95.38627667417,29.7792612209786],[-95.3862732995791,29.7792643542802],[-95.3862591471865,29.7792757505548],[-95.3862566784111,29.7792770614425],[-95.3862373193893,29.7792864957603]]},"properties":{"OBJECTID":3819,"Unique_ID":4108,"Full_Name":"SPOTTS PARK","Length_Miles":0.08100845,"Council_District":"H","KeyConnect":"N","Maintenance":null,"HoustonBikePlan_FundSource":null,"URL":null,"HC_Status":"Existing","HC_Class":"Off-Street","LC_Status":null,"LC_Class":null,"Description":null,"Implementer":"COH","created_user":null,"created_date":null,"last_edited_user":"E167744","last_edited_date":1649166176000,"Proposed_Date":null,"Programmed_Date":null,"Existing_Date":null,"Shape__Length":427.724630195121}},{"type":"Feature","id":3820,"geometry":{"type":"LineString","coordinates":[[-95.3811661193469,29.7791764665318],[-95.3812183089091,29.7791652294913],[-95.3813374485599,29.7791445638489],[-95.3813851181614,29.7791398645197]]},"properties":{"OBJECTID":3820,"Unique_ID":4109,"Full_Name":"WHITE OAK BAYOU","Length_Miles":0.0134098,"Council_District":"H","KeyConnect":"N","Maintenance":null,"HoustonBikePlan_FundSource":null,"URL":null,"HC_Status":"Existing","HC_Class":"Off-Street","LC_Status":null,"LC_Class":null,"Description":null,"Implementer":null,"created_user":null,"created_date":null,"last_edited_user":"E167744","last_edited_date":1649166176000,"Proposed_Date":null,"Programmed_Date":null,"Existing_Date":null,"Shape__Length":70.80374878181995}},{"type":"Feature","id":3823,"geometry":{"type":"LineString","coordinates":[[-95.3809938319773,29.7792068492243],[-95.3809976649741,29.7792063154504],[-95.3810137591478,29.7792040754655],[-95.3810820177376,29.7791945740244],[-95.3811661193469,29.7791764665318]]},"properties":{"OBJECTID":3823,"Unique_ID":4115,"Full_Name":"WHITE OAK BAYOU","Length_Miles":0.01056959,"Council_District":"H","KeyConnect":"N","Maintenance":null,"HoustonBikePlan_FundSource":null,"URL":null,"HC_Status":"Existing","HC_Class":"Off-Street","LC_Status":null,"LC_Class":null,"Description":null,"Implementer":null,"created_user":null,"created_date":null,"last_edited_user":"E167744","last_edited_date":1649166176000,"Proposed_Date":null,"Programmed_Date":null,"Existing_Date":null,"Shape__Length":55.80742542094228}},{"type":"Feature","id":3824,"geometry":{"type":"LineString","coordinates":[[-95.3814641584043,29.7752371869747],[-95.3814156898251,29.7755521630764],[-95.3813851322497,29.775906962479],[-95.3813470463931,29.7763056101676],[-95.3813317145978,29.7766069995317],[-95.3812477438529,29.7772002455552],[-95.381193057987,29.7776120434126],[-95.3811756651764,29.777743014509],[-95.3811511872579,29.7779273310076],[-95.3811028702779,29.7782911619226],[-95.3810341853969,29.7789434787531],[-95.3809938319773,29.7792068492243]]},"properties":{"OBJECTID":3824,"Unique_ID":4116,"Full_Name":"TAYLOR ST","Length_Miles":0.27493558,"Council_District":"H","KeyConnect":"N","Maintenance":null,"HoustonBikePlan_FundSource":null,"URL":null,"HC_Status":"Proposed","HC_Class":"Dedicated On-Street - HC","LC_Status":null,"LC_Class":null,"Description":null,"Implementer":"COH","created_user":null,"created_date":null,"last_edited_user":"E167744","last_edited_date":1649166176000,"Proposed_Date":null,"Programmed_Date":null,"Existing_Date":null,"Shape__Length":1451.659877672163}},{"type":"Feature","id":3827,"geometry":{"type":"LineString","coordinates":[[-95.3813851181614,29.7791398645197],[-95.3813621133525,29.7791664747942],[-95.3812559633811,29.7792417166282]]},"properties":{"OBJECTID":3827,"Unique_ID":4119,"Full_Name":"WHITE OAK BAYOU","Length_Miles":0.01051274,"Council_District":"H","KeyConnect":"N","Maintenance":null,"HoustonBikePlan_FundSource":null,"URL":null,"HC_Status":"Existing","HC_Class":"Off-Street","LC_Status":null,"LC_Class":null,"Description":null,"Implementer":null,"created_user":null,"created_date":null,"last_edited_user":"E167744","last_edited_date":1649166176000,"Proposed_Date":null,"Programmed_Date":null,"Existing_Date":null,"Shape__Length":55.507256949663514}},{"type":"Feature","id":3828,"geometry":{"type":"LineString","coordinates":[[-95.3811661193469,29.7791764665318],[-95.381204091802,29.7792123787239],[-95.3812559633811,29.7792417166282]]},"properties":{"OBJECTID":3828,"Unique_ID":4120,"Full_Name":"WHITE OAK BAYOU","Length_Miles":0.0070789,"Council_District":"H","KeyConnect":"N","Maintenance":null,"HoustonBikePlan_FundSource":null,"URL":null,"HC_Status":"Existing","HC_Class":"Off-Street","LC_Status":null,"LC_Class":null,"Description":null,"Implementer":null,"created_user":null,"created_date":null,"last_edited_user":"E167744","last_edited_date":1649166176000,"Proposed_Date":null,"Programmed_Date":null,"Existing_Date":null,"Shape__Length":37.376585812814724}},{"type":"Feature","id":3829,"geometry":{"type":"LineString","coordinates":[[-95.3671700606723,29.7769959180041],[-95.3672565021618,29.7770594012154],[-95.3673205800112,29.7771050833577],[-95.3674351257601,29.7771788820181],[-95.3677128032636,29.7773459466001],[-95.3679713329356,29.7774972059634],[-95.3682789310822,29.7776851418564],[-95.368419634069,29.7777625144017],[-95.3685860483392,29.7778558682553],[-95.3686483476741,29.7778900377207],[-95.3688402663544,29.7779745294289],[-95.3691430976339,29.7780811314946],[-95.3693558374309,29.7781652315075],[-95.3694660024618,29.778208339208],[-95.3695562370808,29.7782575938432],[-95.3697471128059,29.7784022409356],[-95.3698733964667,29.7785155236505],[-95.3700664605226,29.7786602295263],[-95.370182959393,29.7786630869688],[-95.3704198185024,29.7786688970979],[-95.3704406575416,29.7786694082096],[-95.370838924259,29.7786792385402],[-95.3712102935513,29.778697806515],[-95.371712786713,29.7788088219992],[-95.3723321378065,29.7789782668656],[-95.3724110186296,29.7790030994017],[-95.3724611446014,29.7790201769176]]},"properties":{"OBJECTID":3829,"Unique_ID":4122,"Full_Name":"WHITE OAK BAYOU","Length_Miles":0.35691877,"Council_District":"H","KeyConnect":"N","Maintenance":null,"HoustonBikePlan_FundSource":null,"URL":null,"HC_Status":"Existing","HC_Class":"Off-Street","LC_Status":null,"LC_Class":null,"Description":null,"Implementer":"COH","created_user":null,"created_date":null,"last_edited_user":"E167744","last_edited_date":1649166176000,"Proposed_Date":null,"Programmed_Date":null,"Existing_Date":null,"Shape__Length":1884.5311280551848}},{"type":"Feature","id":3830,"geometry":{"type":"LineString","coordinates":[[-95.3870691174732,29.7791434502825],[-95.387054391724,29.7792104096135],[-95.3870385698331,29.7794392869832]]},"properties":{"OBJECTID":3830,"Unique_ID":4123,"Full_Name":"STUDEMONT ST","Length_Miles":0.02048722,"Council_District":"C","KeyConnect":"N","Maintenance":"COH-NW","HoustonBikePlan_FundSource":null,"URL":null,"HC_Status":"Proposed","HC_Class":"Dedicated On-Street - HC","LC_Status":null,"LC_Class":null,"Description":null,"Implementer":"COH","created_user":null,"created_date":null,"last_edited_user":"E167744","last_edited_date":1649166176000,"Proposed_Date":null,"Programmed_Date":null,"Existing_Date":null,"Shape__Length":108.17249848845927}},{"type":"Feature","id":3833,"geometry":{"type":"LineString","coordinates":[[-95.3814809583395,29.7793269728298],[-95.3816992353333,29.7793026432193],[-95.3817931672165,29.7792947660846],[-95.382408914708,29.7792264877066],[-95.3831291354222,29.7791377979044],[-95.3833309564242,29.7791168136211],[-95.3835008687338,29.7790893606832],[-95.3836642662231,29.779038503632],[-95.3837124984278,29.779018807451]]},"properties":{"OBJECTID":3833,"Unique_ID":4126,"Full_Name":"WHITE OAK BAYOU","Length_Miles":0.1360965,"Council_District":"H","KeyConnect":"N","Maintenance":null,"HoustonBikePlan_FundSource":null,"URL":null,"HC_Status":"Existing","HC_Class":"Off-Street","LC_Status":null,"LC_Class":null,"Description":null,"Implementer":"COH","created_user":null,"created_date":null,"last_edited_user":"E167744","last_edited_date":1649166176000,"Proposed_Date":null,"Programmed_Date":null,"Existing_Date":null,"Shape__Length":718.5895130053474}},{"type":"Feature","id":3834,"geometry":{"type":"LineString","coordinates":[[-95.3812559633811,29.7792417166282],[-95.381316852804,29.7792761570138],[-95.3813835495417,29.7793017230677],[-95.381427495022,29.7793143517066],[-95.3814809583395,29.7793269728298]]},"properties":{"OBJECTID":3834,"Unique_ID":4127,"Full_Name":"WHITE OAK BAYOU","Length_Miles":0.01484413,"Council_District":"H","KeyConnect":"N","Maintenance":null,"HoustonBikePlan_FundSource":null,"URL":null,"HC_Status":"Existing","HC_Class":"Off-Street","LC_Status":null,"LC_Class":null,"Description":null,"Implementer":null,"created_user":null,"created_date":null,"last_edited_user":"E167744","last_edited_date":1649166176000,"Proposed_Date":null,"Programmed_Date":null,"Existing_Date":null,"Shape__Length":78.37702298420491}},{"type":"Feature","id":3835,"geometry":{"type":"LineString","coordinates":[[-95.3811326902378,29.7793614330884],[-95.3811614789641,29.7793588344994],[-95.3813955294986,29.7793364947006],[-95.3814809583395,29.7793269728298]]},"properties":{"OBJECTID":3835,"Unique_ID":4128,"Full_Name":"WHITE OAK BAYOU","Length_Miles":0.02105863,"Council_District":"H","KeyConnect":"N","Maintenance":null,"HoustonBikePlan_FundSource":null,"URL":null,"HC_Status":"Existing","HC_Class":"Off-Street","LC_Status":null,"LC_Class":null,"Description":null,"Implementer":"COH","created_user":null,"created_date":null,"last_edited_user":"E167744","last_edited_date":1649166176000,"Proposed_Date":null,"Programmed_Date":null,"Existing_Date":null,"Shape__Length":111.18957088823979}},{"type":"Feature","id":3836,"geometry":{"type":"LineString","coordinates":[[-95.3812559633811,29.7792417166282],[-95.3812161754816,29.7792699173321],[-95.3811900386644,29.779295617076],[-95.3811326902378,29.7793614330884]]},"properties":{"OBJECTID":3836,"Unique_ID":4129,"Full_Name":"WHITE OAK BAYOU","Length_Miles":0.01113975,"Council_District":"H","KeyConnect":"N","Maintenance":null,"HoustonBikePlan_FundSource":null,"URL":null,"HC_Status":"Existing","HC_Class":"Off-Street","LC_Status":null,"LC_Class":null,"Description":null,"Implementer":null,"created_user":null,"created_date":null,"last_edited_user":"E167744","last_edited_date":1649166176000,"Proposed_Date":null,"Programmed_Date":null,"Existing_Date":null,"Shape__Length":58.81786745473851}},{"type":"Feature","id":3838,"geometry":{"type":"LineString","coordinates":[[-95.3809678657116,29.7793763146121],[-95.3811326902378,29.7793614330884]]},"properties":{"OBJECTID":3838,"Unique_ID":4131,"Full_Name":"WHITE OAK BAYOU","Length_Miles":0.00995546,"Council_District":"H","KeyConnect":"N","Maintenance":null,"HoustonBikePlan_FundSource":null,"URL":null,"HC_Status":"Existing","HC_Class":"Off-Street","LC_Status":null,"LC_Class":null,"Description":null,"Implementer":"COH","created_user":null,"created_date":null,"last_edited_user":"E167744","last_edited_date":1649166176000,"Proposed_Date":null,"Programmed_Date":null,"Existing_Date":null,"Shape__Length":52.56482352268305}},{"type":"Feature","id":3839,"geometry":{"type":"LineString","coordinates":[[-95.3809938319773,29.7792068492243],[-95.3809678657116,29.7793763146121]]},"properties":{"OBJECTID":3839,"Unique_ID":4132,"Full_Name":"TAYLOR ST","Length_Miles":0.011775,"Council_District":"H","KeyConnect":"N","Maintenance":null,"HoustonBikePlan_FundSource":null,"URL":null,"HC_Status":"Proposed","HC_Class":"Dedicated On-Street - HC","LC_Status":null,"LC_Class":null,"Description":null,"Implementer":"COH","created_user":null,"created_date":null,"last_edited_user":"E167744","last_edited_date":1649166176000,"Proposed_Date":null,"Programmed_Date":null,"Existing_Date":null,"Shape__Length":62.17200234933416}},{"type":"Feature","id":3840,"geometry":{"type":"LineString","coordinates":[[-95.3724611446014,29.7790201769176],[-95.3730069963859,29.7792061418367]]},"properties":{"OBJECTID":3840,"Unique_ID":4133,"Full_Name":"WHITE OAK BAYOU","Length_Miles":0.03520675,"Council_District":"H","KeyConnect":"N","Maintenance":null,"HoustonBikePlan_FundSource":null,"URL":null,"HC_Status":"Existing","HC_Class":"Off-Street","LC_Status":null,"LC_Class":null,"Description":null,"Implementer":"COH","created_user":null,"created_date":null,"last_edited_user":"E167744","last_edited_date":1649166176000,"Proposed_Date":null,"Programmed_Date":null,"Existing_Date":null,"Shape__Length":185.8916160226677}},{"type":"Feature","id":3843,"geometry":{"type":"LineString","coordinates":[[-95.3809678657116,29.7793763146121],[-95.3809427251778,29.7795403827225]]},"properties":{"OBJECTID":3843,"Unique_ID":4136,"Full_Name":"TAYLOR ST","Length_Miles":0.01139999,"Council_District":"H","KeyConnect":"N","Maintenance":null,"HoustonBikePlan_FundSource":null,"URL":null,"HC_Status":"Proposed","HC_Class":"Dedicated On-Street - HC","LC_Status":null,"LC_Class":null,"Description":null,"Implementer":"COH","created_user":null,"created_date":null,"last_edited_user":"E167744","last_edited_date":1649166176000,"Proposed_Date":null,"Programmed_Date":null,"Existing_Date":null,"Shape__Length":60.19194988397757}},{"type":"Feature","id":3845,"geometry":{"type":"LineString","coordinates":[[-95.4180902458931,29.7791150697727],[-95.4181206389208,29.7798438684717],[-95.4181436828262,29.7805724245559]]},"properties":{"OBJECTID":3845,"Unique_ID":4138,"Full_Name":"T C JESTER BLVD","Length_Miles":0.10042136,"Council_District":"C","KeyConnect":"N","Maintenance":"COH-NW","HoustonBikePlan_FundSource":null,"URL":null,"HC_Status":"Proposed","HC_Class":"Dedicated On-Street - HC","LC_Status":"Existing","LC_Class":"Shared On-Street - LC","Description":"Signed Bike Route","Implementer":"COH","created_user":null,"created_date":null,"last_edited_user":"E167744","last_edited_date":1649166176000,"Proposed_Date":null,"Programmed_Date":null,"Existing_Date":null,"Shape__Length":530.224789341155}},{"type":"Feature","id":3848,"geometry":{"type":"LineString","coordinates":[[-95.4159386056977,29.7805972973627],[-95.4181436828262,29.7805724245559]]},"properties":{"OBJECTID":3848,"Unique_ID":4142,"Full_Name":"PETTY ST","Length_Miles":0.13248926,"Council_District":"C","KeyConnect":"N","Maintenance":null,"HoustonBikePlan_FundSource":null,"URL":null,"HC_Status":"Proposed","HC_Class":"Shared On-Street - HC","LC_Status":null,"LC_Class":null,"Description":null,"Implementer":"COH","created_user":null,"created_date":null,"last_edited_user":"E167744","last_edited_date":1649166176000,"Proposed_Date":null,"Programmed_Date":null,"Existing_Date":null,"Shape__Length":699.5432741531026}},{"type":"Feature","id":3849,"geometry":{"type":"LineString","coordinates":[[-95.415908234005,29.7791399529198],[-95.4159235410596,29.7798666746754],[-95.4159386056977,29.7805972973627]]},"properties":{"OBJECTID":3849,"Unique_ID":4143,"Full_Name":"DETERING ST","Length_Miles":0.10038494,"Council_District":"C","KeyConnect":"N","Maintenance":null,"HoustonBikePlan_FundSource":null,"URL":null,"HC_Status":"Programmed","HC_Class":"Shared On-Street - HC","LC_Status":null,"LC_Class":null,"Description":null,"Implementer":"COH","created_user":null,"created_date":null,"last_edited_user":"E167744","last_edited_date":1649166176000,"Proposed_Date":null,"Programmed_Date":null,"Existing_Date":null,"Shape__Length":530.0324713839511}},{"type":"Feature","id":3850,"geometry":{"type":"LineString","coordinates":[[-95.409618941685,29.7795523749755],[-95.40956825082,29.7796987549566],[-95.4094612421327,29.7800058760423],[-95.4093010949138,29.7804713129856]]},"properties":{"OBJECTID":3850,"Unique_ID":4145,"Full_Name":"SHEPHERD DR","Length_Miles":0.06610617,"Council_District":"C","KeyConnect":"N","Maintenance":"COH-NW","HoustonBikePlan_FundSource":null,"URL":null,"HC_Status":"Programmed","HC_Class":"Dedicated On-Street - HC","LC_Status":null,"LC_Class":null,"Description":null,"Implementer":"TIRZ 5","created_user":null,"created_date":null,"last_edited_user":"E167744","last_edited_date":1649166176000,"Proposed_Date":null,"Programmed_Date":null,"Existing_Date":null,"Shape__Length":349.04058465762284}},{"type":"Feature","id":3851,"geometry":{"type":"LineString","coordinates":[[-95.4063107226795,29.7804290426197],[-95.4065624359034,29.7804055565469],[-95.406604474333,29.7804010105046],[-95.4066463108395,29.7803952350385],[-95.4066879027508,29.7803882371285],[-95.4067292021944,29.780380024518],[-95.406770161266,29.7803706058521],[-95.4068107350356,29.7803599934663],[-95.406850877603,29.780348197865],[-95.4068905429728,29.7803352322578],[-95.4069296871536,29.7803211117136],[-95.4069682660907,29.7803058531048],[-95.4070062336934,29.7802894723466],[-95.4070435499788,29.7802719882261],[-95.4070801749321,29.7802534204322],[-95.4071160602049,29.7802337902356],[-95.4071511729237,29.7802131202245],[-95.4071854667763,29.780191432627],[-95.4072189067264,29.7801687526815],[-95.4072514546367,29.7801451055432],[-95.407283074406,29.7801205173245],[-95.4073137308396,29.7800950177728],[-95.4073433878045,29.7800686339024],[-95.4075912876816,29.7798405441737],[-95.4076263135963,29.7798099642014],[-95.4076624136803,29.7797803499656],[-95.4076995548072,29.7797517312676],[-95.4077376967411,29.7797241341079],[-95.4077768054173,29.7796975855547],[-95.4078168436701,29.7796721125932],[-95.4079510526888,29.779587608123],[-95.4079963708465,29.7795601156708],[-95.4080004498803,29.7795578212316],[-95.4080427674088,29.779534026846],[-95.4080901843131,29.7795093743921],[-95.4081385635921,29.7794861883474],[-95.4081878463088,29.7794644969188],[-95.4082379714902,29.7794443273561],[-95.4082888751259,29.7794257050225],[-95.408340497468,29.7794086517848],[-95.4083791642268,29.7793987577926],[-95.4084181704462,29.7793899488481],[-95.4084574826662,29.7793822348861],[-95.408497058186,29.7793756237887],[-95.4085211835922,29.7793722877936],[-95.4085368543687,29.7793701216341],[-95.4085768327442,29.77936573371],[-95.4086169517412,29.7793624652206],[-95.4086571708854,29.7793603195945],[-95.408737902117,29.7793671622488],[-95.4087652622355,29.7793698758091]]},"properties":{"OBJECTID":3851,"Unique_ID":4146,"Full_Name":"WHITE OAK BAYOU","Length_Miles":0.1705301,"Council_District":"C","KeyConnect":"N","Maintenance":null,"HoustonBikePlan_FundSource":null,"URL":null,"HC_Status":"Existing","HC_Class":"Off-Street","LC_Status":null,"LC_Class":null,"Description":null,"Implementer":null,"created_user":null,"created_date":null,"last_edited_user":"E167744","last_edited_date":1649166176000,"Proposed_Date":null,"Programmed_Date":null,"Existing_Date":null,"Shape__Length":900.3989080989442}},{"type":"Feature","id":3853,"geometry":{"type":"LineString","coordinates":[[-95.4011137588539,29.7783337278264],[-95.401134482624,29.7783559480322],[-95.4011560764946,29.7783775263428],[-95.4011785154811,29.7783984377154],[-95.4012017745993,29.7784186571068],[-95.4012258226302,29.7784381602095],[-95.4012506335236,29.7784569228544],[-95.401276175965,29.7784749234393],[-95.4013024207392,29.7784921395154],[-95.4013293333985,29.7785085502992],[-95.4013568815307,29.7785241359641],[-95.4013669537496,29.77852940983],[-95.4013850347595,29.778538877641],[-95.401525716433,29.7786096753129],[-95.401554545044,29.7786236055475],[-95.4015839160573,29.7786366503926],[-95.401613786532,29.7786487951552],[-95.4016441249304,29.7786600245458],[-95.4016748944504,29.7786703258415],[-95.4016763289273,29.7786707561077],[-95.401706056286,29.7786796844602],[-95.4019951008707,29.7787616076027],[-95.4020317133861,29.7787714744402],[-95.4020686521027,29.7787803661318],[-95.4021058842258,29.7787882736729],[-95.4021433737322,29.778795191583],[-95.4021810898626,29.7788011118148],[-95.4022189892938,29.7788060304974],[-95.403466751587,29.7789510562363],[-95.4034857301191,29.7789530079748],[-95.4035047688121,29.7789544567416],[-95.4035238480563,29.7789554011078],[-95.4035429544126,29.7789558407128],[-95.4035620630705,29.7789557748907],[-95.4035811636605,29.7789552042659],[-95.4037052305425,29.7789498526842],[-95.4039409757753,29.7789478550391],[-95.4039805713345,29.7789463737835],[-95.4040202013564,29.7789460867491],[-95.4040598192919,29.7789469935893],[-95.4040993786232,29.778949093056],[-95.4041388297635,29.7789523829162],[-95.4041781283579,29.7789568592719],[-95.4042172269823,29.7789625172402],[-95.4042560772741,29.7789693492051],[-95.4042946329382,29.7789773476062],[-95.4043328488085,29.7789865022053],[-95.404551515802,29.7790480515434],[-95.4045925555862,29.7790602858558],[-95.4045959634374,29.7790614171353],[-95.4046330876394,29.7790737440723],[-95.4046730649505,29.7790884095873],[-95.4047124425441,29.7791042667519],[-95.4047511694327,29.7791212943407],[-95.4047892027719,29.779139474957],[-95.4048264968065,29.7791587857104],[-95.4048630078803,29.779179202864],[-95.4048986943729,29.7792007036381],[-95.4049335106243,29.7792232624371],[-95.4049674151408,29.7792468528743],[-95.405000371693,29.7792714459961],[-95.4050925184371,29.7793431503098],[-95.4051168018718,29.7793627239888],[-95.4051402877175,29.7793830263743],[-95.4051629457878,29.7794040331879],[-95.4051847501267,29.7794257175568],[-95.4052056685438,29.7794480533439],[-95.4052256823192,29.7794710138703],[-95.4052447634927,29.7794945704044],[-95.4052628861399,29.7795186951716],[-95.4052800337669,29.7795433570397],[-95.4052961825803,29.7795685264859],[-95.4053113118877,29.7795941740708],[-95.4053254042251,29.7796202668306],[-95.4053384431302,29.7796467727316],[-95.4053504110755,29.7796736606134],[-95.4053612947636,29.7797008967218],[-95.4054379552496,29.779904098221],[-95.4054523973285,29.779944050651],[-95.4054684170739,29.7799835426144],[-95.4054859964666,29.7800225275922],[-95.4055051092493,29.7800609579416],[-95.4055257352716,29.7800987888913],[-95.4055478513453,29.7801359737835],[-95.4055714300518,29.7801724685548],[-95.4055964419045,29.7802082290862],[-95.405622859421,29.7802432131179],[-95.4056506478504,29.7802773790977],[-95.4056654282177,29.7802909713717],[-95.4056807272091,29.7803041171999],[-95.4056965339932,29.7803168009463],[-95.4057128232026,29.7803290083908],[-95.4057295809048,29.7803407238143],[-95.4057467878712,29.7803519349667],[-95.40576442077,29.7803626285848],[-95.4057824624717,29.7803727915721],[-95.4058008885155,29.780382413343],[-95.4058196807064,29.7803914816752],[-95.4058388166509,29.7803999860387],[-95.405858272858,29.7804079176796],[-95.4058780259003,29.7804152660402],[-95.4058980574241,29.7804220234071],[-95.4059183387057,29.7804281826913],[-95.4059388493874,29.7804337343203],[-95.4059595657875,29.7804386749508],[-95.4059796091569,29.7804416315522],[-95.4059997541522,29.7804440240099],[-95.4060199760899,29.7804458480513],[-95.4060402542941,29.780447103122],[-95.4060605681526,29.7804477868638],[-95.4060809000911,29.7804478988056],[-95.406101220098,29.7804474390452],[-95.4061215178354,29.7804464073054],[-95.4061417621626,29.7804448063617],[-95.4063107226795,29.7804290426197]]},"properties":{"OBJECTID":3853,"Unique_ID":4148,"Full_Name":"WHITE OAK BAYOU","Length_Miles":0.37237216,"Council_District":"C","KeyConnect":"N","Maintenance":null,"HoustonBikePlan_FundSource":null,"URL":null,"HC_Status":"Existing","HC_Class":"Off-Street","LC_Status":null,"LC_Class":null,"Description":null,"Implementer":null,"created_user":null,"created_date":null,"last_edited_user":"E167744","last_edited_date":1649166176000,"Proposed_Date":null,"Programmed_Date":null,"Existing_Date":null,"Shape__Length":1966.1249883492687}},{"type":"Feature","id":3857,"geometry":{"type":"LineString","coordinates":[[-95.4392964827982,29.7814084579963],[-95.4387384183736,29.7812279925025],[-95.4370559266447,29.7807132184134],[-95.4357293252595,29.7806180473236],[-95.4344150862729,29.7804864298654],[-95.4333788826095,29.7801415306103],[-95.4322951542358,29.7795838308904],[-95.4314721276468,29.7791057305161],[-95.4303654620849,29.7784644441],[-95.4301751700542,29.7783541385977],[-95.4298395558243,29.7780814486197]]},"properties":{"OBJECTID":3857,"Unique_ID":4152,"Full_Name":"KATY ROAD","Length_Miles":0.62505665,"Council_District":"C","KeyConnect":"N","Maintenance":null,"HoustonBikePlan_FundSource":null,"URL":null,"HC_Status":"Proposed","HC_Class":"Off-Street","LC_Status":null,"LC_Class":null,"Description":null,"Implementer":"COH","created_user":null,"created_date":null,"last_edited_user":"E167744","last_edited_date":1649166176000,"Proposed_Date":null,"Programmed_Date":null,"Existing_Date":null,"Shape__Length":3300.299345624754}},{"type":"Feature","id":3860,"geometry":{"type":"LineString","coordinates":[[-95.3666298972412,29.7783846996327],[-95.3667138817433,29.7783846972645],[-95.366752006759,29.7784266656792],[-95.3668434634111,29.7786000966735],[-95.3669121842502,29.7787128110846],[-95.3670189705831,29.7788271142691],[-95.3671029285137,29.7789416831588],[-95.3671563078947,29.7790673779697],[-95.3673089468789,29.7795157561246]]},"properties":{"OBJECTID":3860,"Unique_ID":4156,"Full_Name":"SOUTH ST","Length_Miles":0.09163872,"Council_District":"H","KeyConnect":"N","Maintenance":null,"HoustonBikePlan_FundSource":null,"URL":null,"HC_Status":"Proposed","HC_Class":"Shared On-Street - HC","LC_Status":null,"LC_Class":null,"Description":null,"Implementer":"COH","created_user":null,"created_date":null,"last_edited_user":"E167744","last_edited_date":1649166176000,"Proposed_Date":null,"Programmed_Date":null,"Existing_Date":null,"Shape__Length":483.8524638068683}},{"type":"Feature","id":3864,"geometry":{"type":"LineString","coordinates":[[-95.409618941685,29.7795523749755],[-95.4096219726917,29.7795531611458],[-95.4096615144527,29.7795634103418],[-95.4096701471571,29.7795656472971],[-95.4098270613465,29.7796063170287],[-95.4098372448346,29.7796091208586],[-95.4098473132789,29.7796122239944],[-95.4098572554033,29.7796156234261],[-95.4098670610289,29.7796193143679],[-95.4098767168439,29.7796232928524],[-95.4098862126694,29.7796275540938],[-95.4098955383267,29.7796320933063],[-95.4099046815693,29.7796369056485],[-95.40991363225,29.7796419854327],[-95.4099223833231,29.7796473270544],[-95.4099309184705,29.7796529237579],[-95.409939232714,29.779658769994],[-95.4099473159699,29.7796648582714],[-95.409955157089,29.7796711819729],[-95.4099627480551,29.7796777336626],[-95.4099700819177,29.7796845050304],[-95.409977146462,29.7796914903335],[-95.4099839368683,29.7796986795134],[-95.4099904450887,29.7797060660362],[-95.409996661103,29.7797136406069],[-95.4100233260234,29.7797484543494],[-95.4100584165919,29.779794269635],[-95.4100628445699,29.7798000514814],[-95.410081627901,29.7798245768873],[-95.4101626286867,29.7799377483538],[-95.4102395844329,29.7800530481889],[-95.410263100538,29.7800909268879],[-95.4102674649378,29.7800979571962],[-95.4103124203729,29.7801703660791],[-95.4104721232931,29.7804073416775],[-95.4104942366533,29.780442215742],[-95.4104990226315,29.7804497637199],[-95.4106193796439,29.7806395634253],[-95.4106672938927,29.7807148541398],[-95.4106728443328,29.7807232322619],[-95.4106787268237,29.7807314369409],[-95.4106849313767,29.7807394579799],[-95.4106870897791,29.780742047722],[-95.4106914552397,29.7807472853762],[-95.4106982853229,29.7807549088499],[-95.4107673014062,29.7808235524651],[-95.4107699449163,29.7808262653207],[-95.4107736090826,29.780830025506],[-95.4107796853034,29.7808366656571],[-95.4107855230542,29.780843466412],[-95.4107911184539,29.7808504204458],[-95.4107964633909,29.7808575230279],[-95.4108015540157,29.7808647659314],[-95.410806386447,29.7808721418312],[-95.4108400773863,29.7809254646589]]},"properties":{"OBJECTID":3864,"Unique_ID":4161,"Full_Name":"WHITE OAK BAYOU","Length_Miles":0.12367966,"Council_District":"C","KeyConnect":"N","Maintenance":null,"HoustonBikePlan_FundSource":null,"URL":null,"HC_Status":"Existing","HC_Class":"Off-Street","LC_Status":null,"LC_Class":null,"Description":null,"Implementer":null,"created_user":null,"created_date":null,"last_edited_user":"E167744","last_edited_date":1649166176000,"Proposed_Date":null,"Programmed_Date":null,"Existing_Date":null,"Shape__Length":653.0286068653311}},{"type":"Feature","id":3870,"geometry":{"type":"LineString","coordinates":[[-95.3809427251778,29.7795403827225],[-95.3808128792072,29.7805742561104]]},"properties":{"OBJECTID":3870,"Unique_ID":4168,"Full_Name":"TAYLOR ST","Length_Miles":0.07162966,"Council_District":"H","KeyConnect":"N","Maintenance":null,"HoustonBikePlan_FundSource":null,"URL":null,"HC_Status":"Proposed","HC_Class":"Dedicated On-Street - HC","LC_Status":null,"LC_Class":null,"Description":null,"Implementer":"COH","created_user":null,"created_date":null,"last_edited_user":"E167744","last_edited_date":1649166176000,"Proposed_Date":null,"Programmed_Date":null,"Existing_Date":null,"Shape__Length":378.204623031864}},{"type":"Feature","id":3871,"geometry":{"type":"LineString","coordinates":[[-95.3725943624906,29.7803693765356],[-95.3726939578592,29.7801401686452],[-95.3727737899242,29.7799739550622],[-95.3730069963859,29.7792061418367]]},"properties":{"OBJECTID":3871,"Unique_ID":4169,"Full_Name":"WHITE OAK BAYOU","Length_Miles":0.08399762,"Council_District":"H","KeyConnect":"N","Maintenance":null,"HoustonBikePlan_FundSource":null,"URL":null,"HC_Status":"Existing","HC_Class":"Off-Street","LC_Status":null,"LC_Class":null,"Description":null,"Implementer":"COH","created_user":null,"created_date":null,"last_edited_user":"E167744","last_edited_date":1649166176000,"Proposed_Date":null,"Programmed_Date":null,"Existing_Date":null,"Shape__Length":443.5074517917387}},{"type":"Feature","id":3872,"geometry":{"type":"LineString","coordinates":[[-95.3725943624906,29.7803693765356],[-95.3725657358952,29.7801890020352],[-95.3725650250301,29.7800858086681]]},"properties":{"OBJECTID":3872,"Unique_ID":4170,"Full_Name":"WHITE OAK BAYOU","Length_Miles":0.01964814,"Council_District":"H","KeyConnect":"N","Maintenance":null,"HoustonBikePlan_FundSource":null,"URL":null,"HC_Status":"Existing","HC_Class":"Off-Street","LC_Status":null,"LC_Class":null,"Description":null,"Implementer":null,"created_user":null,"created_date":null,"last_edited_user":"E167744","last_edited_date":1649166176000,"Proposed_Date":null,"Programmed_Date":null,"Existing_Date":null,"Shape__Length":103.74218047500395}},{"type":"Feature","id":3873,"geometry":{"type":"LineString","coordinates":[[-95.3809427251778,29.7795403827225],[-95.381261745871,29.7795238290999],[-95.3815605827643,29.7795481347394],[-95.3817972042698,29.7796090869731],[-95.382003770934,29.7797340617945],[-95.3821169841585,29.7798718434066],[-95.3823082970072,29.7801297358289],[-95.3824228600407,29.7802614010601],[-95.382544956551,29.780391223193],[-95.3827050950835,29.7805037443927],[-95.3828727981782,29.7805895360318],[-95.3830788442969,29.7806887819044]]},"properties":{"OBJECTID":3873,"Unique_ID":4171,"Full_Name":"WHITE OAK DR","Length_Miles":0.16111268,"Council_District":"H","KeyConnect":"N","Maintenance":null,"HoustonBikePlan_FundSource":null,"URL":null,"HC_Status":"Proposed","HC_Class":"Dedicated On-Street - HC","LC_Status":null,"LC_Class":null,"Description":null,"Implementer":"COH","created_user":null,"created_date":null,"last_edited_user":"E167744","last_edited_date":1649166176000,"Proposed_Date":null,"Programmed_Date":null,"Existing_Date":null,"Shape__Length":850.6749687846716}},{"type":"Feature","id":3874,"geometry":{"type":"LineString","coordinates":[[-95.3808128792072,29.7805742561104],[-95.38117908348,29.780599123394],[-95.3820032511428,29.7806447254878],[-95.3828499936263,29.7806792107519],[-95.3830788442969,29.7806887819044]]},"properties":{"OBJECTID":3874,"Unique_ID":4172,"Full_Name":"USENER ST","Length_Miles":0.13637345,"Council_District":"H","KeyConnect":"N","Maintenance":null,"HoustonBikePlan_FundSource":null,"URL":null,"HC_Status":"Proposed","HC_Class":"Dedicated On-Street - HC","LC_Status":null,"LC_Class":null,"Description":null,"Implementer":"COH","created_user":null,"created_date":null,"last_edited_user":"E167744","last_edited_date":1649166176000,"Proposed_Date":null,"Programmed_Date":null,"Existing_Date":null,"Shape__Length":720.0517934900511}},{"type":"Feature","id":3875,"geometry":{"type":"LineString","coordinates":[[-95.4063107226795,29.7804290426197],[-95.4063155911974,29.7813516687126]]},"properties":{"OBJECTID":3875,"Unique_ID":4174,"Full_Name":"PATTERSON BRIDGE","Length_Miles":0.06354261,"Council_District":"C","KeyConnect":"N","Maintenance":null,"HoustonBikePlan_FundSource":null,"URL":null,"HC_Status":"Proposed","HC_Class":"Off-Street","LC_Status":null,"LC_Class":null,"Description":null,"Implementer":"COH","created_user":null,"created_date":null,"last_edited_user":"E167744","last_edited_date":1649166176000,"Proposed_Date":null,"Programmed_Date":null,"Existing_Date":null,"Shape__Length":335.5049727953814}},{"type":"Feature","id":3877,"geometry":{"type":"LineString","coordinates":[[-95.4043114345974,29.7813867730581],[-95.4050287753051,29.7813696403637],[-95.4058679735521,29.7813582377888],[-95.4063155911974,29.7813516687126]]},"properties":{"OBJECTID":3877,"Unique_ID":4176,"Full_Name":"W 6TH ST","Length_Miles":0.12043228,"Council_District":"C","KeyConnect":"N","Maintenance":null,"HoustonBikePlan_FundSource":null,"URL":null,"HC_Status":"Proposed","HC_Class":"Shared On-Street - HC","LC_Status":null,"LC_Class":null,"Description":null,"Implementer":null,"created_user":null,"created_date":null,"last_edited_user":"E167744","last_edited_date":1649166176000,"Proposed_Date":null,"Programmed_Date":null,"Existing_Date":null,"Shape__Length":635.8824593823293}},{"type":"Feature","id":3880,"geometry":{"type":"LineString","coordinates":[[-95.3724611446014,29.7790201769176],[-95.3724741059474,29.779674080486],[-95.3724816050421,29.7804122339585],[-95.3724359900269,29.7806677746899]]},"properties":{"OBJECTID":3880,"Unique_ID":4179,"Full_Name":"HOUSTON AVE","Length_Miles":0.11369205,"Council_District":"H","KeyConnect":"N","Maintenance":null,"HoustonBikePlan_FundSource":null,"URL":null,"HC_Status":"Existing","HC_Class":"Dedicated On-Street - HC","LC_Status":null,"LC_Class":null,"Description":null,"Implementer":"TIRZ 5","created_user":null,"created_date":null,"last_edited_user":"E167744","last_edited_date":1649166176000,"Proposed_Date":null,"Programmed_Date":null,"Existing_Date":null,"Shape__Length":600.2940350574373}},{"type":"Feature","id":3882,"geometry":{"type":"LineString","coordinates":[[-95.3998558676163,29.7796396281189],[-95.3999017329703,29.7814325988662]]},"properties":{"OBJECTID":3882,"Unique_ID":4183,"Full_Name":"ALLSTON ST","Length_Miles":0.12351394,"Council_District":"C","KeyConnect":"N","Maintenance":null,"HoustonBikePlan_FundSource":null,"URL":null,"HC_Status":"Proposed","HC_Class":"Shared On-Street - HC","LC_Status":null,"LC_Class":null,"Description":null,"Implementer":"COH","created_user":null,"created_date":null,"last_edited_user":"E167744","last_edited_date":1649166176000,"Proposed_Date":null,"Programmed_Date":null,"Existing_Date":null,"Shape__Length":652.1535933571607}},{"type":"Feature","id":3886,"geometry":{"type":"LineString","coordinates":[[-95.3725622850705,29.7807574485694],[-95.3725943624906,29.7803693765356]]},"properties":{"OBJECTID":3886,"Unique_ID":4187,"Full_Name":"LITTLE WHITE OAK BAYOU","Length_Miles":0.02679619,"Council_District":"H","KeyConnect":"N","Maintenance":null,"HoustonBikePlan_FundSource":null,"URL":null,"HC_Status":"Proposed","HC_Class":"Off-Street","LC_Status":null,"LC_Class":null,"Description":null,"Implementer":"COH","created_user":null,"created_date":null,"last_edited_user":"E167744","last_edited_date":1649166176000,"Proposed_Date":null,"Programmed_Date":null,"Existing_Date":null,"Shape__Length":141.4839010228707}},{"type":"Feature","id":3887,"geometry":{"type":"LineString","coordinates":[[-95.3724359900269,29.7806677746899],[-95.3725622850705,29.7807574485694]]},"properties":{"OBJECTID":3887,"Unique_ID":4188,"Full_Name":"WHITE OAK DR","Length_Miles":0.00978335,"Council_District":"H","KeyConnect":"N","Maintenance":null,"HoustonBikePlan_FundSource":null,"URL":null,"HC_Status":"Proposed","HC_Class":"Dedicated On-Street - HC","LC_Status":null,"LC_Class":null,"Description":null,"Implementer":"COH","created_user":null,"created_date":null,"last_edited_user":"E167744","last_edited_date":1649166176000,"Proposed_Date":null,"Programmed_Date":null,"Existing_Date":null,"Shape__Length":51.65610192635687}},{"type":"Feature","id":3888,"geometry":{"type":"LineString","coordinates":[[-95.3724359900269,29.7806677746899],[-95.3723976959266,29.7807936477635]]},"properties":{"OBJECTID":3888,"Unique_ID":4189,"Full_Name":"HOUSTON AVE","Length_Miles":0.00896906,"Council_District":"H","KeyConnect":"N","Maintenance":null,"HoustonBikePlan_FundSource":null,"URL":null,"HC_Status":"Existing","HC_Class":"Dedicated On-Street - HC","LC_Status":null,"LC_Class":null,"Description":null,"Implementer":"TIRZ 5","created_user":null,"created_date":null,"last_edited_user":"E167744","last_edited_date":1649166176000,"Proposed_Date":null,"Programmed_Date":null,"Existing_Date":null,"Shape__Length":47.35664638701876}},{"type":"Feature","id":3889,"geometry":{"type":"LineString","coordinates":[[-95.3975214498439,29.7814725587516],[-95.3982842490647,29.7814593359794],[-95.3987955888972,29.7814515391933],[-95.3989938832352,29.7814536103877],[-95.3999017329703,29.7814325988662]]},"properties":{"OBJECTID":3889,"Unique_ID":4190,"Full_Name":"W 6TH ST","Length_Miles":0.1430369,"Council_District":"C","KeyConnect":"N","Maintenance":null,"HoustonBikePlan_FundSource":null,"URL":null,"HC_Status":"Proposed","HC_Class":"Shared On-Street - HC","LC_Status":null,"LC_Class":null,"Description":null,"Implementer":"COH","created_user":null,"created_date":null,"last_edited_user":"E167744","last_edited_date":1649166176000,"Proposed_Date":null,"Programmed_Date":null,"Existing_Date":null,"Shape__Length":755.2348346436218}},{"type":"Feature","id":3890,"geometry":{"type":"LineString","coordinates":[[-95.3974450127102,29.7769579391532],[-95.3974527909823,29.77779898994],[-95.3974831311194,29.7792905352197],[-95.3974908741824,29.7796435280087],[-95.3975214498439,29.7814725587516]]},"properties":{"OBJECTID":3890,"Unique_ID":4191,"Full_Name":"HEIGHTS BLVD","Length_Miles":0.31096091,"Council_District":"C","KeyConnect":"N","Maintenance":null,"HoustonBikePlan_FundSource":null,"URL":null,"HC_Status":"Existing","HC_Class":"Dedicated On-Street - HC","LC_Status":null,"LC_Class":null,"Description":"Bike Lane","Implementer":"COH","created_user":null,"created_date":null,"last_edited_user":"E167744","last_edited_date":1649166176000,"Proposed_Date":null,"Programmed_Date":null,"Existing_Date":null,"Shape__Length":1641.8736170670081}},{"type":"Feature","id":3891,"geometry":{"type":"LineString","coordinates":[[-95.3723976959266,29.7807936477635],[-95.3725551730119,29.7808434809251],[-95.3725622850705,29.7807574485694]]},"properties":{"OBJECTID":3891,"Unique_ID":4192,"Full_Name":"LITTLE WHITE OAK BAYOU","Length_Miles":0.01600476,"Council_District":"H","KeyConnect":"N","Maintenance":null,"HoustonBikePlan_FundSource":null,"URL":null,"HC_Status":"Proposed","HC_Class":"Off-Street","LC_Status":null,"LC_Class":null,"Description":null,"Implementer":"COH","created_user":null,"created_date":null,"last_edited_user":"E167744","last_edited_date":1649166176000,"Proposed_Date":null,"Programmed_Date":null,"Existing_Date":null,"Shape__Length":84.50514562800133}},{"type":"Feature","id":3896,"geometry":{"type":"LineString","coordinates":[[-95.3730069963859,29.7792061418367],[-95.3731432953382,29.7792668262241],[-95.3731998129602,29.7793054712927],[-95.3732976810301,29.7794091834154],[-95.3737373640146,29.7799774085955],[-95.3738137678883,29.7800774379851],[-95.3738948323165,29.7801835825722],[-95.3740300615259,29.7803375640086],[-95.3740923206735,29.7804141683184],[-95.3742340117126,29.7805485551809],[-95.3744633463224,29.7807209218485],[-95.3745363830566,29.7807662045155],[-95.3746197060899,29.7808187149696],[-95.3747759435878,29.7809020530029],[-95.3748796553309,29.7809531785782]]},"properties":{"OBJECTID":3896,"Unique_ID":4197,"Full_Name":"WHITE OAK BAYOU","Length_Miles":0.16734304,"Council_District":"H","KeyConnect":"N","Maintenance":null,"HoustonBikePlan_FundSource":null,"URL":null,"HC_Status":"Existing","HC_Class":"Off-Street","LC_Status":null,"LC_Class":null,"Description":null,"Implementer":"COH","created_user":null,"created_date":null,"last_edited_user":"E167744","last_edited_date":1649166176000,"Proposed_Date":null,"Programmed_Date":null,"Existing_Date":null,"Shape__Length":883.5712705095993}},{"type":"Feature","id":3899,"geometry":{"type":"LineString","coordinates":[[-95.3924626839976,29.7815580107468],[-95.3929361195174,29.781548974097],[-95.3940347765074,29.7815127166253],[-95.3951333896521,29.7814956141633],[-95.3962320835748,29.781497437162],[-95.3975214498439,29.7814725587516]]},"properties":{"OBJECTID":3899,"Unique_ID":4201,"Full_Name":"WHITE OAK DR","Length_Miles":0.30400496,"Council_District":"C","KeyConnect":"N","Maintenance":null,"HoustonBikePlan_FundSource":null,"URL":null,"HC_Status":"Proposed","HC_Class":"Dedicated On-Street - HC","LC_Status":null,"LC_Class":null,"Description":null,"Implementer":"COH","created_user":null,"created_date":null,"last_edited_user":"E167744","last_edited_date":1649166176000,"Proposed_Date":null,"Programmed_Date":null,"Existing_Date":null,"Shape__Length":1605.1461871550594}},{"type":"Feature","id":3900,"geometry":{"type":"LineString","coordinates":[[-95.3898221522504,29.7792778019349],[-95.3898822216003,29.7793287944565],[-95.3900174078056,29.7794435511278],[-95.3912659517725,29.7805232435427],[-95.39163243378,29.780843587695],[-95.3919407690114,29.7811050467485],[-95.3923125540564,29.7814303084916],[-95.3924626839976,29.7815580107468]]},"properties":{"OBJECTID":3900,"Unique_ID":4202,"Full_Name":"MKT TRAIL","Length_Miles":0.22322537,"Council_District":"C","KeyConnect":"N","Maintenance":null,"HoustonBikePlan_FundSource":null,"URL":null,"HC_Status":"Existing","HC_Class":"Off-Street","LC_Status":null,"LC_Class":null,"Description":null,"Implementer":"COH","created_user":null,"created_date":null,"last_edited_user":"E167744","last_edited_date":1649166176000,"Proposed_Date":null,"Programmed_Date":null,"Existing_Date":null,"Shape__Length":1178.6299642888175}},{"type":"Feature","id":3901,"geometry":{"type":"LineString","coordinates":[[-95.3772452503684,29.781166052325],[-95.3772867861005,29.7811528453414],[-95.377346373502,29.7811401262824],[-95.3775302150896,29.7810978077735],[-95.3777276938737,29.7810415269722],[-95.3780507471498,29.7809184244076],[-95.3781038217876,29.7809040955883],[-95.3781501285995,29.7808953166435],[-95.3782273139864,29.7808959690588],[-95.3782948519255,29.7808906297442],[-95.3783658775137,29.7808796518519],[-95.3784057215441,29.7808678322365],[-95.3786622641629,29.7807672910136],[-95.3790311007384,29.7806038665806],[-95.3793134269665,29.7804710628583],[-95.379421303307,29.7803937307536],[-95.3796089541505,29.7802440381533],[-95.3797034337844,29.7801276541656],[-95.3799748700522,29.7797925046209],[-95.3801610328923,29.7796384726192],[-95.3803222332887,29.7795396525109],[-95.3804774457623,29.7794707633462],[-95.3806386127404,29.7794192295646],[-95.3808071716232,29.7793908227474],[-95.3809678657116,29.7793763146121]]},"properties":{"OBJECTID":3901,"Unique_ID":4203,"Full_Name":"WHITE OAK BAYOU","Length_Miles":0.26400155,"Council_District":"H","KeyConnect":"N","Maintenance":null,"HoustonBikePlan_FundSource":null,"URL":null,"HC_Status":"Existing","HC_Class":"Off-Street","LC_Status":null,"LC_Class":null,"Description":null,"Implementer":"COH","created_user":null,"created_date":null,"last_edited_user":"E167744","last_edited_date":1649166176000,"Proposed_Date":null,"Programmed_Date":null,"Existing_Date":null,"Shape__Length":1393.9281795987172}},{"type":"Feature","id":3903,"geometry":{"type":"LineString","coordinates":[[-95.3748796553309,29.7809531785782],[-95.3750315715129,29.7810043044367],[-95.3752024776225,29.7810568906113],[-95.375412823477,29.781121162986],[-95.3755662014218,29.7811620636102],[-95.3757020483786,29.7812044243792],[-95.3758335164647,29.7812453252446],[-95.3759211590899,29.7812701578669],[-95.3759700681847,29.7812869032309]]},"properties":{"OBJECTID":3903,"Unique_ID":4206,"Full_Name":"WHITE OAK BAYOU","Length_Miles":0.06944168,"Council_District":"H","KeyConnect":"N","Maintenance":null,"HoustonBikePlan_FundSource":null,"URL":null,"HC_Status":"Existing","HC_Class":"Off-Street","LC_Status":null,"LC_Class":null,"Description":null,"Implementer":"COH","created_user":null,"created_date":null,"last_edited_user":"E167744","last_edited_date":1649166176000,"Proposed_Date":null,"Programmed_Date":null,"Existing_Date":null,"Shape__Length":366.65206502855193}},{"type":"Feature","id":3904,"geometry":{"type":"LineString","coordinates":[[-95.3765141036476,29.7813089163722],[-95.3766321380476,29.781293510923],[-95.3768092253772,29.7812603072758],[-95.3769973826814,29.7812151842494],[-95.3771429672024,29.7811828318805],[-95.3772034158153,29.781168357925],[-95.3772452503684,29.781166052325]]},"properties":{"OBJECTID":3904,"Unique_ID":4207,"Full_Name":"WHITE OAK BAYOU","Length_Miles":0.04508605,"Council_District":"H","KeyConnect":"N","Maintenance":null,"HoustonBikePlan_FundSource":null,"URL":null,"HC_Status":"Existing","HC_Class":"Off-Street","LC_Status":null,"LC_Class":null,"Description":null,"Implementer":"COH","created_user":null,"created_date":null,"last_edited_user":"E167744","last_edited_date":1649166176000,"Proposed_Date":null,"Programmed_Date":null,"Existing_Date":null,"Shape__Length":238.05431920476332}},{"type":"Feature","id":3905,"geometry":{"type":"LineString","coordinates":[[-95.3765141036476,29.7813089163722],[-95.3765010178162,29.7812559736366],[-95.3766312935272,29.7812405064912],[-95.3767621580681,29.7812199686525],[-95.3768918611854,29.7811909648402],[-95.3769075700776,29.7811883096291],[-95.376909264844,29.7811880232655],[-95.3769894010423,29.7811744769877],[-95.3771036150185,29.781151872047],[-95.3772231850409,29.7811191539676],[-95.3773308540478,29.781078108412],[-95.3774141348666,29.7810382522202],[-95.3774712448225,29.7810049405718],[-95.3775081238807,29.7809805509812],[-95.3775592828558,29.7809359360211],[-95.3776033045092,29.7808764490871],[-95.377632450984,29.7808502753254],[-95.3776615994658,29.7808199367415],[-95.3776990771188,29.780789003653],[-95.3777436910209,29.7807586660129],[-95.377867900637,29.7806742492881],[-95.3780084069731,29.7805742578921],[-95.3780952561517,29.7805284526156],[-95.3782472117072,29.7804736235287],[-95.3782494055394,29.7804728325085],[-95.3782683620058,29.7804659917126],[-95.3783845762329,29.7804084147719],[-95.3784942242805,29.7803479387866],[-95.3785806667815,29.7802899119423],[-95.3787032092382,29.7802238817208],[-95.3788126635732,29.780168558946],[-95.379072620131,29.7800263865027],[-95.3791731517904,29.77996035604],[-95.3792225257085,29.7799199058527],[-95.3792623817634,29.779881239426],[-95.3793391206159,29.7797985528791],[-95.379411693021,29.7797164614183],[-95.3795259075714,29.7796081957277],[-95.3795525949271,29.7795830626941],[-95.3795538806426,29.7795818517565],[-95.3795871785068,29.7795504938271],[-95.3796359572708,29.7795112333681],[-95.3797195860795,29.7794680697181],[-95.3798496984437,29.7794082943907],[-95.38007952565,29.7793159860051],[-95.380201674527,29.779273286589],[-95.3803137566495,29.7792345423309],[-95.3805288279647,29.7791722849622],[-95.3806416254385,29.7791568212795],[-95.3807052771426,29.7791637133754],[-95.3808072523144,29.7791857750968],[-95.3809198103973,29.7792061294476],[-95.3809683667032,29.7792074406442],[-95.3809697333217,29.7792074775476],[-95.3809861379125,29.779207920527],[-95.3809938319773,29.7792068492243]]},"properties":{"OBJECTID":3905,"Unique_ID":4208,"Full_Name":"WHITE OAK BAYOU","Length_Miles":0.31983775,"Council_District":"H","KeyConnect":"N","Maintenance":null,"HoustonBikePlan_FundSource":null,"URL":null,"HC_Status":"Existing","HC_Class":"Off-Street","LC_Status":null,"LC_Class":null,"Description":null,"Implementer":null,"created_user":null,"created_date":null,"last_edited_user":"E167744","last_edited_date":1649166176000,"Proposed_Date":null,"Programmed_Date":null,"Existing_Date":null,"Shape__Length":1688.7432989693161}},{"type":"Feature","id":3906,"geometry":{"type":"LineString","coordinates":[[-95.3759700681847,29.7812869032309],[-95.3760701779646,29.7813047396604],[-95.3761429079766,29.7813130808023],[-95.376216671465,29.7813196237677],[-95.3763261271522,29.7813190294537],[-95.3764272531644,29.7813154594393],[-95.3765141036476,29.7813089163722]]},"properties":{"OBJECTID":3906,"Unique_ID":4209,"Full_Name":"WHITE OAK BAYOU","Length_Miles":0.03289385,"Council_District":"H","KeyConnect":"N","Maintenance":null,"HoustonBikePlan_FundSource":null,"URL":null,"HC_Status":"Existing","HC_Class":"Off-Street","LC_Status":null,"LC_Class":null,"Description":null,"Implementer":"COH","created_user":null,"created_date":null,"last_edited_user":"E167744","last_edited_date":1649166176000,"Proposed_Date":null,"Programmed_Date":null,"Existing_Date":null,"Shape__Length":173.67955219470838}},{"type":"Feature","id":3907,"geometry":{"type":"LineString","coordinates":[[-95.3876870371419,29.7816329755179],[-95.3886179717245,29.7816137790826],[-95.3887400329274,29.7816137652292],[-95.3899148848936,29.781600341147],[-95.3906929495825,29.7815927828358],[-95.3918299510349,29.7815699956583],[-95.3924325520699,29.7815585861617],[-95.3924626839976,29.7815580107468]]},"properties":{"OBJECTID":3907,"Unique_ID":4210,"Full_Name":"WHITE OAK DR","Length_Miles":0.2869634,"Council_District":"C","KeyConnect":"N","Maintenance":null,"HoustonBikePlan_FundSource":null,"URL":null,"HC_Status":"Proposed","HC_Class":"Dedicated On-Street - HC","LC_Status":null,"LC_Class":null,"Description":null,"Implementer":"COH","created_user":null,"created_date":null,"last_edited_user":"E167744","last_edited_date":1649166176000,"Proposed_Date":null,"Programmed_Date":null,"Existing_Date":null,"Shape__Length":1515.1667668862551}},{"type":"Feature","id":3908,"geometry":{"type":"LineString","coordinates":[[-95.3870385698331,29.7794392869832],[-95.3870385287644,29.7794509617508],[-95.3870613888493,29.7798112481897],[-95.3870994886263,29.7800332322521],[-95.3871147881955,29.7801222125217],[-95.3871998938972,29.7803344386164],[-95.3874581515668,29.7809785442336],[-95.3875955300321,29.7812551158102],[-95.3876870371419,29.7816329755179]]},"properties":{"OBJECTID":3908,"Unique_ID":4211,"Full_Name":"STUDEWOOD ST","Length_Miles":0.15714722,"Council_District":"C","KeyConnect":"N","Maintenance":"COH-NW","HoustonBikePlan_FundSource":null,"URL":null,"HC_Status":"Proposed","HC_Class":"Dedicated On-Street - HC","LC_Status":null,"LC_Class":null,"Description":null,"Implementer":"COH","created_user":null,"created_date":null,"last_edited_user":"E167744","last_edited_date":1649166176000,"Proposed_Date":null,"Programmed_Date":null,"Existing_Date":null,"Shape__Length":829.7373149857714}},{"type":"Feature","id":3909,"geometry":{"type":"LineString","coordinates":[[-95.3842308775687,29.7816767710335],[-95.3857185884735,29.7816633117038],[-95.3859399021795,29.7816614645516],[-95.3876870371419,29.7816329755179]]},"properties":{"OBJECTID":3909,"Unique_ID":4213,"Full_Name":"WHITE OAK DR","Length_Miles":0.20766316,"Council_District":"H","KeyConnect":"N","Maintenance":null,"HoustonBikePlan_FundSource":null,"URL":null,"HC_Status":"Proposed","HC_Class":"Dedicated On-Street - HC","LC_Status":null,"LC_Class":null,"Description":null,"Implementer":"COH","created_user":null,"created_date":null,"last_edited_user":"E167744","last_edited_date":1649166176000,"Proposed_Date":null,"Programmed_Date":null,"Existing_Date":null,"Shape__Length":1096.4615086182002}},{"type":"Feature","id":3910,"geometry":{"type":"LineString","coordinates":[[-95.3830788442969,29.7806887819044],[-95.3830788416074,29.7809098780024],[-95.3830866016418,29.7810835033785],[-95.3831169643124,29.7812934171793],[-95.383170341158,29.7814002185825],[-95.3832543397167,29.7815126854606],[-95.3834222368401,29.781608063279],[-95.3836663972336,29.7816747054155],[-95.3842308775687,29.7816767710335]]},"properties":{"OBJECTID":3910,"Unique_ID":4215,"Full_Name":"WHITE OAK DR","Length_Miles":0.12035449,"Council_District":"H","KeyConnect":"N","Maintenance":null,"HoustonBikePlan_FundSource":null,"URL":null,"HC_Status":"Proposed","HC_Class":"Dedicated On-Street - HC","LC_Status":null,"LC_Class":null,"Description":null,"Implementer":"COH","created_user":null,"created_date":null,"last_edited_user":"E167744","last_edited_date":1649166176000,"Proposed_Date":null,"Programmed_Date":null,"Existing_Date":null,"Shape__Length":635.4717085037207}},{"type":"Feature","id":3914,"geometry":{"type":"LineString","coordinates":[[-95.4108400773863,29.7809254646589],[-95.4108643871568,29.7816518942999],[-95.4108563336815,29.7821861808282],[-95.4108811906804,29.7823962714665],[-95.4109017548572,29.7826043533654]]},"properties":{"OBJECTID":3914,"Unique_ID":4219,"Full_Name":"DURHAM DR","Length_Miles":0.11578083,"Council_District":"C","KeyConnect":"N","Maintenance":"COH-NW","HoustonBikePlan_FundSource":null,"URL":null,"HC_Status":"Programmed","HC_Class":"Dedicated On-Street - HC","LC_Status":null,"LC_Class":null,"Description":null,"Implementer":"TIRZ 5","created_user":null,"created_date":null,"last_edited_user":"E167744","last_edited_date":1649166176000,"Proposed_Date":null,"Programmed_Date":null,"Existing_Date":null,"Shape__Length":611.3228018553802}},{"type":"Feature","id":3915,"geometry":{"type":"LineString","coordinates":[[-95.4159386056977,29.7805972973627],[-95.4159463842249,29.7813258177468],[-95.4159538866548,29.7820561909534],[-95.4159616528438,29.7823920634429],[-95.4159692065436,29.7827886343154]]},"properties":{"OBJECTID":3915,"Unique_ID":4220,"Full_Name":"DETERING ST","Length_Miles":0.15093169,"Council_District":"C","KeyConnect":"N","Maintenance":null,"HoustonBikePlan_FundSource":null,"URL":null,"HC_Status":"Programmed","HC_Class":"Shared On-Street - HC","LC_Status":null,"LC_Class":null,"Description":null,"Implementer":"COH","created_user":null,"created_date":null,"last_edited_user":"E167744","last_edited_date":1649166176000,"Proposed_Date":null,"Programmed_Date":null,"Existing_Date":null,"Shape__Length":796.919309888596}},{"type":"Feature","id":3916,"geometry":{"type":"LineString","coordinates":[[-95.4159692065436,29.7827886343154],[-95.4176552354916,29.7827607082992]]},"properties":{"OBJECTID":3916,"Unique_ID":4221,"Full_Name":"EGBERT ST","Length_Miles":0.10131052,"Council_District":"C","KeyConnect":"N","Maintenance":null,"HoustonBikePlan_FundSource":null,"URL":null,"HC_Status":"Programmed","HC_Class":"Off-Street","LC_Status":null,"LC_Class":null,"Description":"Shared-Use Path","Implementer":null,"created_user":null,"created_date":null,"last_edited_user":"E167744","last_edited_date":1649166176000,"Proposed_Date":null,"Programmed_Date":null,"Existing_Date":null,"Shape__Length":534.9195555153309}},{"type":"Feature","id":3917,"geometry":{"type":"LineString","coordinates":[[-95.4148813279704,29.7828054673949],[-95.4150537663908,29.7827963875898],[-95.4159692065436,29.7827886343154]]},"properties":{"OBJECTID":3917,"Unique_ID":4222,"Full_Name":"EGBERT ST","Length_Miles":0.06537837,"Council_District":"C","KeyConnect":"N","Maintenance":null,"HoustonBikePlan_FundSource":null,"URL":null,"HC_Status":"Programmed","HC_Class":"Off-Street","LC_Status":null,"LC_Class":null,"Description":null,"Implementer":"COH","created_user":null,"created_date":null,"last_edited_user":"E167744","last_edited_date":1649166176000,"Proposed_Date":null,"Programmed_Date":null,"Existing_Date":null,"Shape__Length":345.1977976962466}},{"type":"Feature","id":3919,"geometry":{"type":"LineString","coordinates":[[-95.3725622850705,29.7807574485694],[-95.3728631069798,29.7809710438716],[-95.3731225840739,29.7812380041853],[-95.3731453526106,29.7812589951831],[-95.3734740955361,29.7815594737135],[-95.3738011254668,29.781716657375],[-95.3738984128739,29.7817505775773],[-95.3740228086129,29.7817783158366],[-95.3741566263114,29.7817864277909],[-95.3746483353946,29.7817625524423],[-95.3748434742104,29.7817673550917],[-95.3749536221554,29.7817700653885],[-95.3750828238245,29.7817947706277],[-95.375194996662,29.7818236304815],[-95.3752580878917,29.7818429540314],[-95.3753885563874,29.7819017505812],[-95.3755874716894,29.7819025543922],[-95.3757222607801,29.7818972856478],[-95.3758256121166,29.7818940371173],[-95.3759306068664,29.781887608646],[-95.3760323367966,29.7818749221358],[-95.3761261531868,29.7818586131339],[-95.3762273586547,29.7818315338336],[-95.3763455536298,29.7817961047555],[-95.3764589787999,29.7817540194863],[-95.3773741527324,29.7813537774804],[-95.3776848664394,29.7812361643867],[-95.3785852523461,29.7808774738331],[-95.3795236804621,29.7804713349584],[-95.3796608223549,29.7803663748253],[-95.3797753772639,29.7802518274931],[-95.379912751952,29.7800516997388],[-95.3800195378987,29.779906613012],[-95.3801721444282,29.7797656017496],[-95.3803704717444,29.7796510364119],[-95.3806373960605,29.7795748403954],[-95.3809427251778,29.7795403827225]]},"properties":{"OBJECTID":3919,"Unique_ID":4225,"Full_Name":"WHITE OAK DR","Length_Miles":0.5806829,"Council_District":"H","KeyConnect":"N","Maintenance":null,"HoustonBikePlan_FundSource":null,"URL":null,"HC_Status":"Proposed","HC_Class":"Dedicated On-Street - HC","LC_Status":null,"LC_Class":null,"Description":null,"Implementer":"COH","created_user":null,"created_date":null,"last_edited_user":"E167744","last_edited_date":1649166176000,"Proposed_Date":null,"Programmed_Date":null,"Existing_Date":null,"Shape__Length":3066.005700267934}},{"type":"Feature","id":3926,"geometry":{"type":"LineString","coordinates":[[-95.4265741619084,29.7790196955052],[-95.4265817053205,29.7797616973829],[-95.4265894794766,29.7804788652857],[-95.4266045315583,29.7812073910295],[-95.4266198080583,29.7819341543106],[-95.4266275645547,29.7823671985975],[-95.4266428257295,29.7824263091551],[-95.4266387582519,29.7826006679924],[-95.4266423904416,29.7826383474544],[-95.4266628284652,29.7826822519256],[-95.4266790513075,29.7827375735241],[-95.4267256672579,29.7829586696198],[-95.4267358874854,29.783007523472],[-95.4267453212701,29.7830789126048],[-95.4267421158011,29.7831359358237],[-95.4267232621442,29.7834714155671],[-95.4267194398857,29.7835394265054]]},"properties":{"OBJECTID":3926,"Unique_ID":4232,"Full_Name":"SHERWIN ST","Length_Miles":0.31215935,"Council_District":"C","KeyConnect":"N","Maintenance":null,"HoustonBikePlan_FundSource":null,"URL":null,"HC_Status":"Proposed","HC_Class":"Shared On-Street - HC","LC_Status":null,"LC_Class":null,"Description":null,"Implementer":"COH","created_user":null,"created_date":null,"last_edited_user":"E167744","last_edited_date":1649166176000,"Proposed_Date":null,"Programmed_Date":null,"Existing_Date":null,"Shape__Length":1648.2013445264017}},{"type":"Feature","id":3933,"geometry":{"type":"LineString","coordinates":[[-95.4267194398857,29.7835394265054],[-95.4304574710844,29.7836259273056],[-95.4348762132275,29.7837550012835],[-95.4356801316203,29.7836076893983]]},"properties":{"OBJECTID":3933,"Unique_ID":4239,"Full_Name":"EUREKA WEST BELT","Length_Miles":0.53961253,"Council_District":"C","KeyConnect":"N","Maintenance":null,"HoustonBikePlan_FundSource":null,"URL":null,"HC_Status":"Proposed","HC_Class":"Off-Street","LC_Status":null,"LC_Class":null,"Description":null,"Implementer":"COH","created_user":null,"created_date":null,"last_edited_user":"E167744","last_edited_date":1649166176000,"Proposed_Date":null,"Programmed_Date":null,"Existing_Date":null,"Shape__Length":2849.1541381347643}},{"type":"Feature","id":3934,"geometry":{"type":"LineString","coordinates":[[-95.4181436828262,29.7805724245559],[-95.4181283719819,29.7813180959826],[-95.41808251955,29.7820390894775],[-95.4179985516651,29.7824454937088],[-95.4179223282155,29.7827619563529],[-95.4177927373092,29.7833513013495],[-95.4177835717404,29.7833833116432]]},"properties":{"OBJECTID":3934,"Unique_ID":4240,"Full_Name":"T C JESTER BLVD","Length_Miles":0.19540702,"Council_District":"C","KeyConnect":"N","Maintenance":"COH-NW","HoustonBikePlan_FundSource":null,"URL":null,"HC_Status":"Proposed","HC_Class":"Dedicated On-Street - HC","LC_Status":"Existing","LC_Class":"Shared On-Street - LC","Description":"Signed Bike Route","Implementer":"COH","created_user":null,"created_date":null,"last_edited_user":"E167744","last_edited_date":1649166176000,"Proposed_Date":null,"Programmed_Date":null,"Existing_Date":null,"Shape__Length":1031.749045899851}},{"type":"Feature","id":3935,"geometry":{"type":"LineString","coordinates":[[-95.4148350016843,29.7833482869115],[-95.4177835717404,29.7833833116432]]},"properties":{"OBJECTID":3935,"Unique_ID":4241,"Full_Name":"EUREKA WEST BELT","Length_Miles":0.17715787,"Council_District":"C","KeyConnect":"N","Maintenance":null,"HoustonBikePlan_FundSource":null,"URL":null,"HC_Status":"Proposed","HC_Class":"Off-Street","LC_Status":null,"LC_Class":null,"Description":null,"Implementer":"COH","created_user":null,"created_date":null,"last_edited_user":"E167744","last_edited_date":1649166176000,"Proposed_Date":null,"Programmed_Date":null,"Existing_Date":null,"Shape__Length":935.3935511449453}},{"type":"Feature","id":3936,"geometry":{"type":"LineString","coordinates":[[-95.4109017548572,29.7826043533654],[-95.4109564752699,29.7828066585547],[-95.41102556073,29.7829668524717],[-95.4110876386231,29.7831313186925],[-95.4111394037375,29.7832570106702]]},"properties":{"OBJECTID":3936,"Unique_ID":4242,"Full_Name":"N DURHAM DR","Length_Miles":0.04722633,"Council_District":"C","KeyConnect":"N","Maintenance":"COH-NW","HoustonBikePlan_FundSource":null,"URL":null,"HC_Status":"Programmed","HC_Class":"Dedicated On-Street - HC","LC_Status":null,"LC_Class":null,"Description":null,"Implementer":"TIRZ 5","created_user":null,"created_date":null,"last_edited_user":"E167744","last_edited_date":1649166176000,"Proposed_Date":null,"Programmed_Date":null,"Existing_Date":null,"Shape__Length":249.35503727915525}},{"type":"Feature","id":3937,"geometry":{"type":"LineString","coordinates":[[-95.4108400773863,29.7809254646589],[-95.4108977939099,29.7810168159861],[-95.4109024930583,29.7810245394438],[-95.410906907357,29.7810323888657],[-95.4109110318907,29.7810403568988],[-95.4109148649094,29.7810484344699],[-95.4109184014661,29.7810566151279],[-95.4109216387769,29.7810648897717],[-95.4109403988847,29.7811154631284],[-95.4109439657804,29.7811250753004],[-95.4109629007524,29.7811761200059],[-95.4109660751092,29.7811842431223],[-95.4109681843021,29.7811891432314],[-95.41096953405,29.7811922772756],[-95.4109732768585,29.7812002134204],[-95.4109772975225,29.7812080459795],[-95.4109815932579,29.7812157658519],[-95.4109861632851,29.7812233657956],[-95.4110723490487,29.7813614785097],[-95.411105552598,29.7814132518913],[-95.4111505222972,29.7814833771087],[-95.411154252771,29.7814891943943],[-95.4113498412712,29.7817941803978],[-95.4113796770092,29.7818359831025],[-95.4113826672979,29.7818398696492],[-95.411387885097,29.7818466474552],[-95.4114111480588,29.781876863749],[-95.4114442168822,29.7819167716852],[-95.4114788447178,29.7819556616421],[-95.4115149907991,29.781993486492],[-95.4115526101609,29.7820302007997],[-95.4115916588084,29.7820657609616],[-95.4116152807146,29.782085837418],[-95.411632091649,29.7821001251498],[-95.4116738594231,29.7821332523277],[-95.4117169118054,29.7821651023326],[-95.4117611983751,29.7821956377074],[-95.4118040580224,29.7822234675312],[-95.4118479932075,29.7822499920167],[-95.4118929511876,29.7822751808662],[-95.4119388740191,29.7822990045454],[-95.4119857120287,29.7823214337412],[-95.4120334061117,29.7823424424991],[-95.4120819023007,29.7823620059043],[-95.4121311445285,29.7823800998891],[-95.4121810703986,29.7823967038266],[-95.4122316195496,29.7824117980473],[-95.4122827387936,29.7824253648791],[-95.4123594766924,29.7824411402306],[-95.4124367911375,29.7824546165738],[-95.4125145895902,29.7824657769887],[-95.4125927782873,29.7824746099382],[-95.4126712686031,29.7824811049258],[-95.4129434661835,29.7824885085003],[-95.4129545701688,29.7824889817019],[-95.4129656486939,29.7824897963257],[-95.4129766883513,29.7824909511103],[-95.4129876736976,29.782492443837],[-95.4129985922959,29.7824942750756],[-95.4130094298315,29.7824964399299],[-95.4130201739309,29.7824989371659],[-95.4130308091824,29.7825017636633],[-95.413041324373,29.7825049146088],[-95.413292865338,29.7825846599777],[-95.4133024764129,29.7825878625296],[-95.4133119619989,29.7825913379337],[-95.413321312982,29.7825950805301],[-95.4133305180859,29.7825990873091],[-95.4133395702325,29.7826033535681],[-95.4133484571115,29.7826078762698],[-95.4133571696408,29.7826126488525],[-95.4133656986749,29.7826176665584],[-95.4133740361021,29.7826229246571],[-95.4133821717746,29.7826284174612],[-95.4133900986463,29.7826341393662],[-95.4133978076667,29.7826400829089],[-95.4134630528641,29.7826920758168],[-95.4134852955571,29.7827103972751],[-95.4135068234985,29.7827293585377],[-95.4135276126702,29.7827489363961],[-95.4135476379248,29.7827691103192],[-95.4135668783136,29.7827898580832],[-95.413585312983,29.782811154759],[-95.4136029209842,29.7828329781226],[-95.4136196814632,29.7828553032448],[-95.413635574632,29.7828781043223],[-95.4136505858076,29.7829013574934],[-95.4136646973327,29.7829250352065],[-95.4136805954636,29.7829549935243],[-95.4136953271184,29.7829854017395],[-95.4137088748611,29.7830162259881],[-95.4137212243889,29.7830474315869],[-95.4137259980973,29.7830609591637],[-95.4137323603968,29.7830789829235],[-95.413742269679,29.7831108435387],[-95.4137427796414,29.7831127319886],[-95.4137509452325,29.7831429771396],[-95.4137583696846,29.783175348058],[-95.4137645633877,29.7832020805863],[-95.4137717655819,29.7832286189494],[-95.4137959146634,29.7833114405792],[-95.4137986147263,29.7833237022128],[-95.4138007786816,29.7833335240807],[-95.4138040073576,29.7833481738282]]},"properties":{"OBJECTID":3937,"Unique_ID":4243,"Full_Name":"WHITE OAK BAYOU","Length_Miles":0.26547152,"Council_District":"C","KeyConnect":"N","Maintenance":null,"HoustonBikePlan_FundSource":null,"URL":null,"HC_Status":"Existing","HC_Class":"Off-Street","LC_Status":null,"LC_Class":null,"Description":null,"Implementer":null,"created_user":null,"created_date":null,"last_edited_user":"E167744","last_edited_date":1649166176000,"Proposed_Date":null,"Programmed_Date":null,"Existing_Date":null,"Shape__Length":1401.6896476538466}},{"type":"Feature","id":3938,"geometry":{"type":"LineString","coordinates":[[-95.4138040073576,29.7833481738282],[-95.4140376526104,29.7833549001052],[-95.4141100030648,29.7833583414734]]},"properties":{"OBJECTID":3938,"Unique_ID":4244,"Full_Name":"MKT","Length_Miles":0.01839743,"Council_District":"C","KeyConnect":"N","Maintenance":null,"HoustonBikePlan_FundSource":null,"URL":null,"HC_Status":"Existing","HC_Class":"Off-Street","LC_Status":null,"LC_Class":null,"Description":null,"Implementer":"COH","created_user":null,"created_date":null,"last_edited_user":"E167744","last_edited_date":1649166176000,"Proposed_Date":null,"Programmed_Date":null,"Existing_Date":null,"Shape__Length":97.13841203317656}},{"type":"Feature","id":3939,"geometry":{"type":"LineString","coordinates":[[-95.4141100030648,29.7833583414734],[-95.4142139082849,29.7833709846624],[-95.4143145340774,29.7833687131057],[-95.4144147352076,29.7833603309068],[-95.414463518845,29.7833552028013],[-95.4145126491997,29.7833546053272],[-95.414561575535,29.7833585454145],[-95.4146097499545,29.7833669786188],[-95.4146434584315,29.7833768779696],[-95.4146784762096,29.7833822945737],[-95.41471403142,29.7833831084907],[-95.4147493269329,29.7833793002024],[-95.4147765984201,29.783370057239],[-95.4148054435205,29.7833620289059],[-95.4148350016843,29.7833482869115]]},"properties":{"OBJECTID":3939,"Unique_ID":6634,"Full_Name":"MKT","Length_Miles":0.04434081,"Council_District":"C","KeyConnect":"N","Maintenance":null,"HoustonBikePlan_FundSource":null,"URL":null,"HC_Status":"Existing","HC_Class":"Off-Street","LC_Status":null,"LC_Class":null,"Description":null,"Implementer":"COH","created_user":null,"created_date":null,"last_edited_user":"E167744","last_edited_date":1649169294000,"Proposed_Date":null,"Programmed_Date":null,"Existing_Date":null,"Shape__Length":234.11948571926703}},{"type":"Feature","id":3940,"geometry":{"type":"LineString","coordinates":[[-95.4111394037375,29.7832570106702],[-95.411167637902,29.7832574417418],[-95.4113699966726,29.783265193478],[-95.4115720519606,29.7832776007785],[-95.4118956274651,29.7833051724765],[-95.4122198153565,29.7833266064132],[-95.4125035380226,29.7833336983106],[-95.4127873784829,29.783333882068],[-95.4129488223424,29.7833304573358],[-95.4131103129934,29.7833300855223],[-95.4132955937622,29.7833327548236],[-95.4134807699681,29.7833388682915],[-95.4138040073576,29.7833481738282]]},"properties":{"OBJECTID":3940,"Unique_ID":4246,"Full_Name":"MKT TRAIL","Length_Miles":0.16030201,"Council_District":"C","KeyConnect":"N","Maintenance":null,"HoustonBikePlan_FundSource":null,"URL":null,"HC_Status":"Existing","HC_Class":"Off-Street","LC_Status":null,"LC_Class":null,"Description":null,"Implementer":"COH","created_user":null,"created_date":null,"last_edited_user":"E167744","last_edited_date":1649166176000,"Proposed_Date":null,"Programmed_Date":null,"Existing_Date":null,"Shape__Length":846.3946178739118}},{"type":"Feature","id":3942,"geometry":{"type":"LineString","coordinates":[[-95.4097445105547,29.7832840184601],[-95.4097783288668,29.7833008083151],[-95.4098028216827,29.7833063432371],[-95.4098279528299,29.7833089128942],[-95.40985324903,29.7833084694052],[-95.4101847887575,29.7832811616626],[-95.4103770705194,29.7832677865347],[-95.4105697198847,29.783259371115],[-95.4107625699319,29.7832559253732],[-95.4109651161229,29.783254352039],[-95.4111394037375,29.7832570106702]]},"properties":{"OBJECTID":3942,"Unique_ID":4249,"Full_Name":"MKT TRAIL","Length_Miles":0.08431068,"Council_District":"C","KeyConnect":"N","Maintenance":null,"HoustonBikePlan_FundSource":null,"URL":null,"HC_Status":"Existing","HC_Class":"Off-Street","LC_Status":null,"LC_Class":null,"Description":null,"Implementer":"COH","created_user":null,"created_date":null,"last_edited_user":"E167744","last_edited_date":1649166176000,"Proposed_Date":null,"Programmed_Date":null,"Existing_Date":null,"Shape__Length":445.1603892762285}},{"type":"Feature","id":3945,"geometry":{"type":"LineString","coordinates":[[-95.4065096698713,29.78333264712],[-95.4064213650003,29.7814530437994],[-95.4063155911974,29.7813516687126]]},"properties":{"OBJECTID":3945,"Unique_ID":4252,"Full_Name":"PATTERSON CONNECTION","Length_Miles":0.13899911,"Council_District":"C","KeyConnect":"N","Maintenance":null,"HoustonBikePlan_FundSource":null,"URL":null,"HC_Status":"Proposed","HC_Class":"Off-Street","LC_Status":null,"LC_Class":null,"Description":null,"Implementer":null,"created_user":null,"created_date":null,"last_edited_user":"E167744","last_edited_date":1649166176000,"Proposed_Date":null,"Programmed_Date":null,"Existing_Date":null,"Shape__Length":733.9153079348205}},{"type":"Feature","id":3946,"geometry":{"type":"LineString","coordinates":[[-95.4065096698713,29.78333264712],[-95.4066307598372,29.7833100200735],[-95.4067569187745,29.7833038496644],[-95.4071350562088,29.7832948804902],[-95.4072388283419,29.7833024391002],[-95.4074130452469,29.7833309914377],[-95.4076855646449,29.7833669552013],[-95.4077729263464,29.7833740735473],[-95.4092359117479,29.7833464056619],[-95.4093458426223,29.7833433653257],[-95.4094697563636,29.7833396208266],[-95.4095107768586,29.7833245740193],[-95.4095658766679,29.7833038493849],[-95.4095837093782,29.7832901988055],[-95.4096085488024,29.7832747184982],[-95.4096447311023,29.7832655961238],[-95.4096783909286,29.7832624611516],[-95.4097076378243,29.7832711021922],[-95.4097441505261,29.7832838400201],[-95.4097445105547,29.7832840184601]]},"properties":{"OBJECTID":3946,"Unique_ID":4253,"Full_Name":"MKT TRAIL","Length_Miles":0.19653756,"Council_District":"C","KeyConnect":"N","Maintenance":null,"HoustonBikePlan_FundSource":null,"URL":null,"HC_Status":"Existing","HC_Class":"Off-Street","LC_Status":null,"LC_Class":null,"Description":null,"Implementer":"COH","created_user":null,"created_date":null,"last_edited_user":"E167744","last_edited_date":1649166176000,"Proposed_Date":null,"Programmed_Date":null,"Existing_Date":null,"Shape__Length":1037.7183232698796}},{"type":"Feature","id":3949,"geometry":{"type":"LineString","coordinates":[[-95.4043114345974,29.7813867730581],[-95.4043191416072,29.7819380186776],[-95.4043266964891,29.7821252690581],[-95.4043267200332,29.7824854001122],[-95.4043267029996,29.7830940726906],[-95.4043266995915,29.7831892925009],[-95.4043419730916,29.7833761875322],[-95.4043452477848,29.7834162610791]]},"properties":{"OBJECTID":3949,"Unique_ID":4257,"Full_Name":"WAVERLY ST","Length_Miles":0.13982286,"Council_District":"C","KeyConnect":"N","Maintenance":null,"HoustonBikePlan_FundSource":null,"URL":null,"HC_Status":"Proposed","HC_Class":"Shared On-Street - HC","LC_Status":null,"LC_Class":null,"Description":null,"Implementer":null,"created_user":null,"created_date":null,"last_edited_user":"E167744","last_edited_date":1649166176000,"Proposed_Date":null,"Programmed_Date":null,"Existing_Date":null,"Shape__Length":738.2647242604719}},{"type":"Feature","id":3952,"geometry":{"type":"LineString","coordinates":[[-95.3999017329703,29.7814325988662],[-95.3999092688315,29.7819608149789],[-95.3999543598293,29.7834051860156],[-95.3999545002598,29.7834096795857]]},"properties":{"OBJECTID":3952,"Unique_ID":4261,"Full_Name":"ALLSTON ST","Length_Miles":0.13620287,"Council_District":"C","KeyConnect":"N","Maintenance":null,"HoustonBikePlan_FundSource":null,"URL":null,"HC_Status":"Proposed","HC_Class":"Shared On-Street - HC","LC_Status":null,"LC_Class":null,"Description":null,"Implementer":"COH","created_user":null,"created_date":null,"last_edited_user":"E167744","last_edited_date":1649166176000,"Proposed_Date":null,"Programmed_Date":null,"Existing_Date":null,"Shape__Length":719.1511495131397}},{"type":"Feature","id":3953,"geometry":{"type":"LineString","coordinates":[[-95.3999545002598,29.7834096795857],[-95.4003085075948,29.7834030764928],[-95.4005601527851,29.7834098349216],[-95.4007177869864,29.7834427274978],[-95.4008053166869,29.7834450780661],[-95.400980880271,29.7834354629511],[-95.4015886121731,29.7834374513111],[-95.4018734173727,29.7834355447816],[-95.4029090313691,29.7834155774272],[-95.4033690632187,29.7834135935904],[-95.4043452477848,29.7834162610791]]},"properties":{"OBJECTID":3953,"Unique_ID":4262,"Full_Name":"MKT TRAIL","Length_Miles":0.26410213,"Council_District":"C","KeyConnect":"N","Maintenance":null,"HoustonBikePlan_FundSource":null,"URL":null,"HC_Status":"Existing","HC_Class":"Off-Street","LC_Status":null,"LC_Class":null,"Description":null,"Implementer":"COH","created_user":null,"created_date":null,"last_edited_user":"E167744","last_edited_date":1649166176000,"Proposed_Date":null,"Programmed_Date":null,"Existing_Date":null,"Shape__Length":1394.459267538925}},{"type":"Feature","id":3954,"geometry":{"type":"LineString","coordinates":[[-95.3975214498439,29.7814725587516],[-95.3975214568957,29.7818980964123],[-95.3975595891499,29.7833246325538],[-95.3975617017511,29.7834527506613]]},"properties":{"OBJECTID":3954,"Unique_ID":4263,"Full_Name":"HEIGHTS BLVD","Length_Miles":0.13640495,"Council_District":"C","KeyConnect":"N","Maintenance":null,"HoustonBikePlan_FundSource":null,"URL":null,"HC_Status":"Existing","HC_Class":"Dedicated On-Street - HC","LC_Status":null,"LC_Class":null,"Description":"Bike Lane","Implementer":"COH","created_user":null,"created_date":null,"last_edited_user":"E167744","last_edited_date":1649166176000,"Proposed_Date":null,"Programmed_Date":null,"Existing_Date":null,"Shape__Length":720.2181264123478}},{"type":"Feature","id":3957,"geometry":{"type":"LineString","coordinates":[[-95.3924626839976,29.7815580107468],[-95.3925039182374,29.7815930857688],[-95.3927695065897,29.7818247328188],[-95.3930403981459,29.7820612988699],[-95.3932266324311,29.7822143841635],[-95.3934392066743,29.7823968372768],[-95.393673495156,29.7825846502526],[-95.3938126916735,29.7826743744318],[-95.3939948062212,29.7827891347264],[-95.3941719575119,29.7828894324843],[-95.3943550861463,29.7829755602531],[-95.3945435172124,29.7830666072514],[-95.3947324546632,29.7831433388542],[-95.394970289574,29.7832309373168],[-95.3951106667887,29.7832872557046],[-95.395274615324,29.7832964412328],[-95.395302545953,29.7834357128978],[-95.395434006913,29.7834344716653],[-95.3956535033638,29.7834212691053],[-95.395992674766,29.7834303898984],[-95.3962489474915,29.7834611632865],[-95.3971031929261,29.7834602472682],[-95.3975617017511,29.7834527506613]]},"properties":{"OBJECTID":3957,"Unique_ID":4266,"Full_Name":"MKT TRAIL","Length_Miles":0.35631645,"Council_District":"C","KeyConnect":"N","Maintenance":null,"HoustonBikePlan_FundSource":null,"URL":null,"HC_Status":"Existing","HC_Class":"Off-Street","LC_Status":null,"LC_Class":null,"Description":null,"Implementer":"COH","created_user":null,"created_date":null,"last_edited_user":"E167744","last_edited_date":1649166176000,"Proposed_Date":null,"Programmed_Date":null,"Existing_Date":null,"Shape__Length":1881.3508331053988}},{"type":"Feature","id":3983,"geometry":{"type":"LineString","coordinates":[[-95.4141100030648,29.7833583414734],[-95.4141148689848,29.7834035048711],[-95.4141145261239,29.7834488664992],[-95.4141089739785,29.7834939696033],[-95.4140982698748,29.7835383607811],[-95.4140900507765,29.7835743497818],[-95.4140878413442,29.7836109951252],[-95.4140916941595,29.7836475372844],[-95.4141015272822,29.7836832167431],[-95.4141171370238,29.7837172932931],[-95.4141368412518,29.7837478128229],[-95.4141615918523,29.7837753965469],[-95.4141908170152,29.7837994144594],[-95.4142669249998,29.7838795262482],[-95.414336986801,29.7839637313265],[-95.4144007145922,29.7840516808019],[-95.4145488652739,29.78427128444],[-95.4147550533956,29.7845668656484],[-95.4148073311394,29.7846436244612],[-95.4148628789694,29.7847186148737],[-95.4149216167331,29.7847917327384],[-95.4150102379168,29.7849010978377],[-95.4151037239969,29.7850073380378],[-95.4152019276803,29.7851102869122],[-95.4154669390781,29.7853974207374],[-95.4156813707772,29.7856297690432]]},"properties":{"OBJECTID":3983,"Unique_ID":4299,"Full_Name":"WHITE OAK BAYOU","Length_Miles":0.18729428,"Council_District":"C","KeyConnect":"N","Maintenance":null,"HoustonBikePlan_FundSource":null,"URL":null,"HC_Status":"Existing","HC_Class":"Off-Street","LC_Status":null,"LC_Class":null,"Description":null,"Implementer":"COH","created_user":null,"created_date":null,"last_edited_user":"E167744","last_edited_date":1649166176000,"Proposed_Date":null,"Programmed_Date":null,"Existing_Date":null,"Shape__Length":988.9137829596532}},{"type":"Feature","id":3993,"geometry":{"type":"LineString","coordinates":[[-95.4156813707772,29.7856297690432],[-95.4158902214425,29.785787542508],[-95.4160744161455,29.7859465645365],[-95.4163203708857,29.7861535155231],[-95.4163501737774,29.7861801200101],[-95.416383220991,29.7862036266889],[-95.4164190967591,29.7862237346907],[-95.4164573381767,29.7862401888244],[-95.4165346678069,29.7862608671437],[-95.4166136753235,29.7862759667751],[-95.4166938333689,29.7862853878656],[-95.4167746040437,29.7862890654847],[-95.4168554500269,29.7862869771435]]},"properties":{"OBJECTID":3993,"Unique_ID":4310,"Full_Name":"WHITE OAK BAYOU","Length_Miles":0.08723866,"Council_District":"C","KeyConnect":"N","Maintenance":null,"HoustonBikePlan_FundSource":null,"URL":null,"HC_Status":"Existing","HC_Class":"Off-Street","LC_Status":null,"LC_Class":null,"Description":null,"Implementer":"COH","created_user":null,"created_date":null,"last_edited_user":"E167744","last_edited_date":1649166176000,"Proposed_Date":null,"Programmed_Date":null,"Existing_Date":null,"Shape__Length":460.620130951469}},{"type":"Feature","id":3996,"geometry":{"type":"LineString","coordinates":[[-95.4172121215025,29.7863481667469],[-95.4172284887015,29.7863354797465],[-95.4172467546008,29.7863249475714],[-95.4172665515069,29.7863167860544],[-95.4172874753126,29.7863111577014],[-95.4173091017847,29.7863081793481],[-95.4173221882588,29.7863061958052],[-95.4173348571062,29.7863027270728],[-95.4173468951436,29.7862978324434],[-95.4173580872037,29.786291598236],[-95.4173631894361,29.7862883099693],[-95.4173687616282,29.7862856652156],[-95.4173746964915,29.7862837134608],[-95.4173808840484,29.7862824923842]]},"properties":{"OBJECTID":3996,"Unique_ID":4313,"Full_Name":"WHITE OAK BAYOU","Length_Miles":0.01129263,"Council_District":"C","KeyConnect":"N","Maintenance":null,"HoustonBikePlan_FundSource":null,"URL":null,"HC_Status":"Existing","HC_Class":"Off-Street","LC_Status":null,"LC_Class":null,"Description":null,"Implementer":"COH","created_user":null,"created_date":null,"last_edited_user":"E167744","last_edited_date":1649166176000,"Proposed_Date":null,"Programmed_Date":null,"Existing_Date":null,"Shape__Length":59.62508870099883}},{"type":"Feature","id":3997,"geometry":{"type":"LineString","coordinates":[[-95.4172121215025,29.7863481667469],[-95.4172013526902,29.786357168945],[-95.4171923375879,29.7863675340823],[-95.4171853014861,29.7863790055108]]},"properties":{"OBJECTID":3997,"Unique_ID":4314,"Full_Name":"WHITE OAK BAYOU","Length_Miles":0.00268812,"Council_District":"C","KeyConnect":"N","Maintenance":null,"HoustonBikePlan_FundSource":null,"URL":null,"HC_Status":"Existing","HC_Class":"Off-Street","LC_Status":null,"LC_Class":null,"Description":null,"Implementer":"COH","created_user":null,"created_date":null,"last_edited_user":"E167744","last_edited_date":1649166176000,"Proposed_Date":null,"Programmed_Date":null,"Existing_Date":null,"Shape__Length":14.19328716756307}},{"type":"Feature","id":3998,"geometry":{"type":"LineString","coordinates":[[-95.3675742673222,29.78521871108],[-95.3676634366199,29.7852106902349],[-95.367751398339,29.7851956075866],[-95.3678374132875,29.7851735884343],[-95.367920769134,29.7851448174797],[-95.3680007691654,29.7851095349115],[-95.3680767458549,29.7850680331626],[-95.368148063868,29.7850206596983],[-95.3682141327573,29.7849678092375],[-95.3682743987563,29.7849099217232],[-95.3683283614172,29.7848474800661],[-95.3683755686022,29.7847810054948],[-95.3684156311488,29.7847110525367],[-95.3684482065218,29.7846382031595],[-95.3684730309569,29.7845630649331],[-95.3684898958754,29.7844862649749],[-95.3684986594798,29.784408443945],[-95.3685055299075,29.7842494133962],[-95.3685070821481,29.784090276655],[-95.3685033176768,29.7839311673548],[-95.3684942378724,29.7837722218335],[-95.368491361184,29.7836787627238],[-95.3684965273048,29.783585378914],[-95.3685097061204,29.7834925958393],[-95.3685308251636,29.7834009368831],[-95.3685597616018,29.7833109159386],[-95.3685963544821,29.7832230422548],[-95.3686403989472,29.7831378085442],[-95.36869164811,29.7830556964507],[-95.3687498071731,29.7829771673629],[-95.3688145551061,29.7829026639052],[-95.3688683679038,29.7828509894254],[-95.3689279572213,29.7828043891214],[-95.3689927013505,29.7827633516324],[-95.3690619185828,29.7827283071052],[-95.3691348817781,29.7826996248808],[-95.3692108269241,29.782677605603],[-95.3692889573343,29.7826624795268],[-95.3693684498506,29.7826544066871],[-95.3694484737073,29.7826534701881],[-95.3695281882697,29.7826596815584],[-95.3696067525945,29.7826729737889],[-95.3696833479154,29.7826932091628],[-95.3697571664305,29.7827201744385],[-95.3699462870561,29.782795555461],[-95.3701385877052,29.7828645439376],[-95.3703337843577,29.782927036482],[-95.3705315915401,29.7829829414046],[-95.3706177992251,29.7830021917685],[-95.3707056008181,29.7830148326296],[-95.3707943312043,29.7830207692492],[-95.3708833141987,29.7830199562365],[-95.3709718800252,29.7830124007303],[-95.3710593582413,29.7829981576943],[-95.3711450867856,29.782977337383],[-95.371228417501,29.7829500955618],[-95.371308715942,29.7829166389179],[-95.3713853790787,29.7828772219285],[-95.3714578241175,29.7828321411422],[-95.3715255039122,29.7827817383036],[-95.371587905089,29.7827263948869],[-95.3716445563813,29.7826665305152],[-95.3716950288542,29.7826025966483],[-95.3717389389092,29.7825350793714],[-95.3717759570037,29.7824644869938],[-95.371805802257,29.7823913562212],[-95.3723385351256,29.7807749265823],[-95.3723976959266,29.7807936477635]]},"properties":{"OBJECTID":3998,"Unique_ID":4315,"Full_Name":"LITTLE WHITE OAK BAYOU","Length_Miles":0.5227154,"Council_District":"H","KeyConnect":"N","Maintenance":null,"HoustonBikePlan_FundSource":null,"URL":null,"HC_Status":"Proposed","HC_Class":"Off-Street","LC_Status":null,"LC_Class":null,"Description":null,"Implementer":"COH","created_user":null,"created_date":null,"last_edited_user":"E167744","last_edited_date":1649166176000,"Proposed_Date":null,"Programmed_Date":null,"Existing_Date":null,"Shape__Length":2759.9373357727914}},{"type":"Feature","id":3999,"geometry":{"type":"LineString","coordinates":[[-95.4177835717404,29.7833833116432],[-95.4177621624091,29.7834580772323],[-95.4177388602943,29.7835491383008],[-95.4175486140062,29.7842954843088],[-95.4175057226664,29.7844528953761],[-95.4173225843576,29.7851460347582],[-95.4172738752267,29.7853293226109],[-95.4170726796958,29.7861410418465],[-95.4169789714107,29.7865190997704],[-95.4169664970852,29.7865694283507]]},"properties":{"OBJECTID":3999,"Unique_ID":4316,"Full_Name":"T C JESTER BLVD","Length_Miles":0.22486006,"Council_District":"C","KeyConnect":"N","Maintenance":"COH-NW","HoustonBikePlan_FundSource":null,"URL":null,"HC_Status":"Proposed","HC_Class":"Dedicated On-Street - HC","LC_Status":null,"LC_Class":null,"Description":null,"Implementer":"COH","created_user":null,"created_date":null,"last_edited_user":"E167744","last_edited_date":1649166176000,"Proposed_Date":null,"Programmed_Date":null,"Existing_Date":null,"Shape__Length":1187.2611417537034}},{"type":"Feature","id":4000,"geometry":{"type":"LineString","coordinates":[[-95.4156813707772,29.7856297690432],[-95.4160801639608,29.7860631265399],[-95.416190428758,29.7861849636957],[-95.4163035713129,29.7863047772306],[-95.4163616706432,29.7863512094544],[-95.4164237652214,29.7863935240752],[-95.4164894740355,29.7864314617698],[-95.4165583893382,29.7864647877748],[-95.4166300878291,29.7864932976017],[-95.4167041296846,29.7865168152058],[-95.4168944184166,29.78655644764],[-95.4169664970852,29.7865694283507]]},"properties":{"OBJECTID":4000,"Unique_ID":4317,"Full_Name":"WHITE OAK BAYOU","Length_Miles":0.10423025,"Council_District":"C","KeyConnect":"N","Maintenance":null,"HoustonBikePlan_FundSource":null,"URL":null,"HC_Status":"Existing","HC_Class":"Off-Street","LC_Status":null,"LC_Class":null,"Description":null,"Implementer":"COH","created_user":null,"created_date":null,"last_edited_user":"E167744","last_edited_date":1649166176000,"Proposed_Date":null,"Programmed_Date":null,"Existing_Date":null,"Shape__Length":550.3357240997366}},{"type":"Feature","id":4001,"geometry":{"type":"LineString","coordinates":[[-95.3675742673222,29.78521871108],[-95.3673748506923,29.7852286525141],[-95.367354092245,29.7852306056055],[-95.3673339570554,29.7852354261888],[-95.3673149638071,29.785242991118],[-95.3672976016094,29.7852531069412],[-95.3672823143941,29.7852655121852],[-95.3672694943272,29.7852798880087],[-95.3672594742511,29.7852958670243],[-95.3672525110469,29.7853130355552],[-95.3672487786289,29.7853309560121],[-95.3672477941944,29.7853490637833]]},"properties":{"OBJECTID":4001,"Unique_ID":4319,"Full_Name":"LITTLE WHITE OAK TRAIL","Length_Miles":0.02453727,"Council_District":"H","KeyConnect":"N","Maintenance":null,"HoustonBikePlan_FundSource":null,"URL":null,"HC_Status":"Proposed","HC_Class":"Off-Street","LC_Status":null,"LC_Class":null,"Description":null,"Implementer":"COH","created_user":null,"created_date":null,"last_edited_user":"E167744","last_edited_date":1649166176000,"Proposed_Date":null,"Programmed_Date":null,"Existing_Date":null,"Shape__Length":129.55676188798998}},{"type":"Feature","id":4009,"geometry":{"type":"LineString","coordinates":[[-95.369343481299,29.7856029370441],[-95.3693252786319,29.7856106211581],[-95.369305845721,29.7856155107065],[-95.369285748384,29.7856174666614],[-95.3692655620194,29.7856164296885],[-95.3692458639521,29.7856124316749],[-95.3692272233524,29.7856055882346],[-95.3692101785873,29.7855960953868],[-95.3691952177071,29.7855842254164],[-95.3691827714009,29.7855703212678],[-95.3691732000706,29.7855547817513],[-95.369108931744,29.7854317908874],[-95.3690392159661,29.7853110778562],[-95.3689641610829,29.7851928261165],[-95.3689346618778,29.7851607398272],[-95.3689003367271,29.7851325378198],[-95.3688618563968,29.7851087663194],[-95.368819962932,29.7850898877303],[-95.3687754722387,29.7850762662628],[-95.3687292430694,29.7850681670941],[-95.3686821711748,29.7850657462801],[-95.3686351706632,29.7850690511534],[-95.3685891513222,29.7850780179036],[-95.3684346860311,29.7851138214517],[-95.3682786610808,29.7851440483514],[-95.3681203602795,29.7851692252993],[-95.3679611403245,29.7851895253535],[-95.3678012008531,29.7852049223273],[-95.3676407381451,29.7852153971654],[-95.3675742673222,29.78521871108]]},"properties":{"OBJECTID":4009,"Unique_ID":4327,"Full_Name":"LITTLE WHITE OAK TRAIL","Length_Miles":0.12744175,"Council_District":"H","KeyConnect":"N","Maintenance":null,"HoustonBikePlan_FundSource":null,"URL":null,"HC_Status":"Proposed","HC_Class":"Off-Street","LC_Status":null,"LC_Class":null,"Description":null,"Implementer":"COH","created_user":null,"created_date":null,"last_edited_user":"E167744","last_edited_date":1649166176000,"Proposed_Date":null,"Programmed_Date":null,"Existing_Date":null,"Shape__Length":672.8924340515347}},{"type":"Feature","id":4011,"geometry":{"type":"LineString","coordinates":[[-95.4172121215025,29.7863481667469],[-95.4172488626592,29.786380290241],[-95.4172878758938,29.786410303588],[-95.4173329877461,29.786446724461],[-95.4173816935952,29.7864794313047],[-95.417433595137,29.7865081562141],[-95.4174882670476,29.7865326639604],[-95.4176158689519,29.7865864549639],[-95.4177415665578,29.7866435564079],[-95.4179724917198,29.7867724575941],[-95.4180700147918,29.7868271493856],[-95.4181693241006,29.7868793352456],[-95.4182172627211,29.7869133346189],[-95.418260782237,29.7869515910181],[-95.418299384655,29.7869936696028],[-95.4183349768151,29.7870417597059]]},"properties":{"OBJECTID":4011,"Unique_ID":4329,"Full_Name":"WHITE OAK BAYOU","Length_Miles":0.08352642,"Council_District":"C","KeyConnect":"N","Maintenance":null,"HoustonBikePlan_FundSource":null,"URL":null,"HC_Status":"Existing","HC_Class":"Off-Street","LC_Status":null,"LC_Class":null,"Description":null,"Implementer":"COH","created_user":null,"created_date":null,"last_edited_user":"E167744","last_edited_date":1649166176000,"Proposed_Date":null,"Programmed_Date":null,"Existing_Date":null,"Shape__Length":441.01949637360065}},{"type":"Feature","id":4017,"geometry":{"type":"LineString","coordinates":[[-95.3672477941944,29.7853490637833],[-95.3672470371508,29.7853387096045],[-95.3672406580668,29.7853152227834],[-95.3672298420005,29.7852930067005],[-95.3672148975761,29.7852726934583],[-95.3671962491597,29.7852548614286],[-95.3671744291339,29.7852400196981],[-95.3671500588668,29.785228590402],[-95.3671238304562,29.7852208983007],[-95.3670964935153,29.7852171641022],[-95.3670688266123,29.7852174928571],[-95.3670158210888,29.7852197488862],[-95.3669628482399,29.785216933729],[-95.3669105442886,29.7852090817818],[-95.366859539202,29.7851962868481],[-95.3668104473545,29.7851787027876],[-95.3667325790296,29.7851501566211],[-95.3666520038837,29.7851280533385],[-95.3665694218885,29.7851125834169],[-95.366485548478,29.7851038808863],[-95.3664011094112,29.7851020222883],[-95.3663168399004,29.7851070221388],[-95.366233467878,29.7851188378904],[-95.3661517192305,29.7851373682693],[-95.366072298221,29.7851624509387],[-95.3659735830176,29.7851989228427]]},"properties":{"OBJECTID":4017,"Unique_ID":6639,"Full_Name":"LITTLE WHITE OAK TRAIL","Length_Miles":0.08372608,"Council_District":"H","KeyConnect":"N","Maintenance":null,"HoustonBikePlan_FundSource":null,"URL":null,"HC_Status":"Proposed","HC_Class":"Off-Street","LC_Status":null,"LC_Class":null,"Description":null,"Implementer":"COH","created_user":null,"created_date":null,"last_edited_user":"E167744","last_edited_date":1649169294000,"Proposed_Date":null,"Programmed_Date":null,"Existing_Date":null,"Shape__Length":442.0737238062172}},{"type":"Feature","id":4024,"geometry":{"type":"LineString","coordinates":[[-95.3808128792072,29.7805742561104],[-95.3807519562279,29.78106639047],[-95.3807213840751,29.7814440279399],[-95.3807138594119,29.7815013204733],[-95.3807061114719,29.7822049618267],[-95.3807213938232,29.782929878679],[-95.380729111958,29.783639520332],[-95.3807291342699,29.7844232878838],[-95.3807366526451,29.7852873595055],[-95.3807519422726,29.7860045085233],[-95.3807594911387,29.7867159574987]]},"properties":{"OBJECTID":4024,"Unique_ID":4343,"Full_Name":"WATSON ST","Length_Miles":0.42329669,"Council_District":"H","KeyConnect":"N","Maintenance":null,"HoustonBikePlan_FundSource":null,"URL":null,"HC_Status":"Proposed","HC_Class":"Shared On-Street - HC","LC_Status":null,"LC_Class":null,"Description":null,"Implementer":"COH","created_user":null,"created_date":null,"last_edited_user":"E167744","last_edited_date":1649166176000,"Proposed_Date":null,"Programmed_Date":null,"Existing_Date":null,"Shape__Length":2235.0064989319135}},{"type":"Feature","id":4026,"geometry":{"type":"LineString","coordinates":[[-95.3720848330046,29.7837996719945],[-95.3721078707781,29.7844652589265],[-95.3721153845347,29.7848791404229],[-95.3721154046263,29.7851424747607],[-95.3721078969473,29.785617305146],[-95.372123146484,29.7864718205135],[-95.3721307050266,29.7867960165691]]},"properties":{"OBJECTID":4026,"Unique_ID":4345,"Full_Name":"HOUSTON AVE","Length_Miles":0.20640003,"Council_District":"H","KeyConnect":"N","Maintenance":null,"HoustonBikePlan_FundSource":null,"URL":null,"HC_Status":"Proposed","HC_Class":"Dedicated On-Street - HC","LC_Status":"Existing","LC_Class":"Shared On-Street - LC","Description":"Signed Bike Route","Implementer":"COH","created_user":null,"created_date":null,"last_edited_user":"E167744","last_edited_date":1649166176000,"Proposed_Date":null,"Programmed_Date":null,"Existing_Date":null,"Shape__Length":1089.7921537315806}},{"type":"Feature","id":4039,"geometry":{"type":"LineString","coordinates":[[-95.4183349768151,29.7870417597059],[-95.4183629975521,29.7870612321122],[-95.4184182316856,29.7871079325481],[-95.4184698913216,29.7871553489247],[-95.4185175528083,29.7872058502085],[-95.4185609767942,29.7872591799747],[-95.4185999419134,29.7873150705443],[-95.418634250208,29.7873732359084],[-95.4186647568138,29.7874330463051],[-95.4186896035496,29.7874948158545],[-95.4187086318468,29.7875581386445],[-95.4187217134972,29.7876225987422],[-95.4187287630276,29.7876877714266],[-95.4187323838503,29.78774679573],[-95.4187305696273,29.7878058842266],[-95.4187233316771,29.7878646553987],[-95.4187107174084,29.7879227314005],[-95.4186928051506,29.7879797379196],[-95.4186729842769,29.7880400558012],[-95.4186485277872,29.7880990655434],[-95.418619554827,29.7881564977278],[-95.4185861956931,29.7882120895521],[-95.4184994154157,29.7883823461548],[-95.4184107281199,29.7885518530931],[-95.4183703063718,29.7886362230074],[-95.418325133574,29.788718739187],[-95.4182753214216,29.7887991970032],[-95.4182209916966,29.7888773993177],[-95.418170274331,29.7889461481321],[-95.4181147136355,29.7890119873425],[-95.418054527821,29.7890746555912],[-95.4179899521377,29.7891339073201],[-95.417921244171,29.789189509303],[-95.4178668122803,29.7892359310379],[-95.4178086733003,29.7892787956339],[-95.4177471301197,29.7893178764929],[-95.417682504512,29.7893529691854],[-95.4176170700641,29.7894004218474],[-95.4175559213887,29.7894520410119],[-95.4174994051987,29.7895075308566],[-95.4174478419309,29.7895665777067],[-95.4174015280038,29.789628844679],[-95.4173580127352,29.7897064438937],[-95.4173205570104,29.789786411132],[-95.4172893276552,29.7898683870906],[-95.4172644638361,29.7899520045049],[-95.417246080225,29.7900368864287],[-95.4172338064513,29.7900879487879],[-95.4172305083954,29.7901227362253]]},"properties":{"OBJECTID":4039,"Unique_ID":6638,"Full_Name":"WHITE OAK BAYOU","Length_Miles":0.24808414,"Council_District":"C","KeyConnect":"N","Maintenance":null,"HoustonBikePlan_FundSource":null,"URL":null,"HC_Status":"Existing","HC_Class":"Off-Street","LC_Status":null,"LC_Class":null,"Description":null,"Implementer":"COH","created_user":null,"created_date":null,"last_edited_user":"E167744","last_edited_date":1649169294000,"Proposed_Date":null,"Programmed_Date":null,"Existing_Date":null,"Shape__Length":1309.884280044844}},{"type":"Feature","id":4041,"geometry":{"type":"LineString","coordinates":[[-95.4169664970852,29.7865694283507],[-95.4167093857361,29.7876067114912],[-95.4165033493007,29.7884210595569],[-95.4163048090621,29.7892374670825],[-95.4162897850877,29.7895770080246],[-95.4163278589877,29.7899261104827],[-95.416350662001,29.7901300903109]]},"properties":{"OBJECTID":4041,"Unique_ID":4362,"Full_Name":"T C JESTER BLVD","Length_Miles":0.24966991,"Council_District":"C","KeyConnect":"N","Maintenance":"COH-NW","HoustonBikePlan_FundSource":null,"URL":null,"HC_Status":"Proposed","HC_Class":"Dedicated On-Street - HC","LC_Status":"Existing","LC_Class":"Shared On-Street - LC","Description":"Signed Bike Route","Implementer":"COH","created_user":null,"created_date":null,"last_edited_user":"E167744","last_edited_date":1649166176000,"Proposed_Date":null,"Programmed_Date":null,"Existing_Date":null,"Shape__Length":1318.2571407603343}},{"type":"Feature","id":4053,"geometry":{"type":"LineString","coordinates":[[-95.4111394037375,29.7832570106702],[-95.4111563042187,29.783298045491],[-95.4112676777884,29.7835598013994],[-95.4113633729787,29.7837936191827],[-95.4114561038154,29.7840514086237],[-95.4115412857427,29.7842763659461],[-95.411577230995,29.7844518521752],[-95.4116147682758,29.7846319736909],[-95.4116432838715,29.7848200506137],[-95.4116715058316,29.7850299457378],[-95.4117016233401,29.7853412267014],[-95.4117350005596,29.7862888060373],[-95.4117425022791,29.7881217177573],[-95.4117574839953,29.788580919232],[-95.4118036696824,29.7899965814545],[-95.4118036894965,29.7900232823383],[-95.4118036972901,29.7903837869434]]},"properties":{"OBJECTID":4053,"Unique_ID":4374,"Full_Name":"N DURHAM DR","Length_Miles":0.49564464,"Council_District":"C","KeyConnect":"N","Maintenance":"COH-NW","HoustonBikePlan_FundSource":null,"URL":null,"HC_Status":"Programmed","HC_Class":"Dedicated On-Street - HC","LC_Status":null,"LC_Class":null,"Description":null,"Implementer":"TIRZ 5","created_user":null,"created_date":null,"last_edited_user":"E167744","last_edited_date":1649166176000,"Proposed_Date":null,"Programmed_Date":null,"Existing_Date":null,"Shape__Length":2617.0036978534813}},{"type":"Feature","id":4069,"geometry":{"type":"LineString","coordinates":[[-95.4054472749072,29.7834017133823],[-95.4054474332026,29.7834224416171],[-95.4054598710837,29.7850501184167],[-95.4054711907377,29.7868895625314],[-95.4054837480147,29.786920600269],[-95.4055017816181,29.7869657867948],[-95.4055321065853,29.7886729740651],[-95.4055245831591,29.7887320809694],[-95.4055474074115,29.7900938196104],[-95.4055551835216,29.7905782205736]]},"properties":{"OBJECTID":4069,"Unique_ID":4392,"Full_Name":"NICHOLSON ST","Length_Miles":0.49462133,"Council_District":"C","KeyConnect":"N","Maintenance":null,"HoustonBikePlan_FundSource":null,"URL":null,"HC_Status":"Existing","HC_Class":"Off-Street","LC_Status":null,"LC_Class":null,"Description":"Shared-Use Path","Implementer":"COH","created_user":null,"created_date":null,"last_edited_user":"E167744","last_edited_date":1649166176000,"Proposed_Date":null,"Programmed_Date":null,"Existing_Date":null,"Shape__Length":2611.6006427329116}},{"type":"Feature","id":4074,"geometry":{"type":"LineString","coordinates":[[-95.3975617017511,29.7834527506613],[-95.3975898940094,29.7851614231441],[-95.3976280132115,29.787005027464],[-95.3976282468712,29.7870134997267],[-95.3976585928355,29.7888598250103],[-95.3976816632956,29.7897752922861],[-95.3976891484052,29.7902140533531],[-95.3977044506331,29.7906927510693]]},"properties":{"OBJECTID":4074,"Unique_ID":4398,"Full_Name":"HEIGHTS BLVD","Length_Miles":0.49870249,"Council_District":"C","KeyConnect":"N","Maintenance":null,"HoustonBikePlan_FundSource":null,"URL":null,"HC_Status":"Existing","HC_Class":"Dedicated On-Street - HC","LC_Status":null,"LC_Class":null,"Description":"Bike Lane","Implementer":"COH","created_user":null,"created_date":null,"last_edited_user":"E167744","last_edited_date":1649166176000,"Proposed_Date":null,"Programmed_Date":null,"Existing_Date":null,"Shape__Length":2633.1491209520345}},{"type":"Feature","id":5201,"geometry":{"type":"LineString","coordinates":[[-95.3973229785424,29.7704118963369],[-95.3980631568982,29.7704766821852],[-95.398597072568,29.770522569738]]},"properties":{"OBJECTID":5201,"Unique_ID":5623,"Full_Name":"CENTER ST","Length_Miles":0.07693206,"Council_District":"C","KeyConnect":"N","Maintenance":"COH-NW","HoustonBikePlan_FundSource":null,"URL":null,"HC_Status":"Proposed","HC_Class":"Shared On-Street - HC","LC_Status":"Existing","LC_Class":"Shared On-Street - LC","Description":"Signed Bike Route","Implementer":"COH","created_user":null,"created_date":null,"last_edited_user":"E167744","last_edited_date":1649166176000,"Proposed_Date":null,"Programmed_Date":null,"Existing_Date":null,"Shape__Length":406.2012757493277}},{"type":"Feature","id":5219,"geometry":{"type":"LineString","coordinates":[[-95.407313478825,29.7611832157313],[-95.4074967467115,29.7612411387683],[-95.4077528153068,29.7613313163374],[-95.4079993848431,29.7613477561579],[-95.408253709963,29.7613545734721],[-95.4085013903539,29.7613946484275],[-95.4088967657284,29.7614855669923]]},"properties":{"OBJECTID":5219,"Unique_ID":5642,"Full_Name":"BUFFALO BAYOU","Length_Miles":0.09816154,"Council_District":"C","KeyConnect":"N","Maintenance":null,"HoustonBikePlan_FundSource":null,"URL":null,"HC_Status":"Existing","HC_Class":"Off-Street","LC_Status":null,"LC_Class":null,"Description":null,"Implementer":"COH","created_user":"E167112","created_date":1627918615000,"last_edited_user":"E167744","last_edited_date":1649166176000,"Proposed_Date":null,"Programmed_Date":null,"Existing_Date":null,"Shape__Length":518.2929516226526}},{"type":"Feature","id":5351,"geometry":{"type":"LineString","coordinates":[[-95.370263781534,29.7634590074861],[-95.3701177303611,29.763555180307],[-95.3694622702016,29.763666061106],[-95.3691120949746,29.7637643505343],[-95.3687805503998,29.7637310297526],[-95.3685897632236,29.7636615409769],[-95.368410729821,29.7635975851679],[-95.3682523576164,29.7635689561741],[-95.3680972856992,29.763559537617],[-95.3680293620783,29.7635646498468],[-95.3679527346629,29.7635903867413],[-95.3676893620266,29.7635450045348],[-95.3675364664073,29.7635304296162],[-95.3673238357581,29.7634555194066]]},"properties":{"OBJECTID":5351,"Unique_ID":5777,"Full_Name":"BUFFALO BAYOU","Length_Miles":0.18456113,"Council_District":"I","KeyConnect":"N","Maintenance":null,"HoustonBikePlan_FundSource":null,"URL":null,"HC_Status":"Existing","HC_Class":"Off-Street","LC_Status":null,"LC_Class":null,"Description":null,"Implementer":"COH","created_user":"E167112","created_date":1629139229000,"last_edited_user":"E167744","last_edited_date":1649166176000,"Proposed_Date":null,"Programmed_Date":null,"Existing_Date":null,"Shape__Length":974.4827840320888}},{"type":"Feature","id":5352,"geometry":{"type":"LineString","coordinates":[[-95.3717416400684,29.7622145273747],[-95.371693600315,29.7622202412088],[-95.3713436930905,29.7623672171073],[-95.3713060695968,29.7624019772187]]},"properties":{"OBJECTID":5352,"Unique_ID":5778,"Full_Name":"BUFFALO BAYOU","Length_Miles":0.02954155,"Council_District":"I","KeyConnect":"N","Maintenance":null,"HoustonBikePlan_FundSource":null,"URL":null,"HC_Status":"Existing","HC_Class":"Off-Street","LC_Status":null,"LC_Class":null,"Description":null,"Implementer":"COH","created_user":"E167112","created_date":1629139344000,"last_edited_user":"E167744","last_edited_date":1649166176000,"Proposed_Date":null,"Programmed_Date":null,"Existing_Date":null,"Shape__Length":155.97936479257032}},{"type":"Feature","id":5353,"geometry":{"type":"LineString","coordinates":[[-95.3708675726659,29.7621261326656],[-95.3708323037727,29.7621693259365],[-95.3707784508436,29.7622269712334],[-95.3706972269644,29.7622699678045],[-95.3706316162829,29.7623220798876],[-95.3705226133971,29.7624738398809],[-95.370422220662,29.7626075811068],[-95.3703643335121,29.7627329125846],[-95.3702308934652,29.7628892251122],[-95.3701378334719,29.7629646611875]]},"properties":{"OBJECTID":5353,"Unique_ID":5779,"Full_Name":"BUFFALO BAYOU","Length_Miles":0.07352177,"Council_District":"I","KeyConnect":"N","Maintenance":null,"HoustonBikePlan_FundSource":null,"URL":null,"HC_Status":"Existing","HC_Class":"Off-Street","LC_Status":null,"LC_Class":null,"Description":null,"Implementer":"COH","created_user":"E167112","created_date":1629139367000,"last_edited_user":"E167744","last_edited_date":1649166176000,"Proposed_Date":null,"Programmed_Date":null,"Existing_Date":null,"Shape__Length":388.1949248341034}},{"type":"Feature","id":5354,"geometry":{"type":"LineString","coordinates":[[-95.3713977030715,29.7616774038474],[-95.3713339233483,29.7616780949384],[-95.371253811091,29.761689832833],[-95.3711750109435,29.7617207273842],[-95.3711139156031,29.7617580111225],[-95.3710481829505,29.7618135962652],[-95.3709960717952,29.761878242053],[-95.3709520478048,29.7619396306794],[-95.3709279293891,29.7620015574957],[-95.3708864645369,29.7621029971869],[-95.3708675726659,29.7621261326656]]},"properties":{"OBJECTID":5354,"Unique_ID":5780,"Full_Name":"BUFFALO BAYOU","Length_Miles":0.04819435,"Council_District":"I","KeyConnect":"N","Maintenance":null,"HoustonBikePlan_FundSource":null,"URL":null,"HC_Status":"Existing","HC_Class":"Off-Street","LC_Status":null,"LC_Class":null,"Description":null,"Implementer":"COH","created_user":"E167112","created_date":1629139387000,"last_edited_user":"E167744","last_edited_date":1649166176000,"Proposed_Date":null,"Programmed_Date":null,"Existing_Date":null,"Shape__Length":254.4661492504828}},{"type":"Feature","id":5411,"geometry":{"type":"LineString","coordinates":[[-95.3768262164088,29.7606004553998],[-95.3769089409241,29.7607221075213],[-95.3770315145619,29.7608161774202],[-95.3772205671298,29.7608881618676]]},"properties":{"OBJECTID":5411,"Unique_ID":5841,"Full_Name":"BUFFALO BAYOU","Length_Miles":0.03194612,"Council_District":"C","KeyConnect":"N","Maintenance":null,"HoustonBikePlan_FundSource":null,"URL":null,"HC_Status":"Existing","HC_Class":"Off-Street","LC_Status":null,"LC_Class":null,"Description":null,"Implementer":"COH","created_user":"E167112","created_date":1630524661000,"last_edited_user":"E167744","last_edited_date":1649166176000,"Proposed_Date":null,"Programmed_Date":null,"Existing_Date":null,"Shape__Length":168.67550433996954}},{"type":"Feature","id":5412,"geometry":{"type":"LineString","coordinates":[[-95.3810658832118,29.7614351841581],[-95.3812012304223,29.7614246640603],[-95.381419085785,29.7613947234012],[-95.381575712024,29.7613906114785],[-95.3818337983884,29.7613790389257],[-95.3820108376769,29.761380609325],[-95.3821646660431,29.7613962265063],[-95.3824229478046,29.7614304267319],[-95.3826547404358,29.7613779317966],[-95.3829420828531,29.7613799565909],[-95.3835335491614,29.7614202812341],[-95.3838814980644,29.7614268056685],[-95.3841230516463,29.7614232937566],[-95.3844943803586,29.7614214759298],[-95.3846703579307,29.761413011761],[-95.3848844329321,29.7614018381767],[-95.3850760232053,29.7613926663638],[-95.3857043402358,29.7613890130242],[-95.3858072005385,29.761388362728]]},"properties":{"OBJECTID":5412,"Unique_ID":5842,"Full_Name":"BUFFALO BAYOU","Length_Miles":0.28599976,"Council_District":"C","KeyConnect":"N","Maintenance":null,"HoustonBikePlan_FundSource":null,"URL":null,"HC_Status":"Existing","HC_Class":"Off-Street","LC_Status":null,"LC_Class":null,"Description":null,"Implementer":"COH","created_user":"E167112","created_date":1630524949000,"last_edited_user":"E167744","last_edited_date":1649166176000,"Proposed_Date":null,"Programmed_Date":null,"Existing_Date":null,"Shape__Length":1510.0787447686334}},{"type":"Feature","id":5422,"geometry":{"type":"LineString","coordinates":[[-95.3975617017511,29.7834527506613],[-95.3977661381362,29.7834494075458],[-95.3989441557087,29.7834285212379],[-95.3999545002598,29.7834096795857]]},"properties":{"OBJECTID":5422,"Unique_ID":5854,"Full_Name":"MKT TRAIL","Length_Miles":0.14378287,"Council_District":"C","KeyConnect":"N","Maintenance":null,"HoustonBikePlan_FundSource":null,"URL":null,"HC_Status":"Existing","HC_Class":"Off-Street","LC_Status":null,"LC_Class":null,"Description":null,"Implementer":"COH","created_user":"E167112","created_date":1630616544000,"last_edited_user":"E167744","last_edited_date":1649166176000,"Proposed_Date":null,"Programmed_Date":null,"Existing_Date":null,"Shape__Length":759.1735664024632}},{"type":"Feature","id":5423,"geometry":{"type":"LineString","coordinates":[[-95.3878042041038,29.7775280850827],[-95.3878976288116,29.7776095513686],[-95.3881042717471,29.777785344771]]},"properties":{"OBJECTID":5423,"Unique_ID":5855,"Full_Name":"MKT TRAIL","Length_Miles":0.0252775,"Council_District":"C","KeyConnect":"N","Maintenance":null,"HoustonBikePlan_FundSource":null,"URL":null,"HC_Status":"Existing","HC_Class":"Off-Street","LC_Status":null,"LC_Class":null,"Description":null,"Implementer":"COH","created_user":"E167112","created_date":1630617663000,"last_edited_user":"E167744","last_edited_date":1649166176000,"Proposed_Date":null,"Programmed_Date":null,"Existing_Date":null,"Shape__Length":133.4651756800655}},{"type":"Feature","id":5424,"geometry":{"type":"LineString","coordinates":[[-95.4043452477848,29.7834162610791],[-95.4043600705909,29.7834163012909],[-95.4054472749072,29.7834017133823]]},"properties":{"OBJECTID":5424,"Unique_ID":5856,"Full_Name":"MKT TRAIL","Length_Miles":0.06621426,"Council_District":"C","KeyConnect":"N","Maintenance":null,"HoustonBikePlan_FundSource":null,"URL":null,"HC_Status":"Existing","HC_Class":"Off-Street","LC_Status":null,"LC_Class":null,"Description":null,"Implementer":"COH","created_user":"E167112","created_date":1630618127000,"last_edited_user":"E167744","last_edited_date":1649166176000,"Proposed_Date":null,"Programmed_Date":null,"Existing_Date":null,"Shape__Length":349.61130395297295}},{"type":"Feature","id":5425,"geometry":{"type":"LineString","coordinates":[[-95.4054472749072,29.7834017133823],[-95.4061405185508,29.7833924067094],[-95.4062283825987,29.7833852090326],[-95.4065096698713,29.78333264712]]},"properties":{"OBJECTID":5425,"Unique_ID":5857,"Full_Name":"MKT TRAIL","Length_Miles":0.0642371,"Council_District":"C","KeyConnect":"N","Maintenance":null,"HoustonBikePlan_FundSource":null,"URL":null,"HC_Status":"Existing","HC_Class":"Off-Street","LC_Status":null,"LC_Class":null,"Description":null,"Implementer":"COH","created_user":"E167112","created_date":1630618135000,"last_edited_user":"E167744","last_edited_date":1649166176000,"Proposed_Date":null,"Programmed_Date":null,"Existing_Date":null,"Shape__Length":339.17186318115324}},{"type":"Feature","id":5528,"geometry":{"type":"LineString","coordinates":[[-95.3913967341688,29.7622164566613],[-95.3915587459522,29.7622195341846],[-95.3916646465825,29.7622249928245],[-95.391770554375,29.7622387018928]]},"properties":{"OBJECTID":5528,"Unique_ID":6741,"Full_Name":"BUFFALO BAYOU","Length_Miles":0.02254573,"Council_District":"C","KeyConnect":"N","Maintenance":null,"HoustonBikePlan_FundSource":null,"URL":null,"HC_Status":"Existing","HC_Class":"Off-Street","LC_Status":null,"LC_Class":null,"Description":null,"Implementer":"COH","created_user":"E167112","created_date":1633093108000,"last_edited_user":"E167744","last_edited_date":1649170214000,"Proposed_Date":null,"Programmed_Date":null,"Existing_Date":null,"Shape__Length":119.04147456135644}},{"type":"Feature","id":5529,"geometry":{"type":"LineString","coordinates":[[-95.3991720829766,29.7613580375938],[-95.3990793111189,29.7613925960161],[-95.3987840099796,29.761502596095],[-95.3985882107179,29.7615905956602],[-95.3984863106097,29.761646396149],[-95.398354842499,29.7616931479085]]},"properties":{"OBJECTID":5529,"Unique_ID":5996,"Full_Name":"BUFFALO BAYOU","Length_Miles":0.05435053,"Council_District":"C","KeyConnect":"N","Maintenance":null,"HoustonBikePlan_FundSource":null,"URL":null,"HC_Status":"Existing","HC_Class":"Off-Street","LC_Status":null,"LC_Class":null,"Description":null,"Implementer":"COH","created_user":"E167112","created_date":1633093251000,"last_edited_user":"E167744","last_edited_date":1649166176000,"Proposed_Date":null,"Programmed_Date":null,"Existing_Date":null,"Shape__Length":286.97050591171995}},{"type":"Feature","id":5530,"geometry":{"type":"LineString","coordinates":[[-95.3982836153522,29.7615478107718],[-95.3980666150762,29.7616081897304],[-95.3976861196923,29.7617364003439],[-95.3975967400082,29.7617529506289]]},"properties":{"OBJECTID":5530,"Unique_ID":5997,"Full_Name":"BUFFALO BAYOU","Length_Miles":0.04368665,"Council_District":"C","KeyConnect":"N","Maintenance":null,"HoustonBikePlan_FundSource":null,"URL":null,"HC_Status":"Existing","HC_Class":"Off-Street","LC_Status":null,"LC_Class":null,"Description":null,"Implementer":"COH","created_user":"E167112","created_date":1633093279000,"last_edited_user":"E167744","last_edited_date":1649166176000,"Proposed_Date":null,"Programmed_Date":null,"Existing_Date":null,"Shape__Length":230.66551359686935}},{"type":"Feature","id":5531,"geometry":{"type":"LineString","coordinates":[[-95.398354842499,29.7616931479085],[-95.3983223299051,29.7616208772733],[-95.3982836153522,29.7615478107718]]},"properties":{"OBJECTID":5531,"Unique_ID":5998,"Full_Name":"WAUGH DR","Length_Miles":0.01089084,"Council_District":"C","KeyConnect":"N","Maintenance":"COH-SW","HoustonBikePlan_FundSource":null,"URL":null,"HC_Status":"Proposed","HC_Class":"Dedicated On-Street - HC","LC_Status":null,"LC_Class":null,"Description":null,"Implementer":"COH","created_user":"E167112","created_date":1633093304000,"last_edited_user":"E167744","last_edited_date":1649166176000,"Proposed_Date":null,"Programmed_Date":null,"Existing_Date":null,"Shape__Length":57.503613109507526}},{"type":"Feature","id":5532,"geometry":{"type":"LineString","coordinates":[[-95.398354842499,29.7616931479085],[-95.3983187110457,29.7617059964631],[-95.3981823106612,29.7617553956747],[-95.3981509112194,29.7617593962376],[-95.3981109106597,29.7617618964548],[-95.397959810146,29.7617601961161],[-95.3978618107231,29.7617639967857],[-95.3977735102754,29.7617728954711],[-95.3977055106976,29.7617757964742],[-95.397672510712,29.7617744959064],[-95.3976318105673,29.761765195662],[-95.3975967400082,29.7617529506289]]},"properties":{"OBJECTID":5532,"Unique_ID":5999,"Full_Name":"BUFFALO BAYOU","Length_Miles":0.04672554,"Council_District":"C","KeyConnect":"N","Maintenance":null,"HoustonBikePlan_FundSource":null,"URL":null,"HC_Status":"Existing","HC_Class":"Off-Street","LC_Status":null,"LC_Class":null,"Description":null,"Implementer":"COH","created_user":"E167112","created_date":1633093309000,"last_edited_user":"E167744","last_edited_date":1649166176000,"Proposed_Date":null,"Programmed_Date":null,"Existing_Date":null,"Shape__Length":246.710863564399}},{"type":"Feature","id":5533,"geometry":{"type":"LineString","coordinates":[[-95.39881598903,29.7614252049038],[-95.3986822405586,29.7614623924934],[-95.398446901088,29.7615023782414],[-95.3982836153522,29.7615478107718]]},"properties":{"OBJECTID":5533,"Unique_ID":6000,"Full_Name":"BUFFALO BAYOU","Length_Miles":0.03314098,"Council_District":"C","KeyConnect":"N","Maintenance":null,"HoustonBikePlan_FundSource":null,"URL":null,"HC_Status":"Existing","HC_Class":"Off-Street","LC_Status":null,"LC_Class":null,"Description":null,"Implementer":"COH","created_user":"E167112","created_date":1633093338000,"last_edited_user":"E167744","last_edited_date":1649166176000,"Proposed_Date":null,"Programmed_Date":null,"Existing_Date":null,"Shape__Length":174.98439964583952}},{"type":"Feature","id":5534,"geometry":{"type":"LineString","coordinates":[[-95.3991720829766,29.7613580375938],[-95.3990988593646,29.7613707236518],[-95.3988359700205,29.7614196489415],[-95.39881598903,29.7614252049038]]},"properties":{"OBJECTID":5534,"Unique_ID":6001,"Full_Name":"BUFFALO BAYOU","Length_Miles":0.02189845,"Council_District":"C","KeyConnect":"N","Maintenance":null,"HoustonBikePlan_FundSource":null,"URL":null,"HC_Status":"Existing","HC_Class":"Off-Street","LC_Status":null,"LC_Class":null,"Description":null,"Implementer":"COH","created_user":"E167112","created_date":1633093372000,"last_edited_user":"E167744","last_edited_date":1649166176000,"Proposed_Date":null,"Programmed_Date":null,"Existing_Date":null,"Shape__Length":115.62382438701374}},{"type":"Feature","id":5542,"geometry":{"type":"LineString","coordinates":[[-95.3658887358383,29.7642385910977],[-95.3659415169688,29.7641692056274],[-95.366291519873,29.7637962608696],[-95.3665451284989,29.7632767667972],[-95.3667082358902,29.7632283437273],[-95.3671136507541,29.7631454646595],[-95.3674099715204,29.7631048243921],[-95.3676163013215,29.763095873885]]},"properties":{"OBJECTID":5542,"Unique_ID":6009,"Full_Name":"BUFFALO BAYOU","Length_Miles":0.14363122,"Council_District":"I","KeyConnect":"N","Maintenance":null,"HoustonBikePlan_FundSource":null,"URL":null,"HC_Status":"Existing","HC_Class":"Off-Street","LC_Status":null,"LC_Class":null,"Description":null,"Implementer":"COH","created_user":"E167112","created_date":1633364165000,"last_edited_user":"E167744","last_edited_date":1649166176000,"Proposed_Date":null,"Programmed_Date":null,"Existing_Date":null,"Shape__Length":758.3728572899322}},{"type":"Feature","id":5543,"geometry":{"type":"LineString","coordinates":[[-95.3768202244878,29.7615161847714],[-95.3767938059256,29.7615114941935],[-95.3766669413861,29.7614997042101],[-95.3765313224925,29.7615032023046],[-95.3763744729981,29.7615264261585],[-95.376270946372,29.7615510918697],[-95.3761154207406,29.7615755454509],[-95.375911593688,29.7615955909455],[-95.3756877382598,29.7616156116395],[-95.3755011461033,29.7616388523353],[-95.3754225246266,29.7616526459746]]},"properties":{"OBJECTID":5543,"Unique_ID":6010,"Full_Name":"BUFFALO BAYOU","Length_Miles":0.08493619,"Council_District":"H","KeyConnect":"N","Maintenance":null,"HoustonBikePlan_FundSource":null,"URL":null,"HC_Status":"Existing","HC_Class":"Off-Street","LC_Status":null,"LC_Class":null,"Description":null,"Implementer":"COH","created_user":"E167112","created_date":1633365384000,"last_edited_user":"E167744","last_edited_date":1649166176000,"Proposed_Date":null,"Programmed_Date":null,"Existing_Date":null,"Shape__Length":448.46310148685797}},{"type":"Feature","id":5544,"geometry":{"type":"LineString","coordinates":[[-95.3754225246266,29.7616526459746],[-95.3752030295883,29.76169115575],[-95.3751234304386,29.7617232306176]]},"properties":{"OBJECTID":5544,"Unique_ID":6011,"Full_Name":"BUFFALO BAYOU","Length_Miles":0.018722,"Council_District":"H","KeyConnect":"N","Maintenance":null,"HoustonBikePlan_FundSource":null,"URL":null,"HC_Status":"Existing","HC_Class":"Off-Street","LC_Status":null,"LC_Class":null,"Description":null,"Implementer":"COH","created_user":"E167112","created_date":1633365403000,"last_edited_user":"E167744","last_edited_date":1649166176000,"Proposed_Date":null,"Programmed_Date":null,"Existing_Date":null,"Shape__Length":98.85215105407032}},{"type":"Feature","id":5545,"geometry":{"type":"LineString","coordinates":[[-95.4087652622355,29.7793698758091],[-95.4087992164848,29.7793732426581],[-95.4088602676758,29.7793810671327],[-95.4089209959255,29.7793906286557],[-95.4089813333899,29.7794019145778],[-95.4090412152306,29.7794149150382],[-95.4091077765179,29.7794303781462],[-95.409116339301,29.7794323668404],[-95.4092663986721,29.7794672264444],[-95.4095150551979,29.7795254495398],[-95.4095388840193,29.7795316256881],[-95.409618941685,29.7795523749755]]},"properties":{"OBJECTID":5545,"Unique_ID":6012,"Full_Name":"WHITE OAK BAYOU","Length_Miles":0.05286198,"Council_District":"C","KeyConnect":"N","Maintenance":null,"HoustonBikePlan_FundSource":null,"URL":null,"HC_Status":"Existing","HC_Class":"Off-Street","LC_Status":null,"LC_Class":null,"Description":null,"Implementer":null,"created_user":"E167112","created_date":1633367272000,"last_edited_user":"E167744","last_edited_date":1649166176000,"Proposed_Date":null,"Programmed_Date":null,"Existing_Date":null,"Shape__Length":279.1115994865446}},{"type":"Feature","id":5556,"geometry":{"type":"LineString","coordinates":[[-95.4177835717404,29.7833833116432],[-95.4222834322834,29.7834366394402],[-95.4267194398857,29.7835394265054]]},"properties":{"OBJECTID":5556,"Unique_ID":6023,"Full_Name":"EUREKA WEST BELT","Length_Miles":0.53695928,"Council_District":"C","KeyConnect":"N","Maintenance":null,"HoustonBikePlan_FundSource":null,"URL":null,"HC_Status":"Proposed","HC_Class":"Off-Street","LC_Status":null,"LC_Class":null,"Description":null,"Implementer":"COH","created_user":"E167112","created_date":1634845520000,"last_edited_user":"E167744","last_edited_date":1649166176000,"Proposed_Date":null,"Programmed_Date":null,"Existing_Date":null,"Shape__Length":2835.1449998262187}},{"type":"Feature","id":6165,"geometry":{"type":"LineString","coordinates":[[-95.3837124984278,29.779018807451],[-95.3838524029758,29.7789616764531]]},"properties":{"OBJECTID":6165,"Unique_ID":6623,"Full_Name":"WHITE OAK BAYOU","Length_Miles":0.00928076,"Council_District":"H","KeyConnect":"N","Maintenance":null,"HoustonBikePlan_FundSource":null,"URL":null,"HC_Status":"Existing","HC_Class":"Off-Street","LC_Status":null,"LC_Class":null,"Description":null,"Implementer":"COH","created_user":"E167112","created_date":1642792876000,"last_edited_user":"E167744","last_edited_date":1649166176000,"Proposed_Date":null,"Programmed_Date":null,"Existing_Date":null,"Shape__Length":49.00240977788324}},{"type":"Feature","id":6244,"geometry":{"type":"LineString","coordinates":[[-95.4006862944374,29.7612339129245],[-95.400749556976,29.7612057179536],[-95.4008911994133,29.7611584599747],[-95.40100662026,29.7611016632503],[-95.4011291973515,29.7610333899595],[-95.4012393917371,29.7609594276198],[-95.401333758005,29.7608812823388],[-95.4014567264647,29.7607459453974],[-95.4015546108732,29.760581694137],[-95.4016101337475,29.760449900377],[-95.4016750026899,29.7603032037344],[-95.4018578387469,29.759900559371],[-95.4018959148119,29.7598364775332],[-95.4020232162971,29.7597042108414],[-95.4021328124664,29.7595906853401],[-95.4021916980655,29.7595433486515],[-95.4022911067026,29.7594653489413],[-95.4023345873253,29.759421197475],[-95.4023713828235,29.7593891002433],[-95.4024326008586,29.759337985262],[-95.4024964056977,29.7593164250595]]},"properties":{"OBJECTID":6244,"Unique_ID":3413,"Full_Name":"BUFFALO BAYOU","Length_Miles":0.17749838,"Council_District":"C","KeyConnect":"N","Maintenance":null,"HoustonBikePlan_FundSource":null,"URL":null,"HC_Status":"Existing","HC_Class":"Off-Street","LC_Status":null,"LC_Class":null,"Description":null,"Implementer":"COH","created_user":"E167744","created_date":1649100387000,"last_edited_user":"E167744","last_edited_date":1649166176000,"Proposed_Date":null,"Programmed_Date":null,"Existing_Date":null,"Shape__Length":937.191435040859}},{"type":"Feature","id":6247,"geometry":{"type":"LineString","coordinates":[[-95.4088967657284,29.7614855669923],[-95.4091502686613,29.7615401733895],[-95.4093142223228,29.761551619346],[-95.4096633326892,29.7615844826473],[-95.4098939205853,29.7616165201209],[-95.4099360798204,29.7616251895453]]},"properties":{"OBJECTID":6247,"Unique_ID":3445,"Full_Name":"MEMORIAL SERVICE RD","Length_Miles":0.06330687,"Council_District":"C","KeyConnect":"Y","Maintenance":null,"HoustonBikePlan_FundSource":null,"URL":null,"HC_Status":"Proposed","HC_Class":"Off-Street","LC_Status":null,"LC_Class":null,"Description":null,"Implementer":"COH","created_user":"E167744","created_date":1649100516000,"last_edited_user":"E167744","last_edited_date":1649166176000,"Proposed_Date":null,"Programmed_Date":null,"Existing_Date":null,"Shape__Length":334.2602711207362}},{"type":"Feature","id":6248,"geometry":{"type":"LineString","coordinates":[[-95.3913944875582,29.7622164142128],[-95.3913967341688,29.7622164566613]]},"properties":{"OBJECTID":6248,"Unique_ID":5995,"Full_Name":"BUFFALO BAYOU","Length_Miles":0.00013503,"Council_District":"C","KeyConnect":"N","Maintenance":null,"HoustonBikePlan_FundSource":null,"URL":null,"HC_Status":"Existing","HC_Class":"Off-Street","LC_Status":null,"LC_Class":null,"Description":null,"Implementer":"COH","created_user":"E167744","created_date":1649100670000,"last_edited_user":"E167744","last_edited_date":1649166176000,"Proposed_Date":null,"Programmed_Date":null,"Existing_Date":null,"Shape__Length":0.7129552721951947}},{"type":"Feature","id":6251,"geometry":{"type":"LineString","coordinates":[[-95.3918145331848,29.7629474944624],[-95.391642099172,29.7629216576713],[-95.3914344009057,29.76289768911],[-95.3913113888116,29.7628910013216]]},"properties":{"OBJECTID":6251,"Unique_ID":3535,"Full_Name":"BUFFALO BAYOU","Length_Miles":0.03050821,"Council_District":"H","KeyConnect":"N","Maintenance":null,"HoustonBikePlan_FundSource":null,"URL":null,"HC_Status":"Existing","HC_Class":"Off-Street","LC_Status":null,"LC_Class":null,"Description":null,"Implementer":"COH","created_user":"E167744","created_date":1649104802000,"last_edited_user":"E167744","last_edited_date":1649166176000,"Proposed_Date":null,"Programmed_Date":null,"Existing_Date":null,"Shape__Length":161.08333690525637}},{"type":"Feature","id":6252,"geometry":{"type":"LineString","coordinates":[[-95.3955057298363,29.773879445983],[-95.3955028453469,29.7738775955825],[-95.3954865274104,29.7738678737643],[-95.395469831679,29.7738586535891],[-95.3954527774106,29.7738499464066],[-95.3954353849604,29.7738417617907],[-95.3954176777207,29.7738341112024],[-95.3953996760786,29.7738270033138],[-95.3953814014865,29.7738204459231],[-95.3953628753652,29.7738144477303],[-95.3953441233017,29.7738090166447],[-95.3953251627096,29.7738041576479],[-95.3953060212751,29.7737998778032],[-95.3952867205465,29.7737961822034],[-95.3952672852046,29.7737930751229],[-95.3952477368612,29.773790559851],[-95.3952280981299,29.7737886406065],[-95.3952083958548,29.7737873190141],[-95.3951886537786,29.773786596615],[-95.3951688946424,29.7737864740212],[-95.3951491411872,29.7737869518441],[-95.3951294192872,29.7737880298772],[-95.39510975488,29.7737897061103],[-95.3950901666675,29.7737919783383],[-95.3948054259073,29.7738294253339],[-95.3947687659115,29.7738348154861],[-95.3947323430527,29.7738413123469],[-95.394696200094,29.7738489062351],[-95.3946603807685,29.7738575893008],[-95.3946249268376,29.7738673509333],[-95.3945898842293,29.7738781797313],[-95.3945552916995,29.7738900622954],[-95.3945211932049,29.7739029844632],[-95.3944876275971,29.77391693013],[-95.3944546399302,29.7739318833578],[-95.3944222629494,29.7739478251696],[-95.3943905397055,29.7739647377684],[-95.3943595092417,29.7739825996385],[-95.3943292075004,29.7740013891812],[-95.3942996704241,29.7740210847974],[-95.3942709340508,29.7740416621829],[-95.3942430344189,29.7740630970335],[-95.3942160014602,29.7740853621726],[-95.3941898702113,29.7741084323664],[-95.3941646747709,29.7741322796479],[-95.3941404389328,29.7741568748701],[-95.3941171968593,29.7741821882622],[-95.3940949744438,29.7742081898313],[-95.3940737997106,29.7742348478361],[-95.3940536975512,29.7742621313539],[-95.3940346929847,29.7742900058546],[-95.3940168068318,29.7743184385008],[-95.3940000630461,29.7743473956362],[-95.3939844784091,29.7743768416068],[-95.3939700748394,29.7744067417988],[-95.3939568691505,29.7744370596561],[-95.3939448760887,29.7744677585668],[-95.3939341114022,29.7744988028489],[-95.393924586832,29.7745301531016],[-95.3939163140234,29.7745617726293],[-95.39390930362,29.7745936238072],[-95.393905155056,29.7746144159106],[-95.3938993236981,29.7746410426413],[-95.3938924919913,29.7746674880997],[-95.3938846702582,29.7746937236783],[-95.393875861586,29.7747197205752],[-95.3938677186475,29.774741139958],[-95.3938536107257,29.7747745865078],[-95.3938436375517,29.7747960017731],[-95.3938310005735,29.7748207673314],[-95.3938174363181,29.7748451577057],[-95.3937918673811,29.7748892766707]]},"properties":{"OBJECTID":6252,"Unique_ID":3933,"Full_Name":"WHITE OAK BAYOU","Length_Miles":0.14570912,"Council_District":"C","KeyConnect":"N","Maintenance":null,"HoustonBikePlan_FundSource":null,"URL":null,"HC_Status":"Existing","HC_Class":"Off-Street","LC_Status":null,"LC_Class":null,"Description":null,"Implementer":null,"created_user":"E167744","created_date":1649104802000,"last_edited_user":"E167744","last_edited_date":1649166176000,"Proposed_Date":null,"Programmed_Date":null,"Existing_Date":null,"Shape__Length":769.3441381822466}},{"type":"Feature","id":6255,"geometry":{"type":"LineString","coordinates":[[-95.3770493556033,29.7752073455445],[-95.3777714862946,29.7752011117188],[-95.3787624152623,29.7752040086925],[-95.3803345226059,29.775184383589],[-95.3813037402607,29.7751818984953],[-95.3813671798702,29.7752457072622],[-95.3814641584043,29.7752371869747]]},"properties":{"OBJECTID":6255,"Unique_ID":3970,"Full_Name":"MKT","Length_Miles":0.26729716,"Council_District":"H","KeyConnect":"N","Maintenance":null,"HoustonBikePlan_FundSource":null,"URL":null,"HC_Status":"Existing","HC_Class":"Off-Street","LC_Status":null,"LC_Class":null,"Description":null,"Implementer":"COH","created_user":"E167744","created_date":1649104802000,"last_edited_user":"E167744","last_edited_date":1649166176000,"Proposed_Date":null,"Programmed_Date":null,"Existing_Date":null,"Shape__Length":1411.3290086590794}},{"type":"Feature","id":6256,"geometry":{"type":"LineString","coordinates":[[-95.4288933680996,29.7774045740678],[-95.4290750871514,29.7775423463206],[-95.4290765254933,29.7775434371324],[-95.429255068451,29.7776693286932],[-95.4298395558243,29.7780814486197]]},"properties":{"OBJECTID":6256,"Unique_ID":3994,"Full_Name":"WASHINGTON AVE","Length_Miles":0.07352442,"Council_District":"C","KeyConnect":"N","Maintenance":null,"HoustonBikePlan_FundSource":null,"URL":null,"HC_Status":"Proposed","HC_Class":"Dedicated On-Street - HC","LC_Status":null,"LC_Class":null,"Description":null,"Implementer":"COH","created_user":"E167744","created_date":1649104802000,"last_edited_user":"E167744","last_edited_date":1649166176000,"Proposed_Date":null,"Programmed_Date":null,"Existing_Date":null,"Shape__Length":388.2089158807988}},{"type":"Feature","id":6257,"geometry":{"type":"LineString","coordinates":[[-95.4220786386211,29.7772397364151],[-95.4220751857633,29.7771040283274],[-95.4220649690042,29.776927558326],[-95.4220303475097,29.7768328550222]]},"properties":{"OBJECTID":6257,"Unique_ID":3997,"Full_Name":"COHN BRIDGE","Length_Miles":0.02836364,"Council_District":"C","KeyConnect":"N","Maintenance":null,"HoustonBikePlan_FundSource":null,"URL":null,"HC_Status":"Existing","HC_Class":"Off-Street","LC_Status":null,"LC_Class":null,"Description":null,"Implementer":"COH","created_user":"E167744","created_date":1649104802000,"last_edited_user":"E167744","last_edited_date":1649166176000,"Proposed_Date":null,"Programmed_Date":null,"Existing_Date":null,"Shape__Length":149.7600371084535}},{"type":"Feature","id":6264,"geometry":{"type":"LineString","coordinates":[[-95.4148350016843,29.7833482869115],[-95.4148493961788,29.7833240386407],[-95.4148602720198,29.7833008913553],[-95.4148723199628,29.7832776346084],[-95.414880102258,29.7832530325435],[-95.4148843162541,29.7832190810624],[-95.4148846847375,29.7831849319386],[-95.4148813279704,29.7828054673949]]},"properties":{"OBJECTID":6264,"Unique_ID":4245,"Full_Name":"MKT","Length_Miles":0.03795755,"Council_District":"C","KeyConnect":"N","Maintenance":null,"HoustonBikePlan_FundSource":null,"URL":null,"HC_Status":"Existing","HC_Class":"Off-Street","LC_Status":null,"LC_Class":null,"Description":null,"Implementer":"COH","created_user":"E167744","created_date":1649105244000,"last_edited_user":"E167744","last_edited_date":1649166176000,"Proposed_Date":null,"Programmed_Date":null,"Existing_Date":null,"Shape__Length":200.4158577508278}},{"type":"Feature","id":6267,"geometry":{"type":"LineString","coordinates":[[-95.3672010706259,29.7860093122089],[-95.3672487971962,29.7853627969689],[-95.3672477941944,29.7853490637833]]},"properties":{"OBJECTID":6267,"Unique_ID":4335,"Full_Name":"LITTLE WHITE OAK TRAIL","Length_Miles":0.04556599,"Council_District":"H","KeyConnect":"N","Maintenance":null,"HoustonBikePlan_FundSource":null,"URL":null,"HC_Status":"Proposed","HC_Class":"Off-Street","LC_Status":null,"LC_Class":null,"Description":null,"Implementer":"COH","created_user":"E167744","created_date":1649105244000,"last_edited_user":"E167744","last_edited_date":1649166176000,"Proposed_Date":null,"Programmed_Date":null,"Existing_Date":null,"Shape__Length":240.5884430482031}},{"type":"Feature","id":6268,"geometry":{"type":"LineString","coordinates":[[-95.4169664970852,29.7865694283507],[-95.4170860153695,29.786590952524],[-95.4172367338729,29.7866156069331],[-95.4173858053628,29.7866469680544],[-95.4175328384781,29.7866849541226],[-95.4176388409477,29.7867139731894],[-95.4177428137741,29.7867481308604],[-95.4178444264942,29.7867873199191],[-95.4179433605856,29.7868314172213],[-95.41823830553,29.7869828998869],[-95.4183028336185,29.7870194231512],[-95.4183349768151,29.7870417597059]]},"properties":{"OBJECTID":6268,"Unique_ID":4360,"Full_Name":"WHITE OAK BAYOU","Length_Miles":0.08931812,"Council_District":"C","KeyConnect":"N","Maintenance":null,"HoustonBikePlan_FundSource":null,"URL":null,"HC_Status":"Existing","HC_Class":"Off-Street","LC_Status":null,"LC_Class":null,"Description":null,"Implementer":"COH","created_user":"E167744","created_date":1649105244000,"last_edited_user":"E167744","last_edited_date":1649166176000,"Proposed_Date":null,"Programmed_Date":null,"Existing_Date":null,"Shape__Length":471.5996570276318}},{"type":"Feature","id":6515,"geometry":{"type":"LineString","coordinates":[[-95.398124064509,29.7573369397883],[-95.3981111536615,29.7566599186292],[-95.3980859783657,29.75533999943]]},"properties":{"OBJECTID":6515,"Unique_ID":3278,"Full_Name":"WAUGH DR","Length_Miles":0.13754883,"Council_District":"C","KeyConnect":"N","Maintenance":"COH-SW","HoustonBikePlan_FundSource":"TIRZ","URL":null,"HC_Status":"Programmed","HC_Class":"Dedicated On-Street - HC","LC_Status":null,"LC_Class":null,"Description":null,"Implementer":"TIRZ 27","created_user":null,"created_date":null,"last_edited_user":"PDD","last_edited_date":1696970752000,"Proposed_Date":null,"Programmed_Date":1607385600000,"Existing_Date":1659398400000,"Shape__Length":726.2578378469}},{"type":"Feature","id":6517,"geometry":{"type":"LineString","coordinates":[[-95.3922799077816,29.7574686331691],[-95.3930353444503,29.757461060792],[-95.3934700606709,29.7574533180909],[-95.3940194840817,29.7574401010819],[-95.3947103240316,29.757423008923],[-95.3948177708109,29.7574203503631],[-95.3954920791999,29.7574025728863],[-95.3955986801701,29.7573999297629],[-95.3960335479137,29.7573924157221],[-95.3963769725134,29.7573867205172],[-95.3971552515851,29.757369365896],[-95.3977884275318,29.7573485707891],[-95.398124064509,29.7573369397883]]},"properties":{"OBJECTID":6517,"Unique_ID":3291,"Full_Name":"W DALLAS ST","Length_Miles":0.35131744,"Council_District":"C","KeyConnect":"N","Maintenance":"COH-DWN","HoustonBikePlan_FundSource":"TIRZ 27","URL":null,"HC_Status":"Programmed","HC_Class":"Dedicated On-Street - HC","LC_Status":"Existing","LC_Class":"Shared On-Street - LC","Description":"Signed Bike Route","Implementer":"TIRZ 27","created_user":null,"created_date":null,"last_edited_user":"PDD","last_edited_date":1696970752000,"Proposed_Date":null,"Programmed_Date":null,"Existing_Date":1659398400000,"Shape__Length":1854.956074152627}},{"type":"Feature","id":6519,"geometry":{"type":"LineString","coordinates":[[-95.3718484565313,29.7578368893555],[-95.3727488346155,29.7578195404467]]},"properties":{"OBJECTID":6519,"Unique_ID":3325,"Full_Name":"W DALLAS ST","Length_Miles":0.05411881,"Council_District":"I","KeyConnect":"N","Maintenance":null,"HoustonBikePlan_FundSource":null,"URL":"http://www.downtowndistrict.org/projects-initiatives/bagby-street-project/","HC_Status":"Programmed","HC_Class":"Dedicated On-Street - HC","LC_Status":null,"LC_Class":null,"Description":null,"Implementer":"TIRZ 3","created_user":null,"created_date":null,"last_edited_user":"PDD","last_edited_date":1696970344000,"Proposed_Date":null,"Programmed_Date":1604534400000,"Existing_Date":null,"Shape__Length":285.7473057112209}},{"type":"Feature","id":6520,"geometry":{"type":"LineString","coordinates":[[-95.3706888810134,29.7593225177252],[-95.3712762025207,29.7585786527217],[-95.3717491651681,29.7579379812577],[-95.3718484565313,29.7578368893555]]},"properties":{"OBJECTID":6520,"Unique_ID":3375,"Full_Name":"BAGBY ST","Length_Miles":0.12386403,"Council_District":"I","KeyConnect":"N","Maintenance":null,"HoustonBikePlan_FundSource":null,"URL":"http://www.downtowndistrict.org/projects-initiatives/bagby-street-project/","HC_Status":"Programmed","HC_Class":"Off-Street","LC_Status":null,"LC_Class":null,"Description":null,"Implementer":"TIRZ 3","created_user":null,"created_date":null,"last_edited_user":"PDD","last_edited_date":1696970344000,"Proposed_Date":null,"Programmed_Date":1604534400000,"Existing_Date":null,"Shape__Length":654.0020729594203}},{"type":"Feature","id":6524,"geometry":{"type":"LineString","coordinates":[[-95.3687506555719,29.761687239694],[-95.3695062648998,29.7608104412508],[-95.370086060899,29.760070239016],[-95.3706888810134,29.7593225177252]]},"properties":{"OBJECTID":6524,"Unique_ID":3486,"Full_Name":"BAGBY ST","Length_Miles":0.20025772,"Council_District":"I","KeyConnect":"N","Maintenance":null,"HoustonBikePlan_FundSource":null,"URL":"http://www.downtowndistrict.org/projects-initiatives/bagby-street-project/","HC_Status":"Programmed","HC_Class":"Off-Street","LC_Status":null,"LC_Class":null,"Description":null,"Implementer":"TIRZ 3","created_user":null,"created_date":null,"last_edited_user":"PDD","last_edited_date":1696970344000,"Proposed_Date":null,"Programmed_Date":1604534400000,"Existing_Date":null,"Shape__Length":1057.3607827284427}},{"type":"Feature","id":6526,"geometry":{"type":"LineString","coordinates":[[-95.3683695150959,29.7621187395029],[-95.3687506555719,29.761687239694]]},"properties":{"OBJECTID":6526,"Unique_ID":3512,"Full_Name":"BAGBY ST","Length_Miles":0.03751883,"Council_District":"I","KeyConnect":"N","Maintenance":null,"HoustonBikePlan_FundSource":null,"URL":"http://www.downtowndistrict.org/projects-initiatives/bagby-street-project/","HC_Status":"Programmed","HC_Class":"Off-Street","LC_Status":null,"LC_Class":null,"Description":null,"Implementer":"TIRZ 3","created_user":null,"created_date":null,"last_edited_user":"PDD","last_edited_date":1696970344000,"Proposed_Date":null,"Programmed_Date":1604534400000,"Existing_Date":null,"Shape__Length":198.09942588163176}},{"type":"Feature","id":6528,"geometry":{"type":"LineString","coordinates":[[-95.3676163013215,29.763095873885],[-95.3676523748732,29.7630515153292],[-95.3683695150959,29.7621187395029]]},"properties":{"OBJECTID":6528,"Unique_ID":3585,"Full_Name":"BAGBY ST","Length_Miles":0.08110101,"Council_District":"I","KeyConnect":"N","Maintenance":null,"HoustonBikePlan_FundSource":null,"URL":"http://www.downtowndistrict.org/projects-initiatives/bagby-street-project/","HC_Status":"Programmed","HC_Class":"Off-Street","LC_Status":null,"LC_Class":null,"Description":null,"Implementer":"TIRZ 3","created_user":null,"created_date":null,"last_edited_user":"PDD","last_edited_date":1696970344000,"Proposed_Date":null,"Programmed_Date":1604534400000,"Existing_Date":null,"Shape__Length":428.21333689066944}},{"type":"Feature","id":6530,"geometry":{"type":"LineString","coordinates":[[-95.3665765025667,29.7646535319919],[-95.3672630767973,29.7635302332968],[-95.3673238357581,29.7634555194066]]},"properties":{"OBJECTID":6530,"Unique_ID":3666,"Full_Name":"BAGBY ST","Length_Miles":0.09398403,"Council_District":"I","KeyConnect":"N","Maintenance":null,"HoustonBikePlan_FundSource":null,"URL":"http://www.downtowndistrict.org/projects-initiatives/bagby-street-project/","HC_Status":"Programmed","HC_Class":"Off-Street","LC_Status":null,"LC_Class":null,"Description":null,"Implementer":"TIRZ 3","created_user":null,"created_date":null,"last_edited_user":"PDD","last_edited_date":1696970344000,"Proposed_Date":null,"Programmed_Date":1604534400000,"Existing_Date":null,"Shape__Length":496.2356836921032}},{"type":"Feature","id":6531,"geometry":{"type":"LineString","coordinates":[[-95.4094843218213,29.7653364557095],[-95.4096291808072,29.7653955524767],[-95.4099573121447,29.7659372427326],[-95.4100640762089,29.7660592787602]]},"properties":{"OBJECTID":6531,"Unique_ID":3674,"Full_Name":"DURHAM DR","Length_Miles":0.06237815,"Council_District":"C","KeyConnect":"N","Maintenance":"COH-NW","HoustonBikePlan_FundSource":null,"URL":null,"HC_Status":"Programmed","HC_Class":"Dedicated On-Street - HC","LC_Status":null,"LC_Class":null,"Description":"Protected Bike Lane","Implementer":"COH","created_user":null,"created_date":null,"last_edited_user":"PDD","last_edited_date":1696970344000,"Proposed_Date":null,"Programmed_Date":1608508800000,"Existing_Date":null,"Shape__Length":329.3566295233574}},{"type":"Feature","id":6532,"geometry":{"type":"LineString","coordinates":[[-95.4094843218213,29.7653364557095],[-95.4093928077744,29.7654204320134],[-95.4093927856026,29.7660784611039]]},"properties":{"OBJECTID":6532,"Unique_ID":3679,"Full_Name":"SHEPHERD DR","Length_Miles":0.05329911,"Council_District":"C","KeyConnect":"N","Maintenance":"COH-NE","HoustonBikePlan_FundSource":null,"URL":null,"HC_Status":"Programmed","HC_Class":"Dedicated On-Street - HC","LC_Status":null,"LC_Class":null,"Description":"Protected Bike Lane","Implementer":"COH","created_user":null,"created_date":null,"last_edited_user":"PDD","last_edited_date":1696970344000,"Proposed_Date":null,"Programmed_Date":1608508800000,"Existing_Date":null,"Shape__Length":281.41932355036187}},{"type":"Feature","id":6534,"geometry":{"type":"LineString","coordinates":[[-95.4017684446704,29.7634556905328],[-95.4017862200943,29.7642416779742],[-95.4018114817823,29.7654103078467],[-95.401818069078,29.7656135321267],[-95.4018243252356,29.7663340171367]]},"properties":{"OBJECTID":6534,"Unique_ID":3709,"Full_Name":"JACKSON HILL ST","Length_Miles":0.19826343,"Council_District":"C","KeyConnect":"N","Maintenance":null,"HoustonBikePlan_FundSource":null,"URL":null,"HC_Status":"Programmed","HC_Class":"Dedicated On-Street - HC","LC_Status":null,"LC_Class":null,"Description":null,"Implementer":"COH","created_user":null,"created_date":null,"last_edited_user":"PDD","last_edited_date":1696970344000,"Proposed_Date":null,"Programmed_Date":1567296000000,"Existing_Date":null,"Shape__Length":1046.8309120927854}},{"type":"Feature","id":6536,"geometry":{"type":"LineString","coordinates":[[-95.4100640762089,29.7660592787602],[-95.410483700811,29.7667994878912],[-95.4105598941923,29.7675145875029]]},"properties":{"OBJECTID":6536,"Unique_ID":3744,"Full_Name":"DURHAM DR","Length_Miles":0.10633474,"Council_District":"C","KeyConnect":"N","Maintenance":"COH-NW","HoustonBikePlan_FundSource":null,"URL":null,"HC_Status":"Programmed","HC_Class":"Dedicated On-Street - HC","LC_Status":null,"LC_Class":null,"Description":"Protected Bike Lane","Implementer":"COH","created_user":null,"created_date":null,"last_edited_user":"PDD","last_edited_date":1696970344000,"Proposed_Date":null,"Programmed_Date":1608508800000,"Existing_Date":null,"Shape__Length":561.4474488813237}},{"type":"Feature","id":6537,"geometry":{"type":"LineString","coordinates":[[-95.4093927856026,29.7660784611039],[-95.4094078564182,29.7668165781953],[-95.4094231329292,29.7675337211238]]},"properties":{"OBJECTID":6537,"Unique_ID":3746,"Full_Name":"SHEPHERD DR","Length_Miles":0.10024102,"Council_District":"C","KeyConnect":"N","Maintenance":"COH-NE","HoustonBikePlan_FundSource":null,"URL":null,"HC_Status":"Programmed","HC_Class":"Dedicated On-Street - HC","LC_Status":null,"LC_Class":null,"Description":"Protected Bike Lane","Implementer":"COH","created_user":null,"created_date":null,"last_edited_user":"PDD","last_edited_date":1696970344000,"Proposed_Date":null,"Programmed_Date":1608508800000,"Existing_Date":null,"Shape__Length":529.2725673668576}},{"type":"Feature","id":6538,"geometry":{"type":"LineString","coordinates":[[-95.401854930971,29.767688207263],[-95.4031824058771,29.7676768148949],[-95.4032433533146,29.7676539833424],[-95.4034721978834,29.767638680983],[-95.4037849932047,29.7676195373486],[-95.4040825771767,29.7676099393023],[-95.4048149756076,29.7675985174465],[-95.4049676343979,29.767604241365],[-95.4054712044958,29.7675985377634],[-95.4057381758352,29.7675967217274],[-95.4060051127967,29.7675928561114],[-95.4060891073603,29.7675832469883]]},"properties":{"OBJECTID":6538,"Unique_ID":3761,"Full_Name":"BLOSSOM ST","Length_Miles":0.25490598,"Council_District":"C","KeyConnect":"N","Maintenance":null,"HoustonBikePlan_FundSource":null,"URL":null,"HC_Status":"Programmed","HC_Class":"Shared On-Street - HC","LC_Status":null,"LC_Class":null,"Description":null,"Implementer":"COH","created_user":null,"created_date":null,"last_edited_user":"PDD","last_edited_date":1696970344000,"Proposed_Date":null,"Programmed_Date":1567296000000,"Existing_Date":null,"Shape__Length":1345.903566900705}},{"type":"Feature","id":6539,"geometry":{"type":"LineString","coordinates":[[-95.4018243252356,29.7663340171367],[-95.4018396308687,29.7669309166681],[-95.4018549262565,29.7675946611805],[-95.401854930971,29.767688207263]]},"properties":{"OBJECTID":6539,"Unique_ID":3762,"Full_Name":"JACKSON HILL ST","Length_Miles":0.09328322,"Council_District":"C","KeyConnect":"N","Maintenance":null,"HoustonBikePlan_FundSource":null,"URL":null,"HC_Status":"Programmed","HC_Class":"Dedicated On-Street - HC","LC_Status":null,"LC_Class":null,"Description":null,"Implementer":"COH","created_user":null,"created_date":null,"last_edited_user":"PDD","last_edited_date":1696970344000,"Proposed_Date":null,"Programmed_Date":1567296000000,"Existing_Date":null,"Shape__Length":492.5354110776213}},{"type":"Feature","id":6542,"geometry":{"type":"LineString","coordinates":[[-95.4105598941923,29.7675145875029],[-95.4105676727198,29.767676814295],[-95.4105829607761,29.7681650934007],[-95.4105829510722,29.7682547782125],[-95.410582936739,29.7686839432104],[-95.4105829587594,29.7689833272607],[-95.4105829364865,29.7697081997474],[-95.4105904591584,29.7704671390522]]},"properties":{"OBJECTID":6542,"Unique_ID":3816,"Full_Name":"DURHAM DR","Length_Miles":0.20336797,"Council_District":"C","KeyConnect":"N","Maintenance":"COH-NW","HoustonBikePlan_FundSource":null,"URL":null,"HC_Status":"Programmed","HC_Class":"Dedicated On-Street - HC","LC_Status":null,"LC_Class":null,"Description":"Protected Bike Lane","Implementer":"COH","created_user":null,"created_date":null,"last_edited_user":"PDD","last_edited_date":1696970344000,"Proposed_Date":null,"Programmed_Date":1608508800000,"Existing_Date":null,"Shape__Length":1073.7828819209892}},{"type":"Feature","id":6543,"geometry":{"type":"LineString","coordinates":[[-95.4094231329292,29.7675337211238],[-95.4094309101865,29.7681821902605],[-95.4094309095585,29.7682700601028],[-95.4094537237788,29.7689775901195],[-95.4094612750341,29.7697082017231],[-95.4094689984739,29.7704748679999]]},"properties":{"OBJECTID":6543,"Unique_ID":3819,"Full_Name":"SHEPHERD DR","Length_Miles":0.20258406,"Council_District":"C","KeyConnect":"N","Maintenance":"COH-NE","HoustonBikePlan_FundSource":null,"URL":null,"HC_Status":"Programmed","HC_Class":"Dedicated On-Street - HC","LC_Status":null,"LC_Class":null,"Description":"Protected Bike Lane","Implementer":"COH","created_user":null,"created_date":null,"last_edited_user":"PDD","last_edited_date":1696970344000,"Proposed_Date":null,"Programmed_Date":1608508800000,"Existing_Date":null,"Shape__Length":1069.6438502069539}},{"type":"Feature","id":6544,"geometry":{"type":"LineString","coordinates":[[-95.4060891073603,29.7675832469883],[-95.4061043611368,29.7682337777621],[-95.4061043876623,29.7683177417137],[-95.406112126535,29.7690424054017],[-95.406119687959,29.7694754956253],[-95.406119654901,29.7697730172076],[-95.4061271906392,29.7702976052093],[-95.4061272249426,29.7705054443135]]},"properties":{"OBJECTID":6544,"Unique_ID":3823,"Full_Name":"PATTERSON ST","Length_Miles":0.20127103,"Council_District":"C","KeyConnect":"N","Maintenance":null,"HoustonBikePlan_FundSource":null,"URL":null,"HC_Status":"Programmed","HC_Class":"Shared On-Street - HC","LC_Status":null,"LC_Class":null,"Description":null,"Implementer":"COH","created_user":null,"created_date":null,"last_edited_user":"PDD","last_edited_date":1696970344000,"Proposed_Date":null,"Programmed_Date":1567296000000,"Existing_Date":null,"Shape__Length":1062.7110388319127}},{"type":"Feature","id":6545,"geometry":{"type":"LineString","coordinates":[[-95.4105904591584,29.7704671390522],[-95.4105982383281,29.7711824525705]]},"properties":{"OBJECTID":6545,"Unique_ID":3837,"Full_Name":"DURHAM DR","Length_Miles":0.04926624,"Council_District":"C","KeyConnect":"N","Maintenance":"COH-NW","HoustonBikePlan_FundSource":null,"URL":null,"HC_Status":"Programmed","HC_Class":"Dedicated On-Street - HC","LC_Status":null,"LC_Class":null,"Description":"Protected Bike Lane","Implementer":"COH","created_user":null,"created_date":null,"last_edited_user":"PDD","last_edited_date":1696970344000,"Proposed_Date":null,"Programmed_Date":1608508800000,"Existing_Date":null,"Shape__Length":260.12575846422976}},{"type":"Feature","id":6546,"geometry":{"type":"LineString","coordinates":[[-95.4094689984739,29.7704748679999],[-95.4094918293551,29.7712016091852]]},"properties":{"OBJECTID":6546,"Unique_ID":3840,"Full_Name":"SHEPHERD DR","Length_Miles":0.05006985,"Council_District":"C","KeyConnect":"N","Maintenance":"COH-NE","HoustonBikePlan_FundSource":null,"URL":null,"HC_Status":"Programmed","HC_Class":"Dedicated On-Street - HC","LC_Status":null,"LC_Class":null,"Description":"Protected Bike Lane","Implementer":"COH","created_user":null,"created_date":null,"last_edited_user":"PDD","last_edited_date":1696970344000,"Proposed_Date":null,"Programmed_Date":1608508800000,"Existing_Date":null,"Shape__Length":264.3688063516777}},{"type":"Feature","id":6547,"geometry":{"type":"LineString","coordinates":[[-95.4061272249426,29.7705054443135],[-95.4061502750148,29.771294943352]]},"properties":{"OBJECTID":6547,"Unique_ID":3843,"Full_Name":"PATTERSON ST","Length_Miles":0.05439086,"Council_District":"C","KeyConnect":"N","Maintenance":null,"HoustonBikePlan_FundSource":"CIP","URL":null,"HC_Status":"Programmed","HC_Class":"Shared On-Street - HC","LC_Status":null,"LC_Class":null,"Description":null,"Implementer":"COH","created_user":null,"created_date":null,"last_edited_user":"PDD","last_edited_date":1696970344000,"Proposed_Date":null,"Programmed_Date":1567296000000,"Existing_Date":null,"Shape__Length":287.1837291140866}},{"type":"Feature","id":6548,"geometry":{"type":"LineString","coordinates":[[-95.3827813214255,29.77066564595],[-95.3769905479315,29.7707322652113]]},"properties":{"OBJECTID":6548,"Unique_ID":3846,"Full_Name":"EDWARDS ST","Length_Miles":0.34796614,"Council_District":"H","KeyConnect":"N","Maintenance":null,"HoustonBikePlan_FundSource":null,"URL":null,"HC_Status":"Programmed","HC_Class":"Dedicated On-Street - HC","LC_Status":null,"LC_Class":null,"Description":null,"Implementer":"TIRZ 13","created_user":null,"created_date":null,"last_edited_user":"PDD","last_edited_date":1696970344000,"Proposed_Date":null,"Programmed_Date":1621296000000,"Existing_Date":null,"Shape__Length":1837.2612364259387}},{"type":"Feature","id":6553,"geometry":{"type":"LineString","coordinates":[[-95.4105982383281,29.7711824525705],[-95.4106210434936,29.7719283567525],[-95.4106363356862,29.7726377313403],[-95.4106363348882,29.7728953414374],[-95.410636323924,29.7730956426743],[-95.4106516259618,29.7732729563547],[-95.4106591500175,29.7741046469516],[-95.4106669313856,29.774835031363],[-95.4106819603214,29.7755656088251],[-95.410689723773,29.7762980387574]]},"properties":{"OBJECTID":6553,"Unique_ID":3969,"Full_Name":"DURHAM DR","Length_Miles":0.35238914,"Council_District":"C","KeyConnect":"N","Maintenance":"COH-NW","HoustonBikePlan_FundSource":null,"URL":null,"HC_Status":"Programmed","HC_Class":"Dedicated On-Street - HC","LC_Status":null,"LC_Class":null,"Description":"Protected Bike Lane","Implementer":"COH","created_user":null,"created_date":null,"last_edited_user":"PDD","last_edited_date":1696970344000,"Proposed_Date":null,"Programmed_Date":1608508800000,"Existing_Date":null,"Shape__Length":1860.614639499305}},{"type":"Feature","id":6554,"geometry":{"type":"LineString","coordinates":[[-95.4094918293551,29.7712016091852],[-95.4094995684017,29.771943622256],[-95.4095223861577,29.772694970917],[-95.4095299267472,29.7730669354421],[-95.4095299206813,29.773406415231],[-95.4095604823978,29.7741256415928],[-95.4095529652756,29.77485417397],[-95.4095529942897,29.7755713255223],[-95.4095530019292,29.7763133624971]]},"properties":{"OBJECTID":6554,"Unique_ID":3972,"Full_Name":"SHEPHERD DR","Length_Miles":0.35210982,"Council_District":"C","KeyConnect":"N","Maintenance":"COH-NE","HoustonBikePlan_FundSource":null,"URL":null,"HC_Status":"Programmed","HC_Class":"Dedicated On-Street - HC","LC_Status":null,"LC_Class":null,"Description":"Protected Bike Lane","Implementer":"COH","created_user":null,"created_date":null,"last_edited_user":"PDD","last_edited_date":1696970344000,"Proposed_Date":null,"Programmed_Date":1608508800000,"Existing_Date":null,"Shape__Length":1859.1398280457397}},{"type":"Feature","id":6555,"geometry":{"type":"LineString","coordinates":[[-95.4061502750148,29.771294943352],[-95.4061730410307,29.7719835403361],[-95.406173041284,29.7722906921171],[-95.4061808319468,29.7724661297988],[-95.4062036306438,29.7729676360022],[-95.4062036568446,29.7734465752777],[-95.406218942696,29.7741673927559],[-95.4062264718292,29.7748904672227],[-95.406234193811,29.775163124179],[-95.4062492705607,29.775721917436],[-95.4062645708386,29.776366726855]]},"properties":{"OBJECTID":6555,"Unique_ID":3975,"Full_Name":"PATTERSON ST","Length_Miles":0.34938914,"Council_District":"C","KeyConnect":"N","Maintenance":null,"HoustonBikePlan_FundSource":"CIP","URL":null,"HC_Status":"Programmed","HC_Class":"Shared On-Street - HC","LC_Status":null,"LC_Class":null,"Description":null,"Implementer":"COH","created_user":null,"created_date":null,"last_edited_user":"PDD","last_edited_date":1696970344000,"Proposed_Date":null,"Programmed_Date":1567296000000,"Existing_Date":null,"Shape__Length":1844.7746341467164}},{"type":"Feature","id":6557,"geometry":{"type":"LineString","coordinates":[[-95.4095530019292,29.7763133624971],[-95.4095605196377,29.7763724547857],[-95.409583335768,29.7764543770198],[-95.4096063741123,29.7770647371137],[-95.4096154597818,29.7774178121152],[-95.4096186421963,29.7775415093322]]},"properties":{"OBJECTID":6557,"Unique_ID":3996,"Full_Name":"SHEPHERD DR","Length_Miles":0.08480346,"Council_District":"C","KeyConnect":"N","Maintenance":"COH-NE","HoustonBikePlan_FundSource":null,"URL":null,"HC_Status":"Programmed","HC_Class":"Dedicated On-Street - HC","LC_Status":null,"LC_Class":null,"Description":"Protected Bike Lane","Implementer":"COH","created_user":null,"created_date":null,"last_edited_user":"PDD","last_edited_date":1696970344000,"Proposed_Date":null,"Programmed_Date":1608508800000,"Existing_Date":null,"Shape__Length":447.7622790528092}},{"type":"Feature","id":6558,"geometry":{"type":"LineString","coordinates":[[-95.410689723773,29.7762980387574],[-95.4107125335255,29.7770514781572],[-95.4107217281154,29.7774194433456],[-95.4107239670202,29.7775090382995],[-95.4107248301746,29.7775435508604],[-95.4107281803531,29.7776790727357]]},"properties":{"OBJECTID":6558,"Unique_ID":3999,"Full_Name":"DURHAM DR","Length_Miles":0.09514103,"Council_District":"C","KeyConnect":"N","Maintenance":"COH-NW","HoustonBikePlan_FundSource":null,"URL":null,"HC_Status":"Programmed","HC_Class":"Dedicated On-Street - HC","LC_Status":null,"LC_Class":null,"Description":"Protected Bike Lane","Implementer":"COH","created_user":null,"created_date":null,"last_edited_user":"PDD","last_edited_date":1696970344000,"Proposed_Date":null,"Programmed_Date":1608508800000,"Existing_Date":null,"Shape__Length":502.34464798852974}},{"type":"Feature","id":6559,"geometry":{"type":"LineString","coordinates":[[-95.4096186421963,29.7775415093322],[-95.4096216858369,29.7776597724689]]},"properties":{"OBJECTID":6559,"Unique_ID":4000,"Full_Name":"SHEPHERD DR","Length_Miles":0.00814691,"Council_District":"C","KeyConnect":"N","Maintenance":"COH-NW","HoustonBikePlan_FundSource":null,"URL":null,"HC_Status":"Programmed","HC_Class":"Dedicated On-Street - HC","LC_Status":null,"LC_Class":null,"Description":"Protected Bike Lane","Implementer":"COH","created_user":null,"created_date":null,"last_edited_user":"PDD","last_edited_date":1696970344000,"Proposed_Date":null,"Programmed_Date":1608508800000,"Existing_Date":null,"Shape__Length":43.015704558216754}},{"type":"Feature","id":6561,"geometry":{"type":"LineString","coordinates":[[-95.4107285907336,29.7776965491461],[-95.41073534092,29.7779897290512],[-95.4107431246165,29.7784761772816]]},"properties":{"OBJECTID":6561,"Unique_ID":4039,"Full_Name":"DURHAM DR","Length_Miles":0.05370085,"Council_District":"C","KeyConnect":"N","Maintenance":"COH-NW","HoustonBikePlan_FundSource":"TIP/TIRZ 5","URL":null,"HC_Status":"Programmed","HC_Class":"Dedicated On-Street - HC","LC_Status":null,"LC_Class":null,"Description":null,"Implementer":"TIRZ 5","created_user":null,"created_date":null,"last_edited_user":"PDD","last_edited_date":1696970344000,"Proposed_Date":null,"Programmed_Date":1604534400000,"Existing_Date":null,"Shape__Length":283.54051000792947}},{"type":"Feature","id":6562,"geometry":{"type":"LineString","coordinates":[[-95.4096216858369,29.7776597724689],[-95.4096291854843,29.7779935919588],[-95.4096369325495,29.7784914832396]]},"properties":{"OBJECTID":6562,"Unique_ID":4041,"Full_Name":"SHEPHERD DR","Length_Miles":0.05728806,"Council_District":"C","KeyConnect":"N","Maintenance":"COH-NW","HoustonBikePlan_FundSource":"TIP/TIRZ 5","URL":null,"HC_Status":"Programmed","HC_Class":"Dedicated On-Street - HC","LC_Status":null,"LC_Class":null,"Description":null,"Implementer":"TIRZ 5","created_user":null,"created_date":null,"last_edited_user":"PDD","last_edited_date":1696970344000,"Proposed_Date":null,"Programmed_Date":1604534400000,"Existing_Date":null,"Shape__Length":302.4809461033005}},{"type":"Feature","id":6563,"geometry":{"type":"LineString","coordinates":[[-95.4062645708386,29.776366726855],[-95.4062723167307,29.7768187533392],[-95.4062782350048,29.777127220583],[-95.4062798539504,29.7772398203738],[-95.4062798477544,29.7773917593531],[-95.4063011183352,29.7777063899204],[-95.4062951437541,29.7779974987923],[-95.4062876226201,29.7785544760636]]},"properties":{"OBJECTID":6563,"Unique_ID":4049,"Full_Name":"PATTERSON ST","Length_Miles":0.15072233,"Council_District":"C","KeyConnect":"N","Maintenance":null,"HoustonBikePlan_FundSource":"CIP","URL":null,"HC_Status":"Programmed","HC_Class":"Shared On-Street - HC","LC_Status":null,"LC_Class":null,"Description":null,"Implementer":"COH","created_user":null,"created_date":null,"last_edited_user":"PDD","last_edited_date":1696970344000,"Proposed_Date":null,"Programmed_Date":1567296000000,"Existing_Date":null,"Shape__Length":795.8139209201569}},{"type":"Feature","id":6564,"geometry":{"type":"LineString","coordinates":[[-95.4107431246165,29.7784761772816],[-95.4107754016801,29.7792104554857]]},"properties":{"OBJECTID":6564,"Unique_ID":4074,"Full_Name":"DURHAM DR","Length_Miles":0.05060742,"Council_District":"C","KeyConnect":"N","Maintenance":"COH-NW","HoustonBikePlan_FundSource":"TIP/TIRZ 5","URL":null,"HC_Status":"Programmed","HC_Class":"Dedicated On-Street - HC","LC_Status":null,"LC_Class":null,"Description":null,"Implementer":"TIRZ 5","created_user":null,"created_date":null,"last_edited_user":"PDD","last_edited_date":1696970344000,"Proposed_Date":null,"Programmed_Date":1604534400000,"Existing_Date":null,"Shape__Length":267.2071545055432}},{"type":"Feature","id":6566,"geometry":{"type":"LineString","coordinates":[[-95.4096369325495,29.7784914832396],[-95.409652015238,29.779103676134],[-95.409651981881,29.7792182001402]]},"properties":{"OBJECTID":6566,"Unique_ID":4077,"Full_Name":"SHEPHERD DR","Length_Miles":0.05005923,"Council_District":"C","KeyConnect":"N","Maintenance":"COH-NW","HoustonBikePlan_FundSource":"TIP/TIRZ 5","URL":null,"HC_Status":"Programmed","HC_Class":"Dedicated On-Street - HC","LC_Status":null,"LC_Class":null,"Description":null,"Implementer":"TIRZ 5","created_user":null,"created_date":null,"last_edited_user":"PDD","last_edited_date":1696970344000,"Proposed_Date":null,"Programmed_Date":1604534400000,"Existing_Date":null,"Shape__Length":264.3127521911254}},{"type":"Feature","id":6567,"geometry":{"type":"LineString","coordinates":[[-95.3898221522504,29.7792778019349],[-95.389630979965,29.7792409715777],[-95.3894495841241,29.7791788844044],[-95.389380727912,29.7791717100332],[-95.3893545693544,29.779170171247],[-95.3893283520117,29.7791704975667],[-95.3892999732744,29.7791720465208],[-95.3892680223422,29.7791759707037],[-95.3892378755041,29.7791821883925],[-95.3892216989962,29.77918763699],[-95.3891904416128,29.7792002336132],[-95.3891575297829,29.7792089692207],[-95.3891306090939,29.7792146942999],[-95.389061065567,29.7792256175741],[-95.3889164421557,29.7792360207978],[-95.3887329200756,29.779233936355],[-95.3885331214478,29.7792285525376],[-95.3882910471643,29.7792134484915],[-95.3880035214633,29.7791856796797],[-95.387768751529,29.7791667781881],[-95.3874298879061,29.7791523187941],[-95.3871934359685,29.7791497659199],[-95.3871125432212,29.7791456752472],[-95.3870691174732,29.7791434502825]]},"properties":{"OBJECTID":6567,"Unique_ID":4101,"Full_Name":"WHITE OAK BAYOU","Length_Miles":0.16733351,"Council_District":"C","KeyConnect":"N","Maintenance":null,"HoustonBikePlan_FundSource":"HPB","URL":null,"HC_Status":"Programmed","HC_Class":"Off-Street","LC_Status":null,"LC_Class":null,"Description":null,"Implementer":"HPB","created_user":null,"created_date":null,"last_edited_user":"PDD","last_edited_date":1696970344000,"Proposed_Date":null,"Programmed_Date":1641340800000,"Existing_Date":null,"Shape__Length":883.5209137322956}},{"type":"Feature","id":6571,"geometry":{"type":"LineString","coordinates":[[-95.3724136375492,29.7752678203303],[-95.3724207015086,29.7759298062976],[-95.3724282366797,29.7765650184048],[-95.3724359702952,29.7772860608261],[-95.3724384005711,29.7778263667929],[-95.3724446843467,29.7781663410399],[-95.3724482150873,29.778357295311],[-95.3724539921575,29.7786594135244],[-95.3724611446014,29.7790201769176]]},"properties":{"OBJECTID":6571,"Unique_ID":4121,"Full_Name":"HOUSTON AVE","Length_Miles":0.25844541,"Council_District":"H","KeyConnect":"N","Maintenance":null,"HoustonBikePlan_FundSource":"TIRZ5/District H CM","URL":null,"HC_Status":"Existing","HC_Class":"Dedicated On-Street - HC","LC_Status":null,"LC_Class":null,"Description":"Bike Lane","Implementer":"TIRZ 5","created_user":null,"created_date":null,"last_edited_user":"PDD","last_edited_date":1696970752000,"Proposed_Date":null,"Programmed_Date":1567296000000,"Existing_Date":1567296000000,"Shape__Length":1364.5917863181585}},{"type":"Feature","id":6573,"geometry":{"type":"LineString","coordinates":[[-95.4062876226201,29.7785544760636],[-95.4063028740511,29.779155231455],[-95.4063061232246,29.779269521331],[-95.4063072975719,29.7795707319938],[-95.4063104317675,29.7803738971837],[-95.4063107226795,29.7804290426197]]},"properties":{"OBJECTID":6573,"Unique_ID":4144,"Full_Name":"PATTERSON ST","Length_Miles":0.12911577,"Council_District":"C","KeyConnect":"N","Maintenance":null,"HoustonBikePlan_FundSource":null,"URL":null,"HC_Status":"Programmed","HC_Class":"Shared On-Street - HC","LC_Status":null,"LC_Class":null,"Description":null,"Implementer":"COH","created_user":null,"created_date":null,"last_edited_user":"PDD","last_edited_date":1696970344000,"Proposed_Date":null,"Programmed_Date":1567296000000,"Existing_Date":null,"Shape__Length":681.7312506488831}},{"type":"Feature","id":6574,"geometry":{"type":"LineString","coordinates":[[-95.3696664239225,29.7794089630468],[-95.3694805099384,29.7793786171889],[-95.3693155109303,29.7793516846623],[-95.3691064059267,29.7793248694885],[-95.3689297972415,29.7793162763619],[-95.3684640009184,29.7792986756032],[-95.3682569720671,29.7793163443773],[-95.3681992830064,29.7793239259568],[-95.3679428381735,29.779358258723],[-95.36744632228,29.7794659851944],[-95.3673089468789,29.7795157561246]]},"properties":{"OBJECTID":6574,"Unique_ID":4155,"Full_Name":"QUITMAN ST","Length_Miles":0.14405066,"Council_District":"H","KeyConnect":"N","Maintenance":"COH-NE","HoustonBikePlan_FundSource":null,"URL":null,"HC_Status":"Programmed","HC_Class":"Dedicated On-Street - HC","LC_Status":null,"LC_Class":null,"Description":null,"Implementer":"METRO","created_user":null,"created_date":null,"last_edited_user":"PDD","last_edited_date":1696970344000,"Proposed_Date":null,"Programmed_Date":1567296000000,"Existing_Date":null,"Shape__Length":760.5874960043659}},{"type":"Feature","id":6575,"geometry":{"type":"LineString","coordinates":[[-95.4107754016801,29.7792104554857],[-95.4108051031544,29.7799517774351],[-95.4108259640869,29.7805037163406],[-95.4108400773863,29.7809254646589]]},"properties":{"OBJECTID":6575,"Unique_ID":4160,"Full_Name":"DURHAM DR","Length_Miles":0.11817811,"Council_District":"C","KeyConnect":"N","Maintenance":"COH-NW","HoustonBikePlan_FundSource":"TIP/TIRZ 5","URL":null,"HC_Status":"Programmed","HC_Class":"Dedicated On-Street - HC","LC_Status":null,"LC_Class":null,"Description":null,"Implementer":"TIRZ 5","created_user":null,"created_date":null,"last_edited_user":"PDD","last_edited_date":1696970344000,"Proposed_Date":null,"Programmed_Date":1604534400000,"Existing_Date":null,"Shape__Length":623.9804450852455}},{"type":"Feature","id":6577,"geometry":{"type":"LineString","coordinates":[[-95.3842233652293,29.7807364575747],[-95.3842279500693,29.7806585040722],[-95.3836680257788,29.7806331634268],[-95.3836602321472,29.7803800030775],[-95.3839659397985,29.7801589756092],[-95.3842246357238,29.7800283901058],[-95.384353396011,29.7798560856519],[-95.3841758197118,29.7796755166583],[-95.3840608640174,29.77945842471],[-95.3839568272232,29.7791804874868],[-95.3838524029758,29.7789616764531]]},"properties":{"OBJECTID":6577,"Unique_ID":4173,"Full_Name":"MICHAUX CONNECTION","Length_Miles":0.18179345,"Council_District":"H","KeyConnect":"N","Maintenance":null,"HoustonBikePlan_FundSource":null,"URL":null,"HC_Status":"Existing","HC_Class":"Off-Street","LC_Status":null,"LC_Class":null,"Description":null,"Implementer":"COH","created_user":null,"created_date":null,"last_edited_user":"PDD","last_edited_date":1696970344000,"Proposed_Date":null,"Programmed_Date":1567296000000,"Existing_Date":null,"Shape__Length":959.8694341718553}},{"type":"Feature","id":6578,"geometry":{"type":"LineString","coordinates":[[-95.3696664239225,29.7794089630468],[-95.3700707324944,29.779548163507],[-95.3704141571076,29.7796930154877],[-95.3711085071859,29.7800192979598],[-95.3724359900269,29.7806677746899]]},"properties":{"OBJECTID":6578,"Unique_ID":4180,"Full_Name":"WHITE OAK DR","Length_Miles":0.1878223,"Council_District":"H","KeyConnect":"N","Maintenance":null,"HoustonBikePlan_FundSource":null,"URL":null,"HC_Status":"Programmed","HC_Class":"Dedicated On-Street - HC","LC_Status":null,"LC_Class":null,"Description":null,"Implementer":"METRO","created_user":null,"created_date":null,"last_edited_user":"PDD","last_edited_date":1696970344000,"Proposed_Date":null,"Programmed_Date":1567296000000,"Existing_Date":null,"Shape__Length":991.7017538111864}},{"type":"Feature","id":6579,"geometry":{"type":"LineString","coordinates":[[-95.3673089468789,29.7795157561246],[-95.366553730559,29.7797922965101],[-95.3659127847282,29.7800268568481],[-95.3651727874659,29.7802995227688],[-95.3646920738844,29.7804713443156]]},"properties":{"OBJECTID":6579,"Unique_ID":4181,"Full_Name":"QUITMAN ST","Length_Miles":0.1704392,"Council_District":"H","KeyConnect":"N","Maintenance":"COH-NE","HoustonBikePlan_FundSource":null,"URL":null,"HC_Status":"Programmed","HC_Class":"Dedicated On-Street - HC","LC_Status":null,"LC_Class":null,"Description":null,"Implementer":"METRO","created_user":null,"created_date":null,"last_edited_user":"PDD","last_edited_date":1696970344000,"Proposed_Date":null,"Programmed_Date":1567296000000,"Existing_Date":null,"Shape__Length":899.9189761947961}},{"type":"Feature","id":6582,"geometry":{"type":"LineString","coordinates":[[-95.3748796553309,29.7809531785782],[-95.3748922457755,29.7809875160132],[-95.3749014235719,29.7810039209682],[-95.3749083543031,29.7810123370807],[-95.3749285075256,29.7810286047193],[-95.3750365504458,29.7810879261221],[-95.3751413754014,29.7811426759847],[-95.3751935243097,29.7811620664985],[-95.375215588127,29.7811714533373],[-95.3752370382607,29.7811831713932],[-95.3752799936367,29.7812097448249],[-95.3754172050117,29.7812906078267],[-95.3754660667672,29.7813177967725],[-95.3754845014303,29.7813252701696],[-95.375542884135,29.7813415389329],[-95.3755778548044,29.781345912955],[-95.3756104621623,29.7813460915836],[-95.3756718801452,29.7813403100587],[-95.3757798059201,29.7813277931079],[-95.3759005828613,29.7813182042801],[-95.3759353388361,29.7813100416818],[-95.3759534898207,29.781300717873],[-95.3759700681847,29.7812869032309]]},"properties":{"OBJECTID":6582,"Unique_ID":4212,"Full_Name":"WHITE OAK BAYOU","Length_Miles":0.07543706,"Council_District":"H","KeyConnect":"N","Maintenance":null,"HoustonBikePlan_FundSource":null,"URL":null,"HC_Status":"Existing","HC_Class":"Off-Street","LC_Status":null,"LC_Class":null,"Description":null,"Implementer":null,"created_user":null,"created_date":null,"last_edited_user":"PDD","last_edited_date":1696970344000,"Proposed_Date":null,"Programmed_Date":1567296000000,"Existing_Date":null,"Shape__Length":398.30769769477286}},{"type":"Feature","id":6583,"geometry":{"type":"LineString","coordinates":[[-95.3842233652293,29.7807364575747],[-95.384215590166,29.7815394119031],[-95.3842308775687,29.7816767710335]]},"properties":{"OBJECTID":6583,"Unique_ID":4214,"Full_Name":"MICHAUX ST","Length_Miles":0.06480654,"Council_District":"H","KeyConnect":"N","Maintenance":null,"HoustonBikePlan_FundSource":null,"URL":"https://houstonbikeplan.org/planned/11th-street/","HC_Status":"Programmed","HC_Class":"Shared On-Street - HC","LC_Status":null,"LC_Class":null,"Description":null,"Implementer":"COH","created_user":null,"created_date":null,"last_edited_user":"PDD","last_edited_date":1696970344000,"Proposed_Date":null,"Programmed_Date":1608508800000,"Existing_Date":null,"Shape__Length":342.17850527661506}},{"type":"Feature","id":6584,"geometry":{"type":"LineString","coordinates":[[-95.3772452503684,29.781166052325],[-95.3772490533932,29.7811976805026],[-95.3772504275735,29.7812090992797],[-95.3772466552875,29.7812287204196],[-95.3772262719932,29.7812532633743],[-95.3771854860699,29.7812762095418],[-95.3770962701074,29.7813368486622],[-95.3767914307268,29.7815019980094],[-95.3767056989704,29.7815569991822],[-95.3765401773331,29.7816385025751],[-95.3763432183011,29.7817263211011],[-95.3762411237947,29.7817713195132],[-95.3761294128744,29.7817945700235],[-95.3760012100258,29.7818197638439],[-95.3758076136452,29.7818360230213],[-95.3756684571434,29.7818227071345],[-95.37552724471,29.7817902289063],[-95.375283112162,29.781726307625],[-95.3751478361337,29.7816808531332],[-95.3750663729163,29.7816619316734],[-95.374841832941,29.7816630237004],[-95.374731142681,29.7816576412085],[-95.3742826659885,29.7816813342223],[-95.3740485501463,29.781682164966],[-95.3738608392889,29.7816484269647],[-95.3736749999268,29.7815774820374],[-95.3735439657121,29.7815051538409],[-95.373448689054,29.781412775537],[-95.3733320737591,29.781304534992],[-95.3730991154133,29.7810804190122],[-95.3730232612696,29.7809962088042],[-95.3729154666243,29.7808862965361],[-95.3728488419033,29.7807889612725],[-95.3727638787372,29.7806529173227],[-95.3726643484141,29.7804954623988],[-95.3725943624906,29.7803693765356]]},"properties":{"OBJECTID":6584,"Unique_ID":4223,"Full_Name":"WHITE OAK BAYOU","Length_Miles":0.34012911,"Council_District":"H","KeyConnect":"N","Maintenance":null,"HoustonBikePlan_FundSource":null,"URL":null,"HC_Status":"Existing","HC_Class":"Off-Street","LC_Status":null,"LC_Class":null,"Description":null,"Implementer":null,"created_user":null,"created_date":null,"last_edited_user":"PDD","last_edited_date":1696970344000,"Proposed_Date":null,"Programmed_Date":1567296000000,"Existing_Date":null,"Shape__Length":1795.8817196503708}},{"type":"Feature","id":6585,"geometry":{"type":"LineString","coordinates":[[-95.4093010949138,29.7804713129856],[-95.4091867809167,29.7809404419394],[-95.4091637148748,29.7813123772286],[-95.4092067074487,29.781501866473],[-95.4092540367069,29.7816550336345],[-95.4093027965181,29.7817748906318],[-95.4093413204818,29.7818583059342],[-95.4093836040119,29.7819669328058],[-95.4094490028016,29.7821364706218],[-95.4095060471042,29.7822826712869],[-95.4096090625872,29.782583054094],[-95.4096920735079,29.7828779092377],[-95.409736589695,29.7831591718234],[-95.4097445105547,29.7832840184601]]},"properties":{"OBJECTID":6585,"Unique_ID":4247,"Full_Name":"N SHEPHERD DR","Length_Miles":0.19939153,"Council_District":"C","KeyConnect":"N","Maintenance":"COH-NW","HoustonBikePlan_FundSource":"TIP/TIRZ 5","URL":null,"HC_Status":"Programmed","HC_Class":"Dedicated On-Street - HC","LC_Status":null,"LC_Class":null,"Description":null,"Implementer":"TIRZ 5","created_user":null,"created_date":null,"last_edited_user":"PDD","last_edited_date":1696970344000,"Proposed_Date":null,"Programmed_Date":1604534400000,"Existing_Date":null,"Shape__Length":1052.7872997620586}},{"type":"Feature","id":6588,"geometry":{"type":"LineString","coordinates":[[-95.3723976959266,29.7807936477635],[-95.3723826096219,29.7808432350866],[-95.3723289605426,29.7809842652235],[-95.3722680628217,29.7812151557729],[-95.3719739300944,29.7823540502403],[-95.3719508671764,29.782514757509],[-95.3719482249332,29.7826561093824],[-95.3719523696049,29.7827919401579],[-95.3719742618854,29.7829334705305],[-95.3720313568257,29.7830844749136],[-95.3720740988975,29.7832389279558],[-95.3721031756458,29.7833467235701],[-95.37211795728,29.7834358614868],[-95.3721231214819,29.7835430098128],[-95.3721092383957,29.78368096215],[-95.3720848330046,29.7837996719945]]},"properties":{"OBJECTID":6588,"Unique_ID":4285,"Full_Name":"HOUSTON AVE","Length_Miles":0.21152367,"Council_District":"H","KeyConnect":"N","Maintenance":null,"HoustonBikePlan_FundSource":"TIRZ5/District H CM","URL":null,"HC_Status":"Existing","HC_Class":"Dedicated On-Street - HC","LC_Status":null,"LC_Class":null,"Description":"Bike Lane","Implementer":"TIRZ 5","created_user":null,"created_date":null,"last_edited_user":"PDD","last_edited_date":1696970752000,"Proposed_Date":null,"Programmed_Date":1567296000000,"Existing_Date":1567296000000,"Shape__Length":1116.8449674181045}},{"type":"Feature","id":6594,"geometry":{"type":"LineString","coordinates":[[-95.3842308775687,29.7816767710335],[-95.3842386276711,29.7825846680995],[-95.3842614727733,29.7833932863114],[-95.384263430217,29.7835037115184],[-95.3842728535617,29.7840852786711],[-95.3842740443037,29.7844406705714],[-95.384308654989,29.7852441157679],[-95.3842842783345,29.7859568059744],[-95.3843192737462,29.7866785780094]]},"properties":{"OBJECTID":6594,"Unique_ID":4339,"Full_Name":"MICHAUX ST","Length_Miles":0.34460743,"Council_District":"H","KeyConnect":"N","Maintenance":null,"HoustonBikePlan_FundSource":null,"URL":"https://houstonbikeplan.org/planned/11th-street/","HC_Status":"Programmed","HC_Class":"Shared On-Street - HC","LC_Status":null,"LC_Class":null,"Description":null,"Implementer":"COH","created_user":null,"created_date":null,"last_edited_user":"PDD","last_edited_date":1696970344000,"Proposed_Date":null,"Programmed_Date":1608508800000,"Existing_Date":null,"Shape__Length":1819.5272197406894}},{"type":"Feature","id":6595,"geometry":{"type":"LineString","coordinates":[[-95.3659735830176,29.7851989228427],[-95.3661263349259,29.7855257837835],[-95.3661950358364,29.7856286821583],[-95.3664163638082,29.7858062378173],[-95.3669808262056,29.7862390776608],[-95.3676065050397,29.7867216271145],[-95.3678964799876,29.7869333711131],[-95.3680566604643,29.7870536322476],[-95.3682244005369,29.7871907520915],[-95.3683542073579,29.7872804191934],[-95.3688806366441,29.7876811006934],[-95.3694681682104,29.7881196714137],[-95.3700020910098,29.7885392506406],[-95.3704981347902,29.7889189604361],[-95.3714669589047,29.7896475079674],[-95.3716677953596,29.7898123064185],[-95.3717973164702,29.78991858557],[-95.3719412979579,29.7900367296889],[-95.3721153955484,29.7901795866606]]},"properties":{"OBJECTID":6595,"Unique_ID":4346,"Full_Name":"N MAIN ST","Length_Miles":0.50664175,"Council_District":"H","KeyConnect":"N","Maintenance":"COH-NE","HoustonBikePlan_FundSource":"CM District H","URL":"https://houstonbikeplan.org/north-main/","HC_Status":"Programmed","HC_Class":"Dedicated On-Street - HC","LC_Status":null,"LC_Class":null,"Description":null,"Implementer":"COH","created_user":null,"created_date":null,"last_edited_user":"PDD","last_edited_date":1696970344000,"Proposed_Date":null,"Programmed_Date":1604534400000,"Existing_Date":null,"Shape__Length":2675.0684329905416}},{"type":"Feature","id":6597,"geometry":{"type":"LineString","coordinates":[[-95.4097445105547,29.7832840184601],[-95.4097540882696,29.7834349626919],[-95.4097767171866,29.7839639040232],[-95.4097893865073,29.78630019938],[-95.4098580394874,29.7886672737437],[-95.4099039295999,29.790511586665]]},"properties":{"OBJECTID":6597,"Unique_ID":4379,"Full_Name":"N SHEPHERD DR","Length_Miles":0.49789393,"Council_District":"C","KeyConnect":"N","Maintenance":"COH-NW","HoustonBikePlan_FundSource":"TIP/TIRZ 5","URL":null,"HC_Status":"Programmed","HC_Class":"Dedicated On-Street - HC","LC_Status":null,"LC_Class":null,"Description":null,"Implementer":"TIRZ 5","created_user":null,"created_date":null,"last_edited_user":"PDD","last_edited_date":1696970344000,"Proposed_Date":null,"Programmed_Date":1604534400000,"Existing_Date":null,"Shape__Length":2628.879927857772}},{"type":"Feature","id":6737,"geometry":{"type":"LineString","coordinates":[[-95.4220786386211,29.7772397364151],[-95.4261698256608,29.7772038823341],[-95.4266122739884,29.7772059586279],[-95.4272148553303,29.7772458873396],[-95.4277643068427,29.7772803497114],[-95.4288933680996,29.7774045740678]]},"properties":{"OBJECTID":6737,"Unique_ID":6602,"Full_Name":"IH-10","Length_Miles":0.41017327,"Council_District":"C","KeyConnect":"N","Maintenance":null,"HoustonBikePlan_FundSource":"TxDOT","URL":null,"HC_Status":"Programmed","HC_Class":"Off-Street","LC_Status":null,"LC_Class":null,"Description":null,"Implementer":"TxDOT","created_user":"E167744","created_date":1642023124000,"last_edited_user":"PDD","last_edited_date":1696970344000,"Proposed_Date":null,"Programmed_Date":1641340800000,"Existing_Date":null,"Shape__Length":2165.714543329569}},{"type":"Feature","id":6760,"geometry":{"type":"LineString","coordinates":[[-95.4288933680996,29.7774045740678],[-95.4292654820822,29.7774398858482]]},"properties":{"OBJECTID":6760,"Unique_ID":6698,"Full_Name":"IH-10","Length_Miles":0.02248864,"Council_District":"C","KeyConnect":"N","Maintenance":null,"HoustonBikePlan_FundSource":"TxDOT","URL":null,"HC_Status":"Programmed","HC_Class":"Off-Street","LC_Status":null,"LC_Class":null,"Description":null,"Implementer":"TxDOT","created_user":"E167112","created_date":1643322563000,"last_edited_user":"PDD","last_edited_date":1696970344000,"Proposed_Date":null,"Programmed_Date":1641340800000,"Existing_Date":null,"Shape__Length":118.74035076382461}}]}