{"type":"FeatureCollection","features":[{"type":"Feature","id":4,"geometry":{"type":"Polygon","coordinates":[[[-95.3693713827374,29.7597813963117],[-95.3689251399863,29.760339813294],[-95.3688161447312,29.7602724718126],[-95.368846575457,29.7602325767558],[-95.3692635630956,29.7597156195407],[-95.3693713827374,29.7597813963117]]]},"properties":{"FID":4,"OBJECTID":4,"Address":"901  Bagby","GlobalID":"{7D99A472-8923-4605-9DCA-5567730649B6}","Shapearea":10458.036702793925,"Shapelen":578.961903564141,"ParkID":"A00300","Name":"CITY HALL PLAZA","CityMuni":"Houston","County":"Harris","State":"TX","StreetNum":"901","StreetName":"Bagby","StreetType":"Street","Zip":"77002","Park_Acres":0.24008445,"AcreSource":"GIS Value","Editor":"JDegelia","Park_Type":"Pocket Park, Plaza or Square","Latitude":13841770.88759554,"Longitude":3120329.79684896,"Shape__Area":1293.91796875,"Shape__Length":203.77490808862456}},{"type":"Feature","id":5,"geometry":{"type":"Polygon","coordinates":[[[-95.3702561751686,29.7602672679787],[-95.3697949284569,29.7608473431512],[-95.3697157990921,29.7608006185042],[-95.3697093516019,29.7607466976217],[-95.3701434256667,29.760192318173],[-95.3702561751686,29.7602672679787]]]},"properties":{"FID":5,"OBJECTID":5,"Address":"900  Bagby","GlobalID":"{320B5B59-96AF-4EE7-8D3D-E8BC83A37727}","Shapearea":11252.881841202476,"Shapelen":595.8761350136257,"ParkID":"A00400","Name":"CITY HALL ANNEX PLAZA","CityMuni":"Houston","County":"Harris","State":"TX","StreetNum":"900","StreetName":"Bagby","StreetType":"Street","Zip":"77002","Park_Acres":0.25833165,"AcreSource":"GIS Value","Editor":"JDegelia","Park_Type":"Pocket Park, Plaza or Square","Latitude":13841940.10316524,"Longitude":3120045.14876014,"Shape__Area":1392.2734375,"Shape__Length":209.75505304047482}},{"type":"Feature","id":8,"geometry":{"type":"MultiPolygon","coordinates":[[[[-95.4256093834594,29.7714794589739],[-95.4266428143527,29.7721189141855],[-95.4266253364835,29.7721423479016],[-95.4266075289646,29.772165592474],[-95.4265893959756,29.7721886439841],[-95.4265709386128,29.7722114985984],[-95.4265521596214,29.7722341548788],[-95.4265330636594,29.7722566062324],[-95.4265136519158,29.7722788516833],[-95.4264939283776,29.7723008873073],[-95.4264738951147,29.7723227089614],[-95.4264535558632,29.7723443143942],[-95.4264329127163,29.7723656987915],[-95.4264119709017,29.772386861285],[-95.4263907306013,29.7724077966738],[-95.4263691978649,29.7724285026003],[-95.4263473732004,29.7724489755514],[-95.4263252622549,29.7724692136624],[-95.4255278931923,29.7715730300691],[-95.4256093834594,29.7714794589739]]],[[[-95.4254893574893,29.7714087955176],[-95.425431812345,29.7714796816328],[-95.4252705945097,29.7712932039155],[-95.4254893574893,29.7714087955176]]]]},"properties":{"FID":8,"OBJECTID":8,"Address":"Coppage/Rodrigo","GlobalID":"{C0C34B47-5915-4CC0-9B0A-072E4C37D9D3}","Shapearea":42819.25839145081,"Shapelen":1217.5364075345046,"ParkID":"A10200","Name":"CAMP LOGAN TRIANGLE","CityMuni":"Houston","County":"Harris","State":"TX","StreetNum":" ","StreetName":"Coppage/Rodrigo","StreetType":"Street","Zip":"77007","Park_Acres":0.98299884,"AcreSource":"GIS Value","Editor":"JDegelia","Park_Type":"CSTs/Spaceway","Latitude":13845554.40661942,"Longitude":3102119.20915574,"Shape__Area":5299.0625,"Shape__Length":428.32854837772743}},{"type":"Feature","id":9,"geometry":{"type":"Polygon","coordinates":[[[-95.3781429307319,29.7655863184867],[-95.3781486474509,29.7661356397886],[-95.3779336869247,29.7661367734466],[-95.3779349754515,29.7655875715973],[-95.3781429307319,29.7655863184867]]]},"properties":{"FID":9,"OBJECTID":9,"Address":"1919  Kane","GlobalID":"{4810BD6F-4571-4D1C-884A-43DCD3C69581}","Shapearea":13399.757583377195,"Shapelen":533.648776901604,"ParkID":"A10300","Name":"DOW ELEMENTARY PARK","CityMuni":"Houston","County":"Harris","State":"TX","StreetNum":"1919","StreetName":"Kane","StreetType":"Street","Zip":"77007","Park_Acres":0.30761734,"AcreSource":"GIS Value","Editor":"JDegelia","Park_Type":"Neighborhood Park","Latitude":13843803.61401267,"Longitude":3117426.71356738,"Shape__Area":1658.07421875,"Shape__Length":187.95650951649208}},{"type":"Feature","id":10,"geometry":{"type":"Polygon","coordinates":[[[-95.3757633564064,29.7711221186246],[-95.3757645111862,29.7713906005521],[-95.3751332650201,29.7713962791614],[-95.3751305231402,29.771126941486],[-95.3757633564064,29.7711221186246]]]},"properties":{"FID":10,"OBJECTID":10,"Address":"1709  Bingham","GlobalID":"{CBEC9F5A-74E9-41A7-8A87-B6FC24DDCF44}","Shapearea":19608.24694526715,"Shapelen":596.6160122383018,"ParkID":"A10400","Name":"BROCK (RICHARD) PARK","CityMuni":"Houston","County":"Harris","State":"TX","StreetNum":"1709","StreetName":"Bingham","StreetType":"Street","Zip":"77007","Park_Acres":0.45014521,"AcreSource":"GIS Value","Editor":"JDegelia","Park_Type":"Neighborhood Park","Latitude":13845790.27015873,"Longitude":3118187.96385843,"Shape__Area":2426.5703125,"Shape__Length":209.6980217807747}},{"type":"Feature","id":11,"geometry":{"type":"Polygon","coordinates":[[[-95.4156754800636,29.7694753534383],[-95.4150441942177,29.7694478980788],[-95.4150417608632,29.7691304339275],[-95.4159325905042,29.7691281701237],[-95.4159341353383,29.7693958824553],[-95.4159331144329,29.769486556955],[-95.4156754800636,29.7694753534383]]]},"properties":{"FID":11,"OBJECTID":11,"Address":"801  Lester","GlobalID":"{4D666FE3-1186-4DB7-99D6-F8251652766D}","Shapearea":34711.98359696936,"Shapelen":810.7475212669632,"ParkID":"A10500","Name":"KEYES (NELLIE) PARK","CityMuni":"Houston","County":"Harris","State":"TX","StreetNum":"801","StreetName":"Lester","StreetType":"Street","Zip":"77007","Park_Acres":0.79688068,"AcreSource":"GIS Value","Editor":"JDegelia","Park_Type":"Neighborhood Park","Latitude":13844686.156729,"Longitude":3105510.37138067,"Shape__Area":4295.53125,"Shape__Length":284.9208333562118}},{"type":"Feature","id":12,"geometry":{"type":"Polygon","coordinates":[[[-95.4061333834576,29.7741015515768],[-95.4058165137442,29.7741069663757],[-95.4058060320416,29.7735175298386],[-95.4061225693263,29.7735135819297],[-95.4061333834576,29.7741015515768]]]},"properties":{"FID":12,"OBJECTID":12,"Address":"1418  Patterson Street","GlobalID":"{7FAD91AC-FF5C-4F22-AF3D-4E663C3E71EE}","Shapearea":21513.76193299715,"Shapelen":629.1709015947198,"ParkID":"A10700","Name":"WEST END PARK","CityMuni":"Houston","County":"Harris","State":"TX","StreetNum":"1418","StreetName":"Patterson","StreetType":"Street","Zip":"77007","Park_Acres":0.49388999,"AcreSource":"GIS Value","Editor":"JDegelia","Park_Type":"Pocket Park","Latitude":13846418.69958028,"Longitude":3108481.19092765,"Shape__Area":2662.51171875,"Shape__Length":221.54122541753168}},{"type":"Feature","id":13,"geometry":{"type":"Polygon","coordinates":[[[-95.410719170562,29.7622224671413],[-95.4107879801543,29.762245253663],[-95.4119568320976,29.7627949030113],[-95.412117881145,29.7628568091792],[-95.4122568843425,29.7628971816564],[-95.4123900016184,29.7629342548409],[-95.412566470224,29.7629672534018],[-95.4127817725093,29.7629936295297],[-95.4129688341785,29.7630096422948],[-95.4131518563579,29.7630101498717],[-95.4133008357451,29.7630057609476],[-95.4134321226124,29.7629945302223],[-95.4135381443885,29.7629836114043],[-95.4136696623509,29.7629611799251],[-95.4137895110767,29.7629319255276],[-95.4138937340233,29.7629032993627],[-95.4140490161422,29.7628561436479],[-95.4139669498188,29.7629031648767],[-95.4137052409081,29.7630293530671],[-95.4134477613944,29.7631280224133],[-95.4133239111801,29.763168688626],[-95.4132123189431,29.7631922423802],[-95.4131017012129,29.7632077690695],[-95.4129866915342,29.7632192184068],[-95.4128647856,29.7632213235127],[-95.4127436052042,29.7632201737097],[-95.4126072062433,29.7632081445076],[-95.4124314173663,29.7631823428817],[-95.4122866073576,29.7631440614761],[-95.412170206058,29.7631093329943],[-95.411984190404,29.7630152030768],[-95.4118040868097,29.7629238547094],[-95.4114349595163,29.7627547493953],[-95.4112539847236,29.7626451853238],[-95.4110799624925,29.7625085826892],[-95.410914407586,29.7623701112215],[-95.4108020216057,29.7622896109655],[-95.410719170562,29.7622224671413]]]},"properties":{"FID":13,"OBJECTID":13,"Address":"5100  Memorial Drive","GlobalID":"{55487039-691E-4853-BCA8-3C70E7A5B004}","Shapearea":63386.11287949015,"Shapelen":2322.7388883267745,"ParkID":"A10800","Name":"SPENCER MIDDLETON CLEMENTS PARK","CityMuni":"Houston","County":"Harris","State":"TX","StreetNum":"5100","StreetName":"Memorial","StreetType":"Drive","Zip":"77007","Park_Acres":1.45515074,"AcreSource":"GIS Value","Editor":"JDegelia","Park_Type":"CSTs/Spaceway","Latitude":13842397.18521616,"Longitude":3106589.80562796,"Shape__Area":7842.921875,"Shape__Length":815.661368947235}},{"type":"Feature","id":14,"geometry":{"type":"Polygon","coordinates":[[[-95.3980377619958,29.7657632742097],[-95.3980369040415,29.7664791133107],[-95.397538798037,29.7664774414737],[-95.3977761760585,29.7661173687939],[-95.3980377619958,29.7657632742097]]]},"properties":{"FID":14,"OBJECTID":14,"Address":"229  S Heights","GlobalID":"{451A462D-4C95-4091-BB92-F83429E6405E}","Shapearea":21152.622412915596,"Shapelen":722.5733589559227,"ParkID":"A10900","Name":"KNOX PARK","CityMuni":"Houston","County":"Harris","State":"TX","StreetNum":"229","StreetName":"S Heights","StreetType":"Boulevard","Zip":"77007","Park_Acres":0.48559933,"AcreSource":"GIS Value","Editor":"JDegelia","Park_Type":"Neighborhood Park","Latitude":13843745.11063981,"Longitude":3111134.65682612,"Shape__Area":2617.43359375,"Shape__Length":254.393913337611}},{"type":"Feature","id":15,"geometry":{"type":"Polygon","coordinates":[[[-95.3770573773002,29.7639654258901],[-95.3758618914923,29.7639733464768],[-95.3755667614284,29.7638995029323],[-95.3748322701957,29.7639162238487],[-95.375224247482,29.7638609663901],[-95.3770596795173,29.7637825404723],[-95.3775931953598,29.7637567159599],[-95.3789912115059,29.7637140044976],[-95.378991156644,29.763951833984],[-95.3770573773002,29.7639654258901]]]},"properties":{"FID":15,"OBJECTID":15,"Address":"1901  Memorial Way","GlobalID":"{51F385D0-6E32-4841-8F2D-BB559018F9A7}","Shapearea":76220.31404849872,"Shapelen":2732.187251290695,"ParkID":"A11000","Name":"MEMORIAL-SILVER TRIANGLE","CityMuni":"Houston","County":"Harris","State":"TX","StreetNum":"1901","StreetName":"Memorial","StreetType":"Way","Zip":"77007","Park_Acres":1.74978464,"AcreSource":"GIS Value","Editor":"JDegelia","Park_Type":"Pocket Park","Latitude":13843083.66611726,"Longitude":3117654.20396027,"Shape__Area":9431.0859375,"Shape__Length":958.8189058143129}},{"type":"Feature","id":16,"geometry":{"type":"Polygon","coordinates":[[[-95.3741731095685,29.7730847253379],[-95.3741786415752,29.7733577073965],[-95.3740182578255,29.7733593559484],[-95.373695527849,29.7733626754448],[-95.3736882116931,29.7730908715944],[-95.3741731095685,29.7730847253379]]]},"properties":{"FID":16,"OBJECTID":16,"Address":"1600  Summer Street","GlobalID":"{50C83767-3718-47E0-A302-CCB62E28CE84}","Shapearea":15213.067239921684,"Shapelen":505.2642866639058,"ParkID":"A11300","Name":"JONES (RANDALL P.) PARK","CityMuni":"Houston","County":"Harris","State":"TX","StreetNum":"1600","StreetName":"Summer","StreetType":"Street","Zip":"77007","Park_Acres":0.34924536,"AcreSource":"GIS Value","Editor":"JDegelia","Park_Type":"Neighborhood Park","Latitude":13846519.34789151,"Longitude":3118645.7959864,"Shape__Area":1882.73046875,"Shape__Length":177.6510543574556}},{"type":"Feature","id":17,"geometry":{"type":"Polygon","coordinates":[[[-95.4286971515984,29.775059494156],[-95.4290085693062,29.775231484696],[-95.4288849455639,29.7753833081828],[-95.4286471735454,29.7751341690872],[-95.428627641643,29.775099566248],[-95.4286248027729,29.7750720427933],[-95.4286384979875,29.7750561212363],[-95.4286653147375,29.7750505019107],[-95.4286971515984,29.775059494156]]]},"properties":{"FID":17,"OBJECTID":17,"Address":"6600  Wanita Place","GlobalID":"{481D869B-DA3E-4983-A826-4D9AB0F380C1}","Shapearea":6077.295469279938,"Shapelen":353.2089539631252,"ParkID":"A11400","Name":"WANITA TRIANGLE","CityMuni":"Houston","County":"Harris","State":"TX","StreetNum":"6600","StreetName":"Wanita","StreetType":"Place","Zip":"77007","Park_Acres":0.13951606,"AcreSource":"GIS Value","Editor":"JDegelia","Park_Type":"CSTs/Spaceway","Latitude":13846704.34149313,"Longitude":3101221.37985887,"Shape__Area":752.13671875,"Shape__Length":124.25694855767372}},{"type":"Feature","id":18,"geometry":{"type":"Polygon","coordinates":[[[-95.4220681604764,29.7779789731622],[-95.4220625372723,29.7778343873139],[-95.4222227487244,29.7778340889344],[-95.4223815822217,29.7778337927058],[-95.4225382845281,29.7778334988458],[-95.4227022396833,29.7778331920178],[-95.4231692980385,29.7778321614071],[-95.4242098546808,29.7778298619084],[-95.4242162242136,29.7781797191132],[-95.424213153404,29.7781797449892],[-95.4242161584149,29.7783236351079],[-95.4242223729035,29.7786211332146],[-95.4242223732613,29.7786212163469],[-95.4239060216933,29.778624853156],[-95.4235068850905,29.7786294405554],[-95.4233464700248,29.778631284511],[-95.4231875324213,29.7786331099398],[-95.4231795650943,29.7786332015842],[-95.4230286236593,29.77863493595],[-95.4228697195247,29.7786367613919],[-95.4227079622441,29.7786386188009],[-95.4225504646589,29.7786404275043],[-95.4223935751945,29.7786422295864],[-95.4223153483505,29.7786431282307],[-95.4222369620796,29.778644027947],[-95.4220844597629,29.7786455006083],[-95.4220829894095,29.7785405869073],[-95.4220812189816,29.7784143053172],[-95.4220797397325,29.7782767000933],[-95.4220681604764,29.7779789731622]]]},"properties":{"FID":18,"OBJECTID":18,"Address":"2000  Arabelle","GlobalID":"{EE77841D-C472-4507-871D-E3CAA47C442A}","Shapearea":197794.90879612174,"Shapelen":1943.2582626872907,"ParkID":"A20200","Name":"COTTAGE GROVE PARK","CityMuni":"Houston","County":"Harris","State":"TX","StreetNum":"2000","StreetName":"Arabelle","StreetType":"Street","Zip":"77007","Park_Acres":4.54076446,"AcreSource":"GIS Value","Editor":"JDegelia","Park_Type":"Neighborhood Park","Latitude":13847859.1761092,"Longitude":3102987.02878973,"Shape__Area":24480.9296875,"Shape__Length":682.9641093176765}},{"type":"Feature","id":19,"geometry":{"type":"Polygon","coordinates":[[[-95.3786360019121,29.7809446518204],[-95.3786475196881,29.7809523937896],[-95.3786603469976,29.7809601699662],[-95.3786731343017,29.7809690891448],[-95.3786842877642,29.7809871077826],[-95.3786930060428,29.7809999173628],[-95.3787036065857,29.7810150642904],[-95.3787166421173,29.7810354206033],[-95.3787349156317,29.7810559181072],[-95.37875646102,29.7810765050202],[-95.3787832623781,29.7810966616479],[-95.3788062395319,29.7811138569997],[-95.3788305644251,29.781129945685],[-95.3788619080146,29.7811513679305],[-95.3788856610813,29.7811651555057],[-95.3789101487729,29.7811766759318],[-95.3789358654007,29.7811905170534],[-95.3789668582947,29.7812033563032],[-95.3789965627182,29.7812155899516],[-95.3790269420986,29.7812272695348],[-95.3790579552549,29.7812395386956],[-95.3790811346258,29.7812510242459],[-95.3791087529147,29.7812666307371],[-95.3791344489864,29.7812810413745],[-95.3791683305832,29.7813048184337],[-95.3791920012886,29.7813208900478],[-95.3792201130553,29.7813410821527],[-95.3792442770578,29.78136173855],[-95.3792659645383,29.7813783276902],[-95.3792900271889,29.7814018394516],[-95.3793459059961,29.7814519312034],[-95.3795690063954,29.781700863378],[-95.379491825222,29.7817525038693],[-95.3794703722438,29.7817662123754],[-95.3794441754435,29.7817843660408],[-95.3794112511909,29.7818074818907],[-95.3793939687873,29.7818144445924],[-95.379371632521,29.7818161275081],[-95.3793467992781,29.781814313232],[-95.3793266706099,29.7818091973202],[-95.3793085860356,29.7818018503063],[-95.3792875930538,29.7817841375351],[-95.379267416951,29.7817618731799],[-95.3792512305417,29.7817380024104],[-95.3792336932982,29.781715239061],[-95.3792141917464,29.7816924218017],[-95.3791907425901,29.7816700693448],[-95.3791677663943,29.7816528742606],[-95.3791410256506,29.7816310041542],[-95.3791193989379,29.7816127024429],[-95.3790964017404,29.7815960778964],[-95.3790739790879,29.7815817546853],[-95.3790456234317,29.7815684145899],[-95.3790243473111,29.7815586954916],[-95.378998428405,29.7815505649805],[-95.3789692370023,29.7815423462167],[-95.3789458959651,29.7815354287557],[-95.3789173381784,29.7815277987215],[-95.3788946317289,29.7815214696831],[-95.3788596701167,29.7815096655959],[-95.3788246275987,29.7815001458023],[-95.3787960698309,29.7814925157422],[-95.3787596778506,29.7814841027146],[-95.3787181104574,29.7814738348046],[-95.3786403341762,29.7814500145033],[-95.3785553965353,29.781424857741],[-95.3784384064964,29.7813982625218],[-95.3783117413466,29.7813674057383],[-95.3779493951273,29.7812758827537],[-95.3779182603975,29.7812670399501],[-95.3779014038167,29.781262012249],[-95.3778866324959,29.7812536111671],[-95.377880390962,29.7812448688192],[-95.377880264115,29.7812300060624],[-95.3778833489297,29.7812169442994],[-95.3778883359413,29.7812056473009],[-95.377899113949,29.7811973655927],[-95.3779230220741,29.7811882951534],[-95.377964152311,29.7811739757675],[-95.3785381015109,29.7809340051074],[-95.3785638319146,29.7809289848173],[-95.3785808506662,29.7809294446787],[-95.3786017150516,29.7809322947712],[-95.3786199007913,29.7809367870134],[-95.3786360019121,29.7809446518204]]]},"properties":{"FID":19,"OBJECTID":19,"Address":"1900  White Oak Drive","GlobalID":"{2C2E014F-2FE8-4816-B517-AB138C3DC1BD}","Shapearea":61753.68164610889,"Shapelen":1293.1822289641193,"ParkID":"A20300","Name":"LEY PLAZA PARK","CityMuni":"Houston","County":"Harris","State":"TX","StreetNum":"1900","StreetName":"White Oak","StreetType":"Drive","Zip":"77009","Park_Acres":1.41767513,"AcreSource":"GIS Value","Editor":"JDegelia","Park_Type":"Neighborhood Park","Latitude":13849417.96645368,"Longitude":3117026.69004635,"Shape__Area":7643.65625,"Shape__Length":454.4866744795661}},{"type":"Feature","id":22,"geometry":{"type":"Polygon","coordinates":[[[-95.3678147010012,29.7775630095436],[-95.3677156028646,29.7778132053046],[-95.3665871076141,29.7777332180105],[-95.3666201336822,29.7775619109296],[-95.3666461703411,29.7774268550894],[-95.36670956128,29.7770980368342],[-95.3667461106352,29.7769117755678],[-95.3668316185866,29.7765027417596],[-95.3678147010012,29.7775630095436]]]},"properties":{"FID":22,"OBJECTID":22,"Address":"2211  South","GlobalID":"{B39D33FD-5FA6-4EC2-BF71-6C06FF039F80}","Shapearea":101788.34085989399,"Shapelen":1405.4437758537833,"ParkID":"A20600","Name":"HOGG PARK","CityMuni":"Houston","County":"Harris","State":"TX","StreetNum":"2211","StreetName":"South","StreetType":"Street","Zip":"77009","Park_Acres":2.33674812,"AcreSource":"GIS Value","Editor":"JDegelia","Park_Type":"Pocket Park","Latitude":13848081.51460977,"Longitude":3120758.34498628,"Shape__Area":12598.0625,"Shape__Length":494.6698066411351}},{"type":"Feature","id":25,"geometry":{"type":"Polygon","coordinates":[[[-95.4067749073787,29.7840722287344],[-95.406459575587,29.7840758933202],[-95.4064583264073,29.784021237931],[-95.4064562444272,29.7839300386448],[-95.4064545985716,29.7838508943155],[-95.4064515977772,29.7837470798543],[-95.4064506200822,29.7837132222342],[-95.4064499340347,29.7836558393815],[-95.4064479951059,29.7834655347389],[-95.408322584899,29.783434356116],[-95.4085606567603,29.7834291061109],[-95.4085629841276,29.7836337695656],[-95.4085616381487,29.7836719912272],[-95.4085664234297,29.7838068577693],[-95.4085679172593,29.7843059237712],[-95.4069384419702,29.7843337916107],[-95.4069321033735,29.7840693985168],[-95.4067749073787,29.7840722287344]]]},"properties":{"FID":25,"OBJECTID":25,"Address":"725  Lawrence","GlobalID":"{DFDFDC5D-7CB7-4275-91C6-43A84CA26BE6}","Shapearea":198751.05190604393,"Shapelen":1974.1926196254838,"ParkID":"A20900","Name":"LAWRENCE PARK","CityMuni":"Houston","County":"Harris","State":"TX","StreetNum":"725","StreetName":"Lawrence","StreetType":"Street","Zip":"77007","Park_Acres":4.56271458,"AcreSource":"GIS Value","Editor":"JDegelia","Park_Type":"Neighborhood Park","Latitude":13850056.77794817,"Longitude":3107861.63334684,"Shape__Area":24601.98828125,"Shape__Length":693.955137796323}},{"type":"Feature","id":34,"geometry":{"type":"Polygon","coordinates":[[[-95.3723700351708,29.7802182562047],[-95.3723717597438,29.7804508187704],[-95.3704407612781,29.7795538581822],[-95.3704100643151,29.7792925045659],[-95.3702865171578,29.7788224162029],[-95.3704463521095,29.7786224651312],[-95.3705956968255,29.7786605934616],[-95.3707810276226,29.7787069992682],[-95.371393492408,29.7789061743539],[-95.3716498430647,29.7789958899243],[-95.3719201190025,29.7790605546159],[-95.3719055172518,29.7794277408892],[-95.3722734463485,29.7794364332675],[-95.3723690491877,29.7800851087596],[-95.3723700351708,29.7802182562047]]]},"properties":{"FID":34,"OBJECTID":34,"Address":"1400  White Oak Parkway","GlobalID":"{CBBA2D09-CA40-487D-85F6-F8AA00BCD5EF}","Shapearea":231156.9195630694,"Shapelen":2169.098682878612,"ParkID":"A21900","Name":"FREED ART & NATURE PARK (PB 2)","CityMuni":"Houston","County":"Harris","State":"TX","StreetNum":"1400","StreetName":"White Oak","StreetType":"Parkway","Zip":"77009","Park_Acres":5.30665391,"AcreSource":"GIS Value","Editor":"JDegelia","Park_Type":"Neighborhood Park, Park Reserve and Natural Area","Latitude":13848813.72705438,"Longitude":3119392.70523249,"Shape__Area":28610.7265625,"Shape__Length":763.0173130424839}},{"type":"Feature","id":36,"geometry":{"type":"Polygon","coordinates":[[[-95.394599237447,29.7644919101165],[-95.3946051147699,29.7644107225196],[-95.3946051432091,29.7643811169597],[-95.3945951597817,29.7642776323394],[-95.3945909024208,29.7641376939138],[-95.394474706258,29.7640425982167],[-95.3943707569967,29.763962376587],[-95.3943480283706,29.7639375617273],[-95.3942982596891,29.7639249350228],[-95.3938613662798,29.7637891645714],[-95.3932641773683,29.7636051558212],[-95.393107781425,29.7635612677666],[-95.3928565340923,29.763512018354],[-95.3925871238186,29.763459621218],[-95.3925882733492,29.7634361613768],[-95.3925895334129,29.763408449412],[-95.3925908782936,29.7633111199301],[-95.3927411568186,29.763351633669],[-95.3928837502084,29.7633905905655],[-95.3932317287612,29.7634877516133],[-95.3935747343682,29.763594232514],[-95.3938612783391,29.7636775827312],[-95.3941015842361,29.7637507731838],[-95.3943794230818,29.7638176793858],[-95.3946267103813,29.7638729575796],[-95.395288529934,29.7640390676198],[-95.395964961753,29.7642166431055],[-95.3961122928306,29.7642530221424],[-95.3962864614206,29.7643184875923],[-95.3964343392296,29.7643832446241],[-95.3965794040821,29.7644487370974],[-95.3968225262992,29.7645781872142],[-95.3969616702607,29.7646710732825],[-95.3970628626087,29.7647426786108],[-95.3971271754453,29.7648065394609],[-95.3972046457408,29.7648923645057],[-95.3974165414261,29.7652046656215],[-95.3974887371307,29.7653258725331],[-95.3975359633266,29.7654351965145],[-95.3975499052991,29.7654787932699],[-95.3975651557989,29.7655291780313],[-95.3975708390953,29.7655874109044],[-95.3975747861749,29.7656509991307],[-95.3975801834073,29.7657173269349],[-95.3975751847328,29.7657712205721],[-95.3975634741706,29.7658397902335],[-95.3975455768497,29.7659081935726],[-95.397529941132,29.7659563977067],[-95.3975046922415,29.7660137985066],[-95.3974705991899,29.7660717714469],[-95.3974277173874,29.7661462570942],[-95.3973929024835,29.7662115050016],[-95.3972730008177,29.7664812877012],[-95.3972000821529,29.7665051548554],[-95.3970904544963,29.7665342899263],[-95.3968790837172,29.766600598517],[-95.3968738476874,29.7662970987938],[-95.396627879428,29.766300885417],[-95.3963844738268,29.7660316907764],[-95.3956145699576,29.7660428069405],[-95.3956221363979,29.766614083847],[-95.3953758104318,29.7666103032653],[-95.3950535585902,29.7666126579038],[-95.3946025216942,29.7666126479537],[-95.3945961957206,29.7663140568153],[-95.3945981129222,29.7662410616452],[-95.3946038031756,29.7660659590872],[-95.3945969503671,29.7658702775009],[-95.394592582788,29.7657540282786],[-95.3945902693791,29.7656402758067],[-95.3945894836926,29.7655541079393],[-95.3945882290217,29.765416538859],[-95.39458503797,29.7650665313585],[-95.3945808252258,29.7646045740038],[-95.3946032936837,29.7646027486334],[-95.3946005228244,29.7645270096515],[-95.394599237447,29.7644919101165]]]},"properties":{"FID":36,"OBJECTID":36,"Address":"401  S Heights Blvd","GlobalID":"{43B3DBE6-2FF5-4E55-8F38-0B8AB0745E80}","Shapearea":711407.0727978512,"Shapelen":5089.696629364664,"ParkID":"A30300","Name":"SPOTTS PARK","CityMuni":"Houston","County":"Harris","State":"TX","StreetNum":"401","StreetName":"S Heights","StreetType":"Boulevard","Zip":"77007","Park_Acres":16.33172448,"AcreSource":"GIS Value","Editor":"JDegelia","Park_Type":"Community Park","Latitude":13843411.29690714,"Longitude":3111807.72183237,"Shape__Area":88028.03515625,"Shape__Length":1789.8258850791196}},{"type":"Feature","id":37,"geometry":{"type":"MultiPolygon","coordinates":[[[[-95.3695919421573,29.783753668829],[-95.369589696804,29.7836134565237],[-95.3693698300729,29.7836150035762],[-95.3690494977419,29.7836172567981],[-95.3688987153399,29.7832819623986],[-95.368898270944,29.7830464361108],[-95.3690418761242,29.7826629397249],[-95.3692174544892,29.7826214757358],[-95.3692839337163,29.7827740499132],[-95.3699017720779,29.7826422172043],[-95.3696497446322,29.7817835778462],[-95.3691715790444,29.7819257962719],[-95.3690201383353,29.7813616784547],[-95.3691788179292,29.7813603299321],[-95.3693326744057,29.7813590228586],[-95.3695024461449,29.7813575788001],[-95.3696555693291,29.7813562778561],[-95.3698144824796,29.7813549266797],[-95.3699668194424,29.7813536316253],[-95.370639700137,29.7813425909241],[-95.3707881709761,29.7813440967125],[-95.3707881979267,29.7813466445892],[-95.3709777302633,29.7813450311502],[-95.3711488856764,29.7813435739435],[-95.3713128290418,29.7813421790209],[-95.3714630880443,29.7813408997265],[-95.3716350057849,29.7813394356702],[-95.3719818943037,29.7813364812299],[-95.3721136144337,29.7813353591434],[-95.371866402394,29.7821374574676],[-95.3718574438299,29.7821647945969],[-95.3718489814539,29.7821922531352],[-95.3718410169705,29.7822198230525],[-95.3718335547504,29.7822475006051],[-95.3718265935399,29.7822752776988],[-95.3718201374659,29.7823031465519],[-95.3718141861926,29.7823311004392],[-95.3718087435578,29.7823591342586],[-95.3718038095116,29.782387238605],[-95.3717993857734,29.7824154084876],[-95.3717954724663,29.7824436350086],[-95.3717920713206,29.7824719128418],[-95.3717891834216,29.7825002331163],[-95.371786808788,29.7825285899556],[-95.3717849480668,29.7825569759878],[-95.3717836024639,29.7825853843613],[-95.3717827722607,29.782613807191],[-95.3717824572703,29.7826422389297],[-95.3717826576046,29.7826706710165],[-95.3717833721812,29.7826990960338],[-95.3717846027533,29.7827275079828],[-95.3717863480328,29.7827558997756],[-95.3717886071374,29.7827842638325],[-95.3717913814276,29.7828125943122],[-95.3717946672299,29.782840880872],[-95.371798466215,29.7828691198628],[-95.3718027761689,29.7828973031635],[-95.3719604306907,29.7835013616421],[-95.3719664287727,29.7835242428289],[-95.3719719244386,29.7835472207434],[-95.3719769155376,29.7835702854193],[-95.3719813992453,29.7835934297275],[-95.3719853751128,29.7836166445876],[-95.3719888422839,29.7836399215806],[-95.3719917978247,29.7836632512222],[-95.3719942413904,29.7836866269552],[-95.3719961721714,29.7837100390172],[-95.3719975889276,29.7837334789785],[-95.3695919421573,29.783753668829]]],[[[-95.3698714971365,29.7809058570488],[-95.369870860229,29.780321436459],[-95.3700629082134,29.7803467265778],[-95.3700689096014,29.7802044753724],[-95.3700758259626,29.7800490532323],[-95.3700815956257,29.7799037654946],[-95.3704678712189,29.7799590464367],[-95.3704708851715,29.779874387522],[-95.3717942414954,29.7805011500763],[-95.3714211829935,29.7805039285903],[-95.3712643302509,29.7805050959426],[-95.3710727833705,29.7805065215273],[-95.3708050572676,29.7805085142451],[-95.3708123852656,29.7809093956303],[-95.3706851540995,29.7809061277642],[-95.3700303566681,29.7809036794953],[-95.3698714971365,29.7809058570488]]]]},"properties":{"FID":37,"OBJECTID":37,"Address":"212  Parkview Street","GlobalID":"{598D04DA-0257-4BBC-ACB6-61642EDECF5F}","Shapearea":838852.2621083201,"Shapelen":6060.996646413288,"ParkID":"A30500","Name":"WOODLAND PARK","CityMuni":"Houston","County":"Harris","State":"TX","StreetNum":"212","StreetName":"Parkview","StreetType":"Street","Zip":"77009","Park_Acres":19.25747515,"AcreSource":"GIS Value","Editor":"JDegelia","Park_Type":"Community Park, Community Center","Latitude":13849833.25965415,"Longitude":3119609.45098462,"Shape__Area":103832.1640625,"Shape__Length":2131.424488312766}},{"type":"Feature","id":41,"geometry":{"type":"Polygon","coordinates":[[[-95.4247143978031,29.7569743420271],[-95.4247244128192,29.7573069763177],[-95.4247247351884,29.7573777481593],[-95.4247251808836,29.7579556768084],[-95.4247256169067,29.7585215974109],[-95.4247257537825,29.75869883941],[-95.4247258911134,29.7588771996294],[-95.4247259580141,29.7589645246138],[-95.4247289310357,29.759055583719],[-95.4247345740123,29.7592283984785],[-95.4247351429672,29.7592458156277],[-95.4247371276799,29.7594113604949],[-95.4241626627574,29.7594619034313],[-95.4236058708735,29.7595108884228],[-95.4235943195527,29.7595126425762],[-95.4232726933441,29.7595614761609],[-95.4232413350631,29.7595675113061],[-95.4232100042363,29.7595735043557],[-95.4231786634731,29.7595794568307],[-95.4231473127913,29.7595853682278],[-95.4231159508566,29.7595912381754],[-95.4230845803434,29.7595970672488],[-95.4230531986067,29.7596028540339],[-95.4230218069457,29.7596085999087],[-95.4229904061116,29.7596143053972],[-95.4229008375239,29.7596303381385],[-95.4227981298955,29.759648077314],[-95.4226406451138,29.7596752784143],[-95.4225850927995,29.7596840202886],[-95.4224867003242,29.7596999557145],[-95.4220320603264,29.7598292453876],[-95.4220289063518,29.7598301984472],[-95.4219997962026,29.7598392411041],[-95.4219683134778,29.7598483528945],[-95.4219366096023,29.7598568668338],[-95.4219047022739,29.7598647776853],[-95.4218726063758,29.759872083663],[-95.4218403348277,29.7598787785628],[-95.4218079052223,29.7598848601675],[-95.4217753312708,29.7598903271637],[-95.4217598224397,29.7598926263599],[-95.4217426291094,29.7598951749447],[-95.4217098147159,29.7598994034331],[-95.4216769013421,29.7599030079449],[-95.4216439069061,29.7599059879511],[-95.4216108468087,29.7599083433591],[-95.4215777348552,29.7599100701713],[-95.421544587704,29.7599111708478],[-95.4215114220038,29.7599116426424],[-95.421478251966,29.7599114864386],[-95.421445027832,29.7599106997319],[-95.4213963821424,29.7588761176826],[-95.4213587100781,29.7582480662291],[-95.4214638609779,29.7580117526217],[-95.4215281111046,29.7579060287156],[-95.4216455053824,29.7577128593418],[-95.421786691884,29.757574883001],[-95.4218805932341,29.7575325657711],[-95.422037233809,29.7574619748904],[-95.4220517194149,29.7574578579224],[-95.422385192607,29.757363059657],[-95.4224241531316,29.7573662518713],[-95.4225341634587,29.7573752639667],[-95.4227454536289,29.7574922798283],[-95.4228253709808,29.7576329971976],[-95.4229386561633,29.7579182517164],[-95.4231590672296,29.758209530333],[-95.4236226439732,29.7583914980543],[-95.4239363450166,29.758442269617],[-95.4241548587649,29.7583740659221],[-95.424392319403,29.7581791731421],[-95.4244938735649,29.7580338078404],[-95.4245567812279,29.75729447617],[-95.4247143978031,29.7569743420271]]]},"properties":{"FID":41,"OBJECTID":41,"Address":"100  Westcott","GlobalID":"{E63A42F0-26B6-4F6E-9E12-78535313CA5E}","Shapearea":670496.1668363509,"Shapelen":4362.001056648469,"ParkID":"A50300","Name":"HOGG BIRD SANCTUARY PARK","CityMuni":"Houston","County":"Harris","State":"TX","StreetNum":"100","StreetName":"Westcott","StreetType":"Street","Zip":"77007","Park_Acres":15.39253556,"AcreSource":"GIS Value","Editor":"JDegelia","Park_Type":"Community Park, Park Reserve and Natural Area","Latitude":13840766.11201418,"Longitude":3103288.62227266,"Shape__Area":82955.23828125,"Shape__Length":1534.9313228120893}},{"type":"Feature","id":44,"geometry":{"type":"Polygon","coordinates":[[[-95.3687287446175,29.7602200357041],[-95.3679591251275,29.7597572980653],[-95.3684068981876,29.759190553215],[-95.3688732054789,29.7594669742816],[-95.3691796156603,29.7596587269181],[-95.3687287446175,29.7602200357041]]]},"properties":{"FID":44,"OBJECTID":44,"Address":"900  Smith","GlobalID":"{60E54F5A-5F41-4F57-88B3-834A88D8A380}","Shapearea":74584.72816899026,"Shapelen":1094.6136600294565,"ParkID":"A50800","Name":"HERMANN SQUARE","CityMuni":"Houston","County":"Harris","State":"TX","StreetNum":"900","StreetName":"Smith","StreetType":"Street","Zip":"77002","Park_Acres":1.7122366,"AcreSource":"GIS Value","Editor":"JDegelia","Park_Type":"Neighborhood Park, Plaza or Square","Latitude":13841658.6276851,"Longitude":3120499.43966113,"Shape__Area":9227.95703125,"Shape__Length":384.9953595533879}},{"type":"Feature","id":47,"geometry":{"type":"MultiPolygon","coordinates":[[[[-95.3707240293722,29.7603894658385],[-95.3705113273631,29.7602552558125],[-95.3701578006972,29.760035492014],[-95.3706716749199,29.7594159280993],[-95.371009166636,29.7595845081489],[-95.3710660331337,29.759601569009],[-95.3711158950752,29.7596145427032],[-95.3711833688835,29.7596298746392],[-95.3712652470765,29.7596430934951],[-95.371316541833,29.7596479328597],[-95.3713819622413,29.7596500918942],[-95.3714429694426,29.7596481726529],[-95.3715042015034,29.7596423395297],[-95.3715504793968,29.7596350141001],[-95.3715705117413,29.7596302602757],[-95.3716007219168,29.7596239738029],[-95.3716611996056,29.7596140145096],[-95.3717480150665,29.7596057132877],[-95.37181301061,29.7596034859159],[-95.3718679227948,29.7596016447739],[-95.3719452051771,29.7596041235418],[-95.3720462381815,29.7596195515908],[-95.3723354855125,29.7596711708245],[-95.3725644629491,29.7597240786124],[-95.3726766582585,29.7597679856607],[-95.3727719329318,29.7598172730908],[-95.3729195491625,29.7599000901414],[-95.3732173970352,29.7600862271471],[-95.3730629867935,29.760382733024],[-95.3729266896162,29.7604520260193],[-95.3727740163047,29.7606055340818],[-95.3726310582059,29.7607680624142],[-95.3725185993183,29.7609197390609],[-95.3723329117292,29.7610606756846],[-95.3721750036757,29.7611731725883],[-95.3720180276963,29.7612594198773],[-95.3718977329818,29.7613170481063],[-95.3717643416283,29.7611773142992],[-95.3715786864954,29.7610319565187],[-95.371518554476,29.7609849592975],[-95.3714356827349,29.7609245565385],[-95.371201921992,29.7607710359874],[-95.3710641493455,29.7606804518238],[-95.3711368946115,29.7606341899901],[-95.3709210564778,29.7604940575353],[-95.3707240293722,29.7603894658385]]],[[[-95.3712660665083,29.759147174873],[-95.3713818312817,29.7590003395814],[-95.371434816191,29.7589331331762],[-95.3715222745626,29.7588229659073],[-95.3718141939561,29.7589943818082],[-95.3720229304015,29.7591459973587],[-95.3722941393767,29.7593284972064],[-95.3724674567699,29.7594412023746],[-95.3727677122557,29.7596536796473],[-95.3728495139229,29.7597055220735],[-95.3732856756912,29.759953789468],[-95.3732673039018,29.7600000003535],[-95.3730777902051,29.7598722610938],[-95.3729080211706,29.7597538139627],[-95.3727993755287,29.7597041648483],[-95.3726475876583,29.7596445894676],[-95.3724882853907,29.7596081645554],[-95.3721398059222,29.7595286679558],[-95.3719066569727,29.7594990008887],[-95.3716853217153,29.7595134428817],[-95.3714872816065,29.7595314340932],[-95.3713468939739,29.7595276323769],[-95.3712503739501,29.7595133418095],[-95.3710437264312,29.7594387072823],[-95.3711634416463,29.7592807405801],[-95.3712660665083,29.759147174873]]],[[[-95.3724952355718,29.7587384184593],[-95.3725605222998,29.7586117283773],[-95.3726210791586,29.758508274042],[-95.37268842347,29.7584020836584],[-95.37273615224,29.7583771020338],[-95.3727600682684,29.758363153151],[-95.3727614640902,29.7585120743884],[-95.372757627133,29.7586199833165],[-95.3727599570441,29.7587426563207],[-95.3727640093145,29.7588420433602],[-95.372777000514,29.7588972119324],[-95.3727915556591,29.7589520829518],[-95.3728076657845,29.7590066217502],[-95.3728253206937,29.7590607958086],[-95.3728445098767,29.7591145705847],[-95.3728652208178,29.7591679138324],[-95.3728957085223,29.7592572230403],[-95.3729225738321,29.7593109189332],[-95.3729365154616,29.7593375693171],[-95.3729507949386,29.759364082411],[-95.3729654104297,29.7593904556465],[-95.3729803589065,29.7594166875977],[-95.3730112518446,29.7594687084235],[-95.3730271907468,29.7594944912696],[-95.373055167487,29.7595404836281],[-95.3730884706761,29.7595718648305],[-95.3731493870547,29.7596464961635],[-95.3732010015586,29.7597004397056],[-95.3732760137425,29.7597550171853],[-95.373358023715,29.7598010259073],[-95.37334351164,29.7598327444714],[-95.3730670909391,29.7597026539649],[-95.372906219716,29.7596171605276],[-95.3728641055821,29.7595674589645],[-95.3728301377507,29.7595132181538],[-95.3727388066833,29.7593175406877],[-95.3727060443137,29.7592295977574],[-95.3725681613498,29.7589083344668],[-95.3725164371327,29.7587878186723],[-95.3724952355718,29.7587384184593]]],[[[-95.372653243778,29.7592973490169],[-95.3726394868068,29.7593415586208],[-95.3726241480097,29.7593629971915],[-95.3725993478513,29.7593760556101],[-95.3725704597997,29.7593779049996],[-95.3725437421701,29.7593681439938],[-95.3719173751159,29.7589154363421],[-95.3719252796043,29.7588803831343],[-95.3719619676798,29.7588532756088],[-95.3721258327683,29.7587926316933],[-95.3722561686555,29.7587027439774],[-95.3723961868175,29.7587331886374],[-95.3724173592015,29.7587800903167],[-95.372653243778,29.7592973490169]]],[[[-95.3707740885838,29.7612964891543],[-95.3709686158528,29.7613129566248],[-95.3711879816861,29.7613317374672],[-95.3713690653432,29.7613498609575],[-95.3714486653038,29.7613695313826],[-95.3715346399944,29.7613981336673],[-95.371584053237,29.7614199063506],[-95.3714152624929,29.7614620439757],[-95.3712673564544,29.7614813925582],[-95.3711532923338,29.7614899812789],[-95.3709799685194,29.7614792954487],[-95.3708795083757,29.7614738090568],[-95.3707963587586,29.7614598791612],[-95.3706867784502,29.7614364765681],[-95.3706338154582,29.7614204457537],[-95.3705084561578,29.7613703419571],[-95.3703769301058,29.7613054736914],[-95.3702458206231,29.7612289408786],[-95.3705936943223,29.7612801019341],[-95.3707740885838,29.7612964891543]]],[[[-95.3714059496672,29.7611958238495],[-95.3714358716778,29.7611648359664],[-95.3713164263701,29.7609484947874],[-95.3714407475745,29.761027761815],[-95.3715388476851,29.7610917228954],[-95.3716104138473,29.7611491277311],[-95.3717275318395,29.7612427962228],[-95.3718241802843,29.7613475877303],[-95.3717525318796,29.7613865176736],[-95.3716276907543,29.7613218326736],[-95.3714888579442,29.7612742835522],[-95.3714024681594,29.7612573483731],[-95.3712960230387,29.7612398695251],[-95.3711334131049,29.7612347053103],[-95.3714059496672,29.7611958238495]]],[[[-95.3726453264441,29.7594075973633],[-95.3726535472208,29.7593936340254],[-95.3726678414488,29.7593840997992],[-95.3726854423167,29.7593808398711],[-95.3727298907086,29.7594234711073],[-95.3727589624649,29.7594752208616],[-95.3727597467923,29.7594850165077],[-95.3727548214137,29.759493847003],[-95.3727455025611,29.7594993528213],[-95.372734277871,29.7595000652659],[-95.3727241430559,29.7594957937239],[-95.3726787132996,29.7594557922056],[-95.3726453264441,29.7594075973633]]]]},"properties":{"FID":47,"OBJECTID":47,"Address":"1000  Bagby","GlobalID":"{66768DBB-71E7-46C7-A01B-745C27C4E9D7}","Shapearea":514022.8789409433,"Shapelen":7900.201420950107,"ParkID":"A51300","Name":"SAM HOUSTON PARK","CityMuni":"Houston","County":"Harris","State":"TX","StreetNum":"1000","StreetName":"Bagby","StreetType":"Street","Zip":"77002","Park_Acres":11.80038878,"AcreSource":"GIS Value","Editor":"JDegelia","Park_Type":"Community Park, Signature Park, Cultural or Historical Park","Latitude":13841751.61338839,"Longitude":3119467.66845491,"Shape__Area":63597.70703125,"Shape__Length":2777.391764545796}},{"type":"Feature","id":48,"geometry":{"type":"MultiPolygon","coordinates":[[[[-95.3673673912174,29.7605081594881],[-95.3678065371543,29.7599210984939],[-95.3693609841581,29.7608333475951],[-95.3687893396285,29.7615403572592],[-95.3686198196169,29.761408753943],[-95.3684441830373,29.7612478343298],[-95.3682355418302,29.7610756083875],[-95.3679214705299,29.7608484718555],[-95.3673673912174,29.7605081594881]]],[[[-95.3680898015409,29.7611848508339],[-95.3681931086781,29.7612674457707],[-95.3682855834673,29.7613520941629],[-95.3685237896729,29.7615744680767],[-95.3685562946671,29.7616058579944],[-95.3686069436823,29.7616565158188],[-95.3682711570022,29.7620217486569],[-95.3680279850655,29.7619388819876],[-95.3676137746865,29.7617857537023],[-95.3679248191918,29.7614036944249],[-95.3680898015409,29.7611848508339]]]]},"properties":{"FID":48,"OBJECTID":48,"Address":"400  Rusk Street","GlobalID":"{FC5E9B0E-F7D9-49D7-93DB-903431FCED6C}","Shapearea":211334.16522233267,"Shapelen":2651.2383114683084,"ParkID":"A51500","Name":"TRANQUILLITY PARK","CityMuni":"Houston","County":"Harris","State":"TX","StreetNum":"400","StreetName":"Rusk","StreetType":"Street","Zip":"77002","Park_Acres":4.85158426,"AcreSource":"GIS Value","Editor":"JDegelia","Park_Type":"Neighborhood Park, Plaza or Square","Latitude":13842105.36987344,"Longitude":3120567.09369785,"Shape__Area":26147.890625,"Shape__Length":932.4519385695777}},{"type":"Feature","id":49,"geometry":{"type":"Polygon","coordinates":[[[-95.3975010162156,29.7770080042232],[-95.3975364245442,29.7772530435252],[-95.3975564312902,29.7773727429444],[-95.3975568188825,29.7777360019628],[-95.3975620284453,29.777838005558],[-95.3975836082282,29.7790359605845],[-95.3975928924215,29.7795839666347],[-95.3975983057847,29.77968020941],[-95.3976452572415,29.7814073814798],[-95.397633159994,29.7815627346222],[-95.3976656546739,29.7832626095675],[-95.3976687310895,29.7833626345824],[-95.397698851966,29.7851297132916],[-95.3976986122838,29.7851988969055],[-95.397735541116,29.7869603925651],[-95.3977369602796,29.7870449961543],[-95.3977676938365,29.7887947920488],[-95.397768163503,29.7889062776049],[-95.3978006615646,29.7906061503957],[-95.3978076976837,29.7907812360848],[-95.3978448039221,29.7924754656985],[-95.3978476767845,29.7925812494986],[-95.3978818002358,29.7943599626167],[-95.3978816278855,29.794427226453],[-95.3979105042501,29.7961673588528],[-95.3979129038556,29.7962865831322],[-95.3979440597647,29.7980075386587],[-95.3979399817381,29.7981229836258],[-95.3979864600128,29.7998657934248],[-95.39798335292,29.7999537516083],[-95.3979999659702,29.8008676232693],[-95.3980014031555,29.800983215667],[-95.3980189969576,29.801891887071],[-95.3980224142501,29.8019823093288],[-95.3980433729297,29.8028861830816],[-95.3980512236824,29.8030382265318],[-95.3980495254938,29.8038972868909],[-95.3980425794635,29.8039254388902],[-95.3978855911296,29.8039267231931],[-95.3978619808971,29.8039037788028],[-95.3978429165185,29.8030710690914],[-95.397838183726,29.8028799634607],[-95.3978275210379,29.8020097455433],[-95.3978248508629,29.8018982012856],[-95.3978142237864,29.8010138243094],[-95.3978104372481,29.8008714989499],[-95.3977840287324,29.7999704057134],[-95.3977877186047,29.7998659555021],[-95.3977486534775,29.7981291542898],[-95.3977479816308,29.7980234298081],[-95.3977184292323,29.7963024989439],[-95.397714303643,29.7961697744501],[-95.3976848880177,29.7944450021514],[-95.3976748667925,29.7943544015215],[-95.3976575450517,29.7925992028243],[-95.3976481344856,29.7924913212403],[-95.3976095766929,29.7907759115186],[-95.397606197019,29.7906220650435],[-95.397576040041,29.7889184119057],[-95.3975693732143,29.7887952280072],[-95.3975385752449,29.7870473518166],[-95.3975345492173,29.7869742099371],[-95.397504632976,29.7852013715064],[-95.3975005398089,29.7851301493526],[-95.3974657478674,29.7833706315842],[-95.3974641946644,29.7832898684478],[-95.3974281152613,29.781566832915],[-95.3974291393417,29.7814131037122],[-95.3973952618616,29.779690126565],[-95.3973987209405,29.7795922000264],[-95.3973654563387,29.7778519410339],[-95.3973585205253,29.7777364376314],[-95.3973412524665,29.7770402269419],[-95.397313944955,29.7753808481663],[-95.3972926045109,29.7742386350503],[-95.3972652285069,29.7732673122879],[-95.3972439997073,29.7719348272209],[-95.3972214594046,29.7704523938264],[-95.3974127342887,29.7704633022691],[-95.3974544384886,29.7720269722053],[-95.3974819514306,29.7736805919416],[-95.3974980475887,29.7747842257247],[-95.3975224046376,29.7759034576952],[-95.3975010162156,29.7770080042232]]]},"properties":{"FID":49,"OBJECTID":49,"Address":"100-1900  Heights Blvd","GlobalID":"{48A06232-6992-48B9-81EB-B01AE9E886A0}","Shapearea":764684.6211568069,"Shapelen":24459.774351715634,"ParkID":"A51600","Name":"HEIGHTS BLVD PARK","CityMuni":"Houston","County":"Harris","State":"TX","StreetNum":"100-1900","StreetName":"Heights","StreetType":"Boulevard","Zip":"77007","Park_Acres":17.55481359,"AcreSource":"GIS Value","Editor":"JDegelia","Park_Type":"Neighborhood Park, Cultural or Historical Park","Latitude":13851337.50058029,"Longitude":3110973.74306789,"Shape__Area":94660.84765625,"Shape__Length":8627.499175836329}},{"type":"Feature","id":52,"geometry":{"type":"Polygon","coordinates":[[[-95.3744821795717,29.7634709023395],[-95.3744807966293,29.7633313208763],[-95.3744794218417,29.7632320538622],[-95.3744902765291,29.7632317174843],[-95.3745024295795,29.763231576941],[-95.3745188025324,29.7632313870085],[-95.3745519989606,29.7632310030378],[-95.3746076082209,29.7632303582681],[-95.3746018653151,29.7627393275489],[-95.3747275602578,29.7627425571083],[-95.3754208907983,29.7627384721987],[-95.3754865790758,29.7627408674862],[-95.3754819243522,29.7634521558509],[-95.3744821795717,29.7634709023395]]]},"properties":{"FID":52,"OBJECTID":52,"Address":"110  Sabine Street","GlobalID":"{68EC3030-2883-4400-AE03-0FE152E75312}","Shapearea":76451.8258493347,"Shapelen":1162.7486545053446,"ParkID":"A60110A","Name":"FONDE COMMUNITY CENTER","CityMuni":"Houston","County":"Harris","State":"TX","StreetNum":"110","StreetName":"Sabine","StreetType":"Street","Zip":"77007","Park_Acres":1.75509944,"AcreSource":"GIS Value","Editor":"JDegelia","Park_Type":"Neighborhood Park, Community Center","Latitude":13842833.04904022,"Longitude":3118415.15718855,"Shape__Area":9459.5859375,"Shape__Length":408.9042193999415}},{"type":"Feature","id":53,"geometry":{"type":"Polygon","coordinates":[[[-95.4563928781616,29.7597951566509],[-95.456470584286,29.7597921491933],[-95.456503739246,29.7597980888855],[-95.4565330737604,29.7597887409748],[-95.4565511670503,29.7597689691201],[-95.4565781742742,29.7597222238831],[-95.4566313771558,29.7596938895456],[-95.4566622492674,29.7596820511452],[-95.4569268992626,29.7594960479561],[-95.4570018387189,29.7594682882235],[-95.4573397127258,29.75945001311],[-95.4573880622154,29.759436104995],[-95.4574373334412,29.7594374076266],[-95.4575046751659,29.7594613361733],[-95.4576299407866,29.759404532608],[-95.4577242897631,29.7594025983215],[-95.4578131928321,29.7593695128009],[-95.4579200580229,29.7593622135898],[-95.4580123867933,29.7593349129726],[-95.4580517122591,29.7593511400461],[-95.4581752205721,29.7595746179763],[-95.4582926990649,29.760055264383],[-95.4581502845552,29.7606684754349],[-95.4579798424482,29.7610860434513],[-95.4579695477312,29.7613518333196],[-95.4579658869018,29.761446366992],[-95.4581251213399,29.7616644624198],[-95.4583417537873,29.7617334691325],[-95.4585492527589,29.7617940076669],[-95.4588211528065,29.7618796617894],[-95.4589498453915,29.7619128292135],[-95.4592725786179,29.7619960045877],[-95.4597666453761,29.7620748722165],[-95.4600165893973,29.762103625442],[-95.4603191199678,29.7621217429469],[-95.4606866740702,29.762356096387],[-95.4606931783882,29.762365958067],[-95.4608306772167,29.7625744176153],[-95.4607897533123,29.7627296368062],[-95.4606702428348,29.7629340362392],[-95.4605114237272,29.7630171659379],[-95.4603289119615,29.7630724588799],[-95.4600591835602,29.7630912770779],[-95.4598542948588,29.7630599187332],[-95.4596509866955,29.7629830403658],[-95.4593566427133,29.7629379264918],[-95.4591942216834,29.7629367976669],[-95.459126816999,29.7629532690634],[-95.4589301586921,29.7630013242604],[-95.4587533766879,29.7630377828521],[-95.4585741137485,29.76314568222],[-95.4582978859267,29.7634351603396],[-95.458135551901,29.7636820883713],[-95.4580353359991,29.7639572366433],[-95.4580576995181,29.7641156232332],[-95.4580661868444,29.7641757327845],[-95.4582042654454,29.7644560871487],[-95.458165761843,29.7644825062238],[-95.4574665947739,29.7648921608153],[-95.4566795678269,29.7653474085026],[-95.4565028109906,29.7654500066261],[-95.4553653654773,29.7662398016925],[-95.4553679353323,29.7663057464182],[-95.4553968988075,29.7669107683175],[-95.4554688239998,29.767974592175],[-95.4555616411321,29.7716143273743],[-95.4555243786667,29.7732270977371],[-95.4555237667313,29.7734550113713],[-95.4553935053412,29.7753858683323],[-95.4551994778553,29.7753949098174],[-95.4509338545884,29.7754314750576],[-95.4481999700944,29.7754634554956],[-95.4482202286006,29.7768739688637],[-95.4482268640881,29.7773359734118],[-95.4482287497308,29.7780523461639],[-95.4468595691178,29.7780635046032],[-95.4468573711583,29.7785617166759],[-95.4467561759976,29.7785624861282],[-95.4465913477937,29.7785623016967],[-95.4464730734024,29.7785625625183],[-95.4463198211345,29.7785628994578],[-95.4462255122007,29.7785631065285],[-95.4460718720158,29.7785634443173],[-95.4459539855429,29.778563703381],[-95.4458007346176,29.7785640397628],[-95.4456706709838,29.778564325597],[-95.4455527847068,29.7785645841452],[-95.4454702229299,29.778564066817],[-95.4453520332391,29.7785633267267],[-95.4452461831877,29.7785626641231],[-95.445170239913,29.7785677420674],[-95.4450732292389,29.7785695797497],[-95.4449762004799,29.7785704671047],[-95.4449115121427,29.7785705301691],[-95.4448468244679,29.7785701710593],[-95.4447498032196,29.7785688381604],[-95.444652804894,29.7785665550144],[-95.4445558422275,29.7785633207837],[-95.4444266363871,29.7785575303474],[-95.4443304799801,29.778552029884],[-95.4442040851927,29.7785443113188],[-95.4440776676851,29.7785368638999],[-95.4439512299382,29.7785296881968],[-95.4438563885375,29.7785244847486],[-95.4437615360421,29.7785194340852],[-95.4436666732324,29.7785145358915],[-95.4435401739648,29.7785082424542],[-95.4434447139896,29.7785037932376],[-95.443348123368,29.7784993920324],[-95.4432515500253,29.778494710783],[-95.4431228147169,29.7784880328441],[-95.4430262869249,29.7784826972336],[-95.4429297789267,29.7784770813098],[-95.4428332928088,29.7784711859678],[-95.4427368301578,29.7784650099062],[-95.4426082510095,29.7784563398397],[-95.4425439780561,29.7784518182179],[-95.4423805137938,29.7784450800058],[-95.4422172079233,29.7784358653934],[-95.4420541107965,29.778424177061],[-95.4420215213916,29.7784215439832],[-95.4419889412694,29.7784188103896],[-95.4419563728367,29.7784159790306],[-95.441793711717,29.7784003412994],[-95.441592202042,29.7783782326787],[-95.4415675233229,29.7783755243916],[-95.4415352352573,29.778371990223],[-95.4415029458929,29.7783684657518],[-95.4414706560692,29.778364948985],[-95.441438364189,29.7783614415595],[-95.4414060712375,29.7783579428298],[-95.4413737767831,29.7783544541278],[-95.4413414812805,29.7783509734504],[-95.441309184893,29.7783475016417],[-95.4412768856798,29.7783440391538],[-95.4412445868984,29.7783405864093],[-95.4412122863056,29.7783371415011],[-95.4411799844316,29.7783337057868],[-95.4411476806932,29.7783302794191],[-95.4411153773986,29.7783268624589],[-95.4410830713249,29.7783234534775],[-95.4410507641504,29.7783200540308],[-95.4410184562891,29.7783166632898],[-95.4405122191179,29.7782650550945],[-95.4379633066043,29.7781276282297],[-95.4370660519353,29.7780374007128],[-95.434340686273,29.7777594838362],[-95.4328521369486,29.7776064729765],[-95.432048209024,29.7773916449723],[-95.4317497765703,29.7773118962633],[-95.430186136692,29.7771355794928],[-95.4301556227109,29.7771282406497],[-95.4301250858648,29.7771209722226],[-95.4300945265211,29.7771137747251],[-95.430063945816,29.777106648691],[-95.4300333435746,29.7770995936121],[-95.4300027199716,29.7770926099966],[-95.429972075042,29.7770856968381],[-95.4299414084938,29.7770788569833],[-95.4299107212076,29.7770720872652],[-95.4298800139176,29.7770653887109],[-95.4298492863958,29.7770587623218],[-95.4298185379029,29.7770522072387],[-95.4297877701573,29.777045723843],[-95.4297569827803,29.7770393119569],[-95.4297261757661,29.777032971748],[-95.4296953487006,29.777026704045],[-95.4296645026159,29.7770205068602],[-95.4296336383968,29.7770143824001],[-95.4296027556826,29.7770083299836],[-95.4295718543159,29.7770023485988],[-95.4295409338707,29.7769964394098],[-95.4295099970221,29.7769906029918],[-95.4294790418877,29.776984838119],[-95.4294480684676,29.7769791447914],[-95.4294170780668,29.7769735242193],[-95.4293198890476,29.7768545953217],[-95.4287998734958,29.7763644010489],[-95.4287470584812,29.7763146145731],[-95.4292100767106,29.7757519361771],[-95.4293330326455,29.7755942518435],[-95.4294186215978,29.7754844881401],[-95.4294187575398,29.7754845693433],[-95.4295072038646,29.7753724724977],[-95.4295067388614,29.7753722401276],[-95.4296880367715,29.7751402990414],[-95.4314472851288,29.7729612444807],[-95.4305077684615,29.772381984265],[-95.4303858949345,29.7723079559101],[-95.4299593551317,29.7720488618391],[-95.4289092094838,29.7714274368832],[-95.4281469554444,29.7709544842988],[-95.4280320817449,29.7708832093364],[-95.4272276693228,29.7703912161336],[-95.4267057146323,29.7700719742073],[-95.4272601215676,29.7699034747174],[-95.4274413979788,29.7698483790672],[-95.427440960236,29.769777521837],[-95.4274082569523,29.763971488824],[-95.4274072929875,29.7636434748976],[-95.427382948336,29.7633696202096],[-95.4273832304381,29.7631405244806],[-95.427383084801,29.76311266665],[-95.4273799609134,29.7630849416729],[-95.427373886833,29.7630575926134],[-95.4273649139155,29.7630308567755],[-95.4273531215621,29.7630049675086],[-95.4273386130836,29.762980151411],[-95.4273215138945,29.7629566249229],[-95.4273019742646,29.7629345927205],[-95.4272801630133,29.7629142463727],[-95.4272562727203,29.7628957639762],[-95.4272329823401,29.7628741496411],[-95.4272214746062,29.7628616655396],[-95.427211671974,29.7628510319293],[-95.4271924684267,29.7628265490669],[-95.4271754872776,29.762800846537],[-95.4271608276366,29.7627740784519],[-95.4271485788458,29.7627464030292],[-95.4271388122989,29.7627179853967],[-95.4271315874417,29.7626889965767],[-95.4271269464264,29.7626596067942],[-95.4271249173134,29.7626299929519],[-95.4271257795584,29.7624950193695],[-95.4271266934488,29.7624723835471],[-95.4271289777672,29.7624498223837],[-95.4271326270811,29.762427397531],[-95.4271376289538,29.7624051728049],[-95.4271439714038,29.7623832100181],[-95.4271516370834,29.7623615703367],[-95.4271606022873,29.7623403150928],[-95.4271708443897,29.7623195022887],[-95.4271823324086,29.7622991922233],[-95.4271950366856,29.7622794403602],[-95.4272006664881,29.7622696308106],[-95.4272103658163,29.7622527308033],[-95.4272251097574,29.7622257710502],[-95.427239262172,29.7621985716793],[-95.4272528192588,29.7621711423291],[-95.4272657733998,29.7621434916966],[-95.4272781220747,29.7621156313018],[-95.4272898614999,29.7620875702797],[-95.4273009845639,29.7620593193562],[-95.4273114899471,29.7620308887395],[-95.4273213709346,29.7620022888301],[-95.427331627905,29.7619748673693],[-95.4273406652265,29.7619471217032],[-95.4273484712692,29.7619190926635],[-95.4273550345431,29.7618908225971],[-95.4273603447823,29.7618623518684],[-95.4273643940791,29.761833724935],[-95.4273671773477,29.761804982635],[-95.4273686892334,29.7617761679827],[-95.4273689274347,29.7617473247451],[-95.4273678931873,29.7617184946008],[-95.4273697732567,29.7610527278938],[-95.4273688140954,29.7610241334979],[-95.4273654160926,29.7609956809617],[-95.4273595985847,29.760967527139],[-95.4273513937435,29.7609398305694],[-95.4273408460659,29.7609127440754],[-95.4273280172506,29.7608864184194],[-95.4273129745439,29.7608609998094],[-95.4272958038622,29.7608366289061],[-95.4272766018681,29.7608134417866],[-95.4272554716117,29.7607915679815],[-95.4272325340161,29.7607711267505],[-95.4272074071565,29.7598460900373],[-95.4272255291347,29.7598634447075],[-95.4273299723555,29.7600273726373],[-95.4273390475015,29.7600470877486],[-95.4273490990375,29.7600664391369],[-95.4273601068604,29.7600853908335],[-95.4273720487879,29.7601039058071],[-95.4273849040634,29.7601219502546],[-95.4273986471824,29.7601394885673],[-95.4274132519222,29.7601564891475],[-95.4275373279844,29.760342874758],[-95.4275465260535,29.7603603237841],[-95.4275569755549,29.7603772273341],[-95.4275686334432,29.7603935175938],[-95.4275953816778,29.7604240013837],[-95.4276103645685,29.7604380703022],[-95.4276263419188,29.7604512816036],[-95.4276432467127,29.7604635814442],[-95.4276610131574,29.760474919539],[-95.4276795677613,29.7604852511074],[-95.4277033147057,29.7605041197232],[-95.4277283986114,29.7605216219673],[-95.4277547165343,29.7605376857412],[-95.4278106139704,29.7605652426421],[-95.4278399647618,29.7605766225338],[-95.4278700922953,29.7605863381613],[-95.4279008689864,29.760594350523],[-95.4279321720676,29.7606006259511],[-95.4279638704197,29.760605138448],[-95.4279958360782,29.7606078708325],[-95.4280279363293,29.7606088096589],[-95.4280600403258,29.760607954126],[-95.4280920139106,29.7606053045201],[-95.4281237278639,29.7606008740213],[-95.4281469471789,29.7606016701235],[-95.4281701016783,29.7606033664217],[-95.4281931482918,29.7606059617675],[-95.4282160389569,29.7606094491705],[-95.4282387281167,29.760613821539],[-95.4282611728887,29.7606190723566],[-95.4282833261734,29.7606251891166],[-95.4283051462434,29.760632159792],[-95.4283265894955,29.760639970962],[-95.4283476121928,29.7606486075234],[-95.4285933985017,29.7606912705161],[-95.4287842399913,29.7607317064928],[-95.4288476465452,29.7607389204265],[-95.4288796102312,29.7607399845426],[-95.4289115879243,29.760739345589],[-95.4289434613737,29.7607370057881],[-95.4289751126352,29.7607329750947],[-95.4290064232574,29.7607272669771],[-95.429037276237,29.7607199030025],[-95.4292065316301,29.7606429092008],[-95.429374613072,29.7604428286799],[-95.4294045198329,29.7602773982621],[-95.4293917912998,29.760221813137],[-95.4293808100503,29.7601951026611],[-95.4293668827451,29.7601694609462],[-95.4293501434388,29.7601451325366],[-95.4293307517511,29.7601223519104],[-95.4287184198878,29.7596855106082],[-95.428583070641,29.759491173766],[-95.4285232042083,29.7592384898801],[-95.4285446841797,29.7589353956629],[-95.428863096761,29.7584996587391],[-95.4290957907826,29.7583577861375],[-95.429401249735,29.7582918900163],[-95.4300634645306,29.7583728182741],[-95.430469880464,29.7584684437447],[-95.4308643541315,29.7586358886075],[-95.4309910639174,29.7587248407873],[-95.4310330085258,29.7587542865079],[-95.4312475255902,29.7589245293023],[-95.4313140990014,29.758996820116],[-95.432103372167,29.7598558067068],[-95.4323354208336,29.7600018347636],[-95.4326295082558,29.7601159771981],[-95.4329747246101,29.7601783244773],[-95.433151093794,29.7601809034982],[-95.4333436908751,29.7601837179297],[-95.4334501035103,29.7601479508645],[-95.4335640156733,29.7600636574655],[-95.4335958900181,29.7600108288604],[-95.4336271448817,29.7599590274153],[-95.4336340870298,29.7597605126256],[-95.4335962680061,29.7597054960835],[-95.4335561014855,29.759647064252],[-95.4334331693725,29.7595330513915],[-95.4333599248339,29.759429220382],[-95.4333044548606,29.7592733411316],[-95.4331909547845,29.7587238001512],[-95.4330911715754,29.7585907869107],[-95.4330872838194,29.7585445222582],[-95.4330793931624,29.7584506243167],[-95.4334297402451,29.7578891660049],[-95.4336127677461,29.7577155895663],[-95.4339271022761,29.7575201956479],[-95.4344483032039,29.7578175635277],[-95.4344803117113,29.7578355013307],[-95.4352253382214,29.7579634487141],[-95.435378567187,29.7579897626405],[-95.4358212494647,29.7581268354508],[-95.4359881336513,29.7582190581409],[-95.436069779873,29.7582641773107],[-95.4360702736118,29.7582644502233],[-95.4361846405274,29.7582915399646],[-95.4363125181851,29.7583873109819],[-95.4364991427187,29.7585270807597],[-95.4366887370839,29.7586428637118],[-95.4368349110591,29.7587144609393],[-95.4368945351347,29.7587329504573],[-95.4370139013376,29.7587709815792],[-95.4371626611938,29.7588199966134],[-95.4373575253783,29.7589285375476],[-95.4378952310376,29.7592539613382],[-95.4381774294668,29.7594801927276],[-95.4382388993219,29.7595017026268],[-95.4383887938848,29.7595541546147],[-95.438583378623,29.7595479366856],[-95.438762033585,29.7594786489928],[-95.4389419697909,29.7593311475934],[-95.4391045433497,29.758953891475],[-95.4391157264005,29.758799785946],[-95.4390330677733,29.7586330613496],[-95.4389154416574,29.7585331161167],[-95.4388557894443,29.7584202758666],[-95.4387807407368,29.758278314049],[-95.4386563446632,29.7582269144518],[-95.4382295494184,29.7577802018526],[-95.4382235733502,29.7577722903987],[-95.4380291439422,29.757514868685],[-95.4379876288938,29.7574599010629],[-95.4379736571019,29.7573823278937],[-95.4379864149571,29.7573173817682],[-95.4380140202056,29.7570157443328],[-95.4383216103972,29.7568885047636],[-95.4384386530238,29.7568989336919],[-95.4386353853607,29.7569164626075],[-95.4387480729835,29.7569915974771],[-95.4388636589405,29.7570238842496],[-95.4389304338557,29.7570425364036],[-95.4390159714037,29.7570664293665],[-95.4391092999588,29.7570782464382],[-95.4392207076335,29.7570923524419],[-95.4393069534782,29.7571032725112],[-95.4395773281563,29.7570864124299],[-95.4397246744718,29.7570301178895],[-95.4398963335845,29.7569645338814],[-95.4399667788034,29.7569178276758],[-95.4400440738665,29.7568665796905],[-95.4401238604698,29.7567623892753],[-95.4401284063212,29.7566321534825],[-95.4401048202119,29.7565391376428],[-95.440101543033,29.7563213684014],[-95.4401213267073,29.7560662434519],[-95.440169875031,29.7559219897035],[-95.4401815067063,29.7559065448325],[-95.4402801431699,29.7557755793697],[-95.4403461156701,29.7557228534278],[-95.4404211435369,29.7556628903117],[-95.4405386563162,29.7556110607712],[-95.440595707663,29.7555858982299],[-95.4409055380888,29.7554150483304],[-95.4409110710221,29.7554098802994],[-95.4410412266373,29.7552882958807],[-95.441114128675,29.7551111506609],[-95.4411536977408,29.7550786639705],[-95.4411839857444,29.755021251139],[-95.4411647229084,29.7549289830293],[-95.4412172538077,29.754857607402],[-95.4412640822412,29.7546171220722],[-95.441356625914,29.7544797315833],[-95.4413693478668,29.7544269141023],[-95.4413491339275,29.7543827143435],[-95.4413529790611,29.7543681769198],[-95.4413691853006,29.7543069069377],[-95.4413808798464,29.7542626930166],[-95.4415746644986,29.7540421895096],[-95.4417560566483,29.7538815890385],[-95.4420500171031,29.7537568779432],[-95.4424674553322,29.7535797805856],[-95.4426460042263,29.7535040312647],[-95.4427125820598,29.7535028774849],[-95.4427613810833,29.7535020320124],[-95.442908783403,29.7535591018447],[-95.4431945944115,29.7537647570507],[-95.4435032011923,29.7539406423921],[-95.4436650925819,29.7540189775963],[-95.4439004955759,29.7540688900236],[-95.4443425775248,29.7540565782763],[-95.4445226983654,29.7540904686701],[-95.4445960125684,29.7540677356602],[-95.4448769566727,29.7540802536947],[-95.4449872499765,29.7540404191336],[-95.4450385375896,29.7540218947206],[-95.4453917412669,29.7540211428754],[-95.4455127606984,29.7539995758673],[-95.4456019058574,29.7539836886031],[-95.4457266411592,29.7539247701853],[-95.4458150000041,29.753883032877],[-95.4461576649149,29.7538725075146],[-95.4462385879896,29.7539227468943],[-95.4462405069304,29.7540341703302],[-95.4463031825394,29.7541086051159],[-95.4464023585393,29.7542801933172],[-95.4464404986145,29.7544552239509],[-95.4464492539333,29.7546826317154],[-95.446466144864,29.754788813104],[-95.4464855438132,29.7549107686973],[-95.4465224883009,29.7549743957314],[-95.446508932144,29.7550512371719],[-95.4465734938896,29.755154830919],[-95.4467363969655,29.7552458450983],[-95.4467404976357,29.7552946795994],[-95.4467945720827,29.7553245892706],[-95.4468978310605,29.7553374533603],[-95.4469743439026,29.7553685907078],[-95.4470444644294,29.7554375279998],[-95.447113380236,29.7554785891824],[-95.4472030063179,29.7554664114576],[-95.4474025741707,29.7555875065655],[-95.4476470016069,29.7556908067783],[-95.4479436547329,29.7558771214561],[-95.4479360087637,29.7559300740169],[-95.4481376883201,29.7560322395469],[-95.4487759547309,29.756191095686],[-95.4500723075893,29.7561860339848],[-95.4504695776236,29.7562737622386],[-95.4508454120927,29.7564564738324],[-95.4510045863505,29.7565923131112],[-95.4511953929102,29.7568194796819],[-95.4513253161734,29.756920539256],[-95.4514269991118,29.7569996340304],[-95.4515733360064,29.7570459077109],[-95.4517614474802,29.7571059437662],[-95.4519322454694,29.7571412511289],[-95.4520681965465,29.7571693550349],[-95.4522143595649,29.7571995701435],[-95.4524491145157,29.7572684339182],[-95.4528216482946,29.7573168989531],[-95.4529299386562,29.7573739223258],[-95.4530823098639,29.7574541569292],[-95.4531018840492,29.757662866189],[-95.453030803076,29.7578299403299],[-95.452987697269,29.7578892871765],[-95.4528274258045,29.758109946408],[-95.452726237852,29.7583293785265],[-95.4527305983638,29.7583727523168],[-95.4527467128297,29.758533048894],[-95.4527938064112,29.7585969426739],[-95.4528435085448,29.7587526609238],[-95.4529443724613,29.7588761961165],[-95.4531335693825,29.75898308507],[-95.4532444117905,29.7590607761279],[-95.453326849707,29.7591185586153],[-95.4534989867999,29.7592050339634],[-95.4537124700754,29.7593122787057],[-95.4540965103836,29.7595306336534],[-95.4546294945501,29.7597622016698],[-95.4546872394294,29.7598118223657],[-95.4547530663842,29.7598376106093],[-95.4549301936121,29.7598328066342],[-95.4550451978177,29.7598845633532],[-95.4561346583836,29.7599175267296],[-95.4563928781616,29.7597951566509]]]},"properties":{"FID":53,"OBJECTID":53,"Address":"6501  Memorial Drive","GlobalID":"{6A1F7F8A-DE9E-42AC-BF0C-FA3C3070EF51}","Shapearea":65340967.27904186,"Shapelen":40740.19060706599,"ParkID":"A70100","Name":"MEMORIAL PARK","CityMuni":"Houston","County":"Harris","State":"TX","StreetNum":"6501","StreetName":"Memorial","StreetType":"Drive","Zip":"77007","Park_Acres":1500.02820578,"AcreSource":"GIS Value","Editor":"JDegelia","Park_Type":"Regional Park, Signature Park, Golf Course","Latitude":13843533.36955724,"Longitude":3097020.41020914,"Shape__Area":8085406.15234375,"Shape__Length":14327.20356775296}},{"type":"Feature","id":108,"geometry":{"type":"Polygon","coordinates":[[[-95.4097324461263,29.759365533317],[-95.4098201558206,29.7595164531652],[-95.4088848434326,29.7598628159298],[-95.4088130940706,29.759728831037],[-95.4097324461263,29.759365533317]]]},"properties":{"FID":108,"OBJECTID":108,"Address":"900  Kirby","GlobalID":"{D19162AA-D91F-4CEF-AE24-FA5E1D9BD0EF}","Shapearea":18505.043548281817,"Shapelen":757.9024529690712,"ParkID":"D10700","Name":"KIRBY PARK","CityMuni":"Houston","County":"Harris","State":"TX","StreetNum":"900","StreetName":"Kirby","StreetType":"Drive","Zip":"77019","Park_Acres":0.42481904,"AcreSource":"GIS Value","Editor":"JDegelia","Park_Type":"Neighborhood Park","Latitude":13841226.49240575,"Longitude":3107576.32862043,"Shape__Area":2289.5234375,"Shape__Length":266.26490755966137}},{"type":"Feature","id":115,"geometry":{"type":"Polygon","coordinates":[[[-95.4082219251428,29.7587913627448],[-95.4082222025821,29.7588205049098],[-95.4082226049278,29.7588496470643],[-95.4082231347386,29.7588787875975],[-95.4082237906628,29.7589079266411],[-95.4082245735286,29.758937062538],[-95.4082254811856,29.7589661962383],[-95.4082265159945,29.7589953262936],[-95.4082276775592,29.7590244530294],[-95.4082289647612,29.759053575408],[-95.4082288505741,29.7590806397314],[-95.4082286618986,29.7591077042408],[-95.4082284003317,29.7591347672999],[-95.4082280629306,29.7591618305091],[-95.4082276511177,29.7591888917236],[-95.4082271663485,29.7592159533331],[-95.4082266052328,29.7592430132318],[-95.4082259715807,29.7592700725294],[-95.4082252629457,29.7592971296488],[-95.4082244787449,29.7593241847425],[-95.4082208810162,29.7593527090053],[-95.408216299798,29.7593811244532],[-95.4082107399659,29.7594094073713],[-95.408204205517,29.7594375316701],[-95.4081967027736,29.7594654708186],[-95.4081882387683,29.7594931999841],[-95.4081788216808,29.7595206945328],[-95.4081684585792,29.7595479286252],[-95.4081571593622,29.7595748780093],[-95.4081449356356,29.7596015191504],[-95.408128128648,29.7596266354145],[-95.4081098133872,29.7596509359295],[-95.4080900421272,29.759674351735],[-95.4080688695961,29.7596968152797],[-95.4080463574637,29.7597182640684],[-95.4080225675461,29.7597386369528],[-95.4079975694246,29.7597578763517],[-95.4079714320385,29.7597759265136],[-95.4079442308447,29.7597927379076],[-95.4079160426225,29.7598082617092],[-95.4078869483732,29.7598224549174],[-95.4078570277106,29.759835275669],[-95.4078263688453,29.7598466893844],[-95.4077970251432,29.7598560347366],[-95.4077646592581,29.7598647724448],[-95.4077345712174,29.7598765959017],[-95.4077057377743,29.7598875517257],[-95.4076760363119,29.7598982674797],[-95.4076465312,29.7599083424785],[-95.4076168137705,29.7599179318452],[-95.407586896034,29.7599270333827],[-95.4075567868029,29.759935642793],[-95.4075264986936,29.759943757056],[-95.4074960404301,29.7599513743901],[-95.4074654237155,29.7599584904071],[-95.4074346601336,29.759965104074],[-95.4074037590149,29.7599712127861],[-95.4073727316303,29.759976813487],[-95.4073415895585,29.7599819053115],[-95.4073103425022,29.7599864860008],[-95.4072790038121,29.7599905535619],[-95.4072475817626,29.7599941080485],[-95.4072160895709,29.7599971457848],[-95.4071845372241,29.7599996673743],[-95.4071529363126,29.7600016716164],[-95.4071212976521,29.7600031574577],[-95.4070896323714,29.7600041258682],[-95.4070579519103,29.7600045744678],[-95.4070262676133,29.7600045035607],[-95.4069945909826,29.7600039144629],[-95.4069629318661,29.760002806263],[-95.4069307959238,29.7600035149956],[-95.4068986513757,29.7600037959492],[-95.4068665052211,29.7600036471284],[-95.4068343658854,29.7600030697665],[-95.4068022403677,29.7600020618682],[-95.4067701362591,29.7600006264919],[-95.4067380610943,29.7599987628321],[-95.4067060226007,29.7599964700884],[-95.4066740279906,29.7599937511411],[-95.4066702204165,29.7598694765116],[-95.4070017759919,29.7598563569043],[-95.4069710247208,29.7592970177597],[-95.4078387092577,29.7592817633536],[-95.407821478727,29.7587860662812],[-95.4082219251428,29.7587913627448]]]},"properties":{"FID":115,"OBJECTID":115,"Address":"911  S Shepherd","GlobalID":"{67BE1D25-9C71-4942-84F7-0D66BFA9AF1C}","Shapearea":111238.22502637836,"Shapelen":1746.8498196771327,"ParkID":"D20100","Name":"AUTRY PARK","CityMuni":"Houston","County":"Harris","State":"TX","StreetNum":"911","StreetName":"S Shepherd","StreetType":"Drive","Zip":"77019","Park_Acres":2.55368848,"AcreSource":"GIS Value","Editor":"JDegelia","Park_Type":"Neighborhood Park","Latitude":13841200.82762198,"Longitude":3108124.37932775,"Shape__Area":13762.85546875,"Shape__Length":614.3118370092293}},{"type":"Feature","id":166,"geometry":{"type":"MultiPolygon","coordinates":[[[[-95.370316694581,29.7629967279042],[-95.3701069646819,29.7628369908155],[-95.3701478527495,29.7627795577503],[-95.3701824750494,29.7627989817957],[-95.3702152121086,29.7627721391569],[-95.3706219084666,29.7622593660995],[-95.370770582421,29.7620507959958],[-95.3702780250514,29.7617016142519],[-95.3703186947113,29.7616503361558],[-95.3701983940175,29.7615577251391],[-95.3702757648326,29.7614673872255],[-95.370034506391,29.7613006335281],[-95.370074957441,29.7612555140475],[-95.3701406728217,29.76129426728],[-95.3702307559144,29.7613429243289],[-95.3703031989128,29.7613911036495],[-95.3703865552494,29.7614303339395],[-95.3704983535606,29.7614641737982],[-95.3706204072727,29.7615075347609],[-95.370728896629,29.7615351223457],[-95.370862411137,29.7615541431845],[-95.3709959243069,29.7615731650282],[-95.3711120174475,29.7615855535286],[-95.3712144368492,29.7615852445438],[-95.3713025270129,29.7615907127451],[-95.3713945816889,29.7615839611621],[-95.3714829992723,29.7615801923363],[-95.3715433004479,29.7615725824715],[-95.3716110988089,29.7615528500176],[-95.3716752586706,29.7615361018284],[-95.3717400749096,29.761500882856],[-95.3717813148873,29.7615328099151],[-95.3718322627056,29.7615896496145],[-95.3718747317156,29.7616863158934],[-95.3717912908689,29.7617487580515],[-95.3716939565083,29.7618046647001],[-95.3715932020656,29.7618573961861],[-95.3714847355684,29.7619284054419],[-95.3713859320929,29.7619847735238],[-95.371235199383,29.7620813639128],[-95.3711344313832,29.7621536032161],[-95.3710608693287,29.7622201538169],[-95.3709573437879,29.7623008864966],[-95.3708505290363,29.7624050914747],[-95.3707965877026,29.7624721726615],[-95.3707427229901,29.762537114486],[-95.3707015015004,29.7625916892938],[-95.3705648893149,29.7627743390538],[-95.3705130204267,29.7628521862004],[-95.3704538235022,29.7629141710277],[-95.3704063162506,29.7629591015007],[-95.370316694581,29.7629967279042]]],[[[-95.3737752946286,29.7611619040643],[-95.3736590233248,29.761114871043],[-95.3735625786004,29.7610956137381],[-95.373387969533,29.7610389588913],[-95.3734520041566,29.7608883211288],[-95.3735201357141,29.760728237776],[-95.3736285555162,29.7607281152262],[-95.3737337359242,29.7607494495616],[-95.3738274564882,29.7607951206267],[-95.3739520538227,29.7608662769691],[-95.374041919343,29.7609210874794],[-95.3741119414199,29.760962173264],[-95.3740884658136,29.761002456321],[-95.3740679907848,29.7610275710442],[-95.3737752946286,29.7611619040643]]],[[[-95.3739006286853,29.7602709133049],[-95.3740437049379,29.7602648593587],[-95.3742097353539,29.7602631898118],[-95.3744569058612,29.7602637158464],[-95.3744284943978,29.7603517836198],[-95.3743866656953,29.7604550725537],[-95.3743561999362,29.7605314280154],[-95.3743039214051,29.7606359473692],[-95.3742338835405,29.7607520919069],[-95.3741638057662,29.7607229559294],[-95.3741026090036,29.7606880071058],[-95.37404016067,29.7606394032542],[-95.3739748931686,29.7605725638693],[-95.3739326898139,29.7604912144304],[-95.3739054359492,29.7604284305897],[-95.3739011918312,29.7603526486221],[-95.3739006286853,29.7602709133049]]],[[[-95.3720978506701,29.7616158776804],[-95.3719817857979,29.7614201771944],[-95.3721299011961,29.7613429010629],[-95.3722345110056,29.7612810308147],[-95.3723321729797,29.7612158890659],[-95.3724337998163,29.7611385315331],[-95.3725529584997,29.7610647300125],[-95.3726763010988,29.7609725554761],[-95.372774290041,29.7608981801873],[-95.3724610042133,29.761465866404],[-95.3720978506701,29.7616158776804]]],[[[-95.3754072217911,29.7604841952634],[-95.3747958306795,29.7607037373311],[-95.3748563213341,29.760561064439],[-95.3749073258594,29.7604176336181],[-95.374952038058,29.7602524627223],[-95.3754120294576,29.7602512717664],[-95.3754072217911,29.7604841952634]]],[[[-95.3752603367379,29.7612159475953],[-95.3751891221304,29.7612325068074],[-95.3750576313052,29.7612435140932],[-95.3749757594862,29.7612534056487],[-95.3748866894043,29.7612706695759],[-95.3746680006416,29.761289274028],[-95.3744620689328,29.7613206753058],[-95.3746019726647,29.7610828795143],[-95.3746540110074,29.7610827737488],[-95.3746889350186,29.7610761524778],[-95.3747379371614,29.7610638579488],[-95.374797442946,29.7610488206747],[-95.3748534832125,29.7610336907937],[-95.3749147221546,29.7610187008612],[-95.3749619372869,29.7610078717753],[-95.3750355203221,29.7609871617714],[-95.3750860932451,29.760979450042],[-95.375138346425,29.7609732967773],[-95.3751815590221,29.7609774923177],[-95.3752275382856,29.7610014362637],[-95.3752329790292,29.7610923833288],[-95.3752603367379,29.7612159475953]]],[[[-95.3741595445138,29.7608903773433],[-95.3741002266743,29.7608702865691],[-95.3740421117037,29.7608163346044],[-95.3739838881284,29.7607654613169],[-95.3739103351653,29.7607297175795],[-95.3738125880733,29.760698318778],[-95.3737008172446,29.7606710806482],[-95.3735591042704,29.7606566516985],[-95.3737253488382,29.7602737360323],[-95.3738353655471,29.7602746273358],[-95.373849283725,29.7603797619208],[-95.373867716173,29.7604572887373],[-95.373907207601,29.7605384662374],[-95.373971172735,29.7606264679461],[-95.374025322187,29.7606926361922],[-95.3741322790659,29.7607633150112],[-95.3742196020889,29.7607903270197],[-95.3741595445138,29.7608903773433]]],[[[-95.3746166687701,29.7607669898238],[-95.3745155760099,29.7607809013133],[-95.374456392399,29.7607868661451],[-95.3743800954737,29.7607863156193],[-95.3744437392938,29.7606548638465],[-95.3744983429204,29.7605337608351],[-95.3745493727187,29.7604155885084],[-95.3746000670467,29.7602580592434],[-95.3748141222454,29.7602579747912],[-95.3746166687701,29.7607669898238]]],[[[-95.3746683565999,29.7609811722753],[-95.3747557351692,29.7608079140691],[-95.374791997967,29.7607811650639],[-95.3749673812504,29.7607150443443],[-95.3751822277003,29.760631504286],[-95.3752209256255,29.7606356320969],[-95.3752443076923,29.7606732376092],[-95.375245430248,29.7607410530319],[-95.3752431333167,29.7608056938057],[-95.3752174525355,29.7608327291886],[-95.3749677647387,29.7609030023544],[-95.3747282215561,29.7609858729071],[-95.3747034180143,29.7609882843271],[-95.3746683565999,29.7609811722753]]],[[[-95.3732335077917,29.7610132106479],[-95.3731348349085,29.7610074584385],[-95.3730324919425,29.7610283001252],[-95.3729204637946,29.7610570479191],[-95.373093171542,29.7607363552818],[-95.3732085154988,29.7607229093489],[-95.3733820405013,29.7607091185928],[-95.3732335077917,29.7610132106479]]],[[[-95.3700302588634,29.7631407447211],[-95.3696837314522,29.7627803575985],[-95.3697511730439,29.7627269693473],[-95.3698750232217,29.7628032860943],[-95.3699900504918,29.762873446601],[-95.3701527174356,29.7630020840092],[-95.3702028975481,29.763052741063],[-95.3700302588634,29.7631407447211]]],[[[-95.3734165269454,29.7606330258087],[-95.3731473112669,29.7606565498085],[-95.3733023531037,29.7603680408804],[-95.3735514936244,29.7603131606949],[-95.3734165269454,29.7606330258087]]],[[[-95.3743021576585,29.7613199278863],[-95.3741695918697,29.7612921275002],[-95.3740666991975,29.7612590769772],[-95.3741872742514,29.7611037244681],[-95.3742398604024,29.7610231418572],[-95.3744532913337,29.7610708680589],[-95.3743737141235,29.7612098772023],[-95.3743021576585,29.7613199278863]]],[[[-95.3719669245307,29.7616558428054],[-95.3719310728077,29.7615716823037],[-95.3718638000524,29.7614774272695],[-95.3719213397258,29.7614481746466],[-95.3720209378397,29.7616264948292],[-95.3719669245307,29.7616558428054]]],[[[-95.3744957083604,29.7609982845126],[-95.3743140872601,29.7609842902888],[-95.3744660349931,29.7609109951311],[-95.3745403408027,29.760906844331],[-95.3744957083604,29.7609982845126]]],[[[-95.3739216975861,29.7612136207617],[-95.3738375755054,29.7611959386116],[-95.374010306909,29.761105098739],[-95.3739216975861,29.7612136207617]]]]},"properties":{"FID":166,"OBJECTID":166,"Address":"0 Sabine Street @ Sesquicentennial Park","GlobalID":"{FAC9B982-A098-44D1-B373-9EC9A51DD13E}","Shapearea":294001.88253790204,"Shapelen":9284.403676650381,"ParkID":"A40200","Name":"LINEAR PARK","CityMuni":"Houston","County":"Harris","State":"TX","StreetNum":"0","StreetName":"Sabine @ Sesquicentennial Park","StreetType":"Street","Zip":"77002","Park_Acres":6.74938151,"AcreSource":"GIS Value","Editor":"JDegelia","Park_Type":"Linear Park/Greenway","Latitude":13842207.5824405,"Longitude":3119173.80055505,"Shape__Area":36376.41015625,"Shape__Length":3265.014576525449}},{"type":"Feature","id":172,"geometry":{"type":"MultiPolygon","coordinates":[[[[-95.3658591278021,29.7643468737256],[-95.3657425027122,29.7644424912377],[-95.3656900447588,29.7644817436977],[-95.3656533187819,29.7645156115012],[-95.3656055721969,29.7645472438467],[-95.365544794233,29.764570774532],[-95.3654909454948,29.7645867459402],[-95.3654368906676,29.764608522383],[-95.3653765268889,29.764620443104],[-95.3653175831505,29.764627216194],[-95.3652520861149,29.7646330333233],[-95.3650954736245,29.7646306834108],[-95.3649869651186,29.7646220453623],[-95.3648855200708,29.7645984058845],[-95.3647734075733,29.7645687804824],[-95.3646807270775,29.7645434813629],[-95.3645260085285,29.7644880161321],[-95.3645009304333,29.7644588539769],[-95.3644821551389,29.7644257356465],[-95.3644860740083,29.7642040096323],[-95.364484949707,29.7641604580442],[-95.3645201641811,29.764102399467],[-95.3648119636659,29.7637311247422],[-95.3658591278021,29.7643468737256]]],[[[-95.3699277795832,29.7631878789241],[-95.3698513791912,29.7632211460966],[-95.369516281293,29.7633702405812],[-95.3694536671863,29.7633954670196],[-95.3693707573402,29.763394904469],[-95.36930916059,29.7633915517169],[-95.3692572673914,29.7633894747978],[-95.3691035064569,29.7633682195066],[-95.3689807254633,29.7633326134239],[-95.3688258705973,29.7632809468117],[-95.3687357700179,29.7632443264826],[-95.3686537579078,29.7632250154827],[-95.36854939617,29.7632221872636],[-95.3683952304295,29.7632123127469],[-95.3681318143784,29.7632146677776],[-95.3678885486068,29.7630789541605],[-95.3678738701189,29.7630633661968],[-95.3678549093361,29.7630457637303],[-95.367849131656,29.7630247195653],[-95.3678565980236,29.7629983381049],[-95.3678681447675,29.7629796634687],[-95.3679249990566,29.7629109493335],[-95.3680657945358,29.7629907177145],[-95.3688575386239,29.7630026806651],[-95.3691773227918,29.7631898346492],[-95.3695185741574,29.7627737469798],[-95.3699277795832,29.7631878789241]]],[[[-95.3664596735516,29.7647018615689],[-95.3663866630073,29.7648574818902],[-95.3663299538649,29.7649831646968],[-95.3662301213713,29.7652197067074],[-95.3660635827194,29.7651905061173],[-95.3654267116757,29.7650460124854],[-95.3654343158377,29.7650158397183],[-95.3650695741428,29.7649299933755],[-95.3652089956126,29.764926181049],[-95.365265660028,29.7649239196965],[-95.3653822469685,29.7648891059372],[-95.3654859223675,29.7648501443553],[-95.3657559783205,29.7647226535095],[-95.3658739152254,29.7646498988561],[-95.3659426562161,29.7645530259664],[-95.3659419692234,29.7645112338983],[-95.3659213765394,29.7644783961386],[-95.3659141651496,29.764436425953],[-95.3659655237494,29.7643998433726],[-95.3664596735516,29.7647018615689]]],[[[-95.3674916835648,29.7630397140689],[-95.3674459715405,29.7631011363769],[-95.3673782944491,29.7631070870249],[-95.3673236006876,29.7631150979456],[-95.367264424455,29.7631267853521],[-95.3671784824424,29.7631567357228],[-95.3670998749382,29.7631640978949],[-95.3670102584524,29.7631749599095],[-95.3669141208703,29.7631856443883],[-95.3668459783984,29.7632046855767],[-95.3668213857803,29.7632230062436],[-95.3667768221168,29.7632521788306],[-95.3667521624989,29.763272396095],[-95.3666523637473,29.7633247552355],[-95.36637907821,29.7632375953692],[-95.36637744446,29.7632223604631],[-95.3663322584008,29.7632078439858],[-95.3663269522798,29.7631735218687],[-95.3664112493564,29.763067575249],[-95.3663174772629,29.7630118662458],[-95.3666857769501,29.7625699371057],[-95.3668988732218,29.7626972386251],[-95.3673000525992,29.7629207806124],[-95.3674916835648,29.7630397140689]]],[[[-95.3667601644617,29.7635442559622],[-95.3670371781185,29.7635801356594],[-95.3670562730168,29.7635939443521],[-95.3670622555689,29.7636092973162],[-95.367063821321,29.7636264282881],[-95.3670633483582,29.7636397081427],[-95.3670539759362,29.7636584416614],[-95.3669244505567,29.7638732921212],[-95.3667424307657,29.7642177377437],[-95.3665766416196,29.7645341402751],[-95.3664078492256,29.7644460170158],[-95.3661244904996,29.7642750353678],[-95.3661511216008,29.7642605662847],[-95.3661976582587,29.7642371445264],[-95.3662373343221,29.7642230303525],[-95.3662812255377,29.7642128266511],[-95.3663165514671,29.7641985956662],[-95.3663699511825,29.764165864465],[-95.3664104382777,29.7641289862494],[-95.3664397166713,29.764101297225],[-95.3664858355082,29.764028495051],[-95.3665166679435,29.7639571769576],[-95.3665506209216,29.7638593587868],[-95.3666028464444,29.7637373528302],[-95.3666734898522,29.7636481255372],[-95.3667601644617,29.7635442559622]]],[[[-95.3688774568264,29.7636659038653],[-95.3688124250943,29.7637025398532],[-95.3685628449548,29.7636667233414],[-95.368346326408,29.7636376127044],[-95.3681210741445,29.7636043917405],[-95.3679267327845,29.7635758809953],[-95.3675336160847,29.763518739629],[-95.3675094964474,29.7635103379289],[-95.3675036003346,29.7634995497649],[-95.3675018319111,29.7634881080795],[-95.3675020031385,29.763471398344],[-95.3677253862057,29.7631830461986],[-95.3679841375541,29.7633353269554],[-95.3681409947663,29.7634189900626],[-95.3681737791744,29.7634334366323],[-95.3683077564204,29.763473869034],[-95.3686474537964,29.763597351819],[-95.3688774568264,29.7636659038653]]],[[[-95.3664964393443,29.763469313902],[-95.3664668473442,29.7635228976706],[-95.366441378042,29.7635658795836],[-95.3664160425331,29.7636050670915],[-95.3663902341823,29.7636575334448],[-95.3663871149548,29.763684032206],[-95.3663396305612,29.7637340135171],[-95.3662733232208,29.7637625956479],[-95.3662324996571,29.7638089595182],[-95.3659520942446,29.7641659250393],[-95.3657794304704,29.7640644037813],[-95.3658576105084,29.7639468988581],[-95.366045087849,29.7636937468087],[-95.3662530885752,29.7633833033633],[-95.3664964393443,29.763469313902]]],[[[-95.3673049565431,29.763272004032],[-95.3671930826183,29.7634189758252],[-95.3671685128495,29.7634327587513],[-95.3670839533519,29.7634228394625],[-95.3669932716877,29.7634094862558],[-95.366897639824,29.7633949090883],[-95.3669201467122,29.7633830938135],[-95.36694765553,29.7633439656422],[-95.3673049565431,29.763272004032]]]]},"properties":{"FID":172,"OBJECTID":172,"Address":"400  Texas Avenue","GlobalID":"{326DDF69-9ADE-44AC-9191-AB7B0526A99D}","Shapearea":355891.8971561636,"Shapelen":7976.277640688684,"ParkID":"A52000","Name":"SESQUICENTENNIAL PARK","CityMuni":"Houston","County":"Harris","State":"TX","StreetNum":"400","StreetName":"Texas","StreetType":"Avenue","Zip":"77002","Park_Acres":8.17018643,"AcreSource":"GIS Value","Editor":"JDegelia","Park_Type":"Neighborhood Park, Plaza or Square","Latitude":13843177.62563528,"Longitude":3121051.26496749,"Shape__Area":44036.1328125,"Shape__Length":2803.8493238857823}},{"type":"Feature","id":312,"geometry":{"type":"Polygon","coordinates":[[[-95.3783978569645,29.7581106173885],[-95.3776793179597,29.7581087401693],[-95.3776792326325,29.7580674897202],[-95.377513768259,29.758067711458],[-95.3775132804247,29.7578339592308],[-95.3777740591099,29.7578337535385],[-95.3780093686809,29.7578341977657],[-95.3781677076829,29.7578494231773],[-95.3783964094515,29.7579232548277],[-95.3783978569645,29.7581106173885]]]},"properties":{"FID":312,"OBJECTID":312,"Address":"1706  W Dallas Street","GlobalID":"{32678D70-001F-40A4-ABD2-886E7197D979}","Shapearea":25773.80011086785,"Shapelen":733.932964330322,"ParkID":"D11500","Name":"WEST DALLAS GREENSPACE","CityMuni":"Houston","County":"Harris","State":"TX","StreetNum":"1706","StreetName":"W Dallas","StreetType":"Street","Zip":"77019","Park_Acres":0.5916874,"AcreSource":"Survey","Editor":"JDegelia","Park_Type":"Community Park","Latitude":13840937.40143263,"Longitude":3117545.09087731,"Shape__Area":3188.73828125,"Shape__Length":257.817135105183}},{"type":"Feature","id":314,"geometry":{"type":"Polygon","coordinates":[[[-95.3922881962166,29.7682699457685],[-95.392292174585,29.768032942093],[-95.3924045021439,29.7676249054504],[-95.3924886294657,29.7676244261432],[-95.3924944117119,29.7682695758937],[-95.3922881962166,29.7682699457685]]]},"properties":{"FID":314,"OBJECTID":314,"Address":"800  Studemont Street","GlobalID":"{2C6A3896-EC9B-424F-82B9-8D06B4D5216C}","Shapearea":12243.166359278866,"Shapelen":565.5089060763297,"ParkID":"A11200","Name":"STUDEMONT SPACEWAY","CityMuni":"Houston","County":"Harris","State":"TX","StreetNum":"800","StreetName":"Studemont","StreetType":"Street","Zip":"77007","Park_Acres":0.28106555,"AcreSource":"GIS Value","Editor":"JDegelia","Park_Type":"CSTs/Spaceway","Latitude":13844436.0063644,"Longitude":3112847.64216807,"Shape__Area":1515.02734375,"Shape__Length":199.25644802313826}},{"type":"Feature","id":325,"geometry":{"type":"Polygon","coordinates":[[[-95.4272360569618,29.7732968820213],[-95.4271462340315,29.773412242156],[-95.4268563874384,29.7730798593675],[-95.4272360569618,29.7732968820213]]]},"properties":{"FID":325,"OBJECTID":325,"Address":"6415  Taggart Street/Minola","GlobalID":"{1F63F8AB-AD5D-4023-92C7-9CAF49E1A911}","Shapearea":3650.686881145682,"Shapelen":346.5762081440324,"ParkID":"A11100","Name":"NAEEM CHOUDHRI (JETALL) PARK","CityMuni":"Houston","County":"Harris","State":"TX","StreetNum":"6415","StreetName":"Taggart/Minola","StreetType":"Street","Zip":"77007","Park_Acres":0.08380857,"AcreSource":"GIS Value","Editor":"JDegelia","Park_Type":"CSTs/Spaceway","Latitude":13846014.72882081,"Longitude":3101793.54477948,"Shape__Area":451.80078125,"Shape__Length":121.924802119905}},{"type":"Feature","id":342,"geometry":{"type":"Polygon","coordinates":[[[-95.3864220954689,29.7793559208701],[-95.3863335049257,29.7794777487007],[-95.3862054748314,29.7796502838897],[-95.3862052481646,29.7796534593111],[-95.3860480222421,29.7796510328442],[-95.3858900110039,29.7796485932438],[-95.3857327277804,29.7796461650294],[-95.3855804948775,29.7796438154011],[-95.3855489281615,29.779643867522],[-95.3854141488843,29.7796409880749],[-95.385414090036,29.7796413178066],[-95.3853578178791,29.7796402535282],[-95.3853561227121,29.7797520286729],[-95.3853491090932,29.7799892402808],[-95.3853420181561,29.7802290724623],[-95.3853374724882,29.7803985167344],[-95.3853323739527,29.7805885187489],[-95.3853290090845,29.7807139457466],[-95.3831714698914,29.7806129056381],[-95.3831401503275,29.7806039710708],[-95.3831092027057,29.7805940967415],[-95.3830786664261,29.7805832953005],[-95.3830485751187,29.7805715792428],[-95.3830189673368,29.780558963379],[-95.3829898760801,29.7805454616982],[-95.3829613380695,29.7805310918166],[-95.3829333858428,29.7805158698938],[-95.3829060530614,29.7804998129598],[-95.3828793730279,29.7804829427364],[-95.382853378966,29.7804652777531],[-95.3828280987753,29.7804468400898],[-95.382803564285,29.7804276495818],[-95.382779804995,29.7804077320466],[-95.3827568497543,29.7803871099258],[-95.3824945681509,29.7801346113331],[-95.3821780054811,29.77974087928],[-95.3821584794291,29.7797184412963],[-95.3821381338929,29.7796965628855],[-95.3821169934669,29.7796752670452],[-95.3820950779789,29.7796545754691],[-95.3820724105146,29.7796345102747],[-95.3820490148076,29.7796150915817],[-95.382024914417,29.7795963390015],[-95.3820001345615,29.7795782742052],[-95.3819747018038,29.7795609135269],[-95.3819486420524,29.7795442754657],[-95.381921980831,29.7795283785108],[-95.3818947472439,29.7795132378889],[-95.3818669701733,29.7794988696609],[-95.3818386770285,29.7794852880006],[-95.3818098980675,29.7794725081662],[-95.3817806613597,29.7794605419983],[-95.381750999116,29.7794494039685],[-95.3817209414059,29.7794391037883],[-95.3816905186125,29.7794296531929],[-95.38165976369,29.7794210619721],[-95.3816287070016,29.7794133369906],[-95.3815973818326,29.7794064895585],[-95.3815658203779,29.7794005237355],[-95.381534055255,29.7793954479585],[-95.3815021196321,29.779391265978],[-95.381470046083,29.7793879820317],[-95.3814378680952,29.7793856017258],[-95.3814056181988,29.7793841250988],[-95.381373331755,29.7793835537771],[-95.3813410396483,29.7793838907778],[-95.3813087778031,29.7793851327049],[-95.3812765777403,29.779387280913],[-95.3812444731125,29.7793903309373],[-95.3812124982399,29.7793942811859],[-95.381180686192,29.7793991273458],[-95.3811490685714,29.7794048630499],[-95.3811176800042,29.7794114835236],[-95.3811718191053,29.7789847606796],[-95.3812424831174,29.7784277367738],[-95.3816074979374,29.7783442816365],[-95.3816365998384,29.7783444982497],[-95.3816366870085,29.7783445479585],[-95.3820925383813,29.7783453002145],[-95.3821411479283,29.7783392162739],[-95.3823890589345,29.7783081851799],[-95.3824195801895,29.7783013060772],[-95.3827805730603,29.7782064619375],[-95.3828245704126,29.7782777891814],[-95.3831182492346,29.7784647951434],[-95.3832641111801,29.7784016596365],[-95.3833124965117,29.7782441306772],[-95.383401906583,29.7781161857716],[-95.3835257550759,29.7780397944472],[-95.3837173200876,29.7779766166716],[-95.3839031466527,29.7779525268909],[-95.3841042200865,29.7779507330841],[-95.3843435955255,29.7779485886008],[-95.3845319357428,29.7779150643164],[-95.3845798332274,29.7779144602211],[-95.3846705365559,29.7778726137666],[-95.3847386908279,29.7777713030749],[-95.3846817463101,29.7775655434016],[-95.3846764401227,29.7775203144981],[-95.3847723544891,29.7773874615434],[-95.3849681825414,29.7773756495489],[-95.3861508176509,29.777301905618],[-95.3865260827614,29.7772792594098],[-95.3868969089362,29.7775628027883],[-95.3870356665277,29.7779612058135],[-95.3870367548146,29.7781332220449],[-95.3870353178493,29.7781836708905],[-95.3868930295372,29.7784252515239],[-95.3870550500243,29.7784813439309],[-95.3870297518696,29.7785509430004],[-95.3870058456121,29.7786209174562],[-95.3869833441545,29.7786912454803],[-95.386947345517,29.7788152003198],[-95.3869327533779,29.7788866787572],[-95.3869195966344,29.7789583648232],[-95.3869078764547,29.7790302419245],[-95.3868862482365,29.7791945518094],[-95.3866173644643,29.7790832542572],[-95.3864220954689,29.7793559208701]]]},"properties":{"FID":342,"OBJECTID":342,"Address":"1030  Stude Street","GlobalID":"{0C4BB0A9-8103-47B8-A9B7-08715C80F04B}","Shapearea":1459421.5731828853,"Shapelen":5668.0061687682355,"ParkID":"A30400","Name":"STUDE PARK","CityMuni":"Houston","County":"Harris","State":"TX","StreetNum":"1030","StreetName":"Stude","StreetType":"Street","Zip":"77007","Park_Acres":33.50384323,"AcreSource":"GIS Value","Editor":"JDegelia","Park_Type":"Community Park, Community Center","Latitude":13848513.98900023,"Longitude":3115282.90841297,"Shape__Area":180634.1484375,"Shape__Length":1993.0544589859812}},{"type":"Feature","id":343,"geometry":{"type":"Polygon","coordinates":[[[-95.3729234893869,29.7808677564501],[-95.3729039148667,29.7808439814176],[-95.3728854941196,29.7808210750584],[-95.3728673538955,29.7807979997971],[-95.3728494958598,29.7807747575258],[-95.3728319218454,29.7807513508135],[-95.3728146336625,29.7807277828997],[-95.3727976337337,29.7807040560332],[-95.3727809244806,29.7806801724627],[-95.3727645057608,29.7806561362146],[-95.3727483819673,29.7806319482476],[-95.3727325535333,29.7806076126038],[-95.372717022521,29.7805831308504],[-95.3727017897305,29.7805585075433],[-95.3726868585636,29.7805337444538],[-95.3726722299104,29.7805088436214],[-95.3726579057426,29.7804838091296],[-95.3726438858144,29.7804586424834],[-95.3726301744055,29.7804333478288],[-95.3726167722134,29.7804079271999],[-95.3726156254955,29.7803801178536],[-95.3726143367486,29.7803523128914],[-95.3726129063042,29.7803245138336],[-95.3726113326534,29.7802967197997],[-95.3726096161633,29.7802689313034],[-95.3726077574897,29.7802411515531],[-95.3726057570891,29.7802133785461],[-95.3726036141625,29.7801856131001],[-95.3726013288368,29.780157857066],[-95.3725989011119,29.7801301104437],[-95.3725986674184,29.7800196650955],[-95.3729351887057,29.7790868005405],[-95.3733555487023,29.7792549188217],[-95.3744154941812,29.7798937428766],[-95.3751077478456,29.780310952295],[-95.3751313747933,29.7803306144184],[-95.3751555352109,29.7803497771095],[-95.3751802136863,29.7803684298758],[-95.3752053980827,29.7803865621452],[-95.3752310712627,29.7804041632103],[-95.3752572216425,29.7804212231857],[-95.37528383265,29.7804377317153],[-95.375310888801,29.7804536803196],[-95.3753383744909,29.7804690585006],[-95.3753662742117,29.78048385845],[-95.375394572864,29.7804980716986],[-95.3754232534372,29.7805116893898],[-95.3754522990294,29.7805247050209],[-95.3754816939701,29.7805371099396],[-95.3755114210082,29.780548896626],[-95.3755414624193,29.7805600600667],[-95.3755718019376,29.7805705920969],[-95.3756024212495,29.7805804880232],[-95.3756333051777,29.7805897415572],[-95.3756644321687,29.7805983470783],[-95.3756957873348,29.7806063009931],[-95.3757363804127,29.7806108868984],[-95.3757586038114,29.7806150348147],[-95.3757809024967,29.7806188463907],[-95.3758257158352,29.7806254409422],[-95.3758482195316,29.7806282234536],[-95.3758810665387,29.7806316666814],[-95.3758730003196,29.7806795721855],[-95.3758681624644,29.7807039363432],[-95.3758628342204,29.7807282162069],[-95.3758570150057,29.7807524173023],[-95.375850719035,29.780776524229],[-95.3758439515359,29.7808005361202],[-95.3758366878677,29.780824431319],[-95.3758120627749,29.7808954249909],[-95.3758378957126,29.7809002862867],[-95.3758638183742,29.7809047516815],[-95.3758898293776,29.7809088221451],[-95.3759159175918,29.780912496705],[-95.3759420755042,29.7809157754939],[-95.3759682981066,29.7809186531704],[-95.3759945721469,29.7809211288726],[-95.3760208910874,29.7809232077971],[-95.3760472441491,29.7809248790733],[-95.3760736297845,29.7809261537423],[-95.3761000412736,29.7809270312866],[-95.3761264616775,29.7809275008368],[-95.3761528844765,29.7809275670864],[-95.376179308151,29.7809272348642],[-95.3762057214794,29.7809265003404],[-95.3762321170144,29.7809253618023],[-95.3762584841709,29.7809238137579],[-95.3762848152502,29.7809218778296],[-95.376311104682,29.78091953741],[-95.3763373389859,29.7809167926384],[-95.3763635254787,29.7809136542922],[-95.3763896385804,29.7809101163059],[-95.3764156781162,29.7809061781713],[-95.3764416319298,29.7809018461087],[-95.3764932630617,29.7808920023646],[-95.3765189220856,29.7808864908602],[-95.3765698934325,29.7808743027914],[-95.3766203386698,29.7808605701634],[-95.3766453595756,29.7808531285295],[-95.3766702191702,29.7808453127553],[-95.3767194483738,29.7808285394789],[-95.3767520988479,29.7808164442884],[-95.3769974855778,29.7807057687094],[-95.3770015119173,29.7806260564255],[-95.3770069203909,29.7805190005409],[-95.3771899276341,29.7804458109367],[-95.3771901834866,29.7808411229507],[-95.3776366141117,29.7806663405625],[-95.3778636892609,29.7802776072887],[-95.3781355068341,29.78026498592],[-95.3781312641691,29.7798010358006],[-95.3782933460198,29.7796791735945],[-95.3783152486206,29.7802516515289],[-95.3788366121163,29.7802323910805],[-95.3790622454943,29.7800271322528],[-95.3794332009906,29.779876422994],[-95.3795004186904,29.7797402919459],[-95.3795617311611,29.7792800003816],[-95.3792229985523,29.7792354147314],[-95.3792255367593,29.7791188051299],[-95.3793684736078,29.7790302358066],[-95.379982927408,29.7787486905186],[-95.3799851964106,29.7787480876562],[-95.3803102323896,29.7787684938578],[-95.3804853924914,29.7787998033163],[-95.380583895043,29.7789062440902],[-95.3806792815065,29.7788962141821],[-95.3808997187403,29.7788730339679],[-95.3808343523042,29.7794068597753],[-95.3808023855452,29.7794081233194],[-95.3807704651877,29.7794100863478],[-95.3807386116163,29.7794127494113],[-95.3807068447879,29.7794161088506],[-95.3806751845814,29.7794201631877],[-95.3806584056727,29.7794226887453],[-95.3806436518736,29.7794249099635],[-95.3806122648781,29.7794303458078],[-95.3805810440812,29.7794364684192],[-95.3805500098657,29.7794432729746],[-95.3805191822237,29.7794507548086],[-95.3804885782458,29.7794589096807],[-95.3804582202255,29.7794677331554],[-95.3804281239961,29.7794772184397],[-95.3803983110947,29.7794873607417],[-95.3803688004669,29.779498152345],[-95.3803396088777,29.7795095873213],[-95.3803107556397,29.7795216584679],[-95.380282259681,29.7795343585714],[-95.3802541384505,29.7795476786997],[-95.3802264088322,29.779561609569],[-95.3801991989673,29.7795770804205],[-95.3801724010506,29.7795930880034],[-95.3801460271342,29.7796096235755],[-95.3801200934246,29.7796266806899],[-95.3800946113178,29.779644247396],[-95.3800695941652,29.7796623163299],[-95.3800450557565,29.7796808786285],[-95.3800210092008,29.7796999228912],[-95.3799974657641,29.7797194408583],[-95.3799744395112,29.779739421323],[-95.3799519396463,29.7797598544586],[-95.379929979033,29.7797807303693],[-95.3799085702216,29.7798020371357],[-95.3798877244112,29.7798237629699],[-95.3798674513583,29.7798458987316],[-95.3798477607947,29.7798684305784],[-95.3798286646167,29.7798913487559],[-95.3798101715585,29.7799146404023],[-95.3797968043544,29.7799410891557],[-95.3797828283247,29.7799672976157],[-95.3797682460194,29.7799932535925],[-95.3797530637931,29.7800189461745],[-95.3797372900679,29.7800443658491],[-95.3797209290353,29.7800695029898],[-95.3797039886598,29.7800943447131],[-95.3796864750142,29.7801188826187],[-95.3796683965213,29.7801431071939],[-95.3796497601183,29.7801670073751],[-95.3796305721359,29.7801905729215],[-95.3796108417365,29.7802137951803],[-95.3795905765493,29.7802366652893],[-95.379570244373,29.7802587379492],[-95.3795488415887,29.7802800271905],[-95.3795264079326,29.7803004927762],[-95.3795029859356,29.7803200970636],[-95.3794786175106,29.780338803569],[-95.3794533492894,29.7803565784549],[-95.37942722601,29.780373386993],[-95.3794002989931,29.7803891988311],[-95.3793726162006,29.7804039860453],[-95.3793442289234,29.7804177191222],[-95.3793151898125,29.780430373623],[-95.3792855539955,29.7804419258476],[-95.379218334775,29.7804690960151],[-95.3784433421391,29.7807823399523],[-95.3770620705753,29.7813453389501],[-95.3763141603933,29.7816591257856],[-95.3762843385575,29.7816703885359],[-95.3762542180022,29.7816810267438],[-95.3762238150377,29.7816910364842],[-95.3761931476025,29.7817004113567],[-95.3761622316633,29.7817091462514],[-95.3761310874251,29.781717236005],[-95.3760997306805,29.7817246749987],[-95.3760681780592,29.7817314611634],[-95.376036450703,29.7817375900327],[-95.3760045647779,29.781743056334],[-95.3759725387949,29.7817478592244],[-95.3759403896708,29.7817519939555],[-95.3759081368664,29.7817554600458],[-95.375875798976,29.7817582543037],[-95.3758433945107,29.7817603758862],[-95.3758109404726,29.7817618230699],[-95.3757784567249,29.7817625948807],[-95.3757459601742,29.7817626922795],[-95.3757134701487,29.7817621131018],[-95.3756910818872,29.7817612485659],[-95.3756608998711,29.7817598545397],[-95.3756284167142,29.7817577116254],[-95.3755959981146,29.7817549276252],[-95.375563659002,29.7817515049582],[-95.3755314182005,29.7817474448053],[-95.3754992896845,29.7817427493914],[-95.3754672920678,29.7817374203956],[-95.3754354403769,29.7817314629263],[-95.3754037517171,29.7817248777821],[-95.3753722417339,29.7817176689125],[-95.3753409258984,29.7817098397588],[-95.3753086044622,29.7817045337051],[-95.3752762330636,29.7816994635728],[-95.3752438135717,29.7816946309238],[-95.3752113494661,29.7816900353484],[-95.3751788418583,29.781685678052],[-95.3751462928938,29.7816815582531],[-95.3751137063711,29.7816776773978],[-95.3750810836717,29.7816740345159],[-95.3750484259434,29.7816706298062],[-95.3750157383249,29.7816674649192],[-95.3749830208043,29.7816645401903],[-95.3749502757664,29.7816618535011],[-95.3748217939134,29.7816561766107],[-95.3747896527441,29.7816556892642],[-95.3747575073617,29.7816556345436],[-95.3747253643646,29.7816560109478],[-95.3746932319742,29.7816568200427],[-95.3746611169749,29.7816580605005],[-95.374629028808,29.781659732073],[-95.3745969734229,29.7816618352567],[-95.3745649599118,29.7816643687866],[-95.3745329936772,29.7816673323048],[-95.3745010842079,29.781670724221],[-95.3744692376099,29.7816745460438],[-95.3744374636182,29.781678794678],[-95.3744050537179,29.7816819567443],[-95.3743750754585,29.7816844870157],[-95.3743450299353,29.7816863155417],[-95.3743149407131,29.7816874401051],[-95.3742848260987,29.7816878601935],[-95.3742547099401,29.7816875764521],[-95.3742246140296,29.7816865877911],[-95.3741945579427,29.7816848959155],[-95.3741645655691,29.7816825002963],[-95.3741346579632,29.7816794043577],[-95.3739978231699,29.7816602944278],[-95.3739656743968,29.7816522998445],[-95.373933863551,29.7816433338713],[-95.3739024306327,29.7816334085059],[-95.3738714118847,29.7816225331252],[-95.3738408458118,29.781610723885],[-95.3738107699016,29.7815979930507],[-95.3737812207413,29.7815843565581],[-95.3737522323525,29.7815698321207],[-95.3737238421031,29.7815544353597],[-95.373696082573,29.7815381866363],[-95.373668989094,29.7815211047071],[-95.3736425934638,29.7815032102482],[-95.3736156816168,29.7814862883866],[-95.3735891822278,29.7814688762498],[-95.3735631082039,29.7814509844309],[-95.3735374697626,29.7814326179086],[-95.3735122786447,29.7814137875802],[-95.3734875465831,29.7813944991372],[-95.3734632847468,29.7813747632933],[-95.3734395021229,29.7813545871771],[-95.3734162091588,29.7813339801396],[-95.3733934182315,29.7813129514159],[-95.373371137685,29.7812915099645],[-95.3733493781593,29.7812696651414],[-95.3733449183884,29.7812672035601],[-95.373340479651,29.7812647134965],[-95.3733360629921,29.7812621926279],[-95.3733316687544,29.781259642139],[-95.3733272975389,29.7812570613744],[-95.3733229488953,29.781254452169],[-95.3733186247944,29.7812518132329],[-95.3733143228808,29.7812491458456],[-95.3733100454862,29.7812464493987],[-95.3733041666052,29.7812436787166],[-95.3732808546771,29.7812244617429],[-95.373257778018,29.7812050276206],[-95.3732349393338,29.7811853814607],[-95.3732123414491,29.7811655250193],[-95.3731899868227,29.7811454595384],[-95.3731678774386,29.7811251887661],[-95.3731460169092,29.781104713976],[-95.3731244063286,29.781084036877],[-95.3731030495806,29.7810631619404],[-95.3730819476026,29.7810420898633],[-95.3730611036162,29.7810208220765],[-95.3730405208806,29.7809993643778],[-95.3730202002181,29.7809777152784],[-95.3730001435599,29.7809558800362],[-95.3729803547459,29.7809338589232],[-95.3729608353338,29.7809116568517],[-95.3729234893869,29.7808677564501]]]},"properties":{"FID":343,"OBJECTID":343,"Address":"1513  White Oak Blvd","GlobalID":"{529D76E2-ADF7-4E6F-BE73-7E390D77190A}","Shapearea":1015156.6717877846,"Shapelen":7844.285442041959,"ParkID":"A60200","Name":"WHITE OAK PARKWAY","CityMuni":"Houston","County":"Harris","State":"TX","StreetNum":"1513","StreetName":"White Oak","StreetType":"Boulevard","Zip":"77009","Park_Acres":23.30488366,"AcreSource":"GIS Value","Editor":"JDegelia","Park_Type":"Linear Park/Greenway","Latitude":13849141.47764982,"Longitude":3117958.14408731,"Shape__Area":125650.71484375,"Shape__Length":2758.291082723791}},{"type":"Feature","id":355,"geometry":{"type":"MultiPolygon","coordinates":[[[[-95.4026813092011,29.7634225230366],[-95.4026487348469,29.7634215175716],[-95.4018665114376,29.7634285753353],[-95.4017781879961,29.7628378156175],[-95.401896129376,29.7627729790727],[-95.4020644968409,29.7626979321392],[-95.4027123401859,29.7624041524673],[-95.4027419346246,29.7624143768577],[-95.4027718252869,29.7624247373214],[-95.4028017008953,29.7624351264254],[-95.4028315646886,29.7624455450963],[-95.4028614149662,29.7624559924488],[-95.4028912515297,29.7624664686455],[-95.4029210751305,29.7624769742104],[-95.4029508846745,29.7624875074349],[-95.4029806821935,29.7624980707244],[-95.4030104656435,29.7625086620089],[-95.4030402353738,29.7625192823056],[-95.4030699915706,29.7625299317873],[-95.4030997340772,29.7625406094421],[-95.4031294622517,29.7625513171001],[-95.4031591782921,29.7625620524693],[-95.4031888798318,29.7625728171654],[-95.4032185678676,29.7625836102078],[-95.4032482423703,29.7625944324352],[-95.4032779018131,29.7626052834708],[-95.4033080482362,29.7626167230546],[-95.4033380680442,29.7626284131379],[-95.4033679583886,29.7626403526364],[-95.403397718355,29.7626525401825],[-95.4034273436044,29.7626649733088],[-95.4034568308443,29.7626776525986],[-95.4034861789979,29.7626905758401],[-95.4035153853616,29.7627037432967],[-95.4035444464125,29.7627171511795],[-95.4035733603608,29.76273080112],[-95.4036021232634,29.7627446903254],[-95.4036307332449,29.7627588174021],[-95.4036591874152,29.7627731824406],[-95.4036874843369,29.7627877825478],[-95.4037156203681,29.7628026172899],[-95.403743593273,29.7628176845921],[-95.4037714001495,29.7628329848803],[-95.403799039421,29.7628485137462],[-95.4038265071707,29.7628642730999],[-95.4038536776182,29.7628805223708],[-95.4038806746276,29.7628969909952],[-95.4039074950123,29.7629136765368],[-95.4039341386162,29.7629305779837],[-95.403960600685,29.7629476936973],[-95.4039868810743,29.7629650223304],[-95.4040129755889,29.7629825627628],[-95.4040388831525,29.7630003127829],[-95.4040646028565,29.7630182708548],[-95.4040901297552,29.7630364353349],[-95.4041154623336,29.7630548055107],[-95.4041406008317,29.7630733800453],[-95.4041655401289,29.7630921567865],[-95.4041902791716,29.7631111328513],[-95.404214815851,29.7631303080151],[-95.404239148658,29.7631496813981],[-95.4042632754041,29.7631692495831],[-95.4042871934205,29.7631890118269],[-95.4043109010477,29.7632089660699],[-95.4043343944876,29.7632291108669],[-95.4046120067476,29.7634808246715],[-95.404622886245,29.7638927003398],[-95.4038653635161,29.7639031970055],[-95.4038445857224,29.763896199086],[-95.4038239354734,29.7638889191112],[-95.4038034185023,29.7638813582426],[-95.4037830381584,29.7638735197609],[-95.4037628011301,29.763865405021],[-95.4037427121656,29.7638570158296],[-95.4037227758624,29.7638483528141],[-95.4037029959239,29.7638394201041],[-95.4036833788354,29.7638302193852],[-95.4036356805602,29.7638073556725],[-95.4036077680579,29.7637934338944],[-95.4035802031147,29.7637789948213],[-95.4035529992114,29.7637640436849],[-95.4035261667974,29.7637485898339],[-95.4034997211133,29.7637326377079],[-95.4034736715079,29.7637161951145],[-95.4034480313553,29.7636992703057],[-95.4034228115246,29.7636818716337],[-95.4033980250826,29.7636640051591],[-95.4033736816909,29.7636456807132],[-95.4033722831163,29.7636447610575],[-95.4033476522246,29.7636285644099],[-95.4033211106836,29.7636120573637],[-95.4032940767047,29.7635961703449],[-95.4032665689513,29.7635809144334],[-95.4032386066103,29.7635663022348],[-95.40321020925,29.7635523409912],[-95.4031813989301,29.7635390437207],[-95.4031521932959,29.763526417614],[-95.4031226137679,29.763514471978],[-95.4030926807752,29.7635032169325],[-95.4030624164567,29.7634926577735],[-95.403031841289,29.7634828032791],[-95.4030009777367,29.763473660433],[-95.4029698463821,29.7634652349934],[-95.402938469912,29.7634575331108],[-95.4029068707963,29.7634505616014],[-95.4028750693223,29.7634443236964],[-95.4028430911251,29.7634388237784],[-95.4028109554654,29.7634340668981],[-95.4027786864933,29.7634300558871],[-95.4027463075905,29.7634267935558],[-95.4027138412123,29.7634242816825],[-95.4026813092011,29.7634225230366]]],[[[-95.4007706271806,29.7632846537062],[-95.4016526957678,29.7628894982996],[-95.4016645456772,29.7630444108233],[-95.4016887193342,29.7631195262965],[-95.4017092578077,29.763228587213],[-95.401718176582,29.7633905266455],[-95.4017223126183,29.7635294608484],[-95.4017360337493,29.7638452541414],[-95.401052753237,29.7638588201737],[-95.4010600614123,29.7642148556844],[-95.4010622732296,29.7642845143961],[-95.4010615361875,29.7644392589879],[-95.4001488672876,29.7644572973479],[-95.4002708724289,29.7642478128341],[-95.4003084320131,29.7641509502096],[-95.4003482768298,29.7640584038838],[-95.4003986539699,29.76387465461],[-95.4004755703683,29.7636299157957],[-95.4005428891534,29.7635189584147],[-95.4006231073802,29.763416106202],[-95.4007706271806,29.7632846537062]]]]},"properties":{"FID":355,"OBJECTID":355,"Address":"4100 Memorial Drive","GlobalID":"{80053338-D299-419D-83D1-94AD0BE3F795}","Shapearea":432464.7981290952,"Shapelen":4208.859920520361,"ParkID":"A20100","Name":"CLEVELAND PARK","CityMuni":"Houston","County":"Harris","State":"TX","StreetNum":"4100","StreetName":"Memorial","StreetType":"Drive","Zip":"77007","Park_Acres":9.92806538,"AcreSource":"GIS Value","Editor":"JDegelia","Park_Type":"Neighborhood Park","Latitude":13842657.9614897,"Longitude":3109719.22308068,"Shape__Area":53510.3359375,"Shape__Length":1479.8757870284408}},{"type":"Feature","id":364,"geometry":{"type":"Polygon","coordinates":[[[-95.37450643787,29.7733309237845],[-95.3746640400095,29.7733295076459],[-95.3746672867498,29.7736044931324],[-95.374509684186,29.7736059092748],[-95.37450643787,29.7733309237845]]]},"properties":{"FID":364,"OBJECTID":364,"Address":"1620 Crockett Street","GlobalID":"{0665E827-8BC7-4E10-88DB-D809DB4A7E51}","Shapearea":5000.011908986872,"Shapelen":300.0003572646742,"ParkID":"A12100","Name":"CROCKETT STREET GREENSPACE","CityMuni":"Houston","County":"Harris","State":"TX","StreetNum":"1620","StreetName":"Crockett","StreetType":"Street","Zip":" ","Park_Acres":0.11478494,"AcreSource":"GIS Value","Editor":"JDegelia","Park_Type":" ","Latitude":13846601.54059408,"Longitude":3118436.04801987,"Shape__Area":618.7890625,"Shape__Length":105.62719802649829}},{"type":"Feature","id":365,"geometry":{"type":"MultiPolygon","coordinates":[[[[-95.3811258189955,29.7630566461433],[-95.3810736641458,29.763069088897],[-95.3812891822514,29.7629851179434],[-95.3812943632559,29.7629831008723],[-95.3811690594078,29.7627309158491],[-95.3808952186549,29.7628318763088],[-95.3806311885147,29.762925446212],[-95.3803642633721,29.7630125398021],[-95.3800946518679,29.7630930890012],[-95.3798225647439,29.7631670308461],[-95.3795482146785,29.7632343075393],[-95.3792718161204,29.7632948664924],[-95.3789935851206,29.7633486603681],[-95.3789703849421,29.7632390281823],[-95.3789083948187,29.7632490143389],[-95.3788004856579,29.7632690114703],[-95.3784896954529,29.7633147981183],[-95.3784004348085,29.7633285851111],[-95.3781973440572,29.763352113844],[-95.3776333039958,29.7634054394913],[-95.3773824565944,29.7634277897646],[-95.377210071559,29.7634437635709],[-95.3770867149205,29.7634503303412],[-95.3771023905698,29.7634244323815],[-95.3768561660471,29.763425281356],[-95.3768546650189,29.763260561242],[-95.3765602053739,29.7631577937888],[-95.376552527444,29.7630742417411],[-95.3764066226761,29.7630043451309],[-95.3756615862095,29.7630132374744],[-95.3756591916957,29.7627664058048],[-95.3756549887986,29.7626256338234],[-95.375645116045,29.7624850777886],[-95.3756295856654,29.7623449114895],[-95.375608416885,29.7622053082326],[-95.3755415851667,29.7618171831223],[-95.3755364852646,29.761817766304],[-95.375531344558,29.7618176179947],[-95.3755262999493,29.7618167421438],[-95.3755214857824,29.7618151620764],[-95.3755170302638,29.7618129198714],[-95.3755130520489,29.7618100752411],[-95.3755096570821,29.7618067039413],[-95.3755069357748,29.7618028957533],[-95.3755049605983,29.7617987520935],[-95.3755037841539,29.7617943833121],[-95.3753686990452,29.7610098655785],[-95.3753679968292,29.7610003149184],[-95.3753691562546,29.7609907982415],[-95.3753721439076,29.7609815898064],[-95.3753839197487,29.7609543692883],[-95.375391619514,29.7609328144119],[-95.375388315117,29.760618226785],[-95.3753896832348,29.7606024548328],[-95.3753940787299,29.760587109765],[-95.3754013758147,29.7605726307128],[-95.3754113656664,29.7605594320249],[-95.3754237624043,29.7605478914091],[-95.3754382112687,29.7605383391238],[-95.3754542987753,29.7605310485276],[-95.3758505981375,29.760387154771],[-95.3759462813124,29.7603553542589],[-95.376044002731,29.7603286865929],[-95.3761434010852,29.7603072503719],[-95.3762441088677,29.7602911248524],[-95.3763457537299,29.7602803696556],[-95.3763742555611,29.7602781184853],[-95.3765091585931,29.7602703008637],[-95.3766443359446,29.7602681303517],[-95.3767794772884,29.7602716119324],[-95.3769028513497,29.760277373862],[-95.376925374413,29.7602792906371],[-95.3770272499529,29.760290627966],[-95.3771281772524,29.760307209206],[-95.3772278020735,29.76032897616],[-95.3772354158625,29.7603308504731],[-95.3773651114471,29.7603658916277],[-95.3774926103241,29.760406610236],[-95.3776175862673,29.760452902114],[-95.3777397195057,29.7605046488172],[-95.3778586975391,29.7605617179442],[-95.3779742159398,29.7606239634752],[-95.3780859791302,29.7606912261452],[-95.3783778213352,29.7608765411866],[-95.378489203667,29.7609438869052],[-95.3786040345546,29.7610066688889],[-95.3787220685578,29.7610647529444],[-95.3788430533886,29.7611180149189],[-95.3789667304498,29.7611663409669],[-95.3790928353893,29.7612096277935],[-95.3792210986639,29.761247782874],[-95.3792408776797,29.7612532246531],[-95.3793860358771,29.7612895121439],[-95.3795331883064,29.7613190590423],[-95.3796819241028,29.7613417828503],[-95.3798318279793,29.7613576201205],[-95.3799824813873,29.7613665266332],[-95.3801334636845,29.7613684775208],[-95.3817092754942,29.7613524984589],[-95.3821465490899,29.7613496538563],[-95.3822954069357,29.7613839740604],[-95.3823409324932,29.7613900110075],[-95.3824326824275,29.7613899261427],[-95.3824991861507,29.7613848680842],[-95.3826273230779,29.7613490511415],[-95.3826515364547,29.7613455013563],[-95.3827234820069,29.761344410458],[-95.3828455108122,29.7613442775004],[-95.3829674810249,29.7613475792409],[-95.3830892656916,29.761354312243],[-95.3835448417809,29.7613859441898],[-95.3837652487684,29.7613945703949],[-95.3844901501978,29.7613897354585],[-95.3857507912312,29.7613763154669],[-95.3861509917722,29.7613728501413],[-95.3863164654977,29.7613678554474],[-95.3864814559265,29.7613557505752],[-95.386645561972,29.7613365649512],[-95.3868083846967,29.7613103452152],[-95.3869695282847,29.7612771551064],[-95.3871286010025,29.7612370753087],[-95.3872852161522,29.7611902032546],[-95.3874389930116,29.7611366528881],[-95.3879201673168,29.7609569686712],[-95.3880127658205,29.7609251016629],[-95.3881073079813,29.7608979245269],[-95.388203482079,29.7608755268704],[-95.3883009710134,29.7608579825413],[-95.3883994533496,29.7608453493859],[-95.3885307328206,29.7608318551551],[-95.3886851562196,29.7608637616522],[-95.3887719252792,29.760871940466],[-95.3888655743723,29.760874729988],[-95.3890215423451,29.7608541078665],[-95.3891246622109,29.7608731228782],[-95.3892265109687,29.7608967854185],[-95.3893268136761,29.7609250316103],[-95.3894252995638,29.7609577852026],[-95.3895217027656,29.7609949577764],[-95.3896071661934,29.7610302552699],[-95.3898359955336,29.7611226544289],[-95.3900720538028,29.7612219181655],[-95.3901939223115,29.7612760377795],[-95.390312985763,29.7613347185677],[-95.3904290200492,29.7613978500799],[-95.3905418067621,29.7614653134885],[-95.3906612207831,29.7615401146524],[-95.3906991267575,29.7615617935476],[-95.390796092336,29.7616135621248],[-95.3908965583645,29.7616599720401],[-95.3910001363335,29.7617008438211],[-95.3911064256979,29.7617360194118],[-95.3912150154257,29.7617653627839],[-95.3913254855881,29.761788760463],[-95.3914374089834,29.7618061219672],[-95.3915503527896,29.7618173801573],[-95.3916638802373,29.7618224914964],[-95.3917775523005,29.7618214362182],[-95.3918909293935,29.7618142184038],[-95.3921955418512,29.761786494339],[-95.3922082460078,29.761786256316],[-95.3922208228977,29.7617878393452],[-95.3922329319551,29.7617912005603],[-95.392244245282,29.7617962489438],[-95.3922544565281,29.7618028477921],[-95.3922632891856,29.7618108184167],[-95.3922705040776,29.7618199449836],[-95.3922759058328,29.7618299803565],[-95.3922793481785,29.7618406527905],[-95.3922807378991,29.7618516732894],[-95.3922880238693,29.7620860526409],[-95.3925514969735,29.7620814063936],[-95.3925422678302,29.7617845423907],[-95.3925429707586,29.7617734605719],[-95.3925457493114,29.7617626298005],[-95.3925505280888,29.7617523439834],[-95.3925571774117,29.7617428822396],[-95.392565516842,29.7617345013255],[-95.3925753200781,29.7617274286677],[-95.3925863210968,29.7617218561917],[-95.392598221371,29.7617179351137],[-95.3928451561437,29.7616562886819],[-95.3929234794693,29.761664976543],[-95.3930381049897,29.7616314223556],[-95.393112798875,29.7615779265577],[-95.3939646857979,29.7613434713565],[-95.3940735534009,29.7613168220922],[-95.3941841532163,29.7612963094084],[-95.3942960313707,29.7612820174835],[-95.3944087287446,29.7612740049682],[-95.3945217828574,29.7612723047437],[-95.394634729765,29.7612769237873],[-95.394747105963,29.7612878431434],[-95.3948584502887,29.7613050180022],[-95.3949683058132,29.7613283778822],[-95.395076221717,29.7613578269205],[-95.3951817551385,29.7613932442655],[-95.395588312205,29.7615428981418],[-95.3959634406837,29.7616867038773],[-95.3961094429473,29.7617384597045],[-95.3962129343773,29.7617627241582],[-95.3963022168811,29.7618512868547],[-95.3965539235955,29.7618647560536],[-95.3966664979798,29.7617964239369],[-95.3968933614489,29.7617915162533],[-95.3970189566768,29.7617819390017],[-95.3973624907827,29.7617411308424],[-95.3975188654592,29.7617240706311],[-95.3976270337168,29.7617051762468],[-95.3977423506014,29.7616769454306],[-95.3980113058624,29.7615982769586],[-95.3980709635816,29.7615796772108],[-95.3980850293219,29.7615764033883],[-95.3980995205325,29.7615751916215],[-95.3981140429031,29.761576074883],[-95.3981282012741,29.7615790291388],[-95.3981416103922,29.7615839740027],[-95.3981539053901,29.7615907749232],[-95.3981647517164,29.7615992468447],[-95.3981738542382,29.7616091592435],[-95.398180965272,29.7616202423995],[-95.3982057335615,29.7616676327626],[-95.3984095955971,29.7615883808254],[-95.3983837384598,29.7615284969241],[-95.398379896643,29.7615165372873],[-95.3983784849107,29.7615041780108],[-95.3983795458625,29.7614917920503],[-95.3983830474821,29.7614797531666],[-95.3983888841029,29.761468424647],[-95.398396879598,29.7614581483425],[-95.3984067926932,29.7614492343526],[-95.3984183242492,29.7614419516668],[-95.3984311262884,29.7614365200488],[-95.398453114652,29.7614291762998],[-95.3985432683226,29.7614365818055],[-95.3986603550566,29.7614007292627],[-95.3987359110128,29.761348428401],[-95.3988430638861,29.761324531183],[-95.3989815938724,29.761304360219],[-95.3993551784474,29.7612523267075],[-95.3994756358692,29.761237675529],[-95.3995966633734,29.7612271944793],[-95.399718071403,29.7612208999742],[-95.3998396698046,29.7612188018722],[-95.3998812109512,29.7612188024903],[-95.3999227369126,29.7612197824461],[-95.4000440864792,29.7612191059848],[-95.4001651131353,29.7612113575325],[-95.4002852760964,29.7611965717112],[-95.4004040384378,29.7611748145886],[-95.4005208694942,29.761146183382],[-95.4006352472312,29.7611108060241],[-95.4007466605776,29.7610688405911],[-95.4008546117099,29.761020474597],[-95.4009586182771,29.7609659241544],[-95.4010582155552,29.7609054330097],[-95.4011529585245,29.7608392714534],[-95.4012424238585,29.7607677351127],[-95.4013262118149,29.7606911436299],[-95.4014039480214,29.760609839234],[-95.4014752851494,29.7605241852122],[-95.4015399044651,29.7604345642851],[-95.4015975172535,29.7603413768981],[-95.4016478661091,29.7602450394308],[-95.4016714220114,29.7601956582226],[-95.4017273413856,29.7600595432257],[-95.4017690411955,29.7599682469102],[-95.4018179662512,29.7598797227353],[-95.4018738762975,29.7597944053812],[-95.4019364967834,29.7597127137805],[-95.4020055202093,29.7596350490614],[-95.4020806076382,29.759561792578],[-95.4021613903593,29.7594933040384],[-95.4022474716993,29.7594299197376],[-95.4023384289698,29.7593719509077],[-95.4024338155425,29.7593196821884],[-95.4025331630423,29.7592733702304],[-95.4026359836479,29.7592332424355],[-95.4026943917327,29.7592125585784],[-95.4027692818507,29.7591911860287],[-95.4029219419991,29.7591570680674],[-95.4030148306301,29.7591416566173],[-95.4030774232483,29.7591351493829],[-95.4032033626641,29.7591301305282],[-95.4032979150089,29.7591304439216],[-95.4033922428519,29.7591361343577],[-95.4035170457354,29.7591516954068],[-95.4036099591149,29.759166992901],[-95.4042499534681,29.7593176594729],[-95.4044254324927,29.7593605547768],[-95.4045188145056,29.7593858807237],[-95.404610411218,29.7594157608464],[-95.4046999311495,29.7594501000601],[-95.404787089428,29.7594887890907],[-95.4048716086948,29.7595317048217],[-95.4055586710647,29.759903590571],[-95.4057220366803,29.7599823006534],[-95.4057447673898,29.7599918218739],[-95.4058760209851,29.7600432873644],[-95.4060100824326,29.7600889116181],[-95.4061466105185,29.7601285785105],[-95.4062852577485,29.7601621870804],[-95.4064256712349,29.7601896517859],[-95.4065674935921,29.760210902723],[-95.4066077260577,29.7602160232043],[-95.4067484433601,29.760224382939],[-95.4068783192202,29.7602293722834],[-95.4070083198862,29.7602289223807],[-95.4071381462967,29.7602230342661],[-95.4072674997931,29.7602117214848],[-95.4073421879486,29.7602036065712],[-95.4073510557071,29.7602023571492],[-95.407496573305,29.7601782422451],[-95.4076403444647,29.7601471594046],[-95.4077819312586,29.7601092033064],[-95.4079209024122,29.7600644895654],[-95.4080568346211,29.7600131543803],[-95.4085126985261,29.7598278011661],[-95.4085199423841,29.759825462508],[-95.4085275260042,29.7598241842082],[-95.4085352469699,29.7598240003863],[-95.4085428991988,29.7598249159484],[-95.4085502784435,29.7598269064572],[-95.4085571877426,29.7598299187836],[-95.4085634426776,29.7598338725244],[-95.408568876297,29.7598386621495],[-95.4085733435697,29.7598441598178],[-95.4085876942539,29.7598652854294],[-95.4086169669302,29.7599134208755],[-95.408640909558,29.7599637493511],[-95.4086593089588,29.7600158227622],[-95.4086720013074,29.7600691774794],[-95.4087017875133,29.7602328701824],[-95.4088696111001,29.7602957591114],[-95.4088468326029,29.7601705791752],[-95.4088466019002,29.7600537315154],[-95.4088438164365,29.7599939091778],[-95.4088357123299,29.7599344565094],[-95.4088026986045,29.7597528056814],[-95.4088014482941,29.7597375546039],[-95.4088041926421,29.7597083650671],[-95.4088105378435,29.7596947042535],[-95.4088137337152,29.759690448996],[-95.4090825084485,29.7612112686699],[-95.4088633222659,29.7611305017248],[-95.4088753577436,29.7611954104337],[-95.4088852178545,29.7612751378207],[-95.4088818372838,29.7613287644003],[-95.4088764995872,29.7613670925902],[-95.4088718654439,29.7613874218722],[-95.4088637816175,29.7614069123942],[-95.4088524318036,29.7614251212524],[-95.4088380739139,29.7614416346676],[-95.4088210342173,29.7614560773875],[-95.4088016999243,29.7614681212145],[-95.4087805103885,29.7614774924637],[-95.4087373448526,29.7614931376739],[-95.4082650274575,29.7614749722528],[-95.4079342663266,29.7614653958917],[-95.4076978902845,29.7614633235833],[-95.4074651577832,29.7614680253554],[-95.4073184809532,29.761473053265],[-95.4071720659894,29.761482202598],[-95.4070260649687,29.7614954638511],[-95.4065696974918,29.7615434138583],[-95.406411232931,29.7615578509575],[-95.4062523247149,29.7615679129941],[-95.4060931314814,29.7615735899233],[-95.4051679145333,29.7615938149069],[-95.4049518829262,29.7616018562201],[-95.4047363091512,29.761616522492],[-95.4045214599892,29.7616377955726],[-95.4043076013234,29.7616656491353],[-95.4040949978134,29.7617000487104],[-95.4038839125653,29.7617409517268],[-95.4036746068069,29.7617883075653],[-95.4034673395656,29.7618420576208],[-95.4032623673469,29.761902135375],[-95.4030599438168,29.7619684664786],[-95.4028603194899,29.7620409688437],[-95.4026637414169,29.7621195527445],[-95.4024704528808,29.7622041209287],[-95.4018840939186,29.76247202866],[-95.4011229924418,29.762786540466],[-95.4010640592835,29.7628075380102],[-95.4010028538933,29.7628228052854],[-95.4009401057509,29.7628321603276],[-95.4008765627233,29.7628354916381],[-95.4008129821531,29.7628327595125],[-95.4007501218291,29.7628239965139],[-95.4006887309565,29.7628093070846],[-95.4006295412248,29.7627888663014],[-95.3998822252731,29.7624886326141],[-95.3998228271577,29.7624680456666],[-95.3997612527076,29.762453099078],[-95.3996982032647,29.762443963092],[-95.3996343969697,29.7624407417685],[-95.3995705605845,29.762443471799],[-95.3995074212129,29.7624521220878],[-95.3994456980208,29.7624665941072],[-95.3993860940435,29.762486723019],[-95.3991156931895,29.7625928443687],[-95.3990905190562,29.7626005631493],[-95.399064213239,29.7626044656787],[-95.3990375298863,29.7626044400769],[-95.3990112339701,29.762600487078],[-95.3989860793549,29.7625927200086],[-95.3989627871855,29.7625813615389],[-95.3989420252125,29.7625667372989],[-95.398924388649,29.7625492665437],[-95.3988562494118,29.7624689728401],[-95.3986533282718,29.7625468899309],[-95.398663084704,29.7625729525539],[-95.3986685275424,29.7625924861274],[-95.3986718207948,29.7626134098015],[-95.3986716432435,29.7626409644252],[-95.3986659712511,29.762678146618],[-95.398656567074,29.7627175093558],[-95.3986406846337,29.7627552548455],[-95.3986186634658,29.762790576146],[-95.3985909743431,29.7628227181414],[-95.398558209213,29.7628509936838],[-95.3985210685423,29.7628747982835],[-95.3984803463417,29.762893623033],[-95.3981499199885,29.7630203105351],[-95.398089089475,29.7630473420061],[-95.3980321801313,29.7630802380972],[-95.397979931458,29.7631185713469],[-95.3979330223959,29.7631618436413],[-95.3978920625036,29.763209492686],[-95.397504571622,29.7637182974553],[-95.3974699951641,29.7637597699506],[-95.3974315172515,29.7637985385269],[-95.3973894143633,29.7638343246127],[-95.3973439890258,29.7638668710673],[-95.3973405891147,29.7638691033979],[-95.3972784616367,29.763903115548],[-95.3972348697006,29.7639245729648],[-95.3971891731869,29.7639423879743],[-95.3971417708119,29.7639564051342],[-95.3970557439656,29.7639779930845],[-95.3969905750197,29.7639894287521],[-95.3968982819606,29.7640028767897],[-95.3968051734306,29.7640109860874],[-95.3967116546724,29.7640137213506],[-95.3966181327146,29.7640110706743],[-95.3965250145993,29.7640030455953],[-95.3961116447468,29.7639553614802],[-95.3956624452021,29.7638818748388],[-95.394259108915,29.7635639314984],[-95.3940317757987,29.7635073796078],[-95.3935924946406,29.7633753322526],[-95.3934966097117,29.7633151270452],[-95.3934501356318,29.7632893905631],[-95.3934005480503,29.7632685414152],[-95.3933485191366,29.7632528622147],[-95.3932947541519,29.7632425654959],[-95.3932399818884,29.7632377908323],[-95.3931392389392,29.7632341549516],[-95.393059720601,29.7632114975287],[-95.3928604235646,29.7631579906364],[-95.3926591419606,29.7631104744675],[-95.3924561122599,29.7630690048451],[-95.3922515729863,29.7630336304883],[-95.3920457644362,29.7630043929555],[-95.3918389283967,29.7629813265953],[-95.3916313078612,29.7629644585066],[-95.3910581768238,29.7629265239036],[-95.3909270414662,29.7629156545399],[-95.3907964740191,29.7629004466663],[-95.3906666629724,29.762880922237],[-95.3905377957237,29.7628571094379],[-95.3904511148117,29.7628395846378],[-95.3902887375191,29.762798997352],[-95.3901886707,29.7627357191426],[-95.3901381790124,29.7627106595418],[-95.3900089631748,29.7626664185047],[-95.3899407830353,29.762654949064],[-95.3898368452035,29.7626434619455],[-95.3897697646782,29.7626253361405],[-95.3892606800122,29.7624455322497],[-95.3890291905977,29.7623670601617],[-95.3887952624832,29.7622943018608],[-95.38855908088,29.7622273149521],[-95.3883208327832,29.7621661524708],[-95.3880807068224,29.7621108628412],[-95.3878388931134,29.7620614898372],[-95.3875955831066,29.7620180725488],[-95.3873509694372,29.7619806453502],[-95.3872919379671,29.761972358253],[-95.3872410268483,29.7622261203927],[-95.3872304470068,29.7622265301596],[-95.3870119216303,29.7621985527725],[-95.3867926635293,29.7621753466729],[-95.3865728095195,29.7621569263415],[-95.3865737262684,29.7621473346126],[-95.3864540733556,29.7621519682351],[-95.3864526618368,29.762124220489],[-95.3863770915909,29.7621271469314],[-95.3863751490353,29.7620889594376],[-95.3860602812654,29.7621013123149],[-95.3860608402403,29.762112301523],[-95.3859852699922,29.7621152277448],[-95.3859849489449,29.7621321104597],[-95.3857597613947,29.7621313376651],[-95.3855346243248,29.7621355689427],[-95.3853096837724,29.7621448015477],[-95.3850850856483,29.7621590294914],[-95.3849986611516,29.7621654705891],[-95.3849472211356,29.7621815807454],[-95.3848984582212,29.7622031155642],[-95.3848531204605,29.762229744689],[-95.3848119033646,29.7622610596132],[-95.3847754392314,29.7622965799476],[-95.3847442874484,29.7623357607883],[-95.3847189259099,29.7623780010769],[-95.3846997436853,29.7624226528201],[-95.384687035051,29.7624690310307],[-95.3845314393724,29.763247273204],[-95.3845182934441,29.763289588232],[-95.3845081446491,29.7633325266723],[-95.384501473337,29.7634703716007],[-95.3843808291639,29.7639286903374],[-95.3840325889317,29.7643054415151],[-95.3835144798793,29.764369092728],[-95.3828945943182,29.7642425527196],[-95.3828301887671,29.7642140624561],[-95.3828300771612,29.7642140629477],[-95.382495347271,29.7640659919888],[-95.3821003021357,29.7636060572349],[-95.3819731209609,29.7633786893635],[-95.3817589030042,29.7628106888971],[-95.3814148686723,29.762938395415],[-95.3815134791232,29.7631433224879],[-95.3815237880211,29.7631585604705],[-95.381483712384,29.7631280920521],[-95.3814388989062,29.7631016962152],[-95.3813907131737,29.7630802952856],[-95.3813398828103,29.7630642124251],[-95.3812871753737,29.763053690491],[-95.3812333867644,29.7630488883679],[-95.3811793292092,29.7630498785694],[-95.3811258189955,29.7630566461433]]],[[[-95.4024418431817,29.7614355687267],[-95.4027262508041,29.761243398464],[-95.4029189303379,29.7609978579707],[-95.403082495864,29.7607627870106],[-95.4032640046587,29.7605443200769],[-95.4035571087553,29.7603168060402],[-95.4038592371606,29.7600979044471],[-95.4041582522145,29.7600136121921],[-95.4042683984816,29.7600371495859],[-95.4042479538097,29.7593489436923],[-95.4024150936205,29.7593668984684],[-95.4024665014555,29.7610980254652],[-95.4024318428838,29.7610988058916],[-95.4024418431817,29.7614355687267]]],[[[-95.3913756531596,29.7625938350034],[-95.3915946857129,29.7626587285842],[-95.3921244169995,29.7626606570568],[-95.3924647963047,29.762585356044],[-95.3925888231876,29.7624716098611],[-95.3925826604706,29.7622470812367],[-95.3913702583377,29.7621870583901],[-95.3913756531596,29.7625938350034]]],[[[-95.3848263813897,29.7621784183479],[-95.3845036973439,29.7622024675332],[-95.3844841540295,29.7622999882386],[-95.3844602601863,29.7627836777291],[-95.3845019258246,29.7630728472143],[-95.3846245089754,29.7624597245034],[-95.384637093757,29.7624123892992],[-95.3846555840344,29.7623665534997],[-95.3846797542926,29.762322776117],[-95.3847093097455,29.7622815910578],[-95.3847438899302,29.7622435006124],[-95.3847830731048,29.7622089693291],[-95.3848263813897,29.7621784183479]]],[[[-95.3819082262638,29.7636430294083],[-95.3817876181555,29.7634875489944],[-95.3817546159289,29.7634833752661],[-95.381640772184,29.7633635377528],[-95.3816359422648,29.7633243830564],[-95.3816737142182,29.7633802296658],[-95.3818643278973,29.7635429971071],[-95.3820127303874,29.763749461113],[-95.382045795858,29.7637896810189],[-95.3820106185575,29.7637821320745],[-95.3819770196451,29.7637692741373],[-95.3819464423744,29.7637515839368],[-95.3819197909576,29.763729584597],[-95.3818978535115,29.7637039266696],[-95.3819068245309,29.7636677767529],[-95.3819082262638,29.7636430294083]]],[[[-95.3810736641458,29.763069088897],[-95.3810710325412,29.7630701142294],[-95.3810711584974,29.7630698411469],[-95.3810736641458,29.763069088897]]]]},"properties":{"FID":365,"OBJECTID":365,"Address":"103  Sabine Street","GlobalID":"{30A6065E-7F4F-49C7-B2F1-99A4DBB42891}","Shapearea":6818132.656455579,"Shapelen":30943.43015961037,"ParkID":"A60100","Name":"BUFFALO BAYOU/TINSLEY/JAMAIL (LEE & JOE) SKATE PARK","CityMuni":"Houston","County":"Harris","State":"TX","StreetNum":"103","StreetName":"Sabine","StreetType":"Street","Zip":"77007","Park_Acres":156.52341435,"AcreSource":"Survey","Editor":"JDegelia","Park_Type":"Linear Park/Greenway, Skate Park","Latitude":13842245.45649325,"Longitude":3113291.84128815,"Shape__Area":843606.96875,"Shape__Length":10872.593251854534}},{"type":"Feature","id":367,"geometry":{"type":"Polygon","coordinates":[[[-95.3946919009571,29.7727613504625],[-95.3950251037242,29.7727608166636],[-95.3950268611376,29.7727771785262],[-95.3952901762154,29.7727839204009],[-95.3952964384618,29.7733354733191],[-95.3950213613879,29.7733328870952],[-95.3950303553797,29.77313118983],[-95.3950330679294,29.7731156666846],[-95.3950360588618,29.7730821907503],[-95.3950366138196,29.7730047899848],[-95.3950246650944,29.773003453613],[-95.3949308513712,29.7730046676552],[-95.3948308424244,29.7730059616873],[-95.3946958435566,29.7730077078739],[-95.3946952893527,29.7729730877999],[-95.3946944520629,29.7729207665083],[-95.3946934408453,29.7728575765981],[-95.3946928311547,29.7728194776316],[-95.3946919009571,29.7727613504625]]]},"properties":{"FID":367,"OBJECTID":367,"Address":"1406 Wagner Street","GlobalID":"{183ED16F-69E9-43D1-BC77-6847927C3B7E}","Shapearea":26306.306050228468,"Shapelen":800.3036995875036,"ParkID":"A82300","Name":"WAGNER GREENSPACE","CityMuni":"Houston","County":"Harris","State":"TX","StreetNum":"1406","StreetName":"Wagner","StreetType":"Street","Zip":"77007","Park_Acres":0.6039121,"AcreSource":"Deed","Editor":"JDegelia","Park_Type":" ","Latitude":13846229.47186313,"Longitude":3111951.70677666,"Shape__Area":3255.58203125,"Shape__Length":281.5673752065916}}]}