{"type":"FeatureCollection","features":[{"type":"Feature","id":59,"geometry":{"type":"Point","coordinates":[-95.40036586050095,29.78138293465209]},"properties":{"OBJECTID":59}},{"type":"Feature","id":60,"geometry":{"type":"Point","coordinates":[-95.39988306227959,29.781403886699078]},"properties":{"OBJECTID":60}},{"type":"Feature","id":61,"geometry":{"type":"Point","coordinates":[-95.39993402461506,29.781457429919854]},"properties":{"OBJECTID":61}},{"type":"Feature","id":62,"geometry":{"type":"Point","coordinates":[-95.37547496072223,29.781948628140814]},"properties":{"OBJECTID":62}},{"type":"Feature","id":63,"geometry":{"type":"Point","coordinates":[-95.39868679754164,29.77780013810123]},"properties":{"OBJECTID":63}},{"type":"Feature","id":64,"geometry":{"type":"Point","coordinates":[-95.39876189888389,29.777725640800764]},"properties":{"OBJECTID":64}},{"type":"Feature","id":65,"geometry":{"type":"Point","coordinates":[-95.39870825479014,29.77965790097643]},"properties":{"OBJECTID":65}},{"type":"Feature","id":66,"geometry":{"type":"Point","coordinates":[-95.39879944973138,29.779583404637822]},"properties":{"OBJECTID":66}},{"type":"Feature","id":67,"geometry":{"type":"Point","coordinates":[-95.39878335671659,29.783331419714536]},"properties":{"OBJECTID":67}},{"type":"Feature","id":68,"geometry":{"type":"Point","coordinates":[-95.39882090816036,29.78517976763895]},"properties":{"OBJECTID":68}},{"type":"Feature","id":69,"geometry":{"type":"Point","coordinates":[-95.398912102759,29.78510993160076]},"properties":{"OBJECTID":69}},{"type":"Feature","id":199,"geometry":{"type":"Point","coordinates":[-95.39736466427658,29.785220270981988]},"properties":{"OBJECTID":199}},{"type":"Feature","id":200,"geometry":{"type":"Point","coordinates":[-95.3978235278028,29.785082104762907]},"properties":{"OBJECTID":200}},{"type":"Feature","id":201,"geometry":{"type":"Point","coordinates":[-95.39750513237568,29.785082104339946]},"properties":{"OBJECTID":201}},{"type":"Feature","id":206,"geometry":{"type":"Point","coordinates":[-95.39726978292785,29.779693798642317]},"properties":{"OBJECTID":206}},{"type":"Feature","id":207,"geometry":{"type":"Point","coordinates":[-95.39770444696467,29.779541368910188]},"properties":{"OBJECTID":207}},{"type":"Feature","id":208,"geometry":{"type":"Point","coordinates":[-95.39751126273568,29.777857004735544]},"properties":{"OBJECTID":208}},{"type":"Feature","id":209,"geometry":{"type":"Point","coordinates":[-95.39765176061458,29.777712194279683]},"properties":{"OBJECTID":209}},{"type":"Feature","id":210,"geometry":{"type":"Point","coordinates":[-95.39737076457135,29.77770457240747]},"properties":{"OBJECTID":210}},{"type":"Feature","id":211,"geometry":{"type":"Point","coordinates":[-95.39762541734218,29.783382528018862]},"properties":{"OBJECTID":211}},{"type":"Feature","id":212,"geometry":{"type":"Point","coordinates":[-95.39776591489378,29.78325296689977]},"properties":{"OBJECTID":212}},{"type":"Feature","id":213,"geometry":{"type":"Point","coordinates":[-95.39748491908763,29.783245345695754]},"properties":{"OBJECTID":213}},{"type":"Feature","id":214,"geometry":{"type":"Point","coordinates":[-95.39766432987398,29.785228398593322]},"properties":{"OBJECTID":214}},{"type":"Feature","id":449,"geometry":{"type":"Point","coordinates":[-95.39754638697849,29.779693798749648]},"properties":{"OBJECTID":449}},{"type":"Feature","id":456,"geometry":{"type":"Point","coordinates":[-95.40104714179152,29.781462084995805]},"properties":{"OBJECTID":456}},{"type":"Feature","id":457,"geometry":{"type":"Point","coordinates":[-95.3738066269199,29.78177635922133]},"properties":{"OBJECTID":457}},{"type":"Feature","id":599,"geometry":{"type":"Point","coordinates":[-95.42181824798276,29.770927391677194]},"properties":{"OBJECTID":599}},{"type":"Feature","id":600,"geometry":{"type":"Point","coordinates":[-95.42112230038595,29.77087631935097]},"properties":{"OBJECTID":600}},{"type":"Feature","id":601,"geometry":{"type":"Point","coordinates":[-95.42122996560792,29.77108742909749]},"properties":{"OBJECTID":601}},{"type":"Feature","id":602,"geometry":{"type":"Point","coordinates":[-95.42003513584399,29.76122990235876]},"properties":{"OBJECTID":602}},{"type":"Feature","id":603,"geometry":{"type":"Point","coordinates":[-95.4201428871149,29.77080146429561]},"properties":{"OBJECTID":603}},{"type":"Feature","id":604,"geometry":{"type":"Point","coordinates":[-95.42026192415081,29.771001400537052]},"properties":{"OBJECTID":604}},{"type":"Feature","id":605,"geometry":{"type":"Point","coordinates":[-95.41927704286434,29.770731913113192]},"properties":{"OBJECTID":605}},{"type":"Feature","id":606,"geometry":{"type":"Point","coordinates":[-95.41855739876746,29.770863831610285]},"properties":{"OBJECTID":606}},{"type":"Feature","id":607,"geometry":{"type":"Point","coordinates":[-95.4176116287285,29.769646198069577]},"properties":{"OBJECTID":607}},{"type":"Feature","id":608,"geometry":{"type":"Point","coordinates":[-95.41765373030111,29.768854033404388]},"properties":{"OBJECTID":608}},{"type":"Feature","id":609,"geometry":{"type":"Point","coordinates":[-95.41772638689899,29.76899264273275]},"properties":{"OBJECTID":609}},{"type":"Feature","id":610,"geometry":{"type":"Point","coordinates":[-95.41759017070773,29.7682073390446]},"properties":{"OBJECTID":610}},{"type":"Feature","id":611,"geometry":{"type":"Point","coordinates":[-95.41759553502251,29.767359845927295]},"properties":{"OBJECTID":611}},{"type":"Feature","id":612,"geometry":{"type":"Point","coordinates":[-95.41767600162521,29.767448320475633]},"properties":{"OBJECTID":612}},{"type":"Feature","id":613,"geometry":{"type":"Point","coordinates":[-95.42088785289437,29.761229902876842]},"properties":{"OBJECTID":613}},{"type":"Feature","id":614,"geometry":{"type":"Point","coordinates":[-95.4214731489316,29.76289434404453]},"properties":{"OBJECTID":614}},{"type":"Feature","id":615,"geometry":{"type":"Point","coordinates":[-95.42151856000451,29.764383557361022]},"properties":{"OBJECTID":615}},{"type":"Feature","id":616,"geometry":{"type":"Point","coordinates":[-95.42091308061372,29.764309097111553]},"properties":{"OBJECTID":616}},{"type":"Feature","id":617,"geometry":{"type":"Point","coordinates":[-95.4209988574422,29.76437479770659]},"properties":{"OBJECTID":617}},{"type":"Feature","id":618,"geometry":{"type":"Point","coordinates":[-95.41629722563407,29.764369729541574]},"properties":{"OBJECTID":618}},{"type":"Feature","id":619,"geometry":{"type":"Point","coordinates":[-95.41631063588295,29.763424412232666]},"properties":{"OBJECTID":619}},{"type":"Feature","id":620,"geometry":{"type":"Point","coordinates":[-95.41631600090248,29.76350357680881]},"properties":{"OBJECTID":620}},{"type":"Feature","id":621,"geometry":{"type":"Point","coordinates":[-95.41637636974245,29.765872360699962]},"properties":{"OBJECTID":621}},{"type":"Feature","id":622,"geometry":{"type":"Point","coordinates":[-95.41624456387754,29.765882854009728]},"properties":{"OBJECTID":622}},{"type":"Feature","id":623,"geometry":{"type":"Point","coordinates":[-95.41624490402785,29.7659917285981]},"properties":{"OBJECTID":623}},{"type":"Feature","id":624,"geometry":{"type":"Point","coordinates":[-95.41637636918757,29.76599667960939]},"properties":{"OBJECTID":624}},{"type":"Feature","id":625,"geometry":{"type":"Point","coordinates":[-95.41759273233016,29.76585521003417]},"properties":{"OBJECTID":625}},{"type":"Feature","id":626,"geometry":{"type":"Point","coordinates":[-95.4176678344034,29.76593902978042]},"properties":{"OBJECTID":626}},{"type":"Feature","id":627,"geometry":{"type":"Point","coordinates":[-95.41836486816743,29.76581153030011]},"properties":{"OBJECTID":627}},{"type":"Feature","id":628,"geometry":{"type":"Point","coordinates":[-95.41836554868975,29.765949227525386]},"properties":{"OBJECTID":628}},{"type":"Feature","id":629,"geometry":{"type":"Point","coordinates":[-95.41849565344876,29.76581530115517]},"properties":{"OBJECTID":629}},{"type":"Feature","id":630,"geometry":{"type":"Point","coordinates":[-95.41928252400216,29.76591574667652]},"properties":{"OBJECTID":630}},{"type":"Feature","id":631,"geometry":{"type":"Point","coordinates":[-95.42008718654128,29.76583192676239]},"properties":{"OBJECTID":631}},{"type":"Feature","id":632,"geometry":{"type":"Point","coordinates":[-95.42018225418748,29.765917632403802]},"properties":{"OBJECTID":632}},{"type":"Feature","id":633,"geometry":{"type":"Point","coordinates":[-95.42018374640749,29.765841240115286]},"properties":{"OBJECTID":633}},{"type":"Feature","id":634,"geometry":{"type":"Point","coordinates":[-95.42007645748248,29.76592040253144]},"properties":{"OBJECTID":634}},{"type":"Feature","id":635,"geometry":{"type":"Point","coordinates":[-95.42101523081841,29.76590643255063]},"properties":{"OBJECTID":635}},{"type":"Feature","id":663,"geometry":{"type":"Point","coordinates":[-95.40912411895232,29.781334683300184]},"properties":{"OBJECTID":663}},{"type":"Feature","id":666,"geometry":{"type":"Point","coordinates":[-95.4216053166493,29.765915746342174]},"properties":{"OBJECTID":666}},{"type":"Feature","id":667,"geometry":{"type":"Point","coordinates":[-95.42164823202152,29.767415173728416]},"properties":{"OBJECTID":667}},{"type":"Feature","id":668,"geometry":{"type":"Point","coordinates":[-95.42188963071595,29.767345324674217]},"properties":{"OBJECTID":668}},{"type":"Feature","id":669,"geometry":{"type":"Point","coordinates":[-95.42095261622846,29.76732887996468]},"properties":{"OBJECTID":669}},{"type":"Feature","id":670,"geometry":{"type":"Point","coordinates":[-95.42104966317514,29.767415763369076]},"properties":{"OBJECTID":670}},{"type":"Feature","id":671,"geometry":{"type":"Point","coordinates":[-95.4200947234124,29.767432863946578]},"properties":{"OBJECTID":671}},{"type":"Feature","id":672,"geometry":{"type":"Point","coordinates":[-95.42021831133644,29.76733594755827]},"properties":{"OBJECTID":672}},{"type":"Feature","id":673,"geometry":{"type":"Point","coordinates":[-95.41923424359497,29.767340668393608]},"properties":{"OBJECTID":673}},{"type":"Feature","id":674,"geometry":{"type":"Point","coordinates":[-95.41931471050901,29.767424486948364]},"properties":{"OBJECTID":674}},{"type":"Feature","id":675,"geometry":{"type":"Point","coordinates":[-95.41850484060853,29.76743612171998]},"properties":{"OBJECTID":675}},{"type":"Feature","id":676,"geometry":{"type":"Point","coordinates":[-95.41839466369484,29.767446171640263]},"properties":{"OBJECTID":676}},{"type":"Feature","id":677,"geometry":{"type":"Point","coordinates":[-95.41850735332534,29.767348204568147]},"properties":{"OBJECTID":677}},{"type":"Feature","id":678,"geometry":{"type":"Point","coordinates":[-95.41839615646627,29.768958513565323]},"properties":{"OBJECTID":678}},{"type":"Feature","id":679,"geometry":{"type":"Point","coordinates":[-95.41848334605388,29.768884863039023]},"properties":{"OBJECTID":679}},{"type":"Feature","id":680,"geometry":{"type":"Point","coordinates":[-95.41924977755872,29.76894454409131]},"properties":{"OBJECTID":680}},{"type":"Feature","id":681,"geometry":{"type":"Point","coordinates":[-95.41935727313493,29.768880500935573]},"properties":{"OBJECTID":681}},{"type":"Feature","id":682,"geometry":{"type":"Point","coordinates":[-95.42018118450322,29.768922114991312]},"properties":{"OBJECTID":682}},{"type":"Feature","id":683,"geometry":{"type":"Point","coordinates":[-95.42019727752329,29.76886390859459]},"properties":{"OBJECTID":683}},{"type":"Feature","id":684,"geometry":{"type":"Point","coordinates":[-95.4201168110582,29.76891745810818]},"properties":{"OBJECTID":684}},{"type":"Feature","id":685,"geometry":{"type":"Point","coordinates":[-95.42098584718748,29.768908145394587]},"properties":{"OBJECTID":685}},{"type":"Feature","id":686,"geometry":{"type":"Point","coordinates":[-95.42105826690964,29.76885459529932]},"properties":{"OBJECTID":686}},{"type":"Feature","id":687,"geometry":{"type":"Point","coordinates":[-95.42171004388689,29.768908145561088]},"properties":{"OBJECTID":687}},{"type":"Feature","id":688,"geometry":{"type":"Point","coordinates":[-95.42177441694953,29.76885459505769]},"properties":{"OBJECTID":688}},{"type":"Feature","id":689,"geometry":{"type":"Point","coordinates":[-95.42202922684255,29.768903488395882]},"properties":{"OBJECTID":689}},{"type":"Feature","id":989,"geometry":{"type":"Point","coordinates":[-95.41160937955125,29.776244693196467]},"properties":{"OBJECTID":989}},{"type":"Feature","id":1042,"geometry":{"type":"Point","coordinates":[-95.41786304906533,29.775512362150685]},"properties":{"OBJECTID":1042}},{"type":"Feature","id":1043,"geometry":{"type":"Point","coordinates":[-95.41816008986832,29.775397163557376]},"properties":{"OBJECTID":1043}},{"type":"Feature","id":1045,"geometry":{"type":"Point","coordinates":[-95.41576849367539,29.776270195611403]},"properties":{"OBJECTID":1045}},{"type":"Feature","id":1046,"geometry":{"type":"Point","coordinates":[-95.41592033728399,29.776164869578682]},"properties":{"OBJECTID":1046}},{"type":"Feature","id":1049,"geometry":{"type":"Point","coordinates":[-95.41574875462548,29.776888038982914]},"properties":{"OBJECTID":1049}},{"type":"Feature","id":1073,"geometry":{"type":"Point","coordinates":[-95.37637911483888,29.786004163519618]},"properties":{"OBJECTID":1073}},{"type":"Feature","id":1074,"geometry":{"type":"Point","coordinates":[-95.3764759210125,29.786093121795282]},"properties":{"OBJECTID":1074}},{"type":"Feature","id":1075,"geometry":{"type":"Point","coordinates":[-95.37501103332029,29.78608694394422]},"properties":{"OBJECTID":1075}},{"type":"Feature","id":1077,"geometry":{"type":"Point","coordinates":[-95.37491992245239,29.785988101953578]},"properties":{"OBJECTID":1077}},{"type":"Feature","id":1149,"geometry":{"type":"Point","coordinates":[-95.37642324639116,29.785344390436556]},"properties":{"OBJECTID":1149}},{"type":"Feature","id":1150,"geometry":{"type":"Point","coordinates":[-95.37631505358998,29.78526531614629]},"properties":{"OBJECTID":1150}},{"type":"Feature","id":1151,"geometry":{"type":"Point","coordinates":[-95.41633307932581,29.765151252388193]},"properties":{"OBJECTID":1151}},{"type":"Feature","id":1152,"geometry":{"type":"Point","coordinates":[-95.3748800621032,29.785275200665964]},"properties":{"OBJECTID":1152}},{"type":"Feature","id":1153,"geometry":{"type":"Point","coordinates":[-95.37413978855533,29.78534439056135]},"properties":{"OBJECTID":1153}},{"type":"Feature","id":1154,"geometry":{"type":"Point","coordinates":[-95.41644559886637,29.769581877644658]},"properties":{"OBJECTID":1154}},{"type":"Feature","id":1155,"geometry":{"type":"Point","coordinates":[-95.37315038549461,29.78482422902019]},"properties":{"OBJECTID":1155}},{"type":"Feature","id":1156,"geometry":{"type":"Point","coordinates":[-95.37303649796085,29.784908245654087]},"properties":{"OBJECTID":1156}},{"type":"Feature","id":1157,"geometry":{"type":"Point","coordinates":[-95.37302510809506,29.78481434518679]},"properties":{"OBJECTID":1157}},{"type":"Feature","id":1158,"geometry":{"type":"Point","coordinates":[-95.3721367798964,29.7848785930315]},"properties":{"OBJECTID":1158}},{"type":"Feature","id":1159,"geometry":{"type":"Point","coordinates":[-95.37407857439997,29.78487365057006]},"properties":{"OBJECTID":1159}},{"type":"Feature","id":1160,"geometry":{"type":"Point","coordinates":[-95.37414121248102,29.784614186861077]},"properties":{"OBJECTID":1160}},{"type":"Feature","id":1161,"geometry":{"type":"Point","coordinates":[-95.41169153983037,29.776321491861463]},"properties":{"OBJECTID":1161}},{"type":"Feature","id":1162,"geometry":{"type":"Point","coordinates":[-95.4126585049023,29.77622275041723]},"properties":{"OBJECTID":1162}},{"type":"Feature","id":1163,"geometry":{"type":"Point","coordinates":[-95.41256370473698,29.776288577882323]},"properties":{"OBJECTID":1163}},{"type":"Feature","id":1164,"geometry":{"type":"Point","coordinates":[-95.41353066873646,29.77621177903555]},"properties":{"OBJECTID":1164}},{"type":"Feature","id":1166,"geometry":{"type":"Point","coordinates":[-95.41368760116143,29.776343574810806]},"properties":{"OBJECTID":1166}},{"type":"Feature","id":1204,"geometry":{"type":"Point","coordinates":[-95.37428214903585,29.78373818381652]},"properties":{"OBJECTID":1204}},{"type":"Feature","id":1205,"geometry":{"type":"Point","coordinates":[-95.41630357442631,29.768363144517135]},"properties":{"OBJECTID":1205}},{"type":"Feature","id":1207,"geometry":{"type":"Point","coordinates":[-95.4162732604261,29.76747866583728]},"properties":{"OBJECTID":1207}},{"type":"Feature","id":1231,"geometry":{"type":"Point","coordinates":[-95.3876611825197,29.785252953192007]},"properties":{"OBJECTID":1231}},{"type":"Feature","id":1233,"geometry":{"type":"Point","coordinates":[-95.38579341621036,29.786014040503815]},"properties":{"OBJECTID":1233}},{"type":"Feature","id":1239,"geometry":{"type":"Point","coordinates":[-95.38767541913823,29.784355950643405]},"properties":{"OBJECTID":1239}},{"type":"Feature","id":1241,"geometry":{"type":"Point","coordinates":[-95.38784625163598,29.784454794803786]},"properties":{"OBJECTID":1241}},{"type":"Feature","id":1244,"geometry":{"type":"Point","coordinates":[-95.38766118283287,29.783513304777603]},"properties":{"OBJECTID":1244}},{"type":"Feature","id":1246,"geometry":{"type":"Point","coordinates":[-95.3877978479904,29.783444113098085]},"properties":{"OBJECTID":1246}},{"type":"Feature","id":1261,"geometry":{"type":"Point","coordinates":[-95.38074813991717,29.782909113159224]},"properties":{"OBJECTID":1261}},{"type":"Feature","id":1262,"geometry":{"type":"Point","coordinates":[-95.38064563988974,29.782958535990193]},"properties":{"OBJECTID":1262}},{"type":"Feature","id":1263,"geometry":{"type":"Point","coordinates":[-95.37930175935911,29.782977069049004]},"properties":{"OBJECTID":1263}},{"type":"Feature","id":1265,"geometry":{"type":"Point","coordinates":[-95.37921634322335,29.782917762245194]},"properties":{"OBJECTID":1265}},{"type":"Feature","id":1267,"geometry":{"type":"Point","coordinates":[-95.38599411555808,29.781726671186625]},"properties":{"OBJECTID":1267}},{"type":"Feature","id":1275,"geometry":{"type":"Point","coordinates":[-95.3860453648363,29.78520847166729]},"properties":{"OBJECTID":1275}},{"type":"Feature","id":1280,"geometry":{"type":"Point","coordinates":[-95.38431426434735,29.785934963638066]},"properties":{"OBJECTID":1280}},{"type":"Feature","id":1282,"geometry":{"type":"Point","coordinates":[-95.38422884854523,29.785989327250576]},"properties":{"OBJECTID":1282}},{"type":"Feature","id":1283,"geometry":{"type":"Point","coordinates":[-95.38436551343634,29.78522329803505]},"properties":{"OBJECTID":1283}},{"type":"Feature","id":1284,"geometry":{"type":"Point","coordinates":[-95.38423454212415,29.785262835092663]},"properties":{"OBJECTID":1284}},{"type":"Feature","id":1286,"geometry":{"type":"Point","coordinates":[-95.38426159104078,29.78411130985306]},"properties":{"OBJECTID":1286}},{"type":"Feature","id":1287,"geometry":{"type":"Point","coordinates":[-95.38426159102721,29.780787626981287]},"properties":{"OBJECTID":1287}},{"type":"Feature","id":1292,"geometry":{"type":"Point","coordinates":[-95.38210625624566,29.78602886406563]},"properties":{"OBJECTID":1292}},{"type":"Feature","id":1294,"geometry":{"type":"Point","coordinates":[-95.38733944840678,29.780980382323662]},"properties":{"OBJECTID":1294}},{"type":"Feature","id":1297,"geometry":{"type":"Point","coordinates":[-95.38695222911251,29.77947789489476]},"properties":{"OBJECTID":1297}},{"type":"Feature","id":1299,"geometry":{"type":"Point","coordinates":[-95.38704333952812,29.780169832396016]},"properties":{"OBJECTID":1299}},{"type":"Feature","id":1311,"geometry":{"type":"Point","coordinates":[-95.38597418480192,29.780862998420456]},"properties":{"OBJECTID":1311}},{"type":"Feature","id":1312,"geometry":{"type":"Point","coordinates":[-95.38540474309916,29.780749323495197]},"properties":{"OBJECTID":1312}},{"type":"Feature","id":1314,"geometry":{"type":"Point","coordinates":[-95.38433564673296,29.78350342024068]},"properties":{"OBJECTID":1314}},{"type":"Feature","id":1316,"geometry":{"type":"Point","coordinates":[-95.38419898105188,29.78336503792012]},"properties":{"OBJECTID":1316}},{"type":"Feature","id":1317,"geometry":{"type":"Point","coordinates":[-95.38307148800578,29.780646772253316]},"properties":{"OBJECTID":1317}},{"type":"Feature","id":1318,"geometry":{"type":"Point","coordinates":[-95.38292343364394,29.7807653891459]},"properties":{"OBJECTID":1318}},{"type":"Feature","id":1322,"geometry":{"type":"Point","coordinates":[-95.38063997455123,29.782233259605764]},"properties":{"OBJECTID":1322}},{"type":"Feature","id":1323,"geometry":{"type":"Point","coordinates":[-95.38199524442797,29.78153145233942]},"properties":{"OBJECTID":1323}},{"type":"Feature","id":1325,"geometry":{"type":"Point","coordinates":[-95.38074247437638,29.781491913929866]},"properties":{"OBJECTID":1325}},{"type":"Feature","id":1326,"geometry":{"type":"Point","coordinates":[-95.3795523429022,29.78167972147029]},"properties":{"OBJECTID":1326}},{"type":"Feature","id":1327,"geometry":{"type":"Point","coordinates":[-95.3778554088559,29.78124973971242]},"properties":{"OBJECTID":1327}},{"type":"Feature","id":1336,"geometry":{"type":"Point","coordinates":[-95.38070834548475,29.786019589926052]},"properties":{"OBJECTID":1336}},{"type":"Feature","id":1337,"geometry":{"type":"Point","coordinates":[-95.38077383117394,29.78526344559182]},"properties":{"OBJECTID":1337}},{"type":"Feature","id":1338,"geometry":{"type":"Point","coordinates":[-95.38069410898099,29.78530298294872]},"properties":{"OBJECTID":1338}},{"type":"Feature","id":1341,"geometry":{"type":"Point","coordinates":[-95.38077240707563,29.78439856728193]},"properties":{"OBJECTID":1341}},{"type":"Feature","id":1342,"geometry":{"type":"Point","coordinates":[-95.38068414461628,29.78445046066643]},"properties":{"OBJECTID":1342}},{"type":"Feature","id":1343,"geometry":{"type":"Point","coordinates":[-95.38076742476562,29.783622641680395]},"properties":{"OBJECTID":1343}},{"type":"Feature","id":1344,"geometry":{"type":"Point","coordinates":[-95.38015669950738,29.781297917390052]},"properties":{"OBJECTID":1344}},{"type":"Feature","id":1345,"geometry":{"type":"Point","coordinates":[-95.37957942814326,29.780508375885756]},"properties":{"OBJECTID":1345}},{"type":"Feature","id":1346,"geometry":{"type":"Point","coordinates":[-95.37925627074284,29.783612139394794]},"properties":{"OBJECTID":1346}},{"type":"Feature","id":1347,"geometry":{"type":"Point","coordinates":[-95.3793388395028,29.783691215068885]},"properties":{"OBJECTID":1347}},{"type":"Feature","id":1349,"geometry":{"type":"Point","coordinates":[-95.37933101000606,29.784449842080306]},"properties":{"OBJECTID":1349}},{"type":"Feature","id":1350,"geometry":{"type":"Point","coordinates":[-95.37923989916239,29.784390535866432]},"properties":{"OBJECTID":1350}},{"type":"Feature","id":1372,"geometry":{"type":"Point","coordinates":[-95.37936727199111,29.78604306222785]},"properties":{"OBJECTID":1372}},{"type":"Feature","id":1373,"geometry":{"type":"Point","coordinates":[-95.37925907772244,29.7859689306167]},"properties":{"OBJECTID":1373}},{"type":"Feature","id":1374,"geometry":{"type":"Point","coordinates":[-95.37934449445368,29.785319660004543]},"properties":{"OBJECTID":1374}},{"type":"Feature","id":1375,"geometry":{"type":"Point","coordinates":[-95.3792647722046,29.785252941061287]},"properties":{"OBJECTID":1375}},{"type":"Feature","id":1376,"geometry":{"type":"Point","coordinates":[-95.37785255822865,29.783702332248616]},"properties":{"OBJECTID":1376}},{"type":"Feature","id":1377,"geometry":{"type":"Point","coordinates":[-95.3777813781176,29.783633141529723]},"properties":{"OBJECTID":1377}},{"type":"Feature","id":1378,"geometry":{"type":"Point","coordinates":[-95.37786181270172,29.783024628823075]},"properties":{"OBJECTID":1378}},{"type":"Feature","id":1379,"geometry":{"type":"Point","coordinates":[-95.38590730188396,29.783513909884874]},"properties":{"OBJECTID":1379}},{"type":"Feature","id":1381,"geometry":{"type":"Point","coordinates":[-95.38587811849324,29.782593415814723]},"properties":{"OBJECTID":1381}},{"type":"Feature","id":1382,"geometry":{"type":"Point","coordinates":[-95.3859863115062,29.782501983975404]},"properties":{"OBJECTID":1382}},{"type":"Feature","id":1384,"geometry":{"type":"Point","coordinates":[-95.38763341990794,29.78256499833348]},"properties":{"OBJECTID":1384}},{"type":"Feature","id":1385,"geometry":{"type":"Point","coordinates":[-95.38774446104645,29.782473566059657]},"properties":{"OBJECTID":1385}},{"type":"Feature","id":1386,"geometry":{"type":"Point","coordinates":[-95.38603329038487,29.784337404956716]},"properties":{"OBJECTID":1386}},{"type":"Feature","id":1387,"geometry":{"type":"Point","coordinates":[-95.38591655550988,29.784436248394915]},"properties":{"OBJECTID":1387}},{"type":"Feature","id":1389,"geometry":{"type":"Point","coordinates":[-95.37780629115147,29.785275180887716]},"properties":{"OBJECTID":1389}},{"type":"Feature","id":1391,"geometry":{"type":"Point","coordinates":[-95.37781483311333,29.786059742180736]},"properties":{"OBJECTID":1391}},{"type":"Feature","id":1402,"geometry":{"type":"Point","coordinates":[-95.41638515146364,29.76663408160852]},"properties":{"OBJECTID":1402}},{"type":"Feature","id":1405,"geometry":{"type":"Point","coordinates":[-95.41623487409059,29.766736885507775]},"properties":{"OBJECTID":1405}},{"type":"Feature","id":1407,"geometry":{"type":"Point","coordinates":[-95.41630345916232,29.76990087795255]},"properties":{"OBJECTID":1407}},{"type":"Feature","id":1411,"geometry":{"type":"Point","coordinates":[-95.41632406653272,29.770496131080385]},"properties":{"OBJECTID":1411}},{"type":"Feature","id":1464,"geometry":{"type":"Point","coordinates":[-95.3820991388939,29.78523194709707]},"properties":{"OBJECTID":1464}},{"type":"Feature","id":1466,"geometry":{"type":"Point","coordinates":[-95.38196532019508,29.784457263275492]},"properties":{"OBJECTID":1466}},{"type":"Feature","id":1467,"geometry":{"type":"Point","coordinates":[-95.38209629118496,29.78408659937408]},"properties":{"OBJECTID":1467}},{"type":"Feature","id":1468,"geometry":{"type":"Point","coordinates":[-95.38205643026139,29.783557781928042]},"properties":{"OBJECTID":1468}},{"type":"Feature","id":1470,"geometry":{"type":"Point","coordinates":[-95.38196531976574,29.78365662681059]},"properties":{"OBJECTID":1470}},{"type":"Feature","id":1471,"geometry":{"type":"Point","coordinates":[-95.38201087549878,29.782815210247772]},"properties":{"OBJECTID":1471}},{"type":"Feature","id":1485,"geometry":{"type":"Point","coordinates":[-95.37788601319261,29.784625286653373]},"properties":{"OBJECTID":1485}},{"type":"Feature","id":1486,"geometry":{"type":"Point","coordinates":[-95.37779490266472,29.784548683613366]},"properties":{"OBJECTID":1486}},{"type":"Feature","id":1487,"geometry":{"type":"Point","coordinates":[-95.3819895207131,29.782230786522845]},"properties":{"OBJECTID":1487}},{"type":"Feature","id":1489,"geometry":{"type":"Point","coordinates":[-95.37930175928072,29.782196189983136]},"properties":{"OBJECTID":1489}},{"type":"Feature","id":1505,"geometry":{"type":"Point","coordinates":[-95.3862169756073,29.785932485982535]},"properties":{"OBJECTID":1505}},{"type":"Feature","id":1571,"geometry":{"type":"Point","coordinates":[-95.3808049668682,29.785938903600762]},"properties":{"OBJECTID":1571}},{"type":"Feature","id":1650,"geometry":{"type":"Point","coordinates":[-95.3757171598456,29.782440824037156]},"properties":{"OBJECTID":1650}},{"type":"Feature","id":1651,"geometry":{"type":"Point","coordinates":[-95.37429640436179,29.782705235474282]},"properties":{"OBJECTID":1651}},{"type":"Feature","id":1652,"geometry":{"type":"Point","coordinates":[-95.37641757273592,29.783709745967247]},"properties":{"OBJECTID":1652}},{"type":"Feature","id":1653,"geometry":{"type":"Point","coordinates":[-95.375985509038,29.782875743235007]},"properties":{"OBJECTID":1653}},{"type":"Feature","id":1654,"geometry":{"type":"Point","coordinates":[-95.37585026678272,29.783703568054072]},"properties":{"OBJECTID":1654}},{"type":"Feature","id":1655,"geometry":{"type":"Point","coordinates":[-95.37644035051348,29.78464320279525]},"properties":{"OBJECTID":1655}},{"type":"Feature","id":1656,"geometry":{"type":"Point","coordinates":[-95.37634923970465,29.784561656680232]},"properties":{"OBJECTID":1656}},{"type":"Feature","id":1720,"geometry":{"type":"Point","coordinates":[-95.37420961535727,29.78600253426936]},"properties":{"OBJECTID":1720}},{"type":"Feature","id":1937,"geometry":{"type":"Point","coordinates":[-95.4093988844925,29.76975878022703]},"properties":{"OBJECTID":1937}},{"type":"Feature","id":1976,"geometry":{"type":"Point","coordinates":[-95.41491967658045,29.770429693685323]},"properties":{"OBJECTID":1976}},{"type":"Feature","id":1977,"geometry":{"type":"Point","coordinates":[-95.41444424360225,29.770593605094692]},"properties":{"OBJECTID":1977}},{"type":"Feature","id":1980,"geometry":{"type":"Point","coordinates":[-95.41236497391832,29.766789270248097]},"properties":{"OBJECTID":1980}},{"type":"Feature","id":1981,"geometry":{"type":"Point","coordinates":[-95.41151721846956,29.766826960542392]},"properties":{"OBJECTID":1981}},{"type":"Feature","id":1982,"geometry":{"type":"Point","coordinates":[-95.41142326122922,29.76673304251775]},"properties":{"OBJECTID":1982}},{"type":"Feature","id":1983,"geometry":{"type":"Point","coordinates":[-95.41152575982522,29.76753381454666]},"properties":{"OBJECTID":1983}},{"type":"Feature","id":1984,"geometry":{"type":"Point","coordinates":[-95.41141756652955,29.76744731156307]},"properties":{"OBJECTID":1984}},{"type":"Feature","id":1985,"geometry":{"type":"Point","coordinates":[-95.41247672680669,29.767521457175608]},"properties":{"OBJECTID":1985}},{"type":"Feature","id":1986,"geometry":{"type":"Point","coordinates":[-95.41236853278744,29.76743001112211]},"properties":{"OBJECTID":1986}},{"type":"Feature","id":1987,"geometry":{"type":"Point","coordinates":[-95.41529901852142,29.768361766389344]},"properties":{"OBJECTID":1987}},{"type":"Feature","id":1988,"geometry":{"type":"Point","coordinates":[-95.41239486964915,29.768253638296592]},"properties":{"OBJECTID":1988}},{"type":"Feature","id":1989,"geometry":{"type":"Point","coordinates":[-95.41152433647817,29.76827464647714]},"properties":{"OBJECTID":1989}},{"type":"Feature","id":1990,"geometry":{"type":"Point","coordinates":[-95.41143892067797,29.768183201261966]},"properties":{"OBJECTID":1990}},{"type":"Feature","id":1991,"geometry":{"type":"Point","coordinates":[-95.41153999619412,29.769008058238718]},"properties":{"OBJECTID":1991}},{"type":"Feature","id":1992,"geometry":{"type":"Point","coordinates":[-95.4114488853328,29.76890672724099]},"properties":{"OBJECTID":1992}},{"type":"Feature","id":1993,"geometry":{"type":"Point","coordinates":[-95.41250733441213,29.76899322942072]},"properties":{"OBJECTID":1993}},{"type":"Feature","id":1994,"geometry":{"type":"Point","coordinates":[-95.41241622396076,29.76899075780062]},"properties":{"OBJECTID":1994}},{"type":"Feature","id":1995,"geometry":{"type":"Point","coordinates":[-95.41241337626556,29.76890425603807]},"properties":{"OBJECTID":1995}},{"type":"Feature","id":1996,"geometry":{"type":"Point","coordinates":[-95.41347182479866,29.768974693256155]},"properties":{"OBJECTID":1996}},{"type":"Feature","id":1997,"geometry":{"type":"Point","coordinates":[-95.41500718056848,29.76916005342537]},"properties":{"OBJECTID":1997}},{"type":"Feature","id":1998,"geometry":{"type":"Point","coordinates":[-95.41491820488831,29.76983661472699]},"properties":{"OBJECTID":1998}},{"type":"Feature","id":1999,"geometry":{"type":"Point","coordinates":[-95.41501216290018,29.769755056979932]},"properties":{"OBJECTID":1999}},{"type":"Feature","id":2000,"geometry":{"type":"Point","coordinates":[-95.41346684213018,29.769658670401654]},"properties":{"OBJECTID":2000}},{"type":"Feature","id":2001,"geometry":{"type":"Point","coordinates":[-95.41337003761616,29.76971551388337]},"properties":{"OBJECTID":2001}},{"type":"Feature","id":2002,"geometry":{"type":"Point","coordinates":[-95.41251587654462,29.76962777747088]},"properties":{"OBJECTID":2002}},{"type":"Feature","id":2003,"geometry":{"type":"Point","coordinates":[-95.41241622399869,29.769711806892374]},"properties":{"OBJECTID":2003}},{"type":"Feature","id":2004,"geometry":{"type":"Point","coordinates":[-95.4114759338301,29.769651874174556]},"properties":{"OBJECTID":2004}},{"type":"Feature","id":2082,"geometry":{"type":"Point","coordinates":[-95.40829331699777,29.76981305063822]},"properties":{"OBJECTID":2082}},{"type":"Feature","id":2083,"geometry":{"type":"Point","coordinates":[-95.40485606886634,29.7661963952811]},"properties":{"OBJECTID":2083}},{"type":"Feature","id":2084,"geometry":{"type":"Point","coordinates":[-95.40485514649149,29.76610024572342]},"properties":{"OBJECTID":2084}},{"type":"Feature","id":2085,"geometry":{"type":"Point","coordinates":[-95.40471288326911,29.76619500625073]},"properties":{"OBJECTID":2085}},{"type":"Feature","id":2111,"geometry":{"type":"Point","coordinates":[-95.40953847224651,29.76892092466362]},"properties":{"OBJECTID":2111}},{"type":"Feature","id":2112,"geometry":{"type":"Point","coordinates":[-95.40938251260123,29.76902228526935]},"properties":{"OBJECTID":2112}},{"type":"Feature","id":2113,"geometry":{"type":"Point","coordinates":[-95.40952782432369,29.7682116391174]},"properties":{"OBJECTID":2113}},{"type":"Feature","id":2114,"geometry":{"type":"Point","coordinates":[-95.40935688788306,29.768303084424]},"properties":{"OBJECTID":2114}},{"type":"Feature","id":2115,"geometry":{"type":"Point","coordinates":[-95.40950291659021,29.76675404920888]},"properties":{"OBJECTID":2115}},{"type":"Feature","id":2116,"geometry":{"type":"Point","coordinates":[-95.40933197511414,29.766860343003554]},"properties":{"OBJECTID":2116}},{"type":"Feature","id":2117,"geometry":{"type":"Point","coordinates":[-95.40932401612818,29.767594344176985]},"properties":{"OBJECTID":2117}},{"type":"Feature","id":2118,"geometry":{"type":"Point","coordinates":[-95.41338716190286,29.770338246285412]},"properties":{"OBJECTID":2118}},{"type":"Feature","id":2119,"geometry":{"type":"Point","coordinates":[-95.41244760129098,29.770323437576486]},"properties":{"OBJECTID":2119}},{"type":"Feature","id":2120,"geometry":{"type":"Point","coordinates":[-95.41257718571036,29.77051513427318]},"properties":{"OBJECTID":2120}},{"type":"Feature","id":2121,"geometry":{"type":"Point","coordinates":[-95.41149092869769,29.770346950192867]},"properties":{"OBJECTID":2121}},{"type":"Feature","id":2122,"geometry":{"type":"Point","coordinates":[-95.4107038000897,29.76964814830384]},"properties":{"OBJECTID":2122}},{"type":"Feature","id":2123,"geometry":{"type":"Point","coordinates":[-95.41063461613999,29.768933921233533]},"properties":{"OBJECTID":2123}},{"type":"Feature","id":2124,"geometry":{"type":"Point","coordinates":[-95.41051503366204,29.76901548017114]},"properties":{"OBJECTID":2124}},{"type":"Feature","id":2125,"geometry":{"type":"Point","coordinates":[-95.4106225159743,29.768195565899795]},"properties":{"OBJECTID":2125}},{"type":"Feature","id":2126,"geometry":{"type":"Point","coordinates":[-95.41050862775256,29.768282067735388]},"properties":{"OBJECTID":2126}},{"type":"Feature","id":2127,"geometry":{"type":"Point","coordinates":[-95.41061041504828,29.76746091217379]},"properties":{"OBJECTID":2127}},{"type":"Feature","id":2128,"geometry":{"type":"Point","coordinates":[-95.41049937349484,29.767559772672787]},"properties":{"OBJECTID":2128}},{"type":"Feature","id":2129,"geometry":{"type":"Point","coordinates":[-95.41051432142358,29.766747879184475]},"properties":{"OBJECTID":2129}},{"type":"Feature","id":2130,"geometry":{"type":"Point","coordinates":[-95.41040612824341,29.766829439792737]},"properties":{"OBJECTID":2130}},{"type":"Feature","id":2131,"geometry":{"type":"Point","coordinates":[-95.41045453037142,29.76648589676608]},"properties":{"OBJECTID":2131}},{"type":"Feature","id":2132,"geometry":{"type":"Point","coordinates":[-95.41044314213678,29.766008890410266]},"properties":{"OBJECTID":2132}},{"type":"Feature","id":2133,"geometry":{"type":"Point","coordinates":[-95.40963595852466,29.765295847091366]},"properties":{"OBJECTID":2133}},{"type":"Feature","id":2134,"geometry":{"type":"Point","coordinates":[-95.41145318777818,29.762861945799074]},"properties":{"OBJECTID":2134}},{"type":"Feature","id":2135,"geometry":{"type":"Point","coordinates":[-95.41137061836467,29.763798686178756]},"properties":{"OBJECTID":2135}},{"type":"Feature","id":2136,"geometry":{"type":"Point","coordinates":[-95.41148450682778,29.763902493269676]},"properties":{"OBJECTID":2136}},{"type":"Feature","id":2137,"geometry":{"type":"Point","coordinates":[-95.41638734990269,29.768140538412094]},"properties":{"OBJECTID":2137}},{"type":"Feature","id":2138,"geometry":{"type":"Point","coordinates":[-95.41329031189485,29.765956992570324]},"properties":{"OBJECTID":2138}},{"type":"Feature","id":2139,"geometry":{"type":"Point","coordinates":[-95.41338550060365,29.76604901687783]},"properties":{"OBJECTID":2139}},{"type":"Feature","id":2140,"geometry":{"type":"Point","coordinates":[-95.41232012759569,29.764630595035285]},"properties":{"OBJECTID":2140}},{"type":"Feature","id":2141,"geometry":{"type":"Point","coordinates":[-95.41523644599883,29.767416340059974]},"properties":{"OBJECTID":2141}},{"type":"Feature","id":2142,"geometry":{"type":"Point","coordinates":[-95.41531294358658,29.767485041077215]},"properties":{"OBJECTID":2142}},{"type":"Feature","id":2143,"geometry":{"type":"Point","coordinates":[-95.41147021101992,29.764553127307508]},"properties":{"OBJECTID":2143}},{"type":"Feature","id":2144,"geometry":{"type":"Point","coordinates":[-95.4113847943711,29.764624803443475]},"properties":{"OBJECTID":2144}},{"type":"Feature","id":2145,"geometry":{"type":"Point","coordinates":[-95.4105284982361,29.764546331142178]},"properties":{"OBJECTID":2145}},{"type":"Feature","id":2146,"geometry":{"type":"Point","coordinates":[-95.41243043074996,29.76523775305501]},"properties":{"OBJECTID":2146}},{"type":"Feature","id":2147,"geometry":{"type":"Point","coordinates":[-95.41231939028695,29.765331673004237]},"properties":{"OBJECTID":2147}},{"type":"Feature","id":2148,"geometry":{"type":"Point","coordinates":[-95.41053632842228,29.76537183531617]},"properties":{"OBJECTID":2148}},{"type":"Feature","id":2149,"geometry":{"type":"Point","coordinates":[-95.41043952291369,29.765285331346867]},"properties":{"OBJECTID":2149}},{"type":"Feature","id":2150,"geometry":{"type":"Point","coordinates":[-95.41138408286639,29.7659977565545]},"properties":{"OBJECTID":2150}},{"type":"Feature","id":2151,"geometry":{"type":"Point","coordinates":[-95.41149727004367,29.76607627850454]},"properties":{"OBJECTID":2151}},{"type":"Feature","id":2152,"geometry":{"type":"Point","coordinates":[-95.41235718621385,29.765972901110203]},"properties":{"OBJECTID":2152}},{"type":"Feature","id":2153,"geometry":{"type":"Point","coordinates":[-95.4124674730194,29.76670771001513]},"properties":{"OBJECTID":2153}},{"type":"Feature","id":2170,"geometry":{"type":"Point","coordinates":[-95.40082380193007,29.766378383150617]},"properties":{"OBJECTID":2170}},{"type":"Feature","id":2271,"geometry":{"type":"Point","coordinates":[-95.4048768343971,29.76828508907575]},"properties":{"OBJECTID":2271}},{"type":"Feature","id":2272,"geometry":{"type":"Point","coordinates":[-95.40477302014243,29.76833833900487]},"properties":{"OBJECTID":2272}},{"type":"Feature","id":2273,"geometry":{"type":"Point","coordinates":[-95.40491458562008,29.76946477647126]},"properties":{"OBJECTID":2273}},{"type":"Feature","id":2274,"geometry":{"type":"Point","coordinates":[-95.40478224842849,29.76955286738702]},"properties":{"OBJECTID":2274}},{"type":"Feature","id":2311,"geometry":{"type":"Point","coordinates":[-95.39855156099132,29.76908802624615]},"properties":{"OBJECTID":2311}},{"type":"Feature","id":2312,"geometry":{"type":"Point","coordinates":[-95.3991963637807,29.769052170950683]},"properties":{"OBJECTID":2312}},{"type":"Feature","id":2313,"geometry":{"type":"Point","coordinates":[-95.3992779023081,29.7691397135333]},"properties":{"OBJECTID":2313}},{"type":"Feature","id":2314,"geometry":{"type":"Point","coordinates":[-95.40084216689934,29.769196056912335]},"properties":{"OBJECTID":2314}},{"type":"Feature","id":2315,"geometry":{"type":"Point","coordinates":[-95.40091351360647,29.769400011169253]},"properties":{"OBJECTID":2315}},{"type":"Feature","id":2316,"geometry":{"type":"Point","coordinates":[-95.40091512289935,29.768763002507008]},"properties":{"OBJECTID":2316}},{"type":"Feature","id":2317,"geometry":{"type":"Point","coordinates":[-95.40081856402337,29.768841231254648]},"properties":{"OBJECTID":2317}},{"type":"Feature","id":2318,"geometry":{"type":"Point","coordinates":[-95.40085826052747,29.769881954955817]},"properties":{"OBJECTID":2318}},{"type":"Feature","id":2319,"geometry":{"type":"Point","coordinates":[-95.39920516587608,29.76971613761235]},"properties":{"OBJECTID":2319}},{"type":"Feature","id":2324,"geometry":{"type":"Point","coordinates":[-95.40468607463227,29.76472368650359]},"properties":{"OBJECTID":2324}},{"type":"Feature","id":2358,"geometry":{"type":"Point","coordinates":[-95.4049112003025,29.767673309677615]},"properties":{"OBJECTID":2358}},{"type":"Feature","id":2359,"geometry":{"type":"Point","coordinates":[-95.40324184605628,29.767721022914255]},"properties":{"OBJECTID":2359}},{"type":"Feature","id":2383,"geometry":{"type":"Point","coordinates":[-95.40177558700928,29.76888053193434]},"properties":{"OBJECTID":2383}},{"type":"Feature","id":2384,"geometry":{"type":"Point","coordinates":[-95.40191846083673,29.769006488567243]},"properties":{"OBJECTID":2384}},{"type":"Feature","id":2385,"geometry":{"type":"Point","coordinates":[-95.40180305153855,29.769952868948078]},"properties":{"OBJECTID":2385}},{"type":"Feature","id":2386,"geometry":{"type":"Point","coordinates":[-95.40310490653732,29.76839277820634]},"properties":{"OBJECTID":2386}},{"type":"Feature","id":2387,"geometry":{"type":"Point","coordinates":[-95.40322469697034,29.76829869792141]},"properties":{"OBJECTID":2387}},{"type":"Feature","id":2388,"geometry":{"type":"Point","coordinates":[-95.40324347225719,29.769048396744065]},"properties":{"OBJECTID":2388}},{"type":"Feature","id":2417,"geometry":{"type":"Point","coordinates":[-95.40474927921332,29.76686545064168]},"properties":{"OBJECTID":2417}},{"type":"Feature","id":2418,"geometry":{"type":"Point","coordinates":[-95.40487181649854,29.766814544477015]},"properties":{"OBJECTID":2418}},{"type":"Feature","id":2419,"geometry":{"type":"Point","coordinates":[-95.40608288279351,29.76682979457121]},"properties":{"OBJECTID":2419}},{"type":"Feature","id":2420,"geometry":{"type":"Point","coordinates":[-95.40606645190363,29.767547670494455]},"properties":{"OBJECTID":2420}},{"type":"Feature","id":2421,"geometry":{"type":"Point","coordinates":[-95.40320860307291,29.769479121913417]},"properties":{"OBJECTID":2421}},{"type":"Feature","id":2422,"geometry":{"type":"Point","coordinates":[-95.40406294211213,29.76955306688872]},"properties":{"OBJECTID":2422}},{"type":"Feature","id":2423,"geometry":{"type":"Point","coordinates":[-95.40388644839004,29.770192970675673]},"properties":{"OBJECTID":2423}},{"type":"Feature","id":2449,"geometry":{"type":"Point","coordinates":[-95.4048071999377,29.76906003767206]},"properties":{"OBJECTID":2449}},{"type":"Feature","id":2450,"geometry":{"type":"Point","coordinates":[-95.40493432093089,29.768979959589124]},"properties":{"OBJECTID":2450}},{"type":"Feature","id":2516,"geometry":{"type":"Point","coordinates":[-95.41062345575743,29.77633794843061]},"properties":{"OBJECTID":2516}},{"type":"Feature","id":2528,"geometry":{"type":"Point","coordinates":[-95.37313330122629,29.784898361585363]},"properties":{"OBJECTID":2528}},{"type":"Feature","id":2566,"geometry":{"type":"Point","coordinates":[-95.4060855631764,29.768283635500303]},"properties":{"OBJECTID":2566}},{"type":"Feature","id":2567,"geometry":{"type":"Point","coordinates":[-95.4060436302715,29.76908458822694]},"properties":{"OBJECTID":2567}},{"type":"Feature","id":2568,"geometry":{"type":"Point","coordinates":[-95.40607215222877,29.769471044344655]},"properties":{"OBJECTID":2568}},{"type":"Feature","id":2569,"geometry":{"type":"Point","coordinates":[-95.4061553000859,29.769752760740264]},"properties":{"OBJECTID":2569}},{"type":"Feature","id":2570,"geometry":{"type":"Point","coordinates":[-95.40604057148997,29.770397319286975]},"properties":{"OBJECTID":2570}},{"type":"Feature","id":2571,"geometry":{"type":"Point","coordinates":[-95.40623550009708,29.770588623825486]},"properties":{"OBJECTID":2571}},{"type":"Feature","id":2572,"geometry":{"type":"Point","coordinates":[-95.40733788931568,29.77058891993345]},"properties":{"OBJECTID":2572}},{"type":"Feature","id":2573,"geometry":{"type":"Point","coordinates":[-95.40716513439358,29.769801980754412]},"properties":{"OBJECTID":2573}},{"type":"Feature","id":2574,"geometry":{"type":"Point","coordinates":[-95.40733486746025,29.76969131003503]},"properties":{"OBJECTID":2574}},{"type":"Feature","id":2645,"geometry":{"type":"Point","coordinates":[-95.38432217076878,29.78251582771376]},"properties":{"OBJECTID":2645}},{"type":"Feature","id":2646,"geometry":{"type":"Point","coordinates":[-95.3841629729879,29.78267634906822]},"properties":{"OBJECTID":2646}},{"type":"Feature","id":2647,"geometry":{"type":"Point","coordinates":[-95.3841818693691,29.781622882594846]},"properties":{"OBJECTID":2647}},{"type":"Feature","id":2648,"geometry":{"type":"Point","coordinates":[-95.38428436804416,29.78171184442448]},"properties":{"OBJECTID":2648}},{"type":"Feature","id":2669,"geometry":{"type":"Point","coordinates":[-95.38430145162532,29.78442266808097]},"properties":{"OBJECTID":2669}},{"type":"Feature","id":2676,"geometry":{"type":"Point","coordinates":[-95.38063075928561,29.78367947705309]},"properties":{"OBJECTID":2676}},{"type":"Feature","id":2677,"geometry":{"type":"Point","coordinates":[-95.41639435194845,29.77068000889644]},"properties":{"OBJECTID":2677}},{"type":"Feature","id":2680,"geometry":{"type":"Point","coordinates":[-95.38601549581506,29.783422478948044]},"properties":{"OBJECTID":2680}},{"type":"Feature","id":2681,"geometry":{"type":"Point","coordinates":[-95.37790024946827,29.78535672617419]},"properties":{"OBJECTID":2681}},{"type":"Feature","id":2690,"geometry":{"type":"Point","coordinates":[-95.3819795563387,29.785320905681626]},"properties":{"OBJECTID":2690}},{"type":"Feature","id":2691,"geometry":{"type":"Point","coordinates":[-95.3819880974316,29.78296841998457]},"properties":{"OBJECTID":2691}},{"type":"Feature","id":2693,"geometry":{"type":"Point","coordinates":[-95.37920495447406,29.782290094241993]},"properties":{"OBJECTID":2693}},{"type":"Feature","id":2699,"geometry":{"type":"Point","coordinates":[-95.40619394555874,29.768392569904933]},"properties":{"OBJECTID":2699}},{"type":"Feature","id":2728,"geometry":{"type":"Point","coordinates":[-95.40842248405824,29.77055340648442]},"properties":{"OBJECTID":2728}},{"type":"Feature","id":2729,"geometry":{"type":"Point","coordinates":[-95.40716143243371,29.768244614104713]},"properties":{"OBJECTID":2729}},{"type":"Feature","id":2730,"geometry":{"type":"Point","coordinates":[-95.40723086647387,29.768337186237794]},"properties":{"OBJECTID":2730}},{"type":"Feature","id":2731,"geometry":{"type":"Point","coordinates":[-95.40716917498212,29.769075570732134]},"properties":{"OBJECTID":2731}},{"type":"Feature","id":2732,"geometry":{"type":"Point","coordinates":[-95.40728957227468,29.76896781621877]},"properties":{"OBJECTID":2732}},{"type":"Feature","id":2733,"geometry":{"type":"Point","coordinates":[-95.40825781204515,29.769083734958766]},"properties":{"OBJECTID":2733}},{"type":"Feature","id":2734,"geometry":{"type":"Point","coordinates":[-95.40838089133291,29.768953256630457]},"properties":{"OBJECTID":2734}},{"type":"Feature","id":2735,"geometry":{"type":"Point","coordinates":[-95.40838761575003,29.76832118375583]},"properties":{"OBJECTID":2735}},{"type":"Feature","id":2801,"geometry":{"type":"Point","coordinates":[-95.40835327867907,29.76613165317968]},"properties":{"OBJECTID":2801}},{"type":"Feature","id":2804,"geometry":{"type":"Point","coordinates":[-95.4072434467672,29.76687306568871]},"properties":{"OBJECTID":2804}},{"type":"Feature","id":2818,"geometry":{"type":"Point","coordinates":[-95.4184330637532,29.770654286948023]},"properties":{"OBJECTID":2818}},{"type":"Feature","id":2819,"geometry":{"type":"Point","coordinates":[-95.4192181504361,29.765841240182187]},"properties":{"OBJECTID":2819}},{"type":"Feature","id":2822,"geometry":{"type":"Point","coordinates":[-95.37497117201391,29.78536910154188]},"properties":{"OBJECTID":2822}},{"type":"Feature","id":2823,"geometry":{"type":"Point","coordinates":[-95.41628323591632,29.767388208699998]},"properties":{"OBJECTID":2823}},{"type":"Feature","id":2826,"geometry":{"type":"Point","coordinates":[-95.38771812736307,29.78598438710927]},"properties":{"OBJECTID":2826}},{"type":"Feature","id":2829,"geometry":{"type":"Point","coordinates":[-95.3854716827411,29.780070984440357]},"properties":{"OBJECTID":2829}},{"type":"Feature","id":2831,"geometry":{"type":"Point","coordinates":[-95.3858859211032,29.781637709661556]},"properties":{"OBJECTID":2831}},{"type":"Feature","id":2832,"geometry":{"type":"Point","coordinates":[-95.37866401536951,29.780913660280234]},"properties":{"OBJECTID":2832}},{"type":"Feature","id":2844,"geometry":{"type":"Point","coordinates":[-95.4082547533128,29.768236775527313]},"properties":{"OBJECTID":2844}},{"type":"Feature","id":2849,"geometry":{"type":"Point","coordinates":[-95.4191806208529,29.762921163492205]},"properties":{"OBJECTID":2849}},{"type":"Feature","id":2854,"geometry":{"type":"Point","coordinates":[-95.42090803507236,29.762881203683655]},"properties":{"OBJECTID":2854}},{"type":"Feature","id":2894,"geometry":{"type":"Point","coordinates":[-95.40086217059537,29.766933817783478]},"properties":{"OBJECTID":2894}},{"type":"Feature","id":2895,"geometry":{"type":"Point","coordinates":[-95.40076104983754,29.76700788005535]},"properties":{"OBJECTID":2895}},{"type":"Feature","id":2971,"geometry":{"type":"Point","coordinates":[-95.38199806320246,29.78592013771276]},"properties":{"OBJECTID":2971}},{"type":"Feature","id":2979,"geometry":{"type":"Point","coordinates":[-95.38072823536699,29.782162201885676]},"properties":{"OBJECTID":2979}},{"type":"Feature","id":2985,"geometry":{"type":"Point","coordinates":[-95.37791448505327,29.78597572592534]},"properties":{"OBJECTID":2985}},{"type":"Feature","id":3016,"geometry":{"type":"Point","coordinates":[-95.40711058561507,29.7667758349247]},"properties":{"OBJECTID":3016}},{"type":"Feature","id":3029,"geometry":{"type":"Point","coordinates":[-95.40182187237467,29.763490500967333]},"properties":{"OBJECTID":3029}},{"type":"Feature","id":3078,"geometry":{"type":"Point","coordinates":[-95.40824659587776,29.766073150449866]},"properties":{"OBJECTID":3078}},{"type":"Feature","id":3079,"geometry":{"type":"Point","coordinates":[-95.40717099090455,29.76607766946906]},"properties":{"OBJECTID":3079}},{"type":"Feature","id":3127,"geometry":{"type":"Point","coordinates":[-95.40194796567671,29.769521029553072]},"properties":{"OBJECTID":3127}},{"type":"Feature","id":3146,"geometry":{"type":"Point","coordinates":[-95.40597450109958,29.76694863446739]},"properties":{"OBJECTID":3146}},{"type":"Feature","id":3150,"geometry":{"type":"Point","coordinates":[-95.40408742288878,29.770400868139745]},"properties":{"OBJECTID":3150}},{"type":"Feature","id":3201,"geometry":{"type":"Point","coordinates":[-95.40725451602336,29.76615043699815]},"properties":{"OBJECTID":3201}},{"type":"Feature","id":3202,"geometry":{"type":"Point","coordinates":[-95.40823582709706,29.766843682917255]},"properties":{"OBJECTID":3202}},{"type":"Feature","id":3203,"geometry":{"type":"Point","coordinates":[-95.40833140407275,29.76677816365355]},"properties":{"OBJECTID":3203}},{"type":"Feature","id":3204,"geometry":{"type":"Point","coordinates":[-95.40828810570585,29.767508934977613]},"properties":{"OBJECTID":3204}},{"type":"Feature","id":3205,"geometry":{"type":"Point","coordinates":[-95.40838397811999,29.767593388065734]},"properties":{"OBJECTID":3205}},{"type":"Feature","id":3206,"geometry":{"type":"Point","coordinates":[-95.4071721288887,29.767535116548974]},"properties":{"OBJECTID":3206}},{"type":"Feature","id":3207,"geometry":{"type":"Point","coordinates":[-95.40726185543136,29.767614235274458]},"properties":{"OBJECTID":3207}},{"type":"Feature","id":3208,"geometry":{"type":"Point","coordinates":[-95.40603695887772,29.766073691299614]},"properties":{"OBJECTID":3208}},{"type":"Feature","id":3298,"geometry":{"type":"Point","coordinates":[-95.40609327936494,29.765429319490416]},"properties":{"OBJECTID":3298}},{"type":"Feature","id":3299,"geometry":{"type":"Point","coordinates":[-95.40175159882267,29.765644692481448]},"properties":{"OBJECTID":3299}},{"type":"Feature","id":3308,"geometry":{"type":"Point","coordinates":[-95.4125130285514,29.768906727059342]},"properties":{"OBJECTID":3308}},{"type":"Feature","id":3358,"geometry":{"type":"Point","coordinates":[-95.40613579215912,29.766182138698262]},"properties":{"OBJECTID":3358}},{"type":"Feature","id":3447,"geometry":{"type":"Point","coordinates":[-95.40956054238087,29.769661140458116]},"properties":{"OBJECTID":3447}},{"type":"Feature","id":3448,"geometry":{"type":"Point","coordinates":[-95.4116048465271,29.770531215637707]},"properties":{"OBJECTID":3448}},{"type":"Feature","id":3449,"geometry":{"type":"Point","coordinates":[-95.40925716185399,29.765404629518034]},"properties":{"OBJECTID":3449}},{"type":"Feature","id":3450,"geometry":{"type":"Point","coordinates":[-95.41642820321617,29.768893514044745]},"properties":{"OBJECTID":3450}},{"type":"Feature","id":3451,"geometry":{"type":"Point","coordinates":[-95.41527705521989,29.76678015810271]},"properties":{"OBJECTID":3451}},{"type":"Feature","id":3452,"geometry":{"type":"Point","coordinates":[-95.41138550636401,29.765276680544243]},"properties":{"OBJECTID":3452}},{"type":"Feature","id":3453,"geometry":{"type":"Point","coordinates":[-95.41244301640337,29.76605485828142]},"properties":{"OBJECTID":3453}},{"type":"Feature","id":3456,"geometry":{"type":"Point","coordinates":[-95.41833582512325,29.763527411679675]},"properties":{"OBJECTID":3456}},{"type":"Feature","id":3463,"geometry":{"type":"Point","coordinates":[-95.41156135007657,29.769733431632517]},"properties":{"OBJECTID":3463}},{"type":"Feature","id":3471,"geometry":{"type":"Point","coordinates":[-95.40614725349344,29.769014708893234]},"properties":{"OBJECTID":3471}},{"type":"Feature","id":3472,"geometry":{"type":"Point","coordinates":[-95.4071798676253,29.770405779937366]},"properties":{"OBJECTID":3472}},{"type":"Feature","id":3601,"geometry":{"type":"Point","coordinates":[-95.4082614409139,29.77037521732966]},"properties":{"OBJECTID":3601}},{"type":"Feature","id":3606,"geometry":{"type":"Point","coordinates":[-95.41076881566876,29.776255664346387]},"properties":{"OBJECTID":3606}},{"type":"Feature","id":3625,"geometry":{"type":"Point","coordinates":[-95.41249452185392,29.768169607982095]},"properties":{"OBJECTID":3625}},{"type":"Feature","id":3626,"geometry":{"type":"Point","coordinates":[-95.41331514949897,29.768992036399904]},"properties":{"OBJECTID":3626}},{"type":"Feature","id":3758,"geometry":{"type":"Point","coordinates":[-95.40176132530239,29.76762179386605]},"properties":{"OBJECTID":3758}},{"type":"Feature","id":3877,"geometry":{"type":"Point","coordinates":[-95.39819928108939,29.766493131418173]},"properties":{"OBJECTID":3877}},{"type":"Feature","id":4011,"geometry":{"type":"Point","coordinates":[-95.41638689287305,29.767380398043723]},"properties":{"OBJECTID":4011}},{"type":"Feature","id":4013,"geometry":{"type":"Point","coordinates":[-95.40951245194063,29.76748617401874]},"properties":{"OBJECTID":4013}},{"type":"Feature","id":4014,"geometry":{"type":"Point","coordinates":[-95.41052143982202,29.76975197502336]},"properties":{"OBJECTID":4014}},{"type":"Feature","id":4015,"geometry":{"type":"Point","coordinates":[-95.41053140493996,29.766083036534077]},"properties":{"OBJECTID":4015}},{"type":"Feature","id":4016,"geometry":{"type":"Point","coordinates":[-95.41331503046266,29.76535266244092]},"properties":{"OBJECTID":4016}},{"type":"Feature","id":4017,"geometry":{"type":"Point","coordinates":[-95.41148231164136,29.765360713235548]},"properties":{"OBJECTID":4017}},{"type":"Feature","id":4038,"geometry":{"type":"Point","coordinates":[-95.40095267393174,29.769988122830657]},"properties":{"OBJECTID":4038}},{"type":"Feature","id":4042,"geometry":{"type":"Point","coordinates":[-95.40480720031091,29.76755830672885]},"properties":{"OBJECTID":4042}},{"type":"Feature","id":4045,"geometry":{"type":"Point","coordinates":[-95.40180709330167,29.769509452695935]},"properties":{"OBJECTID":4045}},{"type":"Feature","id":4049,"geometry":{"type":"Point","coordinates":[-95.4061622880149,29.767641561513642]},"properties":{"OBJECTID":4049}},{"type":"Feature","id":4117,"geometry":{"type":"Point","coordinates":[-95.40175430182366,29.767016191347384]},"properties":{"OBJECTID":4117}},{"type":"Feature","id":4118,"geometry":{"type":"Point","coordinates":[-95.40192988773546,29.766833290500816]},"properties":{"OBJECTID":4118}},{"type":"Feature","id":4119,"geometry":{"type":"Point","coordinates":[-95.40190348660724,29.76624961576584]},"properties":{"OBJECTID":4119}},{"type":"Feature","id":4120,"geometry":{"type":"Point","coordinates":[-95.40174897087655,29.7663939052214]},"properties":{"OBJECTID":4120}},{"type":"Feature","id":4121,"geometry":{"type":"Point","coordinates":[-95.40175365302451,29.766243519148293]},"properties":{"OBJECTID":4121}},{"type":"Feature","id":4146,"geometry":{"type":"Point","coordinates":[-95.40194627554837,29.767629922810844]},"properties":{"OBJECTID":4146}},{"type":"Feature","id":4147,"geometry":{"type":"Point","coordinates":[-95.40178250499795,29.768250730952126]},"properties":{"OBJECTID":4147}},{"type":"Feature","id":4148,"geometry":{"type":"Point","coordinates":[-95.40096661692836,29.768155217481183]},"properties":{"OBJECTID":4148}},{"type":"Feature","id":4149,"geometry":{"type":"Point","coordinates":[-95.40079103185222,29.76825479555963]},"properties":{"OBJECTID":4149}},{"type":"Feature","id":4150,"geometry":{"type":"Point","coordinates":[-95.40077230286697,29.767657325617265]},"properties":{"OBJECTID":4150}},{"type":"Feature","id":4151,"geometry":{"type":"Point","coordinates":[-95.40092213580265,29.767541488707806]},"properties":{"OBJECTID":4151}},{"type":"Feature","id":4152,"geometry":{"type":"Point","coordinates":[-95.40190407150119,29.766384760175477]},"properties":{"OBJECTID":4152}},{"type":"Feature","id":4318,"geometry":{"type":"Point","coordinates":[-95.41343893360622,29.767913416510304]},"properties":{"OBJECTID":4318}},{"type":"Feature","id":4319,"geometry":{"type":"Point","coordinates":[-95.41835611189143,29.764323708443232]},"properties":{"OBJECTID":4319}},{"type":"Feature","id":4323,"geometry":{"type":"Point","coordinates":[-95.40195809066633,29.768289342961797]},"properties":{"OBJECTID":4323}},{"type":"Feature","id":4333,"geometry":{"type":"Point","coordinates":[-95.41834483343997,29.762925228255]},"properties":{"OBJECTID":4333}},{"type":"Feature","id":4334,"geometry":{"type":"Point","coordinates":[-95.42002109019447,29.76290897015224]},"properties":{"OBJECTID":4334}},{"type":"Feature","id":4354,"geometry":{"type":"Point","coordinates":[-95.40951923781978,29.76541835676822]},"properties":{"OBJECTID":4354}},{"type":"Feature","id":4355,"geometry":{"type":"Point","coordinates":[-95.40482627332517,29.765351465590452]},"properties":{"OBJECTID":4355}},{"type":"Feature","id":4356,"geometry":{"type":"Point","coordinates":[-95.4047294681843,29.76544044200257]},"properties":{"OBJECTID":4356}},{"type":"Feature","id":4360,"geometry":{"type":"Point","coordinates":[-95.40182240898272,29.76535784272801]},"properties":{"OBJECTID":4360}},{"type":"Feature","id":4480,"geometry":{"type":"Point","coordinates":[-95.37349549022912,29.781650649919385]},"properties":{"OBJECTID":4480}},{"type":"Feature","id":4496,"geometry":{"type":"Point","coordinates":[-95.39733564107205,29.783374907005662]},"properties":{"OBJECTID":4496}},{"type":"Feature","id":4497,"geometry":{"type":"Point","coordinates":[-95.39741467109317,29.779541368893177]},"properties":{"OBJECTID":4497}},{"type":"Feature","id":4515,"geometry":{"type":"Point","coordinates":[-95.40177356021486,29.762827704184406]},"properties":{"OBJECTID":4515}},{"type":"Feature","id":4518,"geometry":{"type":"Point","coordinates":[-95.39712136749307,29.76668127648877]},"properties":{"OBJECTID":4518}},{"type":"Feature","id":4519,"geometry":{"type":"Point","coordinates":[-95.3972256385397,29.76797532070146]},"properties":{"OBJECTID":4519}},{"type":"Feature","id":4675,"geometry":{"type":"Point","coordinates":[-95.41939282209145,29.770925012195907]},"properties":{"OBJECTID":4675}},{"type":"Feature","id":4676,"geometry":{"type":"Point","coordinates":[-95.41757944191536,29.766698610208152]},"properties":{"OBJECTID":4676}},{"type":"Feature","id":4677,"geometry":{"type":"Point","coordinates":[-95.41757127419952,29.765147397179106]},"properties":{"OBJECTID":4677}},{"type":"Feature","id":4721,"geometry":{"type":"Point","coordinates":[-95.41346702761389,29.766692050269754]},"properties":{"OBJECTID":4721}},{"type":"Feature","id":4722,"geometry":{"type":"Point","coordinates":[-95.41330783042866,29.76679162986467]},"properties":{"OBJECTID":4722}},{"type":"Feature","id":4723,"geometry":{"type":"Point","coordinates":[-95.41333826447445,29.768240602538967]},"properties":{"OBJECTID":4723}},{"type":"Feature","id":4724,"geometry":{"type":"Point","coordinates":[-95.41333826496081,29.767437878464406]},"properties":{"OBJECTID":4724}},{"type":"Feature","id":4725,"geometry":{"type":"Point","coordinates":[-95.41342488729268,29.76751916739534]},"properties":{"OBJECTID":4725}},{"type":"Feature","id":4726,"geometry":{"type":"Point","coordinates":[-95.41343893402039,29.763710714807]},"properties":{"OBJECTID":4726}},{"type":"Feature","id":4727,"geometry":{"type":"Point","coordinates":[-95.41332655955743,29.763883459430147]},"properties":{"OBJECTID":4727}},{"type":"Feature","id":4728,"geometry":{"type":"Point","coordinates":[-95.41243692620998,29.763915976569876]},"properties":{"OBJECTID":4728}},{"type":"Feature","id":4729,"geometry":{"type":"Point","coordinates":[-95.41848764355335,29.764309997751557]},"properties":{"OBJECTID":4729}},{"type":"Feature","id":4730,"geometry":{"type":"Point","coordinates":[-95.41848559876149,29.76443966168551]},"properties":{"OBJECTID":4730}},{"type":"Feature","id":4759,"geometry":{"type":"Point","coordinates":[-95.41835274829413,29.76442975800432]},"properties":{"OBJECTID":4759}},{"type":"Feature","id":4760,"geometry":{"type":"Point","coordinates":[-95.41933513595868,29.764331579348244]},"properties":{"OBJECTID":4760}},{"type":"Feature","id":4761,"geometry":{"type":"Point","coordinates":[-95.41921807905051,29.764406773779623]},"properties":{"OBJECTID":4761}},{"type":"Feature","id":4762,"geometry":{"type":"Point","coordinates":[-95.42023413391514,29.764292966039438]},"properties":{"OBJECTID":4762}},{"type":"Feature","id":4806,"geometry":{"type":"Point","coordinates":[-95.41848526388924,29.765953589814636]},"properties":{"OBJECTID":4806}},{"type":"Feature","id":4807,"geometry":{"type":"Point","coordinates":[-95.42094549353389,29.76582261361341]},"properties":{"OBJECTID":4807}},{"type":"Feature","id":4811,"geometry":{"type":"Point","coordinates":[-95.42184135159529,29.765803986660384]},"properties":{"OBJECTID":4811}},{"type":"Feature","id":4812,"geometry":{"type":"Point","coordinates":[-95.41839483322468,29.767343548119182]},"properties":{"OBJECTID":4812}},{"type":"Feature","id":4813,"geometry":{"type":"Point","coordinates":[-95.42011412971681,29.768849938489325]},"properties":{"OBJECTID":4813}},{"type":"Feature","id":4814,"geometry":{"type":"Point","coordinates":[-95.42225453222557,29.768840626030173]},"properties":{"OBJECTID":4814}},{"type":"Feature","id":4889,"geometry":{"type":"Point","coordinates":[-95.42003747754369,29.764414902558443]},"properties":{"OBJECTID":4889}},{"type":"Feature","id":4890,"geometry":{"type":"Point","coordinates":[-95.41851573682716,29.762809386618475]},"properties":{"OBJECTID":4890}},{"type":"Feature","id":4891,"geometry":{"type":"Point","coordinates":[-95.41933747687206,29.76280125720628]},"properties":{"OBJECTID":4891}},{"type":"Feature","id":4892,"geometry":{"type":"Point","coordinates":[-95.41845486707058,29.76155340760106]},"properties":{"OBJECTID":4892}},{"type":"Feature","id":4893,"geometry":{"type":"Point","coordinates":[-95.41928363127724,29.761561537389458]},"properties":{"OBJECTID":4893}},{"type":"Feature","id":4894,"geometry":{"type":"Point","coordinates":[-95.41765653836322,29.761555439668914]},"properties":{"OBJECTID":4894}},{"type":"Feature","id":4895,"geometry":{"type":"Point","coordinates":[-95.41811071973993,29.761211973960197]},"properties":{"OBJECTID":4895}},{"type":"Feature","id":4896,"geometry":{"type":"Point","coordinates":[-95.42018262831319,29.761543245574604]},"properties":{"OBJECTID":4896}},{"type":"Feature","id":4897,"geometry":{"type":"Point","coordinates":[-95.42100670976984,29.761496501763574]},"properties":{"OBJECTID":4897}},{"type":"Feature","id":4898,"geometry":{"type":"Point","coordinates":[-95.42020135772171,29.762898808370583]},"properties":{"OBJECTID":4898}},{"type":"Feature","id":4899,"geometry":{"type":"Point","coordinates":[-95.42001874925678,29.76277890197747]},"properties":{"OBJECTID":4899}},{"type":"Feature","id":4928,"geometry":{"type":"Point","coordinates":[-95.4202107226948,29.762803289686765]},"properties":{"OBJECTID":4928}},{"type":"Feature","id":4929,"geometry":{"type":"Point","coordinates":[-95.42103714508347,29.76278093448858]},"properties":{"OBJECTID":4929}},{"type":"Feature","id":4931,"geometry":{"type":"Point","coordinates":[-95.41638229045664,29.7674878992578]},"properties":{"OBJECTID":4931}},{"type":"Feature","id":4958,"geometry":{"type":"Point","coordinates":[-95.40841507198809,29.769660439796645]},"properties":{"OBJECTID":4958}},{"type":"Feature","id":4959,"geometry":{"type":"Point","coordinates":[-95.40472566460217,29.76610794853146]},"properties":{"OBJECTID":4959}},{"type":"Feature","id":7375,"geometry":{"type":"Point","coordinates":[-95.38142950008562,29.773616319243054]},"properties":{"OBJECTID":7375}},{"type":"Feature","id":7376,"geometry":{"type":"Point","coordinates":[-95.38150831985273,29.773680435865753]},"properties":{"OBJECTID":7376}},{"type":"Feature","id":7377,"geometry":{"type":"Point","coordinates":[-95.380293500497,29.773635290636747]},"properties":{"OBJECTID":7377}},{"type":"Feature","id":7378,"geometry":{"type":"Point","coordinates":[-95.37923053011687,29.773642608894903]},"properties":{"OBJECTID":7378}},{"type":"Feature","id":7775,"geometry":{"type":"Point","coordinates":[-95.4163033011847,29.771208423224017]},"properties":{"OBJECTID":7775}},{"type":"Feature","id":7776,"geometry":{"type":"Point","coordinates":[-95.4162968836678,29.771933186333026]},"properties":{"OBJECTID":7776}},{"type":"Feature","id":7861,"geometry":{"type":"Point","coordinates":[-95.39184979321145,29.777242310645306]},"properties":{"OBJECTID":7861}},{"type":"Feature","id":7862,"geometry":{"type":"Point","coordinates":[-95.3929792478283,29.77722745739637]},"properties":{"OBJECTID":7862}},{"type":"Feature","id":7863,"geometry":{"type":"Point","coordinates":[-95.39411440563555,29.77722745777842]},"properties":{"OBJECTID":7863}},{"type":"Feature","id":7864,"geometry":{"type":"Point","coordinates":[-95.39522674732957,29.777197750370412]},"properties":{"OBJECTID":7864}},{"type":"Feature","id":7865,"geometry":{"type":"Point","coordinates":[-95.39627634105582,29.77721755506086]},"properties":{"OBJECTID":7865}},{"type":"Feature","id":7866,"geometry":{"type":"Point","coordinates":[-95.39720614416198,29.77790080920322]},"properties":{"OBJECTID":7866}},{"type":"Feature","id":7867,"geometry":{"type":"Point","coordinates":[-95.39613943740613,29.78141602777201]},"properties":{"OBJECTID":7867}},{"type":"Feature","id":7868,"geometry":{"type":"Point","coordinates":[-95.39632197563239,29.781623966545922]},"properties":{"OBJECTID":7868}},{"type":"Feature","id":7869,"geometry":{"type":"Point","coordinates":[-95.39503850496837,29.781411076557305]},"properties":{"OBJECTID":7869}},{"type":"Feature","id":7870,"geometry":{"type":"Point","coordinates":[-95.3952780854472,29.78165862329039]},"properties":{"OBJECTID":7870}},{"type":"Feature","id":7871,"geometry":{"type":"Point","coordinates":[-95.39390905087633,29.781386322722216]},"properties":{"OBJECTID":7871}},{"type":"Feature","id":7872,"geometry":{"type":"Point","coordinates":[-95.394142927675,29.781678426610195]},"properties":{"OBJECTID":7872}},{"type":"Feature","id":7873,"geometry":{"type":"Point","coordinates":[-95.39281952684169,29.781460586632054]},"properties":{"OBJECTID":7873}},{"type":"Feature","id":7874,"geometry":{"type":"Point","coordinates":[-95.39304769899424,29.781688328569963]},"properties":{"OBJECTID":7874}},{"type":"Feature","id":7875,"geometry":{"type":"Point","coordinates":[-95.39171859386974,29.781460586296294]},"properties":{"OBJECTID":7875}},{"type":"Feature","id":7876,"geometry":{"type":"Point","coordinates":[-95.39197528835108,29.781718033547445]},"properties":{"OBJECTID":7876}},{"type":"Feature","id":7877,"geometry":{"type":"Point","coordinates":[-95.39627063606181,29.77775227576823]},"properties":{"OBJECTID":7877}},{"type":"Feature","id":7878,"geometry":{"type":"Point","coordinates":[-95.39609950670251,29.777925564942468]},"properties":{"OBJECTID":7878}},{"type":"Feature","id":7879,"geometry":{"type":"Point","coordinates":[-95.39515259071898,29.777781982996085]},"properties":{"OBJECTID":7879}},{"type":"Feature","id":7880,"geometry":{"type":"Point","coordinates":[-95.39499287051515,29.7779107111742]},"properties":{"OBJECTID":7880}},{"type":"Feature","id":7881,"geometry":{"type":"Point","coordinates":[-95.39403454551382,29.777781982627154]},"properties":{"OBJECTID":7881}},{"type":"Feature","id":7882,"geometry":{"type":"Point","coordinates":[-95.39384630316111,29.777925564322196]},"properties":{"OBJECTID":7882}},{"type":"Feature","id":7883,"geometry":{"type":"Point","coordinates":[-95.39275107516553,29.777811689636664]},"properties":{"OBJECTID":7883}},{"type":"Feature","id":7884,"geometry":{"type":"Point","coordinates":[-95.39295072564737,29.777955270792322]},"properties":{"OBJECTID":7884}},{"type":"Feature","id":7885,"geometry":{"type":"Point","coordinates":[-95.39183838449709,29.777846346690936]},"properties":{"OBJECTID":7885}},{"type":"Feature","id":7886,"geometry":{"type":"Point","coordinates":[-95.39167295953713,29.777940417897465]},"properties":{"OBJECTID":7886}},{"type":"Feature","id":7887,"geometry":{"type":"Point","coordinates":[-95.39171859441029,29.777811689254136]},"properties":{"OBJECTID":7887}},{"type":"Feature","id":7888,"geometry":{"type":"Point","coordinates":[-95.39182127181242,29.777960221891483]},"properties":{"OBJECTID":7888}},{"type":"Feature","id":7889,"geometry":{"type":"Point","coordinates":[-95.39172429847513,29.77887121964686]},"properties":{"OBJECTID":7889}},{"type":"Feature","id":7890,"geometry":{"type":"Point","coordinates":[-95.39173570749975,29.77964853166043]},"properties":{"OBJECTID":7890}},{"type":"Feature","id":7891,"geometry":{"type":"Point","coordinates":[-95.39187831498768,29.779806964423333]},"properties":{"OBJECTID":7891}},{"type":"Feature","id":7892,"geometry":{"type":"Point","coordinates":[-95.3917357073992,29.779792110877843]},"properties":{"OBJECTID":7892}},{"type":"Feature","id":7893,"geometry":{"type":"Point","coordinates":[-95.39191254108565,29.77966338502336]},"properties":{"OBJECTID":7893}},{"type":"Feature","id":7894,"geometry":{"type":"Point","coordinates":[-95.39283664000006,29.779638630232288]},"properties":{"OBJECTID":7894}},{"type":"Feature","id":7895,"geometry":{"type":"Point","coordinates":[-95.39297354300511,29.779787160468548]},"properties":{"OBJECTID":7895}},{"type":"Feature","id":7896,"geometry":{"type":"Point","coordinates":[-95.39283663961875,29.77977725833258]},"properties":{"OBJECTID":7896}},{"type":"Feature","id":7897,"geometry":{"type":"Point","coordinates":[-95.39302488183664,29.779628727831902]},"properties":{"OBJECTID":7897}},{"type":"Feature","id":7898,"geometry":{"type":"Point","coordinates":[-95.39407447620765,29.77978716001766]},"properties":{"OBJECTID":7898}},{"type":"Feature","id":7899,"geometry":{"type":"Point","coordinates":[-95.39392045962397,29.779623776731587]},"properties":{"OBJECTID":7899}},{"type":"Feature","id":7900,"geometry":{"type":"Point","coordinates":[-95.39500427881379,29.779757454558418]},"properties":{"OBJECTID":7900}},{"type":"Feature","id":7901,"geometry":{"type":"Point","coordinates":[-95.39516399988757,29.779623777120594]},"properties":{"OBJECTID":7901}},{"type":"Feature","id":7902,"geometry":{"type":"Point","coordinates":[-95.39609380315781,29.779752502738347]},"properties":{"OBJECTID":7902}},{"type":"Feature","id":7903,"geometry":{"type":"Point","coordinates":[-95.3963333835411,29.779579218150403]},"properties":{"OBJECTID":7903}},{"type":"Feature","id":7904,"geometry":{"type":"Point","coordinates":[-95.39059484444746,29.781485340629708]},"properties":{"OBJECTID":7904}},{"type":"Feature","id":7905,"geometry":{"type":"Point","coordinates":[-95.38979624034266,29.78149524260969]},"properties":{"OBJECTID":7905}},{"type":"Feature","id":7906,"geometry":{"type":"Point","coordinates":[-95.38849565696799,29.781529899406642]},"properties":{"OBJECTID":7906}},{"type":"Feature","id":7907,"geometry":{"type":"Point","coordinates":[-95.38995596107902,29.780287210520058]},"properties":{"OBJECTID":7907}},{"type":"Feature","id":7908,"geometry":{"type":"Point","coordinates":[-95.38981905822475,29.78070804311161]},"properties":{"OBJECTID":7908}},{"type":"Feature","id":13042,"geometry":{"type":"Point","coordinates":[-95.37611515811886,29.759827859942455]},"properties":{"OBJECTID":13042}},{"type":"Feature","id":13043,"geometry":{"type":"Point","coordinates":[-95.37959764155163,29.76094948010673]},"properties":{"OBJECTID":13043}},{"type":"Feature","id":13044,"geometry":{"type":"Point","coordinates":[-95.3881541117358,29.760523612158117]},"properties":{"OBJECTID":13044}},{"type":"Feature","id":13045,"geometry":{"type":"Point","coordinates":[-95.39900371553881,29.76078854217729]},"properties":{"OBJECTID":13045}},{"type":"Feature","id":13046,"geometry":{"type":"Point","coordinates":[-95.40025010858078,29.760870249012928]},"properties":{"OBJECTID":13046}},{"type":"Feature","id":13047,"geometry":{"type":"Point","coordinates":[-95.40135674503253,29.76008041075685]},"properties":{"OBJECTID":13047}},{"type":"Feature","id":13048,"geometry":{"type":"Point","coordinates":[-95.40169329982866,29.759530740054082]},"properties":{"OBJECTID":13048}},{"type":"Feature","id":13049,"geometry":{"type":"Point","coordinates":[-95.40407199807264,29.75900830175776]},"properties":{"OBJECTID":13049}},{"type":"Feature","id":13050,"geometry":{"type":"Point","coordinates":[-95.40637368955112,29.75983776355999]},"properties":{"OBJECTID":13050}},{"type":"Feature","id":13385,"geometry":{"type":"Point","coordinates":[-95.39230114778654,29.768287208260194]},"properties":{"OBJECTID":13385}},{"type":"Feature","id":13386,"geometry":{"type":"Point","coordinates":[-95.39205586193151,29.76486561212582]},"properties":{"OBJECTID":13386}},{"type":"Feature","id":13387,"geometry":{"type":"Point","coordinates":[-95.39254643273559,29.764548699731897]},"properties":{"OBJECTID":13387}},{"type":"Feature","id":16222,"geometry":{"type":"Point","coordinates":[-95.40956240015669,29.759121424921595]},"properties":{"OBJECTID":16222}},{"type":"Feature","id":16223,"geometry":{"type":"Point","coordinates":[-95.4099388853333,29.759378929898674]},"properties":{"OBJECTID":16223}},{"type":"Feature","id":16224,"geometry":{"type":"Point","coordinates":[-95.4117357437729,29.759057048518297]},"properties":{"OBJECTID":16224}},{"type":"Feature","id":16225,"geometry":{"type":"Point","coordinates":[-95.41342422035993,29.758537083489728]},"properties":{"OBJECTID":16225}},{"type":"Feature","id":16227,"geometry":{"type":"Point","coordinates":[-95.41455367405077,29.75843309090071]},"properties":{"OBJECTID":16227}},{"type":"Feature","id":18291,"geometry":{"type":"Point","coordinates":[-95.42590040572075,29.763680667551192]},"properties":{"OBJECTID":18291}},{"type":"Feature","id":18292,"geometry":{"type":"Point","coordinates":[-95.42456559687609,29.76319043853192]},"properties":{"OBJECTID":18292}},{"type":"Feature","id":18293,"geometry":{"type":"Point","coordinates":[-95.42425185966333,29.762313961238373]},"properties":{"OBJECTID":18293}},{"type":"Feature","id":18294,"geometry":{"type":"Point","coordinates":[-95.42280296348527,29.76177420613562]},"properties":{"OBJECTID":18294}},{"type":"Feature","id":18295,"geometry":{"type":"Point","coordinates":[-95.42205569855757,29.761165121067414]},"properties":{"OBJECTID":18295}},{"type":"Feature","id":18428,"geometry":{"type":"Point","coordinates":[-95.40427879933108,29.757360731954336]},"properties":{"OBJECTID":18428}},{"type":"Feature","id":18429,"geometry":{"type":"Point","coordinates":[-95.40658334168762,29.75732111447807]},"properties":{"OBJECTID":18429}},{"type":"Feature","id":18462,"geometry":{"type":"Point","coordinates":[-95.41293935381843,29.757525931077833]},"properties":{"OBJECTID":18462}},{"type":"Feature","id":21139,"geometry":{"type":"Point","coordinates":[-95.42854195439163,29.776477515247123]},"properties":{"OBJECTID":21139}},{"type":"Feature","id":21140,"geometry":{"type":"Point","coordinates":[-95.42860470152802,29.776430478666736]},"properties":{"OBJECTID":21140}},{"type":"Feature","id":23099,"geometry":{"type":"Point","coordinates":[-95.40222522676255,29.757895790139827]},"properties":{"OBJECTID":23099}},{"type":"Feature","id":27920,"geometry":{"type":"Point","coordinates":[-95.400378455717,29.75731298943671]},"properties":{"OBJECTID":27920}},{"type":"Feature","id":27921,"geometry":{"type":"Point","coordinates":[-95.4002244386754,29.75715452217212]},"properties":{"OBJECTID":27921}},{"type":"Feature","id":27922,"geometry":{"type":"Point","coordinates":[-95.39892385610857,29.757258516843102]},"properties":{"OBJECTID":27922}},{"type":"Feature","id":27923,"geometry":{"type":"Point","coordinates":[-95.3990892809992,29.75741698441618]},"properties":{"OBJECTID":27923}},{"type":"Feature","id":27924,"geometry":{"type":"Point","coordinates":[-95.39707565810657,29.75728327736853]},"properties":{"OBJECTID":27924}},{"type":"Feature","id":27925,"geometry":{"type":"Point","coordinates":[-95.39723537872804,29.75746650555164]},"properties":{"OBJECTID":27925}},{"type":"Feature","id":27926,"geometry":{"type":"Point","coordinates":[-95.39632839349821,29.757308037913603]},"properties":{"OBJECTID":27926}},{"type":"Feature","id":27927,"geometry":{"type":"Point","coordinates":[-95.39553549385143,29.75733279792874]},"properties":{"OBJECTID":27927}},{"type":"Feature","id":27928,"geometry":{"type":"Point","coordinates":[-95.39474259398222,29.757347654673612]},"properties":{"OBJECTID":27928}},{"type":"Feature","id":27929,"geometry":{"type":"Point","coordinates":[-95.39477681931842,29.757535834441438]},"properties":{"OBJECTID":27929}},{"type":"Feature","id":27930,"geometry":{"type":"Point","coordinates":[-95.39394969440038,29.75734765434971]},"properties":{"OBJECTID":27930}},{"type":"Feature","id":27931,"geometry":{"type":"Point","coordinates":[-95.39297425677157,29.757377367101533]},"properties":{"OBJECTID":27931}},{"type":"Feature","id":27932,"geometry":{"type":"Point","coordinates":[-95.39129718899757,29.75742193678557]},"properties":{"OBJECTID":27932}},{"type":"Feature","id":27933,"geometry":{"type":"Point","coordinates":[-95.38969427600243,29.75747145785986]},"properties":{"OBJECTID":27933}},{"type":"Feature","id":27934,"geometry":{"type":"Point","coordinates":[-95.38889567271988,29.757476409230126]},"properties":{"OBJECTID":27934}},{"type":"Feature","id":27935,"geometry":{"type":"Point","coordinates":[-95.3890439846173,29.757664589970368]},"properties":{"OBJECTID":27935}},{"type":"Feature","id":27936,"geometry":{"type":"Point","coordinates":[-95.38527343370609,29.757733918470976]},"properties":{"OBJECTID":27936}},{"type":"Feature","id":27939,"geometry":{"type":"Point","coordinates":[-95.38446342140405,29.757736394592307]},"properties":{"OBJECTID":27939}},{"type":"Feature","id":27940,"geometry":{"type":"Point","coordinates":[-95.38128897015471,29.757820580623367]},"properties":{"OBJECTID":27940}},{"type":"Feature","id":27941,"geometry":{"type":"Point","coordinates":[-95.38032779420789,29.757976571619114]},"properties":{"OBJECTID":27941}},{"type":"Feature","id":27942,"geometry":{"type":"Point","coordinates":[-95.37944077331154,29.758001331624303]},"properties":{"OBJECTID":27942}},{"type":"Feature","id":27943,"geometry":{"type":"Point","coordinates":[-95.37852237854823,29.75793943048131]},"properties":{"OBJECTID":27943}},{"type":"Feature","id":27944,"geometry":{"type":"Point","coordinates":[-95.37717188228673,29.75782677065309]},"properties":{"OBJECTID":27944}},{"type":"Feature","id":27946,"geometry":{"type":"Point","coordinates":[-95.37776596995157,29.757665827521222]},"properties":{"OBJECTID":27946}},{"type":"Feature","id":27948,"geometry":{"type":"Point","coordinates":[-95.37635129934418,29.757868863045598]},"properties":{"OBJECTID":27948}},{"type":"Feature","id":27949,"geometry":{"type":"Point","coordinates":[-95.37599763198249,29.757690588069764]},"properties":{"OBJECTID":27949}},{"type":"Feature","id":27950,"geometry":{"type":"Point","coordinates":[-95.36980274745865,29.758685954553616]},"properties":{"OBJECTID":27950}},{"type":"Feature","id":30826,"geometry":{"type":"Point","coordinates":[-95.40647066267078,29.75824986444278]},"properties":{"OBJECTID":30826}},{"type":"Feature","id":30827,"geometry":{"type":"Point","coordinates":[-95.4066988353218,29.75866583729908]},"properties":{"OBJECTID":30827}},{"type":"Feature","id":30828,"geometry":{"type":"Point","coordinates":[-95.40643073247236,29.758477658954828]},"properties":{"OBJECTID":30828}},{"type":"Feature","id":30829,"geometry":{"type":"Point","coordinates":[-95.40675017328087,29.75845785058064]},"properties":{"OBJECTID":30829}},{"type":"Feature","id":30830,"geometry":{"type":"Point","coordinates":[-95.40643073175781,29.75902238425952]},"properties":{"OBJECTID":30830}},{"type":"Feature","id":30831,"geometry":{"type":"Point","coordinates":[-95.4066703130737,29.759274937090346]},"properties":{"OBJECTID":30831}},{"type":"Feature","id":30832,"geometry":{"type":"Point","coordinates":[-95.40644784515763,29.75923532170904]},"properties":{"OBJECTID":30832}},{"type":"Feature","id":30833,"geometry":{"type":"Point","coordinates":[-95.40546099937235,29.75906200055589]},"properties":{"OBJECTID":30833}},{"type":"Feature","id":30834,"geometry":{"type":"Point","coordinates":[-95.40529557390211,29.758878775002614]},"properties":{"OBJECTID":30834}},{"type":"Feature","id":30835,"geometry":{"type":"Point","coordinates":[-95.40551233761714,29.758878775090892]},"properties":{"OBJECTID":30835}},{"type":"Feature","id":30836,"geometry":{"type":"Point","coordinates":[-95.40550663305783,29.75829443235404]},"properties":{"OBJECTID":30836}},{"type":"Feature","id":30837,"geometry":{"type":"Point","coordinates":[-95.40527275643466,29.758309288533138]},"properties":{"OBJECTID":30837}},{"type":"Feature","id":30838,"geometry":{"type":"Point","coordinates":[-95.40550663296963,29.758472707402916]},"properties":{"OBJECTID":30838}},{"type":"Feature","id":30839,"geometry":{"type":"Point","coordinates":[-95.40044690760246,29.760022689846647]},"properties":{"OBJECTID":30839}},{"type":"Feature","id":30840,"geometry":{"type":"Point","coordinates":[-95.40041268187295,29.759448257683776]},"properties":{"OBJECTID":30840}},{"type":"Feature","id":30841,"geometry":{"type":"Point","coordinates":[-95.4002757778126,29.759289793631602]},"properties":{"OBJECTID":30841}},{"type":"Feature","id":30842,"geometry":{"type":"Point","coordinates":[-95.40044690742718,29.75929474561181]},"properties":{"OBJECTID":30842}},{"type":"Feature","id":30843,"geometry":{"type":"Point","coordinates":[-95.40028148196097,29.759443306009274]},"properties":{"OBJECTID":30843}},{"type":"Feature","id":30844,"geometry":{"type":"Point","coordinates":[-95.40026436908627,29.75872526171891]},"properties":{"OBJECTID":30844}},{"type":"Feature","id":30845,"geometry":{"type":"Point","coordinates":[-95.40037275091062,29.757878458222027]},"properties":{"OBJECTID":30845}},{"type":"Feature","id":30846,"geometry":{"type":"Point","coordinates":[-95.40027007376204,29.75799235597539]},"properties":{"OBJECTID":30846}},{"type":"Feature","id":30847,"geometry":{"type":"Point","coordinates":[-95.39900371630627,29.759413593948434]},"properties":{"OBJECTID":30847}},{"type":"Feature","id":30848,"geometry":{"type":"Point","coordinates":[-95.39911209846957,29.75957205832381]},"properties":{"OBJECTID":30848}},{"type":"Feature","id":30849,"geometry":{"type":"Point","coordinates":[-95.39691023302343,29.75944825818373]},"properties":{"OBJECTID":30849}},{"type":"Feature","id":31011,"geometry":{"type":"Point","coordinates":[-95.3871843786856,29.759760234530155]},"properties":{"OBJECTID":31011}},{"type":"Feature","id":31012,"geometry":{"type":"Point","coordinates":[-95.38804002581506,29.75903723983827]},"properties":{"OBJECTID":31012}},{"type":"Feature","id":31013,"geometry":{"type":"Point","coordinates":[-95.38817122445968,29.76000783373218]},"properties":{"OBJECTID":31013}},{"type":"Feature","id":31014,"geometry":{"type":"Point","coordinates":[-95.38907821069338,29.759304649699494]},"properties":{"OBJECTID":31014}},{"type":"Feature","id":31057,"geometry":{"type":"Point","coordinates":[-95.38906109784388,29.759017431710266]},"properties":{"OBJECTID":31057}},{"type":"Feature","id":31058,"geometry":{"type":"Point","coordinates":[-95.3890439846335,29.75831919269317]},"properties":{"OBJECTID":31058}},{"type":"Feature","id":31059,"geometry":{"type":"Point","coordinates":[-95.3888728553416,29.756952413289298]},"properties":{"OBJECTID":31059}},{"type":"Feature","id":31071,"geometry":{"type":"Point","coordinates":[-95.38579823017588,29.75688803527611]},"properties":{"OBJECTID":31071}},{"type":"Feature","id":31072,"geometry":{"type":"Point","coordinates":[-95.38590661209555,29.758274624242016]},"properties":{"OBJECTID":31072}},{"type":"Feature","id":31073,"geometry":{"type":"Point","coordinates":[-95.38585527324372,29.7589580078618]},"properties":{"OBJECTID":31073}},{"type":"Feature","id":31074,"geometry":{"type":"Point","coordinates":[-95.38584386536611,29.759656242121054]},"properties":{"OBJECTID":31074}},{"type":"Feature","id":31075,"geometry":{"type":"Point","coordinates":[-95.38586097768231,29.760339615893898]},"properties":{"OBJECTID":31075}},{"type":"Feature","id":31712,"geometry":{"type":"Point","coordinates":[-95.37635188739374,29.758438042939975]},"properties":{"OBJECTID":31712}},{"type":"Feature","id":31725,"geometry":{"type":"Point","coordinates":[-95.3839614418885,29.75708116836694]},"properties":{"OBJECTID":31725}},{"type":"Feature","id":31735,"geometry":{"type":"Point","coordinates":[-95.38306586427913,29.75708116874829]},"properties":{"OBJECTID":31735}},{"type":"Feature","id":31736,"geometry":{"type":"Point","coordinates":[-95.37599251602919,29.757041551257092]},"properties":{"OBJECTID":31736}},{"type":"Feature","id":31737,"geometry":{"type":"Point","coordinates":[-95.37687668395098,29.757140593681136]},"properties":{"OBJECTID":31737}},{"type":"Feature","id":31738,"geometry":{"type":"Point","coordinates":[-95.37776085315299,29.757026695097988]},"properties":{"OBJECTID":31738}},{"type":"Feature","id":31739,"geometry":{"type":"Point","coordinates":[-95.37776655711497,29.757140594165605]},"properties":{"OBJECTID":31739}},{"type":"Feature","id":31740,"geometry":{"type":"Point","coordinates":[-95.37865643001066,29.7571356421296]},"properties":{"OBJECTID":31740}},{"type":"Feature","id":31741,"geometry":{"type":"Point","coordinates":[-95.3795291898444,29.75700688706005]},"properties":{"OBJECTID":31741}},{"type":"Feature","id":31742,"geometry":{"type":"Point","coordinates":[-95.38129752675616,29.757105929421527]},"properties":{"OBJECTID":31742}},{"type":"Feature","id":31743,"geometry":{"type":"Point","coordinates":[-95.38220451260862,29.75710592933245]},"properties":{"OBJECTID":31743}},{"type":"Feature","id":31750,"geometry":{"type":"Point","coordinates":[-95.37699647502826,29.756511672540515]},"properties":{"OBJECTID":31750}},{"type":"Feature","id":32280,"geometry":{"type":"Point","coordinates":[-95.39716122325218,29.77431804424009]},"properties":{"OBJECTID":32280}},{"type":"Feature","id":32281,"geometry":{"type":"Point","coordinates":[-95.39761756837436,29.774139798047585]},"properties":{"OBJECTID":32281}},{"type":"Feature","id":32282,"geometry":{"type":"Point","coordinates":[-95.37133779585386,29.764098088929533]},"properties":{"OBJECTID":32282}},{"type":"Feature","id":32283,"geometry":{"type":"Point","coordinates":[-95.37124082235547,29.76514786115819]},"properties":{"OBJECTID":32283}},{"type":"Feature","id":32284,"geometry":{"type":"Point","coordinates":[-95.37255851869679,29.764677445285702]},"properties":{"OBJECTID":32284}},{"type":"Feature","id":32285,"geometry":{"type":"Point","coordinates":[-95.37246154598674,29.76611344366965]},"properties":{"OBJECTID":32285}},{"type":"Feature","id":32286,"geometry":{"type":"Point","coordinates":[-95.37245869353504,29.766814103857204]},"properties":{"OBJECTID":32286}},{"type":"Feature","id":32287,"geometry":{"type":"Point","coordinates":[-95.37246439779106,29.767948025118724]},"properties":{"OBJECTID":32287}},{"type":"Feature","id":32288,"geometry":{"type":"Point","coordinates":[-95.37223052043676,29.770156409952094]},"properties":{"OBJECTID":32288}},{"type":"Feature","id":32289,"geometry":{"type":"Point","coordinates":[-95.37251003266736,29.770710974987857]},"properties":{"OBJECTID":32289}},{"type":"Feature","id":32290,"geometry":{"type":"Point","coordinates":[-95.37223622500937,29.77085456685897]},"properties":{"OBJECTID":32290}},{"type":"Feature","id":32291,"geometry":{"type":"Point","coordinates":[-95.3725556669211,29.777241730420354]},"properties":{"OBJECTID":32291}},{"type":"Feature","id":32292,"geometry":{"type":"Point","coordinates":[-95.37252144054993,29.776513911367996]},"properties":{"OBJECTID":32292}},{"type":"Feature","id":32293,"geometry":{"type":"Point","coordinates":[-95.37252144123063,29.775885110854485]},"properties":{"OBJECTID":32293}},{"type":"Feature","id":32294,"geometry":{"type":"Point","coordinates":[-95.3725499627011,29.775147379889464]},"properties":{"OBJECTID":32294}},{"type":"Feature","id":32295,"geometry":{"type":"Point","coordinates":[-95.37232749390722,29.775286014165292]},"properties":{"OBJECTID":32295}},{"type":"Feature","id":32296,"geometry":{"type":"Point","coordinates":[-95.37256707547344,29.774434399679564]},"properties":{"OBJECTID":32296}},{"type":"Feature","id":32297,"geometry":{"type":"Point","coordinates":[-95.37227045130882,29.774577986155442]},"properties":{"OBJECTID":32297}},{"type":"Feature","id":32298,"geometry":{"type":"Point","coordinates":[-95.37252714494498,29.77293910469188]},"properties":{"OBJECTID":32298}},{"type":"Feature","id":32299,"geometry":{"type":"Point","coordinates":[-95.37225904206167,29.773077742026782]},"properties":{"OBJECTID":32299}},{"type":"Feature","id":32300,"geometry":{"type":"Point","coordinates":[-95.37249862358306,29.772206302970574]},"properties":{"OBJECTID":32300}},{"type":"Feature","id":32301,"geometry":{"type":"Point","coordinates":[-95.3722647464492,29.772369697934174]},"properties":{"OBJECTID":32301}},{"type":"Feature","id":32302,"geometry":{"type":"Point","coordinates":[-95.37251573688545,29.771443787652547]},"properties":{"OBJECTID":32302}},{"type":"Feature","id":32303,"geometry":{"type":"Point","coordinates":[-95.37223622505114,29.771592329701964]},"properties":{"OBJECTID":32303}},{"type":"Feature","id":32304,"geometry":{"type":"Point","coordinates":[-95.38142587460212,29.774840402770167]},"properties":{"OBJECTID":32304}},{"type":"Feature","id":32305,"geometry":{"type":"Point","coordinates":[-95.3822358864112,29.774310617351688]},"properties":{"OBJECTID":32305}},{"type":"Feature","id":32306,"geometry":{"type":"Point","coordinates":[-95.38176242849674,29.7744789613282]},"properties":{"OBJECTID":32306}},{"type":"Feature","id":32307,"geometry":{"type":"Point","coordinates":[-95.38289758695697,29.77288959066883]},"properties":{"OBJECTID":32307}},{"type":"Feature","id":32308,"geometry":{"type":"Point","coordinates":[-95.3827321618269,29.772993569406683]},"properties":{"OBJECTID":32308}},{"type":"Feature","id":32309,"geometry":{"type":"Point","coordinates":[-95.38272645752821,29.772161740346238]},"properties":{"OBJECTID":32309}},{"type":"Feature","id":32310,"geometry":{"type":"Point","coordinates":[-95.38268652695463,29.770785246089876]},"properties":{"OBJECTID":32310}},{"type":"Feature","id":32311,"geometry":{"type":"Point","coordinates":[-95.42718017236584,29.775994037855117]},"properties":{"OBJECTID":32311}},{"type":"Feature","id":32312,"geometry":{"type":"Point","coordinates":[-95.4271744677667,29.774988940468322]},"properties":{"OBJECTID":32312}},{"type":"Feature","id":32313,"geometry":{"type":"Point","coordinates":[-95.42717446766116,29.77521174585577]},"properties":{"OBJECTID":32313}},{"type":"Feature","id":32314,"geometry":{"type":"Point","coordinates":[-95.42679798290678,29.775281063009654]},"properties":{"OBJECTID":32314}},{"type":"Feature","id":32315,"geometry":{"type":"Point","coordinates":[-95.42617621280166,29.774865158874093]},"properties":{"OBJECTID":32315}},{"type":"Feature","id":32316,"geometry":{"type":"Point","coordinates":[-95.42593092762226,29.77429081224111]},"properties":{"OBJECTID":32316}},{"type":"Feature","id":32317,"geometry":{"type":"Point","coordinates":[-95.42507528024365,29.773305503585714]},"properties":{"OBJECTID":32317}},{"type":"Feature","id":32318,"geometry":{"type":"Point","coordinates":[-95.42495549022803,29.773468896628476]},"properties":{"OBJECTID":32318}},{"type":"Feature","id":32319,"geometry":{"type":"Point","coordinates":[-95.42479006470214,29.77325599031968]},"properties":{"OBJECTID":32319}},{"type":"Feature","id":32320,"geometry":{"type":"Point","coordinates":[-95.42412266033425,29.772533093721755]},"properties":{"OBJECTID":32320}},{"type":"Feature","id":32321,"geometry":{"type":"Point","coordinates":[-95.4242196339541,29.77233999022507]},"properties":{"OBJECTID":32321}},{"type":"Feature","id":32322,"geometry":{"type":"Point","coordinates":[-95.42331264742711,29.771646795069575]},"properties":{"OBJECTID":32322}},{"type":"Feature","id":32323,"geometry":{"type":"Point","coordinates":[-95.4263074125017,29.774236348880418]},"properties":{"OBJECTID":32323}},{"type":"Feature","id":32324,"geometry":{"type":"Point","coordinates":[-95.42631311671364,29.774013540232353]},"properties":{"OBJECTID":32324}},{"type":"Feature","id":32325,"geometry":{"type":"Point","coordinates":[-95.42545176530204,29.773236185083572]},"properties":{"OBJECTID":32325}},{"type":"Feature","id":32326,"geometry":{"type":"Point","coordinates":[-95.42550310473843,29.773003472027643]},"properties":{"OBJECTID":32326}},{"type":"Feature","id":32327,"geometry":{"type":"Point","coordinates":[-95.42466456968646,29.772221156745797]},"properties":{"OBJECTID":32327}},{"type":"Feature","id":32328,"geometry":{"type":"Point","coordinates":[-95.42467027464079,29.772003296297065]},"properties":{"OBJECTID":32328}},{"type":"Feature","id":32329,"geometry":{"type":"Point","coordinates":[-95.42743116228661,29.774865159442033]},"properties":{"OBJECTID":32329}},{"type":"Feature","id":32330,"geometry":{"type":"Point","coordinates":[-95.42751102299052,29.77497408614923]},"properties":{"OBJECTID":32330}},{"type":"Feature","id":32331,"geometry":{"type":"Point","coordinates":[-95.42731707609528,29.774919623183187]},"properties":{"OBJECTID":32331}},{"type":"Feature","id":32332,"geometry":{"type":"Point","coordinates":[-95.42655840226188,29.773884807096678]},"properties":{"OBJECTID":32332}},{"type":"Feature","id":32333,"geometry":{"type":"Point","coordinates":[-95.42664396674814,29.773983832774082]},"properties":{"OBJECTID":32333}},{"type":"Feature","id":32334,"geometry":{"type":"Point","coordinates":[-95.42645002014544,29.773944222484864]},"properties":{"OBJECTID":32334}},{"type":"Feature","id":32335,"geometry":{"type":"Point","coordinates":[-95.42570845973736,29.772899493886474]},"properties":{"OBJECTID":32335}},{"type":"Feature","id":32336,"geometry":{"type":"Point","coordinates":[-95.42579402431159,29.77299356914551]},"properties":{"OBJECTID":32336}},{"type":"Feature","id":32337,"geometry":{"type":"Point","coordinates":[-95.42559437309049,29.772944055880295]},"properties":{"OBJECTID":32337}},{"type":"Feature","id":32338,"geometry":{"type":"Point","coordinates":[-95.42490985605619,29.772013199209972]},"properties":{"OBJECTID":32338}},{"type":"Feature","id":32339,"geometry":{"type":"Point","coordinates":[-95.4247273175327,29.77194883033953]},"properties":{"OBJECTID":32339}},{"type":"Feature","id":32340,"geometry":{"type":"Point","coordinates":[-95.42482999568337,29.77192902502088]},"properties":{"OBJECTID":32340}},{"type":"Feature","id":32341,"geometry":{"type":"Point","coordinates":[-95.43262779225853,29.77508796474054]},"properties":{"OBJECTID":32341}},{"type":"Feature","id":32342,"geometry":{"type":"Point","coordinates":[-95.43235398518934,29.77494932992741]},"properties":{"OBJECTID":32342}},{"type":"Feature","id":32343,"geometry":{"type":"Point","coordinates":[-95.43249659296166,29.77518203860252]},"properties":{"OBJECTID":32343}},{"type":"Feature","id":32344,"geometry":{"type":"Point","coordinates":[-95.43038029210075,29.770101943781082]},"properties":{"OBJECTID":32344}},{"type":"Feature","id":32345,"geometry":{"type":"Point","coordinates":[-95.43044304000374,29.770067283533926]},"properties":{"OBJECTID":32345}},{"type":"Feature","id":32346,"geometry":{"type":"Point","coordinates":[-95.43036317905649,29.770052428932473]},"properties":{"OBJECTID":32346}},{"type":"Feature","id":32347,"geometry":{"type":"Point","coordinates":[-95.4320516560674,29.77344909192754]},"properties":{"OBJECTID":32347}},{"type":"Feature","id":32349,"geometry":{"type":"Point","coordinates":[-95.42391730522426,29.766606134971163]},"properties":{"OBJECTID":32349}},{"type":"Feature","id":32350,"geometry":{"type":"Point","coordinates":[-95.42416829517893,29.767383542150647]},"properties":{"OBJECTID":32350}},{"type":"Feature","id":32351,"geometry":{"type":"Point","coordinates":[-95.42402568754177,29.767264702769243]},"properties":{"OBJECTID":32351}},{"type":"Feature","id":32352,"geometry":{"type":"Point","coordinates":[-95.4242652685393,29.76960679411424]},"properties":{"OBJECTID":32352}},{"type":"Feature","id":32353,"geometry":{"type":"Point","coordinates":[-95.42423674653313,29.76888387141085]},"properties":{"OBJECTID":32353}},{"type":"Feature","id":32354,"geometry":{"type":"Point","coordinates":[-95.42419111241988,29.768136185327215]},"properties":{"OBJECTID":32354}},{"type":"Feature","id":32355,"geometry":{"type":"Point","coordinates":[-95.42574268492713,29.76406590191906]},"properties":{"OBJECTID":32355}},{"type":"Feature","id":32356,"geometry":{"type":"Point","coordinates":[-95.42728855441842,29.769765242586914]},"properties":{"OBJECTID":32356}},{"type":"Feature","id":32357,"geometry":{"type":"Point","coordinates":[-95.42743116248039,29.769705824634304]},"properties":{"OBJECTID":32357}},{"type":"Feature","id":32358,"geometry":{"type":"Point","coordinates":[-95.42735700612336,29.76984941810501]},"properties":{"OBJECTID":32358}},{"type":"Feature","id":32359,"geometry":{"type":"Point","coordinates":[-95.42728285010314,29.768839307722832]},"properties":{"OBJECTID":32359}},{"type":"Feature","id":32360,"geometry":{"type":"Point","coordinates":[-95.4262674823095,29.768769986037075]},"properties":{"OBJECTID":32360}},{"type":"Feature","id":32361,"geometry":{"type":"Point","coordinates":[-95.42667248842987,29.76885416172944]},"properties":{"OBJECTID":32361}},{"type":"Feature","id":32362,"geometry":{"type":"Point","coordinates":[-95.42728284961018,29.767289461570606]},"properties":{"OBJECTID":32362}},{"type":"Feature","id":32363,"geometry":{"type":"Point","coordinates":[-95.42728284970384,29.767155767212053]},"properties":{"OBJECTID":32363}},{"type":"Feature","id":32364,"geometry":{"type":"Point","coordinates":[-95.42738552811812,29.767274606359898]},"properties":{"OBJECTID":32364}},{"type":"Feature","id":32365,"geometry":{"type":"Point","coordinates":[-95.42626748221599,29.767180525697395]},"properties":{"OBJECTID":32365}},{"type":"Feature","id":32366,"geometry":{"type":"Point","coordinates":[-95.42637586399576,29.76730926728493]},"properties":{"OBJECTID":32366}},{"type":"Feature","id":32367,"geometry":{"type":"Point","coordinates":[-95.42537190538405,29.767230041753674]},"properties":{"OBJECTID":32367}},{"type":"Feature","id":32368,"geometry":{"type":"Point","coordinates":[-95.42524641027826,29.767334025682985]},"properties":{"OBJECTID":32368}},{"type":"Feature","id":32369,"geometry":{"type":"Point","coordinates":[-95.42470450067316,29.770666411647962]},"properties":{"OBJECTID":32369}},{"type":"Feature","id":32370,"geometry":{"type":"Point","coordinates":[-95.42560578170992,29.770408935395366]},"properties":{"OBJECTID":32370}},{"type":"Feature","id":32371,"geometry":{"type":"Point","coordinates":[-95.42670671477666,29.769918738969647]},"properties":{"OBJECTID":32371}},{"type":"Feature","id":32372,"geometry":{"type":"Point","coordinates":[-95.42648995094804,29.77013165308241]},"properties":{"OBJECTID":32372}},{"type":"Feature","id":32373,"geometry":{"type":"Point","coordinates":[-95.42656410699728,29.769978157077393]},"properties":{"OBJECTID":32373}},{"type":"Feature","id":32374,"geometry":{"type":"Point","coordinates":[-95.42668960158117,29.770072235117038]},"properties":{"OBJECTID":32374}},{"type":"Feature","id":32375,"geometry":{"type":"Point","coordinates":[-95.42830962609798,29.774776810218427]},"properties":{"OBJECTID":32375}},{"type":"Feature","id":32376,"geometry":{"type":"Point","coordinates":[-95.42796451560505,29.774532186861244]},"properties":{"OBJECTID":32376}},{"type":"Feature","id":32377,"geometry":{"type":"Point","coordinates":[-95.42812994035171,29.774566845535258]},"properties":{"OBJECTID":32377}},{"type":"Feature","id":32378,"geometry":{"type":"Point","coordinates":[-95.42842656470152,29.77402715628207]},"properties":{"OBJECTID":32378}},{"type":"Feature","id":32379,"geometry":{"type":"Point","coordinates":[-95.42858058174745,29.77399744849598]},"properties":{"OBJECTID":32379}},{"type":"Feature","id":32380,"geometry":{"type":"Point","coordinates":[-95.42897988277414,29.77351222149136]},"properties":{"OBJECTID":32380}},{"type":"Feature","id":32381,"geometry":{"type":"Point","coordinates":[-95.42896847425943,29.773368632780464]},"properties":{"OBJECTID":32381}},{"type":"Feature","id":32382,"geometry":{"type":"Point","coordinates":[-95.42891143182408,29.77343299984655]},"properties":{"OBJECTID":32382}},{"type":"Feature","id":32383,"geometry":{"type":"Point","coordinates":[-95.42906544755775,29.773433000380393]},"properties":{"OBJECTID":32383}},{"type":"Feature","id":32384,"geometry":{"type":"Point","coordinates":[-95.42938488949896,29.772799229152398]},"properties":{"OBJECTID":32384}},{"type":"Feature","id":32385,"geometry":{"type":"Point","coordinates":[-95.42999525081247,29.772259530407275]},"properties":{"OBJECTID":32385}},{"type":"Feature","id":32386,"geometry":{"type":"Point","coordinates":[-95.42883157154755,29.77153167491864]},"properties":{"OBJECTID":32386}},{"type":"Feature","id":32387,"geometry":{"type":"Point","coordinates":[-95.42824402712095,29.772091183230486]},"properties":{"OBJECTID":32387}},{"type":"Feature","id":32388,"geometry":{"type":"Point","coordinates":[-95.42838093003877,29.772071377504233]},"properties":{"OBJECTID":32388}},{"type":"Feature","id":32389,"geometry":{"type":"Point","coordinates":[-95.42779909076593,29.772660591433354]},"properties":{"OBJECTID":32389}},{"type":"Feature","id":32390,"geometry":{"type":"Point","coordinates":[-95.42781620310116,29.772784374775078]},"properties":{"OBJECTID":32390}},{"type":"Feature","id":32391,"geometry":{"type":"Point","coordinates":[-95.42775916026632,29.77272495832012]},"properties":{"OBJECTID":32391}},{"type":"Feature","id":32392,"geometry":{"type":"Point","coordinates":[-95.42786183835024,29.772739812419356]},"properties":{"OBJECTID":32392}},{"type":"Feature","id":32393,"geometry":{"type":"Point","coordinates":[-95.42742830983592,29.773274557559663]},"properties":{"OBJECTID":32393}},{"type":"Feature","id":32394,"geometry":{"type":"Point","coordinates":[-95.42729711130005,29.77329436278319]},"properties":{"OBJECTID":32394}},{"type":"Feature","id":32395,"geometry":{"type":"Point","coordinates":[-95.42708034719773,29.77353697767491]},"properties":{"OBJECTID":32395}},{"type":"Feature","id":32396,"geometry":{"type":"Point","coordinates":[-95.42721725076933,29.773536977234745]},"properties":{"OBJECTID":32396}},{"type":"Feature","id":32397,"geometry":{"type":"Point","coordinates":[-95.42665822809894,29.77282398598136]},"properties":{"OBJECTID":32397}},{"type":"Feature","id":32398,"geometry":{"type":"Point","coordinates":[-95.42623610890644,29.772566514991528]},"properties":{"OBJECTID":32398}},{"type":"Feature","id":32399,"geometry":{"type":"Point","coordinates":[-95.42637871663925,29.772571466946438]},"properties":{"OBJECTID":32399}},{"type":"Feature","id":32400,"geometry":{"type":"Point","coordinates":[-95.42669815792338,29.77208623173049]},"properties":{"OBJECTID":32400}},{"type":"Feature","id":32401,"geometry":{"type":"Point","coordinates":[-95.42685217481989,29.772086232184414]},"properties":{"OBJECTID":32401}},{"type":"Feature","id":32402,"geometry":{"type":"Point","coordinates":[-95.4271944332968,29.77146235508142]},"properties":{"OBJECTID":32402}},{"type":"Feature","id":32403,"geometry":{"type":"Point","coordinates":[-95.42734274520859,29.77146235544736]},"properties":{"OBJECTID":32403}},{"type":"Feature","id":32404,"geometry":{"type":"Point","coordinates":[-95.42779338624551,29.77091769791461]},"properties":{"OBJECTID":32404}},{"type":"Feature","id":32405,"geometry":{"type":"Point","coordinates":[-95.42611061320112,29.770699833733552]},"properties":{"OBJECTID":32405}},{"type":"Feature","id":32406,"geometry":{"type":"Point","coordinates":[-95.42612772682247,29.770833523143317]},"properties":{"OBJECTID":32406}},{"type":"Feature","id":32407,"geometry":{"type":"Point","coordinates":[-95.42559722533325,29.771318763980837]},"properties":{"OBJECTID":32407}},{"type":"Feature","id":32408,"geometry":{"type":"Point","coordinates":[-95.42562004306768,29.77146235511597]},"properties":{"OBJECTID":32408}},{"type":"Feature","id":32409,"geometry":{"type":"Point","coordinates":[-95.42542039170759,29.771497015443906]},"properties":{"OBJECTID":32409}},{"type":"Feature","id":32410,"geometry":{"type":"Point","coordinates":[-95.42543750463555,29.77166536307822]},"properties":{"OBJECTID":32410}},{"type":"Feature","id":32411,"geometry":{"type":"Point","coordinates":[-95.42516369790526,29.771046435155412]},"properties":{"OBJECTID":32411}},{"type":"Feature","id":32889,"geometry":{"type":"Point","coordinates":[-95.3754049714572,29.760575607790486]},"properties":{"OBJECTID":32889}},{"type":"Feature","id":32890,"geometry":{"type":"Point","coordinates":[-95.37515683359273,29.760974239891706]},"properties":{"OBJECTID":32890}},{"type":"Feature","id":32891,"geometry":{"type":"Point","coordinates":[-95.37545345838467,29.763430833820202]},"properties":{"OBJECTID":32891}},{"type":"Feature","id":32892,"geometry":{"type":"Point","coordinates":[-95.42273080798752,29.76953128363876]},"properties":{"OBJECTID":32892}},{"type":"Feature","id":32893,"geometry":{"type":"Point","coordinates":[-95.42201776855933,29.768080480146914]},"properties":{"OBJECTID":32893}},{"type":"Feature","id":32894,"geometry":{"type":"Point","coordinates":[-95.42190368223895,29.766530621867787]},"properties":{"OBJECTID":32894}},{"type":"Feature","id":32895,"geometry":{"type":"Point","coordinates":[-95.42015245805356,29.760662731604594]},"properties":{"OBJECTID":32895}},{"type":"Feature","id":32896,"geometry":{"type":"Point","coordinates":[-95.42000414626855,29.760732058465223]},"properties":{"OBJECTID":32896}},{"type":"Feature","id":32897,"geometry":{"type":"Point","coordinates":[-95.42084267991929,29.760657779235707]},"properties":{"OBJECTID":32897}},{"type":"Feature","id":32898,"geometry":{"type":"Point","coordinates":[-95.41830996543516,29.759806040407028]},"properties":{"OBJECTID":32898}},{"type":"Feature","id":33457,"geometry":{"type":"Point","coordinates":[-95.42720013754636,29.763038402006625]},"properties":{"OBJECTID":33457}},{"type":"Feature","id":33458,"geometry":{"type":"Point","coordinates":[-95.41086298345414,29.77986827151656]},"properties":{"OBJECTID":33458}},{"type":"Feature","id":33459,"geometry":{"type":"Point","coordinates":[-95.40636798456339,29.778496834654764]},"properties":{"OBJECTID":33459}},{"type":"Feature","id":33460,"geometry":{"type":"Point","coordinates":[-95.40735483081859,29.778477030450947]},"properties":{"OBJECTID":33460}},{"type":"Feature","id":33461,"geometry":{"type":"Point","coordinates":[-95.40847287662547,29.77847703057038]},"properties":{"OBJECTID":33461}},{"type":"Feature","id":33462,"geometry":{"type":"Point","coordinates":[-95.40974493850733,29.779175128981976]},"properties":{"OBJECTID":33462}},{"type":"Feature","id":33463,"geometry":{"type":"Point","coordinates":[-95.4097278248368,29.778452275212878]},"properties":{"OBJECTID":33463}},{"type":"Feature","id":33464,"geometry":{"type":"Point","coordinates":[-95.4095738089026,29.77857605143374]},"properties":{"OBJECTID":33464}},{"type":"Feature","id":33465,"geometry":{"type":"Point","coordinates":[-95.41064621950531,29.77855129673482]},"properties":{"OBJECTID":33465}},{"type":"Feature","id":33466,"geometry":{"type":"Point","coordinates":[-95.41084016682998,29.778432471017428]},"properties":{"OBJECTID":33466}},{"type":"Feature","id":33467,"geometry":{"type":"Point","coordinates":[-95.41085727907452,29.77915532439946]},"properties":{"OBJECTID":33467}},{"type":"Feature","id":33468,"geometry":{"type":"Point","coordinates":[-95.41068044593422,29.779274149952418]},"properties":{"OBJECTID":33468}},{"type":"Feature","id":33469,"geometry":{"type":"Point","coordinates":[-95.40957951290395,29.783551749598484]},"properties":{"OBJECTID":33469}},{"type":"Feature","id":35715,"geometry":{"type":"Point","coordinates":[-95.36837095188756,29.766017033222393]},"properties":{"OBJECTID":35715}},{"type":"Feature","id":35716,"geometry":{"type":"Point","coordinates":[-95.36807432738149,29.766492393938567]},"properties":{"OBJECTID":35716}},{"type":"Feature","id":35717,"geometry":{"type":"Point","coordinates":[-95.36874458450856,29.765880861784126]},"properties":{"OBJECTID":35717}},{"type":"Feature","id":35719,"geometry":{"type":"Point","coordinates":[-95.3707325378335,29.767103922644168]},"properties":{"OBJECTID":35719}},{"type":"Feature","id":35720,"geometry":{"type":"Point","coordinates":[-95.371097613758,29.766910808440926]},"properties":{"OBJECTID":35720}},{"type":"Feature","id":35721,"geometry":{"type":"Point","coordinates":[-95.37061845100612,29.76761889088953]},"properties":{"OBJECTID":35721}},{"type":"Feature","id":35722,"geometry":{"type":"Point","coordinates":[-95.3715824801647,29.76728713221762]},"properties":{"OBJECTID":35722}},{"type":"Feature","id":35723,"geometry":{"type":"Point","coordinates":[-95.3711717693916,29.77519456418184]},"properties":{"OBJECTID":35723}},{"type":"Feature","id":35724,"geometry":{"type":"Point","coordinates":[-95.37126303831324,29.77527873456942]},"properties":{"OBJECTID":35724}},{"type":"Feature","id":35725,"geometry":{"type":"Point","coordinates":[-95.37008795004316,29.775204466556964]},"properties":{"OBJECTID":35725}},{"type":"Feature","id":35726,"geometry":{"type":"Point","coordinates":[-95.37018492346607,29.7752886369549]},"properties":{"OBJECTID":35726}},{"type":"Feature","id":35727,"geometry":{"type":"Point","coordinates":[-95.36907258193426,29.774466730083255]},"properties":{"OBJECTID":35727}},{"type":"Feature","id":35728,"geometry":{"type":"Point","coordinates":[-95.37005372382784,29.774590511459984]},"properties":{"OBJECTID":35728}},{"type":"Feature","id":35729,"geometry":{"type":"Point","coordinates":[-95.37017351474522,29.774476632881917]},"properties":{"OBJECTID":35729}},{"type":"Feature","id":35730,"geometry":{"type":"Point","coordinates":[-95.37114895247868,29.774560804448658]},"properties":{"OBJECTID":35730}},{"type":"Feature","id":35731,"geometry":{"type":"Point","coordinates":[-95.37127444744613,29.77444692501911]},"properties":{"OBJECTID":35731}},{"type":"Feature","id":35732,"geometry":{"type":"Point","coordinates":[-95.3711603604045,29.773694328821218]},"properties":{"OBJECTID":35732}},{"type":"Feature","id":35733,"geometry":{"type":"Point","coordinates":[-95.37127444695939,29.77383791658072]},"properties":{"OBJECTID":35733}},{"type":"Feature","id":35734,"geometry":{"type":"Point","coordinates":[-95.3700651330653,29.773719085512557]},"properties":{"OBJECTID":35734}},{"type":"Feature","id":35735,"geometry":{"type":"Point","coordinates":[-95.37015640208759,29.773847819418194]},"properties":{"OBJECTID":35735}},{"type":"Feature","id":35736,"geometry":{"type":"Point","coordinates":[-95.36894138336265,29.773733939957296]},"properties":{"OBJECTID":35736}},{"type":"Feature","id":35737,"geometry":{"type":"Point","coordinates":[-95.36906687791343,29.773857722020164]},"properties":{"OBJECTID":35737}},{"type":"Feature","id":35738,"geometry":{"type":"Point","coordinates":[-95.37125162977374,29.77305065699049]},"properties":{"OBJECTID":35738}},{"type":"Feature","id":35739,"geometry":{"type":"Point","coordinates":[-95.3711717689781,29.77297143599096]},"properties":{"OBJECTID":35739}},{"type":"Feature","id":35740,"geometry":{"type":"Point","coordinates":[-95.37124592556688,29.772362418770093]},"properties":{"OBJECTID":35740}},{"type":"Feature","id":35741,"geometry":{"type":"Point","coordinates":[-95.37114895169033,29.772208926281]},"properties":{"OBJECTID":35741}},{"type":"Feature","id":35742,"geometry":{"type":"Point","coordinates":[-95.37112613445362,29.77183757199972]},"properties":{"OBJECTID":35742}},{"type":"Feature","id":35743,"geometry":{"type":"Point","coordinates":[-95.37124022173536,29.77151573051874]},"properties":{"OBJECTID":35743}},{"type":"Feature","id":35744,"geometry":{"type":"Point","coordinates":[-95.37122881238777,29.770876995733552]},"properties":{"OBJECTID":35744}},{"type":"Feature","id":35745,"geometry":{"type":"Point","coordinates":[-95.3711432479196,29.770728451776282]},"properties":{"OBJECTID":35745}},{"type":"Feature","id":35746,"geometry":{"type":"Point","coordinates":[-95.37124022164916,29.77015903361075]},"properties":{"OBJECTID":35746}},{"type":"Feature","id":35747,"geometry":{"type":"Point","coordinates":[-95.37146839387115,29.77001048912615]},"properties":{"OBJECTID":35747}},{"type":"Feature","id":35748,"geometry":{"type":"Point","coordinates":[-95.37145698498188,29.76773277804305]},"properties":{"OBJECTID":35748}},{"type":"Feature","id":35749,"geometry":{"type":"Point","coordinates":[-95.37053288648181,29.770010488484328]},"properties":{"OBJECTID":35749}},{"type":"Feature","id":35750,"geometry":{"type":"Point","coordinates":[-95.37013358450542,29.770173887384225]},"properties":{"OBJECTID":35750}},{"type":"Feature","id":35751,"geometry":{"type":"Point","coordinates":[-95.3690155389749,29.77018379044655]},"properties":{"OBJECTID":35751}},{"type":"Feature","id":35752,"geometry":{"type":"Point","coordinates":[-95.36866187105198,29.770035246635157]},"properties":{"OBJECTID":35752}},{"type":"Feature","id":35753,"geometry":{"type":"Point","coordinates":[-95.36790319821525,29.77017883923368]},"properties":{"OBJECTID":35753}},{"type":"Feature","id":35754,"geometry":{"type":"Point","coordinates":[-95.36712170720358,29.769911458556297]},"properties":{"OBJECTID":35754}},{"type":"Feature","id":35755,"geometry":{"type":"Point","coordinates":[-95.36734417499937,29.76923310156127]},"properties":{"OBJECTID":35755}},{"type":"Feature","id":35756,"geometry":{"type":"Point","coordinates":[-95.3678062244615,29.770782917796723]},"properties":{"OBJECTID":35756}},{"type":"Feature","id":35757,"geometry":{"type":"Point","coordinates":[-95.36794312844066,29.770916607518146]},"properties":{"OBJECTID":35757}},{"type":"Feature","id":35758,"geometry":{"type":"Point","coordinates":[-95.3678347456319,29.77155039035227]},"properties":{"OBJECTID":35758}},{"type":"Feature","id":35759,"geometry":{"type":"Point","coordinates":[-95.36893567820051,29.77162961250974]},"properties":{"OBJECTID":35759}},{"type":"Feature","id":35760,"geometry":{"type":"Point","coordinates":[-95.36906687810773,29.771797960362946]},"properties":{"OBJECTID":35760}},{"type":"Feature","id":35761,"geometry":{"type":"Point","coordinates":[-95.36891856541887,29.770763112273162]},"properties":{"OBJECTID":35761}},{"type":"Feature","id":35762,"geometry":{"type":"Point","coordinates":[-95.369038356504,29.770896801120642]},"properties":{"OBJECTID":35762}},{"type":"Feature","id":35763,"geometry":{"type":"Point","coordinates":[-95.37004231493182,29.771857377069097]},"properties":{"OBJECTID":35763}},{"type":"Feature","id":35764,"geometry":{"type":"Point","coordinates":[-95.3700993587909,29.771753398133182]},"properties":{"OBJECTID":35764}},{"type":"Feature","id":35765,"geometry":{"type":"Point","coordinates":[-95.37013358417974,29.770886898829087]},"properties":{"OBJECTID":35765}},{"type":"Feature","id":35766,"geometry":{"type":"Point","coordinates":[-95.3700366107948,29.770758160955793]},"properties":{"OBJECTID":35766}},{"type":"Feature","id":35767,"geometry":{"type":"Point","coordinates":[-95.37005372375442,29.772233682441687]},"properties":{"OBJECTID":35767}},{"type":"Feature","id":35768,"geometry":{"type":"Point","coordinates":[-95.37016781058175,29.77238717531866]},"properties":{"OBJECTID":35768}},{"type":"Feature","id":35769,"geometry":{"type":"Point","coordinates":[-95.3700480200644,29.772981338472274]},"properties":{"OBJECTID":35769}},{"type":"Feature","id":35770,"geometry":{"type":"Point","coordinates":[-95.3701449930076,29.773070462813035]},"properties":{"OBJECTID":35770}},{"type":"Feature","id":35771,"geometry":{"type":"Point","coordinates":[-95.36906687796518,29.77300114325083]},"properties":{"OBJECTID":35771}},{"type":"Feature","id":35772,"geometry":{"type":"Point","coordinates":[-95.3689527917888,29.77308531623905]},"properties":{"OBJECTID":35772}},{"type":"Feature","id":35773,"geometry":{"type":"Point","coordinates":[-95.36902124355716,29.77223368266245]},"properties":{"OBJECTID":35773}},{"type":"Feature","id":35774,"geometry":{"type":"Point","coordinates":[-95.38039849598955,29.773714134155252]},"properties":{"OBJECTID":35774}},{"type":"Feature","id":35775,"geometry":{"type":"Point","coordinates":[-95.37930897229714,29.773733939090405]},"properties":{"OBJECTID":35775}},{"type":"Feature","id":35776,"geometry":{"type":"Point","coordinates":[-95.37810536269424,29.7736448157961]},"properties":{"OBJECTID":35776}},{"type":"Feature","id":35777,"geometry":{"type":"Point","coordinates":[-95.37820804025272,29.773743842410195]},"properties":{"OBJECTID":35777}},{"type":"Feature","id":35778,"geometry":{"type":"Point","coordinates":[-95.37695879525268,29.773644816237173]},"properties":{"OBJECTID":35778}},{"type":"Feature","id":35779,"geometry":{"type":"Point","coordinates":[-95.3770728812327,29.773743842562716]},"properties":{"OBJECTID":35779}},{"type":"Feature","id":35780,"geometry":{"type":"Point","coordinates":[-95.37585215907191,29.77365471838725]},"properties":{"OBJECTID":35780}},{"type":"Feature","id":35781,"geometry":{"type":"Point","coordinates":[-95.37594913235,29.7737537450781]},"properties":{"OBJECTID":35781}},{"type":"Feature","id":35782,"geometry":{"type":"Point","coordinates":[-95.37472270412242,29.773679474777722]},"properties":{"OBJECTID":35782}},{"type":"Feature","id":35783,"geometry":{"type":"Point","coordinates":[-95.37480826971904,29.773793354835004]},"properties":{"OBJECTID":35783}},{"type":"Feature","id":35784,"geometry":{"type":"Point","coordinates":[-95.37359895484622,29.77369432943233]},"properties":{"OBJECTID":35784}},{"type":"Feature","id":35785,"geometry":{"type":"Point","coordinates":[-95.37366170195068,29.773783452891504]},"properties":{"OBJECTID":35785}},{"type":"Feature","id":35786,"geometry":{"type":"Point","coordinates":[-95.37371874531293,29.777373082931746]},"properties":{"OBJECTID":35786}},{"type":"Feature","id":35787,"geometry":{"type":"Point","coordinates":[-95.37473981769143,29.7772493048691]},"properties":{"OBJECTID":35787}},{"type":"Feature","id":35788,"geometry":{"type":"Point","coordinates":[-95.3748424949873,29.777338424530292]},"properties":{"OBJECTID":35788}},{"type":"Feature","id":35789,"geometry":{"type":"Point","coordinates":[-95.37484819993226,29.777967216251135]},"properties":{"OBJECTID":35789}},{"type":"Feature","id":35790,"geometry":{"type":"Point","coordinates":[-95.37477404334493,29.778066237934894]},"properties":{"OBJECTID":35790}},{"type":"Feature","id":35791,"geometry":{"type":"Point","coordinates":[-95.37590920160476,29.778041482409193]},"properties":{"OBJECTID":35791}},{"type":"Feature","id":35792,"geometry":{"type":"Point","coordinates":[-95.37588638432295,29.777358229207014]},"properties":{"OBJECTID":35792}},{"type":"Feature","id":35793,"geometry":{"type":"Point","coordinates":[-95.37598906248293,29.77726415750951]},"properties":{"OBJECTID":35793}},{"type":"Feature","id":35794,"geometry":{"type":"Point","coordinates":[-95.37701583850126,29.777244353089802]},"properties":{"OBJECTID":35794}},{"type":"Feature","id":35795,"geometry":{"type":"Point","coordinates":[-95.3781224755345,29.77733842496528]},"properties":{"OBJECTID":35795}},{"type":"Feature","id":35796,"geometry":{"type":"Point","coordinates":[-95.37586927201345,29.776655166886417]},"properties":{"OBJECTID":35796}},{"type":"Feature","id":35797,"geometry":{"type":"Point","coordinates":[-95.37487101649435,29.776585850461824]},"properties":{"OBJECTID":35797}},{"type":"Feature","id":35798,"geometry":{"type":"Point","coordinates":[-95.37475692996762,29.776630411377464]},"properties":{"OBJECTID":35798}},{"type":"Feature","id":35799,"geometry":{"type":"Point","coordinates":[-95.37360180691131,29.77590506353006]},"properties":{"OBJECTID":35799}},{"type":"Feature","id":35800,"geometry":{"type":"Point","coordinates":[-95.37369307594373,29.776004087279247]},"properties":{"OBJECTID":35800}},{"type":"Feature","id":35801,"geometry":{"type":"Point","coordinates":[-95.37476548685709,29.775969429043393]},"properties":{"OBJECTID":35801}},{"type":"Feature","id":35802,"geometry":{"type":"Point","coordinates":[-95.3748624607577,29.77591496610838]},"properties":{"OBJECTID":35802}},{"type":"Feature","id":35803,"geometry":{"type":"Point","coordinates":[-95.37587212356773,29.775989233654286]},"properties":{"OBJECTID":35803}},{"type":"Feature","id":35804,"geometry":{"type":"Point","coordinates":[-95.37357794170782,29.77513762466732]},"properties":{"OBJECTID":35804}},{"type":"Feature","id":35805,"geometry":{"type":"Point","coordinates":[-95.3736692110322,29.775236649384226]},"properties":{"OBJECTID":35805}},{"type":"Feature","id":35806,"geometry":{"type":"Point","coordinates":[-95.37474732667633,29.775132673425865]},"properties":{"OBJECTID":35806}},{"type":"Feature","id":35807,"geometry":{"type":"Point","coordinates":[-95.37483859526301,29.775216844903888]},"properties":{"OBJECTID":35807}},{"type":"Feature","id":35808,"geometry":{"type":"Point","coordinates":[-95.37586537137173,29.775127721841347]},"properties":{"OBJECTID":35808}},{"type":"Feature","id":35809,"geometry":{"type":"Point","coordinates":[-95.3759623451382,29.775216844457063]},"properties":{"OBJECTID":35809}},{"type":"Feature","id":35810,"geometry":{"type":"Point","coordinates":[-95.3770233471287,29.775192087928254]},"properties":{"OBJECTID":35810}},{"type":"Feature","id":35811,"geometry":{"type":"Point","coordinates":[-95.37711461667487,29.775117820068605]},"properties":{"OBJECTID":35811}},{"type":"Feature","id":35812,"geometry":{"type":"Point","coordinates":[-95.3770062349153,29.77512772233273]},"properties":{"OBJECTID":35812}},{"type":"Feature","id":35813,"geometry":{"type":"Point","coordinates":[-95.37712602474386,29.77520199108649]},"properties":{"OBJECTID":35813}},{"type":"Feature","id":35814,"geometry":{"type":"Point","coordinates":[-95.37811287088964,29.775102965969545]},"properties":{"OBJECTID":35814}},{"type":"Feature","id":35815,"geometry":{"type":"Point","coordinates":[-95.37822125292081,29.77518218612462]},"properties":{"OBJECTID":35815}},{"type":"Feature","id":35816,"geometry":{"type":"Point","coordinates":[-95.37921950858414,29.77509801483238]},"properties":{"OBJECTID":35816}},{"type":"Feature","id":35817,"geometry":{"type":"Point","coordinates":[-95.38030332811175,29.77507820962356]},"properties":{"OBJECTID":35817}},{"type":"Feature","id":35818,"geometry":{"type":"Point","coordinates":[-95.38248807967628,29.775088112484436]},"properties":{"OBJECTID":35818}},{"type":"Feature","id":35819,"geometry":{"type":"Point","coordinates":[-95.3825793491631,29.774489011149708]},"properties":{"OBJECTID":35819}},{"type":"Feature","id":35820,"geometry":{"type":"Point","coordinates":[-95.38279040874548,29.774350375457736]},"properties":{"OBJECTID":35820}},{"type":"Feature","id":35821,"geometry":{"type":"Point","coordinates":[-95.38291019894137,29.773731463902212]},"properties":{"OBJECTID":35821}},{"type":"Feature","id":35822,"geometry":{"type":"Point","coordinates":[-95.38155827622201,29.774330569943746]},"properties":{"OBJECTID":35822}},{"type":"Feature","id":35823,"geometry":{"type":"Point","coordinates":[-95.38140426011365,29.77447910806014]},"properties":{"OBJECTID":35823}},{"type":"Feature","id":35824,"geometry":{"type":"Point","coordinates":[-95.38041741353318,29.774464254063965]},"properties":{"OBJECTID":35824}},{"type":"Feature","id":35825,"geometry":{"type":"Point","coordinates":[-95.38032044047547,29.774365228961454]},"properties":{"OBJECTID":35825}},{"type":"Feature","id":35826,"geometry":{"type":"Point","coordinates":[-95.37932218557906,29.774474156518128]},"properties":{"OBJECTID":35826}},{"type":"Feature","id":35827,"geometry":{"type":"Point","coordinates":[-95.37923091664283,29.774370180161707]},"properties":{"OBJECTID":35827}},{"type":"Feature","id":35828,"geometry":{"type":"Point","coordinates":[-95.3781984356597,29.774479108019175]},"properties":{"OBJECTID":35828}},{"type":"Feature","id":35829,"geometry":{"type":"Point","coordinates":[-95.3781185758803,29.77440978997357]},"properties":{"OBJECTID":35829}},{"type":"Feature","id":35830,"geometry":{"type":"Point","coordinates":[-95.37709750308932,29.77442464448735]},"properties":{"OBJECTID":35830}},{"type":"Feature","id":35831,"geometry":{"type":"Point","coordinates":[-95.37699482557015,29.774493961539914]},"properties":{"OBJECTID":35831}},{"type":"Feature","id":35832,"geometry":{"type":"Point","coordinates":[-95.37594523224561,29.774498913066314]},"properties":{"OBJECTID":35832}},{"type":"Feature","id":35833,"geometry":{"type":"Point","coordinates":[-95.3758767803687,29.774434546332834]},"properties":{"OBJECTID":35833}},{"type":"Feature","id":35834,"geometry":{"type":"Point","coordinates":[-95.37482148288618,29.774508815368492]},"properties":{"OBJECTID":35834}},{"type":"Feature","id":35835,"geometry":{"type":"Point","coordinates":[-95.37471880500475,29.77444444921865]},"properties":{"OBJECTID":35835}},{"type":"Feature","id":35836,"geometry":{"type":"Point","coordinates":[-95.37358935057146,29.774449400935197]},"properties":{"OBJECTID":35836}},{"type":"Feature","id":35837,"geometry":{"type":"Point","coordinates":[-95.37366350639044,29.77451376705925]},"properties":{"OBJECTID":35837}},{"type":"Feature","id":35838,"geometry":{"type":"Point","coordinates":[-95.37353801221214,29.772954105769198]},"properties":{"OBJECTID":35838}},{"type":"Feature","id":35839,"geometry":{"type":"Point","coordinates":[-95.37362928064982,29.773048181307107]},"properties":{"OBJECTID":35839}},{"type":"Feature","id":35840,"geometry":{"type":"Point","coordinates":[-95.37470739579646,29.772959056813363]},"properties":{"OBJECTID":35840}},{"type":"Feature","id":35841,"geometry":{"type":"Point","coordinates":[-95.37481007375467,29.773048181257156]},"properties":{"OBJECTID":35841}},{"type":"Feature","id":35842,"geometry":{"type":"Point","coordinates":[-95.3758368498925,29.772949154942662]},"properties":{"OBJECTID":35842}},{"type":"Feature","id":35843,"geometry":{"type":"Point","coordinates":[-95.37592241533906,29.773018473488747]},"properties":{"OBJECTID":35843}},{"type":"Feature","id":35844,"geometry":{"type":"Point","coordinates":[-95.37696630473245,29.772998667598664]},"properties":{"OBJECTID":35844}},{"type":"Feature","id":35845,"geometry":{"type":"Point","coordinates":[-95.37709179965306,29.772934300204074]},"properties":{"OBJECTID":35845}},{"type":"Feature","id":35846,"geometry":{"type":"Point","coordinates":[-95.3781128709679,29.77291944609065]},"properties":{"OBJECTID":35846}},{"type":"Feature","id":35847,"geometry":{"type":"Point","coordinates":[-95.37818702764434,29.773003619520917]},"properties":{"OBJECTID":35847}},{"type":"Feature","id":35848,"geometry":{"type":"Point","coordinates":[-95.3791510568318,29.772884787297517]},"properties":{"OBJECTID":35848}},{"type":"Feature","id":35849,"geometry":{"type":"Point","coordinates":[-95.37932788992748,29.773018473104898]},"properties":{"OBJECTID":35849}},{"type":"Feature","id":35850,"geometry":{"type":"Point","coordinates":[-95.38042311776036,29.773008571018885]},"properties":{"OBJECTID":35850}},{"type":"Feature","id":35851,"geometry":{"type":"Point","coordinates":[-95.38152975505008,29.772988765285927]},"properties":{"OBJECTID":35851}},{"type":"Feature","id":35852,"geometry":{"type":"Point","coordinates":[-95.37352089868232,29.772201499139598]},"properties":{"OBJECTID":35852}},{"type":"Feature","id":35853,"geometry":{"type":"Point","coordinates":[-95.37363498513294,29.772330234299638]},"properties":{"OBJECTID":35853}},{"type":"Feature","id":35854,"geometry":{"type":"Point","coordinates":[-95.3747929604642,29.772335185696083]},"properties":{"OBJECTID":35854}},{"type":"Feature","id":35855,"geometry":{"type":"Point","coordinates":[-95.37465035336605,29.77218169356271]},"properties":{"OBJECTID":35855}},{"type":"Feature","id":35856,"geometry":{"type":"Point","coordinates":[-95.37579691954198,29.772181693417384]},"properties":{"OBJECTID":35856}},{"type":"Feature","id":35857,"geometry":{"type":"Point","coordinates":[-95.37590530247385,29.772320331588357]},"properties":{"OBJECTID":35857}},{"type":"Feature","id":35858,"geometry":{"type":"Point","coordinates":[-95.37696060029052,29.772310428842495]},"properties":{"OBJECTID":35858}},{"type":"Feature","id":35859,"geometry":{"type":"Point","coordinates":[-95.3771203209275,29.77216188739122]},"properties":{"OBJECTID":35859}},{"type":"Feature","id":35860,"geometry":{"type":"Point","coordinates":[-95.37819843583092,29.772255963674617]},"properties":{"OBJECTID":35860}},{"type":"Feature","id":35861,"geometry":{"type":"Point","coordinates":[-95.3791681695889,29.772231207568822]},"properties":{"OBJECTID":35861}},{"type":"Feature","id":35862,"geometry":{"type":"Point","coordinates":[-95.37928795981993,29.772156936194776]},"properties":{"OBJECTID":35862}},{"type":"Feature","id":35863,"geometry":{"type":"Point","coordinates":[-95.37349237781825,29.77160238022823]},"properties":{"OBJECTID":35863}},{"type":"Feature","id":35864,"geometry":{"type":"Point","coordinates":[-95.37367491591259,29.771453837378242]},"properties":{"OBJECTID":35864}},{"type":"Feature","id":35865,"geometry":{"type":"Point","coordinates":[-95.37480436999039,29.771577622642095]},"properties":{"OBJECTID":35865}},{"type":"Feature","id":35866,"geometry":{"type":"Point","coordinates":[-95.37465035322613,29.77144888602747]},"properties":{"OBJECTID":35866}},{"type":"Feature","id":35867,"geometry":{"type":"Point","coordinates":[-95.37575698982229,29.771434031610237]},"properties":{"OBJECTID":35867}},{"type":"Feature","id":35868,"geometry":{"type":"Point","coordinates":[-95.37593952837891,29.771572671372933]},"properties":{"OBJECTID":35868}},{"type":"Feature","id":35869,"geometry":{"type":"Point","coordinates":[-95.37693207847228,29.77157267135842]},"properties":{"OBJECTID":35869}},{"type":"Feature","id":35870,"geometry":{"type":"Point","coordinates":[-95.37710320820531,29.7714043234604]},"properties":{"OBJECTID":35870}},{"type":"Feature","id":35871,"geometry":{"type":"Point","coordinates":[-95.37714313771284,29.769973352951304]},"properties":{"OBJECTID":35871}},{"type":"Feature","id":35872,"geometry":{"type":"Point","coordinates":[-95.37708039082605,29.770082285090094]},"properties":{"OBJECTID":35872}},{"type":"Feature","id":35873,"geometry":{"type":"Point","coordinates":[-95.37592241475018,29.77007733378508]},"properties":{"OBJECTID":35873}},{"type":"Feature","id":35874,"geometry":{"type":"Point","coordinates":[-95.37477584798276,29.770102091681686]},"properties":{"OBJECTID":35874}},{"type":"Feature","id":35875,"geometry":{"type":"Point","coordinates":[-95.37318434468496,29.7707408308249]},"properties":{"OBJECTID":35875}},{"type":"Feature","id":35876,"geometry":{"type":"Point","coordinates":[-95.37364639434644,29.770859665867683]},"properties":{"OBJECTID":35876}},{"type":"Feature","id":35877,"geometry":{"type":"Point","coordinates":[-95.37464464879783,29.770839859609115]},"properties":{"OBJECTID":35877}},{"type":"Feature","id":35878,"geometry":{"type":"Point","coordinates":[-95.37479866521912,29.770711121680534]},"properties":{"OBJECTID":35878}},{"type":"Feature","id":35879,"geometry":{"type":"Point","coordinates":[-95.37579121558288,29.770701219113644]},"properties":{"OBJECTID":35879}},{"type":"Feature","id":35880,"geometry":{"type":"Point","coordinates":[-95.3759338234413,29.770825005314876]},"properties":{"OBJECTID":35880}},{"type":"Feature","id":35881,"geometry":{"type":"Point","coordinates":[-95.37691496536316,29.77082005381446]},"properties":{"OBJECTID":35881}},{"type":"Feature","id":35882,"geometry":{"type":"Point","coordinates":[-95.37707468592713,29.770686364816704]},"properties":{"OBJECTID":35882}},{"type":"Feature","id":35883,"geometry":{"type":"Point","coordinates":[-95.37694919151076,29.770696267346622]},"properties":{"OBJECTID":35883}},{"type":"Feature","id":35884,"geometry":{"type":"Point","coordinates":[-95.3770575731491,29.770805199805437]},"properties":{"OBJECTID":35884}},{"type":"Feature","id":35885,"geometry":{"type":"Point","coordinates":[-95.37325850082362,29.76749262470918]},"properties":{"OBJECTID":35885}},{"type":"Feature","id":35886,"geometry":{"type":"Point","coordinates":[-95.37389167888941,29.76737378602418]},"properties":{"OBJECTID":35886}},{"type":"Feature","id":35887,"geometry":{"type":"Point","coordinates":[-95.37426816365536,29.767586705823767]},"properties":{"OBJECTID":35887}},{"type":"Feature","id":35888,"geometry":{"type":"Point","coordinates":[-95.37461042283985,29.767443108729836]},"properties":{"OBJECTID":35888}},{"type":"Feature","id":35889,"geometry":{"type":"Point","coordinates":[-95.37556304321545,29.76752728628953]},"properties":{"OBJECTID":35889}},{"type":"Feature","id":35890,"geometry":{"type":"Point","coordinates":[-95.37567142505966,29.767735253994868]},"properties":{"OBJECTID":35890}},{"type":"Feature","id":35891,"geometry":{"type":"Point","coordinates":[-95.3770917991374,29.76770059241763]},"properties":{"OBJECTID":35891}},{"type":"Feature","id":35892,"geometry":{"type":"Point","coordinates":[-95.37728574586639,29.767903608250773]},"properties":{"OBJECTID":35892}},{"type":"Feature","id":35893,"geometry":{"type":"Point","coordinates":[-95.37824407055439,29.767824382696503]},"properties":{"OBJECTID":35893}},{"type":"Feature","id":35894,"geometry":{"type":"Point","coordinates":[-95.37838097417881,29.768007591592312]},"properties":{"OBJECTID":35894}},{"type":"Feature","id":35895,"geometry":{"type":"Point","coordinates":[-95.37936782053954,29.76793826918062]},"properties":{"OBJECTID":35895}},{"type":"Feature","id":35896,"geometry":{"type":"Point","coordinates":[-95.37948190690064,29.768136332931984]},"properties":{"OBJECTID":35896}},{"type":"Feature","id":35897,"geometry":{"type":"Point","coordinates":[-95.38048586605802,29.768062058581098]},"properties":{"OBJECTID":35897}},{"type":"Feature","id":35898,"geometry":{"type":"Point","coordinates":[-95.38061136011,29.768250218512073]},"properties":{"OBJECTID":35898}},{"type":"Feature","id":35899,"geometry":{"type":"Point","coordinates":[-95.38157538909573,29.768161090114717]},"properties":{"OBJECTID":35899}},{"type":"Feature","id":35900,"geometry":{"type":"Point","coordinates":[-95.38166665827843,29.76836410518558]},"properties":{"OBJECTID":35900}},{"type":"Feature","id":35901,"geometry":{"type":"Point","coordinates":[-95.38267632247324,29.767735253194193]},"properties":{"OBJECTID":35901}},{"type":"Feature","id":35902,"geometry":{"type":"Point","coordinates":[-95.38227702064941,29.766908332295174]},"properties":{"OBJECTID":35902}},{"type":"Feature","id":35903,"geometry":{"type":"Point","coordinates":[-95.38175222352353,29.766556765388227]},"properties":{"OBJECTID":35903}},{"type":"Feature","id":35904,"geometry":{"type":"Point","coordinates":[-95.38161246811984,29.76616063161552]},"properties":{"OBJECTID":35904}},{"type":"Feature","id":35905,"geometry":{"type":"Point","coordinates":[-95.38150978965962,29.766279472004232]},"properties":{"OBJECTID":35905}},{"type":"Feature","id":35906,"geometry":{"type":"Point","coordinates":[-95.38234832355721,29.765571380210904]},"properties":{"OBJECTID":35906}},{"type":"Feature","id":35907,"geometry":{"type":"Point","coordinates":[-95.38141852047113,29.765492152480167]},"properties":{"OBJECTID":35907}},{"type":"Feature","id":35908,"geometry":{"type":"Point","coordinates":[-95.38129872998047,29.76556147724262]},"properties":{"OBJECTID":35908}},{"type":"Feature","id":35909,"geometry":{"type":"Point","coordinates":[-95.38142422541144,29.76479891098578]},"properties":{"OBJECTID":35909}},{"type":"Feature","id":35910,"geometry":{"type":"Point","coordinates":[-95.37313015301385,29.76802739771878]},"properties":{"OBJECTID":35910}},{"type":"Feature","id":35911,"geometry":{"type":"Point","coordinates":[-95.37419561594113,29.768160180080717]},"properties":{"OBJECTID":35911}},{"type":"Feature","id":35912,"geometry":{"type":"Point","coordinates":[-95.37429258873438,29.76824930788358]},"properties":{"OBJECTID":35912}},{"type":"Feature","id":35913,"geometry":{"type":"Point","coordinates":[-95.37557035531724,29.76829882420702]},"properties":{"OBJECTID":35913}},{"type":"Feature","id":35914,"geometry":{"type":"Point","coordinates":[-95.37717897131252,29.76862067552339]},"properties":{"OBJECTID":35914}},{"type":"Feature","id":35915,"geometry":{"type":"Point","coordinates":[-95.37727594505397,29.768516692681562]},"properties":{"OBJECTID":35915}},{"type":"Feature","id":35916,"geometry":{"type":"Point","coordinates":[-95.37823997359072,29.76860582061673]},"properties":{"OBJECTID":35916}},{"type":"Feature","id":35917,"geometry":{"type":"Point","coordinates":[-95.37838828556981,29.768749415719775]},"properties":{"OBJECTID":35917}},{"type":"Feature","id":35918,"geometry":{"type":"Point","coordinates":[-95.37937513165518,29.768754367714582]},"properties":{"OBJECTID":35918}},{"type":"Feature","id":35919,"geometry":{"type":"Point","coordinates":[-95.37948351419713,29.768843495682614]},"properties":{"OBJECTID":35919}},{"type":"Feature","id":35920,"geometry":{"type":"Point","coordinates":[-95.38047036031625,29.768858349913145]},"properties":{"OBJECTID":35920}},{"type":"Feature","id":35921,"geometry":{"type":"Point","coordinates":[-95.38061867213884,29.768962332740347]},"properties":{"OBJECTID":35921}},{"type":"Feature","id":35922,"geometry":{"type":"Point","coordinates":[-95.38160551831142,29.76895738140773]},"properties":{"OBJECTID":35922}},{"type":"Feature","id":35923,"geometry":{"type":"Point","coordinates":[-95.39088786266436,29.768010394664635]},"properties":{"OBJECTID":35923}},{"type":"Feature","id":35924,"geometry":{"type":"Point","coordinates":[-95.39076236757818,29.76877046061286]},"properties":{"OBJECTID":35924}},{"type":"Feature","id":35925,"geometry":{"type":"Point","coordinates":[-95.3837974015557,29.76905269822435]},"properties":{"OBJECTID":35925}},{"type":"Feature","id":35926,"geometry":{"type":"Point","coordinates":[-95.38391719130911,29.76919134067465]},"properties":{"OBJECTID":35926}},{"type":"Feature","id":35927,"geometry":{"type":"Point","coordinates":[-95.38545165247513,29.76914182566489]},"properties":{"OBJECTID":35927}},{"type":"Feature","id":35928,"geometry":{"type":"Point","coordinates":[-95.3855657381075,29.769300275055596]},"properties":{"OBJECTID":35928}},{"type":"Feature","id":35929,"geometry":{"type":"Point","coordinates":[-95.38623314322898,29.769250759142366]},"properties":{"OBJECTID":35929}},{"type":"Feature","id":35930,"geometry":{"type":"Point","coordinates":[-95.38756795255364,29.769389402190217]},"properties":{"OBJECTID":35930}},{"type":"Feature","id":35931,"geometry":{"type":"Point","coordinates":[-95.38765351703955,29.769503287407165]},"properties":{"OBJECTID":35931}},{"type":"Feature","id":35932,"geometry":{"type":"Point","coordinates":[-95.39038588349547,29.767856895159674]},"properties":{"OBJECTID":35932}},{"type":"Feature","id":35933,"geometry":{"type":"Point","coordinates":[-95.38391433915132,29.768452322871692]},"properties":{"OBJECTID":35933}},{"type":"Feature","id":35934,"geometry":{"type":"Point","coordinates":[-95.38558570301335,29.76857115962628]},"properties":{"OBJECTID":35934}},{"type":"Feature","id":35935,"geometry":{"type":"Point","coordinates":[-95.38635008154412,29.768655336801594]},"properties":{"OBJECTID":35935}},{"type":"Feature","id":35936,"geometry":{"type":"Point","coordinates":[-95.3876620736171,29.7687840772803]},"properties":{"OBJECTID":35936}},{"type":"Feature","id":35937,"geometry":{"type":"Point","coordinates":[-95.3899134643161,29.772693527719394]},"properties":{"OBJECTID":35937}},{"type":"Feature","id":35938,"geometry":{"type":"Point","coordinates":[-95.38890379999319,29.772792554742992]},"properties":{"OBJECTID":35938}},{"type":"Feature","id":35939,"geometry":{"type":"Point","coordinates":[-95.3900332540617,29.77159432043776]},"properties":{"OBJECTID":35939}},{"type":"Feature","id":35940,"geometry":{"type":"Point","coordinates":[-95.38621706893322,29.772866825143783]},"properties":{"OBJECTID":35940}},{"type":"Feature","id":35941,"geometry":{"type":"Point","coordinates":[-95.38609727776044,29.77287177650783]},"properties":{"OBJECTID":35941}},{"type":"Feature","id":35942,"geometry":{"type":"Point","coordinates":[-95.38624559008079,29.77299060865997]},"properties":{"OBJECTID":35942}},{"type":"Feature","id":35943,"geometry":{"type":"Point","coordinates":[-95.38608016533813,29.773718453580365]},"properties":{"OBJECTID":35943}},{"type":"Feature","id":35944,"geometry":{"type":"Point","coordinates":[-95.38169925208199,29.767593500141075]},"properties":{"OBJECTID":35944}},{"type":"Feature","id":35945,"geometry":{"type":"Point","coordinates":[-95.38157946146913,29.7677073877803]},"properties":{"OBJECTID":35945}},{"type":"Feature","id":35946,"geometry":{"type":"Point","coordinates":[-95.38058691104165,29.767628162035003]},"properties":{"OBJECTID":35946}},{"type":"Feature","id":35947,"geometry":{"type":"Point","coordinates":[-95.38048423386027,29.76771233947201]},"properties":{"OBJECTID":35947}},{"type":"Feature","id":35948,"geometry":{"type":"Point","coordinates":[-95.37948027439057,29.76764301639011]},"properties":{"OBJECTID":35948}},{"type":"Feature","id":35949,"geometry":{"type":"Point","coordinates":[-95.37936618781556,29.76774204856412]},"properties":{"OBJECTID":35949}},{"type":"Feature","id":35950,"geometry":{"type":"Point","coordinates":[-95.3783508203939,29.767652920298676]},"properties":{"OBJECTID":35950}},{"type":"Feature","id":35951,"geometry":{"type":"Point","coordinates":[-95.37386437781643,29.766949789114154]},"properties":{"OBJECTID":35951}},{"type":"Feature","id":35952,"geometry":{"type":"Point","coordinates":[-95.37396705598609,29.76659822231205]},"properties":{"OBJECTID":35952}},{"type":"Feature","id":35953,"geometry":{"type":"Point","coordinates":[-95.374611642762,29.766657642020252]},"properties":{"OBJECTID":35953}},{"type":"Feature","id":35954,"geometry":{"type":"Point","coordinates":[-95.37471432070299,29.76657841557204]},"properties":{"OBJECTID":35954}},{"type":"Feature","id":35955,"geometry":{"type":"Point","coordinates":[-95.37388719484504,29.766211992228016]},"properties":{"OBJECTID":35955}},{"type":"Feature","id":35956,"geometry":{"type":"Point","coordinates":[-95.37563841908214,29.766925031557218]},"properties":{"OBJECTID":35956}},{"type":"Feature","id":36189,"geometry":{"type":"Point","coordinates":[-95.37707690809147,29.767042929321885]},"properties":{"OBJECTID":36189}},{"type":"Feature","id":36190,"geometry":{"type":"Point","coordinates":[-95.37722522032948,29.766943896386504]},"properties":{"OBJECTID":36190}},{"type":"Feature","id":36191,"geometry":{"type":"Point","coordinates":[-95.3782177707656,29.767033026030788]},"properties":{"OBJECTID":36191}},{"type":"Feature","id":36192,"geometry":{"type":"Point","coordinates":[-95.37832044913735,29.76694389650044]},"properties":{"OBJECTID":36192}},{"type":"Feature","id":36193,"geometry":{"type":"Point","coordinates":[-95.3793643386814,29.767018170751946]},"properties":{"OBJECTID":36193}},{"type":"Feature","id":36194,"geometry":{"type":"Point","coordinates":[-95.37944990263865,29.766938945051045]},"properties":{"OBJECTID":36194}},{"type":"Feature","id":36195,"geometry":{"type":"Point","coordinates":[-95.38048238332007,29.766938944501394]},"properties":{"OBJECTID":36195}},{"type":"Feature","id":36196,"geometry":{"type":"Point","coordinates":[-95.38057365235021,29.767003316067278]},"properties":{"OBJECTID":36196}},{"type":"Feature","id":36589,"geometry":{"type":"Point","coordinates":[-95.38159271575992,29.76700476431707]},"properties":{"OBJECTID":36589}},{"type":"Feature","id":36590,"geometry":{"type":"Point","coordinates":[-95.3816668711614,29.766900779689067]},"properties":{"OBJECTID":36590}},{"type":"Feature","id":36591,"geometry":{"type":"Point","coordinates":[-95.38057734765695,29.766197644411122]},"properties":{"OBJECTID":36591}},{"type":"Feature","id":36592,"geometry":{"type":"Point","coordinates":[-95.38049178276702,29.766266967672998]},"properties":{"OBJECTID":36592}},{"type":"Feature","id":36593,"geometry":{"type":"Point","coordinates":[-95.37948211976723,29.766177837364527]},"properties":{"OBJECTID":36593}},{"type":"Feature","id":36594,"geometry":{"type":"Point","coordinates":[-95.37937944173406,29.766291725997604]},"properties":{"OBJECTID":36594}},{"type":"Feature","id":36595,"geometry":{"type":"Point","coordinates":[-95.37832984807595,29.76618278958178]},"properties":{"OBJECTID":36595}},{"type":"Feature","id":36596,"geometry":{"type":"Point","coordinates":[-95.37822146596734,29.76629667755568]},"properties":{"OBJECTID":36596}},{"type":"Feature","id":36597,"geometry":{"type":"Point","coordinates":[-95.37720609812459,29.766197644258607]},"properties":{"OBJECTID":36597}},{"type":"Feature","id":36598,"geometry":{"type":"Point","coordinates":[-95.37710342060156,29.766321436154374]},"properties":{"OBJECTID":36598}},{"type":"Feature","id":36599,"geometry":{"type":"Point","coordinates":[-95.37564882098191,29.766187741108364]},"properties":{"OBJECTID":36599}},{"type":"Feature","id":36600,"geometry":{"type":"Point","coordinates":[-95.37394893507725,29.76551431033633]},"properties":{"OBJECTID":36600}},{"type":"Feature","id":36601,"geometry":{"type":"Point","coordinates":[-95.37387477900505,29.765400421158756]},"properties":{"OBJECTID":36601}},{"type":"Feature","id":36602,"geometry":{"type":"Point","coordinates":[-95.37471901761363,29.765529165191197]},"properties":{"OBJECTID":36602}},{"type":"Feature","id":36603,"geometry":{"type":"Point","coordinates":[-95.37552332563206,29.765410324379943]},"properties":{"OBJECTID":36603}},{"type":"Feature","id":36604,"geometry":{"type":"Point","coordinates":[-95.37562600402845,29.765558875458336]},"properties":{"OBJECTID":36604}},{"type":"Feature","id":36605,"geometry":{"type":"Point","coordinates":[-95.37708060367567,29.765568778855446]},"properties":{"OBJECTID":36605}},{"type":"Feature","id":36606,"geometry":{"type":"Point","coordinates":[-95.37721750723216,29.7654499381618]},"properties":{"OBJECTID":36606}},{"type":"Feature","id":36607,"geometry":{"type":"Point","coordinates":[-95.37710342061382,29.765479648423938]},"properties":{"OBJECTID":36607}},{"type":"Feature","id":36608,"geometry":{"type":"Point","coordinates":[-95.37721750763372,29.76556382721635]},"properties":{"OBJECTID":36608}},{"type":"Feature","id":36609,"geometry":{"type":"Point","coordinates":[-95.37819864888547,29.765449937881673]},"properties":{"OBJECTID":36609}},{"type":"Feature","id":36610,"geometry":{"type":"Point","coordinates":[-95.37831843960495,29.765544020440228]},"properties":{"OBJECTID":36610}},{"type":"Feature","id":36611,"geometry":{"type":"Point","coordinates":[-95.37935662512498,29.765519262409878]},"properties":{"OBJECTID":36611}},{"type":"Feature","id":36612,"geometry":{"type":"Point","coordinates":[-95.37947641538817,29.765430131307095]},"properties":{"OBJECTID":36612}},{"type":"Feature","id":36613,"geometry":{"type":"Point","coordinates":[-95.37937944238564,29.765440034767344]},"properties":{"OBJECTID":36613}},{"type":"Feature","id":36614,"geometry":{"type":"Point","coordinates":[-95.37948782415074,29.765519262483057]},"properties":{"OBJECTID":36614}},{"type":"Feature","id":36615,"geometry":{"type":"Point","coordinates":[-95.38048037462816,29.765553924414572]},"properties":{"OBJECTID":36615}},{"type":"Feature","id":36616,"geometry":{"type":"Point","coordinates":[-95.38060586915788,29.765420227596504]},"properties":{"OBJECTID":36616}},{"type":"Feature","id":36617,"geometry":{"type":"Point","coordinates":[-95.38043473982616,29.764796310047938]},"properties":{"OBJECTID":36617}},{"type":"Feature","id":36618,"geometry":{"type":"Point","coordinates":[-95.37944218906468,29.76470222615564]},"properties":{"OBJECTID":36618}},{"type":"Feature","id":36619,"geometry":{"type":"Point","coordinates":[-95.37936232854712,29.76478145430719]},"properties":{"OBJECTID":36619}},{"type":"Feature","id":36620,"geometry":{"type":"Point","coordinates":[-95.37828991767246,29.764722033623176]},"properties":{"OBJECTID":36620}},{"type":"Feature","id":36621,"geometry":{"type":"Point","coordinates":[-95.3782100572783,29.764801261115718]},"properties":{"OBJECTID":36621}},{"type":"Feature","id":36622,"geometry":{"type":"Point","coordinates":[-95.37718898516843,29.76471212964512]},"properties":{"OBJECTID":36622}},{"type":"Feature","id":36623,"geometry":{"type":"Point","coordinates":[-95.37706919468673,29.764806213467732]},"properties":{"OBJECTID":36623}},{"type":"Feature","id":36624,"geometry":{"type":"Point","coordinates":[-95.37560889101678,29.76469727484953]},"properties":{"OBJECTID":36624}},{"type":"Feature","id":36625,"geometry":{"type":"Point","coordinates":[-95.37550621268399,29.764766598817534]},"properties":{"OBJECTID":36625}},{"type":"Feature","id":36626,"geometry":{"type":"Point","coordinates":[-95.37395463949701,29.764662612264903]},"properties":{"OBJECTID":36626}},{"type":"Feature","id":36627,"geometry":{"type":"Point","coordinates":[-95.37386337041899,29.76477155116054]},"properties":{"OBJECTID":36627}},{"type":"Feature","id":36628,"geometry":{"type":"Point","coordinates":[-95.37401738706895,29.764028785647742]},"properties":{"OBJECTID":36628}},{"type":"Feature","id":36629,"geometry":{"type":"Point","coordinates":[-95.37560318633955,29.764043641394125]},"properties":{"OBJECTID":36629}},{"type":"Feature","id":36630,"geometry":{"type":"Point","coordinates":[-95.3772574370397,29.763781196452342]},"properties":{"OBJECTID":36630}},{"type":"Feature","id":36631,"geometry":{"type":"Point","coordinates":[-95.3771889854878,29.764083255582364]},"properties":{"OBJECTID":36631}},{"type":"Feature","id":36632,"geometry":{"type":"Point","coordinates":[-95.37718898517718,29.76396441266284]},"properties":{"OBJECTID":36632}},{"type":"Feature","id":36633,"geometry":{"type":"Point","coordinates":[-95.3770748992952,29.764083255525325]},"properties":{"OBJECTID":36633}},{"type":"Feature","id":36634,"geometry":{"type":"Point","coordinates":[-95.3770748991477,29.763979267745526]},"properties":{"OBJECTID":36634}},{"type":"Feature","id":36635,"geometry":{"type":"Point","coordinates":[-95.3782785097873,29.764073352071517]},"properties":{"OBJECTID":36635}},{"type":"Feature","id":36636,"geometry":{"type":"Point","coordinates":[-95.37941937189758,29.764063448457225]},"properties":{"OBJECTID":36636}},{"type":"Feature","id":36637,"geometry":{"type":"Point","coordinates":[-95.39605885431263,29.776102986016756]},"properties":{"OBJECTID":36637}},{"type":"Feature","id":36638,"geometry":{"type":"Point","coordinates":[-95.39493795676844,29.776110412545187]},"properties":{"OBJECTID":36638}},{"type":"Feature","id":36639,"geometry":{"type":"Point","coordinates":[-95.39231215002503,29.76912657474474]},"properties":{"OBJECTID":36639}},{"type":"Feature","id":36640,"geometry":{"type":"Point","coordinates":[-95.39216954291999,29.76891365889738]},"properties":{"OBJECTID":36640}},{"type":"Feature","id":36641,"geometry":{"type":"Point","coordinates":[-95.39317920600269,29.76921075086295]},"properties":{"OBJECTID":36641}},{"type":"Feature","id":36643,"geometry":{"type":"Point","coordinates":[-95.39495324714575,29.769418714659174]},"properties":{"OBJECTID":36643}},{"type":"Feature","id":36644,"geometry":{"type":"Point","coordinates":[-95.39609125838665,29.76953012386437]},"properties":{"OBJECTID":36644}},{"type":"Feature","id":36645,"geometry":{"type":"Point","coordinates":[-95.39806495076942,29.769544978652704]},"properties":{"OBJECTID":36645}},{"type":"Feature","id":36646,"geometry":{"type":"Point","coordinates":[-95.39220091655328,29.769817311351634]},"properties":{"OBJECTID":36646}},{"type":"Feature","id":36647,"geometry":{"type":"Point","coordinates":[-95.3923264112821,29.769951001298903]},"properties":{"OBJECTID":36647}},{"type":"Feature","id":36648,"geometry":{"type":"Point","coordinates":[-95.39309649354041,29.76993614689165]},"properties":{"OBJECTID":36648}},{"type":"Feature","id":36649,"geometry":{"type":"Point","coordinates":[-95.39395784501968,29.770010419114037]},"properties":{"OBJECTID":36649}},{"type":"Feature","id":36650,"geometry":{"type":"Point","coordinates":[-95.39404911436286,29.770109449548954]},"properties":{"OBJECTID":36650}},{"type":"Feature","id":36651,"geometry":{"type":"Point","coordinates":[-95.39485342164933,29.770114400393457]},"properties":{"OBJECTID":36651}},{"type":"Feature","id":36652,"geometry":{"type":"Point","coordinates":[-95.39493328244043,29.77022828522797]},"properties":{"OBJECTID":36652}},{"type":"Feature","id":36653,"geometry":{"type":"Point","coordinates":[-95.39594294616005,29.77022828474634]},"properties":{"OBJECTID":36653}},{"type":"Feature","id":36654,"geometry":{"type":"Point","coordinates":[-95.3960798490282,29.770361974536186]},"properties":{"OBJECTID":36654}},{"type":"Feature","id":36655,"geometry":{"type":"Point","coordinates":[-95.39599998887284,29.771624591759636]},"properties":{"OBJECTID":36655}},{"type":"Feature","id":36656,"geometry":{"type":"Point","coordinates":[-95.39600569366132,29.772669334440184]},"properties":{"OBJECTID":36656}},{"type":"Feature","id":36657,"geometry":{"type":"Point","coordinates":[-95.39534969756356,29.771624592509305]},"properties":{"OBJECTID":36657}},{"type":"Feature","id":36658,"geometry":{"type":"Point","coordinates":[-95.39539533163428,29.77260001477161]},"properties":{"OBJECTID":36658}},{"type":"Feature","id":36659,"geometry":{"type":"Point","coordinates":[-95.39422024366235,29.771589932552587]},"properties":{"OBJECTID":36659}},{"type":"Feature","id":36660,"geometry":{"type":"Point","coordinates":[-95.394220242887,29.77220390497449]},"properties":{"OBJECTID":36660}},{"type":"Feature","id":36661,"geometry":{"type":"Point","coordinates":[-95.39424306091941,29.773045636881314]},"properties":{"OBJECTID":36661}},{"type":"Feature","id":36662,"geometry":{"type":"Point","coordinates":[-95.39393502736246,29.771609737668037]},"properties":{"OBJECTID":36662}},{"type":"Feature","id":36663,"geometry":{"type":"Point","coordinates":[-95.39389509728628,29.7736051360567]},"properties":{"OBJECTID":36663}},{"type":"Feature","id":36664,"geometry":{"type":"Point","coordinates":[-95.39283979966318,29.773147139008813]},"properties":{"OBJECTID":36664}},{"type":"Feature","id":36665,"geometry":{"type":"Point","coordinates":[-95.39320772762383,29.771575077973523]},"properties":{"OBJECTID":36665}},{"type":"Feature","id":36666,"geometry":{"type":"Point","coordinates":[-95.39311075446261,29.774251279929302]},"properties":{"OBJECTID":36666}},{"type":"Feature","id":36667,"geometry":{"type":"Point","coordinates":[-95.39323624910101,29.773538293152253]},"properties":{"OBJECTID":36667}},{"type":"Feature","id":36668,"geometry":{"type":"Point","coordinates":[-95.39315068428314,29.77312485772309]},"properties":{"OBJECTID":36668}},{"type":"Feature","id":36669,"geometry":{"type":"Point","coordinates":[-95.39746591928825,29.774323074201494]},"properties":{"OBJECTID":36669}},{"type":"Feature","id":36670,"geometry":{"type":"Point","coordinates":[-95.39732901547309,29.774169584570366]},"properties":{"OBJECTID":36670}},{"type":"Feature","id":36671,"geometry":{"type":"Point","coordinates":[-95.39740887654507,29.771748377110516]},"properties":{"OBJECTID":36671}},{"type":"Feature","id":36672,"geometry":{"type":"Point","coordinates":[-95.3972605639987,29.771609737920944]},"properties":{"OBJECTID":36672}},{"type":"Feature","id":36673,"geometry":{"type":"Point","coordinates":[-95.39741458014537,29.771273041385143]},"properties":{"OBJECTID":36673}},{"type":"Feature","id":36674,"geometry":{"type":"Point","coordinates":[-95.39726626851247,29.771104693032758]},"properties":{"OBJECTID":36674}},{"type":"Feature","id":36675,"geometry":{"type":"Point","coordinates":[-95.39728908580476,29.76868836333306]},"properties":{"OBJECTID":36675}},{"type":"Feature","id":36676,"geometry":{"type":"Point","coordinates":[-95.39693541850586,29.768109029298596]},"properties":{"OBJECTID":36676}},{"type":"Feature","id":36677,"geometry":{"type":"Point","coordinates":[-95.39824741012458,29.768876521947394]},"properties":{"OBJECTID":36677}},{"type":"Feature","id":36678,"geometry":{"type":"Point","coordinates":[-95.398064872243,29.768104077752135]},"properties":{"OBJECTID":36678}},{"type":"Feature","id":36679,"geometry":{"type":"Point","coordinates":[-95.39756289288422,29.76648984911717]},"properties":{"OBJECTID":36679}},{"type":"Feature","id":36680,"geometry":{"type":"Point","coordinates":[-95.3980420547495,29.766623544047075]},"properties":{"OBJECTID":36680}},{"type":"Feature","id":36681,"geometry":{"type":"Point","coordinates":[-95.39549222664294,29.766752286893855]},"properties":{"OBJECTID":36681}},{"type":"Feature","id":36682,"geometry":{"type":"Point","coordinates":[-95.39543518324365,29.768014949338166]},"properties":{"OBJECTID":36682}},{"type":"Feature","id":36683,"geometry":{"type":"Point","coordinates":[-95.39465369318702,29.76670029425948]},"properties":{"OBJECTID":36683}},{"type":"Feature","id":36684,"geometry":{"type":"Point","coordinates":[-95.41076956650949,29.775524224293488]},"properties":{"OBJECTID":36684}},{"type":"Feature","id":36685,"geometry":{"type":"Point","coordinates":[-95.4105984379172,29.77563810248555]},"properties":{"OBJECTID":36685}},{"type":"Feature","id":36686,"geometry":{"type":"Point","coordinates":[-95.41075815834716,29.774791442056344]},"properties":{"OBJECTID":36686}},{"type":"Feature","id":36687,"geometry":{"type":"Point","coordinates":[-95.41058702890376,29.77490532020225]},"properties":{"OBJECTID":36687}},{"type":"Feature","id":36688,"geometry":{"type":"Point","coordinates":[-95.41074674996482,29.774078458451267]},"properties":{"OBJECTID":36688}},{"type":"Feature","id":36689,"geometry":{"type":"Point","coordinates":[-95.41056421182383,29.77417253279271]},"properties":{"OBJECTID":36689}},{"type":"Feature","id":36690,"geometry":{"type":"Point","coordinates":[-95.41054709832747,29.7734644970954]},"properties":{"OBJECTID":36690}},{"type":"Feature","id":36691,"geometry":{"type":"Point","coordinates":[-95.41072393272637,29.77325159005668]},"properties":{"OBJECTID":36691}},{"type":"Feature","id":36692,"geometry":{"type":"Point","coordinates":[-95.4105528035071,29.773330811669073]},"properties":{"OBJECTID":36692}},{"type":"Feature","id":36693,"geometry":{"type":"Point","coordinates":[-95.41054709892055,29.772959461567083]},"properties":{"OBJECTID":36693}},{"type":"Feature","id":36694,"geometry":{"type":"Point","coordinates":[-95.41073534096249,29.772855482675414]},"properties":{"OBJECTID":36694}},{"type":"Feature","id":36695,"geometry":{"type":"Point","coordinates":[-95.41072393291648,29.772593060971644]},"properties":{"OBJECTID":36695}},{"type":"Feature","id":36696,"geometry":{"type":"Point","coordinates":[-95.410723932865,29.771865207944277]},"properties":{"OBJECTID":36696}},{"type":"Feature","id":36697,"geometry":{"type":"Point","coordinates":[-95.4105528033544,29.771998895649972]},"properties":{"OBJECTID":36697}},{"type":"Feature","id":36698,"geometry":{"type":"Point","coordinates":[-95.41069541074884,29.771137349975525]},"properties":{"OBJECTID":36698}},{"type":"Feature","id":36699,"geometry":{"type":"Point","coordinates":[-95.41051857670327,29.771266087239]},"properties":{"OBJECTID":36699}},{"type":"Feature","id":36700,"geometry":{"type":"Point","coordinates":[-95.40946099314978,29.765264758222788]},"properties":{"OBJECTID":36700}},{"type":"Feature","id":36701,"geometry":{"type":"Point","coordinates":[-95.40959789652443,29.77189984851184]},"properties":{"OBJECTID":36701}},{"type":"Feature","id":36702,"geometry":{"type":"Point","coordinates":[-95.40942676717295,29.771993925460063]},"properties":{"OBJECTID":36702}},{"type":"Feature","id":36703,"geometry":{"type":"Point","coordinates":[-95.40960360087486,29.772672263339384]},"properties":{"OBJECTID":36703}},{"type":"Feature","id":36704,"geometry":{"type":"Point","coordinates":[-95.409438175738,29.77274158260032]},"properties":{"OBJECTID":36704}},{"type":"Feature","id":36705,"geometry":{"type":"Point","coordinates":[-95.40962641841945,29.773033712323826]},"properties":{"OBJECTID":36705}},{"type":"Feature","id":36706,"geometry":{"type":"Point","coordinates":[-95.40943817577855,29.773117884549094]},"properties":{"OBJECTID":36706}},{"type":"Feature","id":36707,"geometry":{"type":"Point","coordinates":[-95.40960930537034,29.773380305251074]},"properties":{"OBJECTID":36707}},{"type":"Feature","id":36708,"geometry":{"type":"Point","coordinates":[-95.40944958391607,29.773464477969362]},"properties":{"OBJECTID":36708}},{"type":"Feature","id":36709,"geometry":{"type":"Point","coordinates":[-95.40963212215907,29.774083390452905]},"properties":{"OBJECTID":36709}},{"type":"Feature","id":36710,"geometry":{"type":"Point","coordinates":[-95.40946669778084,29.774197270196165]},"properties":{"OBJECTID":36710}},{"type":"Feature","id":36711,"geometry":{"type":"Point","coordinates":[-95.40964923482832,29.77480132478374]},"properties":{"OBJECTID":36711}},{"type":"Feature","id":36712,"geometry":{"type":"Point","coordinates":[-95.40947240179247,29.774905300984692]},"properties":{"OBJECTID":36712}},{"type":"Feature","id":36713,"geometry":{"type":"Point","coordinates":[-95.40967205232417,29.775529155932798]},"properties":{"OBJECTID":36713}},{"type":"Feature","id":36714,"geometry":{"type":"Point","coordinates":[-95.40951233216398,29.775652936314682]},"properties":{"OBJECTID":36714}},{"type":"Feature","id":36715,"geometry":{"type":"Point","coordinates":[-95.40968916505479,29.776266885129093]},"properties":{"OBJECTID":36715}},{"type":"Feature","id":36716,"geometry":{"type":"Point","coordinates":[-95.4095408533012,29.776370859167354]},"properties":{"OBJECTID":36716}},{"type":"Feature","id":37019,"geometry":{"type":"Point","coordinates":[-95.40228369654072,29.770202521381353]},"properties":{"OBJECTID":37019}},{"type":"Feature","id":37020,"geometry":{"type":"Point","coordinates":[-95.40482211552266,29.770296598740856]},"properties":{"OBJECTID":37020}},{"type":"Feature","id":37021,"geometry":{"type":"Point","coordinates":[-95.40843294647325,29.77701552506214]},"properties":{"OBJECTID":37021}},{"type":"Feature","id":37022,"geometry":{"type":"Point","coordinates":[-95.40855273628767,29.77804535757308]},"properties":{"OBJECTID":37022}},{"type":"Feature","id":37023,"geometry":{"type":"Point","coordinates":[-95.40746321278829,29.777921580818656]},"properties":{"OBJECTID":37023}},{"type":"Feature","id":37024,"geometry":{"type":"Point","coordinates":[-95.40733201337895,29.776951160683566]},"properties":{"OBJECTID":37024}},{"type":"Feature","id":37025,"geometry":{"type":"Point","coordinates":[-95.4062253766122,29.77803050470856]},"properties":{"OBJECTID":37025}},{"type":"Feature","id":37026,"geometry":{"type":"Point","coordinates":[-95.40256891170418,29.776958587248004]},"properties":{"OBJECTID":37026}},{"type":"Feature","id":37027,"geometry":{"type":"Point","coordinates":[-95.40252612980758,29.777555198247942]},"properties":{"OBJECTID":37027}},{"type":"Feature","id":37028,"geometry":{"type":"Point","coordinates":[-95.40258887691368,29.777614611804555]},"properties":{"OBJECTID":37028}},{"type":"Feature","id":37029,"geometry":{"type":"Point","coordinates":[-95.40186442942604,29.777560149925502]},"properties":{"OBJECTID":37029}},{"type":"Feature","id":37030,"geometry":{"type":"Point","coordinates":[-95.40189009889372,29.778450108870008]},"properties":{"OBJECTID":37030}},{"type":"Feature","id":37031,"geometry":{"type":"Point","coordinates":[-95.40555939778855,29.77668379864007]},"properties":{"OBJECTID":37031}},{"type":"Feature","id":37032,"geometry":{"type":"Point","coordinates":[-95.40563925883006,29.776510507959056]},"properties":{"OBJECTID":37032}},{"type":"Feature","id":37033,"geometry":{"type":"Point","coordinates":[-95.40435578816574,29.776510507274455]},"properties":{"OBJECTID":37033}},{"type":"Feature","id":37034,"geometry":{"type":"Point","coordinates":[-95.40101306090206,29.776129267366677]},"properties":{"OBJECTID":37034}},{"type":"Feature","id":37035,"geometry":{"type":"Point","coordinates":[-95.40634659370741,29.77632236291049]},"properties":{"OBJECTID":37035}},{"type":"Feature","id":37036,"geometry":{"type":"Point","coordinates":[-95.40616975944828,29.77586685376626]},"properties":{"OBJECTID":37036}},{"type":"Feature","id":37037,"geometry":{"type":"Point","coordinates":[-95.40634088922889,29.77558958632932]},"properties":{"OBJECTID":37037}},{"type":"Feature","id":37038,"geometry":{"type":"Point","coordinates":[-95.4061697596487,29.775223195609463]},"properties":{"OBJECTID":37038}},{"type":"Feature","id":37039,"geometry":{"type":"Point","coordinates":[-95.40632948079019,29.774856803771918]},"properties":{"OBJECTID":37039}},{"type":"Feature","id":37040,"geometry":{"type":"Point","coordinates":[-95.40616405597311,29.77495087710959]},"properties":{"OBJECTID":37040}},{"type":"Feature","id":37041,"geometry":{"type":"Point","coordinates":[-95.40627814158361,29.774128967377887]},"properties":{"OBJECTID":37041}},{"type":"Feature","id":37042,"geometry":{"type":"Point","coordinates":[-95.40615264728909,29.77424779800611]},"properties":{"OBJECTID":37042}},{"type":"Feature","id":37043,"geometry":{"type":"Point","coordinates":[-95.40628955054184,29.773406077459686]},"properties":{"OBJECTID":37043}},{"type":"Feature","id":37044,"geometry":{"type":"Point","coordinates":[-95.40612982922171,29.773515006112707]},"properties":{"OBJECTID":37044}},{"type":"Feature","id":37045,"geometry":{"type":"Point","coordinates":[-95.40612412571703,29.773034727596563]},"properties":{"OBJECTID":37045}},{"type":"Feature","id":37046,"geometry":{"type":"Point","coordinates":[-95.406278141644,29.7725395922994]},"properties":{"OBJECTID":37046}},{"type":"Feature","id":37047,"geometry":{"type":"Point","coordinates":[-95.40611842146403,29.77233658604508]},"properties":{"OBJECTID":37047}},{"type":"Feature","id":37048,"geometry":{"type":"Point","coordinates":[-95.40611842101592,29.772524738100344]},"properties":{"OBJECTID":37048}},{"type":"Feature","id":37049,"geometry":{"type":"Point","coordinates":[-95.4062210987639,29.772148433485686]},"properties":{"OBJECTID":37049}},{"type":"Feature","id":37050,"geometry":{"type":"Point","coordinates":[-95.40624962056941,29.77193552369968]},"properties":{"OBJECTID":37050}},{"type":"Feature","id":37051,"geometry":{"type":"Point","coordinates":[-95.40624391639385,29.77123242367485]},"properties":{"OBJECTID":37051}},{"type":"Feature","id":37052,"geometry":{"type":"Point","coordinates":[-95.40608419553315,29.77137106315402]},"properties":{"OBJECTID":37052}},{"type":"Feature","id":37053,"geometry":{"type":"Point","coordinates":[-95.40607849069994,29.77125718103964]},"properties":{"OBJECTID":37053}},{"type":"Feature","id":37054,"geometry":{"type":"Point","coordinates":[-95.40622109851388,29.771326500281475]},"properties":{"OBJECTID":37054}},{"type":"Feature","id":37055,"geometry":{"type":"Point","coordinates":[-95.40853134603198,29.7763619720464]},"properties":{"OBJECTID":37055}},{"type":"Feature","id":37056,"geometry":{"type":"Point","coordinates":[-95.40842296379421,29.776302558729515]},"properties":{"OBJECTID":37056}},{"type":"Feature","id":37057,"geometry":{"type":"Point","coordinates":[-95.40850852800787,29.775644049074966]},"properties":{"OBJECTID":37057}},{"type":"Feature","id":37058,"geometry":{"type":"Point","coordinates":[-95.40842296370774,29.775594537325656]},"properties":{"OBJECTID":37058}},{"type":"Feature","id":37059,"geometry":{"type":"Point","coordinates":[-95.40848571153181,29.774836998874285]},"properties":{"OBJECTID":37059}},{"type":"Feature","id":37060,"geometry":{"type":"Point","coordinates":[-95.40841155473838,29.77491126768794]},"properties":{"OBJECTID":37060}},{"type":"Feature","id":37061,"geometry":{"type":"Point","coordinates":[-95.40845718924372,29.77417848069175]},"properties":{"OBJECTID":37061}},{"type":"Feature","id":37062,"geometry":{"type":"Point","coordinates":[-95.40838303315745,29.7741042106096]},"properties":{"OBJECTID":37062}},{"type":"Feature","id":37063,"geometry":{"type":"Point","coordinates":[-95.4084571900153,29.773396174981503]},"properties":{"OBJECTID":37063}},{"type":"Feature","id":37064,"geometry":{"type":"Point","coordinates":[-95.40837162432331,29.77347539597912]},"properties":{"OBJECTID":37064}},{"type":"Feature","id":37065,"geometry":{"type":"Point","coordinates":[-95.40843437259264,29.772866381646022]},"properties":{"OBJECTID":37065}},{"type":"Feature","id":37066,"geometry":{"type":"Point","coordinates":[-95.4083602161306,29.77293074923157]},"properties":{"OBJECTID":37066}},{"type":"Feature","id":37067,"geometry":{"type":"Point","coordinates":[-95.40842866750931,29.772504932398167]},"properties":{"OBJECTID":37067}},{"type":"Feature","id":37068,"geometry":{"type":"Point","coordinates":[-95.40832028606197,29.772574251777435]},"properties":{"OBJECTID":37068}},{"type":"Feature","id":37069,"geometry":{"type":"Point","coordinates":[-95.40832028559362,29.77200979496473]},"properties":{"OBJECTID":37069}},{"type":"Feature","id":37070,"geometry":{"type":"Point","coordinates":[-95.40844007670596,29.771930572352797]},"properties":{"OBJECTID":37070}},{"type":"Feature","id":37071,"geometry":{"type":"Point","coordinates":[-95.40841155510076,29.771291840694456]},"properties":{"OBJECTID":37071}},{"type":"Feature","id":37072,"geometry":{"type":"Point","coordinates":[-95.40832599005991,29.771197763745068]},"properties":{"OBJECTID":37072}},{"type":"Feature","id":37073,"geometry":{"type":"Point","coordinates":[-95.40731062210672,29.771286888925378]},"properties":{"OBJECTID":37073}},{"type":"Feature","id":37074,"geometry":{"type":"Point","coordinates":[-95.40722505733672,29.77120766624337]},"properties":{"OBJECTID":37074}},{"type":"Feature","id":37075,"geometry":{"type":"Point","coordinates":[-95.407225058287,29.771925620686375]},"properties":{"OBJECTID":37075}},{"type":"Feature","id":37076,"geometry":{"type":"Point","coordinates":[-95.4073220308662,29.772039503295172]},"properties":{"OBJECTID":37076}},{"type":"Feature","id":37077,"geometry":{"type":"Point","coordinates":[-95.40739618762896,29.772782208668705]},"properties":{"OBJECTID":37077}},{"type":"Feature","id":37078,"geometry":{"type":"Point","coordinates":[-95.40736766575674,29.773406077219224]},"properties":{"OBJECTID":37078}},{"type":"Feature","id":37079,"geometry":{"type":"Point","coordinates":[-95.40728210067603,29.773490249521526]},"properties":{"OBJECTID":37079}},{"type":"Feature","id":37080,"geometry":{"type":"Point","coordinates":[-95.40728210058425,29.77411906456762]},"properties":{"OBJECTID":37080}},{"type":"Feature","id":37081,"geometry":{"type":"Point","coordinates":[-95.4073676658363,29.774198285288563]},"properties":{"OBJECTID":37081}},{"type":"Feature","id":37082,"geometry":{"type":"Point","coordinates":[-95.40737907400447,29.77486175470732]},"properties":{"OBJECTID":37082}},{"type":"Feature","id":37083,"geometry":{"type":"Point","coordinates":[-95.40730491809455,29.774921169785124]},"properties":{"OBJECTID":37083}},{"type":"Feature","id":37084,"geometry":{"type":"Point","coordinates":[-95.40731062282276,29.775584635122897]},"properties":{"OBJECTID":37084}},{"type":"Feature","id":37085,"geometry":{"type":"Point","coordinates":[-95.40737907465092,29.775644049518693]},"properties":{"OBJECTID":37085}},{"type":"Feature","id":37086,"geometry":{"type":"Point","coordinates":[-95.40732773509085,29.776322363248596]},"properties":{"OBJECTID":37086}},{"type":"Feature","id":37087,"geometry":{"type":"Point","coordinates":[-95.4074075956221,29.776376826387462]},"properties":{"OBJECTID":37087}},{"type":"Feature","id":37088,"geometry":{"type":"Point","coordinates":[-95.40486917678459,29.772113773720296]},"properties":{"OBJECTID":37088}},{"type":"Feature","id":37089,"geometry":{"type":"Point","coordinates":[-95.40105869449515,29.775213293216126]},"properties":{"OBJECTID":37089}},{"type":"Feature","id":37090,"geometry":{"type":"Point","coordinates":[-95.40099024369358,29.775262805236757]},"properties":{"OBJECTID":37090}},{"type":"Feature","id":37091,"geometry":{"type":"Point","coordinates":[-95.40107010349554,29.77529251242801]},"properties":{"OBJECTID":37091}},{"type":"Feature","id":37092,"geometry":{"type":"Point","coordinates":[-95.40098453860774,29.775203390902988]},"properties":{"OBJECTID":37092}},{"type":"Feature","id":37093,"geometry":{"type":"Point","coordinates":[-95.4018116641614,29.77527270773772]},"properties":{"OBJECTID":37093}},{"type":"Feature","id":37094,"geometry":{"type":"Point","coordinates":[-95.40182877741948,29.77589160952949]},"properties":{"OBJECTID":37094}},{"type":"Feature","id":37095,"geometry":{"type":"Point","coordinates":[-95.40102446918404,29.77432206705783]},"properties":{"OBJECTID":37095}},{"type":"Feature","id":37096,"geometry":{"type":"Point","coordinates":[-95.40085333977187,29.770712522285812]},"properties":{"OBJECTID":37096}},{"type":"Feature","id":37097,"geometry":{"type":"Point","coordinates":[-95.4013938234019,29.77087592034602]},"properties":{"OBJECTID":37097}},{"type":"Feature","id":37098,"geometry":{"type":"Point","coordinates":[-95.40443564883239,29.77581486568147]},"properties":{"OBJECTID":37098}},{"type":"Feature","id":37099,"geometry":{"type":"Point","coordinates":[-95.40435578816086,29.775889133652694]},"properties":{"OBJECTID":37099}},{"type":"Feature","id":37100,"geometry":{"type":"Point","coordinates":[-95.4044356485136,29.775250427772953]},"properties":{"OBJECTID":37100}},{"type":"Feature","id":37101,"geometry":{"type":"Point","coordinates":[-95.40415043240434,29.775176158511474]},"properties":{"OBJECTID":37101}},{"type":"Feature","id":37102,"geometry":{"type":"Point","coordinates":[-95.40423029312129,29.774992962822918]},"properties":{"OBJECTID":37102}},{"type":"Feature","id":37103,"geometry":{"type":"Point","coordinates":[-95.40413902424201,29.77491374319179]},"properties":{"OBJECTID":37103}},{"type":"Feature","id":37104,"geometry":{"type":"Point","coordinates":[-95.4042417014764,29.774245322958595]},"properties":{"OBJECTID":37104}},{"type":"Feature","id":37105,"geometry":{"type":"Point","coordinates":[-95.40413331981854,29.7741859069287]},"properties":{"OBJECTID":37105}},{"type":"Feature","id":37106,"geometry":{"type":"Point","coordinates":[-95.40417895403276,29.773438260908375]},"properties":{"OBJECTID":37106}},{"type":"Feature","id":37107,"geometry":{"type":"Point","coordinates":[-95.40409909424649,29.773517481623596]},"properties":{"OBJECTID":37107}},{"type":"Feature","id":37108,"geometry":{"type":"Point","coordinates":[-95.40416184127692,29.77297778707545]},"properties":{"OBJECTID":37108}},{"type":"Feature","id":37109,"geometry":{"type":"Point","coordinates":[-95.40407057261847,29.773042154462523]},"properties":{"OBJECTID":37109}},{"type":"Feature","id":37110,"geometry":{"type":"Point","coordinates":[-95.40410479823134,29.772215277532133]},"properties":{"OBJECTID":37110}},{"type":"Feature","id":37111,"geometry":{"type":"Point","coordinates":[-95.40397359940353,29.772279644866064]},"properties":{"OBJECTID":37111}},{"type":"Feature","id":37112,"geometry":{"type":"Point","coordinates":[-95.40412191175446,29.77204693025808]},"properties":{"OBJECTID":37112}},{"type":"Feature","id":37113,"geometry":{"type":"Point","coordinates":[-95.40401923315896,29.772121201382507]},"properties":{"OBJECTID":37113}},{"type":"Feature","id":37114,"geometry":{"type":"Point","coordinates":[-95.40407627683439,29.771180433766478]},"properties":{"OBJECTID":37114}},{"type":"Feature","id":37115,"geometry":{"type":"Point","coordinates":[-95.40397930315147,29.771096258640327]},"properties":{"OBJECTID":37115}},{"type":"Feature","id":37116,"geometry":{"type":"Point","coordinates":[-95.4021710365746,29.770858590153466]},"properties":{"OBJECTID":37116}},{"type":"Feature","id":37117,"geometry":{"type":"Point","coordinates":[-95.40230793998856,29.770992278747524]},"properties":{"OBJECTID":37117}},{"type":"Feature","id":37118,"geometry":{"type":"Point","coordinates":[-95.40231934783543,29.771838972071077]},"properties":{"OBJECTID":37118}},{"type":"Feature","id":37119,"geometry":{"type":"Point","coordinates":[-95.40231934847534,29.773000068006038]},"properties":{"OBJECTID":37119}},{"type":"Feature","id":37120,"geometry":{"type":"Point","coordinates":[-95.4023250528478,29.773460542030566]},"properties":{"OBJECTID":37120}},{"type":"Feature","id":37121,"geometry":{"type":"Point","coordinates":[-95.40219955777388,29.774218090672917]},"properties":{"OBJECTID":37121}},{"type":"Feature","id":37122,"geometry":{"type":"Point","coordinates":[-95.40230223505895,29.774297311059346]},"properties":{"OBJECTID":37122}},{"type":"Feature","id":37123,"geometry":{"type":"Point","coordinates":[-95.40231364398254,29.774926121646565]},"properties":{"OBJECTID":37123}},{"type":"Feature","id":37124,"geometry":{"type":"Point","coordinates":[-95.40230793980236,29.775188537314616]},"properties":{"OBJECTID":37124}},{"type":"Feature","id":37125,"geometry":{"type":"Point","coordinates":[-95.40224519231073,29.77527270795452]},"properties":{"OBJECTID":37125}},{"type":"Feature","id":37126,"geometry":{"type":"Point","coordinates":[-95.4022223751221,29.775896561082515]},"properties":{"OBJECTID":37126}},{"type":"Feature","id":37127,"geometry":{"type":"Point","coordinates":[-95.40831458211849,29.765448988010988]},"properties":{"OBJECTID":37127}},{"type":"Feature","id":37128,"geometry":{"type":"Point","coordinates":[-95.40721935397325,29.765434132012565]},"properties":{"OBJECTID":37128}},{"type":"Feature","id":37129,"geometry":{"type":"Point","coordinates":[-95.40332901217607,29.765458891401245]},"properties":{"OBJECTID":37129}},{"type":"Feature","id":37130,"geometry":{"type":"Point","coordinates":[-95.40261026811166,29.765458890716086]},"properties":{"OBJECTID":37130}},{"type":"Feature","id":37131,"geometry":{"type":"Point","coordinates":[-95.40464956022589,29.7640080279888]},"properties":{"OBJECTID":37131}},{"type":"Feature","id":37132,"geometry":{"type":"Point","coordinates":[-95.40000339665364,29.769130519680555]},"properties":{"OBJECTID":37132}},{"type":"Feature","id":37133,"geometry":{"type":"Point","coordinates":[-95.39929606253764,29.768407593070783]},"properties":{"OBJECTID":37133}},{"type":"Feature","id":37134,"geometry":{"type":"Point","coordinates":[-95.40169187360179,29.764258093136828]},"properties":{"OBJECTID":37134}},{"type":"Feature","id":37135,"geometry":{"type":"Point","coordinates":[-95.41595836176299,29.778037930970978]},"properties":{"OBJECTID":37135}},{"type":"Feature","id":37136,"geometry":{"type":"Point","coordinates":[-95.41369374956518,29.778092393298166]},"properties":{"OBJECTID":37136}},{"type":"Feature","id":37137,"geometry":{"type":"Point","coordinates":[-95.4134940985887,29.776894222540225]},"properties":{"OBJECTID":37137}},{"type":"Feature","id":37138,"geometry":{"type":"Point","coordinates":[-95.41271260770337,29.77810229514529]},"properties":{"OBJECTID":37138}},{"type":"Feature","id":37139,"geometry":{"type":"Point","coordinates":[-95.4125528864646,29.776948684865083]},"properties":{"OBJECTID":37139}},{"type":"Feature","id":37140,"geometry":{"type":"Point","coordinates":[-95.41176569161325,29.778087441974836]},"properties":{"OBJECTID":37140}},{"type":"Feature","id":37141,"geometry":{"type":"Point","coordinates":[-95.411605971017,29.776943734192592]},"properties":{"OBJECTID":37141}},{"type":"Feature","id":37142,"geometry":{"type":"Point","coordinates":[-95.4182286781082,29.776126791580683]},"properties":{"OBJECTID":37142}},{"type":"Feature","id":37143,"geometry":{"type":"Point","coordinates":[-95.41786930637431,29.77627532644163]},"properties":{"OBJECTID":37143}},{"type":"Feature","id":37144,"geometry":{"type":"Point","coordinates":[-95.41814311384864,29.77475530302255]},"properties":{"OBJECTID":37144}},{"type":"Feature","id":37145,"geometry":{"type":"Point","coordinates":[-95.41784648959565,29.774789961880938]},"properties":{"OBJECTID":37145}},{"type":"Feature","id":37146,"geometry":{"type":"Point","coordinates":[-95.41793775861659,29.772462846130615]},"properties":{"OBJECTID":37146}},{"type":"Feature","id":37147,"geometry":{"type":"Point","coordinates":[-95.41767535999199,29.77258663004139]},"properties":{"OBJECTID":37147}},{"type":"Feature","id":37148,"geometry":{"type":"Point","coordinates":[-95.42000842387318,29.77687441758736]},"properties":{"OBJECTID":37148}},{"type":"Feature","id":37149,"geometry":{"type":"Point","coordinates":[-95.42000842452471,29.776235717515576]},"properties":{"OBJECTID":37149}},{"type":"Feature","id":37150,"geometry":{"type":"Point","coordinates":[-95.42009398943293,29.776161449376247]},"properties":{"OBJECTID":37150}},{"type":"Feature","id":37151,"geometry":{"type":"Point","coordinates":[-95.42002553766918,29.775903987522053]},"properties":{"OBJECTID":37151}},{"type":"Feature","id":37153,"geometry":{"type":"Point","coordinates":[-95.41548490345967,29.770606065371947]},"properties":{"OBJECTID":37153}},{"type":"Feature","id":37308,"geometry":{"type":"Point","coordinates":[-95.41825584478008,29.778347069701894]},"properties":{"OBJECTID":37308}},{"type":"Feature","id":37309,"geometry":{"type":"Point","coordinates":[-95.41791358519653,29.77846589554381]},"properties":{"OBJECTID":37309}},{"type":"Feature","id":37310,"geometry":{"type":"Point","coordinates":[-95.41829007002151,29.779802675535176]},"properties":{"OBJECTID":37310}},{"type":"Feature","id":37311,"geometry":{"type":"Point","coordinates":[-95.41798774140484,29.7799214991396]},"properties":{"OBJECTID":37311}},{"type":"Feature","id":37312,"geometry":{"type":"Point","coordinates":[-95.41829577474996,29.780520569148713]},"properties":{"OBJECTID":37312}},{"type":"Feature","id":37313,"geometry":{"type":"Point","coordinates":[-95.41797062869553,29.78066414652095]},"properties":{"OBJECTID":37313}},{"type":"Feature","id":37314,"geometry":{"type":"Point","coordinates":[-95.41838133974208,29.781253309704123]},"properties":{"OBJECTID":37314}},{"type":"Feature","id":37315,"geometry":{"type":"Point","coordinates":[-95.41784513377767,29.781406788190747]},"properties":{"OBJECTID":37315}},{"type":"Feature","id":37316,"geometry":{"type":"Point","coordinates":[-95.41840415633268,29.78197119270819]},"properties":{"OBJECTID":37316}},{"type":"Feature","id":37317,"geometry":{"type":"Point","coordinates":[-95.41767400443099,29.782134571765116]},"properties":{"OBJECTID":37317}},{"type":"Feature","id":37318,"geometry":{"type":"Point","coordinates":[-95.41835281774858,29.78272372610764]},"properties":{"OBJECTID":37318}},{"type":"Feature","id":37319,"geometry":{"type":"Point","coordinates":[-95.4175827355137,29.782837596119858]},"properties":{"OBJECTID":37319}},{"type":"Feature","id":37322,"geometry":{"type":"Point","coordinates":[-95.4159570057514,29.778371825010204]},"properties":{"OBJECTID":37322}},{"type":"Feature","id":37323,"geometry":{"type":"Point","coordinates":[-95.41587144172047,29.778460943736345]},"properties":{"OBJECTID":37323}},{"type":"Feature","id":37324,"geometry":{"type":"Point","coordinates":[-95.41586573717282,29.77909467952422]},"properties":{"OBJECTID":37324}},{"type":"Feature","id":37325,"geometry":{"type":"Point","coordinates":[-95.41596841435899,29.779203602370362]},"properties":{"OBJECTID":37325}},{"type":"Feature","id":37326,"geometry":{"type":"Point","coordinates":[-95.41598552757364,29.779837332595708]},"properties":{"OBJECTID":37326}},{"type":"Feature","id":37327,"geometry":{"type":"Point","coordinates":[-95.41588285000795,29.779921499378965]},"properties":{"OBJECTID":37327}},{"type":"Feature","id":37328,"geometry":{"type":"Point","coordinates":[-95.4159855278444,29.780565127003975]},"properties":{"OBJECTID":37328}},{"type":"Feature","id":37329,"geometry":{"type":"Point","coordinates":[-95.41589996306435,29.780654244818187]},"properties":{"OBJECTID":37329}},{"type":"Feature","id":37330,"geometry":{"type":"Point","coordinates":[-95.41599693627796,29.78129786775761]},"properties":{"OBJECTID":37330}},{"type":"Feature","id":37331,"geometry":{"type":"Point","coordinates":[-95.4159056676642,29.781377082617894]},"properties":{"OBJECTID":37331}},{"type":"Feature","id":37332,"geometry":{"type":"Point","coordinates":[-95.41600834506556,29.7820306029454]},"properties":{"OBJECTID":37332}},{"type":"Feature","id":37333,"geometry":{"type":"Point","coordinates":[-95.41593418883663,29.78210486674932]},"properties":{"OBJECTID":37333}},{"type":"Feature","id":37334,"geometry":{"type":"Point","coordinates":[-95.41591137185812,29.7827534315366]},"properties":{"OBJECTID":37334}},{"type":"Feature","id":37335,"geometry":{"type":"Point","coordinates":[-95.41601975388573,29.782847497425987]},"properties":{"OBJECTID":37335}},{"type":"Feature","id":37336,"geometry":{"type":"Point","coordinates":[-95.41490456006721,29.782866062705935]},"properties":{"OBJECTID":37336}},{"type":"Feature","id":37337,"geometry":{"type":"Point","coordinates":[-95.41370380239162,29.78058864448603]},"properties":{"OBJECTID":37337}},{"type":"Feature","id":37338,"geometry":{"type":"Point","coordinates":[-95.41369809788615,29.779969771554754]},"properties":{"OBJECTID":37338}},{"type":"Feature","id":37339,"geometry":{"type":"Point","coordinates":[-95.41358971591919,29.779875702670786]},"properties":{"OBJECTID":37339}},{"type":"Feature","id":37340,"geometry":{"type":"Point","coordinates":[-95.4136752811614,29.779232070534395]},"properties":{"OBJECTID":37340}},{"type":"Feature","id":37341,"geometry":{"type":"Point","coordinates":[-95.4136011242694,29.779147903345375]},"properties":{"OBJECTID":37341}},{"type":"Feature","id":37342,"geometry":{"type":"Point","coordinates":[-95.41358971650968,29.77924197297163]},"properties":{"OBJECTID":37342}},{"type":"Feature","id":37343,"geometry":{"type":"Point","coordinates":[-95.41367528040502,29.779167706968117]},"properties":{"OBJECTID":37343}},{"type":"Feature","id":37344,"geometry":{"type":"Point","coordinates":[-95.41367528068915,29.77841514669786]},"properties":{"OBJECTID":37344}},{"type":"Feature","id":37345,"geometry":{"type":"Point","coordinates":[-95.41357830723018,29.778514167690865]},"properties":{"OBJECTID":37345}},{"type":"Feature","id":37346,"geometry":{"type":"Point","coordinates":[-95.41270554799445,29.778420097737698]},"properties":{"OBJECTID":37346}},{"type":"Feature","id":37347,"geometry":{"type":"Point","coordinates":[-95.41260857418115,29.778509216858914]},"properties":{"OBJECTID":37347}},{"type":"Feature","id":37348,"geometry":{"type":"Point","coordinates":[-95.41264279975478,29.779152854301056]},"properties":{"OBJECTID":37348}},{"type":"Feature","id":37349,"geometry":{"type":"Point","coordinates":[-95.41271695600611,29.77925187425088]},"properties":{"OBJECTID":37349}},{"type":"Feature","id":37350,"geometry":{"type":"Point","coordinates":[-95.4126199830876,29.77987570241521]},"properties":{"OBJECTID":37350}},{"type":"Feature","id":37351,"geometry":{"type":"Point","coordinates":[-95.41274547805324,29.779964820565617]},"properties":{"OBJECTID":37351}},{"type":"Feature","id":37352,"geometry":{"type":"Point","coordinates":[-95.41264280058114,29.780682712862255]},"properties":{"OBJECTID":37352}},{"type":"Feature","id":37353,"geometry":{"type":"Point","coordinates":[-95.41167877085375,29.779885604423537]},"properties":{"OBJECTID":37353}},{"type":"Feature","id":37354,"geometry":{"type":"Point","coordinates":[-95.41176433611514,29.779251874372363]},"properties":{"OBJECTID":37354}},{"type":"Feature","id":37355,"geometry":{"type":"Point","coordinates":[-95.41167306654872,29.779192462580525]},"properties":{"OBJECTID":37355}},{"type":"Feature","id":37356,"geometry":{"type":"Point","coordinates":[-95.41174722333001,29.778504266056782]},"properties":{"OBJECTID":37356}},{"type":"Feature","id":37357,"geometry":{"type":"Point","coordinates":[-95.4116559541561,29.778434951238808]},"properties":{"OBJECTID":37357}},{"type":"Feature","id":37361,"geometry":{"type":"Point","coordinates":[-95.41270554723204,29.787009842207745]},"properties":{"OBJECTID":37361}},{"type":"Feature","id":37362,"geometry":{"type":"Point","coordinates":[-95.41225490666446,29.784890941495636]},"properties":{"OBJECTID":37362}},{"type":"Feature","id":37363,"geometry":{"type":"Point","coordinates":[-95.41167996267075,29.775605498473734]},"properties":{"OBJECTID":37363}},{"type":"Feature","id":37364,"geometry":{"type":"Point","coordinates":[-95.41162862405893,29.77553618210372]},"properties":{"OBJECTID":37364}},{"type":"Feature","id":37365,"geometry":{"type":"Point","coordinates":[-95.41159439866887,29.77487766782009]},"properties":{"OBJECTID":37365}},{"type":"Feature","id":37366,"geometry":{"type":"Point","coordinates":[-95.41167425838994,29.77478854520781]},"properties":{"OBJECTID":37366}},{"type":"Feature","id":37367,"geometry":{"type":"Point","coordinates":[-95.4116628504528,29.774080513817967]},"properties":{"OBJECTID":37367}},{"type":"Feature","id":37368,"geometry":{"type":"Point","coordinates":[-95.4115886942066,29.774144880434083]},"properties":{"OBJECTID":37368}},{"type":"Feature","id":37369,"geometry":{"type":"Point","coordinates":[-95.41163432827454,29.77352596792116]},"properties":{"OBJECTID":37369}},{"type":"Feature","id":37370,"geometry":{"type":"Point","coordinates":[-95.40723630291221,29.772347547586346]},"properties":{"OBJECTID":37370}},{"type":"Feature","id":37371,"geometry":{"type":"Point","coordinates":[-95.41164003234391,29.772694143318002]},"properties":{"OBJECTID":37371}},{"type":"Feature","id":37372,"geometry":{"type":"Point","coordinates":[-95.41155446759316,29.77260997069394]},"properties":{"OBJECTID":37372}},{"type":"Feature","id":37373,"geometry":{"type":"Point","coordinates":[-95.41153165095122,29.771971243271494]},"properties":{"OBJECTID":37373}},{"type":"Feature","id":37374,"geometry":{"type":"Point","coordinates":[-95.411634328621,29.771887068918986]},"properties":{"OBJECTID":37374}},{"type":"Feature","id":37375,"geometry":{"type":"Point","coordinates":[-95.41161721547073,29.77125328810338]},"properties":{"OBJECTID":37375}},{"type":"Feature","id":37376,"geometry":{"type":"Point","coordinates":[-95.41153165079244,29.77114435650812]},"properties":{"OBJECTID":37376}},{"type":"Feature","id":37377,"geometry":{"type":"Point","coordinates":[-95.41243737455595,29.771242326121328]},"properties":{"OBJECTID":37377}},{"type":"Feature","id":37378,"geometry":{"type":"Point","coordinates":[-95.41257427756473,29.771133394931923]},"properties":{"OBJECTID":37378}},{"type":"Feature","id":37379,"geometry":{"type":"Point","coordinates":[-95.41259139110583,29.77185134973268]},"properties":{"OBJECTID":37379}},{"type":"Feature","id":37380,"geometry":{"type":"Point","coordinates":[-95.41246589529372,29.77196028121973]},"properties":{"OBJECTID":37380}},{"type":"Feature","id":37381,"geometry":{"type":"Point","coordinates":[-95.41260279897482,29.772599008702617]},"properties":{"OBJECTID":37381}},{"type":"Feature","id":37382,"geometry":{"type":"Point","coordinates":[-95.41248871256184,29.772693084667164]},"properties":{"OBJECTID":37382}},{"type":"Feature","id":37383,"geometry":{"type":"Point","coordinates":[-95.41259709526675,29.77322782921711]},"properties":{"OBJECTID":37383}},{"type":"Feature","id":37384,"geometry":{"type":"Point","coordinates":[-95.4125115307315,29.77370315588283]},"properties":{"OBJECTID":37384}},{"type":"Feature","id":37385,"geometry":{"type":"Point","coordinates":[-95.41251723419587,29.774044795684723]},"properties":{"OBJECTID":37385}},{"type":"Feature","id":37386,"geometry":{"type":"Point","coordinates":[-95.41263702478466,29.774133918638935]},"properties":{"OBJECTID":37386}},{"type":"Feature","id":37387,"geometry":{"type":"Point","coordinates":[-95.41265413781025,29.774772632518335]},"properties":{"OBJECTID":37387}},{"type":"Feature","id":37388,"geometry":{"type":"Point","coordinates":[-95.4125237115009,29.774896413408957]},"properties":{"OBJECTID":37388}},{"type":"Feature","id":37389,"geometry":{"type":"Point","coordinates":[-95.41256364112598,29.775520269193905]},"properties":{"OBJECTID":37389}},{"type":"Feature","id":37390,"geometry":{"type":"Point","coordinates":[-95.41266631893615,29.775604439645722]},"properties":{"OBJECTID":37390}},{"type":"Feature","id":37391,"geometry":{"type":"Point","coordinates":[-95.41360753059739,29.775500464546536]},"properties":{"OBJECTID":37391}},{"type":"Feature","id":37392,"geometry":{"type":"Point","coordinates":[-95.41351055745038,29.77558463507494]},"properties":{"OBJECTID":37392}},{"type":"Feature","id":37393,"geometry":{"type":"Point","coordinates":[-95.41349344426959,29.774846901531742]},"properties":{"OBJECTID":37393}},{"type":"Feature","id":37394,"geometry":{"type":"Point","coordinates":[-95.41360753129884,29.77474787640619]},"properties":{"OBJECTID":37394}},{"type":"Feature","id":37395,"geometry":{"type":"Point","coordinates":[-95.41359041777325,29.774104210838217]},"properties":{"OBJECTID":37395}},{"type":"Feature","id":37396,"geometry":{"type":"Point","coordinates":[-95.41577517023053,29.77484195046378]},"properties":{"OBJECTID":37396}},{"type":"Feature","id":37397,"geometry":{"type":"Point","coordinates":[-95.41588355178355,29.774742925222164]},"properties":{"OBJECTID":37397}},{"type":"Feature","id":37398,"geometry":{"type":"Point","coordinates":[-95.4158093960892,29.77545590357699]},"properties":{"OBJECTID":37398}},{"type":"Feature","id":37399,"geometry":{"type":"Point","coordinates":[-95.41588355180824,29.775545025182613]},"properties":{"OBJECTID":37399}},{"type":"Feature","id":37400,"geometry":{"type":"Point","coordinates":[-95.41341358430022,29.77345559009272]},"properties":{"OBJECTID":37400}},{"type":"Feature","id":37401,"geometry":{"type":"Point","coordinates":[-95.41341358404684,29.77266337588749]},"properties":{"OBJECTID":37401}},{"type":"Feature","id":37402,"geometry":{"type":"Point","coordinates":[-95.41351626213509,29.772554446691625]},"properties":{"OBJECTID":37402}},{"type":"Feature","id":37403,"geometry":{"type":"Point","coordinates":[-95.41341358387136,29.771945426392907]},"properties":{"OBJECTID":37403}},{"type":"Feature","id":37404,"geometry":{"type":"Point","coordinates":[-95.41350485353598,29.77186620419146]},"properties":{"OBJECTID":37404}},{"type":"Feature","id":37405,"geometry":{"type":"Point","coordinates":[-95.41339076685037,29.771242326740932]},"properties":{"OBJECTID":37405}},{"type":"Feature","id":37406,"geometry":{"type":"Point","coordinates":[-95.41351055723354,29.771143297281835]},"properties":{"OBJECTID":37406}},{"type":"Feature","id":37407,"geometry":{"type":"Point","coordinates":[-95.41442895153438,29.77113834611896]},"properties":{"OBJECTID":37407}},{"type":"Feature","id":37408,"geometry":{"type":"Point","coordinates":[-95.41431486559793,29.771227471645577]},"properties":{"OBJECTID":37408}},{"type":"Feature","id":37409,"geometry":{"type":"Point","coordinates":[-95.41441754374623,29.771846398769238]},"properties":{"OBJECTID":37409}},{"type":"Feature","id":37410,"geometry":{"type":"Point","coordinates":[-95.41433197825117,29.771960280812483]},"properties":{"OBJECTID":37410}},{"type":"Feature","id":37411,"geometry":{"type":"Point","coordinates":[-95.41431486612633,29.77255444643327]},"properties":{"OBJECTID":37411}},{"type":"Feature","id":37412,"geometry":{"type":"Point","coordinates":[-95.41440043039275,29.7726287169287]},"properties":{"OBJECTID":37412}},{"type":"Feature","id":37413,"geometry":{"type":"Point","coordinates":[-95.4142806396941,29.773698204344317]},"properties":{"OBJECTID":37413}},{"type":"Feature","id":37414,"geometry":{"type":"Point","coordinates":[-95.41538727698355,29.773990331151136]},"properties":{"OBJECTID":37414}},{"type":"Feature","id":37415,"geometry":{"type":"Point","coordinates":[-95.41552132838419,29.77264109541029]},"properties":{"OBJECTID":37415}},{"type":"Feature","id":37416,"geometry":{"type":"Point","coordinates":[-95.4154129455706,29.77254701949372]},"properties":{"OBJECTID":37416}},{"type":"Feature","id":37417,"geometry":{"type":"Point","coordinates":[-95.41549851068788,29.771863729076298]},"properties":{"OBJECTID":37417}},{"type":"Feature","id":37418,"geometry":{"type":"Point","coordinates":[-95.41541294614844,29.771957804894846]},"properties":{"OBJECTID":37418}},{"type":"Feature","id":37419,"geometry":{"type":"Point","coordinates":[-95.41552132851757,29.771234898864147]},"properties":{"OBJECTID":37419}},{"type":"Feature","id":37420,"geometry":{"type":"Point","coordinates":[-95.41533878970355,29.77114082241934]},"properties":{"OBJECTID":37420}},{"type":"Feature","id":37421,"geometry":{"type":"Point","coordinates":[-95.41851038835644,29.774864230706363]},"properties":{"OBJECTID":37421}},{"type":"Feature","id":37422,"geometry":{"type":"Point","coordinates":[-95.41931469640191,29.77514149986523]},"properties":{"OBJECTID":37422}},{"type":"Feature","id":37423,"geometry":{"type":"Point","coordinates":[-95.42030154228486,29.77546333036713]},"properties":{"OBJECTID":37423}},{"type":"Feature","id":37424,"geometry":{"type":"Point","coordinates":[-95.42016463962865,29.775527696369384]},"properties":{"OBJECTID":37424}},{"type":"Feature","id":37425,"geometry":{"type":"Point","coordinates":[-95.4201988653588,29.77543857390166]},"properties":{"OBJECTID":37425}},{"type":"Feature","id":37426,"geometry":{"type":"Point","coordinates":[-95.42026161230822,29.775542549157304]},"properties":{"OBJECTID":37426}},{"type":"Feature","id":37427,"geometry":{"type":"Point","coordinates":[-95.42106021617326,29.77574554936576]},"properties":{"OBJECTID":37427}},{"type":"Feature","id":37428,"geometry":{"type":"Point","coordinates":[-95.42185311572366,29.776027767861954]},"properties":{"OBJECTID":37428}},{"type":"Feature","id":37429,"geometry":{"type":"Point","coordinates":[-95.42203565407388,29.776102035270224]},"properties":{"OBJECTID":37429}},{"type":"Feature","id":37430,"geometry":{"type":"Point","coordinates":[-95.4232791948678,29.776607054959946]},"properties":{"OBJECTID":37430}},{"type":"Feature","id":37431,"geometry":{"type":"Point","coordinates":[-95.42485643723191,29.77669617655528]},"properties":{"OBJECTID":37431}},{"type":"Feature","id":37432,"geometry":{"type":"Point","coordinates":[-95.42495341017033,29.776740736601983]},"properties":{"OBJECTID":37432}},{"type":"Feature","id":37433,"geometry":{"type":"Point","coordinates":[-95.42623117662066,29.776711030149485]},"properties":{"OBJECTID":37433}},{"type":"Feature","id":37434,"geometry":{"type":"Point","coordinates":[-95.42613420321527,29.77665161613479]},"properties":{"OBJECTID":37434}},{"type":"Feature","id":37435,"geometry":{"type":"Point","coordinates":[-95.42612849893843,29.775988157794423]},"properties":{"OBJECTID":37435}},{"type":"Feature","id":37436,"geometry":{"type":"Point","coordinates":[-95.42621406350942,29.775918841402696]},"properties":{"OBJECTID":37436}},{"type":"Feature","id":37437,"geometry":{"type":"Point","coordinates":[-95.42496481867171,29.77592379218199]},"properties":{"OBJECTID":37437}},{"type":"Feature","id":37438,"geometry":{"type":"Point","coordinates":[-95.42486214170556,29.776146596348546]},"properties":{"OBJECTID":37438}},{"type":"Feature","id":37439,"geometry":{"type":"Point","coordinates":[-95.42340754106283,29.776151546970958]},"properties":{"OBJECTID":37439}},{"type":"Feature","id":37440,"geometry":{"type":"Point","coordinates":[-95.42329915912877,29.776067377201667]},"properties":{"OBJECTID":37440}},{"type":"Feature","id":37441,"geometry":{"type":"Point","coordinates":[-95.42195008950686,29.775379158921258]},"properties":{"OBJECTID":37441}},{"type":"Feature","id":37442,"geometry":{"type":"Point","coordinates":[-95.42330201164641,29.77545342758033]},"properties":{"OBJECTID":37442}},{"type":"Feature","id":37443,"geometry":{"type":"Point","coordinates":[-95.42337616783568,29.775374207893453]},"properties":{"OBJECTID":37443}},{"type":"Feature","id":37444,"geometry":{"type":"Point","coordinates":[-95.42485358450658,29.775438573544438]},"properties":{"OBJECTID":37444}},{"type":"Feature","id":37445,"geometry":{"type":"Point","coordinates":[-95.42495055779484,29.775200914849297]},"properties":{"OBJECTID":37445}},{"type":"Feature","id":37446,"geometry":{"type":"Point","coordinates":[-95.42562937102139,29.775210817972816]},"properties":{"OBJECTID":37446}},{"type":"Feature","id":37447,"geometry":{"type":"Point","coordinates":[-95.42545824217616,29.775166256371232]},"properties":{"OBJECTID":37447}},{"type":"Feature","id":37448,"geometry":{"type":"Point","coordinates":[-95.42484788107745,29.774765205429933]},"properties":{"OBJECTID":37448}},{"type":"Feature","id":37449,"geometry":{"type":"Point","coordinates":[-95.42338187228152,29.77467608271994]},"properties":{"OBJECTID":37449}},{"type":"Feature","id":37450,"geometry":{"type":"Point","coordinates":[-95.42327919467249,29.774760254086605]},"properties":{"OBJECTID":37450}},{"type":"Feature","id":37451,"geometry":{"type":"Point","coordinates":[-95.42196149810242,29.774700839249803]},"properties":{"OBJECTID":37451}},{"type":"Feature","id":37452,"geometry":{"type":"Point","coordinates":[-95.41859595288949,29.773977952810945]},"properties":{"OBJECTID":37452}},{"type":"Feature","id":37453,"geometry":{"type":"Point","coordinates":[-95.41932610549097,29.774052222699343]},"properties":{"OBJECTID":37453}},{"type":"Feature","id":37454,"geometry":{"type":"Point","coordinates":[-95.41942878270042,29.77398290468256]},"properties":{"OBJECTID":37454}},{"type":"Feature","id":37455,"geometry":{"type":"Point","coordinates":[-95.42018745672573,29.774057173658747]},"properties":{"OBJECTID":37455}},{"type":"Feature","id":37456,"geometry":{"type":"Point","coordinates":[-95.42029013414422,29.773968050840214]},"properties":{"OBJECTID":37456}},{"type":"Feature","id":37457,"geometry":{"type":"Point","coordinates":[-95.42103739872184,29.773963099593487]},"properties":{"OBJECTID":37457}},{"type":"Feature","id":37458,"geometry":{"type":"Point","coordinates":[-95.42114578154958,29.774037368393326]},"properties":{"OBJECTID":37458}},{"type":"Feature","id":37459,"geometry":{"type":"Point","coordinates":[-95.42184741207608,29.774037368992886]},"properties":{"OBJECTID":37459}},{"type":"Feature","id":37460,"geometry":{"type":"Point","coordinates":[-95.42193868044369,29.773938342448055]},"properties":{"OBJECTID":37460}},{"type":"Feature","id":37461,"geometry":{"type":"Point","coordinates":[-95.4233647594459,29.774012612295024]},"properties":{"OBJECTID":37461}},{"type":"Feature","id":37462,"geometry":{"type":"Point","coordinates":[-95.42326778531717,29.773933391880828]},"properties":{"OBJECTID":37462}},{"type":"Feature","id":37463,"geometry":{"type":"Point","coordinates":[-95.42483647244306,29.77401261194907]},"properties":{"OBJECTID":37463}},{"type":"Feature","id":37464,"geometry":{"type":"Point","coordinates":[-95.42494485413565,29.77442356866982]},"properties":{"OBJECTID":37464}},{"type":"Feature","id":37465,"geometry":{"type":"Point","coordinates":[-95.42195008926089,29.773180791429525]},"properties":{"OBJECTID":37465}},{"type":"Feature","id":37466,"geometry":{"type":"Point","coordinates":[-95.4232563774768,29.7732649645387]},"properties":{"OBJECTID":37466}},{"type":"Feature","id":37467,"geometry":{"type":"Point","coordinates":[-95.42334194171511,29.77316593737998]},"properties":{"OBJECTID":37467}},{"type":"Feature","id":37468,"geometry":{"type":"Point","coordinates":[-95.4184590499772,29.77255197064089]},"properties":{"OBJECTID":37468}},{"type":"Feature","id":37469,"geometry":{"type":"Point","coordinates":[-95.41857313583576,29.77244304020324]},"properties":{"OBJECTID":37469}},{"type":"Feature","id":37470,"geometry":{"type":"Point","coordinates":[-95.41930328776284,29.77253711650618]},"properties":{"OBJECTID":37470}},{"type":"Feature","id":37471,"geometry":{"type":"Point","coordinates":[-95.41938885224182,29.772452943097488]},"properties":{"OBJECTID":37471}},{"type":"Feature","id":37472,"geometry":{"type":"Point","coordinates":[-95.42017034369178,29.772537116752034]},"properties":{"OBJECTID":37472}},{"type":"Feature","id":37473,"geometry":{"type":"Point","coordinates":[-95.42027302081307,29.77245789422126]},"properties":{"OBJECTID":37473}},{"type":"Feature","id":37474,"geometry":{"type":"Point","coordinates":[-95.42114578122461,29.77252721342176]},"properties":{"OBJECTID":37474}},{"type":"Feature","id":37475,"geometry":{"type":"Point","coordinates":[-95.42114007633009,29.772428186464044]},"properties":{"OBJECTID":37475}},{"type":"Feature","id":37476,"geometry":{"type":"Point","coordinates":[-95.42198431539818,29.77253711680886]},"properties":{"OBJECTID":37476}},{"type":"Feature","id":37477,"geometry":{"type":"Point","coordinates":[-95.42193297686269,29.77243313816007]},"properties":{"OBJECTID":37477}},{"type":"Feature","id":37478,"geometry":{"type":"Point","coordinates":[-95.42210980986076,29.771838972071407]},"properties":{"OBJECTID":37478}},{"type":"Feature","id":37479,"geometry":{"type":"Point","coordinates":[-95.42205276688368,29.771710234871946]},"properties":{"OBJECTID":37479}},{"type":"Feature","id":37480,"geometry":{"type":"Point","coordinates":[-95.42222960095127,29.771180433036104]},"properties":{"OBJECTID":37480}},{"type":"Feature","id":37481,"geometry":{"type":"Point","coordinates":[-95.42124275436612,29.77169042947352]},"properties":{"OBJECTID":37481}},{"type":"Feature","id":37482,"geometry":{"type":"Point","coordinates":[-95.42114578096823,29.771779554581926]},"properties":{"OBJECTID":37482}},{"type":"Feature","id":37483,"geometry":{"type":"Point","coordinates":[-95.42331912410799,29.77254206803447]},"properties":{"OBJECTID":37483}},{"type":"Feature","id":37484,"geometry":{"type":"Point","coordinates":[-95.42321074232673,29.772438089336987]},"properties":{"OBJECTID":37484}},{"type":"Feature","id":37485,"geometry":{"type":"Point","coordinates":[-95.4231822206883,29.771838971710125]},"properties":{"OBJECTID":37485}},{"type":"Feature","id":37486,"geometry":{"type":"Point","coordinates":[-95.42016286221437,29.777986481922415]},"properties":{"OBJECTID":37486}},{"type":"Feature","id":37487,"geometry":{"type":"Point","coordinates":[-95.42003736756293,29.7783231553034]},"properties":{"OBJECTID":37487}},{"type":"Feature","id":37488,"geometry":{"type":"Point","coordinates":[-95.42013434051984,29.778412275435596]},"properties":{"OBJECTID":37488}},{"type":"Feature","id":37489,"geometry":{"type":"Point","coordinates":[-95.42002025506781,29.778407324333894]},"properties":{"OBJECTID":37489}},{"type":"Feature","id":37490,"geometry":{"type":"Point","coordinates":[-95.42013434083542,29.77834296005434]},"properties":{"OBJECTID":37490}},{"type":"Feature","id":37491,"geometry":{"type":"Point","coordinates":[-95.4200601852189,29.779050961192016]},"properties":{"OBJECTID":37491}},{"type":"Feature","id":37492,"geometry":{"type":"Point","coordinates":[-95.42013434116879,29.779149982259206]},"properties":{"OBJECTID":37492}},{"type":"Feature","id":37493,"geometry":{"type":"Point","coordinates":[-95.4201514537942,29.779080668141365]},"properties":{"OBJECTID":37493}},{"type":"Feature","id":37494,"geometry":{"type":"Point","coordinates":[-95.42006018508441,29.77914007979805]},"properties":{"OBJECTID":37494}},{"type":"Feature","id":37495,"geometry":{"type":"Point","coordinates":[-95.42014004543563,29.779793615495535]},"properties":{"OBJECTID":37495}},{"type":"Feature","id":37496,"geometry":{"type":"Point","coordinates":[-95.42006018525555,29.77986787989068]},"properties":{"OBJECTID":37496}},{"type":"Feature","id":37497,"geometry":{"type":"Point","coordinates":[-95.42016286246528,29.780521410183272]},"properties":{"OBJECTID":37497}},{"type":"Feature","id":37498,"geometry":{"type":"Point","coordinates":[-95.42007729821218,29.78059567477721]},"properties":{"OBJECTID":37498}},{"type":"Feature","id":37499,"geometry":{"type":"Point","coordinates":[-95.4201685673287,29.781254150895762]},"properties":{"OBJECTID":37499}},{"type":"Feature","id":37500,"geometry":{"type":"Point","coordinates":[-95.4200830026501,29.781343267672018]},"properties":{"OBJECTID":37500}},{"type":"Feature","id":37501,"geometry":{"type":"Point","coordinates":[-95.42008300245688,29.78197698508975]},"properties":{"OBJECTID":37501}},{"type":"Feature","id":37502,"geometry":{"type":"Point","coordinates":[-95.42016286218583,29.78207600309657]},"properties":{"OBJECTID":37502}},{"type":"Feature","id":37503,"geometry":{"type":"Point","coordinates":[-95.42017997519525,29.78200173890398]},"properties":{"OBJECTID":37503}},{"type":"Feature","id":37504,"geometry":{"type":"Point","coordinates":[-95.42009441059201,29.782061150411934]},"properties":{"OBJECTID":37504}},{"type":"Feature","id":37505,"geometry":{"type":"Point","coordinates":[-95.42196542519216,29.778402373065664]},"properties":{"OBJECTID":37505}},{"type":"Feature","id":37506,"geometry":{"type":"Point","coordinates":[-95.4219654254365,29.779026206707094]},"properties":{"OBJECTID":37506}},{"type":"Feature","id":37507,"geometry":{"type":"Point","coordinates":[-95.42206239867838,29.779115325371485]},"properties":{"OBJECTID":37507}},{"type":"Feature","id":37508,"geometry":{"type":"Point","coordinates":[-95.42208521619074,29.77975895832871]},"properties":{"OBJECTID":37508}},{"type":"Feature","id":37509,"geometry":{"type":"Point","coordinates":[-95.42198824249044,29.77985302692483]},"properties":{"OBJECTID":37509}},{"type":"Feature","id":37510,"geometry":{"type":"Point","coordinates":[-95.42198253907341,29.780491704642838]},"properties":{"OBJECTID":37510}},{"type":"Feature","id":37511,"geometry":{"type":"Point","coordinates":[-95.42207951153932,29.78057587126739]},"properties":{"OBJECTID":37511}},{"type":"Feature","id":37512,"geometry":{"type":"Point","coordinates":[-95.4221023287689,29.781219494906576]},"properties":{"OBJECTID":37512}},{"type":"Feature","id":37513,"geometry":{"type":"Point","coordinates":[-95.4220053557953,29.78131356262912]},"properties":{"OBJECTID":37513}},{"type":"Feature","id":37514,"geometry":{"type":"Point","coordinates":[-95.42201676468602,29.781957181272883]},"properties":{"OBJECTID":37514}},{"type":"Feature","id":37515,"geometry":{"type":"Point","coordinates":[-95.42209662443535,29.78203144474929]},"properties":{"OBJECTID":37515}},{"type":"Feature","id":37516,"geometry":{"type":"Point","coordinates":[-95.42211373811737,29.78252158206831]},"properties":{"OBJECTID":37516}},{"type":"Feature","id":37517,"geometry":{"type":"Point","coordinates":[-95.42210232939522,29.783199848776125]},"properties":{"OBJECTID":37517}},{"type":"Feature","id":37518,"geometry":{"type":"Point","coordinates":[-95.42199394717076,29.783085979352137]},"properties":{"OBJECTID":37518}},{"type":"Feature","id":37519,"geometry":{"type":"Point","coordinates":[-95.42429278535027,29.781932426988803]},"properties":{"OBJECTID":37519}},{"type":"Feature","id":37520,"geometry":{"type":"Point","coordinates":[-95.4243840543909,29.78201659220863]},"properties":{"OBJECTID":37520}},{"type":"Feature","id":37521,"geometry":{"type":"Point","coordinates":[-95.42430419437405,29.78200668983654]},"properties":{"OBJECTID":37521}},{"type":"Feature","id":37522,"geometry":{"type":"Point","coordinates":[-95.42438975868116,29.781952230334408]},"properties":{"OBJECTID":37522}},{"type":"Feature","id":37523,"geometry":{"type":"Point","coordinates":[-95.424378350228,29.78260574724811]},"properties":{"OBJECTID":37523}},{"type":"Feature","id":37524,"geometry":{"type":"Point","coordinates":[-95.42437835034204,29.783378078816305]},"properties":{"OBJECTID":37524}},{"type":"Feature","id":37525,"geometry":{"type":"Point","coordinates":[-95.42438975915833,29.781204641859947]},"properties":{"OBJECTID":37525}},{"type":"Feature","id":37526,"geometry":{"type":"Point","coordinates":[-95.42428708145563,29.781293758698766]},"properties":{"OBJECTID":37526}},{"type":"Feature","id":37527,"geometry":{"type":"Point","coordinates":[-95.42437264625389,29.78047685118429]},"properties":{"OBJECTID":37527}},{"type":"Feature","id":37528,"geometry":{"type":"Point","coordinates":[-95.42427567221466,29.780556067386954]},"properties":{"OBJECTID":37528}},{"type":"Feature","id":37529,"geometry":{"type":"Point","coordinates":[-95.42426426412192,29.779833222707936]},"properties":{"OBJECTID":37529}},{"type":"Feature","id":37530,"geometry":{"type":"Point","coordinates":[-95.42436694195794,29.779754007043554]},"properties":{"OBJECTID":37530}},{"type":"Feature","id":37531,"geometry":{"type":"Point","coordinates":[-95.42434982902681,29.779110373603636]},"properties":{"OBJECTID":37531}},{"type":"Feature","id":37532,"geometry":{"type":"Point","coordinates":[-95.4242756729424,29.779026206252166]},"properties":{"OBJECTID":37532}},{"type":"Feature","id":37533,"geometry":{"type":"Point","coordinates":[-95.42436123704834,29.77821918315288]},"properties":{"OBJECTID":37533}},{"type":"Feature","id":37534,"geometry":{"type":"Point","coordinates":[-95.42651176329156,29.77844693248371]},"properties":{"OBJECTID":37534}},{"type":"Feature","id":37535,"geometry":{"type":"Point","coordinates":[-95.42662585004805,29.778996499960865]},"properties":{"OBJECTID":37535}},{"type":"Feature","id":37536,"geometry":{"type":"Point","coordinates":[-95.42655739837586,29.779075716405696]},"properties":{"OBJECTID":37536}},{"type":"Feature","id":37537,"geometry":{"type":"Point","coordinates":[-95.42664866710267,29.779734202654407]},"properties":{"OBJECTID":37537}},{"type":"Feature","id":37538,"geometry":{"type":"Point","coordinates":[-95.42655169389721,29.779818369695644]},"properties":{"OBJECTID":37538}},{"type":"Feature","id":37539,"geometry":{"type":"Point","coordinates":[-95.42665437162425,29.78045209705884]},"properties":{"OBJECTID":37539}},{"type":"Feature","id":37540,"geometry":{"type":"Point","coordinates":[-95.42656310202037,29.780546164775053]},"properties":{"OBJECTID":37540}},{"type":"Feature","id":37541,"geometry":{"type":"Point","coordinates":[-95.42666007541354,29.78116998497511]},"properties":{"OBJECTID":37541}},{"type":"Feature","id":37542,"geometry":{"type":"Point","coordinates":[-95.42655739748328,29.781283856800265]},"properties":{"OBJECTID":37542}},{"type":"Feature","id":37543,"geometry":{"type":"Point","coordinates":[-95.4265631019935,29.781892819406803]},"properties":{"OBJECTID":37543}},{"type":"Feature","id":37544,"geometry":{"type":"Point","coordinates":[-95.42668289316975,29.781981935370624]},"properties":{"OBJECTID":37544}},{"type":"Feature","id":37545,"geometry":{"type":"Point","coordinates":[-95.42668859688196,29.78243246605626]},"properties":{"OBJECTID":37545}},{"type":"Feature","id":37546,"geometry":{"type":"Point","coordinates":[-95.42886764479952,29.782496827732107]},"properties":{"OBJECTID":37546}},{"type":"Feature","id":37547,"geometry":{"type":"Point","coordinates":[-95.42894180126255,29.78196213221958]},"properties":{"OBJECTID":37547}},{"type":"Feature","id":37548,"geometry":{"type":"Point","coordinates":[-95.42884482719423,29.78186806508783]},"properties":{"OBJECTID":37548}},{"type":"Feature","id":37549,"geometry":{"type":"Point","coordinates":[-95.4289475048622,29.781160083736534]},"properties":{"OBJECTID":37549}},{"type":"Feature","id":37550,"geometry":{"type":"Point","coordinates":[-95.42885623640579,29.781239298122284]},"properties":{"OBJECTID":37550}},{"type":"Feature","id":37551,"geometry":{"type":"Point","coordinates":[-95.42892468812454,29.780422391222213]},"properties":{"OBJECTID":37551}},{"type":"Feature","id":37552,"geometry":{"type":"Point","coordinates":[-95.428833419245,29.78050160648344]},"properties":{"OBJECTID":37552}},{"type":"Feature","id":37553,"geometry":{"type":"Point","coordinates":[-95.42881060131621,29.779793615368988]},"properties":{"OBJECTID":37553}},{"type":"Feature","id":37554,"geometry":{"type":"Point","coordinates":[-95.43124063885871,29.781130377580983]},"properties":{"OBJECTID":37554}},{"type":"Feature","id":37555,"geometry":{"type":"Point","coordinates":[-95.43114937045824,29.781229396645173]},"properties":{"OBJECTID":37555}},{"type":"Feature","id":37556,"geometry":{"type":"Point","coordinates":[-95.4311436662617,29.781873015844663]},"properties":{"OBJECTID":37556}},{"type":"Feature","id":37557,"geometry":{"type":"Point","coordinates":[-95.43124063928994,29.781967083034456]},"properties":{"OBJECTID":37557}},{"type":"Feature","id":37558,"geometry":{"type":"Point","coordinates":[-95.4312520484556,29.782566140093675]},"properties":{"OBJECTID":37558}},{"type":"Feature","id":37559,"geometry":{"type":"Point","coordinates":[-95.43116077871845,29.782689911487235]},"properties":{"OBJECTID":37559}},{"type":"Feature","id":37560,"geometry":{"type":"Point","coordinates":[-95.43128056931626,29.783348374406767]},"properties":{"OBJECTID":37560}},{"type":"Feature","id":37649,"geometry":{"type":"Point","coordinates":[-95.41422158847256,29.7637823093001]},"properties":{"OBJECTID":37649}},{"type":"Feature","id":37650,"geometry":{"type":"Point","coordinates":[-95.41345863728179,29.764991082518044]},"properties":{"OBJECTID":37650}},{"type":"Feature","id":37651,"geometry":{"type":"Point","coordinates":[-95.41523410453361,29.76909420950723]},"properties":{"OBJECTID":37651}},{"type":"Feature","id":37652,"geometry":{"type":"Point","coordinates":[-95.4162630202005,29.7653187473829]},"properties":{"OBJECTID":37652}},{"type":"Feature","id":37653,"geometry":{"type":"Point","coordinates":[-95.4162373509664,29.764516565263456]},"properties":{"OBJECTID":37653}},{"type":"Feature","id":37654,"geometry":{"type":"Point","coordinates":[-95.41632576775717,29.763048821519224]},"properties":{"OBJECTID":37654}},{"type":"Feature","id":37655,"geometry":{"type":"Point","coordinates":[-95.41766057690484,29.764450180790572]},"properties":{"OBJECTID":37655}},{"type":"Feature","id":37656,"geometry":{"type":"Point","coordinates":[-95.42171063922146,29.76883239646065]},"properties":{"OBJECTID":37656}},{"type":"Feature","id":37657,"geometry":{"type":"Point","coordinates":[-95.42178479613199,29.768926475064767]},"properties":{"OBJECTID":37657}},{"type":"Feature","id":37777,"geometry":{"type":"Point","coordinates":[-95.42093755277725,29.764165522081772]},"properties":{"OBJECTID":37777}},{"type":"Feature","id":37778,"geometry":{"type":"Point","coordinates":[-95.42018030463636,29.764135811255695]},"properties":{"OBJECTID":37778}},{"type":"Feature","id":37779,"geometry":{"type":"Point","coordinates":[-95.42542870959305,29.75929904381236]},"properties":{"OBJECTID":37779}},{"type":"Feature","id":37780,"geometry":{"type":"Point","coordinates":[-95.42505222555572,29.7592817118464]},"properties":{"OBJECTID":37780}},{"type":"Feature","id":38556,"geometry":{"type":"Point","coordinates":[-95.42059034322573,29.78669490359459]},"properties":{"OBJECTID":38556}},{"type":"Feature","id":38557,"geometry":{"type":"Point","coordinates":[-95.42072439417257,29.785662685213683]},"properties":{"OBJECTID":38557}},{"type":"Feature","id":38558,"geometry":{"type":"Point","coordinates":[-95.42347387287047,29.7865859887251]},"properties":{"OBJECTID":38558}},{"type":"Feature","id":38559,"geometry":{"type":"Point","coordinates":[-95.42510530709511,29.785348314283755]},"properties":{"OBJECTID":38559}},{"type":"Feature","id":38560,"geometry":{"type":"Point","coordinates":[-95.42526502805762,29.786081019303428]},"properties":{"OBJECTID":38560}},{"type":"Feature","id":38561,"geometry":{"type":"Point","coordinates":[-95.42527073217478,29.786947387213168]},"properties":{"OBJECTID":38561}},{"type":"Feature","id":38565,"geometry":{"type":"Point","coordinates":[-95.42800880277176,29.787487007003183]},"properties":{"OBJECTID":38565}},{"type":"Feature","id":38566,"geometry":{"type":"Point","coordinates":[-95.43074687290654,29.787546414335136]},"properties":{"OBJECTID":38566}},{"type":"Feature","id":38567,"geometry":{"type":"Point","coordinates":[-95.43083814164208,29.787462254012983]},"properties":{"OBJECTID":38567}},{"type":"Feature","id":38568,"geometry":{"type":"Point","coordinates":[-95.43083243736453,29.786041414361325]},"properties":{"OBJECTID":38568}},{"type":"Feature","id":38569,"geometry":{"type":"Point","coordinates":[-95.43120321767223,29.785897844087152]},"properties":{"OBJECTID":38569}},{"type":"Feature","id":38570,"geometry":{"type":"Point","coordinates":[-95.4311975142074,29.7849968114222]},"properties":{"OBJECTID":38570}},{"type":"Feature","id":38571,"geometry":{"type":"Point","coordinates":[-95.4325722529039,29.784392818207657]},"properties":{"OBJECTID":38571}},{"type":"Feature","id":38572,"geometry":{"type":"Point","coordinates":[-95.43248098441211,29.78510572812425]},"properties":{"OBJECTID":38572}},{"type":"Feature","id":38573,"geometry":{"type":"Point","coordinates":[-95.42813714943614,29.785036417291057]},"properties":{"OBJECTID":38573}},{"type":"Feature","id":38574,"geometry":{"type":"Point","coordinates":[-95.42716456447725,29.785031466736157]},"properties":{"OBJECTID":38574}},{"type":"Feature","id":38575,"geometry":{"type":"Point","coordinates":[-95.42667399348927,29.784643450922687]},"properties":{"OBJECTID":38575}},{"type":"Feature","id":38707,"geometry":{"type":"Point","coordinates":[-95.36917025903239,29.785828381415318]},"properties":{"OBJECTID":38707}},{"type":"Feature","id":38735,"geometry":{"type":"Point","coordinates":[-95.36720227058329,29.779470233651583]},"properties":{"OBJECTID":38735}},{"type":"Feature","id":38736,"geometry":{"type":"Point","coordinates":[-95.36747607876075,29.77955935250384]},"properties":{"OBJECTID":38736}},{"type":"Feature","id":38737,"geometry":{"type":"Point","coordinates":[-95.3673619917021,29.779440527201686]},"properties":{"OBJECTID":38737}},{"type":"Feature","id":38738,"geometry":{"type":"Point","coordinates":[-95.36734487966196,29.77960886211088]},"properties":{"OBJECTID":38738}},{"type":"Feature","id":38739,"geometry":{"type":"Point","coordinates":[-95.3666147270094,29.779841559282684]},"properties":{"OBJECTID":38739}},{"type":"Feature","id":38747,"geometry":{"type":"Point","coordinates":[-95.36632380739621,29.78286657737611]},"properties":{"OBJECTID":38747}},{"type":"Feature","id":38748,"geometry":{"type":"Point","coordinates":[-95.36733347004792,29.783841890522673]},"properties":{"OBJECTID":38748}},{"type":"Feature","id":38753,"geometry":{"type":"Point","coordinates":[-95.3666432483474,29.781787284824304]},"properties":{"OBJECTID":38753}},{"type":"Feature","id":38754,"geometry":{"type":"Point","coordinates":[-95.36676874333213,29.78183184285608]},"properties":{"OBJECTID":38754}},{"type":"Feature","id":38755,"geometry":{"type":"Point","coordinates":[-95.36735058295277,29.78154964142182]},"properties":{"OBJECTID":38755}},{"type":"Feature","id":38756,"geometry":{"type":"Point","coordinates":[-95.36751600827472,29.78165856123036]},"properties":{"OBJECTID":38756}},{"type":"Feature","id":38757,"geometry":{"type":"Point","coordinates":[-95.36762439024113,29.78153478846962]},"properties":{"OBJECTID":38757}},{"type":"Feature","id":38758,"geometry":{"type":"Point","coordinates":[-95.36744755702689,29.781589248255464]},"properties":{"OBJECTID":38758}},{"type":"Feature","id":38759,"geometry":{"type":"Point","coordinates":[-95.36764150315354,29.780490138783353]},"properties":{"OBJECTID":38759}},{"type":"Feature","id":38760,"geometry":{"type":"Point","coordinates":[-95.3670482551789,29.780722834351256]},"properties":{"OBJECTID":38760}},{"type":"Feature","id":38761,"geometry":{"type":"Point","coordinates":[-95.36692276032336,29.780668373432118]},"properties":{"OBJECTID":38761}},{"type":"Feature","id":38762,"geometry":{"type":"Point","coordinates":[-95.36636944151572,29.780970382475363]},"properties":{"OBJECTID":38762}},{"type":"Feature","id":38763,"geometry":{"type":"Point","coordinates":[-95.3662496514452,29.78093572564732]},"properties":{"OBJECTID":38763}},{"type":"Feature","id":38796,"geometry":{"type":"Point","coordinates":[-95.36669458784606,29.778440848779354]},"properties":{"OBJECTID":38796}},{"type":"Feature","id":40132,"geometry":{"type":"Point","coordinates":[-95.40627193429857,29.77960332994417]},"properties":{"OBJECTID":40132}}]}