{"type":"FeatureCollection","features":[{"type":"Feature","geometry":{"type":"Polygon","coordinates":[[[-95.3596447299746,29.776830982567],[-95.3600445395952,29.7766861360809],[-95.3608238170235,29.7763942931277],[-95.3616200710854,29.7761053934776],[-95.3624365745229,29.7758124442605],[-95.3628645842533,29.7756542481273],[-95.3634834738656,29.7754267424743],[-95.3645373203993,29.7750504716443],[-95.3649083521445,29.7749115695769],[-95.3649089543106,29.7749128478346],[-95.3650077572822,29.7748762582902],[-95.3652839309643,29.7754654796006],[-95.3645540500259,29.775747181748],[-95.3645746703584,29.7758414511571],[-95.3646630492933,29.7760214052323],[-95.3651738342365,29.7758372217593],[-95.3652835132813,29.7760653586768],[-95.3648102391771,29.7763211555817],[-95.36536681519,29.7774779581256],[-95.3667246495239,29.7770387109349],[-95.3664669632415,29.7783363171842],[-95.3664320221243,29.7784603678798],[-95.3659355826446,29.7786477697249],[-95.3651728382656,29.7789186091048],[-95.3650210334018,29.778610160843],[-95.3649360740772,29.7786514722646],[-95.3643546925737,29.7788642527011],[-95.3645001278064,29.7791623433054],[-95.3641197941694,29.7793001427501],[-95.3632883357525,29.7796015302069],[-95.3613376289099,29.7803245693105],[-95.3612958523116,29.7802520416244],[-95.3608080531974,29.7792376824437],[-95.3607348852117,29.7790855266563],[-95.3602470972523,29.7780711650958],[-95.3601739308754,29.777919010755],[-95.359686155104,29.7769046468432],[-95.3596447299746,29.776830982567]]]},"properties":{"Poly_ID":"NE1FR_06","SERVICE_DA":"1st Friday","Service_WK":"1st","Day":"Friday","QUAD":"NE"}},{"type":"Feature","geometry":{"type":"Polygon","coordinates":[[[-95.3759105668991,29.7751586244464],[-95.3759049784877,29.7744510395662],[-95.3758868238408,29.7737056289821],[-95.3758793034182,29.7729751117846],[-95.3758779272966,29.7722750449052],[-95.3758611744783,29.7714906632034],[-95.3758495632829,29.7707578766388],[-95.3758406079814,29.7700128367879],[-95.3760299442074,29.7700122387418],[-95.376010821036,29.7693011600007],[-95.3771477823326,29.7694199984487],[-95.3772324122872,29.7694495287144],[-95.3772165917537,29.7699353905046],[-95.3771731079602,29.7699787830052],[-95.376988662485,29.7700592271933],[-95.3769938305529,29.7707316923072],[-95.376995510342,29.7714800806609],[-95.3770158156239,29.7722242063399],[-95.3770805007325,29.7721899930338],[-95.3781488868763,29.7721797848907],[-95.3781406559814,29.7729437537711],[-95.3792463289382,29.77292495091],[-95.3803372040096,29.7729252222824],[-95.3814537153708,29.7729172289257],[-95.3828042395626,29.7729212431255],[-95.3827892525441,29.7732655915938],[-95.3827877884213,29.7732992321286],[-95.3827284954316,29.7735257041249],[-95.382698266517,29.7736411661459],[-95.3825660382129,29.7738263242255],[-95.3822839934015,29.7741000869832],[-95.3819384655816,29.7743950556412],[-95.3817174222736,29.7746105663113],[-95.3816036369596,29.774809329843],[-95.3814867645067,29.775106529842],[-95.3762809363109,29.7751557396505],[-95.3759105668991,29.7751586244464]]]},"properties":{"Poly_ID":"NE1WE_11","SERVICE_DA":"1st Wednesday","Service_WK":"1st","Day":"Wednesday","QUAD":"NE"}},{"type":"Feature","geometry":{"type":"Polygon","coordinates":[[[-95.4115611997592,29.7923365144951],[-95.4115973267206,29.7917604510491],[-95.4117757866979,29.7911370194984],[-95.4118161385873,29.7907030339163],[-95.4118072138364,29.7903843712204],[-95.4117514390146,29.7884192942078],[-95.4117351316758,29.7863721051722],[-95.4116447839287,29.7848196204938],[-95.411553480176,29.7844053092876],[-95.4117745928313,29.7843808197199],[-95.4136211387773,29.7843720841604],[-95.4138888532124,29.7843708158141],[-95.414290326108,29.784364245208],[-95.4145744239445,29.7846611780605],[-95.4145027409882,29.7847088339623],[-95.4142597520136,29.7849799559308],[-95.4142842218331,29.785005910943],[-95.4140600093399,29.785198620749],[-95.4138989937337,29.7852818363319],[-95.4136340931408,29.7853948784355],[-95.4135003431922,29.7854470661007],[-95.4133152569924,29.7855160213279],[-95.4132422479937,29.7856475405724],[-95.4132502680826,29.785928282451],[-95.4133050560489,29.7861525640287],[-95.4133812042493,29.786304740334],[-95.4135637787477,29.7864294507202],[-95.4136158780336,29.7864584667631],[-95.4137952944311,29.786514005338],[-95.4140588402025,29.7866120283081],[-95.4141721570639,29.7866594621998],[-95.414271707793,29.7867091968442],[-95.4144591557392,29.7868255541328],[-95.4146880012284,29.7869745679053],[-95.4147748531441,29.7870771140479],[-95.4148552818647,29.7871721326315],[-95.414889711412,29.7871826920434],[-95.4150486012184,29.7872000168075],[-95.416132127437,29.7862891907168],[-95.4162674616373,29.786408762707],[-95.4163432264778,29.7864607518948],[-95.4165729839808,29.7865729948406],[-95.4169438793199,29.7866767561079],[-95.4169350714605,29.7867120290358],[-95.4167115126591,29.7876073487559],[-95.416504741684,29.7884212502334],[-95.4163016746728,29.7892381703877],[-95.4162867001805,29.7895762440445],[-95.4163539056029,29.7901304026949],[-95.4164771930138,29.7904462939055],[-95.4166325886928,29.7907429161069],[-95.4169214409463,29.7910283112924],[-95.4171568781744,29.791197816926],[-95.417231598054,29.7912512677713],[-95.4172315186991,29.7912518180704],[-95.4163002573819,29.7920439837818],[-95.4156454428865,29.7929851549687],[-95.4156184114639,29.793079975521],[-95.4151660028787,29.7930901479129],[-95.414933265841,29.7927509592576],[-95.4144934897203,29.7927932268664],[-95.4144433828727,29.7923102518324],[-95.4134439758327,29.7923177974487],[-95.4125207947126,29.7923369573866],[-95.4115611997592,29.7923365144951]]]},"properties":{"Poly_ID":"NE3WE_05","SERVICE_DA":"3rd Wednesday","Service_WK":"3rd","Day":"Wednesday","QUAD":"NE"}},{"type":"Feature","geometry":{"type":"Polygon","coordinates":[[[-95.3753892990078,29.7819018185059],[-95.3757058205712,29.7822797185509],[-95.3757816758199,29.7823944144763],[-95.3759071745562,29.7826152541949],[-95.3759377555981,29.7828306188562],[-95.3760292327126,29.7829050072298],[-95.3761092884449,29.7829602807154],[-95.376233825038,29.783026862992],[-95.3763192566445,29.7830615178284],[-95.3763304308624,29.7831279297971],[-95.3763264992391,29.7836860025675],[-95.3763954743475,29.7836869557364],[-95.3763983078131,29.7840247856383],[-95.3759377611715,29.784026482567],[-95.3758924640474,29.7840371448548],[-95.3758928173828,29.7840679693808],[-95.3758628353033,29.784068231923],[-95.3751890578751,29.7840729043613],[-95.3751886727045,29.7840420789667],[-95.3745935707178,29.7840404588877],[-95.3745847777204,29.7841176087266],[-95.3745749565305,29.7841649393854],[-95.3745248956683,29.7846295045209],[-95.3746084341897,29.7846283314058],[-95.3746287627963,29.7853470467321],[-95.3749458768302,29.7853425625347],[-95.3749689146462,29.7860446652225],[-95.3749648571515,29.787118732673],[-95.3741639504729,29.7871262716718],[-95.3736437623562,29.7871301397277],[-95.3736342720879,29.7867795502654],[-95.3721307060603,29.7867960165972],[-95.3721307135856,29.7870401860931],[-95.3721231598746,29.7872195376735],[-95.372153535404,29.7873625629502],[-95.372130687998,29.788226652039],[-95.3721305876804,29.7882267666693],[-95.3718523460166,29.7879043146843],[-95.3715901296152,29.7876283341886],[-95.3708207058599,29.7867805693103],[-95.3703390389931,29.7862362280248],[-95.3702091220882,29.7861849400384],[-95.3697224333579,29.7854630298064],[-95.3692954348692,29.7848296497989],[-95.3689647285929,29.7842286096645],[-95.3688054467562,29.783806322745],[-95.3687290148357,29.7835053872853],[-95.3686589196098,29.7831491982458],[-95.3687049034395,29.7826901601515],[-95.3687300198269,29.7822462854818],[-95.3688352556184,29.7815793683983],[-95.3689418779018,29.780992602616],[-95.3690955377987,29.780546081181],[-95.3692105716881,29.7802859435909],[-95.3695644927559,29.7795735039398],[-95.3696674520949,29.7794094675031],[-95.3700703185325,29.7795475547331],[-95.3704171274201,29.7796926211302],[-95.3711053271757,29.7800200892419],[-95.3724361756091,29.7806673572679],[-95.3728600281765,29.7809708802116],[-95.3731218913239,29.7812387454786],[-95.3734426862456,29.7815300816976],[-95.3738875763852,29.7817611822045],[-95.3741562097217,29.7817947110631],[-95.3746471280106,29.7817617028755],[-95.3749572151984,29.781771075161],[-95.3753892990078,29.7819018185059]]]},"properties":{"Poly_ID":"NE3WE_01","SERVICE_DA":"3rd Wednesday","Service_WK":"3rd","Day":"Wednesday","QUAD":"NE"}},{"type":"Feature","geometry":{"type":"Polygon","coordinates":[[[-95.3889612037919,29.7572971851028],[-95.3893757911211,29.7572997415617],[-95.3893437329216,29.7555505552032],[-95.3893124932694,29.7533909985442],[-95.3897076933442,29.7533868243375],[-95.3913270427265,29.7533588083954],[-95.3921237646759,29.7533336994679],[-95.3921278884026,29.7533336615687],[-95.3921925766851,29.7554831366611],[-95.3929817742483,29.7554449530577],[-95.3932427750298,29.7554383614367],[-95.3932459460456,29.7557943601422],[-95.3937242966535,29.7557811423458],[-95.3937316782198,29.7554260126392],[-95.3947441387941,29.7554011643723],[-95.3980859783656,29.75533999943],[-95.3981233392872,29.7573376144394],[-95.3971543144612,29.7573695374782],[-95.396379706674,29.7573870152025],[-95.3955952929999,29.7574006663877],[-95.3947516329438,29.7574212923679],[-95.3940183559246,29.7574391211213],[-95.3934717382772,29.7574538263108],[-95.3930348426817,29.7574610030545],[-95.3922782161239,29.7574678203588],[-95.3922762482849,29.7574645493854],[-95.388982148742,29.7575469133413],[-95.388972967787,29.7574779299642],[-95.3889657698348,29.7574259023844],[-95.3889612037919,29.7572971851028]]]},"properties":{"Poly_ID":"NE1WE_08","SERVICE_DA":"1st Wednesday","Service_WK":"1st","Day":"Wednesday","QUAD":"NE"}},{"type":"Feature","geometry":{"type":"MultiPolygon","coordinates":[[[[-95.4237536168693,29.7950912019075],[-95.4236413991243,29.7945493524417],[-95.4236016419476,29.7944261268223],[-95.4235703242002,29.7943631007979],[-95.4233960214299,29.794012313674],[-95.4233142372342,29.7938477230042],[-95.4232253685273,29.7937368609316],[-95.4230973925933,29.7935772134097],[-95.4229586503532,29.7934392172318],[-95.422616926289,29.7930993284984],[-95.4218525367179,29.7926341777112],[-95.4211563410689,29.792403571436],[-95.420573433912,29.7923350583143],[-95.4205939881816,29.7921514718867],[-95.4206040214266,29.7918730243142],[-95.420558169089,29.7916727708575],[-95.4204410415785,29.7914400792292],[-95.4215028719399,29.7910688112214],[-95.4214987863987,29.791285625195],[-95.4216435479454,29.7913109548277],[-95.4217641260828,29.7913635061084],[-95.4219139600778,29.7914956500848],[-95.422022375777,29.7915393861624],[-95.4220193777185,29.7900175962056],[-95.4219813019758,29.7898382349133],[-95.4219126269289,29.7896417775235],[-95.4218058320986,29.7894891432251],[-95.4226603369198,29.7893061623187],[-95.4231636942379,29.7892851732836],[-95.4254068242992,29.7892737518947],[-95.4258988205048,29.7892764040332],[-95.4259120679732,29.7892764756546],[-95.4278166498912,29.7892823424293],[-95.4298928243391,29.7892521228528],[-95.4299238059448,29.7907068169406],[-95.4299296794405,29.7916638097085],[-95.4299157259496,29.7933557898231],[-95.4292956028049,29.7933607891277],[-95.4276202579349,29.7933683520451],[-95.427624925757,29.7945149779696],[-95.4276255148382,29.7950903451896],[-95.4298170296406,29.7950797664723],[-95.429931170372,29.7950784738141],[-95.4299272490343,29.7955533925751],[-95.4276255521157,29.7955542003546],[-95.4262009351651,29.7955634926821],[-95.4238531603227,29.7955718495107],[-95.423805869597,29.795343507733],[-95.4237536168693,29.7950912019075]]],[[[-95.4306267265154,29.7859085567395],[-95.4306301091024,29.7847064022572],[-95.4311331120762,29.7847078837621],[-95.4311272997334,29.7844147527597],[-95.4311905416355,29.7843404339497],[-95.4325099941047,29.7843409089877],[-95.4325640219404,29.785845134035],[-95.4324755722466,29.7859220636179],[-95.4311350570781,29.7859338211418],[-95.4310444387161,29.7859619194269],[-95.430790669329,29.7859657661546],[-95.4306267265154,29.7859085567395]]],[[[-95.4376805242764,29.7849349719588],[-95.4393007869402,29.7860983766228],[-95.4397192499053,29.7864495691519],[-95.4392370848756,29.7869481468164],[-95.4375043279721,29.7857111733745],[-95.4375671100694,29.7850544093269],[-95.4376805242764,29.7849349719588]]]]},"properties":{"Poly_ID":"NE3WE_06","SERVICE_DA":"3rd Wednesday","Service_WK":"3rd","Day":"Wednesday","QUAD":"NE"}},{"type":"Feature","geometry":{"type":"MultiPolygon","coordinates":[[[[-95.378323049907,29.7690623378977],[-95.378327685405,29.7686628274972],[-95.3760046778468,29.7684269986854],[-95.3758181251358,29.7684097612568],[-95.3757161561271,29.7683828473157],[-95.375648546448,29.7683510079141],[-95.3756049633519,29.7683448997098],[-95.3755963867139,29.7685314422689],[-95.3742108341116,29.768554577338],[-95.3739696053464,29.7685549691544],[-95.3739685769142,29.7684029860604],[-95.3739512167658,29.7681545528496],[-95.374241747758,29.7681833286837],[-95.3742432691126,29.7677104499913],[-95.374247722868,29.76747964297],[-95.3747910700085,29.7675348140351],[-95.3754021762669,29.7676090565283],[-95.3754093483509,29.767187513556],[-95.3750843522002,29.767189667384],[-95.3750753858459,29.7666006562001],[-95.3746661765748,29.766604363608],[-95.3739536809545,29.7666155842004],[-95.3739207807883,29.766613966395],[-95.3739061035366,29.766139665224],[-95.3723274150618,29.7661671706118],[-95.3723198739364,29.7654468387645],[-95.3725021036722,29.7650518256055],[-95.3724993406798,29.7648598894301],[-95.3724974995474,29.7647319563692],[-95.3724920788075,29.7640102699024],[-95.3739190850688,29.7639627043953],[-95.3753698077301,29.763934141688],[-95.3755579899766,29.7639549309118],[-95.375773872361,29.7640062948897],[-95.3760863080553,29.7640241667871],[-95.377122719907,29.764006736097],[-95.378239596413,29.7639831505682],[-95.3791070309537,29.7639756268881],[-95.3793661497056,29.7639840753835],[-95.3804084563013,29.7640045044869],[-95.3805077884141,29.7640290446686],[-95.3805147334449,29.7654736065146],[-95.3812892315707,29.7654703632524],[-95.381357037178,29.7655456096526],[-95.3823896879101,29.7655369888905],[-95.3823937111765,29.7662023567573],[-95.3823381014825,29.7662897983853],[-95.3823396155174,29.76656478919],[-95.382341259237,29.7668634575866],[-95.3824605587068,29.7669813153555],[-95.3825444306084,29.7670935552999],[-95.3826079785932,29.7672024997517],[-95.3826755195144,29.7673491902344],[-95.3827291972416,29.7675299998638],[-95.3827426621417,29.7676407389791],[-95.3827430124367,29.7677613900522],[-95.3834532851928,29.7677622114845],[-95.3834661815915,29.7683328771759],[-95.3838715355092,29.768344047238],[-95.3841000888607,29.7683518573367],[-95.3843599556176,29.7683615562967],[-95.3847537778428,29.7683762533693],[-95.3854878753807,29.7684526500559],[-95.386273120911,29.7685436477772],[-95.3862914432636,29.7692957853645],[-95.385509005631,29.7692156928798],[-95.3850197660054,29.7691572863262],[-95.3846886406107,29.7691343938509],[-95.3838541700421,29.7691207553224],[-95.3827524540888,29.7690974131107],[-95.3827376017538,29.7690966574567],[-95.382178338704,29.7690682061321],[-95.3819200681925,29.7690432378503],[-95.3816409590622,29.7690103388784],[-95.3805473501405,29.7688974078272],[-95.3794296792057,29.7687859497729],[-95.3794304086585,29.7691642354106],[-95.378323049907,29.7690623378977]]],[[[-95.3718687017851,29.767606443644],[-95.371872648768,29.7672211814903],[-95.3721630532453,29.7672751870609],[-95.3723263856443,29.7672792413854],[-95.3723273403346,29.7676096964491],[-95.3719573864167,29.7676043900644],[-95.3718687017851,29.767606443644]]],[[[-95.3731902538399,29.767751977867],[-95.3731973204702,29.7673701473353],[-95.3735764587711,29.7674161400105],[-95.3735768641212,29.7677939681164],[-95.3731902538399,29.767751977867]]],[[[-95.3723369330112,29.7682861967724],[-95.3723284126797,29.767985309529],[-95.3728094577195,29.7680328182201],[-95.3728294475007,29.7683326537171],[-95.3723369330112,29.7682861967724]]]]},"properties":{"Poly_ID":"NE1WE_09","SERVICE_DA":"1st Wednesday","Service_WK":"1st","Day":"Wednesday","QUAD":"NE"}},{"type":"Feature","geometry":{"type":"Polygon","coordinates":[[[-95.4161484207107,29.7787821816356],[-95.4180770972816,29.7787588457861],[-95.4180597183778,29.7779368620153],[-95.4190377539928,29.7779351722637],[-95.420089930173,29.7779225100123],[-95.4220081201057,29.7779026335875],[-95.4219990830194,29.7783413074653],[-95.4220014986462,29.7786510168215],[-95.4222374226894,29.7786471928244],[-95.4222496076606,29.7790703840265],[-95.4220040969064,29.7790730873955],[-95.4217420640223,29.7790756894897],[-95.4217523757772,29.7794407326093],[-95.4204174496935,29.7794560575314],[-95.420424652304,29.7798165966204],[-95.4203429408627,29.7798160759669],[-95.4203562655573,29.7805451091254],[-95.4203612197605,29.7812770182567],[-95.4204404682864,29.7812738633939],[-95.4204484528974,29.7816353005486],[-95.4201407437223,29.7816340295785],[-95.4201349412123,29.7822775265068],[-95.42013427376,29.7822840718392],[-95.4183272340306,29.7822409816707],[-95.4183449032407,29.7820246916373],[-95.4183330459761,29.7812979143324],[-95.4181436828261,29.7805724245559],[-95.418131915413,29.7802003735744],[-95.4161750189768,29.7802303959703],[-95.4161484207107,29.7787821816356]]]},"properties":{"Poly_ID":"NE3WE_04","SERVICE_DA":"3rd Wednesday","Service_WK":"3rd","Day":"Wednesday","QUAD":"NE"}},{"type":"Feature","geometry":{"type":"Polygon","coordinates":[[[-95.3669130099222,29.7719617725963],[-95.3669133437684,29.7719608239202],[-95.3688946398957,29.7719282210474],[-95.3689849130764,29.7719171992785],[-95.3689798875039,29.771693553629],[-95.3690027046959,29.7717775310554],[-95.3690332460156,29.7718138052671],[-95.369205812705,29.7718114697892],[-95.3692102016692,29.7714561377606],[-95.3697902342968,29.7714484048465],[-95.3697909129604,29.7715709408674],[-95.3700598292782,29.7715681154369],[-95.37006323137,29.7717928182644],[-95.3701318885376,29.7717813735989],[-95.3704400178032,29.7717801610499],[-95.3704281806931,29.7714339379986],[-95.3712035370881,29.7714313789092],[-95.3712101203595,29.7716544193306],[-95.3712180979264,29.7719098706059],[-95.3723860657627,29.7718878341285],[-95.3723976413291,29.7737327269783],[-95.3724028652208,29.774724735427],[-95.3724057072806,29.7748596123192],[-95.3716335846233,29.7748655685541],[-95.3716356198676,29.7750030567067],[-95.3708043299082,29.7749983038215],[-95.3708028231853,29.7748691696379],[-95.3702117949409,29.7748748467348],[-95.3700578654713,29.7748889238993],[-95.369342566977,29.7748878091198],[-95.3693422208873,29.7749536896218],[-95.3690179877953,29.7749573837077],[-95.368709910445,29.7749720353068],[-95.3685938583517,29.7747974045658],[-95.3683405589466,29.7744241000138],[-95.3680421511746,29.7739417068285],[-95.3679465233015,29.7737755823059],[-95.3679419604143,29.7737675892211],[-95.3673971869915,29.7728212564789],[-95.3669959992138,29.7721103461133],[-95.3669130099222,29.7719617725963]]]},"properties":{"Poly_ID":"NE1WE_10","SERVICE_DA":"1st Wednesday","Service_WK":"1st","Day":"Wednesday","QUAD":"NE"}},{"type":"Feature","geometry":{"type":"Polygon","coordinates":[[[-95.4155026665365,29.765533632358],[-95.4137465996231,29.7655430117424],[-95.4137515022019,29.7658042177613],[-95.4135945732396,29.765806463746],[-95.4136030319059,29.766213106767],[-95.4137439224269,29.766209350152],[-95.413747389176,29.7663461625958],[-95.4138446773534,29.766343590384],[-95.4138523988231,29.7666737659653],[-95.4138338466161,29.7668039747413],[-95.413834987575,29.7670737165869],[-95.4137070403627,29.7670757228559],[-95.413713579187,29.7673912644992],[-95.4136785441535,29.7675363655065],[-95.4136722138922,29.7676554980955],[-95.4136803937598,29.7676607303494],[-95.4136845606849,29.7679365016139],[-95.4133905982387,29.7679380470791],[-95.4133905971967,29.7678446548367],[-95.4114829690158,29.767858108185],[-95.4114755502715,29.7675013392459],[-95.4103739838173,29.7675177170919],[-95.4094249523721,29.767533733768],[-95.4094087743528,29.7668157190912],[-95.4093909490421,29.7660786709558],[-95.4093953361459,29.765419731601],[-95.4094867307044,29.7653369454047],[-95.4104960259401,29.7653307897742],[-95.4114405785288,29.7653233567398],[-95.4114409090899,29.7646031630161],[-95.4114196593784,29.7638742059414],[-95.412384161885,29.7638497857532],[-95.4133083614976,29.7638306986716],[-95.4133939431572,29.7637561246304],[-95.4133837663018,29.763435393362],[-95.4133701782489,29.7631722531477],[-95.4135209895805,29.7631207582987],[-95.4139816484654,29.7629317830581],[-95.4142164009604,29.7627860733425],[-95.4145866914013,29.7625638241574],[-95.4149157580834,29.7622989218404],[-95.4152596111303,29.761992358697],[-95.4154114515529,29.7618838252471],[-95.4155466597397,29.7617596694741],[-95.4157351727901,29.7616575425168],[-95.4159455218357,29.7615738755359],[-95.4162167917454,29.7614872764614],[-95.4162210576686,29.7620578378808],[-95.416261772079,29.7627479061271],[-95.4162643855279,29.7634711116911],[-95.4162697637881,29.7637563869695],[-95.4156416757825,29.763779692827],[-95.415719725891,29.7646908268267],[-95.4154862527995,29.7647017917178],[-95.4155026665365,29.765533632358]]]},"properties":{"Poly_ID":"NE1WE_13","SERVICE_DA":"1st Wednesday","Service_WK":"1st","Day":"Wednesday","QUAD":"NE"}},{"type":"Feature","geometry":{"type":"Polygon","coordinates":[[[-95.4205023327007,29.7607265138333],[-95.4200968067374,29.7607282985043],[-95.4200815282378,29.7613596364433],[-95.4209268096608,29.7613641291257],[-95.4214808714427,29.7613267183219],[-95.4215310998271,29.7613940761998],[-95.4217289010752,29.7658762868747],[-95.4209894385779,29.7658628153207],[-95.4207222970075,29.7658646083134],[-95.4207160845386,29.7655684588391],[-95.420560045323,29.7655636518059],[-95.4205599230774,29.7655292791209],[-95.4204023473116,29.7655354757226],[-95.4204101378288,29.765866703871],[-95.4201348965505,29.7658685501254],[-95.4196667239048,29.7658736674591],[-95.4196951759714,29.7671925818324],[-95.4192775136507,29.7671989183909],[-95.4192763808806,29.7671237891984],[-95.4188410449067,29.7671304103654],[-95.41884200347,29.7671991468386],[-95.4186944195958,29.7672000301271],[-95.4186978690819,29.7673952515431],[-95.4184533844491,29.7673964830078],[-95.4184374656254,29.7658886445432],[-95.4184208689616,29.7643815608798],[-95.4184046492737,29.763471124828],[-95.4183983658171,29.7628632683967],[-95.4183889549107,29.7615382865745],[-95.4183861775002,29.7613742135259],[-95.4183694331702,29.7598538738815],[-95.4183499561381,29.7590501228547],[-95.4183437652305,29.7587143781071],[-95.4183370055419,29.7575944198674],[-95.4183721769356,29.7575812767705],[-95.4188552707975,29.7580538843542],[-95.4189184777672,29.7581307684306],[-95.4191205234166,29.7585069617451],[-95.419283655127,29.7588078732124],[-95.4199062271178,29.7591610572487],[-95.4199575292589,29.7597259508129],[-95.4200732460917,29.7597236761565],[-95.4200845338338,29.7602296304101],[-95.4204775614508,29.7602478695203],[-95.4204975072848,29.7606528158928],[-95.4205023327007,29.7607265138333]],[[-95.4191244222512,29.7618326376215],[-95.4184468015449,29.7618382873493],[-95.4184549262039,29.7623886715078],[-95.4186649371703,29.7623891033015],[-95.4186612236864,29.7622517383048],[-95.4191329174294,29.7622510896672],[-95.4191244222512,29.7618326376215]]]},"properties":{"Poly_ID":"NE1WE_14","SERVICE_DA":"1st Wednesday","Service_WK":"1st","Day":"Wednesday","QUAD":"NE"}},{"type":"Feature","geometry":{"type":"Polygon","coordinates":[[[-95.3734303013224,29.7676534594534],[-95.3734151998167,29.7676509015197],[-95.3734179667426,29.7676384663836],[-95.3734330692801,29.7676410243449],[-95.3734303013224,29.7676534594534]]]},"properties":{"Poly_ID":"NOSERV","SERVICE_DA":"NONE","Service_WK":null,"Day":"NONE","QUAD":"NA"}},{"type":"Feature","geometry":{"type":"Polygon","coordinates":[[[-95.3632883357525,29.7796015302069],[-95.3641197941694,29.7793001427501],[-95.3645001278064,29.7791623433054],[-95.3643546925737,29.7788642527011],[-95.3649360740772,29.7786514722646],[-95.3650210334018,29.778610160843],[-95.3651728382656,29.7789186091048],[-95.3659355826446,29.7786477697249],[-95.3666298982749,29.7783846996608],[-95.366713882777,29.7783846972925],[-95.3667520077927,29.7784266657073],[-95.3668434644448,29.7786000967016],[-95.3669121832164,29.7787128110566],[-95.3670189716168,29.7788271142972],[-95.3671029285136,29.7789416831589],[-95.3671563078946,29.7790673779697],[-95.3673089479126,29.7795157561526],[-95.3673798639777,29.779564167246],[-95.3674417156769,29.779666151138],[-95.367484405967,29.7800421576023],[-95.367977668173,29.7810356388811],[-95.3679802349062,29.7810987927532],[-95.3679496597645,29.7811497552798],[-95.3680611143568,29.7816450285921],[-95.367749860897,29.7820556830062],[-95.3671879855539,29.7828062289046],[-95.3683159986734,29.7828068400244],[-95.3684153918283,29.7834138313792],[-95.3685251481054,29.7837672236511],[-95.3686222843271,29.7840834010592],[-95.3689750032056,29.7848235806168],[-95.3694974303377,29.7855805996874],[-95.3701405222976,29.7865124492115],[-95.3701625976599,29.786692107661],[-95.3704965542604,29.7873285187849],[-95.3712768849887,29.7889890169692],[-95.3713837003527,29.7892072045956],[-95.3714375494744,29.7893292142745],[-95.3714582391724,29.7894291760534],[-95.3714677316961,29.7896476020035],[-95.3704956058514,29.7889186635823],[-95.3700022560108,29.7885397028283],[-95.369471232778,29.7881205316131],[-95.3688808939797,29.7876807032735],[-95.3684423720041,29.7873484629909],[-95.368226805921,29.7871915240515],[-95.3680570172506,29.7870535805349],[-95.367610084163,29.786720764585],[-95.3669840297336,29.7862390850615],[-95.3662516938003,29.7856727389993],[-95.366128916026,29.7855253401495],[-95.3659561664116,29.7851607870793],[-95.3658374270354,29.7849332815249],[-95.3653831646691,29.7839515647433],[-95.3650847786882,29.7833470389323],[-95.3646989639303,29.7825304037403],[-95.364428939675,29.7819632148417],[-95.3642894887635,29.7816592931628],[-95.3638630761711,29.780780379145],[-95.3635781371437,29.780192721661],[-95.3632883357525,29.7796015302069]]]},"properties":{"Poly_ID":"NE1FR_06","SERVICE_DA":"1st Friday","Service_WK":"1st","Day":"Friday","QUAD":"NE"}},{"type":"Feature","geometry":{"type":"Polygon","coordinates":[[[-95.3652213472275,29.7884487231598],[-95.3653048805292,29.7883847873198],[-95.3653904497188,29.788175486243],[-95.3655001085187,29.7880396749102],[-95.3656340057995,29.7879222480805],[-95.365681003625,29.7877968096825],[-95.3656626374997,29.7874667061055],[-95.3659229266579,29.787663636533],[-95.3665229876258,29.7870068596993],[-95.3663276322978,29.7868890650569],[-95.3666082277895,29.7866279453524],[-95.3659574377147,29.786151881869],[-95.3657520465031,29.786360056575],[-95.3656386138366,29.7854983679013],[-95.3659561664116,29.7851607870793],[-95.366128916026,29.7855253401495],[-95.3662516938003,29.7856727389993],[-95.3669840297336,29.7862390850615],[-95.367610084163,29.786720764585],[-95.3680570172506,29.7870535805349],[-95.368226805921,29.7871915240515],[-95.368375263734,29.7872996061815],[-95.368006764128,29.7881636251381],[-95.3679837366079,29.788213524815],[-95.3679741940036,29.7898106396864],[-95.3672672529236,29.7898177632686],[-95.3651557341465,29.7898378439114],[-95.3651295087685,29.7884856707429],[-95.3652213472275,29.7884487231598]]]},"properties":{"Poly_ID":"NE1FR_07","SERVICE_DA":"1st Friday","Service_WK":"1st","Day":"Friday","QUAD":"NE"}},{"type":"Feature","geometry":{"type":"Polygon","coordinates":[[[-95.3795693441645,29.757062487584],[-95.3795501649905,29.754836474284],[-95.3803881575013,29.7548305183472],[-95.3804950398377,29.7548422265147],[-95.3812830318746,29.7548350180867],[-95.3813759456717,29.7548522047809],[-95.3821675287825,29.7548470821234],[-95.3822581119539,29.7548248599138],[-95.3830825873163,29.7548112773807],[-95.3830788537244,29.7545178683172],[-95.3838724398223,29.7545028188985],[-95.3839333495533,29.7544854833204],[-95.3839493005249,29.7544856827228],[-95.3839449259117,29.7547211971237],[-95.3839694682447,29.7553856798088],[-95.3839847227046,29.7560220392388],[-95.3839986346992,29.7566416422735],[-95.3840064398242,29.7570060570721],[-95.3840219681691,29.7571008144423],[-95.384031108847,29.7574188863635],[-95.384024859206,29.7576611867475],[-95.3830672483115,29.7576777109063],[-95.3824376821986,29.7576921865297],[-95.3822509978539,29.757707692675],[-95.3822385650672,29.7570275966273],[-95.3813470068974,29.7570394295781],[-95.3804619386711,29.757050830744],[-95.3795693441645,29.757062487584]]]},"properties":{"Poly_ID":"NE1WE_07","SERVICE_DA":"1st Wednesday","Service_WK":"1st","Day":"Wednesday","QUAD":"NE"}},{"type":"Feature","geometry":{"type":"MultiPolygon","coordinates":[[[[-95.3778180072352,29.7573653622088],[-95.3778146987729,29.7570738644047],[-95.3769371577151,29.757083445489],[-95.376044515634,29.7570814012976],[-95.3760369863363,29.757033702992],[-95.3760313920894,29.7566654842523],[-95.3760364408259,29.7564556579902],[-95.3750910044004,29.7564578120244],[-95.3750840692139,29.7560902202752],[-95.375078761091,29.7551998751621],[-95.3750832227732,29.755198975855],[-95.3760217375775,29.7551893820581],[-95.3769143177523,29.7551837028675],[-95.3777993817736,29.7551780004956],[-95.3778029467898,29.7554812662258],[-95.3786879764669,29.7554687283245],[-95.3786872935275,29.7554104482171],[-95.3788936457054,29.7554085149537],[-95.378894552793,29.7554888117116],[-95.3795557207515,29.7554812737896],[-95.3795693441645,29.757062487584],[-95.3786995662313,29.7570681503362],[-95.3786998321522,29.757360069509],[-95.3785809069263,29.757371197789],[-95.378293425038,29.757373150249],[-95.377863240047,29.7573760710864],[-95.3778180072352,29.7573653622088]]],[[[-95.3769579484517,29.7577607116373],[-95.3770207867532,29.7577614918091],[-95.3770214280721,29.7580688053343],[-95.3768582257994,29.7580690177177],[-95.3768618658104,29.7577612097437],[-95.3769579484517,29.7577607116373]]],[[[-95.3793785991062,29.7579034871297],[-95.3802274942215,29.7578981330278],[-95.3802342229935,29.7582421541869],[-95.3789168970381,29.758253114648],[-95.3789165497351,29.7579987352002],[-95.3789041164026,29.7579107016856],[-95.3789820541233,29.7579095167875],[-95.3793785991062,29.7579034871297]]]]},"properties":{"Poly_ID":"NE1WE_07","SERVICE_DA":"1st Wednesday","Service_WK":"1st","Day":"Wednesday","QUAD":"NE"}},{"type":"Feature","geometry":{"type":"Polygon","coordinates":[[[-95.3981233392872,29.7573376144394],[-95.3981240655424,29.7573369398161],[-95.3990091284557,29.7573180254682],[-95.4002908136947,29.7572226355309],[-95.4015801844332,29.7570966906939],[-95.4018930122011,29.7571044397682],[-95.4021980708425,29.7571767787268],[-95.4023507328639,29.7572379077831],[-95.4023205470227,29.7556003720908],[-95.4020811496824,29.755604080829],[-95.4020824698998,29.7552573431755],[-95.4023126297988,29.7552541816696],[-95.4023050744821,29.7545598945502],[-95.4047768625939,29.7545179031379],[-95.4047821233726,29.7547566262568],[-95.406024983456,29.754740392481],[-95.406039955378,29.7551419529838],[-95.4083856545721,29.7550634373579],[-95.4083808081368,29.7538927440418],[-95.4107255377046,29.753843996027],[-95.4107294211208,29.7541095303577],[-95.4107337752051,29.7545614780071],[-95.4106929035311,29.7547443087702],[-95.4105916751835,29.7548712593488],[-95.4104205474818,29.7550204598981],[-95.409307888922,29.7554991587449],[-95.4083841933038,29.7555167205509],[-95.4084096700824,29.756413496832],[-95.4084265762895,29.757141995287],[-95.404143711995,29.7572034687812],[-95.4041642527209,29.7579587467551],[-95.4045985400888,29.7579585342398],[-95.4046262775681,29.7590423506621],[-95.4046320654614,29.7592684919357],[-95.4041960718139,29.7591286782366],[-95.4035804527119,29.7589837910986],[-95.4033717024307,29.7589532665498],[-95.4031960254133,29.7589629312297],[-95.403048900937,29.758971024263],[-95.4027779850901,29.7590085567887],[-95.4026200689947,29.7590649461644],[-95.4023957237712,29.7591450555533],[-95.402190513964,29.7591883516119],[-95.4019787336131,29.7592074800544],[-95.4017123316722,29.7592315421245],[-95.4003402983417,29.7593577884645],[-95.3990663425145,29.7594846472648],[-95.3981562718213,29.7595680442602],[-95.3981351610738,29.7580837499702],[-95.3981245479685,29.7573375747174],[-95.3981233392872,29.7573376144394]]]},"properties":{"Poly_ID":"NE1WE_08","SERVICE_DA":"1st Wednesday","Service_WK":"1st","Day":"Wednesday","QUAD":"NE"}},{"type":"Feature","geometry":{"type":"Polygon","coordinates":[[[-95.3921278884026,29.7533336615687],[-95.392924617503,29.7533263278319],[-95.3937184764674,29.7533212536181],[-95.3946971056073,29.7532986531799],[-95.395902282062,29.7532755493558],[-95.3980339901985,29.7532348034883],[-95.4023007450213,29.7531882273679],[-95.4023050744821,29.7545598945502],[-95.4023126297988,29.7552541816696],[-95.4020824698998,29.7552573431755],[-95.4020811496824,29.755604080829],[-95.4023205470227,29.7556003720908],[-95.4023507328639,29.7572379077831],[-95.4021980708425,29.7571767787268],[-95.4018930122011,29.7571044397682],[-95.4015801844332,29.7570966906939],[-95.4002908136947,29.7572226355309],[-95.3990091284557,29.7573180254682],[-95.3981240655424,29.7573369398161],[-95.3981233392872,29.7573376144394],[-95.3980859783656,29.75533999943],[-95.3947441387941,29.7554011643723],[-95.3937316782198,29.7554260126392],[-95.3937242966535,29.7557811423458],[-95.3932459460456,29.7557943601422],[-95.3932427750298,29.7554383614367],[-95.3929817742483,29.7554449530577],[-95.3921925766851,29.7554831366611],[-95.3921278884026,29.7533336615687]]]},"properties":{"Poly_ID":"NE1WE_08","SERVICE_DA":"1st Wednesday","Service_WK":"1st","Day":"Wednesday","QUAD":"NE"}},{"type":"Feature","geometry":{"type":"MultiPolygon","coordinates":[[[[-95.3858039528359,29.7610759024693],[-95.3857806681733,29.7603789939048],[-95.3857651212859,29.7596970027935],[-95.385761022171,29.7591217524206],[-95.3857577539433,29.7590834464173],[-95.3856331471759,29.7590853740231],[-95.3855367459199,29.7590870992131],[-95.3853173702606,29.7590910177354],[-95.3853192225035,29.759172841758],[-95.3851616086261,29.7591760268492],[-95.3851610218742,29.7591485303436],[-95.3848452683651,29.7591549074462],[-95.3848342111774,29.7586347671469],[-95.3844882954046,29.7586409388781],[-95.3844698922946,29.757650346764],[-95.3851892925487,29.7576351330668],[-95.3857176643369,29.757625370072],[-95.3857059142321,29.7569196893163],[-95.3857077250516,29.7565642087523],[-95.3857116347586,29.7565620981743],[-95.3886806483578,29.7565176494848],[-95.388680646831,29.7566475597919],[-95.3889434338303,29.7566449105606],[-95.3889458344232,29.7568639675797],[-95.3889657698348,29.7574259023844],[-95.388972967787,29.7574779299642],[-95.388982148742,29.7575469133413],[-95.3889712327749,29.7577442643601],[-95.3889942782041,29.7579029470512],[-95.3890765033154,29.7581712678362],[-95.3891118619752,29.7582412472951],[-95.3891746884028,29.7584910316867],[-95.3891785174927,29.7585717191494],[-95.3896287228244,29.7585655886574],[-95.3896401561311,29.7593378163539],[-95.3896317416026,29.7596571798141],[-95.3896347147358,29.760732260626],[-95.3892478831794,29.7605971788738],[-95.389090008233,29.7605622674693],[-95.388955683104,29.7605559017271],[-95.3887246594587,29.7605546258962],[-95.3883575353785,29.7605933873653],[-95.387930995658,29.7606512866774],[-95.387205416705,29.7608968790554],[-95.3868590855121,29.7609874475343],[-95.3866343390642,29.7610351632944],[-95.3863208789878,29.7610554337546],[-95.3858039528359,29.7610759024693]]],[[[-95.3824849184598,29.7576927712839],[-95.3830777890655,29.7576807160684],[-95.382836824963,29.757686610366],[-95.3824849184598,29.7576927712839]]]]},"properties":{"Poly_ID":"NE1WE_08","SERVICE_DA":"1st Wednesday","Service_WK":"1st","Day":"Wednesday","QUAD":"NE"}},{"type":"Feature","geometry":{"type":"Polygon","coordinates":[[[-95.3893124932694,29.7533909985442],[-95.3893437329216,29.7555505552032],[-95.3893757911211,29.7572997415617],[-95.3889612037919,29.7572971851028],[-95.3889458344232,29.7568639675797],[-95.3889434338303,29.7566449105606],[-95.388680646831,29.7566475597919],[-95.3886806483578,29.7565176494848],[-95.3857116347586,29.7565620981743],[-95.3857077250516,29.7565642087523],[-95.3857093933614,29.7562366933453],[-95.3857046531155,29.7556562212503],[-95.385695301382,29.7548578307835],[-95.3856868887878,29.7541756898123],[-95.3856833323697,29.7535474144154],[-95.3857205706626,29.7534554336538],[-95.3888948190461,29.7533954080666],[-95.3893124932694,29.7533909985442]]]},"properties":{"Poly_ID":"NE1WE_08","SERVICE_DA":"1st Wednesday","Service_WK":"1st","Day":"Wednesday","QUAD":"NE"}},{"type":"Feature","geometry":{"type":"Polygon","coordinates":[[[-95.368709910445,29.7749720353068],[-95.3690179877953,29.7749573837077],[-95.3693422208873,29.7749536896218],[-95.369342566977,29.7748878091198],[-95.3700578654713,29.7748889238993],[-95.3702117949409,29.7748748467348],[-95.3708028231853,29.7748691696379],[-95.3708043299082,29.7749983038215],[-95.3716356198676,29.7750030567067],[-95.3716335846233,29.7748655685541],[-95.3724057072806,29.7748596123192],[-95.3724028652208,29.774724735427],[-95.3732383883874,29.7747131735972],[-95.3732404334541,29.774849456885],[-95.3758082317646,29.7748249495085],[-95.3759079194438,29.7748234443567],[-95.3759105668991,29.7751586244464],[-95.3762809363109,29.7751557396505],[-95.3814867645067,29.775106529842],[-95.381248431387,29.7771999987381],[-95.3804337158041,29.7775287970869],[-95.3792524698499,29.7781934091609],[-95.3789580059782,29.7784245237723],[-95.377311590431,29.7788253804765],[-95.3766143431627,29.7789029157126],[-95.375936773994,29.7788708260281],[-95.3755180916211,29.7788530632549],[-95.3746510616115,29.778677915644],[-95.3743132595656,29.7786096747997],[-95.3733631415488,29.778216965477],[-95.3724415172068,29.7778261623008],[-95.3718628900621,29.777573685799],[-95.3709324191805,29.777122177489],[-95.3704535751732,29.7768642744835],[-95.3701137637939,29.7766419462035],[-95.3698022882557,29.776387385931],[-95.3694791420399,29.7760945896664],[-95.3692570279923,29.7757655410221],[-95.3689105525108,29.7752739514255],[-95.368709910445,29.7749720353068]]]},"properties":{"Poly_ID":"NE1WE_10","SERVICE_DA":"1st Wednesday","Service_WK":"1st","Day":"Wednesday","QUAD":"NE"}},{"type":"Feature","geometry":{"type":"Polygon","coordinates":[[[-95.3724028652208,29.774724735427],[-95.3723976413291,29.7737327269783],[-95.3723860657627,29.7718878341285],[-95.3744713908849,29.7718636101431],[-95.3744627136142,29.7711159482299],[-95.3747130806072,29.7711176151201],[-95.3747079713106,29.7707691393919],[-95.3746969883662,29.7703918722672],[-95.3749803773947,29.7703924398603],[-95.3749832820166,29.7706674270566],[-95.3749812074361,29.7707651022206],[-95.3758495632829,29.7707578766388],[-95.3758611744783,29.7714906632034],[-95.3758779272966,29.7722750449052],[-95.3758793034182,29.7729751117846],[-95.3758868238408,29.7737056289821],[-95.3759049784877,29.7744510395662],[-95.3759079194438,29.7748234443567],[-95.3758082317646,29.7748249495085],[-95.3732404334541,29.774849456885],[-95.3732383883874,29.7747131735972],[-95.3724028652208,29.774724735427]]]},"properties":{"Poly_ID":"NE1WE_10","SERVICE_DA":"1st Wednesday","Service_WK":"1st","Day":"Wednesday","QUAD":"NE"}},{"type":"Feature","geometry":{"type":"Polygon","coordinates":[[[-95.3723860657627,29.7718878341285],[-95.3712180979264,29.7719098706059],[-95.3712101203595,29.7716544193306],[-95.3712035370881,29.7714313789092],[-95.3704281806931,29.7714339379986],[-95.3704400178032,29.7717801610499],[-95.3701318885376,29.7717813735989],[-95.37006323137,29.7717928182644],[-95.3700598292782,29.7715681154369],[-95.3697909129604,29.7715709408674],[-95.3697902342968,29.7714484048465],[-95.3692102016692,29.7714561377606],[-95.369205812705,29.7718114697892],[-95.3690332460156,29.7718138052671],[-95.3690027046959,29.7717775310554],[-95.3689798875039,29.771693553629],[-95.3689849130764,29.7719171992785],[-95.3688946398957,29.7719282210474],[-95.3669133437684,29.7719608239202],[-95.3669130099222,29.7719617725963],[-95.3662033792293,29.7706913219152],[-95.366266741583,29.7702613198457],[-95.3664847893152,29.7694963617909],[-95.3666241388744,29.7690074889882],[-95.3673904478306,29.7691930265009],[-95.3671502010895,29.769972735717],[-95.3673503286029,29.7700385933479],[-95.3674875740204,29.7700748547345],[-95.3678481693218,29.7700977697506],[-95.3678942835101,29.770097951765],[-95.3678838213357,29.7697434662522],[-95.3680413595754,29.7697394414491],[-95.3680516672306,29.7700985723719],[-95.3684945532552,29.7701003170271],[-95.3688254056648,29.7700958823609],[-95.3700623461315,29.7700851404284],[-95.3705890150746,29.7700792905078],[-95.3713152287048,29.7700679467925],[-95.3714682276458,29.7700376439691],[-95.3715098650418,29.7699714489142],[-95.3715107267547,29.7695734291493],[-95.3718841746644,29.769565149494],[-95.3718924954846,29.7700616718528],[-95.3723486518629,29.7700567123502],[-95.3723638877492,29.7707834293662],[-95.3723843784239,29.7715242987031],[-95.3735713400907,29.7715090333649],[-95.3735600995525,29.7707840064554],[-95.3740979794966,29.7707751106996],[-95.3747079713106,29.7707691393919],[-95.3747130806072,29.7711176151201],[-95.3744627136142,29.7711159482299],[-95.3744713908849,29.7718636101431],[-95.3723860657627,29.7718878341285]]]},"properties":{"Poly_ID":"NE1WE_10","SERVICE_DA":"1st Wednesday","Service_WK":"1st","Day":"Wednesday","QUAD":"NE"}},{"type":"Feature","geometry":{"type":"MultiPolygon","coordinates":[[[[-95.4083885160248,29.7725276818807],[-95.4061749242134,29.7721371170822],[-95.4061748628788,29.7719832227151],[-95.4065985681657,29.7719764331522],[-95.4065912978472,29.7719046495576],[-95.4065852285755,29.7716297006334],[-95.4070631163847,29.7716115411857],[-95.4070558843246,29.7715830445492],[-95.4070457236033,29.7712504444206],[-95.4061987391719,29.7712637889752],[-95.4061475875117,29.771302592591],[-95.4061502750147,29.7712949433521],[-95.4061272259762,29.7705054443413],[-95.4060986424403,29.7679393197619],[-95.4060813685624,29.7672195064469],[-95.4094169650414,29.7671792438039],[-95.4094249523721,29.767533733768],[-95.4094289901281,29.7682700953286],[-95.4094541568201,29.7689781324833],[-95.4094644612827,29.7697088900664],[-95.4094950987377,29.7712019946565],[-95.4083651067317,29.7712344462128],[-95.4083885160248,29.7725276818807]]],[[[-95.4084084702035,29.7734235330691],[-95.408394972541,29.7728843301947],[-95.4095263974342,29.7730660844614],[-95.4095294413461,29.7734070992374],[-95.4095588298532,29.7741247054972],[-95.4095541369322,29.7748536926531],[-95.4095517912492,29.7752044369816],[-95.4069386463393,29.7752519658223],[-95.4069284233222,29.7752715338733],[-95.4068545074812,29.7752741881483],[-95.4068599735577,29.7756222662237],[-95.4063028844658,29.7756304142616],[-95.4062492715943,29.7757219174637],[-95.4062227850049,29.7745363257337],[-95.4062036578782,29.7734465753054],[-95.4084084702035,29.7734235330691]]],[[[-95.408394972541,29.7728843301947],[-95.4083885160248,29.7725276818807],[-95.4083909838943,29.7725281172064],[-95.408394972541,29.7728843301947]]]]},"properties":{"Poly_ID":"NE1WE_12","SERVICE_DA":"1st Wednesday","Service_WK":"1st","Day":"Wednesday","QUAD":"NE"}},{"type":"Feature","geometry":{"type":"MultiPolygon","coordinates":[[[[-95.393134419181,29.7750296454559],[-95.393134419339,29.7748099061991],[-95.3926330552996,29.7748041203371],[-95.3926278979189,29.7744117967255],[-95.3926234978353,29.7740771380678],[-95.3926638760219,29.7740742541641],[-95.3926581213216,29.7735930305992],[-95.3927970136182,29.7735921584126],[-95.3928025852175,29.773432189551],[-95.392799333138,29.7731439592318],[-95.3931626198061,29.7731433052257],[-95.3931574481924,29.7715180839902],[-95.3927546696156,29.7715310711577],[-95.3925207950003,29.7715597112063],[-95.3921665052787,29.7716121933615],[-95.3907328706396,29.7715653969748],[-95.3905582697442,29.7714784360162],[-95.3890369548099,29.7713157892454],[-95.3890355234104,29.7712685443119],[-95.3890884135645,29.7712272926261],[-95.3892151088943,29.7711535407522],[-95.3893098659413,29.7711157774931],[-95.3894320066502,29.7710804841576],[-95.3895661771985,29.7710663247167],[-95.3896812058372,29.7710637613277],[-95.3899350738308,29.7710595058645],[-95.3903068284846,29.7710561551742],[-95.3904640330037,29.7710672677941],[-95.3906933181707,29.7710939282781],[-95.3908783691623,29.7711165717524],[-95.3909631644739,29.7708948624444],[-95.3910797496854,29.7706494794405],[-95.3912845192354,29.7702294894528],[-95.3914810625615,29.7697979808599],[-95.3915532190252,29.7696408572794],[-95.3917939848571,29.7690814388977],[-95.3918252679043,29.7689661180104],[-95.3922649393019,29.7690068252568],[-95.3931371365416,29.7691012372308],[-95.3940112183291,29.769202085017],[-95.3949067986033,29.7692895169151],[-95.3958685983444,29.7693956215241],[-95.3960083038918,29.7694179500973],[-95.3960309348574,29.7703003398792],[-95.397324781332,29.7704117083063],[-95.3980298379816,29.7704736392077],[-95.3980464368076,29.771461158903],[-95.3973266580369,29.7713857349549],[-95.3973334194311,29.7723615192365],[-95.3973496591502,29.7730844287514],[-95.3973779843337,29.774225673262],[-95.3962284025884,29.7742512559022],[-95.3961501663306,29.774242923708],[-95.3959967744766,29.7741866594342],[-95.3959450330679,29.7741442259663],[-95.3957774800605,29.7740068162808],[-95.3956626803982,29.7739126642387],[-95.3955876420621,29.7738511194368],[-95.3954994868163,29.7738053649086],[-95.3953035643621,29.7737427755302],[-95.3952123800703,29.7737157786857],[-95.3949957824314,29.7736972907681],[-95.3943260284502,29.7737046778545],[-95.3939764005043,29.7737149981592],[-95.3939390784393,29.7737219354777],[-95.3938831723166,29.7737236671652],[-95.3938793424173,29.7740682194258],[-95.393676642929,29.774266022601],[-95.3936829640893,29.7744648603365],[-95.3932638070954,29.7748891313223],[-95.393134419181,29.7750296454559]]],[[[-95.3911332387803,29.7647851376693],[-95.3914115604856,29.7647479422862],[-95.391411813741,29.7648364441083],[-95.3914278226246,29.7669490118936],[-95.3914278408624,29.7669522105079],[-95.3914278517916,29.7669526034592],[-95.3914278139613,29.7669533218602],[-95.3914210720297,29.7670810462776],[-95.3914210390041,29.7670814533905],[-95.3913992559519,29.7673936798709],[-95.3913923612285,29.7674533694174],[-95.3912904789233,29.7679967311929],[-95.3910226951011,29.7679620255541],[-95.391164399066,29.7672267459298],[-95.3911384368521,29.7651924243624],[-95.3911332387803,29.7647851376693]]],[[[-95.3950110874623,29.7746494332812],[-95.3950139808305,29.7750947420542],[-95.395024528808,29.7759937765975],[-95.3950266216005,29.776172127402],[-95.3940471351018,29.7762015090346],[-95.3940640159572,29.7761558058916],[-95.3940634139465,29.7760977651169],[-95.3940581475215,29.7755895468136],[-95.3941024655354,29.7754952869096],[-95.3941196849851,29.7754656402978],[-95.3943132365375,29.7750826440875],[-95.3945124878746,29.7746577010197],[-95.3950110874623,29.7746494332812]]]]},"properties":{"Poly_ID":"NE1WE_12","SERVICE_DA":"1st Wednesday","Service_WK":"1st","Day":"Wednesday","QUAD":"NE"}},{"type":"Feature","geometry":{"type":"MultiPolygon","coordinates":[[[[-95.399929618376,29.7671573669473],[-95.3999243183892,29.7670005556977],[-95.4005981465684,29.7669830304641],[-95.4005892232557,29.7670394939185],[-95.4005918446802,29.7671247047862],[-95.4005982096916,29.7671245562109],[-95.400603000365,29.7672802615048],[-95.4005912691032,29.7672804600136],[-95.4005920948556,29.7673529637763],[-95.4006172292389,29.7673529799473],[-95.400614728083,29.7676044698269],[-95.4008324915556,29.7675966958537],[-95.4008362308062,29.7678431106791],[-95.4006088800246,29.7678451083119],[-95.4006144745711,29.7679960953113],[-95.4008385090618,29.7679932368188],[-95.400840220037,29.7681059867375],[-95.400855262601,29.7682145895508],[-95.4008783220875,29.7688288612921],[-95.4008018994783,29.7688384385737],[-95.4004878759839,29.768844848301],[-95.4004748455358,29.7685208858087],[-95.400305205669,29.7685259649196],[-95.4003037583336,29.7685040032071],[-95.3999562875919,29.7685064477752],[-95.3998748888226,29.7685071648549],[-95.3998818973347,29.7687604672504],[-95.3996319439535,29.76876730179],[-95.3996376859694,29.769095189226],[-95.3992465685532,29.7690946034915],[-95.3992167994216,29.7674985144992],[-95.3992109723939,29.7671704675116],[-95.399929618376,29.7671573669473]]],[[[-95.3981353672618,29.7680160651333],[-95.3981353345983,29.7685158748658],[-95.3981774835335,29.7686629828305],[-95.3981393429814,29.768716336493],[-95.3981524189718,29.7695255277474],[-95.3981533270248,29.7696647996925],[-95.3972792705025,29.7695614244007],[-95.3971246637074,29.7690328218862],[-95.397116839797,29.768554875363],[-95.3971222023344,29.7680260177426],[-95.3981353672618,29.7680160651333]]]]},"properties":{"Poly_ID":"NE1WE_12","SERVICE_DA":"1st Wednesday","Service_WK":"1st","Day":"Wednesday","QUAD":"NE"}},{"type":"Feature","geometry":{"type":"Polygon","coordinates":[[[-95.4018180701115,29.7656135321545],[-95.4018243252356,29.7663340171367],[-95.401992244186,29.7663378750444],[-95.4021524248034,29.7663283136851],[-95.4023201421935,29.7663091389843],[-95.4025261690378,29.7662710374937],[-95.402770313472,29.7662194451068],[-95.4030603370007,29.7661852250915],[-95.403336152584,29.7661775168768],[-95.4033238540646,29.7657845463006],[-95.4047871186994,29.7657679787398],[-95.4047921701973,29.7661489460468],[-95.4048074498799,29.7668756731955],[-95.4048149756075,29.7675985174465],[-95.4048229838517,29.7679414528268],[-95.4036764837158,29.7679518033536],[-95.4036769835334,29.7680975560707],[-95.4027885201875,29.7681236038566],[-95.4027842903286,29.7679876630487],[-95.4022104247654,29.7679985822809],[-95.4022116978358,29.7680651540022],[-95.4021439448659,29.7680663182435],[-95.402145185669,29.7681213080122],[-95.4021120959913,29.7681218755906],[-95.4021123443425,29.7681328739105],[-95.4020824049392,29.7681333870529],[-95.4020828132734,29.7681512597894],[-95.4019341979114,29.768153811117],[-95.4018549239517,29.7681595618867],[-95.401854922801,29.768199336528],[-95.4018624411549,29.7683444391939],[-95.4018715955393,29.7685044046971],[-95.4012515987414,29.7685097891252],[-95.401258453281,29.7688196630453],[-95.4008783220875,29.7688288612921],[-95.400855262601,29.7682145895508],[-95.400840220037,29.7681059867375],[-95.4008385090618,29.7679932368188],[-95.4006144745711,29.7679960953113],[-95.4006088800246,29.7678451083119],[-95.4008362308062,29.7678431106791],[-95.4008324915556,29.7675966958537],[-95.400614728083,29.7676044698269],[-95.4006172292389,29.7673529799473],[-95.4005920948556,29.7673529637763],[-95.4005912691032,29.7672804600136],[-95.400603000365,29.7672802615048],[-95.4005982096916,29.7671245562109],[-95.4005918446802,29.7671247047862],[-95.4005892232557,29.7670394939185],[-95.4005981465684,29.7669830304641],[-95.4008249583923,29.7669806537514],[-95.4008096581073,29.7663550062585],[-95.4008092991776,29.7663545055723],[-95.4008214060941,29.765980598827],[-95.4008064261628,29.765646274508],[-95.4011117989415,29.7656304772096],[-95.4016613189802,29.7656172935317],[-95.4018180701115,29.7656135321545]]]},"properties":{"Poly_ID":"NE1WE_12","SERVICE_DA":"1st Wednesday","Service_WK":"1st","Day":"Wednesday","QUAD":"NE"}},{"type":"Feature","geometry":{"type":"Polygon","coordinates":[[[-95.4047921701973,29.7661489460468],[-95.4047871186994,29.7657679787398],[-95.4033238540646,29.7657845463006],[-95.403336152584,29.7661775168768],[-95.4030603370007,29.7661852250915],[-95.402770313472,29.7662194451068],[-95.4025261690378,29.7662710374937],[-95.4023201421935,29.7663091389843],[-95.4021524248034,29.7663283136851],[-95.401992244186,29.7663378750444],[-95.4018243252356,29.7663340171367],[-95.4018180701115,29.7656135321545],[-95.4017680012045,29.7635414094784],[-95.4027049535233,29.7635255262754],[-95.4028688051385,29.7635331960702],[-95.4030342690657,29.7635704574449],[-95.4031470555099,29.7636215099183],[-95.403268490535,29.763702654347],[-95.4035224178404,29.7638710428072],[-95.4036286886843,29.7639219885838],[-95.4037400029412,29.7639502874531],[-95.4038698763164,29.7639622190407],[-95.4046778639387,29.7639568755765],[-95.4047267512435,29.7639813187361],[-95.4047391006068,29.7647146094884],[-95.4047611673171,29.76540988002],[-95.406076942108,29.7653895886905],[-95.4060222006809,29.7638281030349],[-95.4058679007946,29.7631644110429],[-95.4058303956907,29.7630030886446],[-95.4057916078648,29.7628362454683],[-95.4057300505353,29.7624497147733],[-95.40597069998,29.7622061911993],[-95.4060035042054,29.7620367820189],[-95.4059939985179,29.76168888478],[-95.4076908993133,29.7616448363665],[-95.4089618514329,29.7616648674701],[-95.4091931883463,29.7626862270777],[-95.4093481074229,29.7634659723435],[-95.4093681888791,29.7639220557638],[-95.409486724598,29.7653369425331],[-95.4093953361459,29.765419731601],[-95.4093909490421,29.7660786709558],[-95.4094087743528,29.7668157190912],[-95.4094169650414,29.7671792438039],[-95.4060813685624,29.7672195064469],[-95.4060986424403,29.7679393197619],[-95.4048229838517,29.7679414528268],[-95.4048149756075,29.7675985174465],[-95.4048074498799,29.7668756731955],[-95.4047921701973,29.7661489460468]]]},"properties":{"Poly_ID":"NE1WE_12","SERVICE_DA":"1st Wednesday","Service_WK":"1st","Day":"Wednesday","QUAD":"NE"}},{"type":"Feature","geometry":{"type":"MultiPolygon","coordinates":[[[[-95.4027291998035,29.7719089962927],[-95.4022637892012,29.7718579635967],[-95.4022438749247,29.7718800558414],[-95.4021649407597,29.7718691403239],[-95.401533440191,29.7718047755255],[-95.4015241761116,29.7708433640666],[-95.4022275295018,29.7709214811254],[-95.4022321299387,29.7701138753892],[-95.4022321543662,29.7701096335605],[-95.4019005412058,29.7700742219703],[-95.4019053868209,29.7694326987347],[-95.4008936051579,29.7694353435499],[-95.4008858627385,29.7691893385499],[-95.4001839800237,29.7691969085005],[-95.4000694772216,29.7691644799963],[-95.4000390978558,29.7690901199114],[-95.3996376859694,29.769095189226],[-95.3996319439535,29.76876730179],[-95.3998818973347,29.7687604672504],[-95.3998748888226,29.7685071648549],[-95.3999562875919,29.7685064477752],[-95.4003037583336,29.7685040032071],[-95.400305205669,29.7685259649196],[-95.4004748455358,29.7685208858087],[-95.4004878759839,29.768844848301],[-95.4008018994783,29.7688384385737],[-95.4008783220875,29.7688288612921],[-95.401258453281,29.7688196630453],[-95.4012515987414,29.7685097891252],[-95.4018715955393,29.7685044046971],[-95.4018624411549,29.7683444391939],[-95.401854922801,29.768199336528],[-95.4018549239517,29.7681595618867],[-95.4019341979114,29.768153811117],[-95.4020828132734,29.7681512597894],[-95.4020824049392,29.7681333870529],[-95.4021123443425,29.7681328739105],[-95.4021120959913,29.7681218755906],[-95.402145185669,29.7681213080122],[-95.4021439448659,29.7680663182435],[-95.4022116978358,29.7680651540022],[-95.4022104247654,29.7679985822809],[-95.4027842903286,29.7679876630487],[-95.4027885201875,29.7681236038566],[-95.4036769835334,29.7680975560707],[-95.4036764837158,29.7679518033536],[-95.4048229838517,29.7679414528268],[-95.4060986424403,29.7679393197619],[-95.4061272259762,29.7705054443413],[-95.4061502750147,29.7712949433521],[-95.4061475875117,29.771302592591],[-95.406114380427,29.7713277833678],[-95.4045735890093,29.7711769770437],[-95.4045897183525,29.7716241537952],[-95.4045988148792,29.7716831570979],[-95.4049313551152,29.7717240495712],[-95.4049158834757,29.7718913243886],[-95.4052407286443,29.7719312784869],[-95.4052040533171,29.7721822446839],[-95.4046373083786,29.7721205965715],[-95.4027291998035,29.7719089962927]]],[[[-95.4022669942811,29.774574287108],[-95.4022677592175,29.7742408478669],[-95.4022562350359,29.7735039663403],[-95.4022544150337,29.773023783302],[-95.4041190116944,29.772984313143],[-95.4040505387689,29.7722287370751],[-95.4042295251,29.772246000852],[-95.405996573276,29.7724453450043],[-95.4060424841352,29.7724505235623],[-95.4061808309131,29.7724661297711],[-95.4061907963219,29.7726853259844],[-95.4062019570511,29.7729308269022],[-95.4062036337689,29.7730312407397],[-95.406203641229,29.7731530126526],[-95.4062036578782,29.7734465753054],[-95.4062227850049,29.7745363257337],[-95.4061565503515,29.7745289901109],[-95.4026812808239,29.7745827833519],[-95.4026794713022,29.7744758766703],[-95.4026322216533,29.7744760417733],[-95.4026330419989,29.7745255365124],[-95.4025889159893,29.7745261140148],[-95.4025891250927,29.7745701150355],[-95.4022669942811,29.774574287108]]]]},"properties":{"Poly_ID":"NE1WE_12","SERVICE_DA":"1st Wednesday","Service_WK":"1st","Day":"Wednesday","QUAD":"NE"}},{"type":"Feature","geometry":{"type":"Polygon","coordinates":[[[-95.4062227850049,29.7745363257337],[-95.4062492715943,29.7757219174637],[-95.4063028844658,29.7756304142616],[-95.4068599735577,29.7756222662237],[-95.4068545074812,29.7752741881483],[-95.4069284233222,29.7752715338733],[-95.4069386463393,29.7752519658223],[-95.4095517912492,29.7752044369816],[-95.4095493424345,29.7755704848018],[-95.4084539351717,29.7755976555666],[-95.4084707714858,29.7763262654479],[-95.4084708089277,29.7770752248158],[-95.4079842190815,29.777056946768],[-95.4073674672204,29.7770075168603],[-95.4062691257458,29.7768188690641],[-95.4058994231943,29.776751057796],[-95.4054334241141,29.7766986814896],[-95.404980339103,29.7766103605716],[-95.4043877361954,29.7765144876058],[-95.4038723327789,29.7765112305736],[-95.4027442184482,29.776305586301],[-95.4020231809777,29.7762296918373],[-95.4010380814895,29.7761498410208],[-95.401031002395,29.7752336590508],[-95.4022667814835,29.7752260904088],[-95.4022667449126,29.7746832308859],[-95.4022669942811,29.774574287108],[-95.4025891250927,29.7745701150355],[-95.4025889159893,29.7745261140148],[-95.4026330419989,29.7745255365124],[-95.4026322216533,29.7744760417733],[-95.4026794713022,29.7744758766703],[-95.4026812808239,29.7745827833519],[-95.4061565503515,29.7745289901109],[-95.4062227850049,29.7745363257337]]]},"properties":{"Poly_ID":"NE1WE_12","SERVICE_DA":"1st Wednesday","Service_WK":"1st","Day":"Wednesday","QUAD":"NE"}},{"type":"Feature","geometry":{"type":"Polygon","coordinates":[[[-95.4125568811024,29.7736486906361],[-95.4125511385505,29.7732615325727],[-95.4154427664803,29.7740606164154],[-95.4163355453846,29.7743062023507],[-95.4179825790492,29.7747590197174],[-95.417982537072,29.7747577991134],[-95.4179835032825,29.7747588061206],[-95.418010837143,29.7754614022188],[-95.4180624424248,29.7762024444797],[-95.418085781389,29.7769338192038],[-95.4158738262996,29.7769597579219],[-95.41584711187,29.7762254848754],[-95.4135811267795,29.7762503628342],[-95.4135583203429,29.7755311601943],[-95.4126047960942,29.775535037907],[-95.4126200935482,29.7770187406069],[-95.4116679768874,29.777031762883],[-95.4107136494904,29.7770517860619],[-95.4096035031814,29.7770655195263],[-95.4095825277081,29.7767672635992],[-95.4095506342587,29.7763137521971],[-95.4095493424345,29.7755704848018],[-95.4095541369322,29.7748536926531],[-95.4095588176709,29.7741246988523],[-95.4095294413461,29.7734070992374],[-95.4095263974342,29.7730660844614],[-95.4106509066477,29.7732726978858],[-95.4125568811024,29.7736486906361]]]},"properties":{"Poly_ID":"NE1WE_13","SERVICE_DA":"1st Wednesday","Service_WK":"1st","Day":"Wednesday","QUAD":"NE"}},{"type":"Feature","geometry":{"type":"MultiPolygon","coordinates":[[[[-95.4095207045621,29.7726949195452],[-95.409500234416,29.7719441600289],[-95.4106194250549,29.7719276282899],[-95.4106270493053,29.7722826855572],[-95.411584449482,29.7722689585021],[-95.4115898811825,29.7726340548642],[-95.41254361486,29.7726340504434],[-95.4125055386773,29.7711728665444],[-95.4143594137245,29.771169220277],[-95.4143814094382,29.770482650497],[-95.4143822251172,29.7704824042336],[-95.4149544744758,29.770507296869],[-95.4163879229201,29.77060069599],[-95.4163529628648,29.7718128387178],[-95.4163468699648,29.7718875733764],[-95.4163487306909,29.7719454867687],[-95.4163503508878,29.7719959342081],[-95.4167412759866,29.7720028526672],[-95.4167419384642,29.7721463623153],[-95.4163551274083,29.7721450167398],[-95.4163685915255,29.7725638030903],[-95.4160068790511,29.772569281091],[-95.416012874252,29.7728731505408],[-95.4157289658805,29.7728796795296],[-95.41570065356,29.7728601200466],[-95.4155800182678,29.7728427579626],[-95.4154453597294,29.772823376949],[-95.4154427664803,29.7740606164154],[-95.4125511385505,29.7732615325727],[-95.4106363359218,29.7728953414651],[-95.4101080518024,29.7728003177863],[-95.4095207045621,29.7726949195452]]],[[[-95.4114829690158,29.767858108185],[-95.4133905971967,29.7678446548367],[-95.4133906016735,29.7689509071706],[-95.4134134123311,29.7690633907971],[-95.4134209748094,29.7704329116735],[-95.4124880539136,29.7704322161429],[-95.4115482460741,29.7704751382103],[-95.410590460192,29.77046713908],[-95.4105829510722,29.7682547782125],[-95.4114908613829,29.7682376474962],[-95.4114829690158,29.767858108185]]]]},"properties":{"Poly_ID":"NE1WE_13","SERVICE_DA":"1st Wednesday","Service_WK":"1st","Day":"Wednesday","QUAD":"NE"}},{"type":"Feature","geometry":{"type":"Polygon","coordinates":[[[-95.4162167917454,29.7614872764614],[-95.4169430238392,29.7614161333312],[-95.4175698985567,29.7613825820988],[-95.4183861775002,29.7613742135259],[-95.4183889549107,29.7615382865745],[-95.4183983658171,29.7628632683967],[-95.4184046614552,29.7634711314721],[-95.4184208689616,29.7643815608798],[-95.4184374656254,29.7658886445432],[-95.4184398658313,29.7661160329493],[-95.4182081248476,29.7661222278782],[-95.4182106206237,29.76624337382],[-95.4180324558511,29.7662450673332],[-95.4180300344219,29.7661075799245],[-95.4174128572746,29.7661334102304],[-95.4174172389286,29.7662846108383],[-95.4163278551824,29.7663091754116],[-95.4163278522942,29.7659335557474],[-95.4160815133754,29.7659423398702],[-95.4160779590931,29.7657465051747],[-95.4160607532317,29.7657469034278],[-95.4160480093527,29.7655147727396],[-95.4157298179391,29.7655120428558],[-95.415597857519,29.7655252375436],[-95.4155977291525,29.7655305687968],[-95.4155026665365,29.765533632358],[-95.4154862527995,29.7647017917178],[-95.415719725891,29.7646908268267],[-95.4156416757825,29.763779692827],[-95.4162697637881,29.7637563869695],[-95.4162643855279,29.7634711116911],[-95.416261772079,29.7627479061271],[-95.4162210576686,29.7620578378808],[-95.4162167917454,29.7614872764614]]]},"properties":{"Poly_ID":"NE1WE_13","SERVICE_DA":"1st Wednesday","Service_WK":"1st","Day":"Wednesday","QUAD":"NE"}},{"type":"Feature","geometry":{"type":"Polygon","coordinates":[[[-95.4133905982387,29.7679380470791],[-95.4136845606849,29.7679365016139],[-95.4136803140294,29.767655464839],[-95.414189171361,29.7676611603895],[-95.4141893143295,29.7676478816604],[-95.4143216286158,29.7676468673393],[-95.4143153067455,29.7681997542729],[-95.4141242006056,29.7682076216905],[-95.4141503398952,29.7687737570703],[-95.4142526085194,29.768770344711],[-95.414370440663,29.7687664126541],[-95.4143706019333,29.7687758641434],[-95.4148034508092,29.7687831196115],[-95.4148076466646,29.768646877907],[-95.4148123079537,29.7680704560011],[-95.4148167630739,29.7678477424525],[-95.4152473630316,29.7678496649286],[-95.4152445046702,29.7676159961034],[-95.4157758377765,29.7676037860832],[-95.4157795420268,29.7676652258948],[-95.4159413076205,29.7676661251099],[-95.4159481439839,29.7681888468928],[-95.4162518396113,29.7681744026295],[-95.4163506698294,29.7681917705942],[-95.4163431654663,29.7683537740198],[-95.4163584470682,29.7689431802146],[-95.4166372835419,29.7689403761077],[-95.4166394357796,29.7685439612856],[-95.4174150915735,29.7685445582719],[-95.417417726254,29.7689325248937],[-95.4176782132808,29.7689299032506],[-95.4184698710696,29.7689224323724],[-95.4184893830774,29.7707621471332],[-95.4178014643613,29.7706962880354],[-95.4174417857339,29.7706578703355],[-95.416703976537,29.7706205523257],[-95.4163879229201,29.77060069599],[-95.4149544744758,29.770507296869],[-95.4143822251172,29.7704824042336],[-95.4143814094382,29.770482650497],[-95.4143814159178,29.7704824367416],[-95.4134209748094,29.7704329116735],[-95.4134134123311,29.7690633907971],[-95.4133906016735,29.7689509071706],[-95.4133905982387,29.7679380470791]]]},"properties":{"Poly_ID":"NE1WE_13","SERVICE_DA":"1st Wednesday","Service_WK":"1st","Day":"Wednesday","QUAD":"NE"}},{"type":"Feature","geometry":{"type":"Polygon","coordinates":[[[-95.4136803937598,29.7676607303494],[-95.4136722138922,29.7676554980955],[-95.4136785441535,29.7675363655065],[-95.413713579187,29.7673912644992],[-95.4137070403627,29.7670757228559],[-95.413834987575,29.7670737165869],[-95.4138338466161,29.7668039747413],[-95.4138523988231,29.7666737659653],[-95.4138446773534,29.766343590384],[-95.413747389176,29.7663461625958],[-95.4137439224269,29.766209350152],[-95.4136030319059,29.766213106767],[-95.4135945732396,29.765806463746],[-95.4137515022019,29.7658042177613],[-95.4137465996231,29.7655430117424],[-95.4155026665365,29.765533632358],[-95.4155977291525,29.7655305687968],[-95.415597857519,29.7655252375436],[-95.4157298179391,29.7655120428558],[-95.4160480093527,29.7655147727396],[-95.4160607532317,29.7657469034278],[-95.4160779590931,29.7657465051747],[-95.4160815133754,29.7659423398702],[-95.4163278522942,29.7659335557474],[-95.4163278551824,29.7663091754116],[-95.4174172389286,29.7662846108383],[-95.4174128572746,29.7661334102304],[-95.4180300344219,29.7661075799245],[-95.4180324558511,29.7662450673332],[-95.4182106206237,29.76624337382],[-95.4182081248476,29.7661222278782],[-95.4184398658313,29.7661160329493],[-95.4184533844491,29.7673964830078],[-95.4184698699748,29.7689223456885],[-95.4184698710696,29.7689224323724],[-95.4176782132808,29.7689299032506],[-95.417417726254,29.7689325248937],[-95.4174150915735,29.7685445582719],[-95.4166394357796,29.7685439612856],[-95.4166372835419,29.7689403761077],[-95.4163584470682,29.7689431802146],[-95.4163431654663,29.7683537740198],[-95.4163506698294,29.7681917705942],[-95.4162518396113,29.7681744026295],[-95.4159481439839,29.7681888468928],[-95.4159413076205,29.7676661251099],[-95.4157795420268,29.7676652258948],[-95.4157758377765,29.7676037860832],[-95.4152445046702,29.7676159961034],[-95.4152473630316,29.7678496649286],[-95.4148167630739,29.7678477424525],[-95.4148123079537,29.7680704560011],[-95.4148109160727,29.7681793483166],[-95.4143153067455,29.7681997542729],[-95.4143216286158,29.7676468673393],[-95.4141893143295,29.7676478816604],[-95.414189171361,29.7676611603895],[-95.4136803140294,29.767655464839],[-95.4136803937598,29.7676607303494]]]},"properties":{"Poly_ID":"NE1WE_13","SERVICE_DA":"1st Wednesday","Service_WK":"1st","Day":"Wednesday","QUAD":"NE"}},{"type":"Feature","geometry":{"type":"Polygon","coordinates":[[[-95.4236822743534,29.7709039625369],[-95.4235868338206,29.7708637334329],[-95.4234492361743,29.7708657750063],[-95.4232728100704,29.7705163555969],[-95.4229653364112,29.7700977646853],[-95.4227254289048,29.7697601824626],[-95.4224826474428,29.769424791376],[-95.4223214703868,29.7692022670037],[-95.4221184034657,29.768865109203],[-95.4220406758834,29.7686696236042],[-95.4219082655898,29.7683366112134],[-95.4218286449482,29.768136362148],[-95.4215310998271,29.7613940761998],[-95.4214808714427,29.7613267183219],[-95.4214306706341,29.7612699005466],[-95.4214099514245,29.7609179439978],[-95.4214011954482,29.7607692136276],[-95.4213926412899,29.760623902478],[-95.4213729270159,29.7602890166087],[-95.4213610087162,29.7600865515903],[-95.4213986659975,29.7599175098629],[-95.4216212851907,29.7598883788778],[-95.4219460090018,29.7598254652824],[-95.4225897427985,29.7597050029431],[-95.4229930321674,29.759628832017],[-95.4235584469134,29.759515463353],[-95.4247378181514,29.7594057767881],[-95.4247310290385,29.7592399622975],[-95.4254719378951,29.7592173352109],[-95.4269196032204,29.7592120202908],[-95.4272097971233,29.7592105123371],[-95.4272338208161,29.7607347471173],[-95.4272024864387,29.760860879683],[-95.4272681759708,29.7609296097954],[-95.4273070612474,29.7612187390002],[-95.4272939384297,29.7617579866837],[-95.4271602446161,29.7621997140324],[-95.4271176212152,29.7622788648719],[-95.4270203441615,29.7622656540975],[-95.4269515989331,29.7622512687604],[-95.42693320724,29.7622634777675],[-95.4266592060423,29.7622254332671],[-95.4264590278215,29.7622108382864],[-95.4262878632628,29.762206682397],[-95.4263212929075,29.7618648936107],[-95.42630511477,29.7618447184246],[-95.4261772073739,29.7616914730845],[-95.425876990636,29.7615238262071],[-95.4257399784374,29.7612813756911],[-95.4257147752934,29.7612651813996],[-95.4253102435847,29.7610047633202],[-95.425278502079,29.7609668752647],[-95.4250826371171,29.7607330692448],[-95.4248753276435,29.760479316718],[-95.4247531916565,29.7602705174877],[-95.4247534644962,29.7602376131197],[-95.4246962848562,29.7602366317606],[-95.4240270183525,29.7607296150163],[-95.4238740216742,29.7607487463596],[-95.4237578891731,29.7607595451131],[-95.4234808832677,29.7606039794296],[-95.4229156799239,29.7616065188481],[-95.4236374842442,29.7619870327473],[-95.4241908234991,29.762557217741],[-95.4246088789411,29.7629651114878],[-95.4250560194118,29.7632163706676],[-95.4258003266293,29.7635408546048],[-95.4273187008898,29.7635116111147],[-95.4273322907983,29.7672147169111],[-95.4273467462725,29.768777396902],[-95.4273602361074,29.769793474899],[-95.4273540564128,29.7697954196446],[-95.4266141942267,29.7700165347397],[-95.4266145865931,29.7700177682937],[-95.4266122442675,29.7700171750768],[-95.4254677589639,29.7703642284313],[-95.4246285800908,29.7706077781831],[-95.4241033696607,29.7707610989857],[-95.4239785413377,29.7708079211424],[-95.4237305579036,29.7709474662416],[-95.4236822743534,29.7709039625369]]]},"properties":{"Poly_ID":"NE1WE_14","SERVICE_DA":"1st Wednesday","Service_WK":"1st","Day":"Wednesday","QUAD":"NE"}},{"type":"Feature","geometry":{"type":"Polygon","coordinates":[[[-95.4246285800908,29.7706077781831],[-95.4254677589639,29.7703642284313],[-95.4266122442675,29.7700171750768],[-95.4266145865931,29.7700177682937],[-95.4266545627714,29.7701436121504],[-95.4266700381644,29.7701529944355],[-95.4277576271796,29.7708243936846],[-95.4291612033903,29.771663235178],[-95.4299790966703,29.7721590540472],[-95.4289664733242,29.773420109895],[-95.4302062352699,29.7741681827559],[-95.4303308774201,29.7743202935997],[-95.4296888701824,29.7751348548315],[-95.4285056221478,29.7744151023051],[-95.4283215260941,29.7746454408175],[-95.4280312642836,29.7745374944075],[-95.4281305257445,29.7744573860586],[-95.4282869685179,29.7742673659821],[-95.4275369106503,29.7736418675364],[-95.427396711521,29.7738071413096],[-95.427153925244,29.7735419550487],[-95.4265970090793,29.7728551730658],[-95.4263147289878,29.7725539859135],[-95.4255136046069,29.7716440106513],[-95.425429634097,29.7715753448442],[-95.4251015587555,29.771192040471],[-95.4249794540268,29.7710126714834],[-95.4247996965878,29.7708418821037],[-95.4247365995679,29.7707749732131],[-95.4246863636753,29.770708671893],[-95.4246285800908,29.7706077781831]]]},"properties":{"Poly_ID":"NE1WE_14","SERVICE_DA":"1st Wednesday","Service_WK":"1st","Day":"Wednesday","QUAD":"NE"}},{"type":"Feature","geometry":{"type":"Polygon","coordinates":[[[-95.4248804700067,29.7732327867054],[-95.424704985477,29.7731736798619],[-95.4243195577034,29.7731805091046],[-95.4243288231447,29.7735596482601],[-95.4221301449406,29.7735852851545],[-95.4221144892387,29.772484559298],[-95.4219963615003,29.772487136396],[-95.4219900545813,29.7718373534966],[-95.4220178259338,29.77179266363],[-95.4220678812233,29.7717758296773],[-95.4221293763431,29.7717297745072],[-95.4221562744942,29.7716680318832],[-95.4221567267477,29.7710603764332],[-95.4221570932246,29.7710553855291],[-95.4229562518736,29.7711040009062],[-95.4232842028438,29.7710899045101],[-95.4233259985273,29.7711960353403],[-95.4233546777019,29.7712294433341],[-95.4233659754965,29.7712462191451],[-95.4234086787668,29.7713102131428],[-95.4234328693248,29.7713842623302],[-95.4234660140918,29.7714886656253],[-95.4235485325231,29.7716398982363],[-95.4236365323607,29.7718023859884],[-95.4238307751156,29.7720151882687],[-95.4239928064291,29.772192700902],[-95.4241936627129,29.7724127468222],[-95.4246734480244,29.7721014376862],[-95.4245810897421,29.7719906221653],[-95.4244924341332,29.7718842498182],[-95.424365398477,29.7717318273566],[-95.4242756595541,29.7716415536014],[-95.4241978147144,29.7715632449518],[-95.4239394833201,29.771385987205],[-95.4239221144971,29.7713740690828],[-95.423866419049,29.7713193634549],[-95.423829450087,29.7712621995431],[-95.4237980239407,29.7711594678762],[-95.4237738962583,29.7710788978778],[-95.4237612363455,29.7710242159342],[-95.4237522263483,29.7709853014114],[-95.4237305579036,29.7709474662416],[-95.4239785413377,29.7708079211424],[-95.4241033696607,29.7707610989857],[-95.4246285800908,29.7706077781831],[-95.4246863636753,29.770708671893],[-95.4247365995679,29.7707749732131],[-95.4247996965878,29.7708418821037],[-95.4249794540268,29.7710126714834],[-95.4251015587555,29.771192040471],[-95.425429634097,29.7715753448442],[-95.4255136046069,29.7716440106513],[-95.4263147289878,29.7725539859135],[-95.4265970090793,29.7728551730658],[-95.427153925244,29.7735419550487],[-95.427396711521,29.7738071413096],[-95.4275369106503,29.7736418675364],[-95.4282869685179,29.7742673659821],[-95.4281305257445,29.7744573860586],[-95.4280312642836,29.7745374944075],[-95.4283215260941,29.7746454408175],[-95.4285056221478,29.7744151023051],[-95.4296888701824,29.7751348548315],[-95.4286901152908,29.7764020132947],[-95.4282439472174,29.7758895087883],[-95.4274188816446,29.7749417549206],[-95.426542053946,29.7739513270119],[-95.4259044944438,29.774395285826],[-95.4254360418085,29.7738536837124],[-95.4248804700067,29.7732327867054]]]},"properties":{"Poly_ID":"NE1WE_14","SERVICE_DA":"1st Wednesday","Service_WK":"1st","Day":"Wednesday","QUAD":"NE"}},{"type":"Feature","geometry":{"type":"Polygon","coordinates":[[[-95.4249864170594,29.7769171209637],[-95.4249765226443,29.7766751952738],[-95.4249107953668,29.7766756913476],[-95.4248879703821,29.7767137835509],[-95.424842126645,29.7767423317828],[-95.4248234815401,29.7767426783715],[-95.4239113710613,29.7767596430026],[-95.4238271684545,29.7767533983223],[-95.4236147921409,29.7767374950333],[-95.4234460320305,29.7766962382613],[-95.4233356942451,29.7766535734405],[-95.4230997957461,29.7765614762521],[-95.4224801829408,29.7763195712015],[-95.421897307702,29.7760920050693],[-95.4220803225596,29.7761052641859],[-95.4221764067138,29.7761040851502],[-95.4221500703368,29.7747262068346],[-95.4223048411913,29.7747238576621],[-95.4222983703697,29.7743380880126],[-95.4219705771446,29.774337503062],[-95.4218934306762,29.7743490544021],[-95.4218857915197,29.773592241457],[-95.4221301449406,29.7735852851545],[-95.4243288231447,29.7735596482601],[-95.4243195577034,29.7731805091046],[-95.424704985477,29.7731736798619],[-95.4248804700067,29.7732327867054],[-95.4248773609397,29.7739387521043],[-95.4248903380714,29.7744513096718],[-95.4255572218813,29.7752058074996],[-95.4261194838292,29.7758512265203],[-95.426170348632,29.7759384790262],[-95.4261755172496,29.7763022129293],[-95.4267341921122,29.776299960356],[-95.4267347417924,29.7766828317138],[-95.426422949041,29.7766734828598],[-95.4264196270063,29.7768302241005],[-95.426215056097,29.7768521184718],[-95.4260703597575,29.7768912458287],[-95.4249864170594,29.7769171209637]]]},"properties":{"Poly_ID":"NE1WE_14","SERVICE_DA":"1st Wednesday","Service_WK":"1st","Day":"Wednesday","QUAD":"NE"}},{"type":"Feature","geometry":{"type":"Polygon","coordinates":[[[-95.4204644916459,29.7709212941989],[-95.4211571254393,29.7709670271082],[-95.4218742781086,29.7710624178332],[-95.4218897627296,29.7710471964507],[-95.4221570932246,29.7710553855291],[-95.4221567267477,29.7710603764332],[-95.4221562744942,29.7716680318832],[-95.4221293763431,29.7717297745072],[-95.4220678812233,29.7717758296773],[-95.4219872729046,29.7717110714432],[-95.421173016839,29.7717138955281],[-95.4211807680933,29.7720824203785],[-95.4215804490566,29.7720772057527],[-95.4215817167161,29.7721872032768],[-95.422008126184,29.7721821414268],[-95.4219963615003,29.772487136396],[-95.4221144892387,29.772484559298],[-95.4221301449406,29.7735852851545],[-95.4218857915197,29.773592241457],[-95.4218934306762,29.7743490544021],[-95.4219705771446,29.774337503062],[-95.4222983703697,29.7743380880126],[-95.4223048411913,29.7747238576621],[-95.4221500703368,29.7747262068346],[-95.4221764067138,29.7761040851502],[-95.4220803225596,29.7761052641859],[-95.421897307702,29.7760920050693],[-95.4216908151583,29.7760180330335],[-95.4204892287783,29.7755865528032],[-95.4202133647616,29.7754876510814],[-95.4199744479417,29.7754077950927],[-95.4197754993355,29.7753412978091],[-95.4197220928205,29.7715307900454],[-95.4197505873128,29.771529488747],[-95.4197500334956,29.771399417174],[-95.4197219757338,29.7713994194888],[-95.4197190753956,29.7712452945389],[-95.4202036033378,29.7712839920004],[-95.420203592469,29.7709040664815],[-95.4204644916459,29.7709212941989]]]},"properties":{"Poly_ID":"NE1WE_14","SERVICE_DA":"1st Wednesday","Service_WK":"1st","Day":"Wednesday","QUAD":"NE"}},{"type":"Feature","geometry":{"type":"MultiPolygon","coordinates":[[[[-95.4174706433801,29.7714122121546],[-95.417441787495,29.7710069793581],[-95.4174417857339,29.7706578703355],[-95.4178014643613,29.7706962880354],[-95.4184789650604,29.7707611501939],[-95.4184868233511,29.7707706042736],[-95.4193262602337,29.7708333196547],[-95.420203592469,29.7709040664815],[-95.4202036033378,29.7712839920004],[-95.4197190753956,29.7712452945389],[-95.4197219757338,29.7713994194888],[-95.4197500334956,29.771399417174],[-95.4197505873128,29.771529488747],[-95.4197220928205,29.7715307900454],[-95.4197754993355,29.7753412978091],[-95.4193796912495,29.7752089999332],[-95.4188818523574,29.7750377456762],[-95.4186784127855,29.7749677634355],[-95.4185413120097,29.7749209546943],[-95.4184373574945,29.774890736871],[-95.4183572041785,29.7748674366156],[-95.4182031085387,29.7748226429765],[-95.4179835032825,29.7747588061206],[-95.417982537072,29.7747577991134],[-95.4179242234426,29.7730726300798],[-95.4178171276631,29.7724998375554],[-95.4176723967371,29.7721229983842],[-95.4175979345053,29.7719173135997],[-95.4174706433801,29.7714122121546]]],[[[-95.4205678695501,29.7706005125748],[-95.4205641113043,29.7703881870092],[-95.4205575837057,29.7703882473451],[-95.4205568976343,29.7702576107786],[-95.4206104813141,29.7702571184521],[-95.4205980912065,29.7694380478495],[-95.4206134104353,29.7694380047996],[-95.4206107403469,29.7693037578545],[-95.4205962320982,29.7693038063174],[-95.4205911412143,29.7689005765601],[-95.4217675152096,29.76888039451],[-95.4218362112614,29.7702323521359],[-95.4218775969684,29.7710468237823],[-95.4218897627296,29.7710471964507],[-95.4218742781086,29.7710624178332],[-95.4211571254393,29.7709670271082],[-95.4204644916459,29.7709212941989],[-95.4204579218856,29.7706019942959],[-95.4205678695501,29.7706005125748]]],[[[-95.4181583255822,29.7754570957669],[-95.4186319333742,29.7754453732454],[-95.4186920961225,29.7754501908037],[-95.4188455245767,29.7754624777997],[-95.4190743686347,29.7755083643994],[-95.4199626255999,29.7758226101269],[-95.4207878584256,29.7760837733249],[-95.4211704437584,29.7762109170863],[-95.4219429580036,29.7765097815065],[-95.4219659988948,29.7765689145502],[-95.4219429805345,29.7768283281708],[-95.4219279050498,29.7768643945429],[-95.4218895591576,29.7768874200693],[-95.4214380435519,29.7768916853099],[-95.4188843877789,29.7769124504065],[-95.418085781389,29.7769338192038],[-95.4180624424248,29.7762024444797],[-95.418010837143,29.7754614022188],[-95.4181583255822,29.7754570957669]]]]},"properties":{"Poly_ID":"NE1WE_14","SERVICE_DA":"1st Wednesday","Service_WK":"1st","Day":"Wednesday","QUAD":"NE"}},{"type":"Feature","geometry":{"type":"Polygon","coordinates":[[[-95.4184533844491,29.7673964830078],[-95.4186978690819,29.7673952515431],[-95.4186944195958,29.7672000301271],[-95.41884200347,29.7671991468386],[-95.4188410449067,29.7671304103654],[-95.4192763808806,29.7671237891984],[-95.4192775136507,29.7671989183909],[-95.4196951759714,29.7671925818324],[-95.4196667239048,29.7658736674591],[-95.4201348965505,29.7658685501254],[-95.4204101378288,29.765866703871],[-95.4204023473116,29.7655354757226],[-95.4205599230774,29.7655292791209],[-95.420560045323,29.7655636518059],[-95.4207160845386,29.7655684588391],[-95.4207222970075,29.7658646083134],[-95.4209894385779,29.7658628153207],[-95.4217289010752,29.7658762868747],[-95.4218286449482,29.768136362148],[-95.4217716756737,29.7683585073448],[-95.4217675152096,29.76888039451],[-95.4205911412143,29.7689005765601],[-95.4205962320982,29.7693038063174],[-95.4206107403469,29.7693037578545],[-95.4206134104353,29.7694380047996],[-95.4205980912065,29.7694380478495],[-95.4206104813141,29.7702571184521],[-95.4205568976343,29.7702576107786],[-95.4205575837057,29.7703882473451],[-95.4205641113043,29.7703881870092],[-95.4205678695501,29.7706005125748],[-95.4204579218856,29.7706019942959],[-95.4204644916459,29.7709212941989],[-95.420203592469,29.7709040664815],[-95.4193262602337,29.7708333196547],[-95.4184868233511,29.7707706042736],[-95.4184789650604,29.7707611501939],[-95.4184893830774,29.7707621471332],[-95.4184698699748,29.7689223456885],[-95.4184533844491,29.7673964830078]]]},"properties":{"Poly_ID":"NE1WE_14","SERVICE_DA":"1st Wednesday","Service_WK":"1st","Day":"Wednesday","QUAD":"NE"}},{"type":"Feature","geometry":{"type":"Polygon","coordinates":[[[-95.3826027927575,29.7806698109857],[-95.3830768184009,29.7806888942227],[-95.3842251267574,29.7807361259822],[-95.385392506021,29.7807865503345],[-95.3854088355548,29.7800506829789],[-95.3854288004729,29.7794641689052],[-95.3857166358599,29.7793873759702],[-95.3863046910087,29.7794151474987],[-95.3863743966141,29.7794169520707],[-95.3866173639369,29.7790832543092],[-95.3868862485086,29.7791945519591],[-95.387050574138,29.779241325623],[-95.3870356785143,29.7794391187731],[-95.3870613240625,29.7798104773792],[-95.3870821449431,29.7799433610126],[-95.3871139306639,29.7801222047502],[-95.3874561140163,29.7809794822351],[-95.3875917760334,29.7812561059393],[-95.3876847045616,29.7816321345586],[-95.3876987321421,29.7825450615085],[-95.3877193384562,29.7834658074083],[-95.3877311953435,29.784378419903],[-95.38774816522,29.7852532033459],[-95.3877652257174,29.7860566340755],[-95.3877635282879,29.78663592619],[-95.3877782108094,29.7869971304105],[-95.3843307326485,29.7870300447705],[-95.3842842793682,29.7859568060023],[-95.3843086560228,29.7852441157959],[-95.3842740483111,29.7844407618479],[-95.3842386287048,29.7825846681274],[-95.3838418723828,29.7826362038374],[-95.3838256324223,29.7825559544987],[-95.3837999492007,29.782511774203],[-95.383751242672,29.7824546550289],[-95.3836730050156,29.782410778953],[-95.3836187056228,29.7823935525113],[-95.3835782565185,29.7824234005657],[-95.383518480027,29.7824158345713],[-95.3835185330441,29.782389156152],[-95.3834586388433,29.7823665847847],[-95.3834377312901,29.7823350107144],[-95.3833718002855,29.7822974114425],[-95.3832975536234,29.7822600535081],[-95.3832129115567,29.7821914493298],[-95.3831947217519,29.782169874182],[-95.3831888688907,29.7821528103601],[-95.3830517297361,29.7821188180541],[-95.3829996765585,29.7820794610333],[-95.3829798563465,29.7820644122993],[-95.3829720885898,29.78205906564],[-95.3829599105131,29.7820358374554],[-95.3829612846175,29.7820030448751],[-95.382954051749,29.7819796405379],[-95.382936305459,29.7819714420725],[-95.3827923814159,29.7819474050328],[-95.3827307896153,29.7819177720524],[-95.3826968451404,29.7819153195781],[-95.3826516056469,29.7818997535257],[-95.3826521212845,29.7818852156947],[-95.3826248039016,29.7818781417331],[-95.3825856679492,29.7818924658225],[-95.3825599399789,29.7819062798264],[-95.3825211880122,29.7819086982741],[-95.3824932827339,29.7818981277686],[-95.3824683793142,29.7818707540648],[-95.3824747007437,29.7818355125151],[-95.3824873122257,29.7818064055063],[-95.3824985644891,29.7817891877262],[-95.3824639850919,29.7817430239916],[-95.382393936314,29.7816586655054],[-95.3823670161106,29.7816402214968],[-95.3823796032838,29.7816127043236],[-95.3824388138171,29.7815794996533],[-95.382450079829,29.7815546881856],[-95.3824526191415,29.7815391100515],[-95.3824453452859,29.7815006455289],[-95.3824351114935,29.7814706556018],[-95.382444260262,29.781435986827],[-95.3824546154489,29.7814039466594],[-95.3824376270851,29.7813692791761],[-95.3824265331148,29.7813598060141],[-95.3823905574181,29.7813110915609],[-95.3823805959372,29.7812880116041],[-95.3823602374416,29.781265974302],[-95.3823567814038,29.781246660715],[-95.3823311435109,29.7811996541934],[-95.3822909719438,29.7811623461741],[-95.3822358309835,29.7811315303753],[-95.3825899189082,29.7811304465298],[-95.3826027927575,29.7806698109857]]]},"properties":{"Poly_ID":"NE3WE_01","SERVICE_DA":"3rd Wednesday","Service_WK":"3rd","Day":"Wednesday","QUAD":"NE"}},{"type":"Feature","geometry":{"type":"Polygon","coordinates":[[[-95.3776814172633,29.7812361731649],[-95.3785860475157,29.7808767027845],[-95.3795271194901,29.7804707950959],[-95.3796609597204,29.7803672857083],[-95.3797726028148,29.7802513689193],[-95.3800172914549,29.7799071670456],[-95.3801750042508,29.7797663659148],[-95.3803691181491,29.7796517111496],[-95.3806361214696,29.7795746010705],[-95.3806514372449,29.7796874282229],[-95.3806679976874,29.7798094157663],[-95.3806811310598,29.7802192544137],[-95.3806907959405,29.7805208599242],[-95.3807366588253,29.7805553117787],[-95.3808138735448,29.7805751034785],[-95.3811761588832,29.7805983466704],[-95.3820015653929,29.7806456043027],[-95.3826027927575,29.7806698109857],[-95.3825899189082,29.7811304465298],[-95.3822358309835,29.7811315303753],[-95.3822909719438,29.7811623461741],[-95.3823311435109,29.7811996541934],[-95.3823567814038,29.781246660715],[-95.3823602374416,29.781265974302],[-95.3823805959372,29.7812880116041],[-95.3823905574181,29.7813110915609],[-95.3824265331148,29.7813598060141],[-95.3824376270851,29.7813692791761],[-95.3824546154489,29.7814039466594],[-95.382444260262,29.781435986827],[-95.3824351114935,29.7814706556018],[-95.3824453452859,29.7815006455289],[-95.3824526191415,29.7815391100515],[-95.382450079829,29.7815546881856],[-95.3824388138171,29.7815794996533],[-95.3823796032838,29.7816127043236],[-95.3823670161106,29.7816402214968],[-95.382393936314,29.7816586655054],[-95.3824639850919,29.7817430239916],[-95.3824985644891,29.7817891877262],[-95.3824873122257,29.7818064055063],[-95.3824747007437,29.7818355125151],[-95.3824683793142,29.7818707540648],[-95.3824932827339,29.7818981277686],[-95.3825211880122,29.7819086982741],[-95.3825599399789,29.7819062798264],[-95.3825856679492,29.7818924658225],[-95.3826248039016,29.7818781417331],[-95.3826521212845,29.7818852156947],[-95.3826516056469,29.7818997535257],[-95.3826968451404,29.7819153195781],[-95.3827307896153,29.7819177720524],[-95.3827923814159,29.7819474050328],[-95.382936305459,29.7819714420725],[-95.382954051749,29.7819796405379],[-95.3829612846175,29.7820030448751],[-95.3829599105131,29.7820358374554],[-95.3829720885898,29.78205906564],[-95.3829798563465,29.7820644122993],[-95.3829996765585,29.7820794610333],[-95.3830517297361,29.7821188180541],[-95.3831888688907,29.7821528103601],[-95.3831947217519,29.782169874182],[-95.3832129115567,29.7821914493298],[-95.3832975536234,29.7822600535081],[-95.3833718002855,29.7822974114425],[-95.3834377312901,29.7823350107144],[-95.3834586388433,29.7823665847847],[-95.3835185330441,29.782389156152],[-95.383518480027,29.7824158345713],[-95.3835782565185,29.7824234005657],[-95.3836187056228,29.7823935525113],[-95.3836730050156,29.782410778953],[-95.383751242672,29.7824546550289],[-95.3837999492007,29.782511774203],[-95.3838256324223,29.7825559544987],[-95.3838418723828,29.7826362038374],[-95.3842386287048,29.7825846681274],[-95.3842740483111,29.7844407618479],[-95.3843086560228,29.7852441157959],[-95.3842842793682,29.7859568060023],[-95.3843307326485,29.7870300447705],[-95.3807634137117,29.7870640097354],[-95.3807136467131,29.7825623859952],[-95.3792756013624,29.7825835795775],[-95.3792717774848,29.782231670507],[-95.3792717842308,29.781947589564],[-95.3791769781844,29.7819824904522],[-95.3788617335665,29.7819833321767],[-95.3788613459987,29.7818733309242],[-95.378546103687,29.7818741746677],[-95.3785490798991,29.7814642989856],[-95.3781809131961,29.7813753531698],[-95.3776814172633,29.7812361731649]]]},"properties":{"Poly_ID":"NE3WE_01","SERVICE_DA":"3rd Wednesday","Service_WK":"3rd","Day":"Wednesday","QUAD":"NE"}},{"type":"Feature","geometry":{"type":"Polygon","coordinates":[[[-95.3753892990078,29.7819018185059],[-95.3758926299896,29.7819028323127],[-95.3763337413512,29.7818091339112],[-95.3773741537661,29.7813537775084],[-95.3776814172633,29.7812361731649],[-95.3781809131961,29.7813753531698],[-95.3785490798991,29.7814642989856],[-95.378546103687,29.7818741746677],[-95.3788613459987,29.7818733309242],[-95.3788617335665,29.7819833321767],[-95.3791769781844,29.7819824904522],[-95.3792717842308,29.781947589564],[-95.3792717774848,29.782231670507],[-95.3792756013624,29.7825835795775],[-95.3807136467131,29.7825623859952],[-95.3807634137117,29.7870640097354],[-95.3749648571515,29.787118732673],[-95.3749689146462,29.7860446652225],[-95.3749458768302,29.7853425625347],[-95.3746287627963,29.7853470467321],[-95.3746084341897,29.7846283314058],[-95.3745248956683,29.7846295045209],[-95.3745749565305,29.7841649393854],[-95.3745847777204,29.7841176087266],[-95.3745935707178,29.7840404588877],[-95.3751886727045,29.7840420789667],[-95.3751890578751,29.7840729043613],[-95.3758628353033,29.784068231923],[-95.3758928173828,29.7840679693808],[-95.3758924640474,29.7840371448548],[-95.3759377611715,29.784026482567],[-95.3763983078131,29.7840247856383],[-95.3763954743475,29.7836869557364],[-95.3763264992391,29.7836860025675],[-95.3763304308624,29.7831279297971],[-95.3763192566445,29.7830615178284],[-95.376233825038,29.783026862992],[-95.3761092884449,29.7829602807154],[-95.3760292327126,29.7829050072298],[-95.3759377555981,29.7828306188562],[-95.3759071745562,29.7826152541949],[-95.3757816758199,29.7823944144763],[-95.3757058205712,29.7822797185509],[-95.3753892990078,29.7819018185059]]]},"properties":{"Poly_ID":"NE3WE_01","SERVICE_DA":"3rd Wednesday","Service_WK":"3rd","Day":"Wednesday","QUAD":"NE"}},{"type":"Feature","geometry":{"type":"Polygon","coordinates":[[[-95.3907622201152,29.7800889743366],[-95.3907922925243,29.779915038922],[-95.3907880034386,29.7797146889293],[-95.3908195196532,29.7797149816208],[-95.3908303721947,29.7796323152279],[-95.391040529148,29.7796285823864],[-95.3910410667394,29.7792799439684],[-95.3910656530572,29.779279625747],[-95.3910650326173,29.7792383829081],[-95.3912946905992,29.7792354356811],[-95.3912934213698,29.779160091967],[-95.3912888964158,29.7788917213479],[-95.3912875345733,29.7788034960273],[-95.3915218852846,29.7787984966856],[-95.3915165069801,29.7783109912971],[-95.3912791568471,29.7783142895665],[-95.3912719897478,29.7778771393608],[-95.3917731706315,29.7778763942506],[-95.3917566706376,29.7773998680394],[-95.3917692263616,29.7771047448025],[-95.3922463602633,29.7770994195266],[-95.3928443591036,29.7771027598662],[-95.3939524868154,29.7770758327205],[-95.394643261325,29.7770670175354],[-95.3950517441642,29.7770627780792],[-95.3961571932135,29.7770611280238],[-95.3969042362469,29.7770296321323],[-95.3974432451321,29.7769577129131],[-95.3977214694254,29.7769216474804],[-95.3979836549191,29.7769014767317],[-95.3987275122496,29.7768896676983],[-95.3987376890918,29.7777777558668],[-95.3987645767864,29.779632054021],[-95.3987980787634,29.7814519427854],[-95.3984426390832,29.781456920871],[-95.3984503611331,29.781836334317],[-95.3982867611794,29.781839140202],[-95.3982842490646,29.7814593359794],[-95.3962320846086,29.7814974371898],[-95.3956529351878,29.7814964772477],[-95.395661217739,29.7818856205736],[-95.3955225744045,29.7818873891313],[-95.3955225216151,29.781496261027],[-95.3940347754736,29.7815127165975],[-95.3929361205511,29.7815489741249],[-95.3918299510348,29.7815699956583],[-95.3918134888565,29.7809537109733],[-95.3907622201152,29.7800889743366]]]},"properties":{"Poly_ID":"NE3WE_02","SERVICE_DA":"3rd Wednesday","Service_WK":"3rd","Day":"Wednesday","QUAD":"NE"}},{"type":"Feature","geometry":{"type":"Polygon","coordinates":[[[-95.3877084185,29.7829778854917],[-95.3876987321421,29.7825450615085],[-95.3876847045616,29.7816321345586],[-95.3875917638517,29.7812560992924],[-95.3874561140163,29.7809794822351],[-95.3871890390275,29.7803073695812],[-95.3874464008646,29.7802353398027],[-95.3876797196197,29.7801700380197],[-95.3875311232124,29.7797784362989],[-95.3878516659171,29.7796867166821],[-95.3877995982796,29.7795560735887],[-95.3882726054522,29.7794194921216],[-95.3883446112175,29.7795045176557],[-95.3883984684886,29.7796298162744],[-95.3884372312076,29.7797199864957],[-95.3884897451228,29.779842142821],[-95.3885142409431,29.7799174093197],[-95.38851563659,29.7799539133689],[-95.3885184183681,29.7800266350675],[-95.388549524346,29.7800132392742],[-95.388609885296,29.7801521328284],[-95.3886218130498,29.7802359075756],[-95.3888621087117,29.7802157747574],[-95.3894341148815,29.7801947627048],[-95.3907449068406,29.7801891163684],[-95.3907622201152,29.7800889743366],[-95.3918134888565,29.7809537109733],[-95.3918299510348,29.7815699956583],[-95.3929361205511,29.7815489741249],[-95.3940347754736,29.7815127165975],[-95.3955225216151,29.781496261027],[-95.3955225744045,29.7818873891313],[-95.395661217739,29.7818856205736],[-95.3956529351878,29.7814964772477],[-95.3962320846086,29.7814974371898],[-95.3982842490646,29.7814593359794],[-95.3982867611794,29.781839140202],[-95.3984503611331,29.781836334317],[-95.3984426390832,29.781456920871],[-95.3987980787634,29.7814519427854],[-95.3988488427125,29.783309585701],[-95.3988798552182,29.7851510232028],[-95.3963157945971,29.7851785268538],[-95.396309922031,29.7849412065911],[-95.3952033962613,29.7849546560083],[-95.3952096358995,29.7852072519459],[-95.3946313347168,29.7852153014074],[-95.3946196115751,29.7849779409329],[-95.3945188342166,29.784979451702],[-95.3945045664531,29.7852170653192],[-95.3929970289806,29.7852471780765],[-95.3924602019719,29.7852509815882],[-95.3924234474938,29.7833988338472],[-95.391860303147,29.7834086059662],[-95.391180190553,29.7833978059312],[-95.3911330532308,29.7833909907847],[-95.3907589230159,29.7833874812876],[-95.390758560285,29.7830714165796],[-95.3903636225896,29.783077767678],[-95.3903609992601,29.7829196618562],[-95.3902201067556,29.7829219258468],[-95.390226335216,29.7833003731718],[-95.389731678452,29.7833122029679],[-95.3897265446566,29.7829559976165],[-95.3877084185,29.7829778854917]]]},"properties":{"Poly_ID":"NE3WE_02","SERVICE_DA":"3rd Wednesday","Service_WK":"3rd","Day":"Wednesday","QUAD":"NE"}},{"type":"Feature","geometry":{"type":"Polygon","coordinates":[[[-95.3924602019719,29.7852509815882],[-95.3929970289806,29.7852471780765],[-95.3945045664531,29.7852170653192],[-95.3945188342166,29.784979451702],[-95.3946196115751,29.7849779409329],[-95.3946313347168,29.7852153014074],[-95.3952096358995,29.7852072519459],[-95.3952033962613,29.7849546560083],[-95.396309922031,29.7849412065911],[-95.3963157945971,29.7851785268538],[-95.3988798552182,29.7851510232028],[-95.398909706545,29.7869849924394],[-95.398937528793,29.7888206257073],[-95.3989645763042,29.7897629647502],[-95.3989781959138,29.790686581024],[-95.3989782057431,29.7906870353219],[-95.3964075334766,29.7907212919431],[-95.3925581206926,29.7907729182208],[-95.3924602019719,29.7852509815882]]]},"properties":{"Poly_ID":"NE3WE_02","SERVICE_DA":"3rd Wednesday","Service_WK":"3rd","Day":"Wednesday","QUAD":"NE"}},{"type":"Feature","geometry":{"type":"Polygon","coordinates":[[[-95.3925255356038,29.7889354392644],[-95.3919748444312,29.788936042897],[-95.3919864612142,29.7894010896169],[-95.3878273982326,29.7894378415307],[-95.3878210293437,29.7894440191657],[-95.3878096354603,29.7888984228625],[-95.3877944392015,29.7880501675643],[-95.3877884740656,29.7872496134211],[-95.3877635282879,29.78663592619],[-95.3877652257174,29.7860566340755],[-95.38774816522,29.7852532033459],[-95.3877311953435,29.784378419903],[-95.3877193384562,29.7834658074083],[-95.3877084185,29.7829778854917],[-95.3897265446566,29.7829559976165],[-95.389731678452,29.7833122029679],[-95.390226335216,29.7833003731718],[-95.3902201067556,29.7829219258468],[-95.3903609992601,29.7829196618562],[-95.3903636225896,29.783077767678],[-95.390758560285,29.7830714165796],[-95.3907589230159,29.7833874812876],[-95.3911330532308,29.7833909907847],[-95.391180190553,29.7833978059312],[-95.391860303147,29.7834086059662],[-95.3924234474938,29.7833988338472],[-95.3924602019719,29.7852509815882],[-95.3925255356038,29.7889354392644]]]},"properties":{"Poly_ID":"NE3WE_02","SERVICE_DA":"3rd Wednesday","Service_WK":"3rd","Day":"Wednesday","QUAD":"NE"}},{"type":"Feature","geometry":{"type":"Polygon","coordinates":[[[-95.4064775028601,29.7840576412571],[-95.4068858041027,29.7840588600012],[-95.406889497557,29.7843979082801],[-95.4086373028054,29.7843680546657],[-95.4086421379842,29.7845299483235],[-95.4087416783276,29.7845363551924],[-95.408784165675,29.7875217125279],[-95.4093402374108,29.7875160138243],[-95.4093704518892,29.788674732663],[-95.4088814954709,29.7886823273482],[-95.4061425001403,29.7887320905241],[-95.4061367142306,29.7884508111828],[-95.405006020275,29.7884686933314],[-95.4049669172433,29.7868949934359],[-95.4049195163774,29.7850571285179],[-95.4054598721174,29.7850501184445],[-95.4060662571212,29.7850393128082],[-95.4060506956085,29.7842706595676],[-95.4064815112505,29.7842629304754],[-95.4064775028601,29.7840576412571]]]},"properties":{"Poly_ID":"NE3WE_03","SERVICE_DA":"3rd Wednesday","Service_WK":"3rd","Day":"Wednesday","QUAD":"NE"}},{"type":"Feature","geometry":{"type":"Polygon","coordinates":[[[-95.3989300557261,29.7883275686539],[-95.398909706545,29.7869849924394],[-95.3988798552182,29.7851510232028],[-95.3988488427125,29.783309585701],[-95.3987980787634,29.7814519427854],[-95.3987645767864,29.779632054021],[-95.3998560309654,29.7796396613917],[-95.3998613150974,29.7798475320879],[-95.3998698138286,29.7801818137814],[-95.3998821994902,29.7806689857994],[-95.4003963903178,29.7806542874991],[-95.4004053310849,29.7814326360545],[-95.4015395610976,29.7814162924047],[-95.4015364657508,29.7815193004532],[-95.4015463725885,29.7831847361038],[-95.4015648518762,29.7834740144225],[-95.401602792167,29.7834730724954],[-95.4017046566628,29.7887938888022],[-95.4011530627743,29.7888007504203],[-95.4011484929269,29.7885268065074],[-95.4005927330864,29.7885336685629],[-95.4005934757406,29.7885811761204],[-95.4000362223147,29.7885894427199],[-95.4000345160792,29.7884532399556],[-95.3994896252716,29.7884586643883],[-95.3994883468252,29.7883235553638],[-95.3989300557261,29.7883275686539]]]},"properties":{"Poly_ID":"NE3WE_03","SERVICE_DA":"3rd Wednesday","Service_WK":"3rd","Day":"Wednesday","QUAD":"NE"}},{"type":"Feature","geometry":{"type":"Polygon","coordinates":[[[-95.405006020275,29.7884686933314],[-95.4044431546419,29.7884765749512],[-95.404441017325,29.7883728309958],[-95.4039016124739,29.7883747611579],[-95.4039092186164,29.7887519764222],[-95.4033425903813,29.7887549052792],[-95.4028080238698,29.7887705476351],[-95.4028009563309,29.7885496849762],[-95.4022335046992,29.7885526014612],[-95.4022364278259,29.7887872718236],[-95.4017046566628,29.7887938888022],[-95.401602792167,29.7834730724954],[-95.4032238303375,29.7834328338725],[-95.4042178026374,29.7834220390738],[-95.4055387568632,29.7834062817699],[-95.4060314348667,29.7834013506244],[-95.406335219466,29.7834047583017],[-95.4064647481501,29.7834045096478],[-95.4064775028601,29.7840576412571],[-95.4064815112505,29.7842629304754],[-95.4060506956085,29.7842706595676],[-95.4060662571212,29.7850393128082],[-95.4054598721174,29.7850501184445],[-95.4049195163774,29.7850571285179],[-95.4049669172433,29.7868949934359],[-95.405006020275,29.7884686933314]]]},"properties":{"Poly_ID":"NE3WE_03","SERVICE_DA":"3rd Wednesday","Service_WK":"3rd","Day":"Wednesday","QUAD":"NE"}},{"type":"Feature","geometry":{"type":"Polygon","coordinates":[[[-95.4243432383706,29.782421792344],[-95.4243436214516,29.7824146436638],[-95.4243365340316,29.7819628507907],[-95.4246504322038,29.7819589732448],[-95.4246462139562,29.7817393854774],[-95.4243348566414,29.7817357999904],[-95.4243233662071,29.7808676297165],[-95.424645186646,29.7808650657653],[-95.424635433795,29.7805017857343],[-95.4245574639083,29.7805026997875],[-95.4245551377982,29.7801353149073],[-95.4265856460312,29.7801252031171],[-95.4265970749045,29.7808464481608],[-95.4288820306373,29.7808173290052],[-95.428920940806,29.782536084938],[-95.4289146650717,29.7825358752994],[-95.4277266939968,29.7824906746211],[-95.4267383998842,29.7824665798117],[-95.4266441108075,29.782426843484],[-95.4266122923008,29.7824487156852],[-95.4265611615012,29.7824838627163],[-95.4263682164722,29.7824777253328],[-95.4243432383706,29.782421792344]]]},"properties":{"Poly_ID":"NE3WE_04","SERVICE_DA":"3rd Wednesday","Service_WK":"3rd","Day":"Wednesday","QUAD":"NE"}},{"type":"Feature","geometry":{"type":"Polygon","coordinates":[[[-95.4265856460312,29.7801252031171],[-95.4265817053204,29.7797616973829],[-95.4269268614202,29.779756802191],[-95.4269221491491,29.7793856024794],[-95.4275526105982,29.7793836188665],[-95.4275529477439,29.7794082313272],[-95.4277175202981,29.7794065269365],[-95.4277177254045,29.7794217050113],[-95.4277322260947,29.7794215580522],[-95.427731855222,29.7793943622187],[-95.4278680016895,29.7793929515495],[-95.4278678302796,29.7793803559463],[-95.4283407226879,29.779380385345],[-95.428607333018,29.7793775276463],[-95.4289373571377,29.7795580593549],[-95.4304632028925,29.7803796493945],[-95.4312758347506,29.7808459881644],[-95.4316887513938,29.7810925569202],[-95.4317930339911,29.7811492890182],[-95.4319071157294,29.78121554577],[-95.4328816397682,29.7817916295173],[-95.4329060714512,29.7819081614624],[-95.4326584259008,29.7818733958679],[-95.4315136566144,29.7818839470448],[-95.4311874494319,29.781888581619],[-95.4311934348258,29.7825393657516],[-95.4311643064648,29.7825878565623],[-95.4311038678303,29.7826087700314],[-95.4300265075327,29.7825730585316],[-95.428920940806,29.782536084938],[-95.4288820306373,29.7808173290052],[-95.4265970749045,29.7808464481608],[-95.4265856460312,29.7801252031171]]]},"properties":{"Poly_ID":"NE3WE_04","SERVICE_DA":"3rd Wednesday","Service_WK":"3rd","Day":"Wednesday","QUAD":"NE"}},{"type":"Feature","geometry":{"type":"Polygon","coordinates":[[[-95.42013427376,29.7822840718392],[-95.4201349412123,29.7822775265068],[-95.4201407437223,29.7816340295785],[-95.4204484528974,29.7816353005486],[-95.4204404682864,29.7812738633939],[-95.4203612197605,29.7812770182567],[-95.4203562655573,29.7805451091254],[-95.4203429408627,29.7798160759669],[-95.420424652304,29.7798165966204],[-95.4204174496935,29.7794560575314],[-95.4217523757772,29.7794407326093],[-95.4217420640223,29.7790756894897],[-95.4220040969064,29.7790730873955],[-95.4220269348408,29.779796147729],[-95.4220269382865,29.7801590163518],[-95.4245551377982,29.7801353149073],[-95.4245574639083,29.7805026997875],[-95.424635433795,29.7805017857343],[-95.424645186646,29.7808650657653],[-95.4243233662071,29.7808676297165],[-95.4243348566414,29.7817357999904],[-95.4246462139562,29.7817393854774],[-95.4246504322038,29.7819589732448],[-95.4243365340316,29.7819628507907],[-95.4243436214516,29.7824146436638],[-95.4243432383706,29.782421792344],[-95.4243206403683,29.7824211677923],[-95.4242515144724,29.7824062830167],[-95.42013427376,29.7822840718392]]]},"properties":{"Poly_ID":"NE3WE_04","SERVICE_DA":"3rd Wednesday","Service_WK":"3rd","Day":"Wednesday","QUAD":"NE"}},{"type":"Feature","geometry":{"type":"Polygon","coordinates":[[[-95.4148656790109,29.782390009391],[-95.4148543739469,29.781338500348],[-95.4137704673458,29.7813540943386],[-95.4136943946944,29.7813207719927],[-95.4135682773438,29.7813066331072],[-95.4133982364579,29.7813091875564],[-95.4131981273424,29.7808842423073],[-95.4131867324184,29.7799047180367],[-95.413880938979,29.7798955114897],[-95.4138746145014,29.7795427613461],[-95.4156476248424,29.7795188421155],[-95.4156460039829,29.7791436679546],[-95.4159082340049,29.7791399529199],[-95.4159053724498,29.7787845695844],[-95.4161484207107,29.7787821816356],[-95.4161750189768,29.7802303959703],[-95.418131915413,29.7802003735744],[-95.4181436828261,29.7805724245559],[-95.4181454301862,29.7815433034951],[-95.4181139209822,29.7818792065422],[-95.4180825205837,29.7820390895052],[-95.4180397381886,29.7822218510081],[-95.417879158061,29.7828640584139],[-95.4177778846007,29.7832687714215],[-95.4148931434359,29.7831776183666],[-95.4148935788402,29.783068739742],[-95.4148984216826,29.7829707719948],[-95.4149078421922,29.7829229975904],[-95.4149371794662,29.7828546601041],[-95.4148966041068,29.7828406776906],[-95.4148696098539,29.7828141623905],[-95.4148656790109,29.782390009391]]]},"properties":{"Poly_ID":"NE3WE_04","SERVICE_DA":"3rd Wednesday","Service_WK":"3rd","Day":"Wednesday","QUAD":"NE"}},{"type":"Feature","geometry":{"type":"MultiPolygon","coordinates":[[[[-95.4115791536248,29.7816389469987],[-95.4109868667371,29.7806947973817],[-95.4108073013117,29.7807046585847],[-95.4107831422459,29.7799290075462],[-95.4107540634654,29.7792106891929],[-95.4117196648174,29.7791988119916],[-95.4116967823695,29.7784588020489],[-95.4126472992905,29.7784471598784],[-95.4126426495878,29.7780181178853],[-95.4132171773163,29.7779995464712],[-95.4132195795898,29.7784459873203],[-95.4136118043706,29.7784439874967],[-95.4136037397314,29.7779894753101],[-95.4143806617935,29.7779757741737],[-95.415892588758,29.7779658798762],[-95.4180596293805,29.7779368623446],[-95.4180597183778,29.7779368620153],[-95.4180770972816,29.7787588457861],[-95.4161484207107,29.7787821816356],[-95.4159053724498,29.7787845695844],[-95.4159082340049,29.7791399529199],[-95.4156460039829,29.7791436679546],[-95.4156476248424,29.7795188421155],[-95.4138746145014,29.7795427613461],[-95.413880938979,29.7798955114897],[-95.4131867324184,29.7799047180367],[-95.4131981273424,29.7808842423073],[-95.4133982364579,29.7813091875564],[-95.4135682773438,29.7813066331072],[-95.4135705846529,29.7814473810839],[-95.4136714156487,29.781450079226],[-95.4136751331632,29.7822480459615],[-95.4132188628114,29.7822415074566],[-95.4126421166914,29.7822255650376],[-95.4125129403548,29.7822129924546],[-95.4123767642477,29.7821847600389],[-95.4120329487588,29.7820530774035],[-95.4118465943504,29.7819327856008],[-95.4116540845986,29.781759879281],[-95.4115791536248,29.7816389469987]]],[[[-95.4013183697926,29.7782571031607],[-95.4013159356016,29.7781498746656],[-95.4011583460495,29.7781525988622],[-95.4013083900418,29.7778749590944],[-95.4012661721431,29.7774855576195],[-95.4012502301411,29.7774583468726],[-95.4013835806625,29.777454880576],[-95.4014160174184,29.7773980051225],[-95.4018154372309,29.7773895787393],[-95.4018138611391,29.7772517362807],[-95.4026228629468,29.7772390025847],[-95.4035258851415,29.7772248506608],[-95.4038581672535,29.7772868604366],[-95.4043556102806,29.7773997873134],[-95.4043638340272,29.7778532837029],[-95.4039491660052,29.7780563458997],[-95.4039280041598,29.7780231751254],[-95.4038725958972,29.7780038618689],[-95.4037744447272,29.7779755566886],[-95.4033665459826,29.7780804464921],[-95.4032612894638,29.7781321537665],[-95.4030491439661,29.7782363709496],[-95.4029638549926,29.7782789907067],[-95.4029405926628,29.7783191446534],[-95.4028690907873,29.7784425762087],[-95.4028686733203,29.7784536793824],[-95.4028659876206,29.7785252220591],[-95.4028648549187,29.7785554016801],[-95.4028940192071,29.7785963155425],[-95.4029521769346,29.7786779138986],[-95.4026393214714,29.7786826574984],[-95.4023258345954,29.7786874059855],[-95.4021666628403,29.7786898181195],[-95.4019933076885,29.7786924450409],[-95.4018005056197,29.7786613482019],[-95.4017088092964,29.7786411581733],[-95.4013891871076,29.778487381681],[-95.4013214937587,29.778394577361],[-95.4013183697926,29.7782571031607]]],[[[-95.4062973689931,29.7789383415055],[-95.4062855380376,29.7785548760063],[-95.4062936178907,29.777997694372],[-95.4063011193689,29.7777063899482],[-95.4068389935131,29.7777741107752],[-95.4073874925926,29.7778432181869],[-95.4074092214975,29.7785266079947],[-95.4084554848556,29.7785138214877],[-95.4085948091964,29.7785113989957],[-95.4086046357535,29.7788386951521],[-95.4082112904215,29.7788718360836],[-95.40786400555,29.7789462331385],[-95.4078179544111,29.7789062903798],[-95.4078169898162,29.7788650494033],[-95.40734423338,29.7788734343217],[-95.4073421472866,29.7787840789564],[-95.406995240088,29.7787903218664],[-95.4067464818325,29.778897987153],[-95.4067474020639,29.778935952134],[-95.4063664114179,29.778938430841],[-95.4062973689931,29.7789383415055]]],[[[-95.4063086482367,29.7798342543821],[-95.4067010060057,29.7798302120253],[-95.4067064760707,29.7803557945979],[-95.4064030227314,29.7803651219952],[-95.4063106050341,29.7803732085925],[-95.4063086482367,29.7798342543821]]]]},"properties":{"Poly_ID":"NE3WE_04","SERVICE_DA":"3rd Wednesday","Service_WK":"3rd","Day":"Wednesday","QUAD":"NE"}},{"type":"Feature","geometry":{"type":"Polygon","coordinates":[[[-95.428607333018,29.7793775276463],[-95.4283407226879,29.779380385345],[-95.4278678302796,29.7793803559463],[-95.4278680016895,29.7793929515495],[-95.427731855222,29.7793943622187],[-95.4277322260947,29.7794215580522],[-95.4277177254045,29.7794217050113],[-95.4277175202981,29.7794065269365],[-95.4275529477439,29.7794082313272],[-95.4275526105982,29.7793836188665],[-95.4269221491491,29.7793856024794],[-95.4269268614202,29.779756802191],[-95.4265817053204,29.7797616973829],[-95.4265856460312,29.7801252031171],[-95.4245551377982,29.7801353149073],[-95.4220269382865,29.7801590163518],[-95.4220269348408,29.779796147729],[-95.4220040969064,29.7790730873955],[-95.4222496076606,29.7790703840265],[-95.4222374226894,29.7786471928244],[-95.4243050509619,29.7786136599451],[-95.4242977592252,29.7783655086498],[-95.4243005123657,29.7783188248889],[-95.4243254756257,29.7782756573749],[-95.4243712779381,29.7782486688849],[-95.4243739367267,29.7781758987575],[-95.4243709562724,29.777826962547],[-95.4253224177762,29.7778050162555],[-95.4260831595869,29.7781631457243],[-95.4266280673266,29.7783812706695],[-95.4266335277752,29.7783840402589],[-95.4277887063352,29.7789264085493],[-95.4280682694919,29.7790826440745],[-95.428607333018,29.7793775276463]]]},"properties":{"Poly_ID":"NE3WE_04","SERVICE_DA":"3rd Wednesday","Service_WK":"3rd","Day":"Wednesday","QUAD":"NE"}},{"type":"Feature","geometry":{"type":"Polygon","coordinates":[[[-95.4204410415785,29.7914400792292],[-95.4202638441231,29.7912603165952],[-95.4200315129746,29.7910984041252],[-95.4196864894066,29.7909450124339],[-95.4195370304985,29.7908456744429],[-95.4194112478923,29.7907373546575],[-95.4193126974905,29.7906066959903],[-95.4192316030469,29.7904208969059],[-95.4191975280038,29.7902219241728],[-95.4192079514207,29.7901087092076],[-95.4193441709943,29.7900908697586],[-95.4200696513167,29.7900306212748],[-95.4203039360687,29.7899651740257],[-95.4203122654971,29.7899640831271],[-95.4203317980994,29.7899573908253],[-95.4206584304751,29.7898661455538],[-95.4211269026817,29.7897116959782],[-95.4211070805058,29.7896917589013],[-95.4210324976967,29.7896167460331],[-95.420722078488,29.7894392350896],[-95.4206084170837,29.7893003794565],[-95.4203710328912,29.7888995723514],[-95.4201872179083,29.7888668020348],[-95.4198272255729,29.7887982764919],[-95.4193816343778,29.7886354790153],[-95.4194611765205,29.7885699820577],[-95.4195583239776,29.7884426194142],[-95.4196163281747,29.7883536865769],[-95.4196594356009,29.788215481944],[-95.419639527581,29.7881508161499],[-95.4195803865586,29.788044410081],[-95.4194780504071,29.7879831532032],[-95.419268725536,29.7879271989038],[-95.4190758680257,29.7879191914743],[-95.418946429509,29.7879207889865],[-95.418696944605,29.7878730012033],[-95.4185845486417,29.7877926789928],[-95.4185306218778,29.7878787885654],[-95.4184696286774,29.7880520747699],[-95.4183547687041,29.7883065634494],[-95.4181400337841,29.7886685096997],[-95.4179180379201,29.7890390605706],[-95.4177969172208,29.7891736921757],[-95.4176685616352,29.7892446931348],[-95.4175397991373,29.7892776942676],[-95.4172957663554,29.7893187384423],[-95.4171921639397,29.7893845712943],[-95.4171159212548,29.7894816006832],[-95.4170811821874,29.7896250623153],[-95.417077185892,29.7901248652285],[-95.4163539056029,29.7901304026949],[-95.4162867123651,29.7895762506888],[-95.4163016746728,29.7892381703877],[-95.416504741684,29.7884212502334],[-95.4167115126591,29.7876073487559],[-95.4169350714605,29.7867120290358],[-95.417334608397,29.7867865002826],[-95.4176443904651,29.7868658386449],[-95.417863229359,29.7869588291555],[-95.4181027814147,29.7870918005083],[-95.4183177018949,29.7872524545414],[-95.4184079925513,29.7873465330067],[-95.4184838327917,29.7874699422494],[-95.4185185046705,29.7875603328605],[-95.4185435834538,29.7876729231994],[-95.418792133268,29.7872918599645],[-95.4191013272089,29.7868561580628],[-95.4198393015889,29.7866175191044],[-95.4198955584016,29.7865429231524],[-95.4199187513447,29.7863491113985],[-95.4198122112874,29.7856970793409],[-95.4206640545604,29.7860061317423],[-95.4208037360356,29.7861770530226],[-95.4210399991228,29.7862717240054],[-95.4213264954579,29.7860870024725],[-95.4214918045126,29.786234433455],[-95.4216806554441,29.7862483340359],[-95.4218732104724,29.7861566621],[-95.4222675625647,29.7863715792653],[-95.422426563883,29.7862644484764],[-95.4225913220099,29.7862207557616],[-95.42284728958,29.7861826627419],[-95.4230184586464,29.7858733624441],[-95.4231516374809,29.7857370703749],[-95.4236181995632,29.7857134489978],[-95.4241214692268,29.7856601812407],[-95.4250960905547,29.7855549470056],[-95.4253949815193,29.7855254201178],[-95.4258284478308,29.7854692986314],[-95.4258655413493,29.7875316714329],[-95.426045737462,29.7875313493911],[-95.4263913806213,29.7875228455557],[-95.4266959675924,29.7875265359439],[-95.4270213141872,29.7875174893824],[-95.4273306651795,29.7875301656964],[-95.4280067298784,29.7875127448613],[-95.4280405904507,29.7875124656787],[-95.4280537084148,29.7883173351424],[-95.4274181304484,29.7883402647817],[-95.4274212892422,29.7883964637458],[-95.4265330017088,29.7884046286866],[-95.4265335861853,29.7883464263224],[-95.4258837128231,29.7883471695769],[-95.4259028402262,29.789140153944],[-95.4259004754234,29.7892202963765],[-95.4258988205048,29.7892764040332],[-95.4254068242992,29.7892737518947],[-95.4231636942379,29.7892851732836],[-95.4226603369198,29.7893061623187],[-95.4218058320986,29.7894891432251],[-95.4219126269289,29.7896417775235],[-95.4219813019758,29.7898382349133],[-95.4220193777185,29.7900175962056],[-95.422022375777,29.7915393861624],[-95.4219139600778,29.7914956500848],[-95.4217641260828,29.7913635061084],[-95.4216435479454,29.7913109548277],[-95.4214987863987,29.791285625195],[-95.4215028719399,29.7910688112214],[-95.4204410415785,29.7914400792292]]]},"properties":{"Poly_ID":"NE3WE_06","SERVICE_DA":"3rd Wednesday","Service_WK":"3rd","Day":"Wednesday","QUAD":"NE"}}]}