{"type": "FeatureCollection", "features": [{"type": "Feature", "geometry": {"type": "LineString", "coordinates": [[-95.4020531691124, 29.7419734506308], [-95.4020378825694, 29.7412218303243]]}, "properties": {"centerlineid": 10133797, "roadclass": "MAJOR", "fullname": "DUNLAVY ST", "fromleft": 2701, "toleft": 3499, "fromright": 2700, "toright": 3498, "onewaydir": " "}}, {"type": "Feature", "geometry": {"type": "LineString", "coordinates": [[-95.3859399110996, 29.7434973868403], [-95.3859399171441, 29.7424272966472]]}, "properties": {"centerlineid": 10134031, "roadclass": "LOCAL", "fullname": "TAFT ST", "fromleft": 3301, "toleft": 3399, "fromright": 3300, "toright": 3398, "onewaydir": " "}}, {"type": "Feature", "geometry": {"type": "LineString", "coordinates": [[-95.388884914853, 29.7434611098452], [-95.3889536070298, 29.7432703786029], [-95.3889458641029, 29.7423987563229]]}, "properties": {"centerlineid": 10134036, "roadclass": "LOCAL", "fullname": "STANFORD ST", "fromleft": 3301, "toleft": 3399, "fromright": 3300, "toright": 3398, "onewaydir": " "}}, {"type": "Feature", "geometry": {"type": "LineString", "coordinates": [[-95.4021283945947, 29.734322838712], [-95.4021218429472, 29.7335276313625]]}, "properties": {"centerlineid": 10132402, "roadclass": "MAJOR", "fullname": "DUNLAVY ST", "fromleft": 4301, "toleft": 4399, "fromright": 4300, "toright": 4398, "onewaydir": " "}}, {"type": "Feature", "geometry": {"type": "MultiLineString", "coordinates": [[[-95.3756096259193, 29.7258391657969], [-95.3756326690713, 29.725816112594], [-95.3758843767316, 29.725423193757], [-95.3761284841359, 29.7250056474055], [-95.3763039543886, 29.7247003518969], [-95.3766320613722, 29.7240003427516], [-95.3768609380825, 29.7234606911276], [-95.3771999301406, 29.7223585870937]], [[-95.3771999301406, 29.7223585870937], [-95.3772499631828, 29.7221959240988], [-95.3780663535933, 29.7195657798822]]]}, "properties": {"centerlineid": 10125927, "roadclass": "FREEWAY", "fullname": "SH 288 HWY", "fromleft": 0, "toleft": 0, "fromright": 4800, "toright": 5498, "onewaydir": "FT"}}, {"type": "Feature", "geometry": {"type": "LineString", "coordinates": [[-95.3684660597411, 29.7368395598612], [-95.3671903165337, 29.7384738452032], [-95.366691068439, 29.7391160425367], [-95.365712865648, 29.7403559771195], [-95.3642502593271, 29.7421989827162]]}, "properties": {"centerlineid": 10125952, "roadclass": "RAMP", "fullname": "NB 59 S TO 45 S RAMP", "fromleft": 5, "toleft": 7, "fromright": 6, "toright": 8, "onewaydir": "FT"}}, {"type": "Feature", "geometry": {"type": "LineString", "coordinates": [[-95.3651878905419, 29.7400355807043], [-95.3657678880424, 29.7393202422971]]}, "properties": {"centerlineid": 10137688, "roadclass": "LOCAL", "fullname": "CHARTRES ST", "fromleft": 2601, "toleft": 2699, "fromright": 2600, "toright": 2698, "onewaydir": "FT"}}, {"type": "Feature", "geometry": {"type": "LineString", "coordinates": [[-95.3655924115543, 29.7320208176641], [-95.3656761562958, 29.7320189959791], [-95.3657448601614, 29.7319845295935], [-95.3661797371062, 29.7314485319065]]}, "properties": {"centerlineid": 10137698, "roadclass": "LOCAL", "fullname": "ST CHARLES ST", "fromleft": 3501, "toleft": 3599, "fromright": 3500, "toright": 3598, "onewaydir": " "}}, {"type": "Feature", "geometry": {"type": "LineString", "coordinates": [[-95.3699867879058, 29.7281792928764], [-95.3704675493328, 29.7275748874489]]}, "properties": {"centerlineid": 10137714, "roadclass": "MAJOR", "fullname": "EMANCIPATION AVE", "fromleft": 4201, "toleft": 4299, "fromright": 4200, "toright": 4298, "onewaydir": " "}}, {"type": "Feature", "geometry": {"type": "LineString", "coordinates": [[-95.366561259597, 29.726127125541], [-95.3670495049504, 29.7255149334312]]}, "properties": {"centerlineid": 10137724, "roadclass": "LOCAL", "fullname": "DELANO ST", "fromleft": 4201, "toleft": 4299, "fromright": 4200, "toright": 4298, "onewaydir": " "}}, {"type": "Feature", "geometry": {"type": "LineString", "coordinates": [[-95.3709711434262, 29.7269471886458], [-95.3714747046861, 29.7263082755723]]}, "properties": {"centerlineid": 10137733, "roadclass": "MAJOR", "fullname": "EMANCIPATION AVE", "fromleft": 4401, "toleft": 4499, "fromright": 4400, "toright": 4498, "onewaydir": " "}}, {"type": "Feature", "geometry": {"type": "LineString", "coordinates": [[-95.3737557480248, 29.7313951457254], [-95.3729165943142, 29.7308888168115]]}, "properties": {"centerlineid": 10137741, "roadclass": "LOCAL", "fullname": "CLEBURNE ST", "fromleft": 1901, "toleft": 1999, "fromright": 1900, "toright": 1998, "onewaydir": " "}}, {"type": "Feature", "geometry": {"type": "LineString", "coordinates": [[-95.3817060747477, 29.7377707462915], [-95.3816606531276, 29.7377396650671], [-95.3816215913205, 29.7377106670631], [-95.3815739982572, 29.7376752291954], [-95.3815434890604, 29.7376481332906], [-95.3815233218071, 29.7376380346525], [-95.3814959803818, 29.7376372961408], [-95.3814710798681, 29.7376449836491], [-95.3814129896481, 29.7376663419136]]}, "properties": {"centerlineid": 10137745, "roadclass": "LOCAL", "fullname": "TRUXILLO ST", "fromleft": 801, "toleft": 899, "fromright": 800, "toright": 898, "onewaydir": " "}}, {"type": "Feature", "geometry": {"type": "LineString", "coordinates": [[-95.3712761759139, 29.7342771875638], [-95.3710318479202, 29.7344290276887], [-95.3710092092387, 29.7344430956851], [-95.3706196092276, 29.7348527722497], [-95.3697122817614, 29.7358068408465], [-95.3694372571102, 29.7360883439075], [-95.3692332755476, 29.7362329852667]]}, "properties": {"centerlineid": 10137765, "roadclass": "RAMP", "fullname": "45 S TO SB 59 S RAMP", "fromleft": 0, "toleft": 0, "fromright": 0, "toright": 0, "onewaydir": "FT"}}, {"type": "Feature", "geometry": {"type": "LineString", "coordinates": [[-95.3813622883172, 29.7432055690979], [-95.3810495114095, 29.7429976983147]]}, "properties": {"centerlineid": 10135614, "roadclass": "LOCAL", "fullname": "STUART ST", "fromleft": 501, "toleft": 599, "fromright": 500, "toright": 598, "onewaydir": " "}}, {"type": "Feature", "geometry": {"type": "LineString", "coordinates": [[-95.367316485533, 29.7219691243887], [-95.3672478121561, 29.7219251169171], [-95.3655924142723, 29.7209218440102], [-95.3646920454213, 29.7203974801706]]}, "properties": {"centerlineid": 10137990, "roadclass": "MAJOR", "fullname": "BLODGETT ST", "fromleft": 3001, "toleft": 3229, "fromright": 3000, "toright": 3228, "onewaydir": " "}}, {"type": "Feature", "geometry": {"type": "LineString", "coordinates": [[-95.3690407601603, 29.7230027594165], [-95.3695443669963, 29.7223638543536]]}, "properties": {"centerlineid": 10138034, "roadclass": "LOCAL", "fullname": "DELANO ST", "fromleft": 4701, "toleft": 4799, "fromright": 4700, "toright": 4798, "onewaydir": " "}}, {"type": "Feature", "geometry": {"type": "LineString", "coordinates": [[-95.3779367632357, 29.7421735292152], [-95.3771890249466, 29.7417406989312]]}, "properties": {"centerlineid": 10135732, "roadclass": "MAJOR", "fullname": "ELGIN ST", "fromleft": 901, "toleft": 927, "fromright": 900, "toright": 926, "onewaydir": " "}}, {"type": "Feature", "geometry": {"type": "LineString", "coordinates": [[-95.3771890273671, 29.7406762802206], [-95.3767235603988, 29.7404036117685]]}, "properties": {"centerlineid": 10135737, "roadclass": "LOCAL", "fullname": "STUART ST", "fromleft": 1017, "toleft": 1099, "fromright": 1016, "toright": 1098, "onewaydir": " "}}, {"type": "Feature", "geometry": {"type": "MultiLineString", "coordinates": [[[-95.3818506200589, 29.7419638511044], [-95.3817152936612, 29.7417732537857]], [[-95.3817152936612, 29.7417732537857], [-95.3815987071414, 29.7416090494913], [-95.3811334543024, 29.7413343546529]]]}, "properties": {"centerlineid": 10135879, "roadclass": "LOCAL", "fullname": "HOLMAN ST", "fromleft": 601, "toleft": 699, "fromright": 600, "toright": 698, "onewaydir": " "}}, {"type": "Feature", "geometry": {"type": "LineString", "coordinates": [[-95.3811334543024, 29.7413343546529], [-95.3802561138718, 29.7408117970858]]}, "properties": {"centerlineid": 10135880, "roadclass": "LOCAL", "fullname": "HOLMAN ST", "fromleft": 701, "toleft": 799, "fromright": 700, "toright": 798, "onewaydir": " "}}, {"type": "Feature", "geometry": {"type": "LineString", "coordinates": [[-95.3761896482029, 29.7411036358282], [-95.3753273935831, 29.7405982468346]]}, "properties": {"centerlineid": 10135881, "roadclass": "MAJOR", "fullname": "ELGIN ST", "fromleft": 1101, "toleft": 1199, "fromright": 1100, "toright": 1198, "onewaydir": " "}}, {"type": "Feature", "geometry": {"type": "LineString", "coordinates": [[-95.3820377215514, 29.7424583169484], [-95.3823007774373, 29.7424674201062], [-95.3826058248102, 29.7424482591954]]}, "properties": {"centerlineid": 10136091, "roadclass": "LOCAL", "fullname": "HAWTHORNE ST", "fromleft": 1, "toleft": 115, "fromright": 2, "toright": 114, "onewaydir": " "}}, {"type": "Feature", "geometry": {"type": "LineString", "coordinates": [[-95.3787912526034, 29.7426866929953], [-95.3779598285078, 29.7421874562894], [-95.3779367632357, 29.7421735292152]]}, "properties": {"centerlineid": 10136094, "roadclass": "MAJOR", "fullname": "ELGIN ST", "fromleft": 801, "toleft": 899, "fromright": 800, "toright": 898, "onewaydir": " "}}, {"type": "Feature", "geometry": {"type": "LineString", "coordinates": [[-95.3716501606266, 29.7420362107677], [-95.3721154225544, 29.7414450089054]]}, "properties": {"centerlineid": 10136174, "roadclass": "LOCAL", "fullname": "AUSTIN ST", "fromleft": 2801, "toleft": 2899, "fromright": 2800, "toright": 2898, "onewaydir": "FT"}}, {"type": "Feature", "geometry": {"type": "LineString", "coordinates": [[-95.3667291709081, 29.7418570706531], [-95.3671944273311, 29.7412638403343]]}, "properties": {"centerlineid": 10136197, "roadclass": "LOCAL", "fullname": "CHENEVERT ST", "fromleft": 2501, "toleft": 2599, "fromright": 2500, "toright": 2598, "onewaydir": " "}}, {"type": "Feature", "geometry": {"type": "LineString", "coordinates": [[-95.3671335122976, 29.7429326894822], [-95.3675759354482, 29.7423700044345]]}, "properties": {"centerlineid": 10136201, "roadclass": "LOCAL", "fullname": "JACKSON ST", "fromleft": 2401, "toleft": 2499, "fromright": 2400, "toright": 2498, "onewaydir": "FT"}}, {"type": "Feature", "geometry": {"type": "LineString", "coordinates": [[-95.3774484530508, 29.7427782204693], [-95.3779367632357, 29.7421735292152]]}, "properties": {"centerlineid": 10136223, "roadclass": "LOCAL", "fullname": "TRAVIS ST", "fromleft": 3101, "toleft": 3199, "fromright": 3100, "toright": 3198, "onewaydir": "FT"}}, {"type": "Feature", "geometry": {"type": "LineString", "coordinates": [[-95.3748544044405, 29.7411990174626], [-95.3753273935831, 29.7405982468346]]}, "properties": {"centerlineid": 10136240, "roadclass": "LOCAL", "fullname": "SAN JACINTO ST", "fromleft": 3101, "toleft": 3199, "fromright": 3100, "toright": 3198, "onewaydir": "FT"}}, {"type": "Feature", "geometry": {"type": "LineString", "coordinates": [[-95.3663782461347, 29.7407620589454], [-95.3648785606271, 29.7425351939355], [-95.3646885754466, 29.7427678785298], [-95.364520026696, 29.7429288462895], [-95.3644020670683, 29.7430415021483], [-95.3642265910525, 29.7432208568516], [-95.3639770550247, 29.7434714847057], [-95.3637034992933, 29.7437438967486], [-95.3630727677907, 29.7443719844702]]}, "properties": {"centerlineid": 10136385, "roadclass": "RAMP", "fullname": "59 S SB MCGOWEN EXIT RAMP", "fromleft": 0, "toleft": 0, "fromright": 0, "toright": 0, "onewaydir": "TF"}}, {"type": "Feature", "geometry": {"type": "LineString", "coordinates": [[-95.3885339944473, 29.7239298104067], [-95.3876717397612, 29.723414820421]]}, "properties": {"centerlineid": 10136393, "roadclass": "LOCAL", "fullname": "EWING ST", "fromleft": 1201, "toleft": 1299, "fromright": 1200, "toright": 1298, "onewaydir": " "}}, {"type": "Feature", "geometry": {"type": "LineString", "coordinates": [[-95.3889230201643, 29.7413724294158], [-95.3889155041992, 29.7405199780997]]}, "properties": {"centerlineid": 10134159, "roadclass": "LOCAL", "fullname": "STANFORD ST", "fromleft": 3501, "toleft": 3599, "fromright": 3500, "toright": 3598, "onewaydir": " "}}, {"type": "Feature", "geometry": {"type": "LineString", "coordinates": [[-95.3975442798117, 29.7420172344472], [-95.3975289958457, 29.7412695203379]]}, "properties": {"centerlineid": 10134229, "roadclass": "LOCAL", "fullname": "MULBERRY ST", "fromleft": 3451, "toleft": 3499, "fromright": 3450, "toright": 3498, "onewaydir": " "}}, {"type": "Feature", "geometry": {"type": "LineString", "coordinates": [[-95.3993522894708, 29.7412503426489], [-95.4020378825694, 29.7412218303243]]}, "properties": {"centerlineid": 10134245, "roadclass": "LOCAL", "fullname": "HAROLD ST", "fromleft": 1601, "toleft": 1699, "fromright": 1600, "toright": 1698, "onewaydir": " "}}, {"type": "Feature", "geometry": {"type": "LineString", "coordinates": [[-95.3912729419016, 29.723733362281], [-95.3913263381436, 29.723582779876], [-95.3916619983407, 29.7231574401631]]}, "properties": {"centerlineid": 10136510, "roadclass": "MAJOR", "fullname": "MAIN ST", "fromleft": 5851, "toleft": 5899, "fromright": 5850, "toright": 5898, "onewaydir": "FT"}}, {"type": "Feature", "geometry": {"type": "LineString", "coordinates": [[-95.3841699560677, 29.7246604222046], [-95.3833001573607, 29.7241376648333]]}, "properties": {"centerlineid": 10136568, "roadclass": "LOCAL", "fullname": "PROSPECT ST", "fromleft": 1501, "toleft": 1599, "fromright": 1500, "toright": 1598, "onewaydir": " "}}, {"type": "Feature", "geometry": {"type": "LineString", "coordinates": [[-95.3995933024526, 29.7257275600734], [-95.3995736575094, 29.7246451534105], [-95.3995430784139, 29.7231992135718]]}, "properties": {"centerlineid": 10136580, "roadclass": "LOCAL", "fullname": "MANDELL ST", "fromleft": 5301, "toleft": 5399, "fromright": 5300, "toright": 5398, "onewaydir": " "}}, {"type": "Feature", "geometry": {"type": "LineString", "coordinates": [[-95.388061012467, 29.7301135041143], [-95.387815000023, 29.7299656413336], [-95.3874734247224, 29.7297605449203]]}, "properties": {"centerlineid": 10136582, "roadclass": "LOCAL", "fullname": "CHELSEA BLVD", "fromleft": 805, "toleft": 899, "fromright": 804, "toright": 898, "onewaydir": " "}}, {"type": "Feature", "geometry": {"type": "LineString", "coordinates": [[-95.391028809591, 29.7269624665457], [-95.3910288286394, 29.7261481275921]]}, "properties": {"centerlineid": 10136586, "roadclass": "MAJOR", "fullname": "MONTROSE BLVD", "fromleft": 5201, "toleft": 5227, "fromright": 5200, "toright": 5226, "onewaydir": " "}}, {"type": "Feature", "geometry": {"type": "LineString", "coordinates": [[-95.3994896944611, 29.7296576368205], [-95.3994744084106, 29.7288145115791]]}, "properties": {"centerlineid": 10136600, "roadclass": "LOCAL", "fullname": "MANDELL ST", "fromleft": 4901, "toleft": 4999, "fromright": 4900, "toright": 4998, "onewaydir": " "}}, {"type": "Feature", "geometry": {"type": "LineString", "coordinates": [[-95.3926157379706, 29.742345371889], [-95.3937981763276, 29.7423337116237]]}, "properties": {"centerlineid": 10134377, "roadclass": "LOCAL", "fullname": "HAWTHORNE ST", "fromleft": 1101, "toleft": 1199, "fromright": 1100, "toright": 1198, "onewaydir": " "}}, {"type": "Feature", "geometry": {"type": "LineString", "coordinates": [[-95.3975442798117, 29.7420172344472], [-95.399360050421, 29.742000132171]]}, "properties": {"centerlineid": 10134380, "roadclass": "LOCAL", "fullname": "HAWTHORNE ST", "fromleft": 1501, "toleft": 1599, "fromright": 1500, "toright": 1598, "onewaydir": " "}}, {"type": "Feature", "geometry": {"type": "LineString", "coordinates": [[-95.383933359833, 29.7281336617079], [-95.3830635736113, 29.7276052275514]]}, "properties": {"centerlineid": 10136607, "roadclass": "LOCAL", "fullname": "WICHITA ST", "fromleft": 1301, "toleft": 1399, "fromright": 1300, "toright": 1398, "onewaydir": " "}}, {"type": "Feature", "geometry": {"type": "LineString", "coordinates": [[-95.3918908666664, 29.726949218572], [-95.3928063039075, 29.7269396378575]]}, "properties": {"centerlineid": 10136641, "roadclass": "LOCAL", "fullname": "BERTHEA ST", "fromleft": 1101, "toleft": 1111, "fromright": 1100, "toright": 1110, "onewaydir": " "}}, {"type": "Feature", "geometry": {"type": "LineString", "coordinates": [[-95.399306670126, 29.737786727555], [-95.4010690610795, 29.7377696114478]]}, "properties": {"centerlineid": 10136657, "roadclass": "LOCAL", "fullname": "SUL ROSS ST", "fromleft": 1601, "toleft": 1699, "fromright": 1600, "toright": 1698, "onewaydir": " "}}, {"type": "Feature", "geometry": {"type": "LineString", "coordinates": [[-95.3833841574312, 29.7304473298967], [-95.3837807289133, 29.729938059962]]}, "properties": {"centerlineid": 10136693, "roadclass": "LOCAL", "fullname": "SAN JACINTO ST", "fromleft": 4801, "toleft": 4819, "fromright": 4800, "toright": 4818, "onewaydir": "TF"}}, {"type": "Feature", "geometry": {"type": "LineString", "coordinates": [[-95.3910288286394, 29.7261481275921], [-95.3910057523935, 29.7247768137901], [-95.3910057922658, 29.7246355394007], [-95.3909601677048, 29.7243779520529]]}, "properties": {"centerlineid": 10136729, "roadclass": "MAJOR", "fullname": "MONTROSE BLVD", "fromleft": 5301, "toleft": 5399, "fromright": 5300, "toright": 5398, "onewaydir": " "}}, {"type": "Feature", "geometry": {"type": "LineString", "coordinates": [[-95.3936991416376, 29.7253526762799], [-95.3936991246276, 29.7247348287492], [-95.3936991000558, 29.7245440590087]]}, "properties": {"centerlineid": 10136735, "roadclass": "LOCAL", "fullname": "MT VERNON ST", "fromleft": 5351, "toleft": 5399, "fromright": 5350, "toright": 5398, "onewaydir": " "}}, {"type": "Feature", "geometry": {"type": "LineString", "coordinates": [[-95.3994668629817, 29.7266840823969], [-95.3994515770618, 29.7261460672577]]}, "properties": {"centerlineid": 10136737, "roadclass": "LOCAL", "fullname": "MANDELL ST", "fromleft": 5201, "toleft": 5217, "fromright": 5200, "toright": 5216, "onewaydir": " "}}, {"type": "Feature", "geometry": {"type": "LineString", "coordinates": [[-95.3911509176714, 29.7370275736342], [-95.3911509179318, 29.7361730913623]]}, "properties": {"centerlineid": 10136744, "roadclass": "MAJOR", "fullname": "MONTROSE BLVD", "fromleft": 4001, "toleft": 4099, "fromright": 4000, "toright": 4098, "onewaydir": " "}}, {"type": "Feature", "geometry": {"type": "LineString", "coordinates": [[-95.3911356330965, 29.7353167550656], [-95.3911356055021, 29.734481158268]]}, "properties": {"centerlineid": 10136745, "roadclass": "MAJOR", "fullname": "MONTROSE BLVD", "fromleft": 4201, "toleft": 4299, "fromright": 4200, "toright": 4298, "onewaydir": " "}}, {"type": "Feature", "geometry": {"type": "LineString", "coordinates": [[-95.3872292831301, 29.7434649922449], [-95.388884914853, 29.7434611098452]]}, "properties": {"centerlineid": 10134486, "roadclass": "MAJOR", "fullname": "LOVETT BLVD", "fromleft": 501, "toleft": 799, "fromright": 500, "toright": 798, "onewaydir": " "}}, {"type": "Feature", "geometry": {"type": "LineString", "coordinates": [[-95.388884914853, 29.7434611098452], [-95.3899301732658, 29.7434611371432]]}, "properties": {"centerlineid": 10134487, "roadclass": "MAJOR", "fullname": "LOVETT BLVD", "fromleft": 801, "toleft": 899, "fromright": 800, "toright": 898, "onewaydir": " "}}, {"type": "Feature", "geometry": {"type": "LineString", "coordinates": [[-95.3977731480843, 29.7441782627349], [-95.3987572528388, 29.7437166582006]]}, "properties": {"centerlineid": 10134525, "roadclass": "LOCAL", "fullname": "MISSOURI ST", "fromleft": 1701, "toleft": 1799, "fromright": 1700, "toright": 1798, "onewaydir": " "}}, {"type": "Feature", "geometry": {"type": "LineString", "coordinates": [[-95.383368831177, 29.728845123216], [-95.383933359833, 29.7281336617079]]}, "properties": {"centerlineid": 10136764, "roadclass": "LOCAL", "fullname": "CAROLINE ST", "fromleft": 4901, "toleft": 4999, "fromright": 4900, "toright": 4998, "onewaydir": " "}}, {"type": "Feature", "geometry": {"type": "LineString", "coordinates": [[-95.3880532548169, 29.7261136516412], [-95.3887169967231, 29.7252765038792]]}, "properties": {"centerlineid": 10136770, "roadclass": "MAJOR", "fullname": "FANNIN ST", "fromleft": 5501, "toleft": 5599, "fromright": 5500, "toright": 5598, "onewaydir": "FT"}}, {"type": "Feature", "geometry": {"type": "LineString", "coordinates": [[-95.3993372668155, 29.7403997393299], [-95.4020303565443, 29.7403787320023]]}, "properties": {"centerlineid": 10136777, "roadclass": "LOCAL", "fullname": "KIPLING ST", "fromleft": 1601, "toleft": 1699, "fromright": 1600, "toright": 1698, "onewaydir": " "}}, {"type": "Feature", "geometry": {"type": "LineString", "coordinates": [[-95.3911812217228, 29.7387824750671], [-95.3925699093116, 29.7387689872389]]}, "properties": {"centerlineid": 10136782, "roadclass": "MAJOR", "fullname": "W ALABAMA ST", "fromleft": 1001, "toleft": 1099, "fromright": 1000, "toright": 1098, "onewaydir": " "}}, {"type": "Feature", "geometry": {"type": "LineString", "coordinates": [[-95.3928521328047, 29.7309488355547], [-95.3936672458432, 29.730940419017]]}, "properties": {"centerlineid": 10136797, "roadclass": "LOCAL", "fullname": "AUTREY ST", "fromleft": 1115, "toleft": 1199, "fromright": 1114, "toright": 1198, "onewaydir": " "}}, {"type": "Feature", "geometry": {"type": "LineString", "coordinates": [[-95.3928293158796, 29.729337267857], [-95.3937447744895, 29.7293276796099]]}, "properties": {"centerlineid": 10136798, "roadclass": "LOCAL", "fullname": "MILFORD ST", "fromleft": 1115, "toleft": 1199, "fromright": 1114, "toright": 1198, "onewaydir": " "}}, {"type": "Feature", "geometry": {"type": "LineString", "coordinates": [[-95.3932411539215, 29.726140358471], [-95.3932336682781, 29.7248472882388]]}, "properties": {"centerlineid": 10136822, "roadclass": "LOCAL", "fullname": "WAVERLY CT", "fromleft": 1, "toleft": 99, "fromright": 2, "toright": 98, "onewaydir": " "}}, {"type": "Feature", "geometry": {"type": "LineString", "coordinates": [[-95.3928446124725, 29.7301363405837], [-95.3937600602252, 29.7301287986099]]}, "properties": {"centerlineid": 10136837, "roadclass": "LOCAL", "fullname": "BANKS ST", "fromleft": 1119, "toleft": 1199, "fromright": 1118, "toright": 1198, "onewaydir": " "}}, {"type": "Feature", "geometry": {"type": "LineString", "coordinates": [[-95.3910591943984, 29.7293523415895], [-95.3919061695227, 29.729348689645]]}, "properties": {"centerlineid": 10136843, "roadclass": "LOCAL", "fullname": "MILFORD ST", "fromleft": 1001, "toleft": 1099, "fromright": 1000, "toright": 1098, "onewaydir": " "}}, {"type": "Feature", "geometry": {"type": "LineString", "coordinates": [[-95.3910744773147, 29.7301438792679], [-95.3910591943984, 29.7293523415895]]}, "properties": {"centerlineid": 10136891, "roadclass": "MAJOR", "fullname": "MONTROSE BLVD", "fromleft": 4801, "toleft": 4899, "fromright": 4800, "toright": 4898, "onewaydir": " "}}, {"type": "Feature", "geometry": {"type": "LineString", "coordinates": [[-95.389892074162, 29.7396463223727], [-95.3898767991014, 29.7387975219752]]}, "properties": {"centerlineid": 10136896, "roadclass": "LOCAL", "fullname": "ROSELAND ST", "fromleft": 3701, "toleft": 3799, "fromright": 3700, "toright": 3798, "onewaydir": " "}}, {"type": "Feature", "geometry": {"type": "LineString", "coordinates": [[-95.389892064654, 29.7405008038669], [-95.389892074162, 29.7396463223727]]}, "properties": {"centerlineid": 10136897, "roadclass": "LOCAL", "fullname": "ROSELAND ST", "fromleft": 3601, "toleft": 3699, "fromright": 3600, "toright": 3698, "onewaydir": " "}}, {"type": "Feature", "geometry": {"type": "LineString", "coordinates": [[-95.3993372668155, 29.7403997393299], [-95.3993295229697, 29.7395452377322]]}, "properties": {"centerlineid": 10136904, "roadclass": "LOCAL", "fullname": "MANDELL ST", "fromleft": 3601, "toleft": 3699, "fromright": 3600, "toright": 3698, "onewaydir": " "}}, {"type": "Feature", "geometry": {"type": "LineString", "coordinates": [[-95.3869739383752, 29.7388569298599], [-95.3869589627295, 29.7379351140046]]}, "properties": {"centerlineid": 10136907, "roadclass": "LOCAL", "fullname": "JACK ST", "fromleft": 3801, "toleft": 3899, "fromright": 3800, "toright": 3898, "onewaydir": " "}}, {"type": "Feature", "geometry": {"type": "LineString", "coordinates": [[-95.3947594296302, 29.7395968158424], [-95.3947518843451, 29.7387423181032]]}, "properties": {"centerlineid": 10136912, "roadclass": "LOCAL", "fullname": "GRAUSTARK ST", "fromleft": 3701, "toleft": 3799, "fromright": 3700, "toright": 3798, "onewaydir": " "}}, {"type": "Feature", "geometry": {"type": "LineString", "coordinates": [[-95.3911125893967, 29.7333596960513], [-95.3910975188239, 29.7325681648102]]}, "properties": {"centerlineid": 10136915, "roadclass": "MAJOR", "fullname": "MONTROSE BLVD", "fromleft": 4401, "toleft": 4499, "fromright": 4400, "toright": 4498, "onewaydir": " "}}, {"type": "Feature", "geometry": {"type": "LineString", "coordinates": [[-95.3946373421065, 29.7285283893727], [-95.3946221043082, 29.7283472122706], [-95.3946145463754, 29.7277329751821]]}, "properties": {"centerlineid": 10136925, "roadclass": "LOCAL", "fullname": "GRAUSTARK ST", "fromleft": 5001, "toleft": 5099, "fromright": 5000, "toright": 5098, "onewaydir": " "}}, {"type": "Feature", "geometry": {"type": "LineString", "coordinates": [[-95.394729087286, 29.7378382874171], [-95.3947213292549, 29.736983783529]]}, "properties": {"centerlineid": 10136937, "roadclass": "LOCAL", "fullname": "GRAUSTARK ST", "fromleft": 3901, "toleft": 3999, "fromright": 3900, "toright": 3998, "onewaydir": " "}}, {"type": "Feature", "geometry": {"type": "LineString", "coordinates": [[-95.3854210491796, 29.7371190791508], [-95.3854060006932, 29.7362378613203]]}, "properties": {"centerlineid": 10136942, "roadclass": "LOCAL", "fullname": "GARROTT ST", "fromleft": 4001, "toleft": 4099, "fromright": 4000, "toright": 4098, "onewaydir": " "}}, {"type": "Feature", "geometry": {"type": "LineString", "coordinates": [[-95.3937066315512, 29.7352900736707], [-95.3946985017902, 29.7352765800949]]}, "properties": {"centerlineid": 10136956, "roadclass": "LOCAL", "fullname": "COLQUITT ST", "fromleft": 1201, "toleft": 1299, "fromright": 1200, "toright": 1298, "onewaydir": " "}}, {"type": "Feature", "geometry": {"type": "LineString", "coordinates": [[-95.3992685781971, 29.7352366365553], [-95.4019539372024, 29.7352042648174]]}, "properties": {"centerlineid": 10136958, "roadclass": "LOCAL", "fullname": "COLQUITT ST", "fromleft": 1601, "toleft": 1699, "fromright": 1600, "toright": 1698, "onewaydir": " "}}, {"type": "Feature", "geometry": {"type": "LineString", "coordinates": [[-95.391082238734, 29.730950658122], [-95.3928521328047, 29.7309488355547]]}, "properties": {"centerlineid": 10136976, "roadclass": "LOCAL", "fullname": "AUTREY ST", "fromleft": 1001, "toleft": 1113, "fromright": 1000, "toright": 1112, "onewaydir": " "}}, {"type": "Feature", "geometry": {"type": "LineString", "coordinates": [[-95.3862221251007, 29.7313399351999], [-95.3868477786156, 29.7305577768342]]}, "properties": {"centerlineid": 10136977, "roadclass": "LOCAL", "fullname": "TRAVIS ST", "fromleft": 4801, "toleft": 4899, "fromright": 4800, "toright": 4898, "onewaydir": " "}}, {"type": "Feature", "geometry": {"type": "LineString", "coordinates": [[-95.3836474318682, 29.7317054857296], [-95.3842920537065, 29.7308726352129]]}, "properties": {"centerlineid": 10136983, "roadclass": "MAJOR", "fullname": "FANNIN ST", "fromleft": 4701, "toleft": 4799, "fromright": 4700, "toright": 4798, "onewaydir": "FT"}}, {"type": "Feature", "geometry": {"type": "LineString", "coordinates": [[-95.389892074162, 29.7396463223727], [-95.390227693156, 29.7396426651698], [-95.3911965271698, 29.7396367179578]]}, "properties": {"centerlineid": 10136996, "roadclass": "LOCAL", "fullname": "MARSHALL ST", "fromleft": 901, "toleft": 999, "fromright": 900, "toright": 998, "onewaydir": " "}}, {"type": "Feature", "geometry": {"type": "LineString", "coordinates": [[-95.3862833028809, 29.7267831245879], [-95.3854135200317, 29.7262606137592]]}, "properties": {"centerlineid": 10137000, "roadclass": "LOCAL", "fullname": "OAKDALE ST", "fromleft": 1201, "toleft": 1299, "fromright": 1200, "toright": 1298, "onewaydir": " "}}, {"type": "Feature", "geometry": {"type": "LineString", "coordinates": [[-95.3918983762162, 29.7277482696893], [-95.3918908666664, 29.726949218572]]}, "properties": {"centerlineid": 10137005, "roadclass": "LOCAL", "fullname": "BAYARD LN", "fromleft": 5101, "toleft": 5199, "fromright": 5100, "toright": 5198, "onewaydir": " "}}, {"type": "Feature", "geometry": {"type": "LineString", "coordinates": [[-95.3994593098847, 29.7278799392286], [-95.3994668629817, 29.7266840823969]]}, "properties": {"centerlineid": 10137011, "roadclass": "LOCAL", "fullname": "MANDELL ST", "fromleft": 5101, "toleft": 5199, "fromright": 5100, "toright": 5198, "onewaydir": " "}}, {"type": "Feature", "geometry": {"type": "LineString", "coordinates": [[-95.3846697973383, 29.732047573625], [-95.3851693617514, 29.7313912611014]]}, "properties": {"centerlineid": 10137035, "roadclass": "MAJOR", "fullname": "MAIN ST", "fromleft": 4701, "toleft": 4799, "fromright": 4700, "toright": 4798, "onewaydir": " "}}, {"type": "Feature", "geometry": {"type": "LineString", "coordinates": [[-95.3892892519317, 29.7261691165936], [-95.3896173573429, 29.7257951188125]]}, "properties": {"centerlineid": 10137041, "roadclass": "MAJOR", "fullname": "MAIN ST", "fromleft": 5551, "toleft": 5599, "fromright": 5550, "toright": 5598, "onewaydir": " "}}, {"type": "Feature", "geometry": {"type": "LineString", "coordinates": [[-95.38444444128, 29.7380098681362], [-95.3844369070357, 29.7371229448465]]}, "properties": {"centerlineid": 10137047, "roadclass": "LOCAL", "fullname": "BUTE ST", "fromleft": 3901, "toleft": 3999, "fromright": 3900, "toright": 3998, "onewaydir": " "}}, {"type": "Feature", "geometry": {"type": "LineString", "coordinates": [[-95.3989023777798, 29.7257303210755], [-95.399444020668, 29.7257303221877]]}, "properties": {"centerlineid": 10137060, "roadclass": "MAJOR", "fullname": "BISSONNET ST", "fromleft": 1507, "toleft": 1599, "fromright": 1506, "toright": 1598, "onewaydir": " "}}, {"type": "Feature", "geometry": {"type": "LineString", "coordinates": [[-95.3872140112562, 29.7256196526991], [-95.3863442335565, 29.7250971477479]]}, "properties": {"centerlineid": 10137063, "roadclass": "LOCAL", "fullname": "CALUMET ST", "fromleft": 1201, "toleft": 1299, "fromright": 1200, "toright": 1298, "onewaydir": " "}}, {"type": "Feature", "geometry": {"type": "LineString", "coordinates": [[-95.3854310022039, 29.7379986246965], [-95.3858636993526, 29.7379984362041], [-95.3859398974579, 29.7379870496069], [-95.386054464117, 29.7379489266196], [-95.3861459157863, 29.7379372980711], [-95.3869589627295, 29.7379351140046]]}, "properties": {"centerlineid": 10137090, "roadclass": "LOCAL", "fullname": "SUL ROSS ST", "fromleft": 501, "toleft": 599, "fromright": 500, "toright": 598, "onewaydir": " "}}, {"type": "Feature", "geometry": {"type": "LineString", "coordinates": [[-95.3889001845076, 29.7396636411392], [-95.389892074162, 29.7396463223727]]}, "properties": {"centerlineid": 10137095, "roadclass": "LOCAL", "fullname": "MARSHALL ST", "fromleft": 801, "toleft": 899, "fromright": 800, "toright": 898, "onewaydir": " "}}, {"type": "Feature", "geometry": {"type": "LineString", "coordinates": [[-95.3838343055634, 29.7388967723231], [-95.3844444741272, 29.7388949616478]]}, "properties": {"centerlineid": 10137097, "roadclass": "MAJOR", "fullname": "W ALABAMA ST", "fromleft": 311, "toleft": 399, "fromright": 310, "toright": 398, "onewaydir": " "}}, {"type": "Feature", "geometry": {"type": "LineString", "coordinates": [[-95.3844373324017, 29.7352390731881], [-95.3846765391037, 29.7348829815233], [-95.3847165217174, 29.7348166167572], [-95.3847692623917, 29.7347221241231], [-95.3848151581657, 29.734631651053], [-95.384839169253, 29.7345563507033]]}, "properties": {"centerlineid": 10137115, "roadclass": "FRONTAGE", "fullname": "SOUTHWEST FWY", "fromleft": 501, "toleft": 539, "fromright": 500, "toright": 538, "onewaydir": "FT"}}, {"type": "Feature", "geometry": {"type": "LineString", "coordinates": [[-95.3857569319174, 29.7345270592508], [-95.3859704655835, 29.7342619008604], [-95.3861306524212, 29.7340024670232], [-95.3866113925616, 29.733207051858], [-95.3868858888355, 29.7328848769924]]}, "properties": {"centerlineid": 10137120, "roadclass": "RAMP", "fullname": "SOUTHWEST FWY SPUR 527 RICHMOND RAMP", "fromleft": 0, "toleft": 0, "fromright": 0, "toright": 0, "onewaydir": "TF"}}, {"type": "Feature", "geometry": {"type": "LineString", "coordinates": [[-95.3819801827464, 29.7241892387176], [-95.3811790879391, 29.7236952548862]]}, "properties": {"centerlineid": 10137137, "roadclass": "LOCAL", "fullname": "OAKDALE ST", "fromleft": 1701, "toleft": 1799, "fromright": 1700, "toright": 1798, "onewaydir": " "}}, {"type": "Feature", "geometry": {"type": "LineString", "coordinates": [[-95.3800957465629, 29.7313474756671], [-95.379269676679, 29.7308553544783]]}, "properties": {"centerlineid": 10137144, "roadclass": "LOCAL", "fullname": "ROSEWOOD ST", "fromleft": 1401, "toleft": 1499, "fromright": 1400, "toright": 1498, "onewaydir": " "}}, {"type": "Feature", "geometry": {"type": "LineString", "coordinates": [[-95.3823770010914, 29.7389045040388], [-95.382210607585, 29.7388996744073], [-95.3820485693219, 29.7388877913995], [-95.3818124782502, 29.7388757688691]]}, "properties": {"centerlineid": 10137155, "roadclass": "MAJOR", "fullname": "W ALABAMA ST", "fromleft": 171, "toleft": 175, "fromright": 170, "toright": 174, "onewaydir": " "}}, {"type": "Feature", "geometry": {"type": "LineString", "coordinates": [[-95.3788368860129, 29.729777850885], [-95.3793176817224, 29.7291711830563]]}, "properties": {"centerlineid": 10137169, "roadclass": "MAJOR", "fullname": "CRAWFORD ST", "fromleft": 4601, "toleft": 4699, "fromright": 4600, "toright": 4698, "onewaydir": " "}}, {"type": "Feature", "geometry": {"type": "LineString", "coordinates": [[-95.3671640558923, 29.7302107316396], [-95.3662789676667, 29.7296708402492]]}, "properties": {"centerlineid": 10137172, "roadclass": "MAJOR", "fullname": "ALABAMA ST", "fromleft": 2501, "toleft": 2599, "fromright": 2500, "toright": 2598, "onewaydir": " "}}, {"type": "Feature", "geometry": {"type": "LineString", "coordinates": [[-95.3677360980842, 29.7341952950728], [-95.3669502496871, 29.7337487632699], [-95.3668815847708, 29.7337088025462]]}, "properties": {"centerlineid": 10137193, "roadclass": "LOCAL", "fullname": "FRANCIS ST", "fromleft": 2201, "toleft": 2299, "fromright": 2200, "toright": 2298, "onewaydir": " "}}, {"type": "Feature", "geometry": {"type": "LineString", "coordinates": [[-95.3697122925364, 29.7381091029105], [-95.3696358476765, 29.7380614439126], [-95.3688806058132, 29.7375941256788]]}, "properties": {"centerlineid": 10137203, "roadclass": "LOCAL", "fullname": "ROSALIE ST", "fromleft": 1801, "toleft": 1899, "fromright": 1800, "toright": 1898, "onewaydir": " "}}, {"type": "Feature", "geometry": {"type": "LineString", "coordinates": [[-95.3785393574533, 29.7397665730006], [-95.3777613133152, 29.7393125047183], [-95.3776545256018, 29.7392515626459]]}, "properties": {"centerlineid": 10137208, "roadclass": "LOCAL", "fullname": "HOLMAN ST", "fromleft": 1001, "toleft": 1099, "fromright": 1000, "toright": 1098, "onewaydir": " "}}, {"type": "Feature", "geometry": {"type": "LineString", "coordinates": [[-95.3731225797116, 29.7338327053989], [-95.3725923864089, 29.7335079746133]]}, "properties": {"centerlineid": 10137214, "roadclass": "MAJOR", "fullname": "ALABAMA ST", "fromleft": 1801, "toleft": 1849, "fromright": 1800, "toright": 1848, "onewaydir": " "}}, {"type": "Feature", "geometry": {"type": "LineString", "coordinates": [[-95.3676064847124, 29.7359556463314], [-95.366744485153, 29.7354694177032]]}, "properties": {"centerlineid": 10137232, "roadclass": "MAJOR", "fullname": "ELGIN ST", "fromleft": 2101, "toleft": 2199, "fromright": 2100, "toright": 2198, "onewaydir": " "}}, {"type": "Feature", "geometry": {"type": "LineString", "coordinates": [[-95.3826897958707, 29.7265485300238], [-95.3818047226736, 29.7260278615827]]}, "properties": {"centerlineid": 10137243, "roadclass": "LOCAL", "fullname": "PALM ST", "fromleft": 1501, "toleft": 1599, "fromright": 1500, "toright": 1598, "onewaydir": " "}}, {"type": "Feature", "geometry": {"type": "LineString", "coordinates": [[-95.3822854769117, 29.7254289049125], [-95.3814690867817, 29.7249255790995], [-95.3814232412711, 29.724898849501]]}, "properties": {"centerlineid": 10137247, "roadclass": "MAJOR", "fullname": "SOUTHMORE BLVD", "fromleft": 1601, "toleft": 1699, "fromright": 1600, "toright": 1698, "onewaydir": " "}}, {"type": "Feature", "geometry": {"type": "LineString", "coordinates": [[-95.3782343208154, 29.7385362585457], [-95.3773491999617, 29.7380041656016]]}, "properties": {"centerlineid": 10137271, "roadclass": "LOCAL", "fullname": "BERRY ST", "fromleft": 1101, "toleft": 1199, "fromright": 1100, "toright": 1198, "onewaydir": " "}}, {"type": "Feature", "geometry": {"type": "LineString", "coordinates": [[-95.3718103197875, 29.7402110500559], [-95.3709711100012, 29.7397074647178]]}, "properties": {"centerlineid": 10137281, "roadclass": "LOCAL", "fullname": "ANITA ST", "fromleft": 1501, "toleft": 1599, "fromright": 1500, "toright": 1598, "onewaydir": " "}}, {"type": "Feature", "geometry": {"type": "LineString", "coordinates": [[-95.3738192378182, 29.7369469837052], [-95.3733666836039, 29.7366748089823]]}, "properties": {"centerlineid": 10137295, "roadclass": "LOCAL", "fullname": "HOLMAN ST", "fromleft": 1507, "toleft": 1599, "fromright": 1506, "toright": 1598, "onewaydir": " "}}, {"type": "Feature", "geometry": {"type": "LineString", "coordinates": [[-95.3812783482462, 29.7331041679246], [-95.3816071043887, 29.7327006816745], [-95.3816217258335, 29.7326827349383]]}, "properties": {"centerlineid": 10137306, "roadclass": "LOCAL", "fullname": "SAN JACINTO ST", "fromleft": 4401, "toleft": 4499, "fromright": 4400, "toright": 4498, "onewaydir": "TF"}}, {"type": "Feature", "geometry": {"type": "LineString", "coordinates": [[-95.3752283373242, 29.7359250418082], [-95.3757013541377, 29.7353167340623]]}, "properties": {"centerlineid": 10137317, "roadclass": "LOCAL", "fullname": "LA BRANCH ST", "fromleft": 3701, "toleft": 3799, "fromright": 3700, "toright": 3798, "onewaydir": "FT"}}, {"type": "Feature", "geometry": {"type": "MultiLineString", "coordinates": [[[-95.3799508479407, 29.7331632430051], [-95.3803095033215, 29.7327094310932], [-95.380339849278, 29.7326578720415]], [[-95.380339849278, 29.7326578720415], [-95.3803630317664, 29.7326132270369]], [[-95.3803630317664, 29.7326132270369], [-95.3803932788944, 29.7325549763136]]]}, "properties": {"centerlineid": 10137325, "roadclass": "LOCAL", "fullname": "CAROLINE ST", "fromleft": 4301, "toleft": 4399, "fromright": 4300, "toright": 4398, "onewaydir": "FT"}}, {"type": "Feature", "geometry": {"type": "LineString", "coordinates": [[-95.3685068747944, 29.7300753975079], [-95.3667978342587, 29.729035849317]]}, "properties": {"centerlineid": 10137345, "roadclass": "LOCAL", "fullname": "TRUXILLO ST", "fromleft": 2401, "toleft": 2599, "fromright": 2400, "toright": 2598, "onewaydir": " "}}, {"type": "Feature", "geometry": {"type": "LineString", "coordinates": [[-95.3709711434262, 29.7269471886458], [-95.3692621036281, 29.7259039477692]]}, "properties": {"centerlineid": 10137353, "roadclass": "MAJOR", "fullname": "WHEELER ST", "fromleft": 2401, "toleft": 2599, "fromright": 2400, "toright": 2598, "onewaydir": " "}}, {"type": "Feature", "geometry": {"type": "LineString", "coordinates": [[-95.379935541451, 29.7267755581729], [-95.3791421726585, 29.72628730965]]}, "properties": {"centerlineid": 10137363, "roadclass": "LOCAL", "fullname": "ROSEDALE ST", "fromleft": 1701, "toleft": 1799, "fromright": 1700, "toright": 1798, "onewaydir": " "}}, {"type": "Feature", "geometry": {"type": "LineString", "coordinates": [[-95.3806145970984, 29.7244162875474], [-95.3786308420764, 29.7232087921603]]}, "properties": {"centerlineid": 10137367, "roadclass": "MAJOR", "fullname": "SOUTHMORE BLVD", "fromleft": 1801, "toleft": 2099, "fromright": 1800, "toright": 2098, "onewaydir": " "}}, {"type": "Feature", "geometry": {"type": "LineString", "coordinates": [[-95.3827216715118, 29.7371485501134], [-95.3817233605453, 29.7371559829131]]}, "properties": {"centerlineid": 10137382, "roadclass": "LOCAL", "fullname": "ISABELLA ST", "fromleft": 701, "toleft": 899, "fromright": 700, "toright": 898, "onewaydir": " "}}, {"type": "Feature", "geometry": {"type": "LineString", "coordinates": [[-95.3708794225426, 29.7314923439113], [-95.3702005768551, 29.7310976208997]]}, "properties": {"centerlineid": 10137393, "roadclass": "LOCAL", "fullname": "TRUXILLO ST", "fromleft": 2001, "toleft": 2199, "fromright": 2000, "toright": 2198, "onewaydir": " "}}, {"type": "Feature", "geometry": {"type": "LineString", "coordinates": [[-95.3699868158931, 29.7336305439592], [-95.3697960253239, 29.7335084752945], [-95.3696511617353, 29.7334094658649]]}, "properties": {"centerlineid": 10137402, "roadclass": "LOCAL", "fullname": "BERRY ST", "fromleft": 2001, "toleft": 2099, "fromright": 2000, "toright": 2098, "onewaydir": " "}}, {"type": "Feature", "geometry": {"type": "LineString", "coordinates": [[-95.3782189969395, 29.7274564639986], [-95.3774559953696, 29.7269912149327], [-95.377349206907, 29.7269471581653]]}, "properties": {"centerlineid": 10137412, "roadclass": "LOCAL", "fullname": "WENTWORTH ST", "fromleft": 1801, "toleft": 1899, "fromright": 1800, "toright": 1898, "onewaydir": " "}}, {"type": "Feature", "geometry": {"type": "LineString", "coordinates": [[-95.3781197508592, 29.7246337262477], [-95.3782646504953, 29.7242540575885]]}, "properties": {"centerlineid": 10137419, "roadclass": "MAJOR", "fullname": "ALMEDA RD", "fromleft": 5001, "toleft": 5013, "fromright": 5000, "toright": 5012, "onewaydir": " "}}, {"type": "Feature", "geometry": {"type": "LineString", "coordinates": [[-95.3666757622719, 29.7381568004384], [-95.3668282052689, 29.7379831899018], [-95.3670876390456, 29.7376550645333], [-95.3673470511717, 29.7372945616434], [-95.3675531228702, 29.7370084341936], [-95.3677591206855, 29.7366958384086], [-95.3680642263959, 29.7362285109112]]}, "properties": {"centerlineid": 10137432, "roadclass": "LOCAL", "fullname": "CHARTRES ST", "fromleft": 2901, "toleft": 3199, "fromright": 2900, "toright": 3198, "onewaydir": "FT"}}, {"type": "Feature", "geometry": {"type": "LineString", "coordinates": [[-95.3657601345931, 29.7303136001519], [-95.3657448192298, 29.7302602468288], [-95.3656914529271, 29.7301993018954], [-95.3649789600202, 29.7297734466315]]}, "properties": {"centerlineid": 10137468, "roadclass": "LOCAL", "fullname": "WINBERN ST", "fromleft": 2601, "toleft": 2699, "fromright": 2600, "toright": 2698, "onewaydir": " "}}, {"type": "Feature", "geometry": {"type": "LineString", "coordinates": [[-95.3749000423877, 29.72836677817], [-95.3753807545204, 29.7277692816688]]}, "properties": {"centerlineid": 10137498, "roadclass": "LOCAL", "fullname": "CHARTRES ST", "fromleft": 4501, "toleft": 4599, "fromright": 4500, "toright": 4598, "onewaydir": " "}}, {"type": "Feature", "geometry": {"type": "LineString", "coordinates": [[-95.3801415864371, 29.7250131696], [-95.3801949729506, 29.7249445098118], [-95.3806145970984, 29.7244162875474]]}, "properties": {"centerlineid": 10137518, "roadclass": "LOCAL", "fullname": "CHENEVERT ST", "fromleft": 5101, "toleft": 5199, "fromright": 5100, "toright": 5198, "onewaydir": " "}}, {"type": "Feature", "geometry": {"type": "LineString", "coordinates": [[-95.3816217258335, 29.7326827349383], [-95.3817524743475, 29.7325128651788], [-95.3818838215668, 29.7323505275497], [-95.3819801814586, 29.7322268202168]]}, "properties": {"centerlineid": 10137543, "roadclass": "LOCAL", "fullname": "SAN JACINTO ST", "fromleft": 0, "toleft": 0, "fromright": 0, "toright": 0, "onewaydir": "TF"}}, {"type": "Feature", "geometry": {"type": "LineString", "coordinates": [[-95.3714210749717, 29.739137016703], [-95.3718942878996, 29.7385362636254]]}, "properties": {"centerlineid": 10137569, "roadclass": "MAJOR", "fullname": "CRAWFORD ST", "fromleft": 3101, "toleft": 3199, "fromright": 3100, "toright": 3198, "onewaydir": "FT"}}, {"type": "Feature", "geometry": {"type": "LineString", "coordinates": [[-95.3737710004983, 29.7377734802693], [-95.3742364966686, 29.7371898128225]]}, "properties": {"centerlineid": 10137593, "roadclass": "LOCAL", "fullname": "LA BRANCH ST", "fromleft": 3401, "toleft": 3499, "fromright": 3400, "toright": 3498, "onewaydir": "FT"}}, {"type": "Feature", "geometry": {"type": "LineString", "coordinates": [[-95.3716805096168, 29.7356427862545], [-95.3721993642134, 29.7349600935135]]}, "properties": {"centerlineid": 10137599, "roadclass": "LOCAL", "fullname": "CHENEVERT ST", "fromleft": 3501, "toleft": 3599, "fromright": 3500, "toright": 3598, "onewaydir": " "}}, {"type": "Feature", "geometry": {"type": "LineString", "coordinates": [[-95.3780588484773, 29.7403711986467], [-95.3785393574533, 29.7397665730006]]}, "properties": {"centerlineid": 10137606, "roadclass": "MAJOR", "fullname": "MAIN ST", "fromleft": 3401, "toleft": 3499, "fromright": 3400, "toright": 3498, "onewaydir": " "}}, {"type": "Feature", "geometry": {"type": "LineString", "coordinates": [[-95.3812860869689, 29.7395242425101], [-95.3818124782502, 29.7388757688691]]}, "properties": {"centerlineid": 10137618, "roadclass": "LOCAL", "fullname": "MILAM ST", "fromleft": 3701, "toleft": 3799, "fromright": 3700, "toright": 3798, "onewaydir": "FT"}}, {"type": "Feature", "geometry": {"type": "LineString", "coordinates": [[-95.3736030883677, 29.7395719191425], [-95.3741447521712, 29.7388835574508]]}, "properties": {"centerlineid": 10137632, "roadclass": "LOCAL", "fullname": "AUSTIN ST", "fromleft": 3201, "toleft": 3299, "fromright": 3200, "toright": 3298, "onewaydir": "FT"}}, {"type": "Feature", "geometry": {"type": "LineString", "coordinates": [[-95.3710397821889, 29.7380059818058], [-95.3715889932966, 29.7373080175085]]}, "properties": {"centerlineid": 10137652, "roadclass": "LOCAL", "fullname": "JACKSON ST", "fromleft": 3201, "toleft": 3299, "fromright": 3200, "toright": 3298, "onewaydir": "FT"}}, {"type": "Feature", "geometry": {"type": "LineString", "coordinates": [[-95.3718942878996, 29.7385362636254], [-95.3724587812878, 29.7378191280462]]}, "properties": {"centerlineid": 10137653, "roadclass": "MAJOR", "fullname": "CRAWFORD ST", "fromleft": 3201, "toleft": 3299, "fromright": 3200, "toright": 3298, "onewaydir": "FT"}}, {"type": "Feature", "geometry": {"type": "LineString", "coordinates": [[-95.3762583477184, 29.7346338496722], [-95.3751443864702, 29.7339700905718], [-95.3750679328054, 29.7339376922274], [-95.374976469283, 29.7339661978214]]}, "properties": {"centerlineid": 10137660, "roadclass": "LOCAL", "fullname": "TRUXILLO ST", "fromleft": 1501, "toleft": 1599, "fromright": 1500, "toright": 1598, "onewaydir": " "}}, {"type": "Feature", "geometry": {"type": "LineString", "coordinates": [[-95.3819449860731, 29.7424551535839], [-95.3819420743925, 29.7421431803478]]}, "properties": {"centerlineid": 10135617, "roadclass": "MAJOR", "fullname": "BAGBY ST", "fromleft": 3401, "toleft": 3499, "fromright": 3400, "toright": 3498, "onewaydir": " "}}, {"type": "Feature", "geometry": {"type": "LineString", "coordinates": [[-95.3926364917882, 29.7446520288818], [-95.3926374303353, 29.7434212688039]]}, "properties": {"centerlineid": 10134024, "roadclass": "LOCAL", "fullname": "YOAKUM BLVD", "fromleft": 3201, "toleft": 3299, "fromright": 3200, "toright": 3298, "onewaydir": " "}}, {"type": "Feature", "geometry": {"type": "LineString", "coordinates": [[-95.3983376538401, 29.7430547395062], [-95.3981774682193, 29.7428012384841]]}, "properties": {"centerlineid": 10134068, "roadclass": "LOCAL", "fullname": "RIDGEWOOD ST", "fromleft": 2711, "toleft": 2799, "fromright": 2710, "toright": 2798, "onewaydir": " "}}, {"type": "Feature", "geometry": {"type": "LineString", "coordinates": [[-95.4013588537617, 29.7239870814983], [-95.4033350557637, 29.7239679194871], [-95.4034265551399, 29.7239756785422]]}, "properties": {"centerlineid": 10132648, "roadclass": "LOCAL", "fullname": "ALBANS RD", "fromleft": 1701, "toleft": 1799, "fromright": 1700, "toright": 1798, "onewaydir": " "}}, {"type": "Feature", "geometry": {"type": "LineString", "coordinates": [[-95.368781379535, 29.7328906149024], [-95.3692315639618, 29.7323240420385]]}, "properties": {"centerlineid": 10137672, "roadclass": "LOCAL", "fullname": "HUTCHINS ST", "fromleft": 3601, "toleft": 3699, "fromright": 3600, "toright": 3698, "onewaydir": " "}}, {"type": "Feature", "geometry": {"type": "LineString", "coordinates": [[-95.3679421287493, 29.7323603068132], [-95.3683923144925, 29.7317862453727]]}, "properties": {"centerlineid": 10137676, "roadclass": "LOCAL", "fullname": "BASTROP ST", "fromleft": 3601, "toleft": 3699, "fromright": 3600, "toright": 3698, "onewaydir": " "}}, {"type": "Feature", "geometry": {"type": "LineString", "coordinates": [[-95.3765861996135, 29.742234695838], [-95.3770441403823, 29.7416567230373]]}, "properties": {"centerlineid": 10136262, "roadclass": "MAJOR", "fullname": "MAIN ST", "fromleft": 3101, "toleft": 3199, "fromright": 3100, "toright": 3198, "onewaydir": " "}}, {"type": "Feature", "geometry": {"type": "LineString", "coordinates": [[-95.3993522894708, 29.7412503426489], [-95.3993372668155, 29.7403997393299]]}, "properties": {"centerlineid": 10134240, "roadclass": "LOCAL", "fullname": "MANDELL ST", "fromleft": 3501, "toleft": 3599, "fromright": 3500, "toright": 3598, "onewaydir": " "}}, {"type": "Feature", "geometry": {"type": "LineString", "coordinates": [[-95.399360050421, 29.742000132171], [-95.4020531691124, 29.7419734506308]]}, "properties": {"centerlineid": 10134381, "roadclass": "LOCAL", "fullname": "HAWTHORNE ST", "fromleft": 1601, "toleft": 1699, "fromright": 1600, "toright": 1698, "onewaydir": " "}}, {"type": "Feature", "geometry": {"type": "LineString", "coordinates": [[-95.3869392934145, 29.737090539044], [-95.3879005969588, 29.7370752937314]]}, "properties": {"centerlineid": 10136660, "roadclass": "LOCAL", "fullname": "BRANARD ST", "fromleft": 601, "toleft": 799, "fromright": 600, "toright": 798, "onewaydir": " "}}, {"type": "Feature", "geometry": {"type": "LineString", "coordinates": [[-95.3884119250744, 29.7282041543905], [-95.387998670682, 29.7279613999891], [-95.3879770053592, 29.7279486271193], [-95.3879464538327, 29.7278570946623]]}, "properties": {"centerlineid": 10136701, "roadclass": "LOCAL", "fullname": "OAKDALE ST", "fromleft": 901, "toleft": 999, "fromright": 900, "toright": 998, "onewaydir": " "}}, {"type": "Feature", "geometry": {"type": "LineString", "coordinates": [[-95.3843682691345, 29.7275785365849], [-95.3846048749186, 29.7272830212104], [-95.3848565169706, 29.7269738641326]]}, "properties": {"centerlineid": 10136715, "roadclass": "LOCAL", "fullname": "CAROLINE ST", "fromleft": 5101, "toleft": 5199, "fromright": 5100, "toright": 5198, "onewaydir": " "}}, {"type": "Feature", "geometry": {"type": "LineString", "coordinates": [[-95.3841852540892, 29.7341512547085], [-95.3845742643709, 29.7336707122409], [-95.384597124317, 29.7336362549383], [-95.3846124153929, 29.7335942894167]]}, "properties": {"centerlineid": 10136727, "roadclass": "LOCAL", "fullname": "TRAVIS ST", "fromleft": 4501, "toleft": 4599, "fromright": 4500, "toright": 4598, "onewaydir": " "}}, {"type": "Feature", "geometry": {"type": "LineString", "coordinates": [[-95.3911736962376, 29.7378724824365], [-95.3911509176714, 29.7370275736342]]}, "properties": {"centerlineid": 10136743, "roadclass": "MAJOR", "fullname": "MONTROSE BLVD", "fromleft": 3901, "toleft": 3999, "fromright": 3900, "toright": 3998, "onewaydir": " "}}, {"type": "Feature", "geometry": {"type": "LineString", "coordinates": [[-95.3838646756626, 29.741586220271], [-95.3849024098687, 29.7415784553122], [-95.3854744048596, 29.7415727693223]]}, "properties": {"centerlineid": 10134480, "roadclass": "LOCAL", "fullname": "EMERSON ST", "fromleft": 201, "toleft": 399, "fromright": 200, "toright": 398, "onewaydir": " "}}, {"type": "Feature", "geometry": {"type": "LineString", "coordinates": [[-95.3927912211889, 29.726148104302], [-95.3927912376068, 29.7261476398556], [-95.3927912109554, 29.7249196177788]]}, "properties": {"centerlineid": 10136759, "roadclass": "LOCAL", "fullname": "YOAKUM BLVD", "fromleft": 5301, "toleft": 5499, "fromright": 5300, "toright": 5498, "onewaydir": " "}}, {"type": "Feature", "geometry": {"type": "LineString", "coordinates": [[-95.3947747164576, 29.7404570100783], [-95.3957437778429, 29.7404417302849]]}, "properties": {"centerlineid": 10136775, "roadclass": "LOCAL", "fullname": "KIPLING ST", "fromleft": 1301, "toleft": 1399, "fromright": 1300, "toright": 1398, "onewaydir": " "}}, {"type": "Feature", "geometry": {"type": "LineString", "coordinates": [[-95.3867410018253, 29.7262129281523], [-95.3866494824793, 29.7261577271966], [-95.3860019373164, 29.7257671569759], [-95.3858712438914, 29.7256883276877]]}, "properties": {"centerlineid": 10136815, "roadclass": "LOCAL", "fullname": "PROSPECT ST", "fromleft": 1201, "toleft": 1299, "fromright": 1200, "toright": 1298, "onewaydir": " "}}, {"type": "Feature", "geometry": {"type": "LineString", "coordinates": [[-95.3919061424082, 29.7285475611157], [-95.3928215829388, 29.728539792165]]}, "properties": {"centerlineid": 10136849, "roadclass": "LOCAL", "fullname": "BARKDULL ST", "fromleft": 1001, "toleft": 1099, "fromright": 1000, "toright": 1098, "onewaydir": " "}}, {"type": "Feature", "geometry": {"type": "LineString", "coordinates": [[-95.3869089509326, 29.7353644265494], [-95.3869089621945, 29.7344775195326]]}, "properties": {"centerlineid": 10136867, "roadclass": "LOCAL", "fullname": "JACK ST", "fromleft": 4201, "toleft": 4299, "fromright": 4200, "toright": 4298, "onewaydir": " "}}, {"type": "Feature", "geometry": {"type": "LineString", "coordinates": [[-95.3995202249924, 29.7335504883239], [-95.3995049417039, 29.7327570923032]]}, "properties": {"centerlineid": 10136882, "roadclass": "LOCAL", "fullname": "MANDELL ST", "fromleft": 4401, "toleft": 4499, "fromright": 4400, "toright": 4498, "onewaydir": " "}}, {"type": "Feature", "geometry": {"type": "LineString", "coordinates": [[-95.3925851975118, 29.7404818954543], [-95.392577436303, 29.7396310191948]]}, "properties": {"centerlineid": 10136898, "roadclass": "LOCAL", "fullname": "YOAKUM BLVD", "fromleft": 3601, "toleft": 3699, "fromright": 3600, "toright": 3698, "onewaydir": " "}}, {"type": "Feature", "geometry": {"type": "LineString", "coordinates": [[-95.3973457727281, 29.7435163642533], [-95.3975061620543, 29.7434440161438], [-95.3983376538401, 29.7430547395062]]}, "properties": {"centerlineid": 10134592, "roadclass": "LOCAL", "fullname": "CALIFORNIA ST", "fromleft": 1701, "toleft": 1799, "fromright": 1700, "toright": 1798, "onewaydir": " "}}, {"type": "Feature", "geometry": {"type": "LineString", "coordinates": [[-95.3911356330965, 29.7353167550656], [-95.3925240600694, 29.7353033082119]]}, "properties": {"centerlineid": 10136954, "roadclass": "LOCAL", "fullname": "COLQUITT ST", "fromleft": 1001, "toleft": 1099, "fromright": 1000, "toright": 1098, "onewaydir": " "}}, {"type": "Feature", "geometry": {"type": "LineString", "coordinates": [[-95.3880532563361, 29.7312616769149], [-95.3874962620581, 29.7309431300902]]}, "properties": {"centerlineid": 10136975, "roadclass": "LOCAL", "fullname": "ROSEDALE", "fromleft": 701, "toleft": 799, "fromright": 700, "toright": 798, "onewaydir": " "}}, {"type": "Feature", "geometry": {"type": "LineString", "coordinates": [[-95.3834473448927, 29.7354042375058], [-95.3843381503879, 29.7353968922376]]}, "properties": {"centerlineid": 10136982, "roadclass": "LOCAL", "fullname": "COLQUITT ST", "fromleft": 301, "toleft": 399, "fromright": 300, "toright": 398, "onewaydir": " "}}, {"type": "Feature", "geometry": {"type": "LineString", "coordinates": [[-95.3844369070357, 29.7371229448465], [-95.3844369496347, 29.7362492968654]]}, "properties": {"centerlineid": 10137072, "roadclass": "LOCAL", "fullname": "BUTE ST", "fromleft": 4001, "toleft": 4099, "fromright": 4000, "toright": 4098, "onewaydir": " "}}, {"type": "Feature", "geometry": {"type": "LineString", "coordinates": [[-95.3828424690642, 29.724711755691], [-95.3819801827464, 29.7241892387176]]}, "properties": {"centerlineid": 10137136, "roadclass": "LOCAL", "fullname": "OAKDALE ST", "fromleft": 1601, "toleft": 1699, "fromright": 1600, "toright": 1698, "onewaydir": " "}}, {"type": "Feature", "geometry": {"type": "LineString", "coordinates": [[-95.3818047226736, 29.7260278615827], [-95.3822854769117, 29.7254289049125]]}, "properties": {"centerlineid": 10137160, "roadclass": "MAJOR", "fullname": "CRAWFORD ST", "fromleft": 5101, "toleft": 5199, "fromright": 5100, "toright": 5198, "onewaydir": " "}}, {"type": "Feature", "geometry": {"type": "LineString", "coordinates": [[-95.3828424690642, 29.724711755691], [-95.3833001573607, 29.7241376648333]]}, "properties": {"centerlineid": 10137162, "roadclass": "MAJOR", "fullname": "CRAWFORD ST", "fromleft": 5301, "toleft": 5399, "fromright": 5300, "toright": 5398, "onewaydir": " "}}, {"type": "Feature", "geometry": {"type": "LineString", "coordinates": [[-95.3767847428876, 29.7286027679234], [-95.3753807545204, 29.7277692816688]]}, "properties": {"centerlineid": 10137198, "roadclass": "LOCAL", "fullname": "RUTH ST", "fromleft": 1801, "toleft": 1999, "fromright": 1800, "toright": 1998, "onewaydir": " "}}, {"type": "Feature", "geometry": {"type": "LineString", "coordinates": [[-95.3780588484773, 29.7403711986467], [-95.3771812898657, 29.7398448455052]]}, "properties": {"centerlineid": 10137240, "roadclass": "LOCAL", "fullname": "FRANCIS ST", "fromleft": 1001, "toleft": 1099, "fromright": 1000, "toright": 1098, "onewaydir": " "}}, {"type": "Feature", "geometry": {"type": "LineString", "coordinates": [[-95.3730157886721, 29.7243494138], [-95.3719705066381, 29.7237258157635], [-95.3713067881559, 29.7233251791623]]}, "properties": {"centerlineid": 10137341, "roadclass": "LOCAL", "fullname": "WENTWORTH ST", "fromleft": 2401, "toleft": 2599, "fromright": 2400, "toright": 2598, "onewaydir": " "}}, {"type": "Feature", "geometry": {"type": "LineString", "coordinates": [[-95.3741558506106, 29.7260947948836], [-95.3724588106648, 29.725062710526]]}, "properties": {"centerlineid": 10137351, "roadclass": "MAJOR", "fullname": "BLODGETT ST", "fromleft": 2201, "toleft": 2399, "fromright": 2200, "toright": 2398, "onewaydir": " "}}, {"type": "Feature", "geometry": {"type": "LineString", "coordinates": [[-95.3783716667742, 29.7239432819968], [-95.3785624306896, 29.723347984971], [-95.3786308420764, 29.7232087921603]]}, "properties": {"centerlineid": 10137368, "roadclass": "MAJOR", "fullname": "ALMEDA RD", "fromleft": 5101, "toleft": 5199, "fromright": 5100, "toright": 5198, "onewaydir": " "}}, {"type": "Feature", "geometry": {"type": "LineString", "coordinates": [[-95.373798432747, 29.7286421889417], [-95.3743034589422, 29.7280138771877]]}, "properties": {"centerlineid": 10137441, "roadclass": "LOCAL", "fullname": "SOUTH FWY", "fromleft": 0, "toleft": 0, "fromright": 4400, "toright": 4498, "onewaydir": "FT"}}, {"type": "Feature", "geometry": {"type": "LineString", "coordinates": [[-95.3704929064711, 29.7358279794456], [-95.370279131556, 29.7360283085678], [-95.3699639842634, 29.7363008438464]]}, "properties": {"centerlineid": 10137450, "roadclass": "LOCAL", "fullname": "HAMILTON ST", "fromleft": 3301, "toleft": 3399, "fromright": 3300, "toright": 3398, "onewaydir": "FT"}}, {"type": "Feature", "geometry": {"type": "LineString", "coordinates": [[-95.3741558506106, 29.7260947948836], [-95.3742344627867, 29.7260001961646], [-95.3743189222009, 29.7258950067637], [-95.3744119767808, 29.7257741466272], [-95.3747170073633, 29.7253775548265]]}, "properties": {"centerlineid": 10137503, "roadclass": "LOCAL", "fullname": "SOUTH FWY", "fromleft": 4701, "toleft": 4799, "fromright": 0, "toright": 0, "onewaydir": "TF"}}, {"type": "Feature", "geometry": {"type": "LineString", "coordinates": [[-95.3687585622322, 29.7265389458863], [-95.3692621036281, 29.7259039477692]]}, "properties": {"centerlineid": 10137538, "roadclass": "LOCAL", "fullname": "LIVE OAK ST", "fromleft": 4301, "toleft": 4399, "fromright": 4300, "toright": 4398, "onewaydir": " "}}, {"type": "Feature", "geometry": {"type": "LineString", "coordinates": [[-95.3757013541377, 29.7353167340623], [-95.37464079489, 29.7347159617602]]}, "properties": {"centerlineid": 10137562, "roadclass": "MAJOR", "fullname": "ALABAMA ST", "fromleft": 1501, "toleft": 1599, "fromright": 1500, "toright": 1598, "onewaydir": " "}}, {"type": "Feature", "geometry": {"type": "LineString", "coordinates": [[-95.4021185339018, 29.7312803934128], [-95.402119298537, 29.73124338098], [-95.4021151602459, 29.7311089581752], [-95.4021085565053, 29.7309839587045], [-95.4021090306672, 29.7309580077378]]}, "properties": {"centerlineid": 10132370, "roadclass": "MAJOR", "fullname": "DUNLAVY ST", "fromleft": 0, "toleft": 0, "fromright": 0, "toright": 0, "onewaydir": " "}}, {"type": "Feature", "geometry": {"type": "LineString", "coordinates": [[-95.3716501606266, 29.7420362107677], [-95.3707878780472, 29.7415154863039]]}, "properties": {"centerlineid": 10135598, "roadclass": "LOCAL", "fullname": "DREW ST", "fromleft": 1401, "toleft": 1499, "fromright": 1400, "toright": 1498, "onewaydir": " "}}, {"type": "Feature", "geometry": {"type": "LineString", "coordinates": [[-95.378890317154, 29.7409452813531], [-95.3789361339208, 29.7408919089001]]}, "properties": {"centerlineid": 10135738, "roadclass": "LOCAL", "fullname": "TRAVIS ST", "fromleft": 3331, "toleft": 3399, "fromright": 3330, "toright": 3398, "onewaydir": "FT"}}, {"type": "Feature", "geometry": {"type": "LineString", "coordinates": [[-95.3671944273311, 29.7412638403343], [-95.3663782461347, 29.7407620589454]]}, "properties": {"centerlineid": 10135918, "roadclass": "LOCAL", "fullname": "MCGOWEN ST", "fromleft": 1801, "toleft": 1999, "fromright": 1800, "toright": 1998, "onewaydir": " "}}, {"type": "Feature", "geometry": {"type": "LineString", "coordinates": [[-95.3900750642831, 29.7235788815415], [-95.3901483066348, 29.7235408038856], [-95.3901743117956, 29.7235273165753], [-95.3902964106025, 29.7233977063004], [-95.3904718730915, 29.7232375288175], [-95.3906167378258, 29.7231211853099], [-95.3908555543511, 29.7229854613522]]}, "properties": {"centerlineid": 10136527, "roadclass": "MAJOR", "fullname": "FANNIN ST", "fromleft": 5801, "toleft": 5899, "fromright": 5800, "toright": 5898, "onewaydir": "FT"}}, {"type": "Feature", "geometry": {"type": "LineString", "coordinates": [[-95.3928293158796, 29.729337267857], [-95.3928215829388, 29.728539792165]]}, "properties": {"centerlineid": 10136604, "roadclass": "LOCAL", "fullname": "YOAKUM BLVD", "fromleft": 4901, "toleft": 4999, "fromright": 4900, "toright": 4998, "onewaydir": " "}}, {"type": "Feature", "geometry": {"type": "LineString", "coordinates": [[-95.3874353414731, 29.7285208881604], [-95.3865808127488, 29.7279944720538]]}, "properties": {"centerlineid": 10136616, "roadclass": "MAJOR", "fullname": "SOUTHMORE BLVD", "fromleft": 1001, "toleft": 1099, "fromright": 1000, "toright": 1098, "onewaydir": " "}}, {"type": "Feature", "geometry": {"type": "LineString", "coordinates": [[-95.4020837650689, 29.7256922137596], [-95.4020698781452, 29.7255807089496], [-95.4020169340913, 29.7251555610508]]}, "properties": {"centerlineid": 10136688, "roadclass": "PRIVATE", "fullname": "SOUTHAMPTON ESTATES", "fromleft": 5301, "toleft": 5399, "fromright": 5300, "toright": 5398, "onewaydir": " "}}, {"type": "Feature", "geometry": {"type": "LineString", "coordinates": [[-95.3963235478143, 29.7440067028239], [-95.3973457727281, 29.7435163642533]]}, "properties": {"centerlineid": 10134499, "roadclass": "LOCAL", "fullname": "CALIFORNIA ST", "fromleft": 1601, "toleft": 1699, "fromright": 1600, "toright": 1698, "onewaydir": " "}}, {"type": "Feature", "geometry": {"type": "LineString", "coordinates": [[-95.3947518843451, 29.7387423181032], [-95.3957207303172, 29.7387251724354]]}, "properties": {"centerlineid": 10136785, "roadclass": "MAJOR", "fullname": "W ALABAMA ST", "fromleft": 1301, "toleft": 1399, "fromright": 1300, "toright": 1398, "onewaydir": " "}}, {"type": "Feature", "geometry": {"type": "LineString", "coordinates": [[-95.4015343456073, 29.7386640350759], [-95.4019922527529, 29.7386583321648]]}, "properties": {"centerlineid": 10136788, "roadclass": "MAJOR", "fullname": "W ALABAMA ST", "fromleft": 1651, "toleft": 1699, "fromright": 1650, "toright": 1698, "onewaydir": " "}}, {"type": "Feature", "geometry": {"type": "LineString", "coordinates": [[-95.3945839896561, 29.7254195716455], [-95.3944237977845, 29.7253889777702], [-95.3943245529679, 29.7253469984038]]}, "properties": {"centerlineid": 10136819, "roadclass": "LOCAL", "fullname": "SHADOW LAWN ST", "fromleft": 7, "toleft": 21, "fromright": 6, "toright": 20, "onewaydir": " "}}, {"type": "Feature", "geometry": {"type": "LineString", "coordinates": [[-95.390303932124, 29.7285608204108], [-95.3906242483736, 29.7285607994069], [-95.3910438923909, 29.7285628489537]]}, "properties": {"centerlineid": 10136831, "roadclass": "LOCAL", "fullname": "BARKDULL ST", "fromleft": 901, "toleft": 919, "fromright": 900, "toright": 918, "onewaydir": " "}}, {"type": "Feature", "geometry": {"type": "LineString", "coordinates": [[-95.3937600602252, 29.7301287986099], [-95.394683242572, 29.7301210399327]]}, "properties": {"centerlineid": 10136838, "roadclass": "LOCAL", "fullname": "BANKS ST", "fromleft": 1201, "toleft": 1299, "fromright": 1200, "toright": 1298, "onewaydir": " "}}, {"type": "Feature", "geometry": {"type": "LineString", "coordinates": [[-95.3946679497301, 29.7335828888931], [-95.3946603931549, 29.732665405052]]}, "properties": {"centerlineid": 10136876, "roadclass": "LOCAL", "fullname": "GRAUSTARK ST", "fromleft": 4401, "toleft": 4499, "fromright": 4400, "toright": 4498, "onewaydir": " "}}, {"type": "Feature", "geometry": {"type": "LineString", "coordinates": [[-95.3910821937827, 29.7306836926222], [-95.3910744773147, 29.7301438792679]]}, "properties": {"centerlineid": 10136892, "roadclass": "MAJOR", "fullname": "MONTROSE BLVD", "fromleft": 4721, "toleft": 4799, "fromright": 4720, "toright": 4798, "onewaydir": " "}}, {"type": "Feature", "geometry": {"type": "LineString", "coordinates": [[-95.3928521328047, 29.7309488355547], [-95.3928446124725, 29.7301363405837]]}, "properties": {"centerlineid": 10136920, "roadclass": "LOCAL", "fullname": "YOAKUM BLVD", "fromleft": 4701, "toleft": 4799, "fromright": 4700, "toright": 4798, "onewaydir": " "}}, {"type": "Feature", "geometry": {"type": "LineString", "coordinates": [[-95.3679421287493, 29.7323603068132], [-95.3672174844116, 29.7319197153771], [-95.3671487720383, 29.7319005471689], [-95.3671106856258, 29.7318969088562], [-95.3670723394191, 29.731900567466]]}, "properties": {"centerlineid": 10137184, "roadclass": "LOCAL", "fullname": "BERRY ST", "fromleft": 2301, "toleft": 2399, "fromright": 2300, "toright": 2398, "onewaydir": " "}}, {"type": "Feature", "geometry": {"type": "LineString", "coordinates": [[-95.367858175501, 29.73887393242], [-95.3684304191582, 29.7381511150208]]}, "properties": {"centerlineid": 10137235, "roadclass": "LOCAL", "fullname": "HAMILTON ST", "fromleft": 2901, "toleft": 2999, "fromright": 2900, "toright": 2998, "onewaydir": "FT"}}, {"type": "Feature", "geometry": {"type": "LineString", "coordinates": [[-95.3808434254717, 29.7384732647424], [-95.3799889207452, 29.737958297945]]}, "properties": {"centerlineid": 10137272, "roadclass": "MAJOR", "fullname": "ALABAMA ST", "fromleft": 901, "toleft": 999, "fromright": 900, "toright": 998, "onewaydir": " "}}, {"type": "Feature", "geometry": {"type": "LineString", "coordinates": [[-95.3816751137742, 29.7278208336085], [-95.3808053636059, 29.7272962928922]]}, "properties": {"centerlineid": 10137361, "roadclass": "LOCAL", "fullname": "ROSEDALE", "fromleft": 1501, "toleft": 1599, "fromright": 1500, "toright": 1598, "onewaydir": " "}}, {"type": "Feature", "geometry": {"type": "LineString", "coordinates": [[-95.3824531860971, 29.7300010200023], [-95.3829186809207, 29.729413463263]]}, "properties": {"centerlineid": 10137377, "roadclass": "LOCAL", "fullname": "CAROLINE ST", "fromleft": 4801, "toleft": 4815, "fromright": 4800, "toright": 4814, "onewaydir": " "}}, {"type": "Feature", "geometry": {"type": "LineString", "coordinates": [[-95.3721993642134, 29.7349600935135], [-95.3719858309482, 29.7348359701905]]}, "properties": {"centerlineid": 10137389, "roadclass": "LOCAL", "fullname": "BERRY ST", "fromleft": 1801, "toleft": 1899, "fromright": 1800, "toright": 1898, "onewaydir": " "}}, {"type": "Feature", "geometry": {"type": "LineString", "coordinates": [[-95.373924135937, 29.7296034151297], [-95.3734942087389, 29.7293433579636]]}, "properties": {"centerlineid": 10137440, "roadclass": "LOCAL", "fullname": "BARBEE ST", "fromleft": 2001, "toleft": 2099, "fromright": 2000, "toright": 2098, "onewaydir": " "}}, {"type": "Feature", "geometry": {"type": "LineString", "coordinates": [[-95.3771812898657, 29.7398448455052], [-95.3763192434396, 29.7393202554189]]}, "properties": {"centerlineid": 10137460, "roadclass": "LOCAL", "fullname": "FRANCIS ST", "fromleft": 1101, "toleft": 1199, "fromright": 1100, "toright": 1198, "onewaydir": " "}}, {"type": "Feature", "geometry": {"type": "LineString", "coordinates": [[-95.3707039268901, 29.7304893156035], [-95.369918099146, 29.7300142383144], [-95.3689873763613, 29.729459360002]]}, "properties": {"centerlineid": 10137508, "roadclass": "LOCAL", "fullname": "ISABELLA ST", "fromleft": 2201, "toleft": 2399, "fromright": 2200, "toright": 2398, "onewaydir": " "}}, {"type": "Feature", "geometry": {"type": "LineString", "coordinates": [[-95.3653176821817, 29.7308783248659], [-95.365348276653, 29.7308363590425], [-95.3657601345931, 29.7303136001519]]}, "properties": {"centerlineid": 10137553, "roadclass": "LOCAL", "fullname": "LIVE OAK ST", "fromleft": 3601, "toleft": 3699, "fromright": 3600, "toright": 3698, "onewaydir": " "}}, {"type": "Feature", "geometry": {"type": "LineString", "coordinates": [[-95.3709711100012, 29.7397074647178], [-95.3714210749717, 29.739137016703]]}, "properties": {"centerlineid": 10137570, "roadclass": "MAJOR", "fullname": "CRAWFORD ST", "fromleft": 3001, "toleft": 3099, "fromright": 3000, "toright": 3098, "onewaydir": "FT"}}, {"type": "Feature", "geometry": {"type": "LineString", "coordinates": [[-95.3829798483439, 29.7341322955398], [-95.3821252939816, 29.7336058980405]]}, "properties": {"centerlineid": 10137655, "roadclass": "MAJOR", "fullname": "WHEELER ST", "fromleft": 1001, "toleft": 1099, "fromright": 1000, "toright": 1098, "onewaydir": " "}}, {"type": "Feature", "geometry": {"type": "LineString", "coordinates": [[-95.3995813972464, 29.7433255944788], [-95.3993522929967, 29.7429479496948], [-95.3992989258482, 29.7428621781391], [-95.3993141877008, 29.7428012324455]]}, "properties": {"centerlineid": 10134027, "roadclass": "LOCAL", "fullname": "MANDELL ST", "fromleft": 2701, "toleft": 2999, "fromright": 2700, "toright": 2998, "onewaydir": " "}}, {"type": "Feature", "geometry": {"type": "LineString", "coordinates": [[-95.3963235478143, 29.7440067028239], [-95.3959192626339, 29.7433523058568]]}, "properties": {"centerlineid": 10134066, "roadclass": "LOCAL", "fullname": "YUPON ST", "fromleft": 2701, "toleft": 2799, "fromright": 2700, "toright": 2798, "onewaydir": " "}}, {"type": "Feature", "geometry": {"type": "LineString", "coordinates": [[-95.3723214663574, 29.7290910747668], [-95.3721866696589, 29.729287244807], [-95.3720888533925, 29.7294407797383], [-95.3719667137167, 29.729628920939], [-95.3718528268031, 29.729818342845], [-95.3717779307993, 29.729959684516], [-95.3716977229191, 29.7301590376046], [-95.3715924208238, 29.7304148100988], [-95.3715182178456, 29.7306076096382], [-95.3714581282158, 29.7307823165451], [-95.3714066819073, 29.7309303886831], [-95.3713631047115, 29.7310736357656], [-95.3713196454447, 29.7312135268534], [-95.3712800921879, 29.7313518435838], [-95.3712444422954, 29.7314885881452], [-95.371217567952, 29.73164908124], [-95.3712028257083, 29.731793108242], [-95.3712103609414, 29.7319058316607], [-95.3712435515245, 29.7320771695372], [-95.3712436385885, 29.7320773388951], [-95.3713583025414, 29.7323004396933], [-95.3713583557651, 29.7323005426888], [-95.3714230649018, 29.7323983551852], [-95.3715127788522, 29.7325339662169], [-95.3715875331901, 29.7325996956975], [-95.3717188411579, 29.7327151520456], [-95.3718171275663, 29.7327820784298], [-95.3719399573073, 29.7328657183286], [-95.3721078824439, 29.7329667907533], [-95.3721612887358, 29.7330012657489], [-95.3724263696533, 29.7331616064906], [-95.372634281039, 29.7332873666197], [-95.3728111545821, 29.7333710461912], [-95.3729165025112, 29.7334208852618], [-95.3732674299156, 29.7334913717548], [-95.3736642281331, 29.733479970645], [-95.3739617799078, 29.7333921055181], [-95.3745340048911, 29.7331536981007], [-95.3752053270365, 29.7329973779652]]}, "properties": {"centerlineid": 10137780, "roadclass": "RAMP", "fullname": "NB 288 TO SB 59 S RAMP", "fromleft": 0, "toleft": 0, "fromright": 0, "toright": 0, "onewaydir": "TF"}}, {"type": "Feature", "geometry": {"type": "LineString", "coordinates": [[-95.3811790879391, 29.7236952548862], [-95.3795601629848, 29.7227189158675], [-95.379445214142, 29.7226489604883], [-95.3793053938122, 29.7225605088814], [-95.3790182610333, 29.7223789444544], [-95.3789514552326, 29.7222417943092]]}, "properties": {"centerlineid": 10137856, "roadclass": "LOCAL", "fullname": "OAKDALE ST", "fromleft": 1801, "toleft": 2099, "fromright": 1800, "toright": 2098, "onewaydir": " "}}, {"type": "Feature", "geometry": {"type": "LineString", "coordinates": [[-95.3756459281607, 29.7238450713599], [-95.3757851103265, 29.7235617908546], [-95.375917542107, 29.7232930743111], [-95.3760855573543, 29.7229384150805]]}, "properties": {"centerlineid": 10137936, "roadclass": "FRONTAGE", "fullname": "SOUTH FWY", "fromleft": 5001, "toleft": 5099, "fromright": 0, "toright": 0, "onewaydir": "TF"}}, {"type": "Feature", "geometry": {"type": "LineString", "coordinates": [[-95.3760855573543, 29.7229384150805], [-95.3763039591316, 29.7221713115943], [-95.3763879114755, 29.7218602845749]]}, "properties": {"centerlineid": 10137937, "roadclass": "FRONTAGE", "fullname": "SOUTH FWY", "fromleft": 5101, "toleft": 5299, "fromright": 0, "toright": 0, "onewaydir": "TF"}}, {"type": "Feature", "geometry": {"type": "LineString", "coordinates": [[-95.3663476588375, 29.7232201864202], [-95.3668282169248, 29.7226080188848]]}, "properties": {"centerlineid": 10138051, "roadclass": "MAJOR", "fullname": "ENNIS ST", "fromleft": 4501, "toleft": 4599, "fromright": 4500, "toright": 4598, "onewaydir": " "}}, {"type": "Feature", "geometry": {"type": "LineString", "coordinates": [[-95.3798134722634, 29.7414068925621], [-95.3793464001478, 29.7411326093333], [-95.3789361339208, 29.7408919089001]]}, "properties": {"centerlineid": 10135848, "roadclass": "LOCAL", "fullname": "FRANCIS ST", "fromleft": 801, "toleft": 899, "fromright": 800, "toright": 898, "onewaydir": " "}}, {"type": "Feature", "geometry": {"type": "LineString", "coordinates": [[-95.3699334168973, 29.7410044112607], [-95.3703988874235, 29.7404074987234]]}, "properties": {"centerlineid": 10136190, "roadclass": "MAJOR", "fullname": "CRAWFORD ST", "fromleft": 2801, "toleft": 2899, "fromright": 2800, "toright": 2898, "onewaydir": "FT"}}, {"type": "Feature", "geometry": {"type": "LineString", "coordinates": [[-95.3770441403823, 29.7416567230373], [-95.3776239546686, 29.7409338879522]]}, "properties": {"centerlineid": 10136362, "roadclass": "MAJOR", "fullname": "MAIN ST", "fromleft": 3201, "toleft": 3299, "fromright": 3200, "toright": 3298, "onewaydir": " "}}, {"type": "Feature", "geometry": {"type": "LineString", "coordinates": [[-95.3948053227977, 29.7434134160864], [-95.3947900205295, 29.7423243548237]]}, "properties": {"centerlineid": 10134227, "roadclass": "LOCAL", "fullname": "GRAUSTARK ST", "fromleft": 3301, "toleft": 3399, "fromright": 3300, "toright": 3398, "onewaydir": " "}}, {"type": "Feature", "geometry": {"type": "LineString", "coordinates": [[-95.3838646756626, 29.741586220271], [-95.3838571437149, 29.7406783179964]]}, "properties": {"centerlineid": 10134242, "roadclass": "LOCAL", "fullname": "FLORA ST", "fromleft": 3501, "toleft": 3599, "fromright": 3500, "toright": 3598, "onewaydir": " "}}, {"type": "Feature", "geometry": {"type": "LineString", "coordinates": [[-95.3995430784139, 29.7231992135718], [-95.4007334301372, 29.7231955732204]]}, "properties": {"centerlineid": 10136490, "roadclass": "LOCAL", "fullname": "SUNSET BLVD", "fromleft": 1601, "toleft": 1699, "fromright": 1600, "toright": 1698, "onewaydir": " "}}, {"type": "Feature", "geometry": {"type": "LineString", "coordinates": [[-95.3994974506696, 29.7304377579521], [-95.3994896944611, 29.7296576368205]]}, "properties": {"centerlineid": 10136597, "roadclass": "LOCAL", "fullname": "MANDELL ST", "fromleft": 4801, "toleft": 4899, "fromright": 4800, "toright": 4898, "onewaydir": " "}}, {"type": "Feature", "geometry": {"type": "LineString", "coordinates": [[-95.3865349560714, 29.7424197632902], [-95.3865274458899, 29.7413991511095]]}, "properties": {"centerlineid": 10134398, "roadclass": "LOCAL", "fullname": "AUDUBON PL", "fromleft": 3401, "toleft": 3499, "fromright": 3400, "toright": 3498, "onewaydir": " "}}, {"type": "Feature", "geometry": {"type": "LineString", "coordinates": [[-95.3857263459779, 29.727483121264], [-95.3862833028809, 29.7267831245879]]}, "properties": {"centerlineid": 10136689, "roadclass": "LOCAL", "fullname": "SAN JACINTO ST", "fromleft": 5201, "toleft": 5299, "fromright": 5200, "toright": 5298, "onewaydir": "TF"}}, {"type": "Feature", "geometry": {"type": "LineString", "coordinates": [[-95.3937447687032, 29.7387594026349], [-95.3947518843451, 29.7387423181032]]}, "properties": {"centerlineid": 10136784, "roadclass": "MAJOR", "fullname": "W ALABAMA ST", "fromleft": 1201, "toleft": 1299, "fromright": 1200, "toright": 1298, "onewaydir": " "}}, {"type": "Feature", "geometry": {"type": "LineString", "coordinates": [[-95.3988030920334, 29.729566147703], [-95.3994134466597, 29.7295604118459], [-95.3994896944611, 29.7296576368205]]}, "properties": {"centerlineid": 10136841, "roadclass": "LOCAL", "fullname": "BANKS ST", "fromleft": 1531, "toleft": 1599, "fromright": 1530, "toright": 1598, "onewaydir": " "}}, {"type": "Feature", "geometry": {"type": "LineString", "coordinates": [[-95.3898081217688, 29.7325796136624], [-95.38980310747, 29.7323134609673]]}, "properties": {"centerlineid": 10136885, "roadclass": "LOCAL", "fullname": "ROSELAND ST", "fromleft": 4501, "toleft": 4599, "fromright": 4500, "toright": 4598, "onewaydir": " "}}, {"type": "Feature", "geometry": {"type": "LineString", "coordinates": [[-95.3978952266952, 29.7352519555231], [-95.3992685781971, 29.7352366365553]]}, "properties": {"centerlineid": 10136957, "roadclass": "LOCAL", "fullname": "COLQUITT ST", "fromleft": 1501, "toleft": 1599, "fromright": 1500, "toright": 1598, "onewaydir": " "}}, {"type": "Feature", "geometry": {"type": "LineString", "coordinates": [[-95.3902964174081, 29.7345060423319], [-95.3902963935742, 29.7343801191537], [-95.390281085582, 29.7333846017414]]}, "properties": {"centerlineid": 10136992, "roadclass": "LOCAL", "fullname": "KYLE ST", "fromleft": 4301, "toleft": 4399, "fromright": 4300, "toright": 4398, "onewaydir": " "}}, {"type": "Feature", "geometry": {"type": "LineString", "coordinates": [[-95.3896173573429, 29.7257951188125], [-95.3901350534366, 29.7251297727878], [-95.3902658199269, 29.7249615993423]]}, "properties": {"centerlineid": 10137057, "roadclass": "MAJOR", "fullname": "MAIN ST", "fromleft": 5601, "toleft": 5699, "fromright": 5600, "toright": 5698, "onewaydir": " "}}, {"type": "Feature", "geometry": {"type": "LineString", "coordinates": [[-95.3823770010914, 29.7389045040388], [-95.3834681045323, 29.7388986107056]]}, "properties": {"centerlineid": 10137093, "roadclass": "MAJOR", "fullname": "W ALABAMA ST", "fromleft": 177, "toleft": 299, "fromright": 176, "toright": 298, "onewaydir": " "}}, {"type": "Feature", "geometry": {"type": "LineString", "coordinates": [[-95.3809655380542, 29.7318777404135], [-95.3800957465629, 29.7313474756671]]}, "properties": {"centerlineid": 10137142, "roadclass": "LOCAL", "fullname": "ROSEWOOD ST", "fromleft": 1301, "toleft": 1399, "fromright": 1300, "toright": 1398, "onewaydir": " "}}, {"type": "Feature", "geometry": {"type": "LineString", "coordinates": [[-95.3767466209654, 29.7245249068936], [-95.3769296059079, 29.7241910662455], [-95.377181275597, 29.7236112816214]]}, "properties": {"centerlineid": 10137197, "roadclass": "FRONTAGE", "fullname": "SOUTH FWY", "fromleft": 0, "toleft": 0, "fromright": 5000, "toright": 5098, "onewaydir": "FT"}}, {"type": "Feature", "geometry": {"type": "LineString", "coordinates": [[-95.3682855259771, 29.7271552765245], [-95.366561259597, 29.726127125541]]}, "properties": {"centerlineid": 10137267, "roadclass": "LOCAL", "fullname": "EAGLE ST", "fromleft": 2601, "toleft": 2799, "fromright": 2600, "toright": 2798, "onewaydir": " "}}, {"type": "Feature", "geometry": {"type": "LineString", "coordinates": [[-95.3675453539282, 29.7248835952417], [-95.3658365496333, 29.7238536193094]]}, "properties": {"centerlineid": 10137268, "roadclass": "MAJOR", "fullname": "WHEELER ST", "fromleft": 2801, "toleft": 2999, "fromright": 2800, "toright": 2998, "onewaydir": " "}}, {"type": "Feature", "geometry": {"type": "LineString", "coordinates": [[-95.3733285985429, 29.7383340924568], [-95.3724587812878, 29.7378191280462]]}, "properties": {"centerlineid": 10137288, "roadclass": "LOCAL", "fullname": "STUART ST", "fromleft": 1501, "toleft": 1599, "fromright": 1500, "toright": 1598, "onewaydir": " "}}, {"type": "Feature", "geometry": {"type": "LineString", "coordinates": [[-95.3670495049504, 29.7255149334312], [-95.3664469003367, 29.7251523543238], [-95.3653329991612, 29.7244810685186]]}, "properties": {"centerlineid": 10137338, "roadclass": "LOCAL", "fullname": "BARBEE ST", "fromleft": 2801, "toleft": 2999, "fromright": 2800, "toright": 2998, "onewaydir": " "}}, {"type": "Feature", "geometry": {"type": "LineString", "coordinates": [[-95.3813698398657, 29.7265866546441], [-95.3805078213185, 29.7260623226208]]}, "properties": {"centerlineid": 10137364, "roadclass": "LOCAL", "fullname": "WICHITA ST", "fromleft": 1601, "toleft": 1699, "fromright": 1600, "toright": 1698, "onewaydir": " "}}, {"type": "Feature", "geometry": {"type": "LineString", "coordinates": [[-95.3825065685151, 29.7283223771662], [-95.3816751137742, 29.7278208336085]]}, "properties": {"centerlineid": 10137422, "roadclass": "LOCAL", "fullname": "ROSEDALE", "fromleft": 1401, "toleft": 1499, "fromright": 1400, "toright": 1498, "onewaydir": " "}}, {"type": "Feature", "geometry": {"type": "LineString", "coordinates": [[-95.3797144741616, 29.7366481515915], [-95.3788368898374, 29.7361577674929]]}, "properties": {"centerlineid": 10137478, "roadclass": "LOCAL", "fullname": "TRUXILLO ST", "fromleft": 1101, "toleft": 1199, "fromright": 1100, "toright": 1198, "onewaydir": " "}}, {"type": "Feature", "geometry": {"type": "LineString", "coordinates": [[-95.3796913918342, 29.72557973119], [-95.3801415864371, 29.7250131696]]}, "properties": {"centerlineid": 10137488, "roadclass": "LOCAL", "fullname": "CHENEVERT ST", "fromleft": 5001, "toleft": 5099, "fromright": 5000, "toright": 5098, "onewaydir": " "}}, {"type": "Feature", "geometry": {"type": "LineString", "coordinates": [[-95.3747781831989, 29.7274030671954], [-95.3752892705069, 29.7267737412432]]}, "properties": {"centerlineid": 10137499, "roadclass": "LOCAL", "fullname": "SOUTH FWY", "fromleft": 0, "toleft": 0, "fromright": 4600, "toright": 4698, "onewaydir": "FT"}}, {"type": "Feature", "geometry": {"type": "LineString", "coordinates": [[-95.370749818673, 29.7240290722563], [-95.3713067881559, 29.7233251791623]]}, "properties": {"centerlineid": 10137547, "roadclass": "LOCAL", "fullname": "LIVE OAK ST", "fromleft": 4701, "toleft": 4799, "fromright": 4700, "toright": 4798, "onewaydir": " "}}, {"type": "Feature", "geometry": {"type": "LineString", "coordinates": [[-95.3718103197875, 29.7402110500559], [-95.3722680765579, 29.7396463010244]]}, "properties": {"centerlineid": 10137563, "roadclass": "LOCAL", "fullname": "LA BRANCH ST", "fromleft": 3001, "toleft": 3099, "fromright": 3000, "toright": 3098, "onewaydir": "FT"}}, {"type": "Feature", "geometry": {"type": "LineString", "coordinates": [[-95.3714398132643, 29.7361375445921], [-95.3714768465791, 29.7359427037777], [-95.3716423850897, 29.7357076224705], [-95.3716805096168, 29.7356427862545]]}, "properties": {"centerlineid": 10137585, "roadclass": "LOCAL", "fullname": "CHENEVERT ST", "fromleft": 3401, "toleft": 3499, "fromright": 3400, "toright": 3498, "onewaydir": " "}}, {"type": "Feature", "geometry": {"type": "LineString", "coordinates": [[-95.3803704239839, 29.7342676084616], [-95.3800957230357, 29.7341035598428], [-95.3794931206511, 29.7337412302477]]}, "properties": {"centerlineid": 10137649, "roadclass": "LOCAL", "fullname": "EAGLE ST", "fromleft": 1201, "toleft": 1299, "fromright": 1200, "toright": 1298, "onewaydir": " "}}, {"type": "Feature", "geometry": {"type": "LineString", "coordinates": [[-95.3656152591345, 29.7337526500456], [-95.3656458387365, 29.7337126832461], [-95.3659052529965, 29.7333788837144]]}, "properties": {"centerlineid": 10137665, "roadclass": "MAJOR", "fullname": "EMANCIPATION AVE", "fromleft": 3301, "toleft": 3375, "fromright": 3300, "toright": 3374, "onewaydir": " "}}, {"type": "Feature", "geometry": {"type": "LineString", "coordinates": [[-95.3716805096168, 29.7356427862545], [-95.3712306828232, 29.7353874860389], [-95.3710461811628, 29.7352270004351]]}, "properties": {"centerlineid": 1092966, "roadclass": "LOCAL", "fullname": "HOLMAN ST", "fromleft": 1801, "toleft": 1899, "fromright": 1800, "toright": 1898, "onewaydir": " "}}, {"type": "Feature", "geometry": {"type": "LineString", "coordinates": [[-95.4020303565443, 29.7403787320023], [-95.4020415571646, 29.7403785216651], [-95.4045632933034, 29.7403388143957]]}, "properties": {"centerlineid": 10132173, "roadclass": "LOCAL", "fullname": "KIPLING ST", "fromleft": 1701, "toleft": 1799, "fromright": 1700, "toright": 1798, "onewaydir": " "}}, {"type": "Feature", "geometry": {"type": "LineString", "coordinates": [[-95.3700935597531, 29.7328429105541], [-95.3705590216096, 29.7322496743027]]}, "properties": {"centerlineid": 10137692, "roadclass": "LOCAL", "fullname": "ST EMANUEL ST", "fromleft": 3701, "toleft": 3799, "fromright": 3700, "toright": 3798, "onewaydir": " "}}, {"type": "Feature", "geometry": {"type": "LineString", "coordinates": [[-95.3816217622361, 29.7231343923461], [-95.3802255597164, 29.7222762786735], [-95.3798821830867, 29.7220720413492]]}, "properties": {"centerlineid": 10137823, "roadclass": "LOCAL", "fullname": "PROSPECT ST", "fromleft": 1801, "toleft": 1923, "fromright": 1800, "toright": 1922, "onewaydir": " "}}, {"type": "Feature", "geometry": {"type": "LineString", "coordinates": [[-95.3735421634447, 29.7412485376816], [-95.3726876394598, 29.7407374313822]]}, "properties": {"centerlineid": 10135603, "roadclass": "LOCAL", "fullname": "ANITA ST", "fromleft": 1301, "toleft": 1399, "fromright": 1300, "toright": 1398, "onewaydir": " "}}, {"type": "Feature", "geometry": {"type": "LineString", "coordinates": [[-95.3735421634447, 29.7412485376816], [-95.3739845738422, 29.7406819707392]]}, "properties": {"centerlineid": 10135604, "roadclass": "LOCAL", "fullname": "CAROLINE ST", "fromleft": 3001, "toleft": 3099, "fromright": 3000, "toright": 3098, "onewaydir": "FT"}}, {"type": "Feature", "geometry": {"type": "LineString", "coordinates": [[-95.3802561138718, 29.7408117970858], [-95.3794166883087, 29.7403025381859]]}, "properties": {"centerlineid": 10135764, "roadclass": "LOCAL", "fullname": "HOLMAN ST", "fromleft": 801, "toleft": 899, "fromright": 800, "toright": 898, "onewaydir": " "}}, {"type": "Feature", "geometry": {"type": "LineString", "coordinates": [[-95.3726876394598, 29.7407374313822], [-95.3723139189299, 29.7405142607976], [-95.3718103197875, 29.7402110500559]]}, "properties": {"centerlineid": 10135792, "roadclass": "LOCAL", "fullname": "ANITA ST", "fromleft": 1401, "toleft": 1499, "fromright": 1400, "toright": 1498, "onewaydir": " "}}, {"type": "Feature", "geometry": {"type": "LineString", "coordinates": [[-95.3738244341859, 29.742480663984], [-95.3729851857072, 29.7419638814563]]}, "properties": {"centerlineid": 10135988, "roadclass": "LOCAL", "fullname": "TUAM ST", "fromleft": 1201, "toleft": 1299, "fromright": 1200, "toright": 1298, "onewaydir": " "}}, {"type": "Feature", "geometry": {"type": "LineString", "coordinates": [[-95.3648980734372, 29.7426315087607], [-95.3656458326903, 29.7416872950491]]}, "properties": {"centerlineid": 10136049, "roadclass": "LOCAL", "fullname": "HAMILTON ST", "fromleft": 2301, "toleft": 2499, "fromright": 2300, "toright": 2498, "onewaydir": "FT"}}, {"type": "Feature", "geometry": {"type": "LineString", "coordinates": [[-95.3912640554354, 29.7446654698238], [-95.3912499183801, 29.7434590606979]]}, "properties": {"centerlineid": 10134111, "roadclass": "MAJOR", "fullname": "MONTROSE BLVD", "fromleft": 3201, "toleft": 3299, "fromright": 3200, "toright": 3298, "onewaydir": " "}}, {"type": "Feature", "geometry": {"type": "LineString", "coordinates": [[-95.3981774682193, 29.7428012384841], [-95.3988640513579, 29.7427991817468]]}, "properties": {"centerlineid": 10134155, "roadclass": "MAJOR", "fullname": "WESTHEIMER RD", "fromleft": 1511, "toleft": 1525, "fromright": 1510, "toright": 1524, "onewaydir": " "}}, {"type": "Feature", "geometry": {"type": "LineString", "coordinates": [[-95.3937219250359, 29.7269339148687], [-95.3946145633422, 29.7269300336437]]}, "properties": {"centerlineid": 10136643, "roadclass": "LOCAL", "fullname": "BERTHEA ST", "fromleft": 1201, "toleft": 1299, "fromright": 1200, "toright": 1298, "onewaydir": " "}}, {"type": "Feature", "geometry": {"type": "LineString", "coordinates": [[-95.3848565169706, 29.7269738641326], [-95.3854135200317, 29.7262606137592]]}, "properties": {"centerlineid": 10136646, "roadclass": "LOCAL", "fullname": "CAROLINE ST", "fromleft": 5201, "toleft": 5299, "fromright": 5200, "toright": 5298, "onewaydir": " "}}, {"type": "Feature", "geometry": {"type": "LineString", "coordinates": [[-95.3928063039075, 29.7269396378575], [-95.3927912211889, 29.726148104302]]}, "properties": {"centerlineid": 10136739, "roadclass": "LOCAL", "fullname": "YOAKUM BLVD", "fromleft": 5201, "toleft": 5227, "fromright": 5200, "toright": 5226, "onewaydir": " "}}, {"type": "Feature", "geometry": {"type": "LineString", "coordinates": [[-95.3874734247224, 29.7297605449203], [-95.3877354093097, 29.7294075615195], [-95.3877481607005, 29.7293906469478]]}, "properties": {"centerlineid": 10136756, "roadclass": "LOCAL", "fullname": "TRAVIS ST", "fromleft": 5001, "toleft": 5099, "fromright": 5000, "toright": 5098, "onewaydir": " "}}, {"type": "Feature", "geometry": {"type": "LineString", "coordinates": [[-95.3911736962376, 29.7378724824365], [-95.3925621496928, 29.7378668026513]]}, "properties": {"centerlineid": 10136790, "roadclass": "LOCAL", "fullname": "SUL ROSS ST", "fromleft": 1001, "toleft": 1099, "fromright": 1000, "toright": 1098, "onewaydir": " "}}, {"type": "Feature", "geometry": {"type": "LineString", "coordinates": [[-95.3869317812861, 29.736218920919], [-95.3878855179824, 29.7362093799878]]}, "properties": {"centerlineid": 10136794, "roadclass": "LOCAL", "fullname": "W MAIN ST", "fromleft": 601, "toleft": 699, "fromright": 600, "toright": 698, "onewaydir": " "}}, {"type": "Feature", "geometry": {"type": "LineString", "coordinates": [[-95.3967507083572, 29.7344487975916], [-95.3970026167645, 29.7344469670721]]}, "properties": {"centerlineid": 10136802, "roadclass": "MAJOR", "fullname": "RICHMOND AVE", "fromleft": 1405, "toleft": 1407, "fromright": 1404, "toright": 1406, "onewaydir": " "}}, {"type": "Feature", "geometry": {"type": "LineString", "coordinates": [[-95.3850625585025, 29.7306989859889], [-95.384673529959, 29.7304719469706], [-95.3846276781889, 29.7304452646929]]}, "properties": {"centerlineid": 10136812, "roadclass": "LOCAL", "fullname": "ARBOR PL", "fromleft": 1019, "toleft": 1099, "fromright": 1018, "toright": 1098, "onewaydir": " "}}, {"type": "Feature", "geometry": {"type": "LineString", "coordinates": [[-95.3937141976227, 29.7261346268791], [-95.3936991416376, 29.7253526762799]]}, "properties": {"centerlineid": 10136821, "roadclass": "LOCAL", "fullname": "MT VERNON ST", "fromleft": 5301, "toleft": 5349, "fromright": 5300, "toright": 5348, "onewaydir": " "}}, {"type": "Feature", "geometry": {"type": "LineString", "coordinates": [[-95.3888468285976, 29.7353473216007], [-95.3888543261626, 29.7345195097972]]}, "properties": {"centerlineid": 10136869, "roadclass": "LOCAL", "fullname": "STANFORD ST", "fromleft": 4201, "toleft": 4299, "fromright": 4200, "toright": 4298, "onewaydir": " "}}, {"type": "Feature", "geometry": {"type": "LineString", "coordinates": [[-95.4021065830744, 29.7303975683072], [-95.4020990448605, 29.7296288490815]]}, "properties": {"centerlineid": 10136893, "roadclass": "MAJOR", "fullname": "DUNLAVY ST", "fromleft": 4801, "toleft": 4899, "fromright": 4800, "toright": 4898, "onewaydir": " "}}, {"type": "Feature", "geometry": {"type": "LineString", "coordinates": [[-95.3957437778429, 29.7404417302849], [-95.3957359900993, 29.7395833200988]]}, "properties": {"centerlineid": 10136902, "roadclass": "LOCAL", "fullname": "YUPON ST", "fromleft": 3601, "toleft": 3699, "fromright": 3600, "toright": 3698, "onewaydir": " "}}, {"type": "Feature", "geometry": {"type": "LineString", "coordinates": [[-95.3974983979845, 29.7387213072502], [-95.397506169962, 29.7386355054945], [-95.397498436772, 29.737803843619]]}, "properties": {"centerlineid": 10136913, "roadclass": "LOCAL", "fullname": "MULBERRY ST", "fromleft": 3801, "toleft": 3899, "fromright": 3800, "toright": 3898, "onewaydir": " "}}, {"type": "Feature", "geometry": {"type": "LineString", "coordinates": [[-95.3925621496928, 29.7378668026513], [-95.3925470560959, 29.7370122856731]]}, "properties": {"centerlineid": 10136935, "roadclass": "LOCAL", "fullname": "YOAKUM BLVD", "fromleft": 3901, "toleft": 3999, "fromright": 3900, "toright": 3998, "onewaydir": " "}}, {"type": "Feature", "geometry": {"type": "LineString", "coordinates": [[-95.3936685416971, 29.7326941559702], [-95.3945917070215, 29.7326845361677], [-95.3946603931549, 29.732665405052]]}, "properties": {"centerlineid": 10136971, "roadclass": "LOCAL", "fullname": "MIRAMAR ST", "fromleft": 1201, "toleft": 1299, "fromright": 1200, "toright": 1298, "onewaydir": " "}}, {"type": "Feature", "geometry": {"type": "LineString", "coordinates": [[-95.3946603931549, 29.732665405052], [-95.3947594643887, 29.7326521625472], [-95.3964608913845, 29.7326368638987]]}, "properties": {"centerlineid": 10136972, "roadclass": "LOCAL", "fullname": "CASTLE CT", "fromleft": 1301, "toleft": 1399, "fromright": 1300, "toright": 1398, "onewaydir": " "}}, {"type": "Feature", "geometry": {"type": "LineString", "coordinates": [[-95.3911356055021, 29.734481158268], [-95.3911125893967, 29.7333596960513]]}, "properties": {"centerlineid": 10136991, "roadclass": "MAJOR", "fullname": "MONTROSE BLVD", "fromleft": 4301, "toleft": 4399, "fromright": 4300, "toright": 4398, "onewaydir": " "}}, {"type": "Feature", "geometry": {"type": "LineString", "coordinates": [[-95.3888543261626, 29.7345195097972], [-95.3888543284327, 29.7343401838308], [-95.3888315134396, 29.7333960040176]]}, "properties": {"centerlineid": 10136993, "roadclass": "LOCAL", "fullname": "STANFORD ST", "fromleft": 4301, "toleft": 4399, "fromright": 4300, "toright": 4398, "onewaydir": " "}}, {"type": "Feature", "geometry": {"type": "LineString", "coordinates": [[-95.3837272993031, 29.7252345042007], [-95.3839945301277, 29.7248853917852], [-95.3841699560677, 29.7246604222046]]}, "properties": {"centerlineid": 10137024, "roadclass": "LOCAL", "fullname": "LA BRANCH ST", "fromleft": 5301, "toleft": 5399, "fromright": 5300, "toright": 5398, "onewaydir": " "}}, {"type": "Feature", "geometry": {"type": "LineString", "coordinates": [[-95.3918833248827, 29.7261481206745], [-95.3923332902618, 29.7261499146278]]}, "properties": {"centerlineid": 10137039, "roadclass": "MAJOR", "fullname": "BISSONNET ST", "fromleft": 1101, "toleft": 1111, "fromright": 1100, "toright": 1110, "onewaydir": " "}}, {"type": "Feature", "geometry": {"type": "LineString", "coordinates": [[-95.3841852540892, 29.7341512547085], [-95.3834494050212, 29.7336862159226], [-95.3833763621065, 29.7336401449539]]}, "properties": {"centerlineid": 10137105, "roadclass": "LOCAL", "fullname": "ROSEWOOD ST", "fromleft": 901, "toleft": 999, "fromright": 900, "toright": 998, "onewaydir": " "}}, {"type": "Feature", "geometry": {"type": "LineString", "coordinates": [[-95.3694375528831, 29.7343077533185], [-95.3690866311849, 29.7340903064518]]}, "properties": {"centerlineid": 10137176, "roadclass": "LOCAL", "fullname": "HOLMAN ST", "fromleft": 2001, "toleft": 2099, "fromright": 2000, "toright": 2098, "onewaydir": " "}}, {"type": "Feature", "geometry": {"type": "LineString", "coordinates": [[-95.3682168785689, 29.7335810360945], [-95.3673851490131, 29.7330699530158]]}, "properties": {"centerlineid": 10137179, "roadclass": "LOCAL", "fullname": "HOLMAN ST", "fromleft": 2201, "toleft": 2299, "fromright": 2200, "toright": 2298, "onewaydir": " "}}, {"type": "Feature", "geometry": {"type": "LineString", "coordinates": [[-95.368781379535, 29.7328906149024], [-95.3687432624169, 29.7328429244586], [-95.3686898789095, 29.7328123111125], [-95.3679421287493, 29.7323603068132]]}, "properties": {"centerlineid": 10137183, "roadclass": "LOCAL", "fullname": "BERRY ST", "fromleft": 2201, "toleft": 2299, "fromright": 2200, "toright": 2298, "onewaydir": " "}}, {"type": "Feature", "geometry": {"type": "LineString", "coordinates": [[-95.3702005613769, 29.7375062980027], [-95.3696664433932, 29.7371820614691], [-95.369361159061, 29.736989485173]]}, "properties": {"centerlineid": 10137204, "roadclass": "MAJOR", "fullname": "ELGIN ST", "fromleft": 1801, "toleft": 1899, "fromright": 1800, "toright": 1898, "onewaydir": " "}}, {"type": "Feature", "geometry": {"type": "LineString", "coordinates": [[-95.3814129896481, 29.7376663419136], [-95.3814882024679, 29.7376251445118], [-95.3815150644552, 29.7376007931779], [-95.3815378663677, 29.7375751361017], [-95.3815585331811, 29.7375441687891], [-95.3815814811583, 29.7374989339161], [-95.3817233605453, 29.7371559829131]]}, "properties": {"centerlineid": 10137245, "roadclass": "LOCAL", "fullname": "TRAVIS ST", "fromleft": 3901, "toleft": 4099, "fromright": 3900, "toright": 4098, "onewaydir": "FT"}}, {"type": "Feature", "geometry": {"type": "LineString", "coordinates": [[-95.3771812816976, 29.7334589779733], [-95.3762641626625, 29.7328992036517], [-95.3760966498826, 29.7327922011705], [-95.3760431190657, 29.7327634565417], [-95.3758996211215, 29.7326863982949], [-95.3754571568292, 29.7324211479192]]}, "properties": {"centerlineid": 10137386, "roadclass": "LOCAL", "fullname": "CLEBURNE ST", "fromleft": 1501, "toleft": 1699, "fromright": 1500, "toright": 1698, "onewaydir": " "}}, {"type": "Feature", "geometry": {"type": "LineString", "coordinates": [[-95.3812860869689, 29.7395242425101], [-95.3804238244329, 29.7390113024219]]}, "properties": {"centerlineid": 10137461, "roadclass": "LOCAL", "fullname": "WINBERN ST", "fromleft": 801, "toleft": 899, "fromright": 800, "toright": 898, "onewaydir": " "}}, {"type": "Feature", "geometry": {"type": "LineString", "coordinates": [[-95.3819268129219, 29.7414717058928], [-95.3819115393677, 29.74006408748], [-95.3820032596581, 29.7395128173143], [-95.3821022531846, 29.7391276735691], [-95.382210607585, 29.7388996744073], [-95.3823597727506, 29.7386184552543], [-95.3824553656102, 29.7384272605891], [-95.3824561324589, 29.7384257252751], [-95.3827013607498, 29.7381024546785], [-95.3829458200607, 29.7378008682022], [-95.3832677335261, 29.7374188976019], [-95.3836231469818, 29.7369336538631]]}, "properties": {"centerlineid": 10137510, "roadclass": "MAJOR", "fullname": "BAGBY ST", "fromleft": 0, "toleft": 0, "fromright": 3640, "toright": 3998, "onewaydir": "FT"}}, {"type": "Feature", "geometry": {"type": "LineString", "coordinates": [[-95.3805917909491, 29.7371763431443], [-95.3810367733175, 29.7366072303175]]}, "properties": {"centerlineid": 10137521, "roadclass": "MAJOR", "fullname": "MAIN ST", "fromleft": 3901, "toleft": 3999, "fromright": 3900, "toright": 3998, "onewaydir": " "}}, {"type": "Feature", "geometry": {"type": "LineString", "coordinates": [[-95.3771812898657, 29.7398448455052], [-95.3776545256018, 29.7392515626459]]}, "properties": {"centerlineid": 10137605, "roadclass": "MAJOR", "fullname": "FANNIN ST", "fromleft": 3401, "toleft": 3499, "fromright": 3400, "toright": 3498, "onewaydir": "FT"}}, {"type": "Feature", "geometry": {"type": "LineString", "coordinates": [[-95.3702005613769, 29.7375062980027], [-95.370787918545, 29.7368044405245]]}, "properties": {"centerlineid": 10137634, "roadclass": "LOCAL", "fullname": "CHENEVERT ST", "fromleft": 3201, "toleft": 3299, "fromright": 3200, "toright": 3298, "onewaydir": "FT"}}, {"type": "Feature", "geometry": {"type": "LineString", "coordinates": [[-95.3784325774539, 29.7350801396383], [-95.3775641877663, 29.7345647116003]]}, "properties": {"centerlineid": 10137640, "roadclass": "LOCAL", "fullname": "ISABELLA ST", "fromleft": 1301, "toleft": 1399, "fromright": 1300, "toright": 1398, "onewaydir": " "}}, {"type": "Feature", "geometry": {"type": "LineString", "coordinates": [[-95.3992685781971, 29.7352366365553], [-95.3992830359365, 29.7350684552418], [-95.3993148674375, 29.7349626723777], [-95.3993655428786, 29.7348205796812], [-95.3994426131588, 29.734636812724], [-95.3994752898328, 29.7345442589259], [-95.3995046846681, 29.7344255561777]]}, "properties": {"centerlineid": 10136989, "roadclass": "LOCAL", "fullname": "MANDELL ST", "fromleft": 4201, "toleft": 4299, "fromright": 4200, "toright": 4298, "onewaydir": " "}}, {"type": "Feature", "geometry": {"type": "LineString", "coordinates": [[-95.3703301780141, 29.7293256368117], [-95.3708946774176, 29.7286162287454]]}, "properties": {"centerlineid": 10137726, "roadclass": "LOCAL", "fullname": "BASTROP ST", "fromleft": 4101, "toleft": 4199, "fromright": 4100, "toright": 4198, "onewaydir": " "}}, {"type": "Feature", "geometry": {"type": "LineString", "coordinates": [[-95.3770441403823, 29.7416567230373], [-95.3761896482029, 29.7411036358282]]}, "properties": {"centerlineid": 10135733, "roadclass": "MAJOR", "fullname": "ELGIN ST", "fromleft": 1001, "toleft": 1099, "fromright": 1000, "toright": 1098, "onewaydir": " "}}, {"type": "Feature", "geometry": {"type": "LineString", "coordinates": [[-95.3726876394598, 29.7407374313822], [-95.3731378538187, 29.7401613111999]]}, "properties": {"centerlineid": 10136188, "roadclass": "LOCAL", "fullname": "AUSTIN ST", "fromleft": 3001, "toleft": 3099, "fromright": 3000, "toright": 3098, "onewaydir": "FT"}}, {"type": "Feature", "geometry": {"type": "LineString", "coordinates": [[-95.3798134722634, 29.7414068925621], [-95.3798164418746, 29.741402785429], [-95.3802561138718, 29.7408117970858]]}, "properties": {"centerlineid": 10136350, "roadclass": "LOCAL", "fullname": "MILAM ST", "fromleft": 3401, "toleft": 3499, "fromright": 3400, "toright": 3498, "onewaydir": "FT"}}, {"type": "Feature", "geometry": {"type": "LineString", "coordinates": [[-95.3796457585866, 29.7432131075497], [-95.380202525602, 29.7424920560272]]}, "properties": {"centerlineid": 10136361, "roadclass": "MAJOR", "fullname": "LOUISIANA ST", "fromleft": 3201, "toleft": 3299, "fromright": 3200, "toright": 3298, "onewaydir": "FT"}}, {"type": "Feature", "geometry": {"type": "LineString", "coordinates": [[-95.3837731842356, 29.7235426332241], [-95.3829186744575, 29.7230143763781]]}, "properties": {"centerlineid": 10136511, "roadclass": "LOCAL", "fullname": "CALUMET ST", "fromleft": 1601, "toleft": 1699, "fromright": 1600, "toright": 1698, "onewaydir": " "}}, {"type": "Feature", "geometry": {"type": "LineString", "coordinates": [[-95.3956903815734, 29.7369723660191], [-95.3973687908916, 29.7369589012426], [-95.3974909056264, 29.7369588824255]]}, "properties": {"centerlineid": 10136707, "roadclass": "LOCAL", "fullname": "BRANARD ST", "fromleft": 1401, "toleft": 1499, "fromright": 1400, "toright": 1498, "onewaydir": " "}}, {"type": "Feature", "geometry": {"type": "LineString", "coordinates": [[-95.3859399171441, 29.7424272966472], [-95.3865349560714, 29.7424197632902]]}, "properties": {"centerlineid": 10134474, "roadclass": "LOCAL", "fullname": "HAWTHORNE ST", "fromleft": 515, "toleft": 599, "fromright": 514, "toright": 598, "onewaydir": " "}}, {"type": "Feature", "geometry": {"type": "LineString", "coordinates": [[-95.3859399110996, 29.7434973868403], [-95.3872292831301, 29.7434649922449]]}, "properties": {"centerlineid": 10134485, "roadclass": "MAJOR", "fullname": "LOVETT BLVD", "fromleft": 401, "toleft": 499, "fromright": 400, "toright": 498, "onewaydir": " "}}, {"type": "Feature", "geometry": {"type": "LineString", "coordinates": [[-95.3889230201643, 29.7413724294158], [-95.3899071057042, 29.7413592247725]]}, "properties": {"centerlineid": 10134492, "roadclass": "LOCAL", "fullname": "HAROLD ST", "fromleft": 801, "toleft": 899, "fromright": 800, "toright": 898, "onewaydir": " "}}, {"type": "Feature", "geometry": {"type": "LineString", "coordinates": [[-95.389823415318, 29.7285665261689], [-95.390303932124, 29.7285608204108]]}, "properties": {"centerlineid": 10136808, "roadclass": "LOCAL", "fullname": "BARKDULL ST", "fromleft": 801, "toleft": 899, "fromright": 800, "toright": 898, "onewaydir": " "}}, {"type": "Feature", "geometry": {"type": "LineString", "coordinates": [[-95.3946220954803, 29.7260908252992], [-95.3945839896561, 29.7254195716455]]}, "properties": {"centerlineid": 10136820, "roadclass": "LOCAL", "fullname": "SHADOW LAWN ST", "fromleft": 1, "toleft": 5, "fromright": 2, "toright": 4, "onewaydir": " "}}, {"type": "Feature", "geometry": {"type": "LineString", "coordinates": [[-95.3981546219028, 29.7279066396725], [-95.3994593098847, 29.7278799392286]]}, "properties": {"centerlineid": 10136859, "roadclass": "LOCAL", "fullname": "NORTH BLVD", "fromleft": 1501, "toleft": 1599, "fromright": 1500, "toright": 1598, "onewaydir": " "}}, {"type": "Feature", "geometry": {"type": "LineString", "coordinates": [[-95.3925470560959, 29.7370122856731], [-95.3925393467845, 29.7361539232682]]}, "properties": {"centerlineid": 10136946, "roadclass": "LOCAL", "fullname": "YOAKUM BLVD", "fromleft": 4001, "toleft": 4099, "fromright": 4000, "toright": 4098, "onewaydir": " "}}, {"type": "Feature", "geometry": {"type": "LineString", "coordinates": [[-95.3923332902618, 29.7261499146278], [-95.3926903691413, 29.7261485523115], [-95.3927912211889, 29.726148104302]]}, "properties": {"centerlineid": 10137053, "roadclass": "MAJOR", "fullname": "BISSONNET ST", "fromleft": 1113, "toleft": 1119, "fromright": 1112, "toright": 1118, "onewaydir": " "}}, {"type": "Feature", "geometry": {"type": "LineString", "coordinates": [[-95.3848793742002, 29.7353986602938], [-95.3847816784688, 29.7353970461282], [-95.3846721014975, 29.735403662031]]}, "properties": {"centerlineid": 10137079, "roadclass": "LOCAL", "fullname": "COLQUITT ST", "fromleft": 0, "toleft": 0, "fromright": 0, "toright": 0, "onewaydir": " "}}, {"type": "Feature", "geometry": {"type": "LineString", "coordinates": [[-95.3854340121294, 29.7388803996585], [-95.3864893111768, 29.7388682620104]]}, "properties": {"centerlineid": 10137088, "roadclass": "MAJOR", "fullname": "W ALABAMA ST", "fromleft": 501, "toleft": 599, "fromright": 500, "toright": 598, "onewaydir": " "}}, {"type": "Feature", "geometry": {"type": "LineString", "coordinates": [[-95.384839169253, 29.7345563507033], [-95.3849379117444, 29.7344572736583], [-95.3850218409776, 29.734359228704], [-95.3851204135767, 29.7342185890748], [-95.3854142868704, 29.7338464296359]]}, "properties": {"centerlineid": 10137110, "roadclass": "RAMP", "fullname": "SOUTHWEST FWY", "fromleft": 541, "toleft": 599, "fromright": 540, "toright": 598, "onewaydir": "FT"}}, {"type": "Feature", "geometry": {"type": "LineString", "coordinates": [[-95.3666527317931, 29.7308612337679], [-95.3658516137273, 29.7303729262327], [-95.3657601345931, 29.7303136001519]]}, "properties": {"centerlineid": 10137190, "roadclass": "LOCAL", "fullname": "WINBERN ST", "fromleft": 2501, "toleft": 2599, "fromright": 2500, "toright": 2598, "onewaydir": " "}}, {"type": "Feature", "geometry": {"type": "LineString", "coordinates": [[-95.3826897958707, 29.7265485300238], [-95.3831627929861, 29.7259381967577]]}, "properties": {"centerlineid": 10137244, "roadclass": "LOCAL", "fullname": "LA BRANCH ST", "fromleft": 5101, "toleft": 5199, "fromright": 5100, "toright": 5198, "onewaydir": " "}}, {"type": "Feature", "geometry": {"type": "LineString", "coordinates": [[-95.3742364966686, 29.7371898128225], [-95.3738192378182, 29.7369469837052]]}, "properties": {"centerlineid": 10137291, "roadclass": "LOCAL", "fullname": "HOLMAN ST", "fromleft": 1501, "toleft": 1505, "fromright": 1500, "toright": 1504, "onewaydir": " "}}, {"type": "Feature", "geometry": {"type": "LineString", "coordinates": [[-95.3801415864371, 29.7250131696], [-95.3800348003054, 29.724946553141], [-95.3783716667742, 29.7239432819968]]}, "properties": {"centerlineid": 10137337, "roadclass": "LOCAL", "fullname": "PALM ST", "fromleft": 1801, "toleft": 1899, "fromright": 1800, "toright": 1898, "onewaydir": " "}}, {"type": "Feature", "geometry": {"type": "LineString", "coordinates": [[-95.370238708436, 29.7246661488744], [-95.3701166330364, 29.7245860400067], [-95.3685219073651, 29.7236340852332]]}, "properties": {"centerlineid": 10137355, "roadclass": "LOCAL", "fullname": "RUTH ST", "fromleft": 2601, "toleft": 2799, "fromright": 2600, "toright": 2798, "onewaydir": " "}}, {"type": "Feature", "geometry": {"type": "LineString", "coordinates": [[-95.3797181069331, 29.7302885221921], [-95.3801930227363, 29.7296949666503]]}, "properties": {"centerlineid": 10137376, "roadclass": "LOCAL", "fullname": "LA BRANCH ST", "fromleft": 4601, "toleft": 4699, "fromright": 4600, "toright": 4698, "onewaydir": " "}}, {"type": "Feature", "geometry": {"type": "LineString", "coordinates": [[-95.3700935597531, 29.7328429105541], [-95.3698266185109, 29.7326845412102], [-95.3692315639618, 29.7323240420385]]}, "properties": {"centerlineid": 10137403, "roadclass": "LOCAL", "fullname": "WINBERN ST", "fromleft": 2101, "toleft": 2199, "fromright": 2100, "toright": 2198, "onewaydir": " "}}, {"type": "Feature", "geometry": {"type": "LineString", "coordinates": [[-95.3725923864089, 29.7335079746133], [-95.3725452558546, 29.7334779598233], [-95.3720887744282, 29.7332287286174], [-95.3717618467107, 29.7330107063716], [-95.3714870837115, 29.7328270549619], [-95.3713034411097, 29.732703317966], [-95.3712152539204, 29.732643185648], [-95.3710551185824, 29.7325379653014], [-95.3710240860485, 29.7325184330914]]}, "properties": {"centerlineid": 10137434, "roadclass": "MAJOR", "fullname": "ALABAMA ST", "fromleft": 0, "toleft": 0, "fromright": 0, "toright": 0, "onewaydir": " "}}, {"type": "Feature", "geometry": {"type": "MultiLineString", "coordinates": [[[-95.3760966498826, 29.7327922011705], [-95.3760334970749, 29.7328488318681]], [[-95.376136542573, 29.7327564265633], [-95.3760966498826, 29.7327922011705]], [[-95.3761627072143, 29.7327329634891], [-95.376136542573, 29.7327564265633]]]}, "properties": {"centerlineid": 10137531, "roadclass": "LOCAL", "fullname": "CRAWFORD ST", "fromleft": 4111, "toleft": 4159, "fromright": 4110, "toright": 4158, "onewaydir": "FT"}}, {"type": "Feature", "geometry": {"type": "LineString", "coordinates": [[-95.370238708436, 29.7246661488744], [-95.370749818673, 29.7240290722563]]}, "properties": {"centerlineid": 10137546, "roadclass": "LOCAL", "fullname": "LIVE OAK ST", "fromleft": 4601, "toleft": 4699, "fromright": 4600, "toright": 4698, "onewaydir": " "}}, {"type": "Feature", "geometry": {"type": "LineString", "coordinates": [[-95.3838799424719, 29.7424368824973], [-95.3838646756626, 29.741586220271]]}, "properties": {"centerlineid": 10134030, "roadclass": "LOCAL", "fullname": "FLORA ST", "fromleft": 3401, "toleft": 3499, "fromright": 3400, "toright": 3498, "onewaydir": " "}}, {"type": "Feature", "geometry": {"type": "LineString", "coordinates": [[-95.3657601193263, 29.7367204706325], [-95.3662712338787, 29.7360738276133], [-95.366744485153, 29.7354694177032]]}, "properties": {"centerlineid": 10137704, "roadclass": "LOCAL", "fullname": "HUTCHINS ST", "fromleft": 3001, "toleft": 3199, "fromright": 3000, "toright": 3198, "onewaydir": " "}}, {"type": "Feature", "geometry": {"type": "LineString", "coordinates": [[-95.3752053270365, 29.7329973779652], [-95.3753074558318, 29.7329879087415], [-95.375944261791, 29.7329288646089], [-95.3762641626625, 29.7328992036517], [-95.3776929831981, 29.7327938049059], [-95.3778945125288, 29.7327844973606], [-95.3790155133125, 29.7327079590088], [-95.3791619870037, 29.7326991822761], [-95.3798212325064, 29.7326596728506]]}, "properties": {"centerlineid": 10137750, "roadclass": "FREEWAY", "fullname": "S US 59", "fromleft": 0, "toleft": 0, "fromright": 300, "toright": 498, "onewaydir": "FT"}}, {"type": "Feature", "geometry": {"type": "LineString", "coordinates": [[-95.3716042993618, 29.7315400304398], [-95.3716652292299, 29.731118601107], [-95.371718853708, 29.7307676800842]]}, "properties": {"centerlineid": 10137754, "roadclass": "FREEWAY", "fullname": "SH 288", "fromleft": 3901, "toleft": 3999, "fromright": 0, "toright": 0, "onewaydir": "TF"}}, {"type": "Feature", "geometry": {"type": "LineString", "coordinates": [[-95.3716424276611, 29.7335045839913], [-95.3715737507401, 29.7337106595119], [-95.3715263512108, 29.7338582578548], [-95.3714637710388, 29.7340736427945], [-95.3713677113277, 29.7343725638386], [-95.3712533768392, 29.7346320123501], [-95.3711007185155, 29.7348494423143], [-95.3709992653757, 29.7349640268392], [-95.3707910979656, 29.7351972190919], [-95.3705896103049, 29.7354235351548], [-95.3699945477405, 29.7360186103857], [-95.3696969984425, 29.7363143089991], [-95.3694528675115, 29.7365183254568], [-95.369101948334, 29.7368158340183]]}, "properties": {"centerlineid": 10137757, "roadclass": "RAMP", "fullname": "SB 59 S TO SB 288 RAMP", "fromleft": 1, "toleft": 3, "fromright": 2, "toright": 4, "onewaydir": "TF"}}, {"type": "Feature", "geometry": {"type": "LineString", "coordinates": [[-95.3766395942476, 29.743117743331], [-95.3761209512875, 29.7428126522521]]}, "properties": {"centerlineid": 10135728, "roadclass": "LOCAL", "fullname": "ANITA ST", "fromleft": 915, "toleft": 999, "fromright": 914, "toright": 998, "onewaydir": " "}}, {"type": "Feature", "geometry": {"type": "LineString", "coordinates": [[-95.3752434056062, 29.7422766601635], [-95.3743814099217, 29.7417578278534]]}, "properties": {"centerlineid": 10135756, "roadclass": "LOCAL", "fullname": "ANITA ST", "fromleft": 1101, "toleft": 1199, "fromright": 1100, "toright": 1198, "onewaydir": " "}}, {"type": "Feature", "geometry": {"type": "LineString", "coordinates": [[-95.3730887960399, 29.7434275681762], [-95.3723673338974, 29.7429728220344], [-95.3722374811755, 29.7428964130949]]}, "properties": {"centerlineid": 10135905, "roadclass": "LOCAL", "fullname": "DENNIS ST", "fromleft": 1201, "toleft": 1299, "fromright": 1200, "toright": 1298, "onewaydir": " "}}, {"type": "Feature", "geometry": {"type": "LineString", "coordinates": [[-95.3994515770618, 29.7261460672577], [-95.399444020668, 29.7257303221877]]}, "properties": {"centerlineid": 10136738, "roadclass": "LOCAL", "fullname": "MANDELL ST", "fromleft": 5219, "toleft": 5299, "fromright": 5218, "toright": 5298, "onewaydir": " "}}, {"type": "Feature", "geometry": {"type": "LineString", "coordinates": [[-95.3975137124866, 29.7395662437588], [-95.3993295229697, 29.7395452377322]]}, "properties": {"centerlineid": 10136781, "roadclass": "LOCAL", "fullname": "MARSHALL ST", "fromleft": 1501, "toleft": 1599, "fromright": 1500, "toright": 1598, "onewaydir": " "}}, {"type": "Feature", "geometry": {"type": "LineString", "coordinates": [[-95.3911509179318, 29.7361730913623], [-95.3925393467845, 29.7361539232682]]}, "properties": {"centerlineid": 10136791, "roadclass": "LOCAL", "fullname": "W MAIN ST", "fromleft": 1001, "toleft": 1099, "fromright": 1000, "toright": 1098, "onewaydir": " "}}, {"type": "Feature", "geometry": {"type": "LineString", "coordinates": [[-95.390281085582, 29.7333846017414], [-95.3903572883162, 29.7333654417731], [-95.3904488163702, 29.7333635818725], [-95.3911125893967, 29.7333596960513]]}, "properties": {"centerlineid": 10136828, "roadclass": "LOCAL", "fullname": "OAKLEY ST", "fromleft": 913, "toleft": 999, "fromright": 912, "toright": 998, "onewaydir": " "}}, {"type": "Feature", "geometry": {"type": "LineString", "coordinates": [[-95.3902811231639, 29.7325759391125], [-95.390479398062, 29.7325759321987], [-95.3910975188239, 29.7325681648102]]}, "properties": {"centerlineid": 10136829, "roadclass": "LOCAL", "fullname": "WOODROW ST", "fromleft": 911, "toleft": 999, "fromright": 910, "toright": 998, "onewaydir": " "}}, {"type": "Feature", "geometry": {"type": "LineString", "coordinates": [[-95.3980478474166, 29.7279887561281], [-95.3981546219028, 29.7279066396725]]}, "properties": {"centerlineid": 10136856, "roadclass": "LOCAL", "fullname": "NORTH BLVD", "fromleft": 1413, "toleft": 1499, "fromright": 1412, "toright": 1498, "onewaydir": " "}}, {"type": "Feature", "geometry": {"type": "LineString", "coordinates": [[-95.386161214086, 29.7344985194347], [-95.3861612120051, 29.7340636253663]]}, "properties": {"centerlineid": 10136875, "roadclass": "LOCAL", "fullname": "ELSBURY ST", "fromleft": 4301, "toleft": 4399, "fromright": 4300, "toright": 4398, "onewaydir": " "}}, {"type": "Feature", "geometry": {"type": "LineString", "coordinates": [[-95.3898233791883, 29.7345195307324], [-95.389823397253, 29.7343668606898], [-95.3898081015742, 29.7333921370101]]}, "properties": {"centerlineid": 10136987, "roadclass": "LOCAL", "fullname": "ROSELAND ST", "fromleft": 4301, "toleft": 4399, "fromright": 4300, "toright": 4398, "onewaydir": " "}}, {"type": "Feature", "geometry": {"type": "LineString", "coordinates": [[-95.3909601677048, 29.7243779520529], [-95.391089735853, 29.7242903135149], [-95.3911737377552, 29.724210240607], [-95.3912195747918, 29.724116672046], [-95.3912652291407, 29.7240042129958], [-95.3912880083129, 29.7238287578852], [-95.3912729419016, 29.723733362281]]}, "properties": {"centerlineid": 10137030, "roadclass": "MAJOR", "fullname": "MAIN ST", "fromleft": 5801, "toleft": 5849, "fromright": 0, "toright": 0, "onewaydir": "FT"}}, {"type": "Feature", "geometry": {"type": "LineString", "coordinates": [[-95.3829798483439, 29.7341322955398], [-95.3833763621065, 29.7336401449539]]}, "properties": {"centerlineid": 10137050, "roadclass": "MAJOR", "fullname": "MAIN ST", "fromleft": 4401, "toleft": 4499, "fromright": 4400, "toright": 4498, "onewaydir": " "}}, {"type": "Feature", "geometry": {"type": "LineString", "coordinates": [[-95.3946220954803, 29.7260908252992], [-95.3946637202486, 29.7260389506485], [-95.394670475302, 29.7260306742052], [-95.3946773807839, 29.7260224943368], [-95.3946844354024, 29.7260144110083], [-95.3946916377468, 29.7260064275671], [-95.394698985194, 29.7259985450708], [-95.3947064775846, 29.7259907680285], [-95.3947141110839, 29.7259830952088], [-95.3947218829494, 29.7259755310512], [-95.3947297944726, 29.7259680755904], [-95.3949195888149, 29.7258676857438], [-95.3951028449999, 29.7257914902068], [-95.3952555007581, 29.7257684329537], [-95.3952634959775, 29.7257684145425], [-95.3955605771106, 29.7257665944664], [-95.3961937286711, 29.7257666044711]]}, "properties": {"centerlineid": 10137056, "roadclass": "MAJOR", "fullname": "BISSONNET ST", "fromleft": 1301, "toleft": 1321, "fromright": 1300, "toright": 1320, "onewaydir": " "}}, {"type": "Feature", "geometry": {"type": "LineString", "coordinates": [[-95.3855127706709, 29.7309623315131], [-95.3859341390672, 29.7304131664291]]}, "properties": {"centerlineid": 10137059, "roadclass": "MAJOR", "fullname": "MAIN ST", "fromleft": 4817, "toleft": 4899, "fromright": 4816, "toright": 4898, "onewaydir": " "}}, {"type": "Feature", "geometry": {"type": "LineString", "coordinates": [[-95.3824531860971, 29.7300010200023], [-95.3815836593993, 29.7294801190103]]}, "properties": {"centerlineid": 10137151, "roadclass": "LOCAL", "fullname": "WENTWORTH ST", "fromleft": 1301, "toleft": 1399, "fromright": 1300, "toright": 1398, "onewaydir": " "}}, {"type": "Feature", "geometry": {"type": "LineString", "coordinates": [[-95.3813698398657, 29.7265866546441], [-95.3818047226736, 29.7260278615827]]}, "properties": {"centerlineid": 10137161, "roadclass": "MAJOR", "fullname": "CRAWFORD ST", "fromleft": 5001, "toleft": 5099, "fromright": 5000, "toright": 5098, "onewaydir": " "}}, {"type": "Feature", "geometry": {"type": "LineString", "coordinates": [[-95.3778527918124, 29.7310481155824], [-95.3783638928924, 29.7303823087635]]}, "properties": {"centerlineid": 10137166, "roadclass": "MAJOR", "fullname": "CRAWFORD ST", "fromleft": 4401, "toleft": 4499, "fromright": 4400, "toright": 4498, "onewaydir": " "}}, {"type": "Feature", "geometry": {"type": "LineString", "coordinates": [[-95.3783638928924, 29.7303823087635], [-95.3788368860129, 29.729777850885]]}, "properties": {"centerlineid": 10137168, "roadclass": "MAJOR", "fullname": "CRAWFORD ST", "fromleft": 4501, "toleft": 4599, "fromright": 4500, "toright": 4598, "onewaydir": " "}}, {"type": "Feature", "geometry": {"type": "LineString", "coordinates": [[-95.3767235603988, 29.7404036117685], [-95.3758690900672, 29.7398847596213]]}, "properties": {"centerlineid": 10137239, "roadclass": "LOCAL", "fullname": "STUART ST", "fromleft": 1101, "toleft": 1199, "fromright": 1100, "toright": 1198, "onewaydir": " "}}, {"type": "Feature", "geometry": {"type": "LineString", "coordinates": [[-95.3718942878996, 29.7385362636254], [-95.3710397821889, 29.7380059818058]]}, "properties": {"centerlineid": 10137287, "roadclass": "MAJOR", "fullname": "ELGIN ST", "fromleft": 1601, "toleft": 1699, "fromright": 1600, "toright": 1698, "onewaydir": " "}}, {"type": "Feature", "geometry": {"type": "LineString", "coordinates": [[-95.3770441668288, 29.7277959537324], [-95.3758768071724, 29.7271265219272]]}, "properties": {"centerlineid": 10137411, "roadclass": "MAJOR", "fullname": "BLODGETT ST", "fromleft": 1901, "toleft": 1999, "fromright": 1900, "toright": 1998, "onewaydir": " "}}, {"type": "Feature", "geometry": {"type": "LineString", "coordinates": [[-95.373924135937, 29.7296034151297], [-95.3743930070944, 29.7290085375588]]}, "properties": {"centerlineid": 10137435, "roadclass": "LOCAL", "fullname": "CHARTRES ST", "fromleft": 4301, "toleft": 4399, "fromright": 4300, "toright": 4398, "onewaydir": " "}}, {"type": "Feature", "geometry": {"type": "LineString", "coordinates": [[-95.3822321041427, 29.7271132701439], [-95.3813698398657, 29.7265866546441]]}, "properties": {"centerlineid": 10137512, "roadclass": "LOCAL", "fullname": "WICHITA ST", "fromleft": 1501, "toleft": 1599, "fromright": 1500, "toright": 1598, "onewaydir": " "}}, {"type": "Feature", "geometry": {"type": "LineString", "coordinates": [[-95.37862331163, 29.7332187225479], [-95.3778945125288, 29.7327844973606], [-95.3777716176314, 29.7327094470738]]}, "properties": {"centerlineid": 10137646, "roadclass": "LOCAL", "fullname": "EAGLE ST", "fromleft": 1401, "toleft": 1499, "fromright": 1400, "toright": 1498, "onewaydir": " "}}, {"type": "Feature", "geometry": {"type": "LineString", "coordinates": [[-95.3650201669826, 29.7344736739498], [-95.3656152591345, 29.7337526500456]]}, "properties": {"centerlineid": 10137663, "roadclass": "MAJOR", "fullname": "EMANCIPATION AVE", "fromleft": 3201, "toleft": 3299, "fromright": 3200, "toright": 3298, "onewaydir": " "}}, {"type": "Feature", "geometry": {"type": "LineString", "coordinates": [[-95.3658822149081, 29.7349790347612], [-95.3664316479445, 29.7342618859344]]}, "properties": {"centerlineid": 10137666, "roadclass": "LOCAL", "fullname": "BASTROP ST", "fromleft": 3201, "toleft": 3299, "fromright": 3200, "toright": 3298, "onewaydir": " "}}, {"type": "Feature", "geometry": {"type": "LineString", "coordinates": [[-95.3993141877008, 29.7428012324455], [-95.3993753710835, 29.7428030629967], [-95.40048928199, 29.7427953174035]]}, "properties": {"centerlineid": 10134079, "roadclass": "MAJOR", "fullname": "WESTHEIMER RD", "fromleft": 1601, "toleft": 1627, "fromright": 1600, "toright": 1626, "onewaydir": " "}}, {"type": "Feature", "geometry": {"type": "LineString", "coordinates": [[-95.4022058247565, 29.7303975832545], [-95.4033044624381, 29.7303822888062], [-95.403380695573, 29.7303651703425], [-95.4034493842675, 29.7303594793434], [-95.4043650418016, 29.7303519630445], [-95.4044106774472, 29.7303213703365], [-95.4044412223439, 29.7302698114803]]}, "properties": {"centerlineid": 10132210, "roadclass": "LOCAL", "fullname": "VASSAR ST", "fromleft": 1705, "toleft": 1799, "fromright": 1704, "toright": 1798, "onewaydir": " "}}, {"type": "Feature", "geometry": {"type": "LineString", "coordinates": [[-95.36527958446, 29.7373269588742], [-95.3657601193263, 29.7367204706325]]}, "properties": {"centerlineid": 10137699, "roadclass": "LOCAL", "fullname": "HUTCHINS ST", "fromleft": 2901, "toleft": 2999, "fromright": 2900, "toright": 2998, "onewaydir": " "}}, {"type": "Feature", "geometry": {"type": "LineString", "coordinates": [[-95.3704675493328, 29.7275748874489], [-95.3709711434262, 29.7269471886458]]}, "properties": {"centerlineid": 10137713, "roadclass": "MAJOR", "fullname": "EMANCIPATION AVE", "fromleft": 4301, "toleft": 4399, "fromright": 4300, "toright": 4398, "onewaydir": " "}}, {"type": "Feature", "geometry": {"type": "LineString", "coordinates": [[-95.3756479847603, 29.7327931870254], [-95.3753614136315, 29.7327880026054], [-95.3751291266655, 29.732783799039], [-95.373854986777, 29.7328276039551], [-95.3733285775692, 29.7328161912973], [-95.3730004738412, 29.7327799089134], [-95.3727791418742, 29.7326998608324], [-95.3725961449266, 29.7325909846301], [-95.3724435159634, 29.7324689285301], [-95.3723289988315, 29.7323108304723], [-95.3722374544286, 29.7321122770899], [-95.3722068855266, 29.7318702072541], [-95.3722146778973, 29.7317079785942], [-95.3724054059659, 29.7307448728864]]}, "properties": {"centerlineid": 10137777, "roadclass": "RAMP", "fullname": "59 S NB TO SB 288 RAMP", "fromleft": 0, "toleft": 0, "fromright": 0, "toright": 0, "onewaydir": "FT"}}, {"type": "Feature", "geometry": {"type": "LineString", "coordinates": [[-95.3685219073651, 29.7236340852332], [-95.3668282169248, 29.7226080188848]]}, "properties": {"centerlineid": 10137828, "roadclass": "LOCAL", "fullname": "RUTH ST", "fromleft": 2801, "toleft": 2999, "fromright": 2800, "toright": 2998, "onewaydir": " "}}, {"type": "Feature", "geometry": {"type": "LineString", "coordinates": [[-95.3791725370714, 29.743796768991], [-95.3796457585866, 29.7432131075497]]}, "properties": {"centerlineid": 10136300, "roadclass": "MAJOR", "fullname": "LOUISIANA ST", "fromleft": 3101, "toleft": 3199, "fromright": 3100, "toright": 3198, "onewaydir": "FT"}}, {"type": "Feature", "geometry": {"type": "LineString", "coordinates": [[-95.4020837579296, 29.7257800851968], [-95.4020837650689, 29.7256922137596]]}, "properties": {"centerlineid": 10136571, "roadclass": "MAJOR", "fullname": "DUNLAVY ST", "fromleft": 5231, "toleft": 5299, "fromright": 5230, "toright": 5298, "onewaydir": " "}}, {"type": "Feature", "geometry": {"type": "LineString", "coordinates": [[-95.3856576749116, 29.7291615842495], [-95.384795625505, 29.7286504903747]]}, "properties": {"centerlineid": 10136576, "roadclass": "LOCAL", "fullname": "WICHITA ST", "fromleft": 1101, "toleft": 1199, "fromright": 1100, "toright": 1198, "onewaydir": " "}}, {"type": "Feature", "geometry": {"type": "LineString", "coordinates": [[-95.3925393467845, 29.7361539232682], [-95.3937219157827, 29.736134965186]]}, "properties": {"centerlineid": 10136668, "roadclass": "PRIVATE", "fullname": "W MAIN ST", "fromleft": 1101, "toleft": 1199, "fromright": 1100, "toright": 1198, "onewaydir": " "}}, {"type": "Feature", "geometry": {"type": "LineString", "coordinates": [[-95.3993219845828, 29.7386985102419], [-95.4015343456073, 29.7386640350759]]}, "properties": {"centerlineid": 10136787, "roadclass": "MAJOR", "fullname": "W ALABAMA ST", "fromleft": 1601, "toleft": 1649, "fromright": 1600, "toright": 1648, "onewaydir": " "}}, {"type": "Feature", "geometry": {"type": "LineString", "coordinates": [[-95.3884119250744, 29.7282041543905], [-95.3883966303509, 29.7282899405297], [-95.3884041539949, 29.7288604039443], [-95.3883126806235, 29.7289918143197]]}, "properties": {"centerlineid": 10136853, "roadclass": "LOCAL", "fullname": "TRAVIS ST", "fromleft": 5201, "toleft": 5299, "fromright": 5200, "toright": 5298, "onewaydir": " "}}, {"type": "Feature", "geometry": {"type": "LineString", "coordinates": [[-95.3925240600694, 29.7353033082119], [-95.3937066315512, 29.7352900736707]]}, "properties": {"centerlineid": 10136955, "roadclass": "LOCAL", "fullname": "COLQUITT ST", "fromleft": 1101, "toleft": 1199, "fromright": 1100, "toright": 1198, "onewaydir": " "}}, {"type": "Feature", "geometry": {"type": "LineString", "coordinates": [[-95.4020913050497, 29.7278379480519], [-95.4020837576907, 29.7266553147099]]}, "properties": {"centerlineid": 10136998, "roadclass": "MAJOR", "fullname": "DUNLAVY ST", "fromleft": 5101, "toleft": 5199, "fromright": 5100, "toright": 5198, "onewaydir": " "}}, {"type": "Feature", "geometry": {"type": "LineString", "coordinates": [[-95.3889305666697, 29.7266496503627], [-95.3892892519317, 29.7261691165936]]}, "properties": {"centerlineid": 10137037, "roadclass": "MAJOR", "fullname": "MAIN ST", "fromleft": 5501, "toleft": 5549, "fromright": 5500, "toright": 5548, "onewaydir": " "}}, {"type": "Feature", "geometry": {"type": "LineString", "coordinates": [[-95.3827507251186, 29.731240659314], [-95.3818887214044, 29.7307161049158]]}, "properties": {"centerlineid": 10137146, "roadclass": "MAJOR", "fullname": "BLODGETT ST", "fromleft": 1201, "toleft": 1299, "fromright": 1200, "toright": 1298, "onewaydir": " "}}, {"type": "Feature", "geometry": {"type": "LineString", "coordinates": [[-95.3779416303816, 29.7292992832456], [-95.3784478482083, 29.7286504862552]]}, "properties": {"centerlineid": 10137220, "roadclass": "LOCAL", "fullname": "JACKSON ST", "fromleft": 4601, "toleft": 4699, "fromright": 4600, "toright": 4698, "onewaydir": " "}}, {"type": "Feature", "geometry": {"type": "LineString", "coordinates": [[-95.3719629842557, 29.7257017892885], [-95.3709330421315, 29.725085760884], [-95.370238708436, 29.7246661488744]]}, "properties": {"centerlineid": 10137334, "roadclass": "LOCAL", "fullname": "RUTH ST", "fromleft": 2401, "toleft": 2599, "fromright": 2400, "toright": 2598, "onewaydir": " "}}, {"type": "Feature", "geometry": {"type": "LineString", "coordinates": [[-95.3697579493, 29.7252783225617], [-95.3694756707855, 29.7251067424288], [-95.368056674037, 29.7242426243098]]}, "properties": {"centerlineid": 10137384, "roadclass": "LOCAL", "fullname": "ROSEWOOD ST", "fromleft": 2601, "toleft": 2799, "fromright": 2600, "toright": 2798, "onewaydir": " "}}, {"type": "Feature", "geometry": {"type": "LineString", "coordinates": [[-95.374976469283, 29.7339661978214], [-95.3751865238558, 29.7333474762119]]}, "properties": {"centerlineid": 10137391, "roadclass": "MAJOR", "fullname": "ALMEDA RD", "fromleft": 3901, "toleft": 3999, "fromright": 3900, "toright": 3998, "onewaydir": " "}}, {"type": "Feature", "geometry": {"type": "LineString", "coordinates": [[-95.377455905219, 29.729910355878], [-95.3765222788208, 29.7293465360342]]}, "properties": {"centerlineid": 10137399, "roadclass": "LOCAL", "fullname": "ROSEWOOD ST", "fromleft": 1701, "toleft": 1799, "fromright": 1700, "toright": 1798, "onewaydir": " "}}, {"type": "Feature", "geometry": {"type": "LineString", "coordinates": [[-95.3684838219644, 29.7354331265365], [-95.3681710165901, 29.7352498792448]]}, "properties": {"centerlineid": 10137433, "roadclass": "LOCAL", "fullname": "STUART ST", "fromleft": 2001, "toleft": 2099, "fromright": 2000, "toright": 2098, "onewaydir": " "}}, {"type": "Feature", "geometry": {"type": "LineString", "coordinates": [[-95.37464079489, 29.7347159617602], [-95.3739770374414, 29.734309618761]]}, "properties": {"centerlineid": 10137559, "roadclass": "MAJOR", "fullname": "ALABAMA ST", "fromleft": 1601, "toleft": 1699, "fromright": 1600, "toright": 1698, "onewaydir": " "}}, {"type": "Feature", "geometry": {"type": "LineString", "coordinates": [[-95.3806213528302, 29.7354784789327], [-95.3797753694877, 29.7350114429065]]}, "properties": {"centerlineid": 10137654, "roadclass": "LOCAL", "fullname": "CLEBURNE ST", "fromleft": 1101, "toleft": 1199, "fromright": 1100, "toright": 1198, "onewaydir": " "}}, {"type": "Feature", "geometry": {"type": "LineString", "coordinates": [[-95.3743508005533, 29.7354235560462], [-95.3735269052033, 29.7349007706285]]}, "properties": {"centerlineid": 10137657, "roadclass": "LOCAL", "fullname": "WINBERN ST", "fromleft": 1601, "toleft": 1699, "fromright": 1600, "toright": 1698, "onewaydir": " "}}, {"type": "Feature", "geometry": {"type": "LineString", "coordinates": [[-95.3767922656887, 29.7387270159381], [-95.3762259372263, 29.738393787266], [-95.3759302013606, 29.7382197756216]]}, "properties": {"centerlineid": 10137466, "roadclass": "LOCAL", "fullname": "HOLMAN ST", "fromleft": 1201, "toleft": 1299, "fromright": 1200, "toright": 1298, "onewaydir": " "}}, {"type": "Feature", "geometry": {"type": "LineString", "coordinates": [[-95.3692332755476, 29.7362329852667], [-95.3688642693563, 29.7366964686721], [-95.3673642314265, 29.7385779698457], [-95.3658713326978, 29.740452690869], [-95.3647226033812, 29.7418951608106], [-95.3642799514761, 29.74247885792]]}, "properties": {"centerlineid": 10125984, "roadclass": "RAMP", "fullname": "45 S TO SB 59 S/SB 288 RAMP", "fromleft": 0, "toleft": 0, "fromright": 0, "toright": 0, "onewaydir": "TF"}}, {"type": "Feature", "geometry": {"type": "LineString", "coordinates": [[-95.3948128166825, 29.7439359623897], [-95.3948053227977, 29.7434134160864]]}, "properties": {"centerlineid": 10134026, "roadclass": "LOCAL", "fullname": "GRAUSTARK ST", "fromleft": 3201, "toleft": 3299, "fromright": 3200, "toright": 3298, "onewaydir": " "}}, {"type": "Feature", "geometry": {"type": "LineString", "coordinates": [[-95.3872292831301, 29.7434649922449], [-95.3872217719478, 29.7424080967922]]}, "properties": {"centerlineid": 10134034, "roadclass": "LOCAL", "fullname": "WHITNEY ST", "fromleft": 3301, "toleft": 3399, "fromright": 3300, "toright": 3398, "onewaydir": " "}}, {"type": "Feature", "geometry": {"type": "LineString", "coordinates": [[-95.3677360980842, 29.7341952950728], [-95.3680642174493, 29.7337774817082], [-95.3682168785689, 29.7335810360945]]}, "properties": {"centerlineid": 10137682, "roadclass": "LOCAL", "fullname": "HUTCHINS ST", "fromleft": 3401, "toleft": 3499, "fromright": 3400, "toright": 3498, "onewaydir": " "}}, {"type": "Feature", "geometry": {"type": "LineString", "coordinates": [[-95.3655618574616, 29.7273898187623], [-95.3660501457872, 29.7267602802729]]}, "properties": {"centerlineid": 10137722, "roadclass": "LOCAL", "fullname": "DELANO ST", "fromleft": 4001, "toleft": 4099, "fromright": 4000, "toright": 4098, "onewaydir": " "}}, {"type": "Feature", "geometry": {"type": "LineString", "coordinates": [[-95.3685068747944, 29.7300753975079], [-95.3689873763613, 29.729459360002]]}, "properties": {"centerlineid": 10137728, "roadclass": "MAJOR", "fullname": "EMANCIPATION AVE", "fromleft": 3901, "toleft": 3999, "fromright": 3900, "toright": 3998, "onewaydir": " "}}, {"type": "Feature", "geometry": {"type": "LineString", "coordinates": [[-95.3829186744575, 29.7230143763781], [-95.383437526898, 29.7223638791472], [-95.3835824465087, 29.722177022257]]}, "properties": {"centerlineid": 10137814, "roadclass": "LOCAL", "fullname": "JACKSON ST", "fromleft": 5501, "toleft": 5599, "fromright": 5500, "toright": 5598, "onewaydir": " "}}, {"type": "Feature", "geometry": {"type": "LineString", "coordinates": [[-95.3816217622361, 29.7231343923461], [-95.3820869827822, 29.7225297595352]]}, "properties": {"centerlineid": 10137981, "roadclass": "LOCAL", "fullname": "CHENEVERT ST", "fromleft": 5401, "toleft": 5499, "fromright": 5400, "toright": 5498, "onewaydir": " "}}, {"type": "Feature", "geometry": {"type": "LineString", "coordinates": [[-95.3703988874235, 29.7404074987234], [-95.3695671674837, 29.739886803799]]}, "properties": {"centerlineid": 10135836, "roadclass": "LOCAL", "fullname": "TUAM ST", "fromleft": 1601, "toleft": 1699, "fromright": 1600, "toright": 1698, "onewaydir": " "}}, {"type": "Feature", "geometry": {"type": "LineString", "coordinates": [[-95.3692926902107, 29.7433999733908], [-95.3694528472314, 29.7432149389501], [-95.3697731950952, 29.7428049136487]]}, "properties": {"centerlineid": 10136181, "roadclass": "LOCAL", "fullname": "LA BRANCH ST", "fromleft": 2501, "toleft": 2599, "fromright": 2500, "toright": 2598, "onewaydir": "FT"}}, {"type": "Feature", "geometry": {"type": "LineString", "coordinates": [[-95.3721154225544, 29.7414450089054], [-95.3723289518405, 29.7411798724145], [-95.3726876394598, 29.7407374313822]]}, "properties": {"centerlineid": 10136206, "roadclass": "LOCAL", "fullname": "AUSTIN ST", "fromleft": 2901, "toleft": 2999, "fromright": 2900, "toright": 2998, "onewaydir": "FT"}}, {"type": "Feature", "geometry": {"type": "LineString", "coordinates": [[-95.3711999612311, 29.7426009299583], [-95.3713907533202, 29.7423891851695], [-95.3716501606266, 29.7420362107677]]}, "properties": {"centerlineid": 10136217, "roadclass": "LOCAL", "fullname": "AUSTIN ST", "fromleft": 2701, "toleft": 2799, "fromright": 2700, "toright": 2798, "onewaydir": "FT"}}, {"type": "Feature", "geometry": {"type": "LineString", "coordinates": [[-95.3657372983775, 29.7431195483351], [-95.3662865334646, 29.7424197472387]]}, "properties": {"centerlineid": 10136219, "roadclass": "LOCAL", "fullname": "CHENEVERT ST", "fromleft": 2301, "toleft": 2399, "fromright": 2300, "toright": 2398, "onewaydir": " "}}, {"type": "Feature", "geometry": {"type": "LineString", "coordinates": [[-95.3753273935831, 29.7405982468346], [-95.3758690900672, 29.7398847596213]]}, "properties": {"centerlineid": 10136359, "roadclass": "LOCAL", "fullname": "SAN JACINTO ST", "fromleft": 3201, "toleft": 3299, "fromright": 3200, "toright": 3298, "onewaydir": "FT"}}, {"type": "Feature", "geometry": {"type": "LineString", "coordinates": [[-95.3911737074648, 29.723668541396], [-95.3911278430149, 29.7235503590108], [-95.3911271840107, 29.7235328041047], [-95.3910974807057, 29.7228521463437]]}, "properties": {"centerlineid": 10136398, "roadclass": "LOCAL", "fullname": "HERMANN PARK DR", "fromleft": 0, "toleft": 0, "fromright": 5400, "toright": 5424, "onewaydir": "FT"}}, {"type": "Feature", "geometry": {"type": "LineString", "coordinates": [[-95.3947824692399, 29.7412980696489], [-95.3947747164576, 29.7404570100783]]}, "properties": {"centerlineid": 10134161, "roadclass": "LOCAL", "fullname": "GRAUSTARK ST", "fromleft": 3501, "toleft": 3599, "fromright": 3500, "toright": 3598, "onewaydir": " "}}, {"type": "Feature", "geometry": {"type": "LineString", "coordinates": [[-95.3871681521761, 29.7307505814306], [-95.3869194327392, 29.730600878129], [-95.3868477786156, 29.7305577768342]]}, "properties": {"centerlineid": 10136583, "roadclass": "LOCAL", "fullname": "ROSEDALE", "fromleft": 817, "toleft": 899, "fromright": 816, "toright": 898, "onewaydir": " "}}, {"type": "Feature", "geometry": {"type": "LineString", "coordinates": [[-95.3881219163124, 29.7301516152341], [-95.388061012467, 29.7301135041143]]}, "properties": {"centerlineid": 10136593, "roadclass": "LOCAL", "fullname": "CHELSEA BLVD", "fromleft": 801, "toleft": 803, "fromright": 800, "toright": 802, "onewaydir": " "}}, {"type": "Feature", "geometry": {"type": "LineString", "coordinates": [[-95.3974909056264, 29.7369588824255], [-95.3992914050171, 29.7369399781482]]}, "properties": {"centerlineid": 10136664, "roadclass": "LOCAL", "fullname": "BRANARD ST", "fromleft": 1501, "toleft": 1599, "fromright": 1500, "toright": 1598, "onewaydir": " "}}, {"type": "Feature", "geometry": {"type": "LineString", "coordinates": [[-95.3878777473282, 29.7247767878797], [-95.3885339944473, 29.7239298104067]]}, "properties": {"centerlineid": 10136692, "roadclass": "LOCAL", "fullname": "SAN JACINTO ST", "fromleft": 5601, "toleft": 5699, "fromright": 5600, "toright": 5698, "onewaydir": "TF"}}, {"type": "Feature", "geometry": {"type": "LineString", "coordinates": [[-95.3827507251186, 29.731240659314], [-95.3833841574312, 29.7304473298967]]}, "properties": {"centerlineid": 10136694, "roadclass": "LOCAL", "fullname": "SAN JACINTO ST", "fromleft": 4701, "toleft": 4799, "fromright": 4700, "toright": 4798, "onewaydir": "TF"}}, {"type": "Feature", "geometry": {"type": "LineString", "coordinates": [[-95.3854142868704, 29.7338464296359], [-95.38541350618, 29.7336802887917], [-95.3854210504464, 29.7335771765261], [-95.3853982082761, 29.7325052097633]]}, "properties": {"centerlineid": 10136720, "roadclass": "LOCAL", "fullname": "GARROTT ST", "fromleft": 4301, "toleft": 4399, "fromright": 4300, "toright": 4398, "onewaydir": " "}}, {"type": "Feature", "geometry": {"type": "LineString", "coordinates": [[-95.3854135200317, 29.7262606137592], [-95.3858712438914, 29.7256883276877]]}, "properties": {"centerlineid": 10136769, "roadclass": "LOCAL", "fullname": "CAROLINE ST", "fromleft": 5301, "toleft": 5399, "fromright": 5300, "toright": 5398, "onewaydir": " "}}, {"type": "Feature", "geometry": {"type": "LineString", "coordinates": [[-95.3925851975118, 29.7404818954543], [-95.3937753194134, 29.7404588127983]]}, "properties": {"centerlineid": 10136773, "roadclass": "LOCAL", "fullname": "KIPLING ST", "fromleft": 1101, "toleft": 1199, "fromright": 1100, "toright": 1198, "onewaydir": " "}}, {"type": "Feature", "geometry": {"type": "LineString", "coordinates": [[-95.3974983979845, 29.7387213072502], [-95.3993219845828, 29.7386985102419]]}, "properties": {"centerlineid": 10136786, "roadclass": "MAJOR", "fullname": "W ALABAMA ST", "fromleft": 1501, "toleft": 1599, "fromright": 1500, "toright": 1598, "onewaydir": " "}}, {"type": "Feature", "geometry": {"type": "LineString", "coordinates": [[-95.3898081015742, 29.7333921370101], [-95.390281085582, 29.7333846017414]]}, "properties": {"centerlineid": 10136804, "roadclass": "LOCAL", "fullname": "OAKLEY ST", "fromleft": 901, "toleft": 911, "fromright": 900, "toright": 910, "onewaydir": " "}}, {"type": "Feature", "geometry": {"type": "LineString", "coordinates": [[-95.3878625042301, 29.7334055577891], [-95.3888315134396, 29.7333960040176]]}, "properties": {"centerlineid": 10136805, "roadclass": "LOCAL", "fullname": "OAKLEY ST", "fromleft": 701, "toleft": 799, "fromright": 700, "toright": 798, "onewaydir": " "}}, {"type": "Feature", "geometry": {"type": "LineString", "coordinates": [[-95.3898081015742, 29.7333921370101], [-95.3898081217688, 29.7325796136624]]}, "properties": {"centerlineid": 10136881, "roadclass": "LOCAL", "fullname": "ROSELAND ST", "fromleft": 4401, "toleft": 4499, "fromright": 4400, "toright": 4498, "onewaydir": " "}}, {"type": "Feature", "geometry": {"type": "LineString", "coordinates": [[-95.3971627532302, 29.7323450533348], [-95.397185604529, 29.7316374821206]]}, "properties": {"centerlineid": 10136917, "roadclass": "LOCAL", "fullname": "YUPON ST", "fromleft": 4501, "toleft": 4699, "fromright": 4500, "toright": 4698, "onewaydir": " "}}, {"type": "Feature", "geometry": {"type": "LineString", "coordinates": [[-95.3947213292549, 29.736983783529], [-95.3947060451204, 29.7361310774849]]}, "properties": {"centerlineid": 10136936, "roadclass": "LOCAL", "fullname": "GRAUSTARK ST", "fromleft": 4001, "toleft": 4099, "fromright": 4000, "toright": 4098, "onewaydir": " "}}, {"type": "Feature", "geometry": {"type": "LineString", "coordinates": [[-95.388640782319, 29.7269948624621], [-95.3889305666697, 29.7266496503627]]}, "properties": {"centerlineid": 10137036, "roadclass": "MAJOR", "fullname": "MAIN ST", "fromleft": 5407, "toleft": 5499, "fromright": 5406, "toright": 5498, "onewaydir": " "}}, {"type": "Feature", "geometry": {"type": "LineString", "coordinates": [[-95.3867485259452, 29.7293886214387], [-95.3869546016204, 29.729113910615]]}, "properties": {"centerlineid": 10137066, "roadclass": "MAJOR", "fullname": "MAIN ST", "fromleft": 5007, "toleft": 5099, "fromright": 5006, "toright": 5098, "onewaydir": " "}}, {"type": "Feature", "geometry": {"type": "LineString", "coordinates": [[-95.366744485153, 29.7354694177032], [-95.3658822149081, 29.7349790347612]]}, "properties": {"centerlineid": 10137126, "roadclass": "MAJOR", "fullname": "ELGIN ST", "fromleft": 2201, "toleft": 2299, "fromright": 2200, "toright": 2298, "onewaydir": " "}}, {"type": "Feature", "geometry": {"type": "LineString", "coordinates": [[-95.3795237115394, 29.732058903768], [-95.3786995309811, 29.7315592137873]]}, "properties": {"centerlineid": 10137141, "roadclass": "MAJOR", "fullname": "WHEELER ST", "fromleft": 1401, "toleft": 1499, "fromright": 1400, "toright": 1498, "onewaydir": " "}}, {"type": "Feature", "geometry": {"type": "LineString", "coordinates": [[-95.3805533346253, 29.7307925849089], [-95.3797181069331, 29.7302885221921]]}, "properties": {"centerlineid": 10137148, "roadclass": "LOCAL", "fullname": "RUTH ST", "fromleft": 1401, "toleft": 1499, "fromright": 1400, "toright": 1498, "onewaydir": " "}}, {"type": "Feature", "geometry": {"type": "LineString", "coordinates": [[-95.3699639842634, 29.7363008438464], [-95.369689248596, 29.7365965558208], [-95.369361159061, 29.736989485173]]}, "properties": {"centerlineid": 10137205, "roadclass": "LOCAL", "fullname": "HAMILTON ST", "fromleft": 3201, "toleft": 3299, "fromright": 3200, "toright": 3298, "onewaydir": "FT"}}, {"type": "Feature", "geometry": {"type": "LineString", "coordinates": [[-95.3816979545729, 29.7406381608675], [-95.3817057171141, 29.7405275195381], [-95.3817513311137, 29.7402167574148], [-95.3818277730933, 29.7397341534951], [-95.3819115276866, 29.7393067786893], [-95.3819421167246, 29.7391942871791], [-95.3820260906027, 29.7389426154836], [-95.3820485693219, 29.7388877913995], [-95.3821175806361, 29.7387194766854], [-95.3822013163498, 29.738535285097], [-95.3822321070105, 29.7384675591235], [-95.3823464233451, 29.7382635948856], [-95.3825065731558, 29.7380117006272], [-95.3827203762735, 29.7377047811442], [-95.3828017143114, 29.7376043972912], [-95.3829492478185, 29.7374223182507], [-95.3832443689248, 29.7370587411402], [-95.3836688552547, 29.7364989454907]]}, "properties": {"centerlineid": 10137270, "roadclass": "HIGHWAY", "fullname": "SPUR 527", "fromleft": 3401, "toleft": 3999, "fromright": 0, "toright": 0, "onewaydir": "TF"}}, {"type": "Feature", "geometry": {"type": "LineString", "coordinates": [[-95.3754647216524, 29.7388091676845], [-95.3746180229539, 29.7382941459103]]}, "properties": {"centerlineid": 10137286, "roadclass": "LOCAL", "fullname": "FRANCIS ST", "fromleft": 1301, "toleft": 1399, "fromright": 1300, "toright": 1398, "onewaydir": " "}}, {"type": "Feature", "geometry": {"type": "LineString", "coordinates": [[-95.3784325774539, 29.7350801396383], [-95.3788980421479, 29.734481199056]]}, "properties": {"centerlineid": 10137322, "roadclass": "LOCAL", "fullname": "CAROLINE ST", "fromleft": 4001, "toleft": 4099, "fromright": 4000, "toright": 4098, "onewaydir": "FT"}}, {"type": "Feature", "geometry": {"type": "LineString", "coordinates": [[-95.3794931206511, 29.7337412302477], [-95.3799508479407, 29.7331632430051]]}, "properties": {"centerlineid": 10137326, "roadclass": "LOCAL", "fullname": "CAROLINE ST", "fromleft": 4201, "toleft": 4299, "fromright": 4200, "toright": 4298, "onewaydir": "FT"}}, {"type": "Feature", "geometry": {"type": "LineString", "coordinates": [[-95.3692621036281, 29.7259039477692], [-95.3679574221833, 29.7251295452594], [-95.3675453539282, 29.7248835952417]]}, "properties": {"centerlineid": 10137336, "roadclass": "MAJOR", "fullname": "WHEELER ST", "fromleft": 2601, "toleft": 2799, "fromright": 2600, "toright": 2798, "onewaydir": " "}}, {"type": "Feature", "geometry": {"type": "LineString", "coordinates": [[-95.3747170073633, 29.7253775548265], [-95.3741525367264, 29.7250360007529], [-95.3730157886721, 29.7243494138]]}, "properties": {"centerlineid": 10137342, "roadclass": "LOCAL", "fullname": "WENTWORTH ST", "fromleft": 2201, "toleft": 2399, "fromright": 2200, "toright": 2398, "onewaydir": " "}}, {"type": "Feature", "geometry": {"type": "LineString", "coordinates": [[-95.3801930227363, 29.7296949666503], [-95.3793176817224, 29.7291711830563]]}, "properties": {"centerlineid": 10137401, "roadclass": "MAJOR", "fullname": "BLODGETT ST", "fromleft": 1501, "toleft": 1599, "fromright": 1500, "toright": 1598, "onewaydir": " "}}, {"type": "Feature", "geometry": {"type": "LineString", "coordinates": [[-95.3776545256018, 29.7392515626459], [-95.3767922656887, 29.7387270159381]]}, "properties": {"centerlineid": 10137463, "roadclass": "LOCAL", "fullname": "HOLMAN ST", "fromleft": 1101, "toleft": 1199, "fromright": 1100, "toright": 1198, "onewaydir": " "}}, {"type": "Feature", "geometry": {"type": "LineString", "coordinates": [[-95.3729165943142, 29.7308888168115], [-95.3724505846372, 29.7306103550946]]}, "properties": {"centerlineid": 10137474, "roadclass": "LOCAL", "fullname": "CLEBURNE ST", "fromleft": 2001, "toleft": 2099, "fromright": 2000, "toright": 2098, "onewaydir": " "}}, {"type": "Feature", "geometry": {"type": "LineString", "coordinates": [[-95.3821252939816, 29.7336058980405], [-95.3826047337498, 29.7330551113157]]}, "properties": {"centerlineid": 10137489, "roadclass": "MAJOR", "fullname": "FANNIN ST", "fromleft": 4401, "toleft": 4499, "fromright": 4400, "toright": 4498, "onewaydir": "FT"}}, {"type": "Feature", "geometry": {"type": "LineString", "coordinates": [[-95.3743034589422, 29.7280138771877], [-95.3747781831989, 29.7274030671954]]}, "properties": {"centerlineid": 10137500, "roadclass": "LOCAL", "fullname": "SOUTH FWY", "fromleft": 0, "toleft": 0, "fromright": 4500, "toright": 4598, "onewaydir": "FT"}}, {"type": "Feature", "geometry": {"type": "LineString", "coordinates": [[-95.3656380440052, 29.7384447402637], [-95.3661188252707, 29.737834397351]]}, "properties": {"centerlineid": 10137579, "roadclass": "LOCAL", "fullname": "ST EMANUEL ST", "fromleft": 2801, "toleft": 2899, "fromright": 2800, "toright": 2898, "onewaydir": " "}}, {"type": "Feature", "geometry": {"type": "LineString", "coordinates": [[-95.3805992779798, 29.7363446699646], [-95.38014911996, 29.7360795430512]]}, "properties": {"centerlineid": 10137631, "roadclass": "LOCAL", "fullname": "ISABELLA ST", "fromleft": 1017, "toleft": 1099, "fromright": 1016, "toright": 1098, "onewaydir": " "}}, {"type": "Feature", "geometry": {"type": "LineString", "coordinates": [[-95.3811868202015, 29.7347636814311], [-95.3803704239839, 29.7342676084616]]}, "properties": {"centerlineid": 10137642, "roadclass": "LOCAL", "fullname": "EAGLE ST", "fromleft": 1101, "toleft": 1199, "fromright": 1100, "toright": 1198, "onewaydir": " "}}, {"type": "Feature", "geometry": {"type": "MultiLineString", "coordinates": [[[-95.3812783482462, 29.7331041679246], [-95.3806679638667, 29.7327283737489], [-95.3805536443445, 29.7326635562617]], [[-95.3805536443445, 29.7326635562617], [-95.3805036246185, 29.7326296873358]]]}, "properties": {"centerlineid": 10137662, "roadclass": "MAJOR", "fullname": "WHEELER ST", "fromleft": 1201, "toleft": 1289, "fromright": 1200, "toright": 1288, "onewaydir": " "}}, {"type": "Feature", "geometry": {"type": "LineString", "coordinates": [[-95.3697045437098, 29.7317307776628], [-95.3698647371862, 29.7315096943043], [-95.3702005768551, 29.7310976208997]]}, "properties": {"centerlineid": 10137718, "roadclass": "LOCAL", "fullname": "HUTCHINS ST", "fromleft": 3801, "toleft": 3899, "fromright": 3800, "toright": 3898, "onewaydir": " "}}, {"type": "Feature", "geometry": {"type": "LineString", "coordinates": [[-95.3677819766215, 29.7405427880045], [-95.3669502663268, 29.740043101775]]}, "properties": {"centerlineid": 10135817, "roadclass": "LOCAL", "fullname": "DENNIS ST", "fromleft": 1801, "toleft": 1899, "fromright": 1800, "toright": 1898, "onewaydir": " "}}, {"type": "Feature", "geometry": {"type": "LineString", "coordinates": [[-95.3664619958302, 29.7421927078982], [-95.3656458326903, 29.7416872950491]]}, "properties": {"centerlineid": 10135915, "roadclass": "LOCAL", "fullname": "MCILHENNY ST", "fromleft": 1801, "toleft": 1899, "fromright": 1800, "toright": 1898, "onewaydir": " "}}, {"type": "Feature", "geometry": {"type": "LineString", "coordinates": [[-95.3722374811755, 29.7428964130949], [-95.3713907533202, 29.7423891851695]]}, "properties": {"centerlineid": 10135986, "roadclass": "LOCAL", "fullname": "DENNIS ST", "fromleft": 1301, "toleft": 1399, "fromright": 1300, "toright": 1398, "onewaydir": " "}}, {"type": "Feature", "geometry": {"type": "MultiLineString", "coordinates": [[[-95.3813242103756, 29.7442355577697], [-95.3814310022372, 29.744098190567], [-95.3815377589301, 29.7439092344687], [-95.3816217411835, 29.7437280853309], [-95.3816904288869, 29.7435394030652], [-95.3817360748707, 29.7433600551861], [-95.3817743727835, 29.7431368748333], [-95.3817894446857, 29.742869711894], [-95.381781941388, 29.742619848706], [-95.3817689401545, 29.7424573848729], [-95.3817682825841, 29.7424491288949]], [[-95.3817682825841, 29.7424491288949], [-95.3817422205459, 29.7421212906555]], [[-95.3817422205459, 29.7421212906555], [-95.3817207629003, 29.7418513537258], [-95.3817152936612, 29.7417732537857]], [[-95.3817152936612, 29.7417732537857], [-95.3816904382116, 29.7414182927284], [-95.3816979545729, 29.7406381608675]]]}, "properties": {"centerlineid": 10136082, "roadclass": "LOCAL", "fullname": "BRAZOS ST", "fromleft": 3201, "toleft": 3399, "fromright": 3200, "toright": 3398, "onewaydir": "FT"}}, {"type": "Feature", "geometry": {"type": "LineString", "coordinates": [[-95.3770058180642, 29.7433333482469], [-95.3774484530508, 29.7427782204693]]}, "properties": {"centerlineid": 10136224, "roadclass": "LOCAL", "fullname": "TRAVIS ST", "fromleft": 3001, "toleft": 3099, "fromright": 3000, "toright": 3098, "onewaydir": "FT"}}, {"type": "Feature", "geometry": {"type": "LineString", "coordinates": [[-95.3793482356267, 29.741979140327], [-95.3798134722634, 29.7414068925621]]}, "properties": {"centerlineid": 10136352, "roadclass": "LOCAL", "fullname": "MILAM ST", "fromleft": 3301, "toleft": 3399, "fromright": 3300, "toright": 3398, "onewaydir": "FT"}}, {"type": "Feature", "geometry": {"type": "LineString", "coordinates": [[-95.3947824692399, 29.7412980696489], [-95.3957590600532, 29.7412887140923]]}, "properties": {"centerlineid": 10134243, "roadclass": "LOCAL", "fullname": "HAROLD ST", "fromleft": 1301, "toleft": 1399, "fromright": 1300, "toright": 1398, "onewaydir": " "}}, {"type": "Feature", "geometry": {"type": "LineString", "coordinates": [[-95.3878625042301, 29.7334055577891], [-95.3878549282765, 29.7325987824783]]}, "properties": {"centerlineid": 10136596, "roadclass": "LOCAL", "fullname": "GREELEY ST", "fromleft": 4401, "toleft": 4499, "fromright": 4400, "toright": 4498, "onewaydir": " "}}, {"type": "Feature", "geometry": {"type": "LineString", "coordinates": [[-95.3937981763276, 29.7423337116237], [-95.3947900205295, 29.7423243548237]]}, "properties": {"centerlineid": 10134378, "roadclass": "LOCAL", "fullname": "HAWTHORNE ST", "fromleft": 1201, "toleft": 1299, "fromright": 1200, "toright": 1298, "onewaydir": " "}}, {"type": "Feature", "geometry": {"type": "LineString", "coordinates": [[-95.3947900205295, 29.7423243548237], [-95.3957741338918, 29.742316597116]]}, "properties": {"centerlineid": 10134379, "roadclass": "LOCAL", "fullname": "HAWTHORNE ST", "fromleft": 1301, "toleft": 1399, "fromright": 1300, "toright": 1398, "onewaydir": " "}}, {"type": "Feature", "geometry": {"type": "LineString", "coordinates": [[-95.4020837445454, 29.7287764243288], [-95.4020913050497, 29.7278379480519]]}, "properties": {"centerlineid": 10136611, "roadclass": "MAJOR", "fullname": "DUNLAVY ST", "fromleft": 5001, "toleft": 5099, "fromright": 5000, "toright": 5098, "onewaydir": " "}}, {"type": "Feature", "geometry": {"type": "LineString", "coordinates": [[-95.386367269086, 29.7295907821443], [-95.3856576749116, 29.7291615842495]]}, "properties": {"centerlineid": 10136620, "roadclass": "LOCAL", "fullname": "WICHITA ST", "fromleft": 1009, "toleft": 1099, "fromright": 1008, "toright": 1098, "onewaydir": " "}}, {"type": "Feature", "geometry": {"type": "LineString", "coordinates": [[-95.3970026167645, 29.7344469670721], [-95.3973154134143, 29.7344430996321], [-95.3978799153658, 29.7344355331573]]}, "properties": {"centerlineid": 10136625, "roadclass": "MAJOR", "fullname": "RICHMOND AVE", "fromleft": 1409, "toleft": 1415, "fromright": 1408, "toright": 1414, "onewaydir": " "}}, {"type": "Feature", "geometry": {"type": "LineString", "coordinates": [[-95.3889155041992, 29.7405199780997], [-95.3889001845076, 29.7396636411392]]}, "properties": {"centerlineid": 10136631, "roadclass": "LOCAL", "fullname": "STANFORD ST", "fromleft": 3601, "toleft": 3699, "fromright": 3600, "toright": 3698, "onewaydir": " "}}, {"type": "Feature", "geometry": {"type": "LineString", "coordinates": [[-95.3980248267655, 29.7265905152315], [-95.3981468996466, 29.726687949957]]}, "properties": {"centerlineid": 10136647, "roadclass": "LOCAL", "fullname": "SOUTH BLVD", "fromleft": 1401, "toleft": 1499, "fromright": 1400, "toright": 1498, "onewaydir": " "}}, {"type": "Feature", "geometry": {"type": "LineString", "coordinates": [[-95.3994896916222, 29.7320246829474], [-95.3995202626732, 29.731984523489], [-95.3995814097484, 29.7319539295395], [-95.4021022579469, 29.7319199721327], [-95.402121881248, 29.7319197070701]]}, "properties": {"centerlineid": 10136699, "roadclass": "LOCAL", "fullname": "CASTLE CT", "fromleft": 1601, "toleft": 1699, "fromright": 1600, "toright": 1698, "onewaydir": " "}}, {"type": "Feature", "geometry": {"type": "LineString", "coordinates": [[-95.3838804352205, 29.7345519685328], [-95.384139369937, 29.7342142092011], [-95.3841852540892, 29.7341512547085]]}, "properties": {"centerlineid": 10136765, "roadclass": "LOCAL", "fullname": "TRAVIS ST", "fromleft": 4201, "toleft": 4499, "fromright": 4200, "toright": 4498, "onewaydir": " "}}, {"type": "Feature", "geometry": {"type": "LineString", "coordinates": [[-95.3850853705866, 29.7298730278711], [-95.3846582456858, 29.7296156545251], [-95.3842308872733, 29.7293619022823]]}, "properties": {"centerlineid": 10136813, "roadclass": "LOCAL", "fullname": "ROSEDALE", "fromleft": 1101, "toleft": 1199, "fromright": 1100, "toright": 1198, "onewaydir": " "}}, {"type": "Feature", "geometry": {"type": "LineString", "coordinates": [[-95.3910288287496, 29.7277560590049], [-95.3918983762162, 29.7277482696893]]}, "properties": {"centerlineid": 10136855, "roadclass": "LOCAL", "fullname": "BARTLETT ST", "fromleft": 921, "toleft": 999, "fromright": 920, "toright": 998, "onewaydir": " "}}, {"type": "Feature", "geometry": {"type": "LineString", "coordinates": [[-95.3927912211889, 29.726148104302], [-95.3928526055411, 29.7261469657544], [-95.3932411539215, 29.726140358471]]}, "properties": {"centerlineid": 10137054, "roadclass": "MAJOR", "fullname": "BISSONNET ST", "fromleft": 1121, "toleft": 1125, "fromright": 1120, "toright": 1124, "onewaydir": " "}}, {"type": "Feature", "geometry": {"type": "LineString", "coordinates": [[-95.3779416303816, 29.7292992832456], [-95.3767847428876, 29.7286027679234]]}, "properties": {"centerlineid": 10137199, "roadclass": "LOCAL", "fullname": "RUTH ST", "fromleft": 1701, "toleft": 1799, "fromright": 1700, "toright": 1798, "onewaydir": " "}}, {"type": "Feature", "geometry": {"type": "LineString", "coordinates": [[-95.3666757622719, 29.7381568004384], [-95.3661188252707, 29.737834397351]]}, "properties": {"centerlineid": 10137262, "roadclass": "LOCAL", "fullname": "TUAM ST", "fromleft": 2001, "toleft": 2099, "fromright": 2000, "toright": 2098, "onewaydir": " "}}, {"type": "Feature", "geometry": {"type": "LineString", "coordinates": [[-95.3823770010914, 29.7389045040388], [-95.3823904030919, 29.7387755796273], [-95.3823934604272, 29.7387519997895], [-95.3823977142019, 29.7387285616445], [-95.3824031560284, 29.7387053114051], [-95.3824097751761, 29.7386822949133], [-95.3824175585933, 29.7386595575504], [-95.3824264909331, 29.7386371441473], [-95.3824365545827, 29.7386150988959], [-95.3824477296994, 29.7385934652625], [-95.3824599942485, 29.7385722859017], [-95.3824733240477, 29.7385516025722], [-95.3824876928144, 29.738531456055], [-95.3825030722174, 29.7385118860723], [-95.382519431933, 29.7384929312098], [-95.3825367397046, 29.7384746288402], [-95.3825549614067, 29.7384570150499], [-95.3825740611114, 29.7384401245674], [-95.3826633322917, 29.7383646076316]]}, "properties": {"centerlineid": 10137280, "roadclass": "LOCAL", "fullname": "DAY ST", "fromleft": 3801, "toleft": 3899, "fromright": 3800, "toright": 3898, "onewaydir": " "}}, {"type": "Feature", "geometry": {"type": "LineString", "coordinates": [[-95.3753807545204, 29.7277692816688], [-95.3748696962871, 29.727466017997], [-95.3747781831989, 29.7274030671954]]}, "properties": {"centerlineid": 10137410, "roadclass": "LOCAL", "fullname": "RUTH ST", "fromleft": 2001, "toleft": 2099, "fromright": 2000, "toright": 2098, "onewaydir": " "}}, {"type": "Feature", "geometry": {"type": "LineString", "coordinates": [[-95.3754647216524, 29.7388091676845], [-95.3759302013606, 29.7382197756216]]}, "properties": {"centerlineid": 10137467, "roadclass": "LOCAL", "fullname": "CAROLINE ST", "fromleft": 3401, "toleft": 3499, "fromright": 3400, "toright": 3498, "onewaydir": "FT"}}, {"type": "Feature", "geometry": {"type": "LineString", "coordinates": [[-95.3752892705069, 29.7267737412432], [-95.3758081592312, 29.7260356335807]]}, "properties": {"centerlineid": 10137502, "roadclass": "FRONTAGE", "fullname": "SOUTH FWY", "fromleft": 0, "toleft": 0, "fromright": 4700, "toright": 4798, "onewaydir": "FT"}}, {"type": "Feature", "geometry": {"type": "LineString", "coordinates": [[-95.3814232412711, 29.724898849501], [-95.3806145970984, 29.7244162875474]]}, "properties": {"centerlineid": 10137511, "roadclass": "MAJOR", "fullname": "SOUTHMORE BLVD", "fromleft": 1701, "toleft": 1799, "fromright": 1700, "toright": 1798, "onewaydir": " "}}, {"type": "Feature", "geometry": {"type": "LineString", "coordinates": [[-95.367278373022, 29.7284159110575], [-95.3677666858526, 29.7277884604459]]}, "properties": {"centerlineid": 10137540, "roadclass": "LOCAL", "fullname": "LIVE OAK ST", "fromleft": 4001, "toleft": 4099, "fromright": 4000, "toright": 4098, "onewaydir": " "}}, {"type": "Feature", "geometry": {"type": "LineString", "coordinates": [[-95.3805917909491, 29.7371763431443], [-95.3805470657186, 29.7371494113006], [-95.380149101885, 29.736909372448]]}, "properties": {"centerlineid": 10137557, "roadclass": "LOCAL", "fullname": "TRUXILLO ST", "fromleft": 1001, "toleft": 1017, "fromright": 1000, "toright": 1016, "onewaydir": " "}}, {"type": "Feature", "geometry": {"type": "LineString", "coordinates": [[-95.4020913050497, 29.7278379480519], [-95.4021168427015, 29.7278377042074], [-95.4044106452406, 29.7278190047861]]}, "properties": {"centerlineid": 10132200, "roadclass": "LOCAL", "fullname": "NORTH BLVD", "fromleft": 1701, "toleft": 1799, "fromright": 1700, "toright": 1798, "onewaydir": " "}}, {"type": "Feature", "geometry": {"type": "MultiLineString", "coordinates": [[[-95.371718853708, 29.7307676800842], [-95.3713601666417, 29.7317805215115], [-95.3712436385885, 29.7320773388951]], [[-95.3712436385885, 29.7320773388951], [-95.3710779088105, 29.7324994845047], [-95.3710551185824, 29.7325379653014]], [[-95.3710551185824, 29.7325379653014], [-95.3708260231846, 29.7329248124317], [-95.3705284598652, 29.7333636016503]]]}, "properties": {"centerlineid": 10137775, "roadclass": "RAMP", "fullname": "SH 288 US 59 RAMP RAMP", "fromleft": 0, "toleft": 0, "fromright": 0, "toright": 0, "onewaydir": "TF"}}, {"type": "Feature", "geometry": {"type": "LineString", "coordinates": [[-95.3717873144146, 29.7227129937886], [-95.3717338832764, 29.7227453650713], [-95.3716805008152, 29.722756805119], [-95.3704369632456, 29.7220111086955], [-95.3702081408706, 29.7218755878906], [-95.3700173746299, 29.7217535180956]]}, "properties": {"centerlineid": 10137839, "roadclass": "LOCAL", "fullname": "ARBOR ST", "fromleft": 2601, "toleft": 2799, "fromright": 2600, "toright": 2798, "onewaydir": " "}}, {"type": "Feature", "geometry": {"type": "LineString", "coordinates": [[-95.3756459281607, 29.7238450713599], [-95.3741475851397, 29.7229389888971]]}, "properties": {"centerlineid": 10137919, "roadclass": "LOCAL", "fullname": "ROSEDALE ST", "fromleft": 2201, "toleft": 2399, "fromright": 2200, "toright": 2398, "onewaydir": " "}}, {"type": "Feature", "geometry": {"type": "LineString", "coordinates": [[-95.373565734821, 29.7236700691338], [-95.371955214243, 29.7227034008284], [-95.3719018347633, 29.7226728338045], [-95.3718484227495, 29.7226805979917], [-95.3717873144146, 29.7227129937886]]}, "properties": {"centerlineid": 10137935, "roadclass": "LOCAL", "fullname": "ARBOR ST", "fromleft": 2401, "toleft": 2599, "fromright": 2400, "toright": 2598, "onewaydir": " "}}, {"type": "Feature", "geometry": {"type": "LineString", "coordinates": [[-95.3746941917446, 29.7429956633862], [-95.3743279661617, 29.7427802369733]]}, "properties": {"centerlineid": 10135726, "roadclass": "LOCAL", "fullname": "TUAM ST", "fromleft": 1101, "toleft": 1113, "fromright": 1100, "toright": 1112, "onewaydir": " "}}, {"type": "Feature", "geometry": {"type": "LineString", "coordinates": [[-95.3748544044405, 29.7411990174626], [-95.3739845738422, 29.7406819707392]]}, "properties": {"centerlineid": 10135757, "roadclass": "LOCAL", "fullname": "ROSALIE ST", "fromleft": 1201, "toleft": 1299, "fromright": 1200, "toright": 1298, "onewaydir": " "}}, {"type": "Feature", "geometry": {"type": "LineString", "coordinates": [[-95.3779367632357, 29.7421735292152], [-95.3784937184419, 29.7414563970455]]}, "properties": {"centerlineid": 10136358, "roadclass": "LOCAL", "fullname": "TRAVIS ST", "fromleft": 3201, "toleft": 3299, "fromright": 3200, "toright": 3298, "onewaydir": "FT"}}, {"type": "Feature", "geometry": {"type": "LineString", "coordinates": [[-95.3861306569601, 29.7237237617885], [-95.3853142402872, 29.7232240874488]]}, "properties": {"centerlineid": 10136394, "roadclass": "MAJOR", "fullname": "BINZ ST", "fromleft": 1401, "toleft": 1499, "fromright": 1400, "toright": 1498, "onewaydir": " "}}, {"type": "Feature", "geometry": {"type": "LineString", "coordinates": [[-95.3907235171766, 29.7239355186906], [-95.3907061947128, 29.7239250500395], [-95.3902505208617, 29.7236493862566], [-95.3900750642831, 29.7235788815415]]}, "properties": {"centerlineid": 10136404, "roadclass": "LOCAL", "fullname": "HERMANN DR", "fromleft": 1001, "toleft": 1099, "fromright": 1000, "toright": 1098, "onewaydir": " "}}, {"type": "Feature", "geometry": {"type": "LineString", "coordinates": [[-95.4012598536495, 29.7427953176262], [-95.4020760199683, 29.7427916543508]]}, "properties": {"centerlineid": 10134158, "roadclass": "MAJOR", "fullname": "WESTHEIMER RD", "fromleft": 1645, "toleft": 1699, "fromright": 1644, "toright": 1698, "onewaydir": " "}}, {"type": "Feature", "geometry": {"type": "LineString", "coordinates": [[-95.3899071057042, 29.7413592247725], [-95.389892064654, 29.7405008038669]]}, "properties": {"centerlineid": 10134233, "roadclass": "LOCAL", "fullname": "ROSELAND ST", "fromleft": 3501, "toleft": 3599, "fromright": 3500, "toright": 3598, "onewaydir": " "}}, {"type": "Feature", "geometry": {"type": "LineString", "coordinates": [[-95.3957741338918, 29.742316597116], [-95.3957590600532, 29.7412887140923]]}, "properties": {"centerlineid": 10134239, "roadclass": "LOCAL", "fullname": "YUPON ST", "fromleft": 3401, "toleft": 3499, "fromright": 3400, "toright": 3498, "onewaydir": " "}}, {"type": "Feature", "geometry": {"type": "LineString", "coordinates": [[-95.4020837576907, 29.7266553147099], [-95.4020837579296, 29.7257800851968]]}, "properties": {"centerlineid": 10136570, "roadclass": "MAJOR", "fullname": "DUNLAVY ST", "fromleft": 5201, "toleft": 5229, "fromright": 5200, "toright": 5228, "onewaydir": " "}}, {"type": "Feature", "geometry": {"type": "LineString", "coordinates": [[-95.394683242572, 29.7301210399327], [-95.3946604346489, 29.7293199500894]]}, "properties": {"centerlineid": 10136599, "roadclass": "LOCAL", "fullname": "GRAUSTARK ST", "fromleft": 4801, "toleft": 4899, "fromright": 4800, "toright": 4898, "onewaydir": " "}}, {"type": "Feature", "geometry": {"type": "LineString", "coordinates": [[-95.3946604346489, 29.7293199500894], [-95.3946373421065, 29.7285283893727]]}, "properties": {"centerlineid": 10136606, "roadclass": "LOCAL", "fullname": "GRAUSTARK ST", "fromleft": 4901, "toleft": 4999, "fromright": 4900, "toright": 4998, "onewaydir": " "}}, {"type": "Feature", "geometry": {"type": "LineString", "coordinates": [[-95.3879464538327, 29.7278570946623], [-95.3879311760444, 29.7277692756727], [-95.3871378088616, 29.7272887499623]]}, "properties": {"centerlineid": 10136612, "roadclass": "LOCAL", "fullname": "OAKDALE ST", "fromleft": 1001, "toleft": 1099, "fromright": 1000, "toright": 1098, "onewaydir": " "}}, {"type": "Feature", "geometry": {"type": "LineString", "coordinates": [[-95.3888696197197, 29.7370467599689], [-95.3898462220706, 29.7370389834631]]}, "properties": {"centerlineid": 10136661, "roadclass": "LOCAL", "fullname": "BRANARD ST", "fromleft": 801, "toleft": 899, "fromright": 800, "toright": 898, "onewaydir": " "}}, {"type": "Feature", "geometry": {"type": "LineString", "coordinates": [[-95.3947213292549, 29.736983783529], [-95.3956903815734, 29.7369723660191]]}, "properties": {"centerlineid": 10136663, "roadclass": "LOCAL", "fullname": "BRANARD ST", "fromleft": 1301, "toleft": 1399, "fromright": 1300, "toright": 1398, "onewaydir": " "}}, {"type": "Feature", "geometry": {"type": "LineString", "coordinates": [[-95.3835183874593, 29.7344361541056], [-95.3836024696871, 29.734472815616], [-95.3836884460473, 29.7345023641805], [-95.3837875431999, 29.7345322657505], [-95.3838804352205, 29.7345519685328]]}, "properties": {"centerlineid": 10136726, "roadclass": "MAJOR", "fullname": "RICHMOND AVE", "fromleft": 301, "toleft": 369, "fromright": 300, "toright": 368, "onewaydir": " "}}, {"type": "Feature", "geometry": {"type": "LineString", "coordinates": [[-95.3889155041992, 29.7405199780997], [-95.389892064654, 29.7405008038669]]}, "properties": {"centerlineid": 10134479, "roadclass": "LOCAL", "fullname": "KIPLING ST", "fromleft": 801, "toleft": 899, "fromright": 800, "toright": 898, "onewaydir": " "}}, {"type": "Feature", "geometry": {"type": "LineString", "coordinates": [[-95.3925699093116, 29.7387689872389], [-95.3937447687032, 29.7387594026349]]}, "properties": {"centerlineid": 10136783, "roadclass": "MAJOR", "fullname": "W ALABAMA ST", "fromleft": 1101, "toleft": 1199, "fromright": 1100, "toright": 1198, "onewaydir": " "}}, {"type": "Feature", "geometry": {"type": "LineString", "coordinates": [[-95.3994974506696, 29.7304377579521], [-95.4021065830744, 29.7303975683072]]}, "properties": {"centerlineid": 10136835, "roadclass": "LOCAL", "fullname": "VASSAR ST", "fromleft": 1601, "toleft": 1699, "fromright": 1600, "toright": 1698, "onewaydir": " "}}, {"type": "Feature", "geometry": {"type": "LineString", "coordinates": [[-95.3994744084106, 29.7288145115791], [-95.4020837445454, 29.7287764243288]]}, "properties": {"centerlineid": 10136850, "roadclass": "LOCAL", "fullname": "MILFORD ST", "fromleft": 1601, "toleft": 1699, "fromright": 1600, "toright": 1698, "onewaydir": " "}}, {"type": "Feature", "geometry": {"type": "LineString", "coordinates": [[-95.3865808127488, 29.7279944720538], [-95.3871378088616, 29.7272887499623]]}, "properties": {"centerlineid": 10136861, "roadclass": "MAJOR", "fullname": "FANNIN ST", "fromleft": 5201, "toleft": 5299, "fromright": 5200, "toright": 5298, "onewaydir": "FT"}}, {"type": "Feature", "geometry": {"type": "LineString", "coordinates": [[-95.3964914690192, 29.7344544778893], [-95.3964762006849, 29.7340597379979], [-95.3964762001991, 29.7335466018874]]}, "properties": {"centerlineid": 10136878, "roadclass": "LOCAL", "fullname": "YUPON ST", "fromleft": 4301, "toleft": 4399, "fromright": 4300, "toright": 4398, "onewaydir": " "}}, {"type": "Feature", "geometry": {"type": "LineString", "coordinates": [[-95.3884422686957, 29.7272428917275], [-95.3875802525885, 29.7267279076595]]}, "properties": {"centerlineid": 10137009, "roadclass": "LOCAL", "fullname": "PROSPECT ST", "fromleft": 1001, "toleft": 1099, "fromright": 1000, "toright": 1098, "onewaydir": " "}}, {"type": "Feature", "geometry": {"type": "LineString", "coordinates": [[-95.3855127706709, 29.7309623315131], [-95.3850625585025, 29.7306989859889]]}, "properties": {"centerlineid": 10137015, "roadclass": "LOCAL", "fullname": "ARBOR PL", "fromleft": 1001, "toleft": 1017, "fromright": 1000, "toright": 1016, "onewaydir": " "}}, {"type": "Feature", "geometry": {"type": "LineString", "coordinates": [[-95.384795625505, 29.7286504903747], [-95.384635234649, 29.7285532649446], [-95.383933359833, 29.7281336617079]]}, "properties": {"centerlineid": 10137027, "roadclass": "LOCAL", "fullname": "WICHITA ST", "fromleft": 1201, "toleft": 1299, "fromright": 1200, "toright": 1298, "onewaydir": "TF"}}, {"type": "Feature", "geometry": {"type": "LineString", "coordinates": [[-95.3726876628001, 29.7279714424354], [-95.3718178716882, 29.7274507486464]]}, "properties": {"centerlineid": 10137135, "roadclass": "MAJOR", "fullname": "WHEELER ST", "fromleft": 2201, "toleft": 2299, "fromright": 2200, "toright": 2298, "onewaydir": " "}}, {"type": "Feature", "geometry": {"type": "LineString", "coordinates": [[-95.3770441668288, 29.7277959537324], [-95.377349206907, 29.7269471581653]]}, "properties": {"centerlineid": 10137196, "roadclass": "MAJOR", "fullname": "ALMEDA RD", "fromleft": 4701, "toleft": 4799, "fromright": 4700, "toright": 4798, "onewaydir": " "}}, {"type": "Feature", "geometry": {"type": "LineString", "coordinates": [[-95.3692773848852, 29.738662230204], [-95.3684304191582, 29.7381511150208]]}, "properties": {"centerlineid": 10137261, "roadclass": "LOCAL", "fullname": "ANITA ST", "fromleft": 1801, "toleft": 1899, "fromright": 1800, "toright": 1898, "onewaydir": " "}}, {"type": "Feature", "geometry": {"type": "LineString", "coordinates": [[-95.3808053636059, 29.7272962928922], [-95.379935541451, 29.7267755581729]]}, "properties": {"centerlineid": 10137362, "roadclass": "LOCAL", "fullname": "ROSEDALE", "fromleft": 1601, "toleft": 1699, "fromright": 1600, "toright": 1698, "onewaydir": " "}}, {"type": "Feature", "geometry": {"type": "LineString", "coordinates": [[-95.3805078213185, 29.7260623226208], [-95.3796913918342, 29.72557973119]]}, "properties": {"centerlineid": 10137365, "roadclass": "LOCAL", "fullname": "WICHITA ST", "fromleft": 1701, "toleft": 1799, "fromright": 1700, "toright": 1798, "onewaydir": " "}}, {"type": "Feature", "geometry": {"type": "LineString", "coordinates": [[-95.3788368898374, 29.7361577674929], [-95.378379177587, 29.7358908482975], [-95.3779748871546, 29.7356505853343]]}, "properties": {"centerlineid": 10137455, "roadclass": "LOCAL", "fullname": "TRUXILLO ST", "fromleft": 1201, "toleft": 1299, "fromright": 1200, "toright": 1298, "onewaydir": " "}}, {"type": "Feature", "geometry": {"type": "LineString", "coordinates": [[-95.3810290486687, 29.7301952218102], [-95.3815836593993, 29.7294801190103]]}, "properties": {"centerlineid": 10137491, "roadclass": "LOCAL", "fullname": "AUSTIN ST", "fromleft": 4701, "toleft": 4799, "fromright": 4700, "toright": 4798, "onewaydir": " "}}, {"type": "Feature", "geometry": {"type": "LineString", "coordinates": [[-95.3760979132653, 29.7300370809293], [-95.3743930070944, 29.7290085375588]]}, "properties": {"centerlineid": 10137507, "roadclass": "MAJOR", "fullname": "WHEELER ST", "fromleft": 1807, "toleft": 1999, "fromright": 1806, "toright": 1998, "onewaydir": " "}}, {"type": "Feature", "geometry": {"type": "LineString", "coordinates": [[-95.373798432747, 29.7286421889417], [-95.3735104263993, 29.7284651256282], [-95.3729704933848, 29.7281424073932], [-95.3726876628001, 29.7279714424354]]}, "properties": {"centerlineid": 10137549, "roadclass": "MAJOR", "fullname": "WHEELER ST", "fromleft": 0, "toleft": 0, "fromright": 0, "toright": 0, "onewaydir": " "}}, {"type": "Feature", "geometry": {"type": "LineString", "coordinates": [[-95.3797144741616, 29.7366481515915], [-95.38014911996, 29.7360795430512]]}, "properties": {"centerlineid": 10137622, "roadclass": "MAJOR", "fullname": "FANNIN ST", "fromleft": 3901, "toleft": 3999, "fromright": 3900, "toright": 3998, "onewaydir": "FT"}}, {"type": "Feature", "geometry": {"type": "LineString", "coordinates": [[-95.372741028134, 29.7390512588819], [-95.3728325610728, 29.7389654465645], [-95.3733285985429, 29.7383340924568]]}, "properties": {"centerlineid": 10137633, "roadclass": "LOCAL", "fullname": "LA BRANCH ST", "fromleft": 3201, "toleft": 3299, "fromright": 3200, "toright": 3298, "onewaydir": "FT"}}, {"type": "Feature", "geometry": {"type": "LineString", "coordinates": [[-95.3797753694877, 29.7350114429065], [-95.3788980421479, 29.734481199056]]}, "properties": {"centerlineid": 10137641, "roadclass": "LOCAL", "fullname": "CLEBURNE ST", "fromleft": 1201, "toleft": 1299, "fromright": 1200, "toright": 1298, "onewaydir": " "}}, {"type": "Feature", "geometry": {"type": "LineString", "coordinates": [[-95.3794931206511, 29.7337412302477], [-95.37862331163, 29.7332187225479]]}, "properties": {"centerlineid": 10137644, "roadclass": "LOCAL", "fullname": "EAGLE ST", "fromleft": 1301, "toleft": 1399, "fromright": 1300, "toright": 1398, "onewaydir": " "}}, {"type": "Feature", "geometry": {"type": "LineString", "coordinates": [[-95.3818428630822, 29.743577478126], [-95.3819115362771, 29.7432703618326], [-95.3819420878761, 29.7429785457274], [-95.3819498756442, 29.7426657376318], [-95.3819449860731, 29.7424551535839]]}, "properties": {"centerlineid": 10135618, "roadclass": "MAJOR", "fullname": "BAGBY ST", "fromleft": 3251, "toleft": 3399, "fromright": 3250, "toright": 3398, "onewaydir": " "}}, {"type": "Feature", "geometry": {"type": "LineString", "coordinates": [[-95.3973457727281, 29.7435163642533], [-95.3969492151233, 29.7428679001645]]}, "properties": {"centerlineid": 10134029, "roadclass": "LOCAL", "fullname": "WINDSOR ST", "fromleft": 2701, "toleft": 2799, "fromright": 2700, "toright": 2798, "onewaydir": " "}}, {"type": "Feature", "geometry": {"type": "LineString", "coordinates": [[-95.3712688773234, 29.7335246101746], [-95.371077920398, 29.7337430484268], [-95.370997480529, 29.7338649735718], [-95.3708871727908, 29.7340693206725], [-95.3707192045226, 29.7343305733881], [-95.3706124291705, 29.7345003545629], [-95.3705125750169, 29.734616323694], [-95.3703988783425, 29.7347483705236], [-95.3695916470491, 29.7357254498079], [-95.3692332755476, 29.7362329852667]]}, "properties": {"centerlineid": 10137766, "roadclass": "RAMP", "fullname": "45 S TO SB 288 RAMP", "fromleft": 0, "toleft": 0, "fromright": 0, "toright": 0, "onewaydir": "TF"}}, {"type": "Feature", "geometry": {"type": "LineString", "coordinates": [[-95.3820719144388, 29.74219455443], [-95.3819345824716, 29.7420478046409], [-95.3818506200589, 29.7419638511044]]}, "properties": {"centerlineid": 10135597, "roadclass": "LOCAL", "fullname": "HOLMAN ST", "fromleft": 591, "toleft": 599, "fromright": 590, "toright": 598, "onewaydir": " "}}, {"type": "Feature", "geometry": {"type": "LineString", "coordinates": [[-95.3806527177878, 29.7419275864499], [-95.3798134722634, 29.7414068925621]]}, "properties": {"centerlineid": 10135877, "roadclass": "LOCAL", "fullname": "FRANCIS ST", "fromleft": 701, "toleft": 799, "fromright": 700, "toright": 798, "onewaydir": " "}}, {"type": "Feature", "geometry": {"type": "LineString", "coordinates": [[-95.3820336010797, 29.7415899068605], [-95.3820335912768, 29.740697278812]]}, "properties": {"centerlineid": 10135882, "roadclass": "LOCAL", "fullname": "BURLINGTON ST", "fromleft": 3501, "toleft": 3599, "fromright": 3500, "toright": 3598, "onewaydir": " "}}, {"type": "Feature", "geometry": {"type": "LineString", "coordinates": [[-95.3664619958302, 29.7421927078982], [-95.3667291709081, 29.7418570706531]]}, "properties": {"centerlineid": 10136210, "roadclass": "LOCAL", "fullname": "CHENEVERT ST", "fromleft": 2405, "toleft": 2499, "fromright": 2404, "toright": 2498, "onewaydir": " "}}, {"type": "Feature", "geometry": {"type": "LineString", "coordinates": [[-95.3900750642831, 29.7235788815415], [-95.389945462198, 29.7235273369124], [-95.3892739413009, 29.7231134150266]]}, "properties": {"centerlineid": 10136395, "roadclass": "LOCAL", "fullname": "HERMANN DR", "fromleft": 1101, "toleft": 1199, "fromright": 1100, "toright": 1198, "onewaydir": " "}}, {"type": "Feature", "geometry": {"type": "LineString", "coordinates": [[-95.3945458717724, 29.723041072754], [-95.3948586754073, 29.7226709769008], [-95.3955529957023, 29.7217745192165]]}, "properties": {"centerlineid": 10136431, "roadclass": "PRIVATE", "fullname": "REMINGTON LN", "fromleft": 11, "toleft": 99, "fromright": 10, "toright": 98, "onewaydir": " "}}, {"type": "Feature", "geometry": {"type": "LineString", "coordinates": [[-95.3832162904617, 29.7323166334104], [-95.3832952084035, 29.7322047659097], [-95.3836474318682, 29.7317054857296]]}, "properties": {"centerlineid": 10136564, "roadclass": "MAJOR", "fullname": "FANNIN ST", "fromleft": 4601, "toleft": 4699, "fromright": 4600, "toright": 4698, "onewaydir": "FT"}}, {"type": "Feature", "geometry": {"type": "LineString", "coordinates": [[-95.3830635736113, 29.7276052275514], [-95.3835137407182, 29.727048237733]]}, "properties": {"centerlineid": 10136590, "roadclass": "LOCAL", "fullname": "AUSTIN ST", "fromleft": 5001, "toleft": 5099, "fromright": 5000, "toright": 5098, "onewaydir": " "}}, {"type": "Feature", "geometry": {"type": "LineString", "coordinates": [[-95.3977731480843, 29.7441782627349], [-95.3977272503276, 29.7441209749508], [-95.3975061753201, 29.7437757790617], [-95.3973457727281, 29.7435163642533]]}, "properties": {"centerlineid": 10134260, "roadclass": "LOCAL", "fullname": "WINDSOR ST", "fromleft": 2617, "toleft": 2699, "fromright": 2616, "toright": 2698, "onewaydir": " "}}, {"type": "Feature", "geometry": {"type": "LineString", "coordinates": [[-95.3869546016204, 29.729113910615], [-95.3864587813975, 29.728812684219]]}, "properties": {"centerlineid": 10136618, "roadclass": "LOCAL", "fullname": "PALM ST", "fromleft": 1001, "toleft": 1019, "fromright": 1000, "toright": 1018, "onewaydir": " "}}, {"type": "Feature", "geometry": {"type": "LineString", "coordinates": [[-95.3858712438914, 29.7256883276877], [-95.3863442335565, 29.7250971477479]]}, "properties": {"centerlineid": 10136652, "roadclass": "LOCAL", "fullname": "CAROLINE ST", "fromleft": 5401, "toleft": 5499, "fromright": 5400, "toright": 5498, "onewaydir": " "}}, {"type": "Feature", "geometry": {"type": "LineString", "coordinates": [[-95.3911509176714, 29.7370275736342], [-95.3925470560959, 29.7370122856731]]}, "properties": {"centerlineid": 10136662, "roadclass": "LOCAL", "fullname": "BRANARD ST", "fromleft": 1001, "toleft": 1099, "fromright": 1000, "toright": 1098, "onewaydir": " "}}, {"type": "Feature", "geometry": {"type": "LineString", "coordinates": [[-95.3829186809207, 29.729413463263], [-95.383368831177, 29.728845123216]]}, "properties": {"centerlineid": 10136761, "roadclass": "LOCAL", "fullname": "CAROLINE ST", "fromleft": 4817, "toleft": 4899, "fromright": 4816, "toright": 4898, "onewaydir": " "}}, {"type": "Feature", "geometry": {"type": "LineString", "coordinates": [[-95.3887703573321, 29.7305426808708], [-95.3881219163124, 29.7301516152341]]}, "properties": {"centerlineid": 10136833, "roadclass": "LOCAL", "fullname": "CHELSEA BLVD", "fromleft": 701, "toleft": 799, "fromright": 700, "toright": 798, "onewaydir": " "}}, {"type": "Feature", "geometry": {"type": "LineString", "coordinates": [[-95.3925240600694, 29.7353033082119], [-95.3925087305665, 29.7344871149138]]}, "properties": {"centerlineid": 10136872, "roadclass": "LOCAL", "fullname": "YOAKUM BLVD", "fromleft": 4201, "toleft": 4299, "fromright": 4200, "toright": 4298, "onewaydir": " "}}, {"type": "Feature", "geometry": {"type": "LineString", "coordinates": [[-95.3888315134396, 29.7333960040176], [-95.3888237601051, 29.7325909923392]]}, "properties": {"centerlineid": 10136930, "roadclass": "LOCAL", "fullname": "STANFORD ST", "fromleft": 4401, "toleft": 4499, "fromright": 4400, "toright": 4498, "onewaydir": " "}}, {"type": "Feature", "geometry": {"type": "LineString", "coordinates": [[-95.3946526748056, 29.7344601715244], [-95.3964914690192, 29.7344544778893]]}, "properties": {"centerlineid": 10136966, "roadclass": "MAJOR", "fullname": "RICHMOND AVE", "fromleft": 1301, "toleft": 1399, "fromright": 1300, "toright": 1398, "onewaydir": " "}}, {"type": "Feature", "geometry": {"type": "LineString", "coordinates": [[-95.3878549282765, 29.7325987824783], [-95.3888237601051, 29.7325909923392]]}, "properties": {"centerlineid": 10136968, "roadclass": "LOCAL", "fullname": "WOODROW ST", "fromleft": 701, "toleft": 799, "fromright": 700, "toright": 798, "onewaydir": " "}}, {"type": "Feature", "geometry": {"type": "LineString", "coordinates": [[-95.3951256692157, 29.7280134168539], [-95.3950952837901, 29.7279200762542], [-95.3950875486098, 29.7267450168247], [-95.3951103777644, 29.726634361571]]}, "properties": {"centerlineid": 10137010, "roadclass": "LOCAL", "fullname": "PARK WAY", "fromleft": 5101, "toleft": 5199, "fromright": 5100, "toright": 5198, "onewaydir": " "}}, {"type": "Feature", "geometry": {"type": "LineString", "coordinates": [[-95.3688805903292, 29.7348341713188], [-95.3686058743653, 29.7346814960207]]}, "properties": {"centerlineid": 10137174, "roadclass": "LOCAL", "fullname": "FRANCIS ST", "fromleft": 2001, "toleft": 2099, "fromright": 2000, "toright": 2098, "onewaydir": " "}}, {"type": "Feature", "geometry": {"type": "LineString", "coordinates": [[-95.3673242220572, 29.7347348990168], [-95.3672021529475, 29.7347292169103], [-95.3667291692297, 29.7344430958508], [-95.3664316479445, 29.7342618859344]]}, "properties": {"centerlineid": 10137175, "roadclass": "LOCAL", "fullname": "STUART ST", "fromleft": 2201, "toleft": 2299, "fromright": 2200, "toright": 2298, "onewaydir": " "}}, {"type": "Feature", "geometry": {"type": "LineString", "coordinates": [[-95.3771051011195, 29.7351392341461], [-95.3775641877663, 29.7345647116003]]}, "properties": {"centerlineid": 10137321, "roadclass": "LOCAL", "fullname": "AUSTIN ST", "fromleft": 3901, "toleft": 3999, "fromright": 3900, "toright": 3998, "onewaydir": "FT"}}, {"type": "Feature", "geometry": {"type": "LineString", "coordinates": [[-95.3795237115394, 29.732058903768], [-95.3800957465629, 29.7313474756671]]}, "properties": {"centerlineid": 10137330, "roadclass": "LOCAL", "fullname": "AUSTIN ST", "fromleft": 4401, "toleft": 4499, "fromright": 4400, "toright": 4498, "onewaydir": " "}}, {"type": "Feature", "geometry": {"type": "LineString", "coordinates": [[-95.3665537133793, 29.7325643146081], [-95.3655924115543, 29.7320208176641]]}, "properties": {"centerlineid": 10137407, "roadclass": "LOCAL", "fullname": "HOLMAN ST", "fromleft": 2401, "toleft": 2499, "fromright": 2400, "toright": 2498, "onewaydir": " "}}, {"type": "Feature", "geometry": {"type": "LineString", "coordinates": [[-95.3734829347866, 29.7301610546077], [-95.3732191236416, 29.7299998642638]]}, "properties": {"centerlineid": 10137437, "roadclass": "LOCAL", "fullname": "EAGLE ST", "fromleft": 2001, "toleft": 2099, "fromright": 2000, "toright": 2098, "onewaydir": " "}}, {"type": "Feature", "geometry": {"type": "LineString", "coordinates": [[-95.3804238244329, 29.7390113024219], [-95.3808434254717, 29.7384732647424]]}, "properties": {"centerlineid": 10137616, "roadclass": "LOCAL", "fullname": "TRAVIS ST", "fromleft": 3701, "toleft": 3799, "fromright": 3700, "toright": 3798, "onewaydir": "FT"}}, {"type": "Feature", "geometry": {"type": "LineString", "coordinates": [[-95.3971474624222, 29.7257513244692], [-95.3971467812981, 29.7257298626226], [-95.3971169106889, 29.7246814337687], [-95.3970935314282, 29.7238292323109], [-95.3970964531622, 29.7238060518154], [-95.3970998977141, 29.7237787183132], [-95.3971092256648, 29.7237309514434], [-95.3971333169276, 29.7236142354556], [-95.3971442083888, 29.7235624970259], [-95.3971281463362, 29.723498041291]]}, "properties": {"centerlineid": 10136578, "roadclass": "LOCAL", "fullname": "INSTITUTE LN", "fromleft": 5301, "toleft": 5399, "fromright": 5300, "toright": 5398, "onewaydir": " "}}, {"type": "Feature", "geometry": {"type": "LineString", "coordinates": [[-95.3959192626339, 29.7433523058568], [-95.3969492151233, 29.7428679001645]]}, "properties": {"centerlineid": 10134078, "roadclass": "MAJOR", "fullname": "WESTHEIMER RD", "fromleft": 1401, "toleft": 1425, "fromright": 1400, "toright": 1424, "onewaydir": " "}}, {"type": "Feature", "geometry": {"type": "LineString", "coordinates": [[-95.4020150615388, 29.7395185399997], [-95.404540516594, 29.7394861449647]]}, "properties": {"centerlineid": 10132206, "roadclass": "LOCAL", "fullname": "MARSHALL ST", "fromleft": 1701, "toleft": 1799, "fromright": 1700, "toright": 1798, "onewaydir": " "}}, {"type": "Feature", "geometry": {"type": "LineString", "coordinates": [[-95.3762505629883, 29.7301134997887], [-95.3760979132653, 29.7300370809293]]}, "properties": {"centerlineid": 10137742, "roadclass": "MAJOR", "fullname": "WHEELER ST", "fromleft": 1801, "toleft": 1805, "fromright": 1800, "toright": 1804, "onewaydir": " "}}, {"type": "Feature", "geometry": {"type": "LineString", "coordinates": [[-95.3760855573543, 29.7229384150805], [-95.3758921053773, 29.7236284153637], [-95.3758003710627, 29.7238974115757], [-95.3757166573878, 29.7240995924355], [-95.3754800497898, 29.7246241474873], [-95.3752664368616, 29.7250188863805], [-95.3749917481321, 29.7255185911707]]}, "properties": {"centerlineid": 10137769, "roadclass": "RAMP", "fullname": "SOUTHMORE NB 288 ENT RAMP", "fromleft": 0, "toleft": 0, "fromright": 0, "toright": 0, "onewaydir": "TF"}}, {"type": "Feature", "geometry": {"type": "LineString", "coordinates": [[-95.3824381388273, 29.723622692043], [-95.3816217622361, 29.7231343923461]]}, "properties": {"centerlineid": 10137797, "roadclass": "LOCAL", "fullname": "PROSPECT ST", "fromleft": 1701, "toleft": 1799, "fromright": 1700, "toright": 1798, "onewaydir": " "}}, {"type": "Feature", "geometry": {"type": "LineString", "coordinates": [[-95.367316485533, 29.7219691243887], [-95.3673548476211, 29.721928998146], [-95.367834953145, 29.7213335599892]]}, "properties": {"centerlineid": 10138049, "roadclass": "MAJOR", "fullname": "ENNIS ST", "fromleft": 4701, "toleft": 4799, "fromright": 4700, "toright": 4798, "onewaydir": " "}}, {"type": "Feature", "geometry": {"type": "LineString", "coordinates": [[-95.3804925220261, 29.7437070708034], [-95.3796457585866, 29.7432131075497]]}, "properties": {"centerlineid": 10135822, "roadclass": "MAJOR", "fullname": "ELGIN ST", "fromleft": 601, "toleft": 699, "fromright": 600, "toright": 698, "onewaydir": " "}}, {"type": "Feature", "geometry": {"type": "LineString", "coordinates": [[-95.3793482356267, 29.741979140327], [-95.3785309131412, 29.7414792195256], [-95.3784937184419, 29.7414563970455]]}, "properties": {"centerlineid": 10135847, "roadclass": "LOCAL", "fullname": "STUART ST", "fromleft": 801, "toleft": 899, "fromright": 800, "toright": 898, "onewaydir": " "}}, {"type": "Feature", "geometry": {"type": "LineString", "coordinates": [[-95.3671335122976, 29.7429326894822], [-95.3662865334646, 29.7424197472387]]}, "properties": {"centerlineid": 10135913, "roadclass": "LOCAL", "fullname": "MCILHENNY ST", "fromleft": 1701, "toleft": 1799, "fromright": 1700, "toright": 1798, "onewaydir": " "}}, {"type": "Feature", "geometry": {"type": "LineString", "coordinates": [[-95.374213473103, 29.7435870591007], [-95.3733667176313, 29.7430682155681]]}, "properties": {"centerlineid": 10136074, "roadclass": "LOCAL", "fullname": "DREW ST", "fromleft": 1101, "toleft": 1199, "fromright": 1100, "toright": 1198, "onewaydir": " "}}, {"type": "Feature", "geometry": {"type": "LineString", "coordinates": [[-95.3892739413009, 29.7231134150266], [-95.3883279260484, 29.7225528167855]]}, "properties": {"centerlineid": 10136397, "roadclass": "LOCAL", "fullname": "HERMANN DR", "fromleft": 1201, "toleft": 1299, "fromright": 1200, "toright": 1298, "onewaydir": " "}}, {"type": "Feature", "geometry": {"type": "LineString", "coordinates": [[-95.4007334301372, 29.7231955732204], [-95.4007181535593, 29.722829347794], [-95.4006875742678, 29.7217516884858]]}, "properties": {"centerlineid": 10136427, "roadclass": "LOCAL", "fullname": "CHEROKEE ST", "fromleft": 5401, "toleft": 5499, "fromright": 5400, "toright": 5498, "onewaydir": " "}}, {"type": "Feature", "geometry": {"type": "LineString", "coordinates": [[-95.384452241072, 29.7226995007917], [-95.3845131499424, 29.722621459122], [-95.3846810632684, 29.7223962872153], [-95.3851006954195, 29.7218698660901]]}, "properties": {"centerlineid": 10136442, "roadclass": "MAJOR", "fullname": "CRAWFORD ST", "fromleft": 5601, "toleft": 5699, "fromright": 5600, "toright": 5698, "onewaydir": " "}}, {"type": "Feature", "geometry": {"type": "LineString", "coordinates": [[-95.3928063039075, 29.7269396378575], [-95.3937219250359, 29.7269339148687]]}, "properties": {"centerlineid": 10136642, "roadclass": "LOCAL", "fullname": "BERTHEA ST", "fromleft": 1113, "toleft": 1199, "fromright": 1112, "toright": 1198, "onewaydir": " "}}, {"type": "Feature", "geometry": {"type": "LineString", "coordinates": [[-95.4021090306672, 29.7309580077378], [-95.4021065830744, 29.7303975683072]]}, "properties": {"centerlineid": 10136753, "roadclass": "MAJOR", "fullname": "DUNLAVY ST", "fromleft": 4701, "toleft": 4799, "fromright": 4700, "toright": 4798, "onewaydir": " "}}, {"type": "Feature", "geometry": {"type": "LineString", "coordinates": [[-95.3865274458899, 29.7413991511095], [-95.3889230201643, 29.7413724294158]]}, "properties": {"centerlineid": 10134491, "roadclass": "LOCAL", "fullname": "HAROLD ST", "fromleft": 601, "toleft": 799, "fromright": 600, "toright": 798, "onewaydir": " "}}, {"type": "Feature", "geometry": {"type": "LineString", "coordinates": [[-95.3868477786156, 29.7305577768342], [-95.3874734247224, 29.7297605449203]]}, "properties": {"centerlineid": 10136807, "roadclass": "LOCAL", "fullname": "TRAVIS ST", "fromleft": 4901, "toleft": 4999, "fromright": 4900, "toright": 4998, "onewaydir": " "}}, {"type": "Feature", "geometry": {"type": "LineString", "coordinates": [[-95.3975137124866, 29.7395662437588], [-95.3974983979845, 29.7387213072502]]}, "properties": {"centerlineid": 10136914, "roadclass": "LOCAL", "fullname": "MULBERRY ST", "fromleft": 3701, "toleft": 3799, "fromright": 3700, "toright": 3798, "onewaydir": " "}}, {"type": "Feature", "geometry": {"type": "LineString", "coordinates": [[-95.397498436772, 29.737803843619], [-95.3974909056264, 29.7369588824255]]}, "properties": {"centerlineid": 10136938, "roadclass": "LOCAL", "fullname": "MULBERRY ST", "fromleft": 3901, "toleft": 3999, "fromright": 3900, "toright": 3998, "onewaydir": " "}}, {"type": "Feature", "geometry": {"type": "LineString", "coordinates": [[-95.3864893111768, 29.7388682620104], [-95.3869739383752, 29.7388569298599]]}, "properties": {"centerlineid": 10137098, "roadclass": "MAJOR", "fullname": "W ALABAMA ST", "fromleft": 601, "toleft": 611, "fromright": 600, "toright": 610, "onewaydir": " "}}, {"type": "Feature", "geometry": {"type": "LineString", "coordinates": [[-95.3679955385223, 29.7307085994251], [-95.3671640558923, 29.7302107316396]]}, "properties": {"centerlineid": 10137191, "roadclass": "MAJOR", "fullname": "ALABAMA ST", "fromleft": 2401, "toleft": 2499, "fromright": 2400, "toright": 2498, "onewaydir": " "}}, {"type": "Feature", "geometry": {"type": "LineString", "coordinates": [[-95.3807519749647, 29.7289804244963], [-95.3798821578096, 29.7284635977403]]}, "properties": {"centerlineid": 10137201, "roadclass": "LOCAL", "fullname": "WENTWORTH ST", "fromleft": 1501, "toleft": 1599, "fromright": 1500, "toright": 1598, "onewaydir": " "}}, {"type": "Feature", "geometry": {"type": "LineString", "coordinates": [[-95.3737710004983, 29.7377734802693], [-95.3729089773696, 29.7372642191427]]}, "properties": {"centerlineid": 10137290, "roadclass": "LOCAL", "fullname": "FRANCIS ST", "fromleft": 1501, "toleft": 1599, "fromright": 1500, "toright": 1598, "onewaydir": " "}}, {"type": "Feature", "geometry": {"type": "LineString", "coordinates": [[-95.3762583477184, 29.7346338496722], [-95.3767007283496, 29.7340579222921]]}, "properties": {"centerlineid": 10137318, "roadclass": "LOCAL", "fullname": "LA BRANCH ST", "fromleft": 3901, "toleft": 3999, "fromright": 3900, "toright": 3998, "onewaydir": "FT"}}, {"type": "Feature", "geometry": {"type": "LineString", "coordinates": [[-95.377929020071, 29.7252324650112], [-95.3775171539048, 29.7249846437112], [-95.3767466209654, 29.7245249068936]]}, "properties": {"centerlineid": 10137340, "roadclass": "LOCAL", "fullname": "ROSEDALE AVE", "fromleft": 2001, "toleft": 2099, "fromright": 2000, "toright": 2098, "onewaydir": ""}}, {"type": "Feature", "geometry": {"type": "LineString", "coordinates": [[-95.3771812816976, 29.7334589779733], [-95.3777716176314, 29.7327094470738]]}, "properties": {"centerlineid": 10137372, "roadclass": "LOCAL", "fullname": "LA BRANCH ST", "fromleft": 4101, "toleft": 4199, "fromright": 4100, "toright": 4198, "onewaydir": "FT"}}, {"type": "Feature", "geometry": {"type": "LineString", "coordinates": [[-95.3731759643107, 29.7273268540991], [-95.3736414375997, 29.7267260701787]]}, "properties": {"centerlineid": 10137445, "roadclass": "LOCAL", "fullname": "SOUTH FWY", "fromleft": 4501, "toleft": 4599, "fromright": 0, "toright": 0, "onewaydir": "TF"}}, {"type": "Feature", "geometry": {"type": "LineString", "coordinates": [[-95.3791421726585, 29.72628730965], [-95.3796913918342, 29.72557973119]]}, "properties": {"centerlineid": 10137486, "roadclass": "LOCAL", "fullname": "CHENEVERT ST", "fromleft": 4901, "toleft": 4999, "fromright": 4900, "toright": 4998, "onewaydir": " "}}, {"type": "Feature", "geometry": {"type": "LineString", "coordinates": [[-95.3835137407182, 29.727048237733], [-95.3834297871846, 29.7270064769], [-95.3827507473588, 29.7266001358489], [-95.3826897958707, 29.7265485300238]]}, "properties": {"centerlineid": 10137513, "roadclass": "LOCAL", "fullname": "PALM ST", "fromleft": 1401, "toleft": 1499, "fromright": 1400, "toright": 1498, "onewaydir": " "}}, {"type": "Feature", "geometry": {"type": "LineString", "coordinates": [[-95.3752892705069, 29.7267737412432], [-95.3749769279654, 29.7265865451498], [-95.3744318040854, 29.7262645721503], [-95.3741558506106, 29.7260947948836]]}, "properties": {"centerlineid": 10137556, "roadclass": "MAJOR", "fullname": "BLODGETT ST", "fromleft": 0, "toleft": 0, "fromright": 0, "toright": 0, "onewaydir": " "}}, {"type": "Feature", "geometry": {"type": "LineString", "coordinates": [[-95.3695671674837, 29.739886803799], [-95.3702910488226, 29.7389721009406]]}, "properties": {"centerlineid": 10137572, "roadclass": "LOCAL", "fullname": "JACKSON ST", "fromleft": 2901, "toleft": 2999, "fromright": 2900, "toright": 2998, "onewaydir": "FT"}}, {"type": "Feature", "geometry": {"type": "LineString", "coordinates": [[-95.3729623555187, 29.7364343435118], [-95.3733783353242, 29.7359039695162]]}, "properties": {"centerlineid": 10137598, "roadclass": "LOCAL", "fullname": "JACKSON ST", "fromleft": 3501, "toleft": 3599, "fromright": 3500, "toright": 3598, "onewaydir": "FT"}}, {"type": "Feature", "geometry": {"type": "LineString", "coordinates": [[-95.3782724064203, 29.7368806510443], [-95.3778242376704, 29.7365980441742]]}, "properties": {"centerlineid": 10137476, "roadclass": "MAJOR", "fullname": "ALABAMA ST", "fromleft": 1201, "toleft": 1215, "fromright": 1200, "toright": 1214, "onewaydir": " "}}, {"type": "Feature", "geometry": {"type": "LineString", "coordinates": [[-95.4020378825694, 29.7412218303243], [-95.4020746256145, 29.7412213750583], [-95.404570842359, 29.7411894478435]]}, "properties": {"centerlineid": 10133895, "roadclass": "LOCAL", "fullname": "HAROLD ST", "fromleft": 1701, "toleft": 1799, "fromright": 1700, "toright": 1798, "onewaydir": " "}}, {"type": "Feature", "geometry": {"type": "LineString", "coordinates": [[-95.4016947323185, 29.7246622369917], [-95.4034341205017, 29.7246472119148]]}, "properties": {"centerlineid": 10132329, "roadclass": "LOCAL", "fullname": "WROXTON CT", "fromleft": 1701, "toleft": 1799, "fromright": 1700, "toright": 1798, "onewaydir": " "}}, {"type": "Feature", "geometry": {"type": "LineString", "coordinates": [[-95.3696511617353, 29.7334094658649], [-95.3698113044441, 29.7332034055336], [-95.3700935597531, 29.7328429105541]]}, "properties": {"centerlineid": 10137693, "roadclass": "LOCAL", "fullname": "ST EMANUEL ST", "fromleft": 3601, "toleft": 3699, "fromright": 3600, "toright": 3698, "onewaydir": " "}}, {"type": "Feature", "geometry": {"type": "LineString", "coordinates": [[-95.3712688773234, 29.7335246101746], [-95.3714135568592, 29.732993478875], [-95.3714870837115, 29.7328270549619], [-95.3715875331901, 29.7325996956975], [-95.3721306948762, 29.7313702631597], [-95.3724054059659, 29.7307448728864]]}, "properties": {"centerlineid": 10137753, "roadclass": "RAMP", "fullname": "45 S TO SB 288 RAMP", "fromleft": 1, "toleft": 9, "fromright": 0, "toright": 0, "onewaydir": "FT"}}, {"type": "Feature", "geometry": {"type": "LineString", "coordinates": [[-95.3783792058084, 29.7413877115829], [-95.3776527091984, 29.7409512254001], [-95.3776239546686, 29.7409338879522]]}, "properties": {"centerlineid": 10135639, "roadclass": "LOCAL", "fullname": "STUART ST", "fromleft": 907, "toleft": 999, "fromright": 906, "toright": 998, "onewaydir": " "}}, {"type": "Feature", "geometry": {"type": "LineString", "coordinates": [[-95.3743279661617, 29.7427802369733], [-95.3738244341859, 29.742480663984]]}, "properties": {"centerlineid": 10136076, "roadclass": "LOCAL", "fullname": "TUAM ST", "fromleft": 1115, "toleft": 1199, "fromright": 1114, "toright": 1198, "onewaydir": " "}}, {"type": "Feature", "geometry": {"type": "LineString", "coordinates": [[-95.3806527177878, 29.7419275864499], [-95.3806773544293, 29.7418972252669], [-95.3811334543024, 29.7413343546529]]}, "properties": {"centerlineid": 10136351, "roadclass": "MAJOR", "fullname": "LOUISIANA ST", "fromleft": 3401, "toleft": 3499, "fromright": 3400, "toright": 3498, "onewaydir": "FT"}}, {"type": "Feature", "geometry": {"type": "LineString", "coordinates": [[-95.3975289958457, 29.7412695203379], [-95.3975137112433, 29.7404207237768]]}, "properties": {"centerlineid": 10134162, "roadclass": "LOCAL", "fullname": "MULBERRY ST", "fromleft": 3501, "toleft": 3599, "fromright": 3500, "toright": 3598, "onewaydir": " "}}, {"type": "Feature", "geometry": {"type": "LineString", "coordinates": [[-95.399360050421, 29.742000132171], [-95.3993522894708, 29.7412503426489]]}, "properties": {"centerlineid": 10134241, "roadclass": "LOCAL", "fullname": "MANDELL ST", "fromleft": 3401, "toleft": 3499, "fromright": 3400, "toright": 3498, "onewaydir": " "}}, {"type": "Feature", "geometry": {"type": "LineString", "coordinates": [[-95.3854060006932, 29.7362378613203], [-95.3869317812861, 29.736218920919]]}, "properties": {"centerlineid": 10136666, "roadclass": "LOCAL", "fullname": "W MAIN ST", "fromleft": 501, "toleft": 599, "fromright": 500, "toright": 598, "onewaydir": " "}}, {"type": "Feature", "geometry": {"type": "LineString", "coordinates": [[-95.3834681045323, 29.7388986107056], [-95.383468139613, 29.7380194269421]]}, "properties": {"centerlineid": 10136674, "roadclass": "LOCAL", "fullname": "BRANDT ST", "fromleft": 3801, "toleft": 3899, "fromright": 3800, "toright": 3898, "onewaydir": " "}}, {"type": "Feature", "geometry": {"type": "LineString", "coordinates": [[-95.3912043090617, 29.7404836865022], [-95.3911965271698, 29.7396367179578]]}, "properties": {"centerlineid": 10136740, "roadclass": "MAJOR", "fullname": "MONTROSE BLVD", "fromleft": 3601, "toleft": 3699, "fromright": 3600, "toright": 3698, "onewaydir": " "}}, {"type": "Feature", "geometry": {"type": "LineString", "coordinates": [[-95.3964914690192, 29.7344544778893], [-95.3967507083572, 29.7344487975916]]}, "properties": {"centerlineid": 10136874, "roadclass": "MAJOR", "fullname": "RICHMOND AVE", "fromleft": 1401, "toleft": 1403, "fromright": 1400, "toright": 1402, "onewaydir": " "}}, {"type": "Feature", "geometry": {"type": "LineString", "coordinates": [[-95.400519670527, 29.7437319696805], [-95.4011986581477, 29.7437337904451], [-95.4012901835469, 29.7437776023207]]}, "properties": {"centerlineid": 10134662, "roadclass": "LOCAL", "fullname": "MISSOURI ST", "fromleft": 1821, "toleft": 1851, "fromright": 1820, "toright": 1850, "onewaydir": " "}}, {"type": "Feature", "geometry": {"type": "LineString", "coordinates": [[-95.3863442335565, 29.7250971477479], [-95.3865427063462, 29.724847307026], [-95.3870079915296, 29.7242522418675]]}, "properties": {"centerlineid": 10137023, "roadclass": "LOCAL", "fullname": "CAROLINE ST", "fromleft": 5501, "toleft": 5599, "fromright": 5500, "toright": 5598, "onewaydir": " "}}, {"type": "Feature", "geometry": {"type": "LineString", "coordinates": [[-95.3833763621065, 29.7336401449539], [-95.3838183693384, 29.7330821577317]]}, "properties": {"centerlineid": 10137049, "roadclass": "MAJOR", "fullname": "MAIN ST", "fromleft": 4501, "toleft": 4599, "fromright": 4500, "toright": 4598, "onewaydir": " "}}, {"type": "Feature", "geometry": {"type": "LineString", "coordinates": [[-95.3869546016204, 29.729113910615], [-95.3874353414731, 29.7285208881604]]}, "properties": {"centerlineid": 10137067, "roadclass": "MAJOR", "fullname": "MAIN ST", "fromleft": 5101, "toleft": 5199, "fromright": 5100, "toright": 5198, "onewaydir": " "}}, {"type": "Feature", "geometry": {"type": "LineString", "coordinates": [[-95.384839169253, 29.7345563507033], [-95.3851650492405, 29.7345435420865], [-95.3853546635711, 29.7345381240935], [-95.3854740791617, 29.7345267812145], [-95.3857569319174, 29.7345270592508]]}, "properties": {"centerlineid": 10137077, "roadclass": "MAJOR", "fullname": "RICHMOND AVE", "fromleft": 0, "toleft": 0, "fromright": 0, "toright": 0, "onewaydir": " "}}, {"type": "Feature", "geometry": {"type": "LineString", "coordinates": [[-95.3838343408115, 29.7397740970087], [-95.3822168344817, 29.7397836897766], [-95.3821893218689, 29.7397865989156], [-95.3821627044227, 29.7397933344158], [-95.3821376761307, 29.7398037206651], [-95.3821148895479, 29.7398174868661], [-95.3820794563444, 29.7398427780917]]}, "properties": {"centerlineid": 10137085, "roadclass": "LOCAL", "fullname": "MARSHALL ST", "fromleft": 401, "toleft": 499, "fromright": 400, "toright": 498, "onewaydir": " "}}, {"type": "Feature", "geometry": {"type": "LineString", "coordinates": [[-95.3680642263959, 29.7362285109112], [-95.3682015509542, 29.736045279184], [-95.3686058878244, 29.7355093285193], [-95.3695443830512, 29.7343896821868], [-95.369773213807, 29.734109240259], [-95.3700098562294, 29.7338308703211], [-95.3705284598652, 29.7333636016503]]}, "properties": {"centerlineid": 10137170, "roadclass": "LOCAL", "fullname": "CHARTRES ST", "fromleft": 3201, "toleft": 3599, "fromright": 3200, "toright": 3598, "onewaydir": "FT"}}, {"type": "Feature", "geometry": {"type": "LineString", "coordinates": [[-95.3744575858736, 29.7400851111921], [-95.3750222947105, 29.7393736446571]]}, "properties": {"centerlineid": 10137282, "roadclass": "LOCAL", "fullname": "CAROLINE ST", "fromleft": 3201, "toleft": 3299, "fromright": 3200, "toright": 3298, "onewaydir": "FT"}}, {"type": "Feature", "geometry": {"type": "LineString", "coordinates": [[-95.3826047337498, 29.7330551113157], [-95.3831877802166, 29.7323510620596], [-95.3832162904617, 29.7323166334104]]}, "properties": {"centerlineid": 10137327, "roadclass": "MAJOR", "fullname": "FANNIN ST", "fromleft": 4501, "toleft": 4599, "fromright": 4500, "toright": 4598, "onewaydir": "FT"}}, {"type": "Feature", "geometry": {"type": "LineString", "coordinates": [[-95.3662789676667, 29.7296708402492], [-95.3654473167764, 29.7291825862238]]}, "properties": {"centerlineid": 10137356, "roadclass": "MAJOR", "fullname": "ALABAMA ST", "fromleft": 2601, "toleft": 2699, "fromright": 2600, "toright": 2698, "onewaydir": " "}}, {"type": "Feature", "geometry": {"type": "LineString", "coordinates": [[-95.3814157003661, 29.7313111752052], [-95.3818887214044, 29.7307161049158]]}, "properties": {"centerlineid": 10137490, "roadclass": "LOCAL", "fullname": "CAROLINE ST", "fromleft": 4601, "toleft": 4699, "fromright": 4600, "toright": 4698, "onewaydir": " "}}, {"type": "Feature", "geometry": {"type": "LineString", "coordinates": [[-95.3677666858526, 29.7277884604459], [-95.3682855259771, 29.7271552765245]]}, "properties": {"centerlineid": 10137541, "roadclass": "LOCAL", "fullname": "LIVE OAK ST", "fromleft": 4101, "toleft": 4199, "fromright": 4100, "toright": 4198, "onewaydir": " "}}, {"type": "Feature", "geometry": {"type": "LineString", "coordinates": [[-95.3682168580438, 29.7399669178227], [-95.3686974076437, 29.7393718165937]]}, "properties": {"centerlineid": 10137571, "roadclass": "LOCAL", "fullname": "CHENEVERT ST", "fromleft": 2801, "toleft": 2899, "fromright": 2800, "toright": 2898, "onewaydir": " "}}, {"type": "Feature", "geometry": {"type": "LineString", "coordinates": [[-95.3794166883087, 29.7403025381859], [-95.3799736629289, 29.7395796797432]]}, "properties": {"centerlineid": 10137584, "roadclass": "LOCAL", "fullname": "TRAVIS ST", "fromleft": 3501, "toleft": 3599, "fromright": 3500, "toright": 3598, "onewaydir": "FT"}}, {"type": "Feature", "geometry": {"type": "LineString", "coordinates": [[-95.3767922656887, 29.7387270159381], [-95.3773491999617, 29.7380041656016]]}, "properties": {"centerlineid": 10137586, "roadclass": "LOCAL", "fullname": "SAN JACINTO ST", "fromleft": 3501, "toleft": 3599, "fromright": 3500, "toright": 3598, "onewaydir": "FT"}}, {"type": "Feature", "geometry": {"type": "LineString", "coordinates": [[-95.3810367733175, 29.7366072303175], [-95.3805992779798, 29.7363446699646]]}, "properties": {"centerlineid": 10137630, "roadclass": "LOCAL", "fullname": "ISABELLA ST", "fromleft": 1001, "toleft": 1015, "fromright": 1000, "toright": 1014, "onewaydir": " "}}, {"type": "Feature", "geometry": {"type": "LineString", "coordinates": [[-95.3659052529965, 29.7333788837144], [-95.3660654136393, 29.7331919936088]]}, "properties": {"centerlineid": 10137664, "roadclass": "MAJOR", "fullname": "EMANCIPATION AVE", "fromleft": 3377, "toleft": 3399, "fromright": 3376, "toright": 3398, "onewaydir": " "}}, {"type": "Feature", "geometry": {"type": "LineString", "coordinates": [[-95.4020837576907, 29.7266553147099], [-95.4021131830458, 29.7266551279062], [-95.4044031430659, 29.7266343266459]]}, "properties": {"centerlineid": 10132153, "roadclass": "LOCAL", "fullname": "SOUTH BLVD", "fromleft": 1701, "toleft": 1799, "fromright": 1700, "toright": 1798, "onewaydir": " "}}, {"type": "Feature", "geometry": {"type": "LineString", "coordinates": [[-95.3889380534679, 29.732184283397], [-95.389720428948, 29.7321444868326], [-95.391090975213, 29.7320108293005], [-95.3946934225115, 29.7317124902924], [-95.3970102155106, 29.7315328039373], [-95.3989113098506, 29.7314245788226], [-95.3994952131989, 29.7313913336404], [-95.4021182263275, 29.7312434300393], [-95.402119298537, 29.73124338098], [-95.4044328949823, 29.7311372084379], [-95.4070041523856, 29.7310191629352], [-95.4072935530503, 29.7310058753122]]}, "properties": {"centerlineid": 10125934, "roadclass": "FREEWAY", "fullname": "S US 59", "fromleft": 0, "toleft": 0, "fromright": 800, "toright": 1916, "onewaydir": "FT"}}, {"type": "Feature", "geometry": {"type": "LineString", "coordinates": [[-95.3679955385223, 29.7307085994251], [-95.3685068747944, 29.7300753975079]]}, "properties": {"centerlineid": 10137706, "roadclass": "MAJOR", "fullname": "EMANCIPATION AVE", "fromleft": 3801, "toleft": 3899, "fromright": 3800, "toright": 3898, "onewaydir": " "}}, {"type": "Feature", "geometry": {"type": "LineString", "coordinates": [[-95.3749000423877, 29.72836677817], [-95.3743034589422, 29.7280138771877]]}, "properties": {"centerlineid": 10137744, "roadclass": "LOCAL", "fullname": "ROSEWOOD ST", "fromleft": 2001, "toleft": 2099, "fromright": 2000, "toright": 2098, "onewaydir": " "}}, {"type": "Feature", "geometry": {"type": "LineString", "coordinates": [[-95.3701832461452, 29.7342353438924], [-95.3700098281317, 29.7345822733886], [-95.3697426397853, 29.7349370809863], [-95.3692390806773, 29.7356028744651], [-95.3689492940613, 29.7360339159843], [-95.3688044226307, 29.736257042915], [-95.3686283991369, 29.7365600818697], [-95.3684660597411, 29.7368395598612]]}, "properties": {"centerlineid": 10137747, "roadclass": "RAMP", "fullname": "NB 59 S TO 45 S RAMP", "fromleft": 1, "toleft": 3, "fromright": 2, "toright": 4, "onewaydir": "FT"}}, {"type": "Feature", "geometry": {"type": "LineString", "coordinates": [[-95.377181275597, 29.7236112816214], [-95.3775627718997, 29.722566015143]]}, "properties": {"centerlineid": 10137810, "roadclass": "FRONTAGE", "fullname": "SOUTH FWY", "fromleft": 0, "toleft": 0, "fromright": 5100, "toright": 5298, "onewaydir": "FT"}}, {"type": "Feature", "geometry": {"type": "LineString", "coordinates": [[-95.3819345784726, 29.7416300271585], [-95.3819268129219, 29.7414717058928]]}, "properties": {"centerlineid": 10135595, "roadclass": "MAJOR", "fullname": "BAGBY ST", "fromleft": 0, "toleft": 0, "fromright": 3600, "toright": 3638, "onewaydir": "FT"}}, {"type": "Feature", "geometry": {"type": "LineString", "coordinates": [[-95.3657372983775, 29.7431195483351], [-95.3648978520234, 29.7426317351979]]}, "properties": {"centerlineid": 10136089, "roadclass": "LOCAL", "fullname": "HADLEY ST", "fromleft": 1801, "toleft": 1899, "fromright": 1800, "toright": 1898, "onewaydir": " "}}, {"type": "Feature", "geometry": {"type": "LineString", "coordinates": [[-95.3675759354482, 29.7423700044345], [-95.3680719581102, 29.7417674161982]]}, "properties": {"centerlineid": 10136202, "roadclass": "LOCAL", "fullname": "JACKSON ST", "fromleft": 2501, "toleft": 2599, "fromright": 2500, "toright": 2598, "onewaydir": "FT"}}, {"type": "Feature", "geometry": {"type": "LineString", "coordinates": [[-95.3680719581102, 29.7417674161982], [-95.3686364659543, 29.7410616468381]]}, "properties": {"centerlineid": 10136203, "roadclass": "LOCAL", "fullname": "JACKSON ST", "fromleft": 2601, "toleft": 2699, "fromright": 2600, "toright": 2698, "onewaydir": "FT"}}, {"type": "Feature", "geometry": {"type": "LineString", "coordinates": [[-95.3836474318682, 29.7317054857296], [-95.3827507251186, 29.731240659314]]}, "properties": {"centerlineid": 10136573, "roadclass": "MAJOR", "fullname": "BLODGETT ST", "fromleft": 1001, "toleft": 1199, "fromright": 1000, "toright": 1198, "onewaydir": "FT"}}, {"type": "Feature", "geometry": {"type": "LineString", "coordinates": [[-95.3832550845221, 29.7379143842662], [-95.38339317565, 29.7376009434552], [-95.3835790232342, 29.7371213721238]]}, "properties": {"centerlineid": 10136673, "roadclass": "LOCAL", "fullname": "MILAM ST", "fromleft": 3827, "toleft": 3899, "fromright": 3826, "toright": 3898, "onewaydir": "TF"}}, {"type": "Feature", "geometry": {"type": "LineString", "coordinates": [[-95.3846276781889, 29.7304452646929], [-95.3846735402386, 29.7303918904274], [-95.3850853705866, 29.7298730278711]]}, "properties": {"centerlineid": 10136711, "roadclass": "MAJOR", "fullname": "FANNIN ST", "fromleft": 4815, "toleft": 4899, "fromright": 4814, "toright": 4898, "onewaydir": "FT"}}, {"type": "Feature", "geometry": {"type": "LineString", "coordinates": [[-95.3820335912768, 29.740697278812], [-95.3820708068614, 29.7406970279755], [-95.3838571437149, 29.7406783179964]]}, "properties": {"centerlineid": 10134489, "roadclass": "LOCAL", "fullname": "WESTMORELAND ST", "fromleft": 401, "toleft": 499, "fromright": 400, "toright": 498, "onewaydir": " "}}, {"type": "Feature", "geometry": {"type": "LineString", "coordinates": [[-95.3994896944611, 29.7296576368205], [-95.4020990448605, 29.7296288490815]]}, "properties": {"centerlineid": 10136842, "roadclass": "LOCAL", "fullname": "BANKS ST", "fromleft": 1601, "toleft": 1699, "fromright": 1600, "toright": 1698, "onewaydir": " "}}, {"type": "Feature", "geometry": {"type": "LineString", "coordinates": [[-95.3889001845076, 29.7396636411392], [-95.388892441931, 29.7387995543494]]}, "properties": {"centerlineid": 10136909, "roadclass": "LOCAL", "fullname": "STANFORD ST", "fromleft": 3701, "toleft": 3799, "fromright": 3700, "toright": 3798, "onewaydir": " "}}, {"type": "Feature", "geometry": {"type": "LineString", "coordinates": [[-95.3851693617514, 29.7313912611014], [-95.3855127706709, 29.7309623315131]]}, "properties": {"centerlineid": 10137058, "roadclass": "MAJOR", "fullname": "MAIN ST", "fromleft": 4801, "toleft": 4815, "fromright": 4800, "toright": 4814, "onewaydir": " "}}, {"type": "Feature", "geometry": {"type": "LineString", "coordinates": [[-95.3795540708957, 29.7384828499465], [-95.3790354307537, 29.7381720971144]]}, "properties": {"centerlineid": 10137212, "roadclass": "LOCAL", "fullname": "WINBERN ST", "fromleft": 1001, "toleft": 1019, "fromright": 1000, "toright": 1018, "onewaydir": " "}}, {"type": "Feature", "geometry": {"type": "LineString", "coordinates": [[-95.367278373022, 29.7284159110575], [-95.3655618574616, 29.7273898187623]]}, "properties": {"centerlineid": 10137266, "roadclass": "LOCAL", "fullname": "ISABELLA ST", "fromleft": 2601, "toleft": 2799, "fromright": 2600, "toright": 2798, "onewaydir": " "}}, {"type": "Feature", "geometry": {"type": "LineString", "coordinates": [[-95.3819801814586, 29.7322268202168], [-95.3827507251186, 29.731240659314]]}, "properties": {"centerlineid": 10137278, "roadclass": "LOCAL", "fullname": "SAN JACINTO ST", "fromleft": 4501, "toleft": 4699, "fromright": 4500, "toright": 4698, "onewaydir": "TF"}}, {"type": "Feature", "geometry": {"type": "LineString", "coordinates": [[-95.3806213528302, 29.7354784789327], [-95.3811868202015, 29.7347636814311]]}, "properties": {"centerlineid": 10137320, "roadclass": "MAJOR", "fullname": "FANNIN ST", "fromleft": 4101, "toleft": 4199, "fromright": 4100, "toright": 4198, "onewaydir": "FT"}}, {"type": "Feature", "geometry": {"type": "MultiLineString", "coordinates": [[[-95.37862331163, 29.7332187225479], [-95.3790155133125, 29.7327079590088]], [[-95.3790155133125, 29.7327079590088], [-95.3790657326497, 29.7326425574406]]]}, "properties": {"centerlineid": 10137323, "roadclass": "LOCAL", "fullname": "AUSTIN ST", "fromleft": 4201, "toleft": 4299, "fromright": 4200, "toright": 4298, "onewaydir": "FT"}}, {"type": "Feature", "geometry": {"type": "MultiLineString", "coordinates": [[[-95.3790657326497, 29.7326425574406], [-95.3791458053767, 29.7325405121084]], [[-95.3791458053767, 29.7325405121084], [-95.3795237115394, 29.732058903768]]]}, "properties": {"centerlineid": 10137331, "roadclass": "LOCAL", "fullname": "AUSTIN ST", "fromleft": 4301, "toleft": 4399, "fromright": 4300, "toright": 4398, "onewaydir": "FT"}}, {"type": "Feature", "geometry": {"type": "LineString", "coordinates": [[-95.3788980421479, 29.734481199056], [-95.3792184112439, 29.7340807335437], [-95.3794931206511, 29.7337412302477]]}, "properties": {"centerlineid": 10137379, "roadclass": "LOCAL", "fullname": "CAROLINE ST", "fromleft": 4101, "toleft": 4199, "fromright": 4100, "toright": 4198, "onewaydir": "FT"}}, {"type": "Feature", "geometry": {"type": "LineString", "coordinates": [[-95.3782646504953, 29.7242540575885], [-95.377181275597, 29.7236112816214]]}, "properties": {"centerlineid": 10137420, "roadclass": "LOCAL", "fullname": "WICHITA ST", "fromleft": 2001, "toleft": 2199, "fromright": 2000, "toright": 2198, "onewaydir": " "}}, {"type": "Feature", "geometry": {"type": "LineString", "coordinates": [[-95.3831627929861, 29.7259381967577], [-95.3822854769117, 29.7254289049125]]}, "properties": {"centerlineid": 10137430, "roadclass": "MAJOR", "fullname": "SOUTHMORE BLVD", "fromleft": 1501, "toleft": 1599, "fromright": 1500, "toright": 1598, "onewaydir": " "}}, {"type": "Feature", "geometry": {"type": "LineString", "coordinates": [[-95.3729165943142, 29.7308888168115], [-95.3734829347866, 29.7301610546077]]}, "properties": {"centerlineid": 10137436, "roadclass": "LOCAL", "fullname": "CHARTRES ST", "fromleft": 4101, "toleft": 4199, "fromright": 4100, "toright": 4198, "onewaydir": " "}}, {"type": "Feature", "geometry": {"type": "LineString", "coordinates": [[-95.3746179835344, 29.731912176921], [-95.3760979132653, 29.7300370809293]]}, "properties": {"centerlineid": 10137438, "roadclass": "LOCAL", "fullname": "CHENEVERT ST", "fromleft": 4101, "toleft": 4399, "fromright": 4100, "toright": 4398, "onewaydir": " "}}, {"type": "Feature", "geometry": {"type": "LineString", "coordinates": [[-95.3801930227363, 29.7296949666503], [-95.3807519749647, 29.7289804244963]]}, "properties": {"centerlineid": 10137496, "roadclass": "LOCAL", "fullname": "LA BRANCH ST", "fromleft": 4701, "toleft": 4799, "fromright": 4700, "toright": 4798, "onewaydir": " "}}, {"type": "Feature", "geometry": {"type": "LineString", "coordinates": [[-95.3791191675473, 29.7374166323625], [-95.3797144741616, 29.7366481515915]]}, "properties": {"centerlineid": 10137623, "roadclass": "MAJOR", "fullname": "FANNIN ST", "fromleft": 3801, "toleft": 3899, "fromright": 3800, "toright": 3898, "onewaydir": "FT"}}, {"type": "Feature", "geometry": {"type": "LineString", "coordinates": [[-95.3767007283496, 29.7340579222921], [-95.3766167669854, 29.7340102501077], [-95.3757775520189, 29.7335180908344], [-95.3756937851111, 29.7334887367977]]}, "properties": {"centerlineid": 10137650, "roadclass": "LOCAL", "fullname": "ISABELLA ST", "fromleft": 1501, "toleft": 1599, "fromright": 1500, "toright": 1598, "onewaydir": " "}}, {"type": "Feature", "geometry": {"type": "LineString", "coordinates": [[-95.3735269052033, 29.7349007706285], [-95.3726570624586, 29.7343992478834]]}, "properties": {"centerlineid": 10137658, "roadclass": "LOCAL", "fullname": "WINBERN ST", "fromleft": 1701, "toleft": 1799, "fromright": 1700, "toright": 1798, "onewaydir": " "}}, {"type": "Feature", "geometry": {"type": "LineString", "coordinates": [[-95.4021283945947, 29.734322838712], [-95.4027853608821, 29.7343146127536], [-95.4034952411719, 29.7343057212303]]}, "properties": {"centerlineid": 10132401, "roadclass": "MAJOR", "fullname": "RICHMOND AVE", "fromleft": 1701, "toleft": 1717, "fromright": 1700, "toright": 1716, "onewaydir": " "}}, {"type": "Feature", "geometry": {"type": "LineString", "coordinates": [[-95.391028809591, 29.7269624665457], [-95.3915255451809, 29.7269525751634], [-95.3918908666664, 29.726949218572]]}, "properties": {"centerlineid": 10136591, "roadclass": "LOCAL", "fullname": "BERTHEA ST", "fromleft": 1001, "toleft": 1099, "fromright": 1000, "toright": 1098, "onewaydir": " "}}, {"type": "Feature", "geometry": {"type": "LineString", "coordinates": [[-95.3754588454338, 29.7324197617024], [-95.3756448869734, 29.7319192174433], [-95.3758456415879, 29.731319201993], [-95.3762505629883, 29.7301134997887]]}, "properties": {"centerlineid": 10137736, "roadclass": "MAJOR", "fullname": "ALMEDA RD", "fromleft": 4101, "toleft": 4399, "fromright": 4100, "toright": 4398, "onewaydir": " "}}, {"type": "Feature", "geometry": {"type": "LineString", "coordinates": [[-95.3889458641029, 29.7423987563229], [-95.3889230201643, 29.7413724294158]]}, "properties": {"centerlineid": 10134035, "roadclass": "LOCAL", "fullname": "STANFORD ST", "fromleft": 3401, "toleft": 3499, "fromright": 3400, "toright": 3498, "onewaydir": " "}}, {"type": "Feature", "geometry": {"type": "LineString", "coordinates": [[-95.4019539372024, 29.7352042648174], [-95.402004189375, 29.7349037633912], [-95.4020414522089, 29.7346496623469], [-95.4021283945947, 29.734322838712]]}, "properties": {"centerlineid": 10132403, "roadclass": "MAJOR", "fullname": "DUNLAVY ST", "fromleft": 4201, "toleft": 4299, "fromright": 4200, "toright": 4298, "onewaydir": " "}}, {"type": "Feature", "geometry": {"type": "LineString", "coordinates": [[-95.3824381388273, 29.723622692043], [-95.3829186744575, 29.7230143763781]]}, "properties": {"centerlineid": 10137813, "roadclass": "LOCAL", "fullname": "JACKSON ST", "fromleft": 5401, "toleft": 5499, "fromright": 5400, "toright": 5498, "onewaydir": " "}}, {"type": "Feature", "geometry": {"type": "LineString", "coordinates": [[-95.3775627718997, 29.722566015143], [-95.3776620445142, 29.7222075812062], [-95.377822226941, 29.721547495888]]}, "properties": {"centerlineid": 10137925, "roadclass": "FRONTAGE", "fullname": "SOUTH FWY", "fromleft": 0, "toleft": 0, "fromright": 5300, "toright": 5398, "onewaydir": "FT"}}, {"type": "Feature", "geometry": {"type": "LineString", "coordinates": [[-95.371260882343, 29.7409300327865], [-95.3703988874235, 29.7404074987234]]}, "properties": {"centerlineid": 10135605, "roadclass": "LOCAL", "fullname": "TUAM ST", "fromleft": 1501, "toleft": 1599, "fromright": 1500, "toright": 1598, "onewaydir": " "}}, {"type": "Feature", "geometry": {"type": "LineString", "coordinates": [[-95.3739845738422, 29.7406819707392], [-95.3731378538187, 29.7401613111999]]}, "properties": {"centerlineid": 10135834, "roadclass": "LOCAL", "fullname": "ROSALIE ST", "fromleft": 1301, "toleft": 1399, "fromright": 1300, "toright": 1398, "onewaydir": " "}}, {"type": "Feature", "geometry": {"type": "LineString", "coordinates": [[-95.3714897448378, 29.7438369399828], [-95.3715340498308, 29.7437812497086], [-95.3722374811755, 29.7428964130949]]}, "properties": {"centerlineid": 10136084, "roadclass": "LOCAL", "fullname": "CAROLINE ST", "fromleft": 2601, "toleft": 2699, "fromright": 2600, "toright": 2698, "onewaydir": "FT"}}, {"type": "Feature", "geometry": {"type": "LineString", "coordinates": [[-95.3674463122001, 29.7441287708341], [-95.367456371728, 29.7441157389499], [-95.3689111919575, 29.7422823702857]]}, "properties": {"centerlineid": 10136182, "roadclass": "MAJOR", "fullname": "CRAWFORD ST", "fromleft": 2301, "toleft": 2599, "fromright": 2300, "toright": 2598, "onewaydir": "TF"}}, {"type": "Feature", "geometry": {"type": "LineString", "coordinates": [[-95.3789361339208, 29.7408919089001], [-95.3794166883087, 29.7403025381859]]}, "properties": {"centerlineid": 10136348, "roadclass": "LOCAL", "fullname": "TRAVIS ST", "fromleft": 3401, "toleft": 3499, "fromright": 3400, "toright": 3498, "onewaydir": "FT"}}, {"type": "Feature", "geometry": {"type": "LineString", "coordinates": [[-95.3867943886212, 29.722895973556], [-95.3871377918557, 29.7224631320643], [-95.3874734204247, 29.7220225425025]]}, "properties": {"centerlineid": 10136432, "roadclass": "LOCAL", "fullname": "AUSTIN ST", "fromleft": 5701, "toleft": 5799, "fromright": 5700, "toright": 5798, "onewaydir": " "}}, {"type": "Feature", "geometry": {"type": "LineString", "coordinates": [[-95.3948128166825, 29.7439359623897], [-95.3957666111442, 29.7434152770679], [-95.3959192626339, 29.7433523058568]]}, "properties": {"centerlineid": 10134153, "roadclass": "MAJOR", "fullname": "WESTHEIMER RD", "fromleft": 1311, "toleft": 1399, "fromright": 1310, "toright": 1398, "onewaydir": " "}}, {"type": "Feature", "geometry": {"type": "LineString", "coordinates": [[-95.3910974807057, 29.7228521463437], [-95.3914331257026, 29.7226442778406]]}, "properties": {"centerlineid": 10136461, "roadclass": "MAJOR", "fullname": "FANNIN ST", "fromleft": 5927, "toleft": 5949, "fromright": 5926, "toright": 5948, "onewaydir": "FT"}}, {"type": "Feature", "geometry": {"type": "LineString", "coordinates": [[-95.393782867717, 29.741311497205], [-95.3947824692399, 29.7412980696489]]}, "properties": {"centerlineid": 10134383, "roadclass": "LOCAL", "fullname": "HAROLD ST", "fromleft": 1201, "toleft": 1299, "fromright": 1200, "toright": 1298, "onewaydir": " "}}, {"type": "Feature", "geometry": {"type": "LineString", "coordinates": [[-95.3862833028809, 29.7267831245879], [-95.3867410018253, 29.7262129281523]]}, "properties": {"centerlineid": 10136690, "roadclass": "LOCAL", "fullname": "SAN JACINTO ST", "fromleft": 5301, "toleft": 5399, "fromright": 5300, "toright": 5398, "onewaydir": "TF"}}, {"type": "Feature", "geometry": {"type": "LineString", "coordinates": [[-95.384795625505, 29.7286504903747], [-95.3852533199089, 29.7280839275802]]}, "properties": {"centerlineid": 10136696, "roadclass": "LOCAL", "fullname": "SAN JACINTO ST", "fromleft": 5001, "toleft": 5099, "fromright": 5000, "toright": 5098, "onewaydir": "TF"}}, {"type": "Feature", "geometry": {"type": "LineString", "coordinates": [[-95.3964762001991, 29.7335466018874], [-95.3968424230697, 29.7335390556376], [-95.3973001486117, 29.7335333644781], [-95.3993828840089, 29.7335123738351], [-95.3995202249924, 29.7335504883239]]}, "properties": {"centerlineid": 10136709, "roadclass": "LOCAL", "fullname": "BONNIE BRAE ST", "fromleft": 1401, "toleft": 1599, "fromright": 1400, "toright": 1598, "onewaydir": " "}}, {"type": "Feature", "geometry": {"type": "LineString", "coordinates": [[-95.3853907128081, 29.7349751914297], [-95.3856348315501, 29.7346892753576], [-95.3857569319174, 29.7345270592508]]}, "properties": {"centerlineid": 10136719, "roadclass": "LOCAL", "fullname": "MILAM ST", "fromleft": 4201, "toleft": 4299, "fromright": 4200, "toright": 4298, "onewaydir": "TF"}}, {"type": "Feature", "geometry": {"type": "LineString", "coordinates": [[-95.3850014195267, 29.7251658126008], [-95.3845590036185, 29.7248968150107], [-95.3845284431439, 29.724877893289], [-95.3841699560677, 29.7246604222046]]}, "properties": {"centerlineid": 10136734, "roadclass": "LOCAL", "fullname": "PROSPECT ST", "fromleft": 1401, "toleft": 1499, "fromright": 1400, "toright": 1498, "onewaydir": " "}}, {"type": "Feature", "geometry": {"type": "LineString", "coordinates": [[-95.3820336010797, 29.7415899068605], [-95.3821579689299, 29.7415896366143], [-95.3838646756626, 29.741586220271]]}, "properties": {"centerlineid": 10134488, "roadclass": "LOCAL", "fullname": "EMERSON ST", "fromleft": 401, "toleft": 499, "fromright": 400, "toright": 498, "onewaydir": " "}}, {"type": "Feature", "geometry": {"type": "LineString", "coordinates": [[-95.3911356055021, 29.734481158268], [-95.3925087305665, 29.7344871149138]]}, "properties": {"centerlineid": 10136792, "roadclass": "MAJOR", "fullname": "RICHMOND AVE", "fromleft": 1001, "toleft": 1099, "fromright": 1000, "toright": 1098, "onewaydir": " "}}, {"type": "Feature", "geometry": {"type": "LineString", "coordinates": [[-95.3910744773147, 29.7301438792679], [-95.3919595470916, 29.7301363221504], [-95.3928446124725, 29.7301363405837]]}, "properties": {"centerlineid": 10136836, "roadclass": "LOCAL", "fullname": "BANKS ST", "fromleft": 1001, "toleft": 1117, "fromright": 1000, "toright": 1116, "onewaydir": " "}}, {"type": "Feature", "geometry": {"type": "LineString", "coordinates": [[-95.388892441931, 29.7387995543494], [-95.3888924445514, 29.7378973906071]]}, "properties": {"centerlineid": 10136908, "roadclass": "LOCAL", "fullname": "STANFORD ST", "fromleft": 3801, "toleft": 3899, "fromright": 3800, "toright": 3898, "onewaydir": " "}}, {"type": "Feature", "geometry": {"type": "LineString", "coordinates": [[-95.3925087305665, 29.7344871149138], [-95.3925087652481, 29.7344394355378], [-95.3924784273249, 29.7319883963519]]}, "properties": {"centerlineid": 10136990, "roadclass": "LOCAL", "fullname": "YOAKUM BLVD", "fromleft": 4301, "toleft": 4599, "fromright": 4300, "toright": 4598, "onewaydir": " "}}, {"type": "Feature", "geometry": {"type": "LineString", "coordinates": [[-95.384635198931, 29.7240594093369], [-95.384543739767, 29.7240023759741], [-95.3837731842356, 29.7235426332241]]}, "properties": {"centerlineid": 10137034, "roadclass": "LOCAL", "fullname": "CALUMET ST", "fromleft": 1501, "toleft": 1599, "fromright": 1500, "toright": 1598, "onewaydir": " "}}, {"type": "Feature", "geometry": {"type": "LineString", "coordinates": [[-95.3845389623885, 29.7322666351001], [-95.384489373136, 29.7322353644048], [-95.3842961160843, 29.7321105567455], [-95.3836474318682, 29.7317054857296]]}, "properties": {"centerlineid": 10137081, "roadclass": "MAJOR", "fullname": "BLODGETT ST", "fromleft": 0, "toleft": 0, "fromright": 0, "toright": 0, "onewaydir": " "}}, {"type": "Feature", "geometry": {"type": "LineString", "coordinates": [[-95.3844444741272, 29.7388949616478], [-95.3848412259449, 29.7388928753362], [-95.3854340121294, 29.7388803996585]]}, "properties": {"centerlineid": 10137086, "roadclass": "MAJOR", "fullname": "W ALABAMA ST", "fromleft": 401, "toleft": 499, "fromright": 400, "toright": 498, "onewaydir": " "}}, {"type": "Feature", "geometry": {"type": "LineString", "coordinates": [[-95.3868858888355, 29.7328848769924], [-95.3871669088405, 29.7327057934807], [-95.3874813424427, 29.7325410516253], [-95.387837222777, 29.7324123655086], [-95.3881250386304, 29.7323347920284], [-95.3884133298003, 29.7322896183504], [-95.3889380534679, 29.732184283397]]}, "properties": {"centerlineid": 10137119, "roadclass": "RAMP", "fullname": "SPUR 527 US 59 RAMP", "fromleft": 0, "toleft": 0, "fromright": 0, "toright": 0, "onewaydir": "TF"}}, {"type": "Feature", "geometry": {"type": "LineString", "coordinates": [[-95.379269676679, 29.7308553544783], [-95.3785662021342, 29.7304311766449], [-95.3785151903329, 29.7304035256341], [-95.3784692661399, 29.7303867599038], [-95.3784140299183, 29.730380584938], [-95.3783638928924, 29.7303823087635]]}, "properties": {"centerlineid": 10137147, "roadclass": "LOCAL", "fullname": "ROSEWOOD ST", "fromleft": 1501, "toleft": 1599, "fromright": 1500, "toright": 1598, "onewaydir": " "}}, {"type": "Feature", "geometry": {"type": "LineString", "coordinates": [[-95.3808359097212, 29.7400946690163], [-95.3799736629289, 29.7395796797432]]}, "properties": {"centerlineid": 10137241, "roadclass": "LOCAL", "fullname": "BERRY ST", "fromleft": 801, "toleft": 899, "fromright": 800, "toright": 898, "onewaydir": " "}}, {"type": "Feature", "geometry": {"type": "LineString", "coordinates": [[-95.3731378538187, 29.7401613111999], [-95.3722986424942, 29.7396636413215], [-95.3722680765579, 29.7396463010244]]}, "properties": {"centerlineid": 10137249, "roadclass": "LOCAL", "fullname": "ROSALIE ST", "fromleft": 1401, "toleft": 1499, "fromright": 1400, "toright": 1498, "onewaydir": " "}}, {"type": "Feature", "geometry": {"type": "LineString", "coordinates": [[-95.3758690900672, 29.7398847596213], [-95.3750222947105, 29.7393736446571]]}, "properties": {"centerlineid": 10137459, "roadclass": "LOCAL", "fullname": "STUART ST", "fromleft": 1201, "toleft": 1299, "fromright": 1200, "toright": 1298, "onewaydir": " "}}, {"type": "Feature", "geometry": {"type": "LineString", "coordinates": [[-95.3810367733175, 29.7366072303175], [-95.3813395019864, 29.7362342309447], [-95.3815077351944, 29.7360135964585]]}, "properties": {"centerlineid": 10137522, "roadclass": "MAJOR", "fullname": "MAIN ST", "fromleft": 4001, "toleft": 4099, "fromright": 4000, "toright": 4098, "onewaydir": " "}}, {"type": "Feature", "geometry": {"type": "LineString", "coordinates": [[-95.3682855259771, 29.7271552765245], [-95.3687585622322, 29.7265389458863]]}, "properties": {"centerlineid": 10137537, "roadclass": "LOCAL", "fullname": "LIVE OAK ST", "fromleft": 4201, "toleft": 4299, "fromright": 4200, "toright": 4298, "onewaydir": " "}}, {"type": "Feature", "geometry": {"type": "LineString", "coordinates": [[-95.3999932524523, 29.7439836269514], [-95.3995813972464, 29.7433255944788]]}, "properties": {"centerlineid": 10134028, "roadclass": "LOCAL", "fullname": "MANDELL ST", "fromleft": 2509, "toleft": 2699, "fromright": 2508, "toright": 2698, "onewaydir": " "}}, {"type": "Feature", "geometry": {"type": "LineString", "coordinates": [[-95.4019539372024, 29.7352042648174], [-95.4020251176678, 29.7352035723458], [-95.4044793526558, 29.7351850824564]]}, "properties": {"centerlineid": 10132103, "roadclass": "LOCAL", "fullname": "COLQUITT ST", "fromleft": 1701, "toleft": 1799, "fromright": 1700, "toright": 1798, "onewaydir": " "}}, {"type": "Feature", "geometry": {"type": "LineString", "coordinates": [[-95.3713448599247, 29.7280592762059], [-95.3718178716882, 29.7274507486464]]}, "properties": {"centerlineid": 10137715, "roadclass": "LOCAL", "fullname": "BASTROP ST", "fromleft": 4301, "toleft": 4399, "fromright": 4300, "toright": 4398, "onewaydir": " "}}, {"type": "Feature", "geometry": {"type": "LineString", "coordinates": [[-95.369101948334, 29.7368158340183], [-95.3694604219592, 29.7363389708944], [-95.3697045544853, 29.7360509898939], [-95.369727369795, 29.7360224882207], [-95.3702920960105, 29.7354007287068], [-95.3706748530302, 29.7349637314004], [-95.3709959151976, 29.7345971682279], [-95.3712761759139, 29.7342771875638]]}, "properties": {"centerlineid": 10137749, "roadclass": "FREEWAY", "fullname": "S US 59", "fromleft": 0, "toleft": 0, "fromright": 152, "toright": 198, "onewaydir": "FT"}}, {"type": "Feature", "geometry": {"type": "LineString", "coordinates": [[-95.3724054059659, 29.7307448728864], [-95.3724505846372, 29.7306103550946], [-95.3725655710513, 29.730267983058], [-95.3727158120399, 29.7298588867469], [-95.3728206550305, 29.7296037859153], [-95.3729067713223, 29.7294134104315], [-95.3730037208821, 29.7292266095345], [-95.3731496539137, 29.7289702333699], [-95.37329141154, 29.7287543463296], [-95.3735104263993, 29.7284651256282], [-95.3749769279654, 29.7265865451498], [-95.3756096259193, 29.7258391657969]]}, "properties": {"centerlineid": 10137761, "roadclass": "FREEWAY", "fullname": "SH 288", "fromleft": 0, "toleft": 0, "fromright": 4100, "toright": 4798, "onewaydir": "TF"}}, {"type": "Feature", "geometry": {"type": "LineString", "coordinates": [[-95.3663782461347, 29.7407620589454], [-95.3669502663268, 29.740043101775]]}, "properties": {"centerlineid": 10135917, "roadclass": "LOCAL", "fullname": "HAMILTON ST", "fromleft": 2601, "toleft": 2699, "fromright": 2600, "toright": 2698, "onewaydir": "FT"}}, {"type": "Feature", "geometry": {"type": "LineString", "coordinates": [[-95.3826058248102, 29.7424482591954], [-95.3823541541185, 29.7423375893326], [-95.3820740066132, 29.7421956817514], [-95.3820719144388, 29.74219455443]]}, "properties": {"centerlineid": 10135970, "roadclass": "LOCAL", "fullname": "HOLMAN ST", "fromleft": 501, "toleft": 589, "fromright": 500, "toright": 588, "onewaydir": " "}}, {"type": "Feature", "geometry": {"type": "LineString", "coordinates": [[-95.3761209512875, 29.7428126522521], [-95.3761684127144, 29.7427535580986], [-95.3765861996135, 29.742234695838]]}, "properties": {"centerlineid": 10136266, "roadclass": "MAJOR", "fullname": "MAIN ST", "fromleft": 3001, "toleft": 3099, "fromright": 3000, "toright": 3098, "onewaydir": " "}}, {"type": "Feature", "geometry": {"type": "LineString", "coordinates": [[-95.3784937184419, 29.7414563970455], [-95.378890317154, 29.7409452813531]]}, "properties": {"centerlineid": 10136347, "roadclass": "LOCAL", "fullname": "TRAVIS ST", "fromleft": 3301, "toleft": 3329, "fromright": 3300, "toright": 3328, "onewaydir": "FT"}}, {"type": "Feature", "geometry": {"type": "LineString", "coordinates": [[-95.3829798483439, 29.7341322955398], [-95.3833524244103, 29.7343471258888], [-95.3835183874593, 29.7344361541056]]}, "properties": {"centerlineid": 10136638, "roadclass": "MAJOR", "fullname": "RICHMOND AVE", "fromleft": 101, "toleft": 299, "fromright": 100, "toright": 298, "onewaydir": " "}}, {"type": "Feature", "geometry": {"type": "LineString", "coordinates": [[-95.3852533199089, 29.7280839275802], [-95.3857263459779, 29.727483121264]]}, "properties": {"centerlineid": 10136697, "roadclass": "LOCAL", "fullname": "SAN JACINTO ST", "fromleft": 5101, "toleft": 5199, "fromright": 5100, "toright": 5198, "onewaydir": "TF"}}, {"type": "Feature", "geometry": {"type": "LineString", "coordinates": [[-95.3951103777644, 29.726634361571], [-95.3953622668181, 29.7266249977498], [-95.3971552705408, 29.7266019241075], [-95.3980248267655, 29.7265905152315]]}, "properties": {"centerlineid": 10136716, "roadclass": "LOCAL", "fullname": "SOUTH BLVD", "fromleft": 1301, "toleft": 1399, "fromright": 1300, "toright": 1398, "onewaydir": " "}}, {"type": "Feature", "geometry": {"type": "LineString", "coordinates": [[-95.3838804352205, 29.7345519685328], [-95.3839700971506, 29.7345701521572], [-95.3840746750234, 29.7345844392479], [-95.3841828368584, 29.7345902248116], [-95.3842897147086, 29.7345859444208], [-95.3844216240249, 29.7345804325961]]}, "properties": {"centerlineid": 10136725, "roadclass": "MAJOR", "fullname": "RICHMOND AVE", "fromleft": 371, "toleft": 399, "fromright": 370, "toright": 398, "onewaydir": " "}}, {"type": "Feature", "geometry": {"type": "LineString", "coordinates": [[-95.3983376538401, 29.7430547395062], [-95.3988640513579, 29.7427991817468]]}, "properties": {"centerlineid": 10134500, "roadclass": "LOCAL", "fullname": "CALIFORNIA ST", "fromleft": 1801, "toleft": 1899, "fromright": 1800, "toright": 1898, "onewaydir": "FT"}}, {"type": "Feature", "geometry": {"type": "LineString", "coordinates": [[-95.3987572528388, 29.7437166582006], [-95.3995813972464, 29.7433255944788]]}, "properties": {"centerlineid": 10134528, "roadclass": "LOCAL", "fullname": "MISSOURI ST", "fromleft": 1801, "toleft": 1819, "fromright": 1800, "toright": 1818, "onewaydir": " "}}, {"type": "Feature", "geometry": {"type": "LineString", "coordinates": [[-95.3845590219874, 29.7257341833449], [-95.3837272993031, 29.7252345042007]]}, "properties": {"centerlineid": 10136816, "roadclass": "LOCAL", "fullname": "OAKDALE ST", "fromleft": 1401, "toleft": 1499, "fromright": 1400, "toright": 1498, "onewaydir": " "}}, {"type": "Feature", "geometry": {"type": "LineString", "coordinates": [[-95.3888237601051, 29.7325909923392], [-95.3888315042278, 29.7324595564889]]}, "properties": {"centerlineid": 10136883, "roadclass": "LOCAL", "fullname": "STANFORD ST", "fromleft": 4501, "toleft": 4599, "fromright": 4500, "toright": 4598, "onewaydir": " "}}, {"type": "Feature", "geometry": {"type": "LineString", "coordinates": [[-95.383468139613, 29.7380194269421], [-95.38444444128, 29.7380098681362]]}, "properties": {"centerlineid": 10137089, "roadclass": "LOCAL", "fullname": "SUL ROSS ST", "fromleft": 301, "toleft": 399, "fromright": 300, "toright": 398, "onewaydir": " "}}, {"type": "Feature", "geometry": {"type": "LineString", "coordinates": [[-95.388892441931, 29.7387995543494], [-95.3898767991014, 29.7387975219752]]}, "properties": {"centerlineid": 10137101, "roadclass": "MAJOR", "fullname": "W ALABAMA ST", "fromleft": 801, "toleft": 899, "fromright": 800, "toright": 898, "onewaydir": " "}}, {"type": "Feature", "geometry": {"type": "LineString", "coordinates": [[-95.3867541327749, 29.732600980812], [-95.3870049308158, 29.7324329043947], [-95.3872770485396, 29.7322913064881], [-95.3875631905875, 29.7321727495494], [-95.388045723822, 29.7320436226555], [-95.3883660312965, 29.7319749452169], [-95.3891667025198, 29.7318256415687]]}, "properties": {"centerlineid": 10137122, "roadclass": "RAMP", "fullname": "US 59 SPUR 527 RAMP RAMP", "fromleft": 0, "toleft": 0, "fromright": 0, "toright": 0, "onewaydir": "FT"}}, {"type": "Feature", "geometry": {"type": "LineString", "coordinates": [[-95.3751865238558, 29.7333474762119], [-95.3752932855337, 29.7330308277734], [-95.3753074558318, 29.7329879087415], [-95.3753536478916, 29.7328165569756], [-95.3753614136315, 29.7327880026054], [-95.3753777275959, 29.7327370725697], [-95.3754586929097, 29.7324240555502]]}, "properties": {"centerlineid": 10137133, "roadclass": "MAJOR", "fullname": "ALMEDA RD", "fromleft": 4001, "toleft": 4099, "fromright": 4000, "toright": 4098, "onewaydir": " "}}, {"type": "Feature", "geometry": {"type": "LineString", "coordinates": [[-95.3765222788208, 29.7293465360342], [-95.3749000423877, 29.72836677817]]}, "properties": {"centerlineid": 10137200, "roadclass": "LOCAL", "fullname": "ROSEWOOD ST", "fromleft": 1801, "toleft": 1999, "fromright": 1800, "toright": 1998, "onewaydir": " "}}, {"type": "Feature", "geometry": {"type": "LineString", "coordinates": [[-95.3790354307537, 29.7381720971144], [-95.3786767029069, 29.73796037366]]}, "properties": {"centerlineid": 10137213, "roadclass": "LOCAL", "fullname": "WINBERN ST", "fromleft": 1021, "toleft": 1099, "fromright": 1020, "toright": 1098, "onewaydir": " "}}, {"type": "Feature", "geometry": {"type": "MultiLineString", "coordinates": [[[-95.367858175501, 29.73887393242], [-95.3676217718501, 29.7387288534972]], [[-95.3676217718501, 29.7387288534972], [-95.3673776127024, 29.7385859819411], [-95.3673642314265, 29.7385779698457]], [[-95.3673642314265, 29.7385779698457], [-95.3671903165337, 29.7384738452032]], [[-95.3671903165337, 29.7384738452032], [-95.3670876454031, 29.7384123753719], [-95.3669874489171, 29.7383460449572]], [[-95.3669874489171, 29.7383460449572], [-95.3669580308362, 29.7383265691861], [-95.3666757622719, 29.7381568004384]]]}, "properties": {"centerlineid": 10137260, "roadclass": "LOCAL", "fullname": "TUAM ST", "fromleft": 1901, "toleft": 1999, "fromright": 1900, "toright": 1998, "onewaydir": " "}}, {"type": "Feature", "geometry": {"type": "LineString", "coordinates": [[-95.369475695358, 29.7288240896496], [-95.3677666858526, 29.7277884604459]]}, "properties": {"centerlineid": 10137265, "roadclass": "LOCAL", "fullname": "CLEBURNE ST", "fromleft": 2401, "toleft": 2599, "fromright": 2400, "toright": 2598, "onewaydir": " "}}, {"type": "Feature", "geometry": {"type": "LineString", "coordinates": [[-95.3818887214044, 29.7307161049158], [-95.3824531860971, 29.7300010200023]]}, "properties": {"centerlineid": 10137375, "roadclass": "LOCAL", "fullname": "CAROLINE ST", "fromleft": 4701, "toleft": 4799, "fromright": 4700, "toright": 4798, "onewaydir": " "}}, {"type": "Feature", "geometry": {"type": "LineString", "coordinates": [[-95.3776008770647, 29.726184372131], [-95.3778299878926, 29.7255149420826]]}, "properties": {"centerlineid": 10137417, "roadclass": "MAJOR", "fullname": "ALMEDA RD", "fromleft": 4817, "toleft": 4899, "fromright": 4816, "toright": 4898, "onewaydir": " "}}, {"type": "Feature", "geometry": {"type": "LineString", "coordinates": [[-95.3822854769117, 29.7254289049125], [-95.3826898063749, 29.7249064039802], [-95.3828424690642, 29.724711755691]]}, "properties": {"centerlineid": 10137517, "roadclass": "MAJOR", "fullname": "CRAWFORD ST", "fromleft": 5201, "toleft": 5299, "fromright": 5200, "toright": 5298, "onewaydir": " "}}, {"type": "Feature", "geometry": {"type": "LineString", "coordinates": [[-95.3746180229539, 29.7382941459103], [-95.3750756990654, 29.7377084507766]]}, "properties": {"centerlineid": 10137590, "roadclass": "LOCAL", "fullname": "AUSTIN ST", "fromleft": 3401, "toleft": 3499, "fromright": 3400, "toright": 3498, "onewaydir": "FT"}}, {"type": "Feature", "geometry": {"type": "LineString", "coordinates": [[-95.3995046846681, 29.7344255561777], [-95.4006188832006, 29.7343953719758], [-95.4021283945947, 29.734322838712]]}, "properties": {"centerlineid": 10137109, "roadclass": "MAJOR", "fullname": "RICHMOND AVE", "fromleft": 1601, "toleft": 1699, "fromright": 1600, "toright": 1698, "onewaydir": " "}}, {"type": "Feature", "geometry": {"type": "LineString", "coordinates": [[-95.3912195952471, 29.7413400215798], [-95.3912043090617, 29.7404836865022]]}, "properties": {"centerlineid": 10134074, "roadclass": "MAJOR", "fullname": "MONTROSE BLVD", "fromleft": 3501, "toleft": 3599, "fromright": 3500, "toright": 3598, "onewaydir": " "}}, {"type": "Feature", "geometry": {"type": "LineString", "coordinates": [[-95.3670723394191, 29.731900567466], [-95.367110697462, 29.7318606262409], [-95.3674997048035, 29.731355244686], [-95.3675530932502, 29.7312883568222]]}, "properties": {"centerlineid": 10137674, "roadclass": "MAJOR", "fullname": "EMANCIPATION AVE", "fromleft": 3601, "toleft": 3699, "fromright": 3600, "toright": 3698, "onewaydir": " "}}, {"type": "Feature", "geometry": {"type": "LineString", "coordinates": [[-95.3708946774176, 29.7286162287454], [-95.3713448599247, 29.7280592762059]]}, "properties": {"centerlineid": 10137712, "roadclass": "LOCAL", "fullname": "BASTROP ST", "fromleft": 4201, "toleft": 4299, "fromright": 4200, "toright": 4298, "onewaydir": " "}}, {"type": "Feature", "geometry": {"type": "LineString", "coordinates": [[-95.3743930070944, 29.7290085375588], [-95.373798432747, 29.7286421889417]]}, "properties": {"centerlineid": 10137737, "roadclass": "MAJOR", "fullname": "WHEELER ST", "fromleft": 2001, "toleft": 2199, "fromright": 2000, "toright": 2198, "onewaydir": " "}}, {"type": "Feature", "geometry": {"type": "LineString", "coordinates": [[-95.3716042993618, 29.7315400304398], [-95.3714288513884, 29.7321047519656], [-95.3713583025414, 29.7323004396933], [-95.3712761709284, 29.7325282543946], [-95.3712152539204, 29.732643185648], [-95.3710244984902, 29.7330030834725], [-95.3708793896586, 29.7332166691376], [-95.3706430079357, 29.7335791984116], [-95.3705056647815, 29.7338441173438], [-95.3704598441226, 29.7340081646911], [-95.3704294378869, 29.7341170199851], [-95.3704369474589, 29.7343554413558], [-95.3704496647235, 29.7344040284407], [-95.3704903465755, 29.7345594279743], [-95.3705125750169, 29.734616323694], [-95.3705517572923, 29.7347148023474], [-95.3706196092276, 29.7348527722497], [-95.3706748530302, 29.7349637314004], [-95.3707910979656, 29.7351972190919], [-95.3708906449744, 29.7353971681154], [-95.3709711264332, 29.7355588192161], [-95.3710320345615, 29.7357076046412], [-95.3710626238214, 29.7359040876597], [-95.3710473264551, 29.7360014998841], [-95.3710398289039, 29.7360833995095], [-95.370986438207, 29.7363257078497], [-95.3709099866947, 29.7365374782553], [-95.370787918545, 29.7368044405245]]}, "properties": {"centerlineid": 10137767, "roadclass": "RAMP", "fullname": "288 NB CHENEVERT EXIT FWY", "fromleft": 0, "toleft": 0, "fromright": 0, "toright": 0, "onewaydir": "TF"}}, {"type": "Feature", "geometry": {"type": "LineString", "coordinates": [[-95.3798212325064, 29.7326596728506], [-95.380339849278, 29.7326578720415], [-95.3805536443445, 29.7326635562617], [-95.3810030267643, 29.7326930179757], [-95.3816071043887, 29.7327006816745], [-95.3823241042215, 29.7327105358366], [-95.3824684641536, 29.7326941597642], [-95.3825830335868, 29.7326692508613], [-95.3827862436857, 29.7325913143317], [-95.3829224518609, 29.7324714288096], [-95.3830031601184, 29.7323741353385], [-95.3831303997023, 29.7322207498359], [-95.3834705416848, 29.7318107094987], [-95.3836474318682, 29.7317054857296]]}, "properties": {"centerlineid": 10137770, "roadclass": "RAMP", "fullname": "59 S SB FANNIN EXIT RAMP", "fromleft": 0, "toleft": 0, "fromright": 0, "toright": 0, "onewaydir": "FT"}}, {"type": "Feature", "geometry": {"type": "LineString", "coordinates": [[-95.3713142935368, 29.7349544039032], [-95.3713754314519, 29.7348284611828], [-95.3714593938587, 29.734700672305], [-95.3715203298216, 29.7345729096232], [-95.3715662011212, 29.7344220856368], [-95.3716424271552, 29.7341476004439]]}, "properties": {"centerlineid": 10137773, "roadclass": "RAMP", "fullname": "HAMILTON SB 288 ENT RAMP", "fromleft": 0, "toleft": 0, "fromright": 0, "toright": 0, "onewaydir": "FT"}}, {"type": "Feature", "geometry": {"type": "LineString", "coordinates": [[-95.3774484530508, 29.7427782204693], [-95.3766120096585, 29.7422508830373], [-95.3765861996135, 29.742234695838]]}, "properties": {"centerlineid": 10136093, "roadclass": "LOCAL", "fullname": "ROSALIE ST", "fromleft": 901, "toleft": 999, "fromright": 900, "toright": 998, "onewaydir": " "}}, {"type": "Feature", "geometry": {"type": "LineString", "coordinates": [[-95.3690788798783, 29.7404912341494], [-95.3694757032178, 29.7399915499208], [-95.3695671674837, 29.739886803799]]}, "properties": {"centerlineid": 10136204, "roadclass": "LOCAL", "fullname": "JACKSON ST", "fromleft": 2801, "toleft": 2899, "fromright": 2800, "toright": 2898, "onewaydir": "FT"}}, {"type": "Feature", "geometry": {"type": "LineString", "coordinates": [[-95.3733667176313, 29.7430682155681], [-95.3738244341859, 29.742480663984]]}, "properties": {"centerlineid": 10136244, "roadclass": "LOCAL", "fullname": "SAN JACINTO ST", "fromleft": 2801, "toleft": 2899, "fromright": 2800, "toright": 2898, "onewaydir": "FT"}}, {"type": "Feature", "geometry": {"type": "LineString", "coordinates": [[-95.3867943886212, 29.722895973556], [-95.3860544347621, 29.7224343725125], [-95.3859780285771, 29.7223962594514]]}, "properties": {"centerlineid": 10136429, "roadclass": "LOCAL", "fullname": "EWING ST", "fromleft": 1401, "toleft": 1499, "fromright": 1400, "toright": 1498, "onewaydir": " "}}, {"type": "Feature", "geometry": {"type": "LineString", "coordinates": [[-95.3852533199089, 29.7280839275802], [-95.3846123736212, 29.7277197468353], [-95.3843682691345, 29.7275785365849]]}, "properties": {"centerlineid": 10136565, "roadclass": "LOCAL", "fullname": "PALM ST", "fromleft": 1201, "toleft": 1299, "fromright": 1200, "toright": 1298, "onewaydir": " "}}, {"type": "Feature", "geometry": {"type": "LineString", "coordinates": [[-95.3918908666664, 29.726949218572], [-95.3918833181472, 29.726155843061], [-95.3918833248827, 29.7261481206745]]}, "properties": {"centerlineid": 10136585, "roadclass": "LOCAL", "fullname": "BAYARD LN", "fromleft": 5201, "toleft": 5227, "fromright": 5200, "toright": 5226, "onewaydir": " "}}, {"type": "Feature", "geometry": {"type": "LineString", "coordinates": [[-95.386367269086, 29.7295907821443], [-95.3865121677461, 29.7296786101561]]}, "properties": {"centerlineid": 10136595, "roadclass": "LOCAL", "fullname": "WICHITA ST", "fromleft": 1001, "toleft": 1007, "fromright": 1000, "toright": 1006, "onewaydir": " "}}, {"type": "Feature", "geometry": {"type": "LineString", "coordinates": [[-95.3899301732658, 29.7434611371432], [-95.3912499183801, 29.7434590606979]]}, "properties": {"centerlineid": 10134384, "roadclass": "MAJOR", "fullname": "LOVETT BLVD", "fromleft": 901, "toleft": 999, "fromright": 900, "toright": 998, "onewaydir": " "}}, {"type": "Feature", "geometry": {"type": "LineString", "coordinates": [[-95.3995202249924, 29.7335504883239], [-95.4020645831308, 29.7335280940647], [-95.4021218429472, 29.7335276313625]]}, "properties": {"centerlineid": 10136621, "roadclass": "LOCAL", "fullname": "BONNIE BRAE ST", "fromleft": 1601, "toleft": 1699, "fromright": 1600, "toright": 1698, "onewaydir": " "}}, {"type": "Feature", "geometry": {"type": "LineString", "coordinates": [[-95.3850014195267, 29.7251658126008], [-95.3852380564672, 29.7248662506117], [-95.3854744206255, 29.7245668681669]]}, "properties": {"centerlineid": 10136626, "roadclass": "LOCAL", "fullname": "AUSTIN ST", "fromleft": 5401, "toleft": 5499, "fromright": 5400, "toright": 5498, "onewaydir": " "}}, {"type": "Feature", "geometry": {"type": "LineString", "coordinates": [[-95.3841699560677, 29.7246604222046], [-95.3844216641807, 29.7243341502238]]}, "properties": {"centerlineid": 10136653, "roadclass": "LOCAL", "fullname": "LA BRANCH ST", "fromleft": 5401, "toleft": 5405, "fromright": 5400, "toright": 5404, "onewaydir": " "}}, {"type": "Feature", "geometry": {"type": "LineString", "coordinates": [[-95.3957359900993, 29.7395833200988], [-95.3974221903821, 29.7395662481145], [-95.3975137124866, 29.7395662437588]]}, "properties": {"centerlineid": 10136703, "roadclass": "LOCAL", "fullname": "MARSHALL ST", "fromleft": 1401, "toleft": 1499, "fromright": 1400, "toright": 1498, "onewaydir": " "}}, {"type": "Feature", "geometry": {"type": "LineString", "coordinates": [[-95.3947594296302, 29.7395968158424], [-95.3957359900993, 29.7395833200988]]}, "properties": {"centerlineid": 10136780, "roadclass": "LOCAL", "fullname": "MARSHALL ST", "fromleft": 1301, "toleft": 1399, "fromright": 1300, "toright": 1398, "onewaydir": " "}}, {"type": "Feature", "geometry": {"type": "LineString", "coordinates": [[-95.3839867279697, 29.7264456217716], [-95.3831627929861, 29.7259381967577]]}, "properties": {"centerlineid": 10136814, "roadclass": "MAJOR", "fullname": "SOUTHMORE BLVD", "fromleft": 1401, "toleft": 1499, "fromright": 1400, "toright": 1498, "onewaydir": " "}}, {"type": "Feature", "geometry": {"type": "LineString", "coordinates": [[-95.3856576749116, 29.7291615842495], [-95.3861000910991, 29.728591397379]]}, "properties": {"centerlineid": 10136847, "roadclass": "MAJOR", "fullname": "FANNIN ST", "fromleft": 5001, "toleft": 5099, "fromright": 5000, "toright": 5098, "onewaydir": "FT"}}, {"type": "Feature", "geometry": {"type": "LineString", "coordinates": [[-95.3918983762162, 29.7277482696893], [-95.3928140324815, 29.7277386935023]]}, "properties": {"centerlineid": 10136857, "roadclass": "LOCAL", "fullname": "BARTLETT ST", "fromleft": 1001, "toleft": 1099, "fromright": 1000, "toright": 1098, "onewaydir": " "}}, {"type": "Feature", "geometry": {"type": "LineString", "coordinates": [[-95.3842767663203, 29.736215063848], [-95.3845818062208, 29.7357954730379], [-95.3847116407902, 29.7356181625053], [-95.3847725531385, 29.7355342138661], [-95.3848793742002, 29.7353986602938]]}, "properties": {"centerlineid": 10136866, "roadclass": "LOCAL", "fullname": "MILAM ST", "fromleft": 4001, "toleft": 4099, "fromright": 4000, "toright": 4098, "onewaydir": "TF"}}, {"type": "Feature", "geometry": {"type": "LineString", "coordinates": [[-95.3878702406972, 29.7353566716269], [-95.3878702237184, 29.7344793473114]]}, "properties": {"centerlineid": 10136870, "roadclass": "LOCAL", "fullname": "GREELEY ST", "fromleft": 4201, "toleft": 4299, "fromright": 4200, "toright": 4298, "onewaydir": " "}}, {"type": "Feature", "geometry": {"type": "LineString", "coordinates": [[-95.3898233791883, 29.7345195307324], [-95.3902964174081, 29.7345060423319]]}, "properties": {"centerlineid": 10136964, "roadclass": "MAJOR", "fullname": "RICHMOND AVE", "fromleft": 901, "toleft": 903, "fromright": 900, "toright": 902, "onewaydir": " "}}, {"type": "Feature", "geometry": {"type": "LineString", "coordinates": [[-95.3893654525246, 29.7244372663843], [-95.3900750642831, 29.7235788815415]]}, "properties": {"centerlineid": 10136979, "roadclass": "MAJOR", "fullname": "FANNIN ST", "fromleft": 5701, "toleft": 5799, "fromright": 5700, "toright": 5798, "onewaydir": "FT"}}, {"type": "Feature", "geometry": {"type": "LineString", "coordinates": [[-95.3869317812861, 29.736218920919], [-95.3869164538751, 29.7357591913869], [-95.3869089509326, 29.7353644265494]]}, "properties": {"centerlineid": 10137017, "roadclass": "LOCAL", "fullname": "JACK ST", "fromleft": 4101, "toleft": 4199, "fromright": 4100, "toright": 4198, "onewaydir": " "}}, {"type": "Feature", "geometry": {"type": "LineString", "coordinates": [[-95.3884422686957, 29.7272428917275], [-95.388640782319, 29.7269948624621]]}, "properties": {"centerlineid": 10137033, "roadclass": "MAJOR", "fullname": "MAIN ST", "fromleft": 5401, "toleft": 5405, "fromright": 5400, "toright": 5404, "onewaydir": " "}}, {"type": "Feature", "geometry": {"type": "LineString", "coordinates": [[-95.3984063139425, 29.725736010511], [-95.3989023777798, 29.7257303210755]]}, "properties": {"centerlineid": 10137043, "roadclass": "MAJOR", "fullname": "BISSONNET ST", "fromleft": 1501, "toleft": 1505, "fromright": 1500, "toright": 1504, "onewaydir": " "}}, {"type": "Feature", "geometry": {"type": "LineString", "coordinates": [[-95.3879322902185, 29.7388268847146], [-95.388892441931, 29.7387995543494]]}, "properties": {"centerlineid": 10137100, "roadclass": "MAJOR", "fullname": "W ALABAMA ST", "fromleft": 701, "toleft": 799, "fromright": 700, "toright": 798, "onewaydir": " "}}, {"type": "Feature", "geometry": {"type": "LineString", "coordinates": [[-95.38444444128, 29.7380098681362], [-95.384825958099, 29.7380059772527], [-95.3854310022039, 29.7379986246965]]}, "properties": {"centerlineid": 10137102, "roadclass": "LOCAL", "fullname": "SUL ROSS ST", "fromleft": 401, "toleft": 499, "fromright": 400, "toright": 498, "onewaydir": " "}}, {"type": "Feature", "geometry": {"type": "LineString", "coordinates": [[-95.3838183693384, 29.7330821577317], [-95.3845389623885, 29.7322666351001]]}, "properties": {"centerlineid": 10137103, "roadclass": "MAJOR", "fullname": "MAIN ST", "fromleft": 4601, "toleft": 4699, "fromright": 4600, "toright": 4698, "onewaydir": " "}}, {"type": "Feature", "geometry": {"type": "LineString", "coordinates": [[-95.3776545316294, 29.7281756257145], [-95.3770441668288, 29.7277959537324]]}, "properties": {"centerlineid": 10137195, "roadclass": "MAJOR", "fullname": "BLODGETT ST", "fromleft": 1801, "toleft": 1899, "fromright": 1800, "toright": 1898, "onewaydir": " "}}, {"type": "Feature", "geometry": {"type": "LineString", "coordinates": [[-95.379935541451, 29.7267755581729], [-95.3805078213185, 29.7260623226208]]}, "properties": {"centerlineid": 10137221, "roadclass": "LOCAL", "fullname": "JACKSON ST", "fromleft": 4901, "toleft": 4999, "fromright": 4900, "toright": 4998, "onewaydir": " "}}, {"type": "Feature", "geometry": {"type": "LineString", "coordinates": [[-95.3750756990654, 29.7377084507766], [-95.3742364966686, 29.7371898128225]]}, "properties": {"centerlineid": 10137226, "roadclass": "LOCAL", "fullname": "HOLMAN ST", "fromleft": 1401, "toleft": 1499, "fromright": 1400, "toright": 1498, "onewaydir": " "}}, {"type": "Feature", "geometry": {"type": "LineString", "coordinates": [[-95.369361159061, 29.736989485173], [-95.3688806058132, 29.7375941256788]]}, "properties": {"centerlineid": 10137230, "roadclass": "LOCAL", "fullname": "HAMILTON ST", "fromleft": 3101, "toleft": 3199, "fromright": 3100, "toright": 3198, "onewaydir": "FT"}}, {"type": "Feature", "geometry": {"type": "LineString", "coordinates": [[-95.3796913918342, 29.72557973119], [-95.378676734122, 29.7249672943192], [-95.3781197508592, 29.7246337262477]]}, "properties": {"centerlineid": 10137248, "roadclass": "LOCAL", "fullname": "WICHITA ST", "fromleft": 1801, "toleft": 1899, "fromright": 1800, "toright": 1898, "onewaydir": " "}}, {"type": "Feature", "geometry": {"type": "LineString", "coordinates": [[-95.3797753694877, 29.7350114429065], [-95.3803704239839, 29.7342676084616]]}, "properties": {"centerlineid": 10137276, "roadclass": "LOCAL", "fullname": "SAN JACINTO ST", "fromleft": 4101, "toleft": 4199, "fromright": 4100, "toright": 4198, "onewaydir": "TF"}}, {"type": "Feature", "geometry": {"type": "LineString", "coordinates": [[-95.3705590216096, 29.7322496743027], [-95.3698571886411, 29.7318357662674], [-95.3697045437098, 29.7317307776628]]}, "properties": {"centerlineid": 10137404, "roadclass": "MAJOR", "fullname": "ALABAMA ST", "fromleft": 2101, "toleft": 2199, "fromright": 2100, "toright": 2198, "onewaydir": " "}}, {"type": "Feature", "geometry": {"type": "LineString", "coordinates": [[-95.3758081592312, 29.7260356335807], [-95.3762886659758, 29.7253335143877]]}, "properties": {"centerlineid": 10137427, "roadclass": "FRONTAGE", "fullname": "SOUTH FWY", "fromleft": 0, "toleft": 0, "fromright": 4800, "toright": 4898, "onewaydir": "FT"}}, {"type": "Feature", "geometry": {"type": "LineString", "coordinates": [[-95.3808434254717, 29.7384732647424], [-95.3811279661461, 29.7381100336496]]}, "properties": {"centerlineid": 10137608, "roadclass": "LOCAL", "fullname": "TRAVIS ST", "fromleft": 3801, "toleft": 3809, "fromright": 3800, "toright": 3808, "onewaydir": "FT"}}, {"type": "Feature", "geometry": {"type": "LineString", "coordinates": [[-95.400519670527, 29.7437319696805], [-95.40048928199, 29.7427953174035]]}, "properties": {"centerlineid": 10134032, "roadclass": "LOCAL", "fullname": "KUESTER ST", "fromleft": 2501, "toleft": 2599, "fromright": 2500, "toright": 2598, "onewaydir": " "}}, {"type": "Feature", "geometry": {"type": "LineString", "coordinates": [[-95.3987572528388, 29.7437166582006], [-95.3983376538401, 29.7430547395062]]}, "properties": {"centerlineid": 10134067, "roadclass": "LOCAL", "fullname": "RIDGEWOOD ST", "fromleft": 2701, "toleft": 2709, "fromright": 2700, "toright": 2708, "onewaydir": " "}}, {"type": "Feature", "geometry": {"type": "LineString", "coordinates": [[-95.3690866311849, 29.7340903064518], [-95.3693307801941, 29.7338137682413], [-95.3696511617353, 29.7334094658649]]}, "properties": {"centerlineid": 10137681, "roadclass": "LOCAL", "fullname": "ST EMANUEL ST", "fromleft": 3501, "toleft": 3599, "fromright": 3500, "toright": 3598, "onewaydir": " "}}, {"type": "Feature", "geometry": {"type": "LineString", "coordinates": [[-95.366256200274, 29.7329458333837], [-95.3665537133793, 29.7325643146081]]}, "properties": {"centerlineid": 10137696, "roadclass": "MAJOR", "fullname": "EMANCIPATION AVE", "fromleft": 3411, "toleft": 3499, "fromright": 3410, "toright": 3498, "onewaydir": " "}}, {"type": "Feature", "geometry": {"type": "LineString", "coordinates": [[-95.3675453539282, 29.7248835952417], [-95.368056674037, 29.7242426243098]]}, "properties": {"centerlineid": 10137731, "roadclass": "LOCAL", "fullname": "DELANO ST", "fromleft": 4401, "toleft": 4499, "fromright": 4400, "toright": 4498, "onewaydir": " "}}, {"type": "Feature", "geometry": {"type": "LineString", "coordinates": [[-95.371718853708, 29.7307676800842], [-95.3718615707552, 29.7302544056169], [-95.3719018287369, 29.7301096151222], [-95.3720925693785, 29.729592803717], [-95.3723214663574, 29.7290910747668]]}, "properties": {"centerlineid": 10137751, "roadclass": "FREEWAY", "fullname": "SH 288", "fromleft": 4001, "toleft": 4099, "fromright": 0, "toright": 0, "onewaydir": "TF"}}, {"type": "Feature", "geometry": {"type": "LineString", "coordinates": [[-95.3811790879391, 29.7236952548862], [-95.3816217622361, 29.7231343923461]]}, "properties": {"centerlineid": 10137980, "roadclass": "LOCAL", "fullname": "CHENEVERT ST", "fromleft": 5301, "toleft": 5399, "fromright": 5300, "toright": 5398, "onewaydir": " "}}, {"type": "Feature", "geometry": {"type": "LineString", "coordinates": [[-95.3668282169248, 29.7226080188848], [-95.367316485533, 29.7219691243887]]}, "properties": {"centerlineid": 10138052, "roadclass": "MAJOR", "fullname": "ENNIS ST", "fromleft": 4601, "toleft": 4699, "fromright": 4600, "toright": 4698, "onewaydir": " "}}, {"type": "Feature", "geometry": {"type": "LineString", "coordinates": [[-95.3815224634507, 29.7424407260724], [-95.381408150819, 29.7423738619919]]}, "properties": {"centerlineid": 10135739, "roadclass": "LOCAL", "fullname": "FRANCIS ST", "fromleft": 601, "toleft": 605, "fromright": 600, "toright": 604, "onewaydir": " "}}, {"type": "Feature", "geometry": {"type": "LineString", "coordinates": [[-95.3752434056062, 29.7422766601635], [-95.3757013532866, 29.7417197191199]]}, "properties": {"centerlineid": 10136239, "roadclass": "MAJOR", "fullname": "FANNIN ST", "fromleft": 3001, "toleft": 3099, "fromright": 3000, "toright": 3098, "onewaydir": "FT"}}, {"type": "Feature", "geometry": {"type": "LineString", "coordinates": [[-95.3755639820354, 29.7435354976571], [-95.3761209512875, 29.7428126522521]]}, "properties": {"centerlineid": 10136255, "roadclass": "MAJOR", "fullname": "MAIN ST", "fromleft": 2901, "toleft": 2999, "fromright": 2900, "toright": 2998, "onewaydir": " "}}, {"type": "Feature", "geometry": {"type": "LineString", "coordinates": [[-95.3810495114095, 29.7429976983147], [-95.3815224634507, 29.7424407260724]]}, "properties": {"centerlineid": 10136345, "roadclass": "LOCAL", "fullname": "SMITH ST", "fromleft": 3301, "toleft": 3399, "fromright": 3300, "toright": 3398, "onewaydir": "FT"}}, {"type": "Feature", "geometry": {"type": "LineString", "coordinates": [[-95.3802561138718, 29.7408117970858], [-95.3808359097212, 29.7400946690163]]}, "properties": {"centerlineid": 10136349, "roadclass": "LOCAL", "fullname": "MILAM ST", "fromleft": 3501, "toleft": 3599, "fromright": 3500, "toright": 3598, "onewaydir": "FT"}}, {"type": "Feature", "geometry": {"type": "LineString", "coordinates": [[-95.3926374303353, 29.7434212688039], [-95.3926157379706, 29.742345371889]]}, "properties": {"centerlineid": 10134225, "roadclass": "LOCAL", "fullname": "YOAKUM BLVD", "fromleft": 3301, "toleft": 3399, "fromright": 3300, "toright": 3398, "onewaydir": " "}}, {"type": "Feature", "geometry": {"type": "LineString", "coordinates": [[-95.3902658199269, 29.7249615993423], [-95.3902386857958, 29.724945192773], [-95.3899910991084, 29.724793895836], [-95.3895028242574, 29.7244981867301], [-95.3893654525246, 29.7244372663843]]}, "properties": {"centerlineid": 10136587, "roadclass": "LOCAL", "fullname": "EWING ST", "fromleft": 1001, "toleft": 1099, "fromright": 1000, "toright": 1098, "onewaydir": " "}}, {"type": "Feature", "geometry": {"type": "LineString", "coordinates": [[-95.3888924445514, 29.7378973906071], [-95.3898615074826, 29.7378935065175]]}, "properties": {"centerlineid": 10136654, "roadclass": "LOCAL", "fullname": "SUL ROSS ST", "fromleft": 801, "toleft": 899, "fromright": 800, "toright": 898, "onewaydir": " "}}, {"type": "Feature", "geometry": {"type": "LineString", "coordinates": [[-95.3879236160521, 29.7379202091571], [-95.3879005969588, 29.7370752937314]]}, "properties": {"centerlineid": 10136677, "roadclass": "LOCAL", "fullname": "GREELEY ST", "fromleft": 3901, "toleft": 3999, "fromright": 3900, "toright": 3998, "onewaydir": " "}}, {"type": "Feature", "geometry": {"type": "LineString", "coordinates": [[-95.3838571437149, 29.7406783179964], [-95.384879332081, 29.7406666911925], [-95.3854593824882, 29.7406591770449]]}, "properties": {"centerlineid": 10134481, "roadclass": "LOCAL", "fullname": "WESTMORELAND ST", "fromleft": 201, "toleft": 399, "fromright": 200, "toright": 398, "onewaydir": " "}}, {"type": "Feature", "geometry": {"type": "LineString", "coordinates": [[-95.3865349560714, 29.7424197632902], [-95.3872217719478, 29.7424080967922]]}, "properties": {"centerlineid": 10134482, "roadclass": "LOCAL", "fullname": "HAWTHORNE ST", "fromleft": 601, "toleft": 617, "fromright": 600, "toright": 616, "onewaydir": " "}}, {"type": "Feature", "geometry": {"type": "LineString", "coordinates": [[-95.3878855179824, 29.7362093799878], [-95.388854367251, 29.7362036360417]]}, "properties": {"centerlineid": 10136793, "roadclass": "LOCAL", "fullname": "W MAIN ST", "fromleft": 701, "toleft": 799, "fromright": 700, "toright": 798, "onewaydir": " "}}, {"type": "Feature", "geometry": {"type": "LineString", "coordinates": [[-95.3838343408115, 29.7397740970087], [-95.3838343055634, 29.7388967723231]]}, "properties": {"centerlineid": 10136905, "roadclass": "LOCAL", "fullname": "FLORA ST", "fromleft": 3701, "toleft": 3799, "fromright": 3700, "toright": 3798, "onewaydir": " "}}, {"type": "Feature", "geometry": {"type": "LineString", "coordinates": [[-95.390281085582, 29.7333846017414], [-95.3902811231639, 29.7325759391125]]}, "properties": {"centerlineid": 10136929, "roadclass": "LOCAL", "fullname": "KYLE ST", "fromleft": 4401, "toleft": 4499, "fromright": 4400, "toright": 4498, "onewaydir": " "}}, {"type": "Feature", "geometry": {"type": "LineString", "coordinates": [[-95.3878702237184, 29.7344793473114], [-95.3884500308253, 29.7345138203931], [-95.3888543261626, 29.7345195097972]]}, "properties": {"centerlineid": 10136962, "roadclass": "MAJOR", "fullname": "RICHMOND AVE", "fromleft": 701, "toleft": 799, "fromright": 700, "toright": 798, "onewaydir": " "}}, {"type": "Feature", "geometry": {"type": "LineString", "coordinates": [[-95.3937372282163, 29.7277329891406], [-95.3937219250359, 29.7269339148687]]}, "properties": {"centerlineid": 10137004, "roadclass": "LOCAL", "fullname": "MT VERNON ST", "fromleft": 5101, "toleft": 5199, "fromright": 5100, "toright": 5198, "onewaydir": " "}}, {"type": "Feature", "geometry": {"type": "LineString", "coordinates": [[-95.3946145463754, 29.7277329751821], [-95.3946145633422, 29.7269300336437]]}, "properties": {"centerlineid": 10137008, "roadclass": "LOCAL", "fullname": "GRAUSTARK ST", "fromleft": 5101, "toleft": 5199, "fromright": 5100, "toright": 5198, "onewaydir": " "}}, {"type": "Feature", "geometry": {"type": "LineString", "coordinates": [[-95.3844444741272, 29.7388949616478], [-95.38444444128, 29.7380098681362]]}, "properties": {"centerlineid": 10137046, "roadclass": "LOCAL", "fullname": "BUTE ST", "fromleft": 3801, "toleft": 3899, "fromright": 3800, "toright": 3898, "onewaydir": " "}}, {"type": "Feature", "geometry": {"type": "LineString", "coordinates": [[-95.380149101885, 29.736909372448], [-95.3797144741616, 29.7366481515915]]}, "properties": {"centerlineid": 10137210, "roadclass": "LOCAL", "fullname": "TRUXILLO ST", "fromleft": 1019, "toleft": 1099, "fromright": 1018, "toright": 1098, "onewaydir": " "}}, {"type": "Feature", "geometry": {"type": "LineString", "coordinates": [[-95.3818887214044, 29.7307161049158], [-95.3810290486687, 29.7301952218102]]}, "properties": {"centerlineid": 10137229, "roadclass": "MAJOR", "fullname": "BLODGETT ST", "fromleft": 1301, "toleft": 1399, "fromright": 1300, "toright": 1398, "onewaydir": " "}}, {"type": "Feature", "geometry": {"type": "LineString", "coordinates": [[-95.3817233605453, 29.7371559829131], [-95.3817586064834, 29.7370881494284], [-95.3817629521542, 29.737058175424], [-95.3817588443527, 29.7370351371221], [-95.381741459437, 29.7370160370505], [-95.3817094131929, 29.7369936783081], [-95.3810367733175, 29.7366072303175]]}, "properties": {"centerlineid": 10137246, "roadclass": "LOCAL", "fullname": "ISABELLA ST", "fromleft": 901, "toleft": 999, "fromright": 900, "toright": 998, "onewaydir": " "}}, {"type": "Feature", "geometry": {"type": "LineString", "coordinates": [[-95.3779748871546, 29.7356505853343], [-95.3784325774539, 29.7350801396383]]}, "properties": {"centerlineid": 10137316, "roadclass": "LOCAL", "fullname": "CAROLINE ST", "fromleft": 3901, "toleft": 3999, "fromright": 3900, "toright": 3998, "onewaydir": "FT"}}, {"type": "Feature", "geometry": {"type": "LineString", "coordinates": [[-95.3777716176314, 29.7327094470738], [-95.378241825756, 29.7321200779297]]}, "properties": {"centerlineid": 10137328, "roadclass": "LOCAL", "fullname": "LA BRANCH ST", "fromleft": 4201, "toleft": 4299, "fromright": 4200, "toright": 4298, "onewaydir": "FT"}}, {"type": "Feature", "geometry": {"type": "LineString", "coordinates": [[-95.3731759643107, 29.7273268540991], [-95.3720314553389, 29.7266420964729], [-95.3714747046861, 29.7263082755723]]}, "properties": {"centerlineid": 10137332, "roadclass": "LOCAL", "fullname": "ROSEWOOD ST", "fromleft": 2201, "toleft": 2399, "fromright": 2200, "toright": 2398, "onewaydir": " "}}, {"type": "Feature", "geometry": {"type": "LineString", "coordinates": [[-95.3699867879058, 29.7281792928764], [-95.3682855259771, 29.7271552765245]]}, "properties": {"centerlineid": 10137347, "roadclass": "LOCAL", "fullname": "EAGLE ST", "fromleft": 2401, "toleft": 2599, "fromright": 2400, "toright": 2598, "onewaydir": " "}}, {"type": "Feature", "geometry": {"type": "LineString", "coordinates": [[-95.3773873007845, 29.7316164901362], [-95.3765405658362, 29.7310994291692]]}, "properties": {"centerlineid": 10137394, "roadclass": "LOCAL", "fullname": "BARBEE ST", "fromleft": 1601, "toleft": 1699, "fromright": 1600, "toright": 1698, "onewaydir": " "}}, {"type": "Feature", "geometry": {"type": "LineString", "coordinates": [[-95.3734829347866, 29.7301610546077], [-95.373924135937, 29.7296034151297]]}, "properties": {"centerlineid": 10137439, "roadclass": "LOCAL", "fullname": "CHARTRES ST", "fromleft": 4201, "toleft": 4299, "fromright": 4200, "toright": 4298, "onewaydir": " "}}, {"type": "Feature", "geometry": {"type": "LineString", "coordinates": [[-95.3782189969395, 29.7274564639986], [-95.3786614633511, 29.7268919324483]]}, "properties": {"centerlineid": 10137485, "roadclass": "LOCAL", "fullname": "CHENEVERT ST", "fromleft": 4801, "toleft": 4817, "fromright": 4800, "toright": 4816, "onewaydir": " "}}, {"type": "Feature", "geometry": {"type": "LineString", "coordinates": [[-95.3711967087242, 29.729854933164], [-95.3703301780141, 29.7293256368117]]}, "properties": {"centerlineid": 10137506, "roadclass": "LOCAL", "fullname": "CLEBURNE ST", "fromleft": 2201, "toleft": 2299, "fromright": 2200, "toright": 2298, "onewaydir": " "}}, {"type": "Feature", "geometry": {"type": "LineString", "coordinates": [[-95.3722680765579, 29.7396463010244], [-95.3722986290953, 29.7396100523042], [-95.372741028134, 29.7390512588819]]}, "properties": {"centerlineid": 10137566, "roadclass": "LOCAL", "fullname": "LA BRANCH ST", "fromleft": 3101, "toleft": 3199, "fromright": 3100, "toright": 3198, "onewaydir": "FT"}}, {"type": "Feature", "geometry": {"type": "LineString", "coordinates": [[-95.3652262232885, 29.7389939689478], [-95.3656380440052, 29.7384447402637]]}, "properties": {"centerlineid": 10137580, "roadclass": "LOCAL", "fullname": "ST EMANUEL ST", "fromleft": 2701, "toleft": 2799, "fromright": 2700, "toright": 2798, "onewaydir": " "}}, {"type": "Feature", "geometry": {"type": "LineString", "coordinates": [[-95.3723367166419, 29.7360471204785], [-95.3723901371565, 29.73598232705], [-95.3729317886978, 29.7353089938393], [-95.3733972686504, 29.7355818632778]]}, "properties": {"centerlineid": 10137601, "roadclass": "LOCAL", "fullname": "MOSLEY CT", "fromleft": 3501, "toleft": 3599, "fromright": 3500, "toright": 3598, "onewaydir": " "}}, {"type": "Feature", "geometry": {"type": "LineString", "coordinates": [[-95.3808359097212, 29.7400946690163], [-95.3812860869689, 29.7395242425101]]}, "properties": {"centerlineid": 10137615, "roadclass": "LOCAL", "fullname": "MILAM ST", "fromleft": 3601, "toleft": 3699, "fromright": 3600, "toright": 3698, "onewaydir": "FT"}}, {"type": "Feature", "geometry": {"type": "LineString", "coordinates": [[-95.3978408180551, 29.7327545461353], [-95.397845117654, 29.733010481665]]}, "properties": {"centerlineid": 1093823, "roadclass": "PRIVATE", "fullname": "CASTLE COURT PL", "fromleft": 0, "toleft": 0, "fromright": 0, "toright": 0, "onewaydir": " "}}, {"type": "Feature", "geometry": {"type": "LineString", "coordinates": [[-95.3938058853316, 29.7434095441785], [-95.3937981763276, 29.7423337116237]]}, "properties": {"centerlineid": 10134070, "roadclass": "LOCAL", "fullname": "MT VERNON ST", "fromleft": 3301, "toleft": 3399, "fromright": 3300, "toright": 3398, "onewaydir": " "}}, {"type": "Feature", "geometry": {"type": "LineString", "coordinates": [[-95.402121881248, 29.7319197070701], [-95.4021185339018, 29.7312803934128]]}, "properties": {"centerlineid": 10132346, "roadclass": "MAJOR", "fullname": "DUNLAVY ST", "fromleft": 4601, "toleft": 4699, "fromright": 4600, "toright": 4698, "onewaydir": " "}}, {"type": "Feature", "geometry": {"type": "LineString", "coordinates": [[-95.3702005768551, 29.7310976208997], [-95.3707039268901, 29.7304893156035]]}, "properties": {"centerlineid": 10137716, "roadclass": "LOCAL", "fullname": "HUTCHINS ST", "fromleft": 3901, "toleft": 3999, "fromright": 3900, "toright": 3998, "onewaydir": " "}}, {"type": "Feature", "geometry": {"type": "LineString", "coordinates": [[-95.3707039268901, 29.7304893156035], [-95.3711967087242, 29.729854933164]]}, "properties": {"centerlineid": 10137717, "roadclass": "LOCAL", "fullname": "HUTCHINS ST", "fromleft": 4001, "toleft": 4099, "fromright": 4000, "toright": 4098, "onewaydir": " "}}, {"type": "Feature", "geometry": {"type": "LineString", "coordinates": [[-95.368056674037, 29.7242426243098], [-95.3685219073651, 29.7236340852332]]}, "properties": {"centerlineid": 10137729, "roadclass": "LOCAL", "fullname": "DELANO ST", "fromleft": 4501, "toleft": 4599, "fromright": 4500, "toright": 4598, "onewaydir": " "}}, {"type": "Feature", "geometry": {"type": "LineString", "coordinates": [[-95.374143646706, 29.7325131392047], [-95.3732868586825, 29.7319984856502]]}, "properties": {"centerlineid": 10137738, "roadclass": "LOCAL", "fullname": "ISABELLA ST", "fromleft": 1801, "toleft": 1899, "fromright": 1800, "toright": 1898, "onewaydir": " "}}, {"type": "Feature", "geometry": {"type": "LineString", "coordinates": [[-95.3651825696563, 29.740671205213], [-95.36551720434, 29.7402365633819], [-95.3660273380215, 29.7395739643991], [-95.3665537202396, 29.7389330368459], [-95.3669874489171, 29.7383460449572], [-95.3672936664542, 29.7379316170673], [-95.3678734430874, 29.7371154120294], [-95.3683918385639, 29.7364224753247], [-95.3684229025264, 29.7363809514901], [-95.3686745491972, 29.7360377739311], [-95.3692696681526, 29.7352346302435]]}, "properties": {"centerlineid": 10137760, "roadclass": "FREEWAY", "fullname": "S US 59", "fromleft": 77, "toleft": 149, "fromright": 0, "toright": 0, "onewaydir": "TF"}}, {"type": "Feature", "geometry": {"type": "LineString", "coordinates": [[-95.3719858309482, 29.7348359701905], [-95.3718712469075, 29.7347921630744], [-95.3717722337667, 29.7347616173509], [-95.3716652494466, 29.7347558818584], [-95.3715662075928, 29.7347846459228], [-95.3715050475114, 29.7348227622662], [-95.37144413466, 29.7348704674311], [-95.3713142935368, 29.7349544039032]]}, "properties": {"centerlineid": 10137771, "roadclass": "RAMP", "fullname": "HAMILTON BERRY RAMP", "fromleft": 0, "toleft": 0, "fromright": 0, "toright": 0, "onewaydir": "FT"}}, {"type": "Feature", "geometry": {"type": "LineString", "coordinates": [[-95.3723061323455, 29.7220624442715], [-95.3721918183725, 29.7221179143604], [-95.3720544786313, 29.722054929851], [-95.3719399519285, 29.7219844230047], [-95.3705236070063, 29.7211173898619]]}, "properties": {"centerlineid": 10137808, "roadclass": "LOCAL", "fullname": "ROSEDALE ST", "fromleft": 2601, "toleft": 2799, "fromright": 2600, "toright": 2798, "onewaydir": " "}}, {"type": "Feature", "geometry": {"type": "LineString", "coordinates": [[-95.3721154225544, 29.7414450089054], [-95.371260882343, 29.7409300327865]]}, "properties": {"centerlineid": 10135602, "roadclass": "LOCAL", "fullname": "TUAM ST", "fromleft": 1401, "toleft": 1499, "fromright": 1400, "toright": 1498, "onewaydir": " "}}, {"type": "Feature", "geometry": {"type": "LineString", "coordinates": [[-95.3771890249466, 29.7417406989312], [-95.3770441403823, 29.7416567230373]]}, "properties": {"centerlineid": 10135638, "roadclass": "MAJOR", "fullname": "ELGIN ST", "fromleft": 929, "toleft": 999, "fromright": 928, "toright": 998, "onewaydir": " "}}, {"type": "Feature", "geometry": {"type": "LineString", "coordinates": [[-95.3761209512875, 29.7428126522521], [-95.3756248983757, 29.7425094294563]]}, "properties": {"centerlineid": 10135729, "roadclass": "LOCAL", "fullname": "ANITA ST", "fromleft": 1001, "toleft": 1017, "fromright": 1000, "toright": 1016, "onewaydir": " "}}, {"type": "Feature", "geometry": {"type": "LineString", "coordinates": [[-95.3656458326903, 29.7416872950491], [-95.3663782461347, 29.7407620589454]]}, "properties": {"centerlineid": 10135919, "roadclass": "LOCAL", "fullname": "HAMILTON ST", "fromleft": 2501, "toleft": 2599, "fromright": 2500, "toright": 2598, "onewaydir": "FT"}}, {"type": "Feature", "geometry": {"type": "LineString", "coordinates": [[-95.3926461318757, 29.7219136872185], [-95.3926837734813, 29.7219358195721], [-95.3938896539204, 29.7226461017209], [-95.3945458717724, 29.723041072754]]}, "properties": {"centerlineid": 10136430, "roadclass": "PRIVATE", "fullname": "LONGFELLOW LN", "fromleft": 1, "toleft": 95, "fromright": 2, "toright": 94, "onewaydir": " "}}, {"type": "Feature", "geometry": {"type": "LineString", "coordinates": [[-95.3975518328401, 29.7428087918342], [-95.3975442813272, 29.742307037837]]}, "properties": {"centerlineid": 10134228, "roadclass": "LOCAL", "fullname": "MULBERRY ST", "fromleft": 3301, "toleft": 3399, "fromright": 3300, "toright": 3398, "onewaydir": " "}}, {"type": "Feature", "geometry": {"type": "LineString", "coordinates": [[-95.3937981763276, 29.7423337116237], [-95.393782867717, 29.741311497205]]}, "properties": {"centerlineid": 10134237, "roadclass": "LOCAL", "fullname": "MT VERNON ST", "fromleft": 3401, "toleft": 3499, "fromright": 3400, "toright": 3498, "onewaydir": " "}}, {"type": "Feature", "geometry": {"type": "LineString", "coordinates": [[-95.3919061695227, 29.729348689645], [-95.3919061424082, 29.7285475611157]]}, "properties": {"centerlineid": 10136602, "roadclass": "LOCAL", "fullname": "BAYARD LN", "fromleft": 4901, "toleft": 4999, "fromright": 4900, "toright": 4998, "onewaydir": " "}}, {"type": "Feature", "geometry": {"type": "LineString", "coordinates": [[-95.3831627929861, 29.7259381967577], [-95.3837272993031, 29.7252345042007]]}, "properties": {"centerlineid": 10136649, "roadclass": "LOCAL", "fullname": "LA BRANCH ST", "fromleft": 5201, "toleft": 5299, "fromright": 5200, "toright": 5298, "onewaydir": " "}}, {"type": "Feature", "geometry": {"type": "LineString", "coordinates": [[-95.3952783257154, 29.7306170717659], [-95.3972389896849, 29.7305331020371], [-95.3994974506696, 29.7304377579521]]}, "properties": {"centerlineid": 10136712, "roadclass": "LOCAL", "fullname": "VASSAR ST", "fromleft": 1309, "toleft": 1599, "fromright": 1308, "toright": 1598, "onewaydir": " "}}, {"type": "Feature", "geometry": {"type": "LineString", "coordinates": [[-95.3911812217228, 29.7387824750671], [-95.3911736962376, 29.7378724824365]]}, "properties": {"centerlineid": 10136742, "roadclass": "MAJOR", "fullname": "MONTROSE BLVD", "fromleft": 3801, "toleft": 3899, "fromright": 3800, "toright": 3898, "onewaydir": " "}}, {"type": "Feature", "geometry": {"type": "LineString", "coordinates": [[-95.389830906054, 29.7353357008151], [-95.3898233791883, 29.7345195307324]]}, "properties": {"centerlineid": 10136871, "roadclass": "LOCAL", "fullname": "ROSELAND ST", "fromleft": 4201, "toleft": 4299, "fromright": 4200, "toright": 4298, "onewaydir": " "}}, {"type": "Feature", "geometry": {"type": "LineString", "coordinates": [[-95.3937447744895, 29.7293276796099], [-95.3937372392807, 29.7285379783068]]}, "properties": {"centerlineid": 10136922, "roadclass": "LOCAL", "fullname": "MT VERNON ST", "fromleft": 4901, "toleft": 4999, "fromright": 4900, "toright": 4998, "onewaydir": " "}}, {"type": "Feature", "geometry": {"type": "LineString", "coordinates": [[-95.3878702237184, 29.7344793473114], [-95.3878702327664, 29.7343134648702], [-95.3878625042301, 29.7334055577891]]}, "properties": {"centerlineid": 10136988, "roadclass": "LOCAL", "fullname": "GREELEY ST", "fromleft": 4301, "toleft": 4399, "fromright": 4300, "toright": 4398, "onewaydir": " "}}, {"type": "Feature", "geometry": {"type": "LineString", "coordinates": [[-95.3898767991014, 29.7387975219752], [-95.3911812217228, 29.7387824750671]]}, "properties": {"centerlineid": 10136997, "roadclass": "MAJOR", "fullname": "W ALABAMA ST", "fromleft": 901, "toleft": 999, "fromright": 900, "toright": 998, "onewaydir": " "}}, {"type": "Feature", "geometry": {"type": "LineString", "coordinates": [[-95.3858712438914, 29.7256883276877], [-95.3850014195267, 29.7251658126008]]}, "properties": {"centerlineid": 10137001, "roadclass": "LOCAL", "fullname": "PROSPECT ST", "fromleft": 1301, "toleft": 1399, "fromright": 1300, "toright": 1398, "onewaydir": " "}}, {"type": "Feature", "geometry": {"type": "LineString", "coordinates": [[-95.3844373324017, 29.7352390731881], [-95.3844216240249, 29.7345804325961]]}, "properties": {"centerlineid": 10137048, "roadclass": "LOCAL", "fullname": "BUTE ST", "fromleft": 4201, "toleft": 4299, "fromright": 4200, "toright": 4298, "onewaydir": " "}}, {"type": "Feature", "geometry": {"type": "LineString", "coordinates": [[-95.3865121677461, 29.7296786101561], [-95.3867485259452, 29.7293886214387]]}, "properties": {"centerlineid": 10137065, "roadclass": "MAJOR", "fullname": "MAIN ST", "fromleft": 5001, "toleft": 5005, "fromright": 5000, "toright": 5004, "onewaydir": " "}}, {"type": "Feature", "geometry": {"type": "LineString", "coordinates": [[-95.3902580647186, 29.726083306146], [-95.3904793629504, 29.7261175522399], [-95.3910288286394, 29.7261481275921]]}, "properties": {"centerlineid": 10137073, "roadclass": "MAJOR", "fullname": "BISSONNET ST", "fromleft": 901, "toleft": 999, "fromright": 900, "toright": 998, "onewaydir": " "}}, {"type": "Feature", "geometry": {"type": "LineString", "coordinates": [[-95.387085215548, 29.7322113714984], [-95.3875631905875, 29.7321727495494], [-95.387852390788, 29.7321773096749], [-95.3889380534679, 29.732184283397]]}, "properties": {"centerlineid": 10137112, "roadclass": "FREEWAY", "fullname": "S US 59", "fromleft": 0, "toleft": 0, "fromright": 600, "toright": 798, "onewaydir": "FT"}}, {"type": "Feature", "geometry": {"type": "LineString", "coordinates": [[-95.3833841574312, 29.7304473298967], [-95.3833229938604, 29.730479729422], [-95.3832620552348, 29.7304892944921], [-95.3824531860971, 29.7300010200023]]}, "properties": {"centerlineid": 10137149, "roadclass": "LOCAL", "fullname": "WENTWORTH ST", "fromleft": 1201, "toleft": 1299, "fromright": 1200, "toright": 1298, "onewaydir": " "}}, {"type": "Feature", "geometry": {"type": "LineString", "coordinates": [[-95.3773873007845, 29.7316164901362], [-95.3778527918124, 29.7310481155824]]}, "properties": {"centerlineid": 10137167, "roadclass": "MAJOR", "fullname": "CRAWFORD ST", "fromleft": 4301, "toleft": 4399, "fromright": 4300, "toright": 4398, "onewaydir": " "}}, {"type": "Feature", "geometry": {"type": "LineString", "coordinates": [[-95.3688500338698, 29.7312235530899], [-95.3679955385223, 29.7307085994251]]}, "properties": {"centerlineid": 10137189, "roadclass": "MAJOR", "fullname": "ALABAMA ST", "fromleft": 2301, "toleft": 2399, "fromright": 2300, "toright": 2398, "onewaydir": " "}}, {"type": "Feature", "geometry": {"type": "LineString", "coordinates": [[-95.3786767029069, 29.73796037366], [-95.377814666137, 29.7374433282244]]}, "properties": {"centerlineid": 10137275, "roadclass": "LOCAL", "fullname": "WINBERN ST", "fromleft": 1101, "toleft": 1199, "fromright": 1100, "toright": 1198, "onewaydir": " "}}, {"type": "Feature", "geometry": {"type": "LineString", "coordinates": [[-95.3736030883677, 29.7395719191425], [-95.372741028134, 29.7390512588819]]}, "properties": {"centerlineid": 10137284, "roadclass": "MAJOR", "fullname": "ELGIN ST", "fromleft": 1401, "toleft": 1499, "fromright": 1400, "toright": 1498, "onewaydir": " "}}, {"type": "Feature", "geometry": {"type": "LineString", "coordinates": [[-95.3767847428876, 29.7286027679234], [-95.3770441668288, 29.7277959537324]]}, "properties": {"centerlineid": 10137409, "roadclass": "MAJOR", "fullname": "ALMEDA RD", "fromleft": 4601, "toleft": 4699, "fromright": 4600, "toright": 4698, "onewaydir": " "}}, {"type": "Feature", "geometry": {"type": "LineString", "coordinates": [[-95.3776008770647, 29.726184372131], [-95.3775976469693, 29.7261629776782], [-95.3775910359574, 29.7261389751933], [-95.3775788401798, 29.7261167017813], [-95.3775615949754, 29.7260971351367], [-95.377540057327, 29.7260811341398], [-95.3762886659758, 29.7253335143877]]}, "properties": {"centerlineid": 10137424, "roadclass": "LOCAL", "fullname": "ARBOR ST", "fromleft": 1901, "toleft": 2099, "fromright": 1900, "toright": 2098, "onewaydir": " "}}, {"type": "Feature", "geometry": {"type": "LineString", "coordinates": [[-95.3760826548784, 29.7364306844749], [-95.3752511512285, 29.7359384977297], [-95.3752283373242, 29.7359250418082]]}, "properties": {"centerlineid": 10137451, "roadclass": "LOCAL", "fullname": "WINBERN ST", "fromleft": 1401, "toleft": 1499, "fromright": 1400, "toright": 1498, "onewaydir": " "}}, {"type": "Feature", "geometry": {"type": "LineString", "coordinates": [[-95.3815836593993, 29.7294801190103], [-95.3825065685151, 29.7283223771662]]}, "properties": {"centerlineid": 10137497, "roadclass": "LOCAL", "fullname": "AUSTIN ST", "fromleft": 4801, "toleft": 4899, "fromright": 4800, "toright": 4898, "onewaydir": " "}}, {"type": "Feature", "geometry": {"type": "LineString", "coordinates": [[-95.3782343208154, 29.7385362585457], [-95.3786767029069, 29.73796037366]]}, "properties": {"centerlineid": 10137610, "roadclass": "MAJOR", "fullname": "FANNIN ST", "fromleft": 3601, "toleft": 3699, "fromright": 3600, "toright": 3698, "onewaydir": "FT"}}, {"type": "Feature", "geometry": {"type": "LineString", "coordinates": [[-95.3775641877663, 29.7345647116003], [-95.3767007283496, 29.7340579222921]]}, "properties": {"centerlineid": 10137643, "roadclass": "LOCAL", "fullname": "ISABELLA ST", "fromleft": 1401, "toleft": 1499, "fromright": 1400, "toright": 1498, "onewaydir": " "}}, {"type": "Feature", "geometry": {"type": "LineString", "coordinates": [[-95.3780282619733, 29.7339682728611], [-95.3771812816976, 29.7334589779733]]}, "properties": {"centerlineid": 10137656, "roadclass": "LOCAL", "fullname": "CLEBURNE ST", "fromleft": 1401, "toleft": 1499, "fromright": 1400, "toright": 1498, "onewaydir": " "}}, {"type": "Feature", "geometry": {"type": "LineString", "coordinates": [[-95.3961937286711, 29.7257666044711], [-95.3961927954525, 29.7257342030611], [-95.396163356613, 29.7246964845504], [-95.396165766686, 29.7238776338632], [-95.396165629926, 29.7237949330774], [-95.3961730403095, 29.7236284033741]]}, "properties": {"centerlineid": 10136579, "roadclass": "LOCAL", "fullname": "DORA ST", "fromleft": 5301, "toleft": 5499, "fromright": 5300, "toright": 5498, "onewaydir": " "}}, {"type": "Feature", "geometry": {"type": "LineString", "coordinates": [[-95.4020837445454, 29.7287764243288], [-95.4021193616675, 29.7287759851906], [-95.4044334808899, 29.7287440136629]]}, "properties": {"centerlineid": 10132199, "roadclass": "LOCAL", "fullname": "MILFORD ST", "fromleft": 1701, "toleft": 1799, "fromright": 1700, "toright": 1798, "onewaydir": " "}}, {"type": "Feature", "geometry": {"type": "LineString", "coordinates": [[-95.4019922527529, 29.7386583321648], [-95.4020093719481, 29.7386580946129], [-95.4045436001717, 29.7386325648395]]}, "properties": {"centerlineid": 10132249, "roadclass": "MAJOR", "fullname": "W ALABAMA ST", "fromleft": 1701, "toleft": 1799, "fromright": 1700, "toright": 1798, "onewaydir": " "}}, {"type": "Feature", "geometry": {"type": "LineString", "coordinates": [[-95.3668815847708, 29.7337088025462], [-95.3673851490131, 29.7330699530158]]}, "properties": {"centerlineid": 10137670, "roadclass": "LOCAL", "fullname": "BASTROP ST", "fromleft": 3401, "toleft": 3499, "fromright": 3400, "toright": 3498, "onewaydir": " "}}, {"type": "Feature", "geometry": {"type": "LineString", "coordinates": [[-95.3686058743653, 29.7346814960207], [-95.3690866311849, 29.7340903064518]]}, "properties": {"centerlineid": 10137695, "roadclass": "LOCAL", "fullname": "ST EMANUEL ST", "fromleft": 3401, "toleft": 3499, "fromright": 3400, "toright": 3498, "onewaydir": " "}}, {"type": "Feature", "geometry": {"type": "LineString", "coordinates": [[-95.3762505629883, 29.7301134997887], [-95.3765222788208, 29.7293465360342]]}, "properties": {"centerlineid": 10137735, "roadclass": "MAJOR", "fullname": "ALMEDA RD", "fromleft": 4401, "toleft": 4499, "fromright": 4400, "toright": 4498, "onewaydir": " "}}, {"type": "Feature", "geometry": {"type": "MultiLineString", "coordinates": [[[-95.3756479847603, 29.7327931870254], [-95.3760431190657, 29.7327634565417]], [[-95.3760431190657, 29.7327634565417], [-95.376136542573, 29.7327564265633]], [[-95.376136542573, 29.7327564265633], [-95.3776702729996, 29.7326410128145]], [[-95.3776702729996, 29.7326410128145], [-95.3778497142038, 29.73262807274]], [[-95.3778497142038, 29.73262807274], [-95.3791458053767, 29.7325405121084]], [[-95.3791458053767, 29.7325405121084], [-95.3797525614687, 29.7324995176854]]]}, "properties": {"centerlineid": 10137763, "roadclass": "FREEWAY", "fullname": "S US 59", "fromleft": 301, "toleft": 499, "fromright": 0, "toright": 0, "onewaydir": "TF"}}, {"type": "Feature", "geometry": {"type": "LineString", "coordinates": [[-95.3817060747477, 29.7377707462915], [-95.3821022570671, 29.73756206973], [-95.3822818999283, 29.7374697853782]]}, "properties": {"centerlineid": 10137781, "roadclass": "FRONTAGE", "fullname": "SOUTHWEST FWY", "fromleft": 1, "toleft": 99, "fromright": 2, "toright": 98, "onewaydir": "FT"}}, {"type": "Feature", "geometry": {"type": "LineString", "coordinates": [[-95.3775627718997, 29.722566015143], [-95.3771999301406, 29.7223585870937], [-95.3766877139416, 29.7220516714057], [-95.3763879114755, 29.7218602845749]]}, "properties": {"centerlineid": 10138017, "roadclass": "MAJOR", "fullname": "SOUTHMORE BLVD", "fromleft": 0, "toleft": 0, "fromright": 0, "toright": 0, "onewaydir": "FT"}}, {"type": "Feature", "geometry": {"type": "LineString", "coordinates": [[-95.3695443669963, 29.7223638543536], [-95.3698265949834, 29.7219958247433], [-95.3700173746299, 29.7217535180956]]}, "properties": {"centerlineid": 10138048, "roadclass": "LOCAL", "fullname": "DELANO ST", "fromleft": 4801, "toleft": 4899, "fromright": 4800, "toright": 4898, "onewaydir": " "}}, {"type": "Feature", "geometry": {"type": "LineString", "coordinates": [[-95.3706277434983, 29.7433198989884], [-95.3697731950952, 29.7428049136487]]}, "properties": {"centerlineid": 10135866, "roadclass": "LOCAL", "fullname": "MCGOWEN ST", "fromleft": 1401, "toleft": 1499, "fromright": 1400, "toright": 1498, "onewaydir": " "}}, {"type": "Feature", "geometry": {"type": "LineString", "coordinates": [[-95.371260882343, 29.7409300327865], [-95.3718103197875, 29.7402110500559]]}, "properties": {"centerlineid": 10136175, "roadclass": "LOCAL", "fullname": "LA BRANCH ST", "fromleft": 2901, "toleft": 2999, "fromright": 2900, "toright": 2998, "onewaydir": "FT"}}, {"type": "Feature", "geometry": {"type": "LineString", "coordinates": [[-95.3703988874235, 29.7404074987234], [-95.3709711100012, 29.7397074647178]]}, "properties": {"centerlineid": 10136189, "roadclass": "MAJOR", "fullname": "CRAWFORD ST", "fromleft": 2901, "toleft": 2999, "fromright": 2900, "toright": 2998, "onewaydir": "FT"}}, {"type": "Feature", "geometry": {"type": "LineString", "coordinates": [[-95.3746941917446, 29.7429956633862], [-95.3752434056062, 29.7422766601635]]}, "properties": {"centerlineid": 10136236, "roadclass": "MAJOR", "fullname": "FANNIN ST", "fromleft": 2901, "toleft": 2999, "fromright": 2900, "toright": 2998, "onewaydir": "FT"}}, {"type": "Feature", "geometry": {"type": "LineString", "coordinates": [[-95.3757013532866, 29.7417197191199], [-95.3761896482029, 29.7411036358282]]}, "properties": {"centerlineid": 10136238, "roadclass": "MAJOR", "fullname": "FANNIN ST", "fromleft": 3101, "toleft": 3199, "fromright": 3100, "toright": 3198, "onewaydir": "FT"}}, {"type": "Feature", "geometry": {"type": "LineString", "coordinates": [[-95.3730887960399, 29.7434275681762], [-95.3733667176313, 29.7430682155681]]}, "properties": {"centerlineid": 10136243, "roadclass": "LOCAL", "fullname": "SAN JACINTO ST", "fromleft": 2701, "toleft": 2799, "fromright": 2700, "toright": 2798, "onewaydir": "FT"}}, {"type": "Feature", "geometry": {"type": "LineString", "coordinates": [[-95.3876717397612, 29.723414820421], [-95.3867943886212, 29.722895973556]]}, "properties": {"centerlineid": 10136396, "roadclass": "LOCAL", "fullname": "EWING ST", "fromleft": 1301, "toleft": 1399, "fromright": 1300, "toright": 1398, "onewaydir": " "}}, {"type": "Feature", "geometry": {"type": "LineString", "coordinates": [[-95.3957590600532, 29.7412887140923], [-95.3974602877635, 29.7412695345549], [-95.3975289958457, 29.7412695203379]]}, "properties": {"centerlineid": 10134192, "roadclass": "LOCAL", "fullname": "HAROLD ST", "fromleft": 1401, "toleft": 1499, "fromright": 1400, "toright": 1498, "onewaydir": " "}}, {"type": "Feature", "geometry": {"type": "LineString", "coordinates": [[-95.3876717397612, 29.723414820421], [-95.3883279260484, 29.7225528167855]]}, "properties": {"centerlineid": 10136489, "roadclass": "LOCAL", "fullname": "CAROLINE ST", "fromleft": 5701, "toleft": 5799, "fromright": 5700, "toright": 5798, "onewaydir": " "}}, {"type": "Feature", "geometry": {"type": "LineString", "coordinates": [[-95.3842308872733, 29.7293619022823], [-95.383368831177, 29.728845123216]]}, "properties": {"centerlineid": 10136575, "roadclass": "LOCAL", "fullname": "ROSEDALE", "fromleft": 1201, "toleft": 1299, "fromright": 1200, "toright": 1298, "onewaydir": " "}}, {"type": "Feature", "geometry": {"type": "LineString", "coordinates": [[-95.3833001573607, 29.7241376648333], [-95.3835671530768, 29.72379817527]]}, "properties": {"centerlineid": 10136588, "roadclass": "MAJOR", "fullname": "CRAWFORD ST", "fromleft": 5401, "toleft": 5415, "fromright": 5400, "toright": 5414, "onewaydir": " "}}, {"type": "Feature", "geometry": {"type": "LineString", "coordinates": [[-95.397498436772, 29.737803843619], [-95.399306670126, 29.737786727555]]}, "properties": {"centerlineid": 10136656, "roadclass": "LOCAL", "fullname": "SUL ROSS ST", "fromleft": 1501, "toleft": 1599, "fromright": 1500, "toright": 1598, "onewaydir": " "}}, {"type": "Feature", "geometry": {"type": "LineString", "coordinates": [[-95.3867410018253, 29.7262129281523], [-95.3872140112562, 29.7256196526991]]}, "properties": {"centerlineid": 10136691, "roadclass": "LOCAL", "fullname": "SAN JACINTO ST", "fromleft": 5401, "toleft": 5499, "fromright": 5400, "toright": 5498, "onewaydir": "TF"}}, {"type": "Feature", "geometry": {"type": "LineString", "coordinates": [[-95.383468139613, 29.7380194269421], [-95.3834940689883, 29.7375107617668], [-95.3835158002251, 29.7373608859801], [-95.3835442965341, 29.7372603141279], [-95.3835790232342, 29.7371213721238]]}, "properties": {"centerlineid": 10136721, "roadclass": "LOCAL", "fullname": "BRANDT ST", "fromleft": 3901, "toleft": 3999, "fromright": 3900, "toright": 3998, "onewaydir": "FT"}}, {"type": "Feature", "geometry": {"type": "LineString", "coordinates": [[-95.3993295229697, 29.7395452377322], [-95.4020109582841, 29.7395185234525], [-95.4020150615388, 29.7395185399997]]}, "properties": {"centerlineid": 10136722, "roadclass": "LOCAL", "fullname": "MARSHALL ST", "fromleft": 1601, "toleft": 1699, "fromright": 1600, "toright": 1698, "onewaydir": " "}}, {"type": "Feature", "geometry": {"type": "LineString", "coordinates": [[-95.3937219250359, 29.7269339148687], [-95.3937141976227, 29.7261346268791]]}, "properties": {"centerlineid": 10136736, "roadclass": "LOCAL", "fullname": "MT VERNON ST", "fromleft": 5201, "toleft": 5299, "fromright": 5200, "toright": 5298, "onewaydir": " "}}, {"type": "Feature", "geometry": {"type": "LineString", "coordinates": [[-95.3994593098847, 29.7278799392286], [-95.4020913050497, 29.7278379480519]]}, "properties": {"centerlineid": 10136801, "roadclass": "LOCAL", "fullname": "NORTH BLVD", "fromleft": 1601, "toleft": 1699, "fromright": 1600, "toright": 1698, "onewaydir": " "}}, {"type": "Feature", "geometry": {"type": "LineString", "coordinates": [[-95.3896173573429, 29.7257951188125], [-95.3887169967231, 29.7252765038792]]}, "properties": {"centerlineid": 10136818, "roadclass": "MAJOR", "fullname": "BINZ ST", "fromleft": 1001, "toleft": 1099, "fromright": 1000, "toright": 1098, "onewaydir": " "}}, {"type": "Feature", "geometry": {"type": "LineString", "coordinates": [[-95.3898462220706, 29.7370389834631], [-95.39031920884, 29.7370333094932], [-95.3911509176714, 29.7370275736342]]}, "properties": {"centerlineid": 10136823, "roadclass": "LOCAL", "fullname": "BRANARD ST", "fromleft": 901, "toleft": 999, "fromright": 900, "toright": 998, "onewaydir": " "}}, {"type": "Feature", "geometry": {"type": "LineString", "coordinates": [[-95.391082238734, 29.730950658122], [-95.3910821937827, 29.7306836926222]]}, "properties": {"centerlineid": 10136888, "roadclass": "MAJOR", "fullname": "MONTROSE BLVD", "fromleft": 4701, "toleft": 4719, "fromright": 4700, "toright": 4718, "onewaydir": " "}}, {"type": "Feature", "geometry": {"type": "LineString", "coordinates": [[-95.3889382840262, 29.7241739503867], [-95.3885339944473, 29.7239298104067]]}, "properties": {"centerlineid": 10137003, "roadclass": "LOCAL", "fullname": "EWING ST", "fromleft": 1111, "toleft": 1199, "fromright": 1110, "toright": 1198, "onewaydir": " "}}, {"type": "Feature", "geometry": {"type": "LineString", "coordinates": [[-95.3875802525885, 29.7267279076595], [-95.3867410018253, 29.7262129281523]]}, "properties": {"centerlineid": 10137012, "roadclass": "LOCAL", "fullname": "PROSPECT ST", "fromleft": 1101, "toleft": 1199, "fromright": 1100, "toright": 1198, "onewaydir": " "}}, {"type": "Feature", "geometry": {"type": "LineString", "coordinates": [[-95.3793176817224, 29.7291711830563], [-95.3798821578096, 29.7284635977403]]}, "properties": {"centerlineid": 10137163, "roadclass": "MAJOR", "fullname": "CRAWFORD ST", "fromleft": 4701, "toleft": 4799, "fromright": 4700, "toright": 4798, "onewaydir": " "}}, {"type": "Feature", "geometry": {"type": "LineString", "coordinates": [[-95.3673851490131, 29.7330699530158], [-95.3665537133793, 29.7325643146081]]}, "properties": {"centerlineid": 10137181, "roadclass": "LOCAL", "fullname": "HOLMAN ST", "fromleft": 2301, "toleft": 2399, "fromright": 2300, "toright": 2398, "onewaydir": " "}}, {"type": "Feature", "geometry": {"type": "LineString", "coordinates": [[-95.3811279661461, 29.7381100336496], [-95.3811634607427, 29.7380235810318], [-95.3811886052065, 29.7379705227649], [-95.3812246852102, 29.7379177598929], [-95.3812547024117, 29.7378815522997], [-95.3813793467238, 29.7377237067123], [-95.3814129896481, 29.7376663419136]]}, "properties": {"centerlineid": 10137274, "roadclass": "LOCAL", "fullname": "TRAVIS ST", "fromleft": 3811, "toleft": 3899, "fromright": 3810, "toright": 3898, "onewaydir": "FT"}}, {"type": "Feature", "geometry": {"type": "LineString", "coordinates": [[-95.3804238244329, 29.7390113024219], [-95.3796028539682, 29.7385125445641], [-95.3795540708957, 29.7384828499465]]}, "properties": {"centerlineid": 10137311, "roadclass": "LOCAL", "fullname": "WINBERN ST", "fromleft": 901, "toleft": 999, "fromright": 900, "toright": 998, "onewaydir": " "}}, {"type": "Feature", "geometry": {"type": "LineString", "coordinates": [[-95.377929020071, 29.7252324650112], [-95.3780129707682, 29.7249768867289], [-95.3781197508592, 29.7246337262477]]}, "properties": {"centerlineid": 10137339, "roadclass": "MAJOR", "fullname": "ALMEDA RD", "fromleft": 4951, "toleft": 4999, "fromright": 4950, "toright": 4998, "onewaydir": " "}}, {"type": "Feature", "geometry": {"type": "LineString", "coordinates": [[-95.3775641877663, 29.7345647116003], [-95.377967121379, 29.7340465355829], [-95.3780282619733, 29.7339682728611]]}, "properties": {"centerlineid": 10137380, "roadclass": "LOCAL", "fullname": "AUSTIN ST", "fromleft": 4001, "toleft": 4099, "fromright": 4000, "toright": 4098, "onewaydir": "FT"}}, {"type": "Feature", "geometry": {"type": "LineString", "coordinates": [[-95.3736414375997, 29.7267260701787], [-95.3741558506106, 29.7260947948836]]}, "properties": {"centerlineid": 10137446, "roadclass": "LOCAL", "fullname": "SOUTH FWY", "fromleft": 4601, "toleft": 4699, "fromright": 0, "toright": 0, "onewaydir": "TF"}}, {"type": "Feature", "geometry": {"type": "LineString", "coordinates": [[-95.3728859574023, 29.7325243559701], [-95.3732868586825, 29.7319984856502]]}, "properties": {"centerlineid": 10137492, "roadclass": "LOCAL", "fullname": "HAMILTON ST", "fromleft": 3901, "toleft": 3999, "fromright": 3900, "toright": 3998, "onewaydir": "FT"}}, {"type": "Feature", "geometry": {"type": "MultiLineString", "coordinates": [[[-95.375944261791, 29.7329288646089], [-95.3758615110974, 29.7330030833227]], [[-95.3760334970749, 29.7328488318681], [-95.375944261791, 29.7329288646089]]]}, "properties": {"centerlineid": 10137529, "roadclass": "LOCAL", "fullname": "CRAWFORD ST", "fromleft": 4101, "toleft": 4109, "fromright": 4100, "toright": 4108, "onewaydir": "FT"}}, {"type": "Feature", "geometry": {"type": "LineString", "coordinates": [[-95.3786767029069, 29.73796037366], [-95.3791191675473, 29.7374166323625]]}, "properties": {"centerlineid": 10137609, "roadclass": "MAJOR", "fullname": "FANNIN ST", "fromleft": 3701, "toleft": 3799, "fromright": 3700, "toright": 3798, "onewaydir": "FT"}}, {"type": "Feature", "geometry": {"type": "LineString", "coordinates": [[-95.366744485153, 29.7354694177032], [-95.3673242220572, 29.7347348990168]]}, "properties": {"centerlineid": 10137667, "roadclass": "LOCAL", "fullname": "HUTCHINS ST", "fromleft": 3201, "toleft": 3299, "fromright": 3200, "toright": 3298, "onewaydir": " "}}, {"type": "Feature", "geometry": {"type": "LineString", "coordinates": [[-95.3765709065549, 29.7358239955617], [-95.3768994984509, 29.7354042527496], [-95.3771051011195, 29.7351392341461]]}, "properties": {"centerlineid": 10137628, "roadclass": "LOCAL", "fullname": "AUSTIN ST", "fromleft": 3801, "toleft": 3899, "fromright": 3800, "toright": 3898, "onewaydir": "FT"}}, {"type": "Feature", "geometry": {"type": "LineString", "coordinates": [[-95.3912499183801, 29.7434590606979], [-95.391227120024, 29.7423720753997]]}, "properties": {"centerlineid": 10134071, "roadclass": "MAJOR", "fullname": "MONTROSE BLVD", "fromleft": 3301, "toleft": 3399, "fromright": 3300, "toright": 3398, "onewaydir": " "}}, {"type": "Feature", "geometry": {"type": "LineString", "coordinates": [[-95.3657678880424, 29.7393202422971], [-95.3662027827787, 29.738765124943]]}, "properties": {"centerlineid": 10137689, "roadclass": "LOCAL", "fullname": "CHARTRES ST", "fromleft": 2701, "toleft": 2799, "fromright": 2700, "toright": 2798, "onewaydir": "FT"}}, {"type": "Feature", "geometry": {"type": "LineString", "coordinates": [[-95.3670495049504, 29.7255149334312], [-95.3673470572429, 29.725139136991], [-95.3675453539282, 29.7248835952417]]}, "properties": {"centerlineid": 10137710, "roadclass": "LOCAL", "fullname": "DELANO ST", "fromleft": 4301, "toleft": 4399, "fromright": 4300, "toright": 4398, "onewaydir": " "}}, {"type": "Feature", "geometry": {"type": "LineString", "coordinates": [[-95.3711967087242, 29.729854933164], [-95.3717873057905, 29.7291198222613]]}, "properties": {"centerlineid": 10137725, "roadclass": "LOCAL", "fullname": "HUTCHINS ST", "fromleft": 4101, "toleft": 4199, "fromright": 4100, "toright": 4198, "onewaydir": " "}}, {"type": "Feature", "geometry": {"type": "LineString", "coordinates": [[-95.3741475851397, 29.7229389888971], [-95.3747705245948, 29.7221447741743]]}, "properties": {"centerlineid": 10137984, "roadclass": "MAJOR", "fullname": "EMANCIPATION AVE", "fromleft": 5001, "toleft": 5099, "fromright": 5000, "toright": 5098, "onewaydir": " "}}, {"type": "Feature", "geometry": {"type": "LineString", "coordinates": [[-95.3783104907995, 29.7432874964111], [-95.3774722041345, 29.7427923534767], [-95.3774484530508, 29.7427782204693]]}, "properties": {"centerlineid": 10136090, "roadclass": "LOCAL", "fullname": "ROSALIE ST", "fromleft": 801, "toleft": 899, "fromright": 800, "toright": 898, "onewaydir": " "}}, {"type": "Feature", "geometry": {"type": "LineString", "coordinates": [[-95.3686364659543, 29.7410616468381], [-95.3690788798783, 29.7404912341494]]}, "properties": {"centerlineid": 10136213, "roadclass": "LOCAL", "fullname": "JACKSON ST", "fromleft": 2701, "toleft": 2799, "fromright": 2700, "toright": 2798, "onewaydir": "FT"}}, {"type": "Feature", "geometry": {"type": "LineString", "coordinates": [[-95.3761896482029, 29.7411036358282], [-95.3767235603988, 29.7404036117685]]}, "properties": {"centerlineid": 10136360, "roadclass": "MAJOR", "fullname": "FANNIN ST", "fromleft": 3201, "toleft": 3299, "fromright": 3200, "toright": 3298, "onewaydir": "FT"}}, {"type": "Feature", "geometry": {"type": "LineString", "coordinates": [[-95.3988640513579, 29.7427991817468], [-95.3992607968389, 29.7427991926813], [-95.3993141877008, 29.7428012324455]]}, "properties": {"centerlineid": 10134156, "roadclass": "MAJOR", "fullname": "WESTHEIMER RD", "fromleft": 1527, "toleft": 1599, "fromright": 1526, "toright": 1598, "onewaydir": " "}}, {"type": "Feature", "geometry": {"type": "LineString", "coordinates": [[-95.3926004617663, 29.7413286462628], [-95.3925851975118, 29.7404818954543]]}, "properties": {"centerlineid": 10134160, "roadclass": "LOCAL", "fullname": "YOAKUM BLVD", "fromleft": 3501, "toleft": 3599, "fromright": 3500, "toright": 3598, "onewaydir": " "}}, {"type": "Feature", "geometry": {"type": "LineString", "coordinates": [[-95.3991693048113, 29.744376559194], [-95.3987572528388, 29.7437166582006]]}, "properties": {"centerlineid": 10134208, "roadclass": "LOCAL", "fullname": "RIDGEWOOD ST", "fromleft": 2601, "toleft": 2699, "fromright": 2600, "toright": 2698, "onewaydir": " "}}, {"type": "Feature", "geometry": {"type": "LineString", "coordinates": [[-95.3908761654197, 29.7237618862077], [-95.3911737074648, 29.723668541396], [-95.3912729419016, 29.723733362281]]}, "properties": {"centerlineid": 10136509, "roadclass": "MAJOR", "fullname": "MAIN ST", "fromleft": 0, "toleft": 0, "fromright": 5826, "toright": 5848, "onewaydir": "FT"}}, {"type": "Feature", "geometry": {"type": "LineString", "coordinates": [[-95.3899224090723, 29.7423834873807], [-95.39012845142, 29.7423814127363], [-95.391227120024, 29.7423720753997]]}, "properties": {"centerlineid": 10134385, "roadclass": "LOCAL", "fullname": "HAWTHORNE ST", "fromleft": 901, "toleft": 999, "fromright": 900, "toright": 998, "onewaydir": " "}}, {"type": "Feature", "geometry": {"type": "LineString", "coordinates": [[-95.3864587813975, 29.728812684219], [-95.3861000910991, 29.728591397379]]}, "properties": {"centerlineid": 10136619, "roadclass": "LOCAL", "fullname": "PALM ST", "fromleft": 1021, "toleft": 1099, "fromright": 1020, "toright": 1098, "onewaydir": " "}}, {"type": "Feature", "geometry": {"type": "LineString", "coordinates": [[-95.3842920537065, 29.7308726352129], [-95.3841775040952, 29.730788695455], [-95.3835443337248, 29.7304243003621], [-95.3834680881905, 29.7304206147904], [-95.3833841574312, 29.7304473298967]]}, "properties": {"centerlineid": 10136629, "roadclass": "LOCAL", "fullname": "WENTWORTH ST", "fromleft": 1101, "toleft": 1199, "fromright": 1100, "toright": 1198, "onewaydir": " "}}, {"type": "Feature", "geometry": {"type": "LineString", "coordinates": [[-95.3835137407182, 29.727048237733], [-95.3839867279697, 29.7264456217716]]}, "properties": {"centerlineid": 10136639, "roadclass": "LOCAL", "fullname": "AUSTIN ST", "fromleft": 5101, "toleft": 5199, "fromright": 5100, "toright": 5198, "onewaydir": " "}}, {"type": "Feature", "geometry": {"type": "LineString", "coordinates": [[-95.3994668629817, 29.7266840823969], [-95.4020837576907, 29.7266553147099]]}, "properties": {"centerlineid": 10136648, "roadclass": "LOCAL", "fullname": "SOUTH BLVD", "fromleft": 1601, "toleft": 1699, "fromright": 1600, "toright": 1698, "onewaydir": " "}}, {"type": "Feature", "geometry": {"type": "LineString", "coordinates": [[-95.3936991416376, 29.7253526762799], [-95.3940653575228, 29.7253565821307], [-95.3943245529679, 29.7253469984038]]}, "properties": {"centerlineid": 10136651, "roadclass": "LOCAL", "fullname": "BOWDEN ST", "fromleft": 1, "toleft": 99, "fromright": 2, "toright": 98, "onewaydir": " "}}, {"type": "Feature", "geometry": {"type": "LineString", "coordinates": [[-95.3844369496347, 29.7362492968654], [-95.3847878555976, 29.7362456497934], [-95.3854060006932, 29.7362378613203]]}, "properties": {"centerlineid": 10136708, "roadclass": "LOCAL", "fullname": "W MAIN ST", "fromleft": 401, "toleft": 499, "fromright": 400, "toright": 498, "onewaydir": " "}}, {"type": "Feature", "geometry": {"type": "LineString", "coordinates": [[-95.3951256692157, 29.7280134168539], [-95.3955605600334, 29.7280077225763], [-95.3971855706498, 29.7279944553796], [-95.3980478474166, 29.7279887561281]]}, "properties": {"centerlineid": 10136714, "roadclass": "LOCAL", "fullname": "NORTH BLVD", "fromleft": 1301, "toleft": 1411, "fromright": 1300, "toright": 1410, "onewaydir": " "}}, {"type": "Feature", "geometry": {"type": "LineString", "coordinates": [[-95.3868477786156, 29.7305577768342], [-95.3861505816083, 29.7301381147656]]}, "properties": {"centerlineid": 10136751, "roadclass": "LOCAL", "fullname": "ROSEDALE", "fromleft": 901, "toleft": 999, "fromright": 900, "toright": 998, "onewaydir": " "}}, {"type": "Feature", "geometry": {"type": "LineString", "coordinates": [[-95.3867485259452, 29.7293886214387], [-95.3868279311403, 29.7293888552022], [-95.3876176674048, 29.7293903934592], [-95.3877481607005, 29.7293906469478]]}, "properties": {"centerlineid": 10136755, "roadclass": "LOCAL", "fullname": "PORTLAND ST", "fromleft": 1, "toleft": 99, "fromright": 2, "toright": 98, "onewaydir": " "}}, {"type": "Feature", "geometry": {"type": "LineString", "coordinates": [[-95.3826058248102, 29.7424482591954], [-95.3838799424719, 29.7424368824973]]}, "properties": {"centerlineid": 10134472, "roadclass": "LOCAL", "fullname": "HAWTHORNE ST", "fromleft": 117, "toleft": 399, "fromright": 116, "toright": 398, "onewaydir": " "}}, {"type": "Feature", "geometry": {"type": "LineString", "coordinates": [[-95.3936991295714, 29.734488930641], [-95.3941034192722, 29.7344811595548], [-95.3946526748056, 29.7344601715244]]}, "properties": {"centerlineid": 10136827, "roadclass": "MAJOR", "fullname": "RICHMOND AVE", "fromleft": 1201, "toleft": 1299, "fromright": 1200, "toright": 1298, "onewaydir": " "}}, {"type": "Feature", "geometry": {"type": "LineString", "coordinates": [[-95.3928140324815, 29.7277386935023], [-95.3937372282163, 29.7277329891406]]}, "properties": {"centerlineid": 10136858, "roadclass": "LOCAL", "fullname": "BARTLETT ST", "fromleft": 1101, "toleft": 1199, "fromright": 1100, "toright": 1198, "onewaydir": " "}}, {"type": "Feature", "geometry": {"type": "LineString", "coordinates": [[-95.3992914050171, 29.7369399781482], [-95.3992760843878, 29.7360948090127]]}, "properties": {"centerlineid": 10136948, "roadclass": "LOCAL", "fullname": "MANDELL ST", "fromleft": 4001, "toleft": 4099, "fromright": 4000, "toright": 4098, "onewaydir": " "}}, {"type": "Feature", "geometry": {"type": "LineString", "coordinates": [[-95.3946985017902, 29.7352765800949], [-95.3946832460209, 29.7344985339435], [-95.3946526748056, 29.7344601715244]]}, "properties": {"centerlineid": 10136985, "roadclass": "LOCAL", "fullname": "GRAUSTARK ST", "fromleft": 4201, "toleft": 4299, "fromright": 4200, "toright": 4298, "onewaydir": " "}}, {"type": "Feature", "geometry": {"type": "LineString", "coordinates": [[-95.3937141976227, 29.7261346268791], [-95.3943932170466, 29.7261156914159], [-95.3946220954803, 29.7260908252992]]}, "properties": {"centerlineid": 10137061, "roadclass": "MAJOR", "fullname": "BISSONNET ST", "fromleft": 1201, "toleft": 1299, "fromright": 1200, "toright": 1298, "onewaydir": " "}}, {"type": "Feature", "geometry": {"type": "LineString", "coordinates": [[-95.3879658094167, 29.7260610167907], [-95.3872140112562, 29.7256196526991]]}, "properties": {"centerlineid": 10137074, "roadclass": "LOCAL", "fullname": "CALUMET ST", "fromleft": 1101, "toleft": 1199, "fromright": 1100, "toright": 1198, "onewaydir": " "}}, {"type": "Feature", "geometry": {"type": "LineString", "coordinates": [[-95.3854516019203, 29.7397608504054], [-95.3848643185311, 29.7397665420936], [-95.3838343408115, 29.7397740970087]]}, "properties": {"centerlineid": 10137087, "roadclass": "LOCAL", "fullname": "MARSHALL ST", "fromleft": 201, "toleft": 399, "fromright": 200, "toright": 398, "onewaydir": " "}}, {"type": "Feature", "geometry": {"type": "LineString", "coordinates": [[-95.3799889207452, 29.737958297945], [-95.3799873542236, 29.7379573721003], [-95.3791191675473, 29.7374166323625]]}, "properties": {"centerlineid": 10137156, "roadclass": "MAJOR", "fullname": "ALABAMA ST", "fromleft": 1001, "toleft": 1099, "fromright": 1000, "toright": 1098, "onewaydir": " "}}, {"type": "Feature", "geometry": {"type": "LineString", "coordinates": [[-95.3808053636059, 29.7272962928922], [-95.3813698398657, 29.7265866546441]]}, "properties": {"centerlineid": 10137164, "roadclass": "MAJOR", "fullname": "CRAWFORD ST", "fromleft": 4901, "toleft": 4999, "fromright": 4900, "toright": 4998, "onewaydir": " "}}, {"type": "Feature", "geometry": {"type": "LineString", "coordinates": [[-95.3735269052033, 29.7349007706285], [-95.3739770374414, 29.734309618761]]}, "properties": {"centerlineid": 10137313, "roadclass": "LOCAL", "fullname": "JACKSON ST", "fromleft": 3701, "toleft": 3799, "fromright": 3700, "toright": 3798, "onewaydir": "FT"}}, {"type": "Feature", "geometry": {"type": "LineString", "coordinates": [[-95.377349206907, 29.7269471581653], [-95.3772196323058, 29.7268844366917], [-95.3758081592312, 29.7260356335807]]}, "properties": {"centerlineid": 10137416, "roadclass": "LOCAL", "fullname": "WENTWORTH ST", "fromleft": 1901, "toleft": 2099, "fromright": 1900, "toright": 2098, "onewaydir": " "}}, {"type": "Feature", "geometry": {"type": "LineString", "coordinates": [[-95.3724587812878, 29.7378191280462], [-95.3722604959543, 29.7376931841374], [-95.372008646798, 29.7375386700125], [-95.3715889932966, 29.7373080175085]]}, "properties": {"centerlineid": 10137480, "roadclass": "LOCAL", "fullname": "STUART ST", "fromleft": 1601, "toleft": 1699, "fromright": 1600, "toright": 1698, "onewaydir": " "}}, {"type": "Feature", "geometry": {"type": "LineString", "coordinates": [[-95.3724893944927, 29.7314752458342], [-95.3724894408056, 29.731450449926], [-95.3724946637962, 29.7314267070559], [-95.3725087027241, 29.7314012937084], [-95.3725260550074, 29.7313750143503], [-95.3729165943142, 29.7308888168115]]}, "properties": {"centerlineid": 10137493, "roadclass": "LOCAL", "fullname": "CHARTRES ST", "fromleft": 4001, "toleft": 4099, "fromright": 4000, "toright": 4098, "onewaydir": " "}}, {"type": "Feature", "geometry": {"type": "LineString", "coordinates": [[-95.3657601345931, 29.7303136001519], [-95.3657982261117, 29.7302527172769], [-95.3662789676667, 29.7296708402492]]}, "properties": {"centerlineid": 10137548, "roadclass": "LOCAL", "fullname": "LIVE OAK ST", "fromleft": 3701, "toleft": 3799, "fromright": 3700, "toright": 3798, "onewaydir": " "}}, {"type": "Feature", "geometry": {"type": "LineString", "coordinates": [[-95.3733285985429, 29.7383340924568], [-95.3737710004983, 29.7377734802693]]}, "properties": {"centerlineid": 10137592, "roadclass": "LOCAL", "fullname": "LA BRANCH ST", "fromleft": 3301, "toleft": 3399, "fromright": 3300, "toright": 3398, "onewaydir": "FT"}}, {"type": "Feature", "geometry": {"type": "LineString", "coordinates": [[-95.3767235603988, 29.7404036117685], [-95.3771812898657, 29.7398448455052]]}, "properties": {"centerlineid": 10137596, "roadclass": "MAJOR", "fullname": "FANNIN ST", "fromleft": 3301, "toleft": 3399, "fromright": 3300, "toright": 3398, "onewaydir": "FT"}}, {"type": "Feature", "geometry": {"type": "LineString", "coordinates": [[-95.374976469283, 29.7339661978214], [-95.3749300705855, 29.7339577725569], [-95.3748718078047, 29.733937607082], [-95.3748219293423, 29.7339119498794], [-95.3742454428216, 29.7335832062417]]}, "properties": {"centerlineid": 10137661, "roadclass": "LOCAL", "fullname": "TRUXILLO ST", "fromleft": 1601, "toleft": 1799, "fromright": 1600, "toright": 1798, "onewaydir": " "}}, {"type": "Feature", "geometry": {"type": "LineString", "coordinates": [[-95.3732868586825, 29.7319984856502], [-95.3725674198136, 29.7315662453055], [-95.3725353251834, 29.7315453137042], [-95.3725117238572, 29.7315238233563], [-95.3724974168728, 29.7315032075551], [-95.3724893944927, 29.7314752458342]]}, "properties": {"centerlineid": 10137739, "roadclass": "LOCAL", "fullname": "ISABELLA ST", "fromleft": 1901, "toleft": 1999, "fromright": 1900, "toright": 1998, "onewaydir": " "}}, {"type": "Feature", "geometry": {"type": "LineString", "coordinates": [[-95.3822818999283, 29.7374697853782], [-95.3827216715118, 29.7371485501134]]}, "properties": {"centerlineid": 10137755, "roadclass": "FRONTAGE", "fullname": "SOUTHWEST FWY", "fromleft": 101, "toleft": 199, "fromright": 100, "toright": 198, "onewaydir": "FT"}}, {"type": "Feature", "geometry": {"type": "LineString", "coordinates": [[-95.3701832461452, 29.7342353438924], [-95.3704598441226, 29.7340081646911], [-95.370658283932, 29.7338480198678], [-95.3708480369297, 29.733732492309], [-95.3709558522615, 29.7336668474618], [-95.3712688773234, 29.7335246101746], [-95.3714746851354, 29.7334418468345], [-95.3716774732335, 29.7333596423121], [-95.371917109196, 29.7332625028211], [-95.3720887744282, 29.7332287286174], [-95.3721687923196, 29.7332129849771], [-95.3724263696533, 29.7331616064906], [-95.3726570710731, 29.7331155873483], [-95.3734810255293, 29.7329973671011], [-95.3742287141683, 29.7329058703282], [-95.3753536478916, 29.7328165569756], [-95.3756479847603, 29.7327931870254]]}, "properties": {"centerlineid": 10137764, "roadclass": "FREEWAY", "fullname": "S US 59", "fromleft": 201, "toleft": 299, "fromright": 0, "toright": 0, "onewaydir": "TF"}}, {"type": "Feature", "geometry": {"type": "LineString", "coordinates": [[-95.3662865334646, 29.7424197472387], [-95.3664619958302, 29.7421927078982]]}, "properties": {"centerlineid": 10136209, "roadclass": "LOCAL", "fullname": "CHENEVERT ST", "fromleft": 2401, "toleft": 2403, "fromright": 2400, "toright": 2402, "onewaydir": " "}}, {"type": "Feature", "geometry": {"type": "LineString", "coordinates": [[-95.374213473103, 29.7435870591007], [-95.3746941917446, 29.7429956633862]]}, "properties": {"centerlineid": 10136222, "roadclass": "MAJOR", "fullname": "FANNIN ST", "fromleft": 2801, "toleft": 2899, "fromright": 2800, "toright": 2898, "onewaydir": "FT"}}, {"type": "Feature", "geometry": {"type": "LineString", "coordinates": [[-95.3853142402872, 29.7232240874488], [-95.3859398756607, 29.72243072301], [-95.3859780285771, 29.7223962594514]]}, "properties": {"centerlineid": 10136433, "roadclass": "LOCAL", "fullname": "LA BRANCH ST", "fromleft": 5601, "toleft": 5699, "fromright": 5600, "toright": 5698, "onewaydir": " "}}, {"type": "Feature", "geometry": {"type": "LineString", "coordinates": [[-95.3916619983407, 29.7231574401631], [-95.3923791664628, 29.7235980702803], [-95.3926204464026, 29.7237287378758], [-95.3926382266898, 29.7237381816325], [-95.3926561910201, 29.723747356149], [-95.3926743343469, 29.7237562579043], [-95.3926926515837, 29.7237648845047], [-95.3927111376837, 29.7237732324288], [-95.3927297848978, 29.7237813014682], [-95.3927485908021, 29.7237890870439], [-95.3927675463956, 29.723796587785], [-95.392786649175, 29.7238038013674], [-95.3928058914705, 29.7238107253277], [-95.3928252681956, 29.7238173572722], [-95.3928447728924, 29.7238236970269], [-95.3928644018458, 29.7238297399781], [-95.3928841459748, 29.7238354870097], [-95.3929040015644, 29.7238409335082], [-95.3929239620768, 29.7238460815541], [-95.3929440225052, 29.723850926499], [-95.3929641751402, 29.7238554670071], [-95.3929844147755, 29.7238597040663], [-95.393004735073, 29.7238636341209], [-95.3930251295747, 29.723867256997], [-95.3930455944457, 29.7238705714629], [-95.3930661206453, 29.7238735772751], [-95.3930867043782, 29.7238762720746], [-95.3931073378951, 29.7238786556528], [-95.3931280147381, 29.7238807278357], [-95.3931487310725, 29.7238824873918], [-95.3931694778572, 29.7238839340774], [-95.3931902512174, 29.7238850677883], [-95.3932110434437, 29.7238858871886], [-95.3932318480781, 29.7238863921043], [-95.3932526612061, 29.7238865835583], [-95.3932734737868, 29.7238864613073], [-95.3932942806937, 29.7238860240848], [-95.3933150767206, 29.7238852728791], [-95.3933358540782, 29.7238842086088], [-95.3933566076402, 29.7238828300073], [-95.3933773308691, 29.7238811391557], [-95.3933980173467, 29.7238791347527], [-95.3934186605356, 29.7238768188789], [-95.3934392552297, 29.7238741925226], [-95.3934597950109, 29.7238712543826], [-95.3934802733019, 29.7238680076671], [-95.3935006849763, 29.7238644511097], [-95.393521022165, 29.7238605878836], [-95.3935412797019, 29.7238564178496], [-95.3935614510495, 29.7238519430888], [-95.3935815322931, 29.723847164624], [-95.393601514352, 29.7238420833391], [-95.3936213932719, 29.7238367013845], [-95.3936411638464, 29.7238310197484], [-95.3936608169155, 29.7238250415695], [-95.3936803498957, 29.723818766778], [-95.393699754958, 29.7238121974202], [-95.393719026777, 29.7238053378661], [-95.3937381602261, 29.7237981868494], [-95.3937571499797, 29.7237907487402], [-95.3937759882089, 29.7237830255847], [-95.3937946709992, 29.7237750184058], [-95.3938131930646, 29.7237667304464], [-95.3938315465367, 29.7237581648798], [-95.3938497287921, 29.723749322764], [-95.3938677332538, 29.7237402073069], [-95.3938855533046, 29.723730822844], [-95.3939031850699, 29.723721169271], [-95.3939206244757, 29.7237112521203], [-95.3939378624415, 29.7237010722758], [-95.3939548975165, 29.7236906342118], [-95.3939717231232, 29.7236799411367], [-95.3939883340159, 29.7236689951661], [-95.3940047262004, 29.7236577995774], [-95.3940208930599, 29.7236463587063], [-95.3940368319313, 29.7236346747377], [-95.394052536158, 29.7236227531346], [-95.3940680017855, 29.7236105960471], [-95.39408322482, 29.723598206753], [-95.3940981999358, 29.7235855896225], [-95.3941129230991, 29.7235727490606], [-95.394127389064, 29.7235596871828], [-95.3941415937568, 29.7235464095214], [-95.3942407766229, 29.7234358418708], [-95.3945458717724, 29.723041072754]]}, "properties": {"centerlineid": 10136460, "roadclass": "PRIVATE", "fullname": "REMINGTON LN", "fromleft": 1, "toleft": 9, "fromright": 2, "toright": 8, "onewaydir": " "}}, {"type": "Feature", "geometry": {"type": "LineString", "coordinates": [[-95.3916619983407, 29.7231574401631], [-95.3926461318757, 29.7219136872185]]}, "properties": {"centerlineid": 10136496, "roadclass": "MAJOR", "fullname": "MAIN ST", "fromleft": 5901, "toleft": 5999, "fromright": 5900, "toright": 5998, "onewaydir": " "}}, {"type": "Feature", "geometry": {"type": "LineString", "coordinates": [[-95.3878777473282, 29.7247767878797], [-95.3870079915296, 29.7242522418675]]}, "properties": {"centerlineid": 10136567, "roadclass": "MAJOR", "fullname": "BINZ ST", "fromleft": 1201, "toleft": 1299, "fromright": 1200, "toright": 1298, "onewaydir": " "}}, {"type": "Feature", "geometry": {"type": "LineString", "coordinates": [[-95.3928215829388, 29.728539792165], [-95.3928140324815, 29.7277386935023]]}, "properties": {"centerlineid": 10136603, "roadclass": "LOCAL", "fullname": "YOAKUM BLVD", "fromleft": 5001, "toleft": 5099, "fromright": 5000, "toright": 5098, "onewaydir": " "}}, {"type": "Feature", "geometry": {"type": "LineString", "coordinates": [[-95.3899071057042, 29.7413592247725], [-95.3901665665486, 29.7413553308595], [-95.3912195952471, 29.7413400215798]]}, "properties": {"centerlineid": 10134386, "roadclass": "LOCAL", "fullname": "HAROLD ST", "fromleft": 901, "toleft": 999, "fromright": 900, "toright": 998, "onewaydir": " "}}, {"type": "Feature", "geometry": {"type": "LineString", "coordinates": [[-95.3937372392807, 29.7285379783068], [-95.3937372282163, 29.7277329891406]]}, "properties": {"centerlineid": 10136610, "roadclass": "LOCAL", "fullname": "MT VERNON ST", "fromleft": 5001, "toleft": 5099, "fromright": 5000, "toright": 5098, "onewaydir": " "}}, {"type": "Feature", "geometry": {"type": "LineString", "coordinates": [[-95.3857263459779, 29.727483121264], [-95.3848565169706, 29.7269738641326]]}, "properties": {"centerlineid": 10136614, "roadclass": "MAJOR", "fullname": "SOUTHMORE BLVD", "fromleft": 1201, "toleft": 1299, "fromright": 1200, "toright": 1298, "onewaydir": " "}}, {"type": "Feature", "geometry": {"type": "LineString", "coordinates": [[-95.394729087286, 29.7378382874171], [-95.3957056950503, 29.7378305166846]]}, "properties": {"centerlineid": 10136655, "roadclass": "LOCAL", "fullname": "SUL ROSS ST", "fromleft": 1301, "toleft": 1399, "fromright": 1300, "toright": 1398, "onewaydir": " "}}, {"type": "Feature", "geometry": {"type": "LineString", "coordinates": [[-95.3957207303172, 29.7387251724354], [-95.3957056950503, 29.7378305166846]]}, "properties": {"centerlineid": 10136685, "roadclass": "LOCAL", "fullname": "YUPON ST", "fromleft": 3801, "toleft": 3899, "fromright": 3800, "toright": 3898, "onewaydir": " "}}, {"type": "Feature", "geometry": {"type": "LineString", "coordinates": [[-95.3957056950503, 29.7378305166846], [-95.3973840847739, 29.7378058856382], [-95.397498436772, 29.737803843619]]}, "properties": {"centerlineid": 10136705, "roadclass": "LOCAL", "fullname": "SUL ROSS ST", "fromleft": 1401, "toleft": 1499, "fromright": 1400, "toright": 1498, "onewaydir": " "}}, {"type": "Feature", "geometry": {"type": "LineString", "coordinates": [[-95.3854135200317, 29.7262606137592], [-95.3845742966429, 29.7257438054042], [-95.3845590219874, 29.7257341833449]]}, "properties": {"centerlineid": 10136730, "roadclass": "LOCAL", "fullname": "OAKDALE ST", "fromleft": 1301, "toleft": 1399, "fromright": 1300, "toright": 1398, "onewaydir": " "}}, {"type": "Feature", "geometry": {"type": "LineString", "coordinates": [[-95.3854821917439, 29.7424272755257], [-95.3859399171441, 29.7424272966472]]}, "properties": {"centerlineid": 10134473, "roadclass": "LOCAL", "fullname": "HAWTHORNE ST", "fromleft": 501, "toleft": 513, "fromright": 500, "toright": 512, "onewaydir": " "}}, {"type": "Feature", "geometry": {"type": "LineString", "coordinates": [[-95.3880532563361, 29.7312616769149], [-95.3881677948406, 29.7312616960672], [-95.388251753902, 29.7312100914192], [-95.3887017187932, 29.7306207484095], [-95.3887703573321, 29.7305426808708]]}, "properties": {"centerlineid": 10136766, "roadclass": "LOCAL", "fullname": "LOUISIANA ST", "fromleft": 4901, "toleft": 4999, "fromright": 4900, "toright": 4998, "onewaydir": " "}}, {"type": "Feature", "geometry": {"type": "LineString", "coordinates": [[-95.3937372392807, 29.7285379783068], [-95.3938058883985, 29.7285304293921], [-95.3946373421065, 29.7285283893727]]}, "properties": {"centerlineid": 10136799, "roadclass": "LOCAL", "fullname": "BARKDULL ST", "fromleft": 1201, "toleft": 1299, "fromright": 1200, "toright": 1298, "onewaydir": " "}}, {"type": "Feature", "geometry": {"type": "LineString", "coordinates": [[-95.3888315134396, 29.7333960040176], [-95.3898081015742, 29.7333921370101]]}, "properties": {"centerlineid": 10136806, "roadclass": "LOCAL", "fullname": "OAKLEY ST", "fromleft": 801, "toleft": 899, "fromright": 800, "toright": 898, "onewaydir": " "}}, {"type": "Feature", "geometry": {"type": "LineString", "coordinates": [[-95.3851693617514, 29.7313912611014], [-95.3842920537065, 29.7308726352129]]}, "properties": {"centerlineid": 10136811, "roadclass": "LOCAL", "fullname": "WENTWORTH ST", "fromleft": 1001, "toleft": 1099, "fromright": 1000, "toright": 1098, "onewaydir": " "}}, {"type": "Feature", "geometry": {"type": "LineString", "coordinates": [[-95.3919061695227, 29.729348689645], [-95.3928293158796, 29.729337267857]]}, "properties": {"centerlineid": 10136844, "roadclass": "LOCAL", "fullname": "MILFORD ST", "fromleft": 1101, "toleft": 1113, "fromright": 1100, "toright": 1112, "onewaydir": " "}}, {"type": "Feature", "geometry": {"type": "LineString", "coordinates": [[-95.3964762001991, 29.7335466018874], [-95.3964608913845, 29.7326368638987]]}, "properties": {"centerlineid": 10136884, "roadclass": "LOCAL", "fullname": "YUPON ST", "fromleft": 4401, "toleft": 4499, "fromright": 4400, "toright": 4498, "onewaydir": " "}}, {"type": "Feature", "geometry": {"type": "LineString", "coordinates": [[-95.3898462220706, 29.7370389834631], [-95.3898384628482, 29.7361902010539]]}, "properties": {"centerlineid": 10136945, "roadclass": "LOCAL", "fullname": "ROSELAND ST", "fromleft": 4001, "toleft": 4099, "fromright": 4000, "toright": 4098, "onewaydir": " "}}, {"type": "Feature", "geometry": {"type": "LineString", "coordinates": [[-95.3888543261626, 29.7345195097972], [-95.3898233791883, 29.7345195307324]]}, "properties": {"centerlineid": 10136963, "roadclass": "MAJOR", "fullname": "RICHMOND AVE", "fromleft": 801, "toleft": 899, "fromright": 800, "toright": 898, "onewaydir": " "}}, {"type": "Feature", "geometry": {"type": "LineString", "coordinates": [[-95.3925393467845, 29.7361539232682], [-95.3925317746654, 29.7356715634784], [-95.3925240600694, 29.7353033082119]]}, "properties": {"centerlineid": 10137019, "roadclass": "LOCAL", "fullname": "YOAKUM BLVD", "fromleft": 4101, "toleft": 4199, "fromright": 4100, "toright": 4198, "onewaydir": " "}}, {"type": "Feature", "geometry": {"type": "LineString", "coordinates": [[-95.3681710165901, 29.7352498792448], [-95.3673242220572, 29.7347348990168]]}, "properties": {"centerlineid": 10137173, "roadclass": "LOCAL", "fullname": "STUART ST", "fromleft": 2101, "toleft": 2199, "fromright": 2100, "toright": 2198, "onewaydir": " "}}, {"type": "Feature", "geometry": {"type": "LineString", "coordinates": [[-95.3675530932502, 29.7312883568222], [-95.3674997082184, 29.7313132387166], [-95.3674616001555, 29.7313132287683], [-95.3674082268589, 29.7313018268781], [-95.3666527317931, 29.7308612337679]]}, "properties": {"centerlineid": 10137188, "roadclass": "LOCAL", "fullname": "WINBERN ST", "fromleft": 2401, "toleft": 2499, "fromright": 2400, "toright": 2498, "onewaydir": " "}}, {"type": "Feature", "geometry": {"type": "LineString", "coordinates": [[-95.38014911996, 29.7360795430512], [-95.3806213528302, 29.7354784789327]]}, "properties": {"centerlineid": 10137223, "roadclass": "MAJOR", "fullname": "FANNIN ST", "fromleft": 4001, "toleft": 4099, "fromright": 4000, "toright": 4098, "onewaydir": "FT"}}, {"type": "Feature", "geometry": {"type": "LineString", "coordinates": [[-95.3687585622322, 29.7265389458863], [-95.3670495049504, 29.7255149334312]]}, "properties": {"centerlineid": 10137263, "roadclass": "LOCAL", "fullname": "BARBEE ST", "fromleft": 2601, "toleft": 2799, "fromright": 2600, "toright": 2798, "onewaydir": " "}}, {"type": "Feature", "geometry": {"type": "LineString", "coordinates": [[-95.3729623555187, 29.7364343435118], [-95.3725121856215, 29.7361655623832]]}, "properties": {"centerlineid": 10137298, "roadclass": "LOCAL", "fullname": "HOLMAN ST", "fromleft": 1611, "toleft": 1699, "fromright": 1610, "toright": 1698, "onewaydir": " "}}, {"type": "Feature", "geometry": {"type": "LineString", "coordinates": [[-95.3743508005533, 29.7354235560462], [-95.37464079489, 29.7347159617602]]}, "properties": {"centerlineid": 10137304, "roadclass": "MAJOR", "fullname": "ALMEDA RD", "fromleft": 3701, "toleft": 3799, "fromright": 3700, "toright": 3798, "onewaydir": " "}}, {"type": "Feature", "geometry": {"type": "LineString", "coordinates": [[-95.3780282619733, 29.7339682728611], [-95.37862331163, 29.7332187225479]]}, "properties": {"centerlineid": 10137324, "roadclass": "LOCAL", "fullname": "AUSTIN ST", "fromleft": 4101, "toleft": 4199, "fromright": 4100, "toright": 4198, "onewaydir": "FT"}}, {"type": "Feature", "geometry": {"type": "LineString", "coordinates": [[-95.3667978342587, 29.729035849317], [-95.3650811108049, 29.7280154664248]]}, "properties": {"centerlineid": 10137346, "roadclass": "LOCAL", "fullname": "TRUXILLO ST", "fromleft": 2601, "toleft": 2799, "fromright": 2600, "toright": 2798, "onewaydir": " "}}, {"type": "Feature", "geometry": {"type": "LineString", "coordinates": [[-95.3711693986746, 29.7307601468013], [-95.3707039268901, 29.7304893156035]]}, "properties": {"centerlineid": 10137395, "roadclass": "LOCAL", "fullname": "ISABELLA ST", "fromleft": 2101, "toleft": 2199, "fromright": 2100, "toright": 2198, "onewaydir": " "}}, {"type": "Feature", "geometry": {"type": "LineString", "coordinates": [[-95.3791421726585, 29.72628730965], [-95.3778299878926, 29.7255149420826]]}, "properties": {"centerlineid": 10137414, "roadclass": "LOCAL", "fullname": "ROSEDALE", "fromleft": 1801, "toleft": 1899, "fromright": 1800, "toright": 1898, "onewaydir": " "}}, {"type": "Feature", "geometry": {"type": "LineString", "coordinates": [[-95.3791040886462, 29.7390551380163], [-95.3782343208154, 29.7385362585457]]}, "properties": {"centerlineid": 10137464, "roadclass": "LOCAL", "fullname": "BERRY ST", "fromleft": 1001, "toleft": 1099, "fromright": 1000, "toright": 1098, "onewaydir": " "}}, {"type": "Feature", "geometry": {"type": "LineString", "coordinates": [[-95.3729089773696, 29.7372642191427], [-95.3722374933578, 29.7368425409304], [-95.372062025147, 29.7367300531571]]}, "properties": {"centerlineid": 10137481, "roadclass": "LOCAL", "fullname": "FRANCIS ST", "fromleft": 1601, "toleft": 1699, "fromright": 1600, "toright": 1698, "onewaydir": " "}}, {"type": "Feature", "geometry": {"type": "LineString", "coordinates": [[-95.3758615110974, 29.7330030833227], [-95.3756937851111, 29.7334887367977]]}, "properties": {"centerlineid": 10137528, "roadclass": "LOCAL", "fullname": "CRAWFORD ST", "fromleft": 4001, "toleft": 4099, "fromright": 4000, "toright": 4098, "onewaydir": "FT"}}, {"type": "Feature", "geometry": {"type": "LineString", "coordinates": [[-95.3686974076437, 29.7393718165937], [-95.3692773848852, 29.738662230204]]}, "properties": {"centerlineid": 10137567, "roadclass": "LOCAL", "fullname": "CHENEVERT ST", "fromleft": 2901, "toleft": 2999, "fromright": 2900, "toright": 2998, "onewaydir": " "}}, {"type": "Feature", "geometry": {"type": "LineString", "coordinates": [[-95.377814666137, 29.7374433282244], [-95.3782724064203, 29.7368806510443]]}, "properties": {"centerlineid": 10137621, "roadclass": "LOCAL", "fullname": "SAN JACINTO ST", "fromleft": 3701, "toleft": 3799, "fromright": 3700, "toright": 3798, "onewaydir": "FT"}}, {"type": "Feature", "geometry": {"type": "LineString", "coordinates": [[-95.3765339045545, 29.73229700157], [-95.376378855746, 29.732479100807], [-95.3761627072143, 29.7327329634891]]}, "properties": {"centerlineid": 10137530, "roadclass": "LOCAL", "fullname": "CRAWFORD ST", "fromleft": 4161, "toleft": 4199, "fromright": 4160, "toright": 4198, "onewaydir": "FT"}}, {"type": "Feature", "geometry": {"type": "LineString", "coordinates": [[-95.4012901835469, 29.7437776023207], [-95.4012598536495, 29.7427953176262]]}, "properties": {"centerlineid": 10134033, "roadclass": "LOCAL", "fullname": "RALPH ST", "fromleft": 2501, "toleft": 2599, "fromright": 2500, "toright": 2598, "onewaydir": " "}}, {"type": "Feature", "geometry": {"type": "LineString", "coordinates": [[-95.4022058247565, 29.7303975832545], [-95.4021239058125, 29.7303975686878], [-95.4021065830744, 29.7303975683072]]}, "properties": {"centerlineid": 10132236, "roadclass": "LOCAL", "fullname": "VASSAR ST", "fromleft": 1701, "toleft": 1703, "fromright": 1700, "toright": 1702, "onewaydir": " "}}, {"type": "Feature", "geometry": {"type": "LineString", "coordinates": [[-95.3660654136393, 29.7331919936088], [-95.366256200274, 29.7329458333837]]}, "properties": {"centerlineid": 10137671, "roadclass": "MAJOR", "fullname": "EMANCIPATION AVE", "fromleft": 3401, "toleft": 3409, "fromright": 3400, "toright": 3408, "onewaydir": " "}}, {"type": "Feature", "geometry": {"type": "LineString", "coordinates": [[-95.3666527317931, 29.7308612337679], [-95.3671640558923, 29.7302107316396]]}, "properties": {"centerlineid": 10137678, "roadclass": "LOCAL", "fullname": "ST CHARLES ST", "fromleft": 3701, "toleft": 3799, "fromright": 3700, "toright": 3798, "onewaydir": " "}}, {"type": "Feature", "geometry": {"type": "LineString", "coordinates": [[-95.3676064847124, 29.7359556463314], [-95.3681710165901, 29.7352498792448]]}, "properties": {"centerlineid": 10137686, "roadclass": "LOCAL", "fullname": "ST EMANUEL ST", "fromleft": 3201, "toleft": 3299, "fromright": 3200, "toright": 3298, "onewaydir": " "}}, {"type": "Feature", "geometry": {"type": "LineString", "coordinates": [[-95.3681710165901, 29.7352498792448], [-95.3686058743653, 29.7346814960207]]}, "properties": {"centerlineid": 10137694, "roadclass": "LOCAL", "fullname": "ST EMANUEL ST", "fromleft": 3301, "toleft": 3399, "fromright": 3300, "toright": 3398, "onewaydir": " "}}, {"type": "Feature", "geometry": {"type": "LineString", "coordinates": [[-95.3685219073651, 29.7236340852332], [-95.3690407601603, 29.7230027594165]]}, "properties": {"centerlineid": 10137730, "roadclass": "LOCAL", "fullname": "DELANO ST", "fromleft": 4601, "toleft": 4699, "fromright": 4600, "toright": 4698, "onewaydir": " "}}, {"type": "Feature", "geometry": {"type": "LineString", "coordinates": [[-95.3716424276611, 29.7335045839913], [-95.3716774732335, 29.7333596423121], [-95.3717618467107, 29.7330107063716], [-95.3718171275663, 29.7327820784298], [-95.3719476858846, 29.7322421227133], [-95.372138428309, 29.7317194033186], [-95.3724054059659, 29.7307448728864]]}, "properties": {"centerlineid": 10137748, "roadclass": "RAMP", "fullname": "SB 59 S TO SB 288 RAMP", "fromleft": 5, "toleft": 7, "fromright": 6, "toright": 8, "onewaydir": "FT"}}, {"type": "Feature", "geometry": {"type": "LineString", "coordinates": [[-95.3705284598652, 29.7333636016503], [-95.3705209432342, 29.7333711194632], [-95.3701622635508, 29.7338347665426], [-95.3699945716244, 29.7340807228775], [-95.3697656754794, 29.7344259625643], [-95.3693841721646, 29.7349601150796], [-95.3692696681526, 29.7352346302435]]}, "properties": {"centerlineid": 10137776, "roadclass": "RAMP", "fullname": "SH 288 US 59 RAMP RAMP", "fromleft": 0, "toleft": 0, "fromright": 0, "toright": 0, "onewaydir": "FT"}}, {"type": "Feature", "geometry": {"type": "LineString", "coordinates": [[-95.3820869827822, 29.7225297595352], [-95.3821862511378, 29.7224401025147], [-95.3822702032824, 29.7223314722408], [-95.3827890668203, 29.721679114737]]}, "properties": {"centerlineid": 10137827, "roadclass": "LOCAL", "fullname": "CHENEVERT ST", "fromleft": 5501, "toleft": 5599, "fromright": 5500, "toright": 5598, "onewaydir": " "}}, {"type": "Feature", "geometry": {"type": "LineString", "coordinates": [[-95.3786308420764, 29.7232087921603], [-95.3789514552326, 29.7222417943092]]}, "properties": {"centerlineid": 10137855, "roadclass": "MAJOR", "fullname": "ALMEDA RD", "fromleft": 5201, "toleft": 5299, "fromright": 5200, "toright": 5298, "onewaydir": " "}}, {"type": "Feature", "geometry": {"type": "LineString", "coordinates": [[-95.3722374811755, 29.7428964130949], [-95.3729851857072, 29.7419638814563]]}, "properties": {"centerlineid": 10135790, "roadclass": "LOCAL", "fullname": "CAROLINE ST", "fromleft": 2701, "toleft": 2899, "fromright": 2700, "toright": 2898, "onewaydir": "FT"}}, {"type": "Feature", "geometry": {"type": "LineString", "coordinates": [[-95.3753273935831, 29.7405982468346], [-95.3744575858736, 29.7400851111921]]}, "properties": {"centerlineid": 10135835, "roadclass": "MAJOR", "fullname": "ELGIN ST", "fromleft": 1201, "toleft": 1299, "fromright": 1200, "toright": 1298, "onewaydir": " "}}, {"type": "Feature", "geometry": {"type": "LineString", "coordinates": [[-95.3689111919575, 29.7422823702857], [-95.3680719581102, 29.7417674161982]]}, "properties": {"centerlineid": 10135914, "roadclass": "LOCAL", "fullname": "MCGOWEN ST", "fromleft": 1601, "toleft": 1699, "fromright": 1600, "toright": 1698, "onewaydir": " "}}, {"type": "Feature", "geometry": {"type": "LineString", "coordinates": [[-95.3686364659543, 29.7410616468381], [-95.3677819766215, 29.7405427880045]]}, "properties": {"centerlineid": 10135921, "roadclass": "LOCAL", "fullname": "DENNIS ST", "fromleft": 1701, "toleft": 1799, "fromright": 1700, "toright": 1798, "onewaydir": " "}}, {"type": "Feature", "geometry": {"type": "LineString", "coordinates": [[-95.3711999612311, 29.7426009299583], [-95.37035301487, 29.742082060308]]}, "properties": {"centerlineid": 10135987, "roadclass": "LOCAL", "fullname": "DENNIS ST", "fromleft": 1401, "toleft": 1499, "fromright": 1400, "toright": 1498, "onewaydir": " "}}, {"type": "Feature", "geometry": {"type": "LineString", "coordinates": [[-95.3671944273311, 29.7412638403343], [-95.3677819766215, 29.7405427880045]]}, "properties": {"centerlineid": 10136211, "roadclass": "LOCAL", "fullname": "CHENEVERT ST", "fromleft": 2601, "toleft": 2699, "fromright": 2600, "toright": 2698, "onewaydir": " "}}, {"type": "Feature", "geometry": {"type": "LineString", "coordinates": [[-95.3738244341859, 29.742480663984], [-95.3743814099217, 29.7417578278534]]}, "properties": {"centerlineid": 10136221, "roadclass": "LOCAL", "fullname": "SAN JACINTO ST", "fromleft": 2901, "toleft": 2999, "fromright": 2900, "toright": 2998, "onewaydir": "FT"}}, {"type": "Feature", "geometry": {"type": "LineString", "coordinates": [[-95.3815224634507, 29.7424407260724], [-95.3817422205459, 29.7421212906555], [-95.3818506200589, 29.7419638511044]]}, "properties": {"centerlineid": 10136346, "roadclass": "LOCAL", "fullname": "SMITH ST", "fromleft": 3401, "toleft": 3407, "fromright": 3400, "toright": 3406, "onewaydir": "FT"}}, {"type": "Feature", "geometry": {"type": "LineString", "coordinates": [[-95.3853142402872, 29.7232240874488], [-95.3852227804023, 29.7231611000808], [-95.3845131478339, 29.7227357994376], [-95.384452241072, 29.7226995007917]]}, "properties": {"centerlineid": 10136420, "roadclass": "MAJOR", "fullname": "BINZ ST", "fromleft": 1501, "toleft": 1599, "fromright": 1500, "toright": 1598, "onewaydir": " "}}, {"type": "Feature", "geometry": {"type": "LineString", "coordinates": [[-95.4013054530931, 29.745069056193], [-95.4012901835469, 29.7437776023207]]}, "properties": {"centerlineid": 10134209, "roadclass": "LOCAL", "fullname": "RALPH ST", "fromleft": 2401, "toleft": 2499, "fromright": 2400, "toright": 2498, "onewaydir": " "}}, {"type": "Feature", "geometry": {"type": "LineString", "coordinates": [[-95.3908555543511, 29.7229854613522], [-95.3910974807057, 29.7228521463437]]}, "properties": {"centerlineid": 10136525, "roadclass": "MAJOR", "fullname": "FANNIN ST", "fromleft": 5901, "toleft": 5925, "fromright": 5900, "toright": 5924, "onewaydir": "FT"}}, {"type": "Feature", "geometry": {"type": "LineString", "coordinates": [[-95.3914331257026, 29.7226442778406], [-95.391517103709, 29.7225813226094], [-95.3916247492508, 29.722486301318], [-95.3916577460255, 29.7224566643832], [-95.3916901488366, 29.7224265318819], [-95.3917219482848, 29.7223959137166], [-95.3917531350106, 29.7223648186627], [-95.3917836996151, 29.7223332566227], [-95.3918136327387, 29.7223012363718], [-95.3918429249826, 29.7222687678126], [-95.391871568239, 29.7222358608824], [-95.3918995530692, 29.7222025266113], [-95.3919268714454, 29.7221687726818], [-95.3924553379558, 29.7215036584207]]}, "properties": {"centerlineid": 10136528, "roadclass": "MAJOR", "fullname": "FANNIN ST", "fromleft": 5951, "toleft": 5999, "fromright": 5950, "toright": 5998, "onewaydir": " "}}, {"type": "Feature", "geometry": {"type": "LineString", "coordinates": [[-95.3870079915296, 29.7242522418675], [-95.3861306569601, 29.7237237617885]]}, "properties": {"centerlineid": 10136569, "roadclass": "MAJOR", "fullname": "BINZ ST", "fromleft": 1301, "toleft": 1399, "fromright": 1300, "toright": 1398, "onewaydir": " "}}, {"type": "Feature", "geometry": {"type": "LineString", "coordinates": [[-95.3839867279697, 29.7264456217716], [-95.3845590219874, 29.7257341833449]]}, "properties": {"centerlineid": 10136650, "roadclass": "LOCAL", "fullname": "AUSTIN ST", "fromleft": 5201, "toleft": 5299, "fromright": 5200, "toright": 5298, "onewaydir": " "}}, {"type": "Feature", "geometry": {"type": "LineString", "coordinates": [[-95.3835790232342, 29.7371213721238], [-95.3844369070357, 29.7371229448465]]}, "properties": {"centerlineid": 10136658, "roadclass": "LOCAL", "fullname": "BRANARD ST", "fromleft": 301, "toleft": 399, "fromright": 300, "toright": 398, "onewaydir": " "}}, {"type": "Feature", "geometry": {"type": "LineString", "coordinates": [[-95.3879322902185, 29.7388268847146], [-95.3879236160521, 29.7379202091571]]}, "properties": {"centerlineid": 10136678, "roadclass": "LOCAL", "fullname": "GREELEY ST", "fromleft": 3801, "toleft": 3899, "fromright": 3800, "toright": 3898, "onewaydir": " "}}, {"type": "Feature", "geometry": {"type": "LineString", "coordinates": [[-95.3853981937592, 29.7353854473467], [-95.3869089509326, 29.7353644265494]]}, "properties": {"centerlineid": 10136724, "roadclass": "LOCAL", "fullname": "COLQUITT ST", "fromleft": 501, "toleft": 599, "fromright": 500, "toright": 598, "onewaydir": " "}}, {"type": "Feature", "geometry": {"type": "LineString", "coordinates": [[-95.3838571437149, 29.7406783179964], [-95.3838343408115, 29.7397740970087]]}, "properties": {"centerlineid": 10136746, "roadclass": "LOCAL", "fullname": "FLORA ST", "fromleft": 3601, "toleft": 3699, "fromright": 3600, "toright": 3698, "onewaydir": " "}}, {"type": "Feature", "geometry": {"type": "LineString", "coordinates": [[-95.3911965271698, 29.7396367179578], [-95.392577436303, 29.7396310191948]]}, "properties": {"centerlineid": 10136789, "roadclass": "LOCAL", "fullname": "MARSHALL ST", "fromleft": 1001, "toleft": 1099, "fromright": 1000, "toright": 1098, "onewaydir": " "}}, {"type": "Feature", "geometry": {"type": "LineString", "coordinates": [[-95.3902964174081, 29.7345060423319], [-95.3911356055021, 29.734481158268]]}, "properties": {"centerlineid": 10136826, "roadclass": "MAJOR", "fullname": "RICHMOND AVE", "fromleft": 905, "toleft": 999, "fromright": 904, "toright": 998, "onewaydir": " "}}, {"type": "Feature", "geometry": {"type": "LineString", "coordinates": [[-95.3877481607005, 29.7293906469478], [-95.3879158944232, 29.729382889953], [-95.3880913485302, 29.729354361124]]}, "properties": {"centerlineid": 10136840, "roadclass": "LOCAL", "fullname": "PORTLAND ST", "fromleft": 101, "toleft": 119, "fromright": 100, "toright": 118, "onewaydir": " "}}, {"type": "Feature", "geometry": {"type": "LineString", "coordinates": [[-95.3883126806235, 29.7289918143197], [-95.3882439712126, 29.7290568549438], [-95.3881371805914, 29.7291978552136], [-95.3880913485302, 29.729354361124]]}, "properties": {"centerlineid": 10136846, "roadclass": "LOCAL", "fullname": "TRAVIS ST", "fromleft": 5101, "toleft": 5199, "fromright": 5100, "toright": 5198, "onewaydir": " "}}, {"type": "Feature", "geometry": {"type": "LineString", "coordinates": [[-95.3946526748056, 29.7344601715244], [-95.3946679358063, 29.734183664012], [-95.3946679497301, 29.7335828888931]]}, "properties": {"centerlineid": 10136877, "roadclass": "LOCAL", "fullname": "GRAUSTARK ST", "fromleft": 4301, "toleft": 4399, "fromright": 4300, "toright": 4398, "onewaydir": " "}}, {"type": "Feature", "geometry": {"type": "LineString", "coordinates": [[-95.392577436303, 29.7396310191948], [-95.3925699093116, 29.7387689872389]]}, "properties": {"centerlineid": 10136910, "roadclass": "LOCAL", "fullname": "YOAKUM BLVD", "fromleft": 3701, "toleft": 3799, "fromright": 3700, "toright": 3798, "onewaydir": " "}}, {"type": "Feature", "geometry": {"type": "LineString", "coordinates": [[-95.3879005969588, 29.7370752937314], [-95.3878855179824, 29.7362093799878]]}, "properties": {"centerlineid": 10136939, "roadclass": "LOCAL", "fullname": "GREELEY ST", "fromleft": 4001, "toleft": 4099, "fromright": 4000, "toright": 4098, "onewaydir": " "}}, {"type": "Feature", "geometry": {"type": "LineString", "coordinates": [[-95.386161214086, 29.7344985194347], [-95.3869089621945, 29.7344775195326]]}, "properties": {"centerlineid": 10136960, "roadclass": "MAJOR", "fullname": "RICHMOND AVE", "fromleft": 511, "toleft": 599, "fromright": 510, "toright": 598, "onewaydir": " "}}, {"type": "Feature", "geometry": {"type": "LineString", "coordinates": [[-95.3910288286394, 29.7261481275921], [-95.3918833248827, 29.7261481206745]]}, "properties": {"centerlineid": 10137038, "roadclass": "MAJOR", "fullname": "BISSONNET ST", "fromleft": 1001, "toleft": 1099, "fromright": 1000, "toright": 1098, "onewaydir": " "}}, {"type": "Feature", "geometry": {"type": "LineString", "coordinates": [[-95.3932411539215, 29.726140358471], [-95.3937141976227, 29.7261346268791]]}, "properties": {"centerlineid": 10137040, "roadclass": "MAJOR", "fullname": "BISSONNET ST", "fromleft": 1127, "toleft": 1199, "fromright": 1126, "toright": 1198, "onewaydir": " "}}, {"type": "Feature", "geometry": {"type": "LineString", "coordinates": [[-95.3865075679755, 29.7396926786883], [-95.3864893111768, 29.7388682620104]]}, "properties": {"centerlineid": 10137071, "roadclass": "LOCAL", "fullname": "AUDUBON PL", "fromleft": 3701, "toleft": 3799, "fromright": 3700, "toright": 3798, "onewaydir": " "}}, {"type": "Feature", "geometry": {"type": "LineString", "coordinates": [[-95.3843381503879, 29.7353968922376], [-95.3844373324017, 29.7352390731881]]}, "properties": {"centerlineid": 10137111, "roadclass": "FRONTAGE", "fullname": "SOUTHWEST FWY", "fromleft": 401, "toleft": 499, "fromright": 400, "toright": 498, "onewaydir": "FT"}}, {"type": "Feature", "geometry": {"type": "LineString", "coordinates": [[-95.3769829955669, 29.7321848423381], [-95.3769830248432, 29.7321389758901], [-95.3770058336282, 29.7320970294118], [-95.3773873007845, 29.7316164901362]]}, "properties": {"centerlineid": 10137165, "roadclass": "MAJOR", "fullname": "CRAWFORD ST", "fromleft": 4201, "toleft": 4299, "fromright": 4200, "toright": 4298, "onewaydir": " "}}, {"type": "Feature", "geometry": {"type": "LineString", "coordinates": [[-95.3692315639618, 29.7323240420385], [-95.3692009388082, 29.7322859507609], [-95.3691781270614, 29.7322649573912], [-95.3683923144925, 29.7317862453727]]}, "properties": {"centerlineid": 10137185, "roadclass": "LOCAL", "fullname": "WINBERN ST", "fromleft": 2201, "toleft": 2299, "fromright": 2200, "toright": 2298, "onewaydir": " "}}, {"type": "Feature", "geometry": {"type": "LineString", "coordinates": [[-95.3657678880424, 29.7393202422971], [-95.3652262232885, 29.7389939689478]]}, "properties": {"centerlineid": 10137255, "roadclass": "LOCAL", "fullname": "DENNIS ST", "fromleft": 2001, "toleft": 2099, "fromright": 2000, "toright": 2098, "onewaydir": " "}}, {"type": "Feature", "geometry": {"type": "LineString", "coordinates": [[-95.370787918545, 29.7368044405245], [-95.3699639842634, 29.7363008438464]]}, "properties": {"centerlineid": 10137293, "roadclass": "LOCAL", "fullname": "STUART ST", "fromleft": 1801, "toleft": 1899, "fromright": 1800, "toright": 1898, "onewaydir": " "}}, {"type": "Feature", "geometry": {"type": "LineString", "coordinates": [[-95.3774331937645, 29.7363485455426], [-95.3771431850175, 29.736178774821]]}, "properties": {"centerlineid": 10137299, "roadclass": "MAJOR", "fullname": "ALABAMA ST", "fromleft": 1301, "toleft": 1309, "fromright": 1300, "toright": 1308, "onewaydir": " "}}, {"type": "Feature", "geometry": {"type": "LineString", "coordinates": [[-95.3743930070944, 29.7290085375588], [-95.3749000423877, 29.72836677817]]}, "properties": {"centerlineid": 10137442, "roadclass": "LOCAL", "fullname": "CHARTRES ST", "fromleft": 4401, "toleft": 4499, "fromright": 4400, "toright": 4498, "onewaydir": " "}}, {"type": "Feature", "geometry": {"type": "LineString", "coordinates": [[-95.3723367166419, 29.7360471204785], [-95.3722374608706, 29.7359843783397], [-95.3722221752955, 29.7359766153029], [-95.3716805096168, 29.7356427862545]]}, "properties": {"centerlineid": 10137453, "roadclass": "LOCAL", "fullname": "HOLMAN ST", "fromleft": 1707, "toleft": 1899, "fromright": 1706, "toright": 1898, "onewaydir": " "}}, {"type": "Feature", "geometry": {"type": "LineString", "coordinates": [[-95.3776545316294, 29.7281756257145], [-95.3782189969395, 29.7274564639986]]}, "properties": {"centerlineid": 10137484, "roadclass": "LOCAL", "fullname": "CHENEVERT ST", "fromleft": 4701, "toleft": 4799, "fromright": 4700, "toright": 4798, "onewaydir": " "}}, {"type": "Feature", "geometry": {"type": "LineString", "coordinates": [[-95.3729089773696, 29.7372642191427], [-95.3733666836039, 29.7366748089823]]}, "properties": {"centerlineid": 10137588, "roadclass": "MAJOR", "fullname": "CRAWFORD ST", "fromleft": 3401, "toleft": 3499, "fromright": 3400, "toright": 3498, "onewaydir": "FT"}}, {"type": "Feature", "geometry": {"type": "LineString", "coordinates": [[-95.3799736629289, 29.7395796797432], [-95.3804238244329, 29.7390113024219]]}, "properties": {"centerlineid": 10137617, "roadclass": "LOCAL", "fullname": "TRAVIS ST", "fromleft": 3601, "toleft": 3699, "fromright": 3600, "toright": 3698, "onewaydir": "FT"}}, {"type": "Feature", "geometry": {"type": "LineString", "coordinates": [[-95.3782724064203, 29.7368806510443], [-95.3788368898374, 29.7361577674929]]}, "properties": {"centerlineid": 10137620, "roadclass": "LOCAL", "fullname": "SAN JACINTO ST", "fromleft": 3801, "toleft": 3899, "fromright": 3800, "toright": 3898, "onewaydir": "FT"}}, {"type": "Feature", "geometry": {"type": "LineString", "coordinates": [[-95.3795540708957, 29.7384828499465], [-95.3799743325633, 29.7379758606299], [-95.3799889207452, 29.737958297945]]}, "properties": {"centerlineid": 10137626, "roadclass": "MAJOR", "fullname": "MAIN ST", "fromleft": 3701, "toleft": 3799, "fromright": 3700, "toright": 3798, "onewaydir": " "}}, {"type": "Feature", "geometry": {"type": "LineString", "coordinates": [[-95.3771051011195, 29.7351392341461], [-95.3762583477184, 29.7346338496722]]}, "properties": {"centerlineid": 10137638, "roadclass": "LOCAL", "fullname": "TRUXILLO ST", "fromleft": 1401, "toleft": 1499, "fromright": 1400, "toright": 1498, "onewaydir": " "}}, {"type": "Feature", "geometry": {"type": "LineString", "coordinates": [[-95.3815077351944, 29.7360135964585], [-95.3806213528302, 29.7354784789327]]}, "properties": {"centerlineid": 10137651, "roadclass": "LOCAL", "fullname": "CLEBURNE ST", "fromleft": 1001, "toleft": 1099, "fromright": 1000, "toright": 1098, "onewaydir": " "}}, {"type": "Feature", "geometry": {"type": "LineString", "coordinates": [[-95.3891667025198, 29.7318256415687], [-95.3910897280539, 29.7317803037627], [-95.3929950081061, 29.7316117008575], [-95.3946996097428, 29.7314741468935], [-95.3951031929618, 29.7314443847698], [-95.3972542621046, 29.7312598384274], [-95.3979944795895, 29.731208293952], [-95.399497460463, 29.7311338939899], [-95.4021085565053, 29.7309839587045], [-95.4021243677107, 29.7309830507712], [-95.4040825688544, 29.7308705871153], [-95.4044342505061, 29.7308579789182], [-95.4059975951975, 29.7308019188643], [-95.4070015895131, 29.7307893681901], [-95.4074590912647, 29.7307836468241]]}, "properties": {"centerlineid": 10125972, "roadclass": "FREEWAY", "fullname": "S US 59", "fromleft": 801, "toleft": 1915, "fromright": 0, "toright": 0, "onewaydir": "TF"}}, {"type": "Feature", "geometry": {"type": "LineString", "coordinates": [[-95.3993141877008, 29.7428012324455], [-95.3993753845923, 29.7427362179959], [-95.399360050421, 29.742000132171]]}, "properties": {"centerlineid": 10134072, "roadclass": "LOCAL", "fullname": "MANDELL ST", "fromleft": 3001, "toleft": 3399, "fromright": 3000, "toright": 3398, "onewaydir": " "}}, {"type": "Feature", "geometry": {"type": "LineString", "coordinates": [[-95.4020990448605, 29.7296288490815], [-95.4021218647051, 29.7296286258806], [-95.404433462407, 29.7296021703983]]}, "properties": {"centerlineid": 10132198, "roadclass": "LOCAL", "fullname": "BANKS ST", "fromleft": 1701, "toleft": 1799, "fromright": 1700, "toright": 1798, "onewaydir": " "}}, {"type": "Feature", "geometry": {"type": "LineString", "coordinates": [[-95.3683923144925, 29.7317862453727], [-95.3688500338698, 29.7312235530899]]}, "properties": {"centerlineid": 10137677, "roadclass": "LOCAL", "fullname": "BASTROP ST", "fromleft": 3701, "toleft": 3799, "fromright": 3700, "toright": 3798, "onewaydir": " "}}, {"type": "Feature", "geometry": {"type": "LineString", "coordinates": [[-95.3716424271552, 29.7341476004439], [-95.3716545987404, 29.73393187693], [-95.3716577077667, 29.7338767678434], [-95.3716424276611, 29.7335045839913]]}, "properties": {"centerlineid": 10137774, "roadclass": "RAMP", "fullname": "BERRY/HAMILTON SB 288 ENT RAMP", "fromleft": 0, "toleft": 0, "fromright": 0, "toright": 0, "onewaydir": "FT"}}, {"type": "Feature", "geometry": {"type": "LineString", "coordinates": [[-95.3729851857072, 29.7419638814563], [-95.3735421634447, 29.7412485376816]]}, "properties": {"centerlineid": 10135600, "roadclass": "LOCAL", "fullname": "CAROLINE ST", "fromleft": 2901, "toleft": 2999, "fromright": 2900, "toright": 2998, "onewaydir": "FT"}}, {"type": "Feature", "geometry": {"type": "LineString", "coordinates": [[-95.3697731950952, 29.7428049136487], [-95.3694757084913, 29.7426218993586], [-95.3689111919575, 29.7422823702857]]}, "properties": {"centerlineid": 10135700, "roadclass": "LOCAL", "fullname": "MCGOWEN ST", "fromleft": 1501, "toleft": 1599, "fromright": 1500, "toright": 1598, "onewaydir": " "}}, {"type": "Feature", "geometry": {"type": "LineString", "coordinates": [[-95.3689111919575, 29.7422823702857], [-95.369483222109, 29.7415688926586]]}, "properties": {"centerlineid": 10136193, "roadclass": "MAJOR", "fullname": "CRAWFORD ST", "fromleft": 2601, "toleft": 2699, "fromright": 2600, "toright": 2698, "onewaydir": "TF"}}, {"type": "Feature", "geometry": {"type": "LineString", "coordinates": [[-95.3854744048596, 29.7415727693223], [-95.3854593824882, 29.7406591770449]]}, "properties": {"centerlineid": 10134231, "roadclass": "LOCAL", "fullname": "GARROTT ST", "fromleft": 3501, "toleft": 3599, "fromright": 3500, "toright": 3598, "onewaydir": " "}}, {"type": "Feature", "geometry": {"type": "LineString", "coordinates": [[-95.384635198931, 29.7240594093369], [-95.3853142402872, 29.7232240874488]]}, "properties": {"centerlineid": 10136487, "roadclass": "LOCAL", "fullname": "LA BRANCH ST", "fromleft": 5501, "toleft": 5599, "fromright": 5500, "toright": 5598, "onewaydir": " "}}, {"type": "Feature", "geometry": {"type": "LineString", "coordinates": [[-95.3843682691345, 29.7275785365849], [-95.3842614640712, 29.7274927115081], [-95.3835137407182, 29.727048237733]]}, "properties": {"centerlineid": 10136613, "roadclass": "LOCAL", "fullname": "PALM ST", "fromleft": 1301, "toleft": 1399, "fromright": 1300, "toright": 1398, "onewaydir": " "}}, {"type": "Feature", "geometry": {"type": "LineString", "coordinates": [[-95.3837807289133, 29.729938059962], [-95.3829186809207, 29.729413463263]]}, "properties": {"centerlineid": 10136630, "roadclass": "LOCAL", "fullname": "ARBOR PL", "fromleft": 1201, "toleft": 1299, "fromright": 1200, "toright": 1298, "onewaydir": " "}}, {"type": "Feature", "geometry": {"type": "LineString", "coordinates": [[-95.3868858888355, 29.7328848769924], [-95.3868021626057, 29.7329478836337], [-95.3865121807485, 29.7332166557499], [-95.3860882023966, 29.7337576875912], [-95.3857852654451, 29.7341662206406], [-95.3854740791617, 29.7345267812145], [-95.3850933780533, 29.7350243687289], [-95.3847916625101, 29.7353982081066], [-95.3844264767772, 29.7358788491392], [-95.3841342322211, 29.7362659629572], [-95.3836231469818, 29.7369336538631]]}, "properties": {"centerlineid": 10136636, "roadclass": "HIGHWAY", "fullname": "SPUR 527", "fromleft": 0, "toleft": 0, "fromright": 4000, "toright": 4498, "onewaydir": "TF"}}, {"type": "Feature", "geometry": {"type": "LineString", "coordinates": [[-95.3844369070357, 29.7371229448465], [-95.3848106698122, 29.7371211229986], [-95.3854210491796, 29.7371190791508]]}, "properties": {"centerlineid": 10136706, "roadclass": "LOCAL", "fullname": "BRANARD ST", "fromleft": 401, "toleft": 499, "fromright": 400, "toright": 498, "onewaydir": " "}}, {"type": "Feature", "geometry": {"type": "LineString", "coordinates": [[-95.3825296584351, 29.7354121226462], [-95.3834473448927, 29.7354042375058]]}, "properties": {"centerlineid": 10136723, "roadclass": "LOCAL", "fullname": "COLQUITT ST", "fromleft": 201, "toleft": 299, "fromright": 200, "toright": 298, "onewaydir": " "}}, {"type": "Feature", "geometry": {"type": "LineString", "coordinates": [[-95.3848565169706, 29.7269738641326], [-95.3845971161268, 29.7268175872288], [-95.3839867279697, 29.7264456217716]]}, "properties": {"centerlineid": 10136728, "roadclass": "MAJOR", "fullname": "SOUTHMORE BLVD", "fromleft": 1301, "toleft": 1399, "fromright": 1300, "toright": 1398, "onewaydir": " "}}, {"type": "Feature", "geometry": {"type": "LineString", "coordinates": [[-95.3881219163124, 29.7301516152341], [-95.3881331002705, 29.7301367977555], [-95.3885492821627, 29.7295832479199]]}, "properties": {"centerlineid": 10136752, "roadclass": "LOCAL", "fullname": "MILAM ST", "fromleft": 5001, "toleft": 5099, "fromright": 5000, "toright": 5098, "onewaydir": " "}}, {"type": "Feature", "geometry": {"type": "LineString", "coordinates": [[-95.3861000910991, 29.728591397379], [-95.3865808127488, 29.7279944720538]]}, "properties": {"centerlineid": 10136810, "roadclass": "MAJOR", "fullname": "FANNIN ST", "fromleft": 5101, "toleft": 5199, "fromright": 5100, "toright": 5198, "onewaydir": "FT"}}, {"type": "Feature", "geometry": {"type": "LineString", "coordinates": [[-95.3865808127488, 29.7279944720538], [-95.3857263459779, 29.727483121264]]}, "properties": {"centerlineid": 10136931, "roadclass": "MAJOR", "fullname": "SOUTHMORE BLVD", "fromleft": 1101, "toleft": 1199, "fromright": 1100, "toright": 1198, "onewaydir": " "}}, {"type": "Feature", "geometry": {"type": "LineString", "coordinates": [[-95.3979113719259, 29.7361043498525], [-95.3979695430054, 29.7361057684213], [-95.3980248338071, 29.7361101075881], [-95.3992760843878, 29.7360948090127]]}, "properties": {"centerlineid": 10136949, "roadclass": "LOCAL", "fullname": "W MAIN ST", "fromleft": 1501, "toleft": 1599, "fromright": 1500, "toright": 1598, "onewaydir": " "}}, {"type": "Feature", "geometry": {"type": "LineString", "coordinates": [[-95.3857569319174, 29.7345270592508], [-95.386161214086, 29.7344985194347]]}, "properties": {"centerlineid": 10136959, "roadclass": "MAJOR", "fullname": "RICHMOND AVE", "fromleft": 501, "toleft": 509, "fromright": 500, "toright": 508, "onewaydir": " "}}, {"type": "Feature", "geometry": {"type": "LineString", "coordinates": [[-95.3947060451204, 29.7361310774849], [-95.3946984927193, 29.7356389052148], [-95.3946985017902, 29.7352765800949]]}, "properties": {"centerlineid": 10137020, "roadclass": "LOCAL", "fullname": "GRAUSTARK ST", "fromleft": 4101, "toleft": 4199, "fromright": 4100, "toright": 4198, "onewaydir": " "}}, {"type": "Feature", "geometry": {"type": "LineString", "coordinates": [[-95.3872140112562, 29.7256196526991], [-95.3878396449107, 29.7248263261208], [-95.3878777473282, 29.7247767878797]]}, "properties": {"centerlineid": 10137028, "roadclass": "LOCAL", "fullname": "SAN JACINTO ST", "fromleft": 5501, "toleft": 5599, "fromright": 5500, "toright": 5598, "onewaydir": "TF"}}, {"type": "Feature", "geometry": {"type": "LineString", "coordinates": [[-95.3906928225738, 29.7244042227766], [-95.3906786322842, 29.7243830118], [-95.3906749635161, 29.7243774166448], [-95.3906714053108, 29.7243717657932], [-95.3906679614631, 29.7243660616045], [-95.3906646305617, 29.7243603074256], [-95.3906614151899, 29.7243545033262], [-95.3906583153078, 29.7243486504337], [-95.3906553333786, 29.7243427521994], [-95.3906524680711, 29.7243368097159], [-95.3906497219283, 29.7243308241801], [-95.3906470948308, 29.724324798974], [-95.3906445880699, 29.7243187341323], [-95.3906422015659, 29.7243126319096], [-95.3906399377823, 29.7243064957574], [-95.3906377967589, 29.7243003245485], [-95.3906357770447, 29.7242941227572], [-95.3906338824743, 29.7242878916151], [-95.3906321117164, 29.724281632215], [-95.3906304659827, 29.724275346846], [-95.3906289439019, 29.7242690377281], [-95.3906275493087, 29.724262706093], [-95.3906262795005, 29.7242563552529], [-95.3906251370602, 29.7242499852774], [-95.3906241218682, 29.7242435995484], [-95.3906232325932, 29.7242371991584], [-95.3906224717781, 29.7242307853044], [-95.3906218379722, 29.7242243624607], [-95.3906213325066, 29.7242179295348], [-95.3906209539303, 29.7242114910012], [-95.3906207048265, 29.7242050469293], [-95.3906205837839, 29.7241986006664], [-95.390620589471, 29.7241921533049], [-95.3906207243913, 29.724185707169], [-95.3906209884648, 29.7241792645132], [-95.3906213791086, 29.7241728252681], [-95.3906218987461, 29.7241663940123], [-95.3906225447545, 29.7241599718036], [-95.3906233196769, 29.7241535598389], [-95.3906242208106, 29.7241471614304], [-95.3906252507386, 29.7241407766478], [-95.3906264067581, 29.7241344088034], [-95.3906276888295, 29.7241280590244], [-95.3906290968727, 29.7241217295655], [-95.3906306308081, 29.7241154226811], [-95.390632290556, 29.7241091406259], [-95.3906340734933, 29.7241028844577], [-95.3906359821633, 29.7240966553732], [-95.3906380138632, 29.7240904566848], [-95.3906401672616, 29.724084289485], [-95.3906424448617, 29.7240781560979], [-95.3906448427094, 29.7240720586738], [-95.390647362096, 29.7240659972475], [-95.3906500015705, 29.7240599762932], [-95.3906527611329, 29.7240539958111], [-95.3906556381602, 29.7240480568587], [-95.3906586324931, 29.7240421639453], [-95.3906617441711, 29.7240363159436], [-95.3906649717435, 29.7240305173279], [-95.3906683139584, 29.7240247669362], [-95.3906717706565, 29.7240190692776], [-95.3907235171766, 29.7239355186906]]}, "properties": {"centerlineid": 10137032, "roadclass": "MAJOR", "fullname": "MAIN ST", "fromleft": 0, "toleft": 0, "fromright": 5732, "toright": 5798, "onewaydir": "FT"}}, {"type": "Feature", "geometry": {"type": "LineString", "coordinates": [[-95.40078682814, 29.7257054703256], [-95.4020837650689, 29.7256922137596]]}, "properties": {"centerlineid": 10137045, "roadclass": "MAJOR", "fullname": "BISSONNET ST", "fromleft": 1633, "toleft": 1699, "fromright": 1632, "toright": 1698, "onewaydir": " "}}, {"type": "Feature", "geometry": {"type": "LineString", "coordinates": [[-95.3902658199269, 29.7249615993423], [-95.3906928225738, 29.7244042227766]]}, "properties": {"centerlineid": 10137052, "roadclass": "MAJOR", "fullname": "MAIN ST", "fromleft": 5701, "toleft": 5731, "fromright": 5700, "toright": 5730, "onewaydir": " "}}, {"type": "Feature", "geometry": {"type": "LineString", "coordinates": [[-95.3668815847708, 29.7337088025462], [-95.3660654136393, 29.7331919936088]]}, "properties": {"centerlineid": 10137178, "roadclass": "LOCAL", "fullname": "FRANCIS ST", "fromleft": 2301, "toleft": 2399, "fromright": 2300, "toright": 2398, "onewaydir": " "}}, {"type": "Feature", "geometry": {"type": "LineString", "coordinates": [[-95.3822321041427, 29.7271132701439], [-95.3826897958707, 29.7265485300238]]}, "properties": {"centerlineid": 10137242, "roadclass": "LOCAL", "fullname": "LA BRANCH ST", "fromleft": 5001, "toleft": 5099, "fromright": 5000, "toright": 5098, "onewaydir": " "}}, {"type": "Feature", "geometry": {"type": "LineString", "coordinates": [[-95.3793176817224, 29.7291711830563], [-95.3784478482083, 29.7286504862552]]}, "properties": {"centerlineid": 10137357, "roadclass": "MAJOR", "fullname": "BLODGETT ST", "fromleft": 1601, "toleft": 1699, "fromright": 1600, "toright": 1698, "onewaydir": " "}}, {"type": "Feature", "geometry": {"type": "LineString", "coordinates": [[-95.3811868202015, 29.7347636814311], [-95.381697966058, 29.7341475911787], [-95.3821252939816, 29.7336058980405]]}, "properties": {"centerlineid": 10137378, "roadclass": "MAJOR", "fullname": "FANNIN ST", "fromleft": 4201, "toleft": 4399, "fromright": 4200, "toright": 4398, "onewaydir": "FT"}}, {"type": "Feature", "geometry": {"type": "LineString", "coordinates": [[-95.3771431850175, 29.736178774821], [-95.3767160406921, 29.7359157005362], [-95.3765709065549, 29.7358239955617]]}, "properties": {"centerlineid": 10137452, "roadclass": "MAJOR", "fullname": "ALABAMA ST", "fromleft": 1311, "toleft": 1399, "fromright": 1310, "toright": 1398, "onewaydir": " "}}, {"type": "Feature", "geometry": {"type": "LineString", "coordinates": [[-95.3773491999617, 29.7380041656016], [-95.377814666137, 29.7374433282244]]}, "properties": {"centerlineid": 10137619, "roadclass": "LOCAL", "fullname": "SAN JACINTO ST", "fromleft": 3601, "toleft": 3699, "fromright": 3600, "toright": 3698, "onewaydir": "FT"}}, {"type": "Feature", "geometry": {"type": "LineString", "coordinates": [[-95.3774331937645, 29.7363485455426], [-95.3776586990796, 29.7360607217156]]}, "properties": {"centerlineid": 10137301, "roadclass": "LOCAL", "fullname": "CAROLINE ST", "fromleft": 3801, "toleft": 3807, "fromright": 3800, "toright": 3806, "onewaydir": "FT"}}, {"type": "Feature", "geometry": {"type": "LineString", "coordinates": [[-95.3776586990796, 29.7360607217156], [-95.3777623656524, 29.7359179829118], [-95.3779748871546, 29.7356505853343]]}, "properties": {"centerlineid": 10137454, "roadclass": "LOCAL", "fullname": "CAROLINE ST", "fromleft": 3809, "toleft": 3899, "fromright": 3808, "toright": 3898, "onewaydir": "FT"}}, {"type": "Feature", "geometry": {"type": "LineString", "coordinates": [[-95.3797525614687, 29.7324995176854], [-95.3802355926278, 29.7324680441597], [-95.3804802071366, 29.7324521055655], [-95.3815071842777, 29.7323851833644], [-95.3818838215668, 29.7323505275497], [-95.3823998218314, 29.7323030461363], [-95.3831303997023, 29.7322207498359], [-95.3832952084035, 29.7322047659097], [-95.3835671414307, 29.7321734269528], [-95.3842961160843, 29.7321105567455], [-95.384644592224, 29.7320897748495], [-95.3854974615361, 29.7320475025394], [-95.3862101175552, 29.7320216548382], [-95.3869698758368, 29.731994096013], [-95.3879913881058, 29.7319388880252], [-95.3887413186548, 29.7318666302756], [-95.3891667025198, 29.7318256415687]]}, "properties": {"centerlineid": 10125974, "roadclass": "FREEWAY", "fullname": "S US 59", "fromleft": 501, "toleft": 799, "fromright": 0, "toright": 0, "onewaydir": "TF"}}, {"type": "Feature", "geometry": {"type": "LineString", "coordinates": [[-95.3665537133793, 29.7325643146081], [-95.3670267150042, 29.731955989272], [-95.3670723394191, 29.731900567466]]}, "properties": {"centerlineid": 10137675, "roadclass": "MAJOR", "fullname": "EMANCIPATION AVE", "fromleft": 3501, "toleft": 3599, "fromright": 3500, "toright": 3598, "onewaydir": " "}}, {"type": "Feature", "geometry": {"type": "LineString", "coordinates": [[-95.3664316479445, 29.7342618859344], [-95.3668512422603, 29.7337451020536], [-95.3668815847708, 29.7337088025462]]}, "properties": {"centerlineid": 10137683, "roadclass": "LOCAL", "fullname": "BASTROP ST", "fromleft": 3301, "toleft": 3399, "fromright": 3300, "toright": 3398, "onewaydir": " "}}, {"type": "Feature", "geometry": {"type": "LineString", "coordinates": [[-95.3719858309482, 29.7348359701905], [-95.3719018198116, 29.7347253067142], [-95.3718559940157, 29.734673968049], [-95.3717950719248, 29.734590025732], [-95.3717188326579, 29.734445152696], [-95.3716957986699, 29.7343344660925], [-95.3716424271552, 29.7341476004439]]}, "properties": {"centerlineid": 10137772, "roadclass": "RAMP", "fullname": "BERRY SB 288 ENT RAMP", "fromleft": 0, "toleft": 0, "fromright": 0, "toright": 0, "onewaydir": "FT"}}, {"type": "Feature", "geometry": {"type": "LineString", "coordinates": [[-95.3760064185918, 29.7418951567118], [-95.3757013532866, 29.7417197191199]]}, "properties": {"centerlineid": 10135731, "roadclass": "LOCAL", "fullname": "ROSALIE ST", "fromleft": 1023, "toleft": 1099, "fromright": 1022, "toright": 1098, "onewaydir": " "}}, {"type": "Feature", "geometry": {"type": "LineString", "coordinates": [[-95.3690788798783, 29.7404912341494], [-95.3682168580438, 29.7399669178227]]}, "properties": {"centerlineid": 10135871, "roadclass": "LOCAL", "fullname": "DREW ST", "fromleft": 1701, "toleft": 1799, "fromright": 1700, "toright": 1798, "onewaydir": " "}}, {"type": "Feature", "geometry": {"type": "LineString", "coordinates": [[-95.3680719581102, 29.7417674161982], [-95.3671944273311, 29.7412638403343]]}, "properties": {"centerlineid": 10135916, "roadclass": "LOCAL", "fullname": "MCGOWEN ST", "fromleft": 1701, "toleft": 1799, "fromright": 1700, "toright": 1798, "onewaydir": " "}}, {"type": "Feature", "geometry": {"type": "LineString", "coordinates": [[-95.3743814099217, 29.7417578278534], [-95.3748544044405, 29.7411990174626]]}, "properties": {"centerlineid": 10136234, "roadclass": "LOCAL", "fullname": "SAN JACINTO ST", "fromleft": 3001, "toleft": 3099, "fromright": 3000, "toright": 3098, "onewaydir": "FT"}}, {"type": "Feature", "geometry": {"type": "LineString", "coordinates": [[-95.3811334543024, 29.7413343546529], [-95.3816979545729, 29.7406381608675]]}, "properties": {"centerlineid": 10136354, "roadclass": "MAJOR", "fullname": "LOUISIANA ST", "fromleft": 3501, "toleft": 3599, "fromright": 3500, "toright": 3598, "onewaydir": "FT"}}, {"type": "Feature", "geometry": {"type": "LineString", "coordinates": [[-95.3787912526034, 29.7426866929953], [-95.3793482356267, 29.741979140327]]}, "properties": {"centerlineid": 10136356, "roadclass": "LOCAL", "fullname": "MILAM ST", "fromleft": 3201, "toleft": 3299, "fromright": 3200, "toright": 3298, "onewaydir": "FT"}}, {"type": "Feature", "geometry": {"type": "LineString", "coordinates": [[-95.3946907694755, 29.7232088067034], [-95.3945917464795, 29.7231439940767], [-95.3945887902583, 29.7231412413941], [-95.3945611495641, 29.7231154938224], [-95.3945458717724, 29.723041072754]]}, "properties": {"centerlineid": 10136441, "roadclass": "PRIVATE", "fullname": "LONGFELLOW LN", "fromleft": 97, "toleft": 99, "fromright": 96, "toright": 98, "onewaydir": " "}}, {"type": "Feature", "geometry": {"type": "LineString", "coordinates": [[-95.3899301732658, 29.7434611371432], [-95.3899224090723, 29.7423834873807]]}, "properties": {"centerlineid": 10134210, "roadclass": "LOCAL", "fullname": "ROSELAND ST", "fromleft": 3301, "toleft": 3399, "fromright": 3300, "toright": 3398, "onewaydir": " "}}, {"type": "Feature", "geometry": {"type": "LineString", "coordinates": [[-95.3947900205295, 29.7423243548237], [-95.3947824692399, 29.7412980696489]]}, "properties": {"centerlineid": 10134226, "roadclass": "LOCAL", "fullname": "GRAUSTARK ST", "fromleft": 3401, "toleft": 3499, "fromright": 3400, "toright": 3498, "onewaydir": " "}}, {"type": "Feature", "geometry": {"type": "LineString", "coordinates": [[-95.3880913485302, 29.729354361124], [-95.3882287094288, 29.7293810914867], [-95.3882745617019, 29.7294077714127], [-95.3883562290801, 29.7294600267293], [-95.3885492821627, 29.7295832479199]]}, "properties": {"centerlineid": 10136592, "roadclass": "LOCAL", "fullname": "PORTLAND ST", "fromleft": 121, "toleft": 199, "fromright": 120, "toright": 198, "onewaydir": " "}}, {"type": "Feature", "geometry": {"type": "LineString", "coordinates": [[-95.3854310022039, 29.7379986246965], [-95.3854210491796, 29.7371190791508]]}, "properties": {"centerlineid": 10136675, "roadclass": "LOCAL", "fullname": "GARROTT ST", "fromleft": 3901, "toleft": 3999, "fromright": 3900, "toright": 3998, "onewaydir": " "}}, {"type": "Feature", "geometry": {"type": "LineString", "coordinates": [[-95.3957207303172, 29.7387251724354], [-95.3974069295982, 29.7387213130196], [-95.3974983979845, 29.7387213072502]]}, "properties": {"centerlineid": 10136704, "roadclass": "MAJOR", "fullname": "W ALABAMA ST", "fromleft": 1401, "toleft": 1499, "fromright": 1400, "toright": 1498, "onewaydir": " "}}, {"type": "Feature", "geometry": {"type": "LineString", "coordinates": [[-95.3853981937592, 29.7353854473467], [-95.3853907128081, 29.7349751914297]]}, "properties": {"centerlineid": 10136718, "roadclass": "LOCAL", "fullname": "GARROTT ST", "fromleft": 4201, "toleft": 4299, "fromright": 4200, "toright": 4298, "onewaydir": " "}}, {"type": "Feature", "geometry": {"type": "LineString", "coordinates": [[-95.3872217719478, 29.7424080967922], [-95.3889458641029, 29.7423987563229]]}, "properties": {"centerlineid": 10134475, "roadclass": "LOCAL", "fullname": "HAWTHORNE ST", "fromleft": 619, "toleft": 799, "fromright": 618, "toright": 798, "onewaydir": " "}}, {"type": "Feature", "geometry": {"type": "LineString", "coordinates": [[-95.3838799424719, 29.7424368824973], [-95.384917664581, 29.7424311625928], [-95.3854821917439, 29.7424272755257]]}, "properties": {"centerlineid": 10134493, "roadclass": "LOCAL", "fullname": "HAWTHORNE ST", "fromleft": 401, "toleft": 499, "fromright": 400, "toright": 498, "onewaydir": " "}}, {"type": "Feature", "geometry": {"type": "LineString", "coordinates": [[-95.3918833248827, 29.7261481206745], [-95.3918755810506, 29.7260716692141], [-95.3918680473126, 29.7253623033696]]}, "properties": {"centerlineid": 10136817, "roadclass": "LOCAL", "fullname": "BAYARD LN", "fromleft": 5301, "toleft": 5399, "fromright": 5300, "toright": 5398, "onewaydir": " "}}, {"type": "Feature", "geometry": {"type": "LineString", "coordinates": [[-95.3936838466474, 29.7335942642108], [-95.3936685416971, 29.7326941559702]]}, "properties": {"centerlineid": 10136880, "roadclass": "LOCAL", "fullname": "MT VERNON ST", "fromleft": 4401, "toleft": 4499, "fromright": 4400, "toright": 4498, "onewaydir": " "}}, {"type": "Feature", "geometry": {"type": "LineString", "coordinates": [[-95.3902811231639, 29.7325759391125], [-95.3902834677141, 29.7322594315706]]}, "properties": {"centerlineid": 10136886, "roadclass": "LOCAL", "fullname": "KYLE ST", "fromleft": 4501, "toleft": 4599, "fromright": 4500, "toright": 4598, "onewaydir": " "}}, {"type": "Feature", "geometry": {"type": "LineString", "coordinates": [[-95.3947137898699, 29.7309278736602], [-95.3946907522477, 29.7308648740437], [-95.394683242572, 29.7301210399327]]}, "properties": {"centerlineid": 10136918, "roadclass": "LOCAL", "fullname": "GRAUSTARK ST", "fromleft": 4701, "toleft": 4799, "fromright": 4700, "toright": 4798, "onewaydir": " "}}, {"type": "Feature", "geometry": {"type": "LineString", "coordinates": [[-95.3928446124725, 29.7301363405837], [-95.3928293158796, 29.729337267857]]}, "properties": {"centerlineid": 10136921, "roadclass": "LOCAL", "fullname": "YOAKUM BLVD", "fromleft": 4801, "toleft": 4899, "fromright": 4800, "toright": 4898, "onewaydir": " "}}, {"type": "Feature", "geometry": {"type": "LineString", "coordinates": [[-95.3888696197197, 29.7370467599689], [-95.388854367251, 29.7362036360417]]}, "properties": {"centerlineid": 10136944, "roadclass": "LOCAL", "fullname": "STANFORD ST", "fromleft": 4001, "toleft": 4099, "fromright": 4000, "toright": 4098, "onewaydir": " "}}, {"type": "Feature", "geometry": {"type": "LineString", "coordinates": [[-95.3898081217688, 29.7325796136624], [-95.3902811231639, 29.7325759391125]]}, "properties": {"centerlineid": 10136970, "roadclass": "LOCAL", "fullname": "WOODROW ST", "fromleft": 901, "toleft": 909, "fromright": 900, "toright": 908, "onewaydir": " "}}, {"type": "Feature", "geometry": {"type": "LineString", "coordinates": [[-95.3871378088616, 29.7272887499623], [-95.3863901055616, 29.7268403843717], [-95.3862833028809, 29.7267831245879]]}, "properties": {"centerlineid": 10137006, "roadclass": "LOCAL", "fullname": "OAKDALE ST", "fromleft": 1101, "toleft": 1199, "fromright": 1100, "toright": 1198, "onewaydir": " "}}, {"type": "Feature", "geometry": {"type": "LineString", "coordinates": [[-95.3887169967231, 29.7252765038792], [-95.3890832240534, 29.7248071507239], [-95.3893654525246, 29.7244372663843]]}, "properties": {"centerlineid": 10137025, "roadclass": "MAJOR", "fullname": "FANNIN ST", "fromleft": 5601, "toleft": 5699, "fromright": 5600, "toright": 5698, "onewaydir": "FT"}}, {"type": "Feature", "geometry": {"type": "LineString", "coordinates": [[-95.3923332902618, 29.7261499146278], [-95.3923325207329, 29.7260690371351], [-95.3923298917675, 29.7257929759397], [-95.3923283414332, 29.7256302603894], [-95.3923257688301, 29.7253602115091]]}, "properties": {"centerlineid": 10137062, "roadclass": "LOCAL", "fullname": "W 11TH PL", "fromleft": 1, "toleft": 99, "fromright": 2, "toright": 98, "onewaydir": " "}}, {"type": "Feature", "geometry": {"type": "LineString", "coordinates": [[-95.3865075679755, 29.7396926786883], [-95.3889001845076, 29.7396636411392]]}, "properties": {"centerlineid": 10137094, "roadclass": "LOCAL", "fullname": "MARSHALL ST", "fromleft": 601, "toleft": 799, "fromright": 600, "toright": 798, "onewaydir": " "}}, {"type": "Feature", "geometry": {"type": "LineString", "coordinates": [[-95.3834891358782, 29.7364659116963], [-95.3840173292143, 29.7358050312562], [-95.3841546556864, 29.7356314123821], [-95.3843381503879, 29.7353968922376]]}, "properties": {"centerlineid": 10137113, "roadclass": "FRONTAGE", "fullname": "SOUTHWEST FWY", "fromleft": 301, "toleft": 399, "fromright": 300, "toright": 398, "onewaydir": "FT"}}, {"type": "Feature", "geometry": {"type": "LineString", "coordinates": [[-95.379269676679, 29.7308553544783], [-95.3797181069331, 29.7302885221921]]}, "properties": {"centerlineid": 10137158, "roadclass": "LOCAL", "fullname": "LA BRANCH ST", "fromleft": 4501, "toleft": 4599, "fromright": 4500, "toright": 4598, "onewaydir": " "}}, {"type": "Feature", "geometry": {"type": "LineString", "coordinates": [[-95.374143646706, 29.7325131392047], [-95.3746179835344, 29.731912176921]]}, "properties": {"centerlineid": 10137224, "roadclass": "LOCAL", "fullname": "CHENEVERT ST", "fromleft": 3801, "toleft": 4099, "fromright": 3800, "toright": 4098, "onewaydir": " "}}, {"type": "Feature", "geometry": {"type": "LineString", "coordinates": [[-95.3736414375997, 29.7267260701787], [-95.3720163535333, 29.725734215508], [-95.3719629842557, 29.7257017892885]]}, "properties": {"centerlineid": 10137335, "roadclass": "LOCAL", "fullname": "RUTH ST", "fromleft": 2201, "toleft": 2399, "fromright": 2200, "toright": 2398, "onewaydir": " "}}, {"type": "Feature", "geometry": {"type": "LineString", "coordinates": [[-95.37464079489, 29.7347159617602], [-95.374976469283, 29.7339661978214]]}, "properties": {"centerlineid": 10137390, "roadclass": "MAJOR", "fullname": "ALMEDA RD", "fromleft": 3801, "toleft": 3899, "fromright": 3800, "toright": 3898, "onewaydir": " "}}, {"type": "Feature", "geometry": {"type": "LineString", "coordinates": [[-95.3758768071724, 29.7271265219272], [-95.3752892705069, 29.7267737412432]]}, "properties": {"centerlineid": 10137413, "roadclass": "MAJOR", "fullname": "BLODGETT ST", "fromleft": 2001, "toleft": 2199, "fromright": 2000, "toright": 2198, "onewaydir": " "}}, {"type": "Feature", "geometry": {"type": "LineString", "coordinates": [[-95.3714747046861, 29.7263082755723], [-95.3719629842557, 29.7257017892885]]}, "properties": {"centerlineid": 10137447, "roadclass": "MAJOR", "fullname": "EMANCIPATION AVE", "fromleft": 4501, "toleft": 4599, "fromright": 4500, "toright": 4598, "onewaydir": " "}}, {"type": "Feature", "geometry": {"type": "LineString", "coordinates": [[-95.3807519749647, 29.7289804244963], [-95.3816751137742, 29.7278208336085]]}, "properties": {"centerlineid": 10137495, "roadclass": "LOCAL", "fullname": "LA BRANCH ST", "fromleft": 4801, "toleft": 4899, "fromright": 4800, "toright": 4898, "onewaydir": " "}}, {"type": "Feature", "geometry": {"type": "LineString", "coordinates": [[-95.3753807545204, 29.7277692816688], [-95.3758768071724, 29.7271265219272]]}, "properties": {"centerlineid": 10137501, "roadclass": "LOCAL", "fullname": "CHARTRES ST", "fromleft": 4601, "toleft": 4699, "fromright": 4600, "toright": 4698, "onewaydir": " "}}, {"type": "Feature", "geometry": {"type": "LineString", "coordinates": [[-95.3747170073633, 29.7253775548265], [-95.3748391211508, 29.7252319942551], [-95.3749251575994, 29.7251208780566], [-95.3749911671672, 29.7250342968479], [-95.3750400126127, 29.7249687444092], [-95.3751080690787, 29.7248631117492], [-95.3751590025243, 29.7247773151623], [-95.3752179600897, 29.7246620041212]]}, "properties": {"centerlineid": 10137516, "roadclass": "FRONTAGE", "fullname": "SOUTH FWY", "fromleft": 4801, "toleft": 4899, "fromright": 0, "toright": 0, "onewaydir": "TF"}}, {"type": "Feature", "geometry": {"type": "LineString", "coordinates": [[-95.3799889207452, 29.737958297945], [-95.3805917909491, 29.7371763431443]]}, "properties": {"centerlineid": 10137524, "roadclass": "MAJOR", "fullname": "MAIN ST", "fromleft": 3801, "toleft": 3899, "fromright": 3800, "toright": 3898, "onewaydir": " "}}, {"type": "Feature", "geometry": {"type": "LineString", "coordinates": [[-95.3662789676667, 29.7296708402492], [-95.3667978342587, 29.729035849317]]}, "properties": {"centerlineid": 10137544, "roadclass": "LOCAL", "fullname": "LIVE OAK ST", "fromleft": 3801, "toleft": 3899, "fromright": 3800, "toright": 3898, "onewaydir": " "}}, {"type": "Feature", "geometry": {"type": "LineString", "coordinates": [[-95.3692773848852, 29.738662230204], [-95.3696283056432, 29.7382045158828], [-95.3697122925364, 29.7381091029105]]}, "properties": {"centerlineid": 10137564, "roadclass": "LOCAL", "fullname": "CHENEVERT ST", "fromleft": 3001, "toleft": 3099, "fromright": 3000, "toright": 3098, "onewaydir": " "}}, {"type": "Feature", "geometry": {"type": "LineString", "coordinates": [[-95.3731378538187, 29.7401613111999], [-95.3736030883677, 29.7395719191425]]}, "properties": {"centerlineid": 10137568, "roadclass": "LOCAL", "fullname": "AUSTIN ST", "fromleft": 3101, "toleft": 3199, "fromright": 3100, "toright": 3198, "onewaydir": "FT"}}, {"type": "Feature", "geometry": {"type": "LineString", "coordinates": [[-95.4021218832268, 29.7327283683855], [-95.402121881248, 29.7319197070701]]}, "properties": {"centerlineid": 10132268, "roadclass": "MAJOR", "fullname": "DUNLAVY ST", "fromleft": 4501, "toleft": 4599, "fromright": 4500, "toright": 4598, "onewaydir": " "}}, {"type": "Feature", "geometry": {"type": "LineString", "coordinates": [[-95.4020837650689, 29.7256922137596], [-95.4021100013543, 29.7256917562524], [-95.4034571070257, 29.7256673666002]]}, "properties": {"centerlineid": 10132360, "roadclass": "MAJOR", "fullname": "BISSONNET ST", "fromleft": 1701, "toleft": 1799, "fromright": 1700, "toright": 1798, "onewaydir": " "}}, {"type": "Feature", "geometry": {"type": "LineString", "coordinates": [[-95.3682168785689, 29.7335810360945], [-95.3683008190712, 29.7334988811062], [-95.368781379535, 29.7328906149024]]}, "properties": {"centerlineid": 10137673, "roadclass": "LOCAL", "fullname": "HUTCHINS ST", "fromleft": 3501, "toleft": 3599, "fromright": 3500, "toright": 3598, "onewaydir": " "}}, {"type": "Feature", "geometry": {"type": "LineString", "coordinates": [[-95.3717873057905, 29.7291198222613], [-95.3720773247496, 29.7287458575698], [-95.3722069043552, 29.7285760891126]]}, "properties": {"centerlineid": 10137719, "roadclass": "LOCAL", "fullname": "HUTCHINS ST", "fromleft": 4201, "toleft": 4299, "fromright": 4200, "toright": 4298, "onewaydir": " "}}, {"type": "Feature", "geometry": {"type": "LineString", "coordinates": [[-95.3716042993618, 29.7315400304398], [-95.3715815036623, 29.7318663415579], [-95.3714746836711, 29.7322667586384], [-95.3714230649018, 29.7323983551852], [-95.3713034411097, 29.732703317966], [-95.3712075233871, 29.7329478461472], [-95.3710473243859, 29.7333369085961], [-95.3708480369297, 29.733732492309], [-95.3707878786269, 29.7338519032533], [-95.3705362043036, 29.7342906809079], [-95.3704496647235, 29.7344040284407], [-95.369963954951, 29.7350402076391], [-95.3697351021836, 29.7353377226994], [-95.3691781490756, 29.7360300255914], [-95.368964580968, 29.7362933418877], [-95.3686870301364, 29.7365974485439], [-95.3684660597411, 29.7368395598612]]}, "properties": {"centerlineid": 10137746, "roadclass": "RAMP", "fullname": "SH 288 - N US 59 RAMP", "fromleft": 3201, "toleft": 3899, "fromright": 0, "toright": 0, "onewaydir": "FT"}}, {"type": "Feature", "geometry": {"type": "LineString", "coordinates": [[-95.3820869827822, 29.7225297595352], [-95.3817360324371, 29.7223180196876], [-95.3803704544368, 29.7214712474045]]}, "properties": {"centerlineid": 10138002, "roadclass": "LOCAL", "fullname": "CALUMET ST", "fromleft": 1801, "toleft": 1999, "fromright": 1800, "toright": 1998, "onewaydir": " "}}, {"type": "Feature", "geometry": {"type": "LineString", "coordinates": [[-95.3697731950952, 29.7428049136487], [-95.37035301487, 29.742082060308]]}, "properties": {"centerlineid": 10136185, "roadclass": "LOCAL", "fullname": "LA BRANCH ST", "fromleft": 2601, "toleft": 2699, "fromright": 2600, "toright": 2698, "onewaydir": "FT"}}, {"type": "Feature", "geometry": {"type": "LineString", "coordinates": [[-95.3776239546686, 29.7409338879522], [-95.3780588484773, 29.7403711986467]]}, "properties": {"centerlineid": 10136355, "roadclass": "MAJOR", "fullname": "MAIN ST", "fromleft": 3301, "toleft": 3399, "fromright": 3300, "toright": 3398, "onewaydir": " "}}, {"type": "Feature", "geometry": {"type": "LineString", "coordinates": [[-95.3645090728512, 29.7431216250374], [-95.364520026696, 29.7429288462895], [-95.3645351492134, 29.7428297239525], [-95.3645704132187, 29.7427361807162], [-95.3646386386246, 29.742631493276], [-95.364718983287, 29.7425278929231], [-95.3659923318132, 29.7407049296338]]}, "properties": {"centerlineid": 10136384, "roadclass": "RAMP", "fullname": "WEBSTER SB 59 S ENT RAMP", "fromleft": 0, "toleft": 0, "fromright": 0, "toright": 0, "onewaydir": "FT"}}, {"type": "Feature", "geometry": {"type": "LineString", "coordinates": [[-95.3957741338918, 29.742316597116], [-95.3974831427786, 29.7423070220554], [-95.3975442813272, 29.742307037837]]}, "properties": {"centerlineid": 10134151, "roadclass": "LOCAL", "fullname": "HAWTHORNE ST", "fromleft": 1401, "toleft": 1499, "fromright": 1400, "toright": 1498, "onewaydir": " "}}, {"type": "Feature", "geometry": {"type": "LineString", "coordinates": [[-95.3910974807057, 29.7228521463437], [-95.3911295805023, 29.7225051048407]]}, "properties": {"centerlineid": 10136523, "roadclass": "LOCAL", "fullname": "HERMANN PARK DR", "fromleft": 0, "toleft": 0, "fromright": 5426, "toright": 5430, "onewaydir": "FT"}}, {"type": "Feature", "geometry": {"type": "LineString", "coordinates": [[-95.3902658172283, 29.729358038462], [-95.390303932124, 29.7285608204108]]}, "properties": {"centerlineid": 10136601, "roadclass": "LOCAL", "fullname": "ROSELAND ST", "fromleft": 4901, "toleft": 4999, "fromright": 4900, "toright": 4998, "onewaydir": " "}}, {"type": "Feature", "geometry": {"type": "LineString", "coordinates": [[-95.3981468996466, 29.726687949957], [-95.3981546219028, 29.7279066396725]]}, "properties": {"centerlineid": 10136644, "roadclass": "LOCAL", "fullname": "WEST BLVD", "fromleft": 5101, "toleft": 5199, "fromright": 5100, "toright": 5198, "onewaydir": " "}}, {"type": "Feature", "geometry": {"type": "LineString", "coordinates": [[-95.3898615074826, 29.7378935065175], [-95.3898462220706, 29.7370389834631]]}, "properties": {"centerlineid": 10136679, "roadclass": "LOCAL", "fullname": "ROSELAND ST", "fromleft": 3901, "toleft": 3999, "fromright": 3900, "toright": 3998, "onewaydir": " "}}, {"type": "Feature", "geometry": {"type": "LineString", "coordinates": [[-95.3865121803795, 29.7405523971059], [-95.3889155041992, 29.7405199780997]]}, "properties": {"centerlineid": 10134478, "roadclass": "LOCAL", "fullname": "KIPLING ST", "fromleft": 601, "toleft": 799, "fromright": 600, "toright": 798, "onewaydir": " "}}, {"type": "Feature", "geometry": {"type": "LineString", "coordinates": [[-95.3842920537065, 29.7308726352129], [-95.3846276781889, 29.7304452646929]]}, "properties": {"centerlineid": 10136762, "roadclass": "MAJOR", "fullname": "FANNIN ST", "fromleft": 4801, "toleft": 4813, "fromright": 4800, "toright": 4812, "onewaydir": "FT"}}, {"type": "Feature", "geometry": {"type": "LineString", "coordinates": [[-95.3975137112433, 29.7404207237768], [-95.3993372668155, 29.7403997393299]]}, "properties": {"centerlineid": 10136776, "roadclass": "LOCAL", "fullname": "KIPLING ST", "fromleft": 1501, "toleft": 1599, "fromright": 1500, "toright": 1598, "onewaydir": " "}}, {"type": "Feature", "geometry": {"type": "LineString", "coordinates": [[-95.389830906054, 29.7353357008151], [-95.3903801181934, 29.7353281723633], [-95.3911356330965, 29.7353167550656]]}, "properties": {"centerlineid": 10136825, "roadclass": "LOCAL", "fullname": "COLQUITT ST", "fromleft": 901, "toleft": 999, "fromright": 900, "toright": 998, "onewaydir": " "}}, {"type": "Feature", "geometry": {"type": "LineString", "coordinates": [[-95.3854516019203, 29.7397608504054], [-95.3854340121294, 29.7388803996585]]}, "properties": {"centerlineid": 10136906, "roadclass": "LOCAL", "fullname": "GARROTT ST", "fromleft": 3701, "toleft": 3799, "fromright": 3700, "toright": 3798, "onewaydir": " "}}, {"type": "Feature", "geometry": {"type": "LineString", "coordinates": [[-95.394683242572, 29.7301210399327], [-95.3949273468051, 29.7301210515429]]}, "properties": {"centerlineid": 10136919, "roadclass": "LOCAL", "fullname": "BANKS ST", "fromleft": 1301, "toleft": 1303, "fromright": 0, "toright": 0, "onewaydir": " "}}, {"type": "Feature", "geometry": {"type": "LineString", "coordinates": [[-95.3835790232342, 29.7371213721238], [-95.3836652716677, 29.7370042839205], [-95.3837628794815, 29.7368755607639], [-95.3842767663203, 29.736215063848]]}, "properties": {"centerlineid": 10136940, "roadclass": "LOCAL", "fullname": "MILAM ST", "fromleft": 3901, "toleft": 3999, "fromright": 3900, "toright": 3998, "onewaydir": "TF"}}, {"type": "Feature", "geometry": {"type": "LineString", "coordinates": [[-95.378241825756, 29.7321200779297], [-95.3773873007845, 29.7316164901362]]}, "properties": {"centerlineid": 10137140, "roadclass": "LOCAL", "fullname": "BARBEE ST", "fromleft": 1401, "toleft": 1599, "fromright": 1400, "toright": 1598, "onewaydir": " "}}, {"type": "Feature", "geometry": {"type": "LineString", "coordinates": [[-95.3786995309811, 29.7315592137873], [-95.379269676679, 29.7308553544783]]}, "properties": {"centerlineid": 10137159, "roadclass": "LOCAL", "fullname": "LA BRANCH ST", "fromleft": 4401, "toleft": 4499, "fromright": 4400, "toright": 4498, "onewaydir": " "}}, {"type": "Feature", "geometry": {"type": "LineString", "coordinates": [[-95.3819801827464, 29.7241892387176], [-95.3823844975537, 29.7236685526522], [-95.3824381388273, 29.723622692043]]}, "properties": {"centerlineid": 10137217, "roadclass": "LOCAL", "fullname": "JACKSON ST", "fromleft": 5301, "toleft": 5399, "fromright": 5300, "toright": 5398, "onewaydir": " "}}, {"type": "Feature", "geometry": {"type": "LineString", "coordinates": [[-95.3661188252707, 29.737834397351], [-95.3659586582716, 29.7377294343224], [-95.36527958446, 29.7373269588742]]}, "properties": {"centerlineid": 10137234, "roadclass": "LOCAL", "fullname": "TUAM ST", "fromleft": 2101, "toleft": 2199, "fromright": 2100, "toright": 2198, "onewaydir": " "}}, {"type": "Feature", "geometry": {"type": "LineString", "coordinates": [[-95.3659052529965, 29.7333788837144], [-95.3641836118074, 29.7323399900065]]}, "properties": {"centerlineid": 10137238, "roadclass": "LOCAL", "fullname": "FRANCIS ST", "fromleft": 2401, "toleft": 2599, "fromright": 2400, "toright": 2598, "onewaydir": " "}}, {"type": "Feature", "geometry": {"type": "LineString", "coordinates": [[-95.3669502663268, 29.740043101775], [-95.367400478628, 29.7394708600742]]}, "properties": {"centerlineid": 10137252, "roadclass": "LOCAL", "fullname": "HAMILTON ST", "fromleft": 2701, "toleft": 2799, "fromright": 2700, "toright": 2798, "onewaydir": "FT"}}, {"type": "Feature", "geometry": {"type": "LineString", "coordinates": [[-95.3677666858526, 29.7277884604459], [-95.3660501457872, 29.7267602802729]]}, "properties": {"centerlineid": 10137264, "roadclass": "LOCAL", "fullname": "CLEBURNE ST", "fromleft": 2601, "toleft": 2799, "fromright": 2600, "toright": 2798, "onewaydir": " "}}, {"type": "Feature", "geometry": {"type": "LineString", "coordinates": [[-95.377455905219, 29.729910355878], [-95.3779416303816, 29.7292992832456]]}, "properties": {"centerlineid": 10137314, "roadclass": "LOCAL", "fullname": "JACKSON ST", "fromleft": 4501, "toleft": 4599, "fromright": 4500, "toright": 4598, "onewaydir": " "}}, {"type": "Feature", "geometry": {"type": "LineString", "coordinates": [[-95.378241825756, 29.7321200779297], [-95.3786995309811, 29.7315592137873]]}, "properties": {"centerlineid": 10137329, "roadclass": "LOCAL", "fullname": "LA BRANCH ST", "fromleft": 4301, "toleft": 4399, "fromright": 4300, "toright": 4398, "onewaydir": " "}}, {"type": "Feature", "geometry": {"type": "LineString", "coordinates": [[-95.3680642263959, 29.7362285109112], [-95.3677666723179, 29.736051027], [-95.3676064847124, 29.7359556463314]]}, "properties": {"centerlineid": 10137383, "roadclass": "MAJOR", "fullname": "ELGIN ST", "fromleft": 2001, "toleft": 2099, "fromright": 2000, "toright": 2098, "onewaydir": " "}}, {"type": "Feature", "geometry": {"type": "LineString", "coordinates": [[-95.3788368860129, 29.729777850885], [-95.3787849585665, 29.7297745514619], [-95.3787348591395, 29.7297674649672], [-95.3786981871819, 29.729752144374], [-95.3786584716919, 29.729730053622], [-95.3779416303816, 29.7292992832456]]}, "properties": {"centerlineid": 10137400, "roadclass": "LOCAL", "fullname": "RUTH ST", "fromleft": 1601, "toleft": 1699, "fromright": 1600, "toright": 1698, "onewaydir": " "}}, {"type": "Feature", "geometry": {"type": "LineString", "coordinates": [[-95.3660501457872, 29.7267602802729], [-95.3643564181845, 29.7257150188825]]}, "properties": {"centerlineid": 10137505, "roadclass": "LOCAL", "fullname": "CLEBURNE ST", "fromleft": 2801, "toleft": 2999, "fromright": 2800, "toright": 2998, "onewaydir": " "}}, {"type": "Feature", "geometry": {"type": "LineString", "coordinates": [[-95.3667978342587, 29.729035849317], [-95.367278373022, 29.7284159110575]]}, "properties": {"centerlineid": 10137545, "roadclass": "LOCAL", "fullname": "LIVE OAK ST", "fromleft": 3901, "toleft": 3999, "fromright": 3900, "toright": 3998, "onewaydir": " "}}, {"type": "Feature", "geometry": {"type": "LineString", "coordinates": [[-95.3724505846372, 29.7306103550946], [-95.3718615707552, 29.7302544056169]]}, "properties": {"centerlineid": 10137555, "roadclass": "LOCAL", "fullname": "CLEBURNE ST", "fromleft": 0, "toleft": 0, "fromright": 0, "toright": 0, "onewaydir": " "}}, {"type": "Feature", "geometry": {"type": "LineString", "coordinates": [[-95.3788368898374, 29.7361577674929], [-95.3790504857226, 29.7358794103795], [-95.3792799096644, 29.73558552895]]}, "properties": {"centerlineid": 10137576, "roadclass": "LOCAL", "fullname": "SAN JACINTO ST", "fromleft": 3901, "toleft": 3999, "fromright": 3900, "toright": 3998, "onewaydir": "FT"}}, {"type": "Feature", "geometry": {"type": "LineString", "coordinates": [[-95.3733666836039, 29.7366748089823], [-95.3738549759358, 29.7360854816269], [-95.373954242506, 29.7359574544725], [-95.3739617918883, 29.7359460298052], [-95.3743508005533, 29.7354235560462]]}, "properties": {"centerlineid": 10137612, "roadclass": "MAJOR", "fullname": "CRAWFORD ST", "fromleft": 3501, "toleft": 3699, "fromright": 3500, "toright": 3698, "onewaydir": "FT"}}, {"type": "Feature", "geometry": {"type": "LineString", "coordinates": [[-95.3779748871546, 29.7356505853343], [-95.3771051011195, 29.7351392341461]]}, "properties": {"centerlineid": 10137636, "roadclass": "LOCAL", "fullname": "TRUXILLO ST", "fromleft": 1301, "toleft": 1399, "fromright": 1300, "toright": 1398, "onewaydir": " "}}, {"type": "Feature", "geometry": {"type": "LineString", "coordinates": [[-95.3756937851111, 29.7334887367977], [-95.3751865238558, 29.7333474762119]]}, "properties": {"centerlineid": 10137659, "roadclass": "LOCAL", "fullname": "ISABELLA ST", "fromleft": 1601, "toleft": 1699, "fromright": 1600, "toright": 1698, "onewaydir": " "}}, {"type": "Feature", "geometry": {"type": "LineString", "coordinates": [[-95.3778242376704, 29.7365980441742], [-95.3774331937645, 29.7363485455426]]}, "properties": {"centerlineid": 10137477, "roadclass": "MAJOR", "fullname": "ALABAMA ST", "fromleft": 1217, "toleft": 1299, "fromright": 1216, "toright": 1298, "onewaydir": " "}}, {"type": "Feature", "geometry": {"type": "LineString", "coordinates": [[-95.4020378825694, 29.7412218303243], [-95.4020303565443, 29.7403787320023]]}, "properties": {"centerlineid": 10132113, "roadclass": "MAJOR", "fullname": "DUNLAVY ST", "fromleft": 3501, "toleft": 3599, "fromright": 3500, "toright": 3598, "onewaydir": " "}}, {"type": "Feature", "geometry": {"type": "LineString", "coordinates": [[-95.4020150615388, 29.7395185399997], [-95.4019922527529, 29.7386583321648]]}, "properties": {"centerlineid": 10132248, "roadclass": "MAJOR", "fullname": "DUNLAVY ST", "fromleft": 3701, "toleft": 3799, "fromright": 3700, "toright": 3798, "onewaydir": " "}}, {"type": "Feature", "geometry": {"type": "LineString", "coordinates": [[-95.3673242220572, 29.7347348990168], [-95.3677360980842, 29.7341952950728]]}, "properties": {"centerlineid": 10137668, "roadclass": "LOCAL", "fullname": "HUTCHINS ST", "fromleft": 3301, "toleft": 3399, "fromright": 3300, "toright": 3398, "onewaydir": " "}}, {"type": "Feature", "geometry": {"type": "LineString", "coordinates": [[-95.3673851490131, 29.7330699530158], [-95.3679421287493, 29.7323603068132]]}, "properties": {"centerlineid": 10137669, "roadclass": "LOCAL", "fullname": "BASTROP ST", "fromleft": 3501, "toleft": 3599, "fromright": 3500, "toright": 3598, "onewaydir": " "}}, {"type": "Feature", "geometry": {"type": "LineString", "coordinates": [[-95.3723214663574, 29.7290910747668], [-95.3725197262155, 29.7287209972032], [-95.3729704933848, 29.7281424073932], [-95.3744318040854, 29.7262645721503], [-95.3749917481321, 29.7255185911707]]}, "properties": {"centerlineid": 10137756, "roadclass": "FREEWAY", "fullname": "SH 288", "fromleft": 4101, "toleft": 4799, "fromright": 0, "toright": 0, "onewaydir": "TF"}}, {"type": "Feature", "geometry": {"type": "LineString", "coordinates": [[-95.3811279661461, 29.7381100336496], [-95.3812173808932, 29.7380465318985], [-95.3812762768139, 29.7380063280023], [-95.3813419647983, 29.7379675013631], [-95.3817060747477, 29.7377707462915]]}, "properties": {"centerlineid": 10137782, "roadclass": "FRONTAGE", "fullname": "SOUTHWEST FWY", "fromleft": 0, "toleft": 0, "fromright": 0, "toright": 0, "onewaydir": "FT"}}, {"type": "Feature", "geometry": {"type": "LineString", "coordinates": [[-95.3818506200589, 29.7419638511044], [-95.381934548566, 29.7417826980236]]}, "properties": {"centerlineid": 10135612, "roadclass": "LOCAL", "fullname": "SMITH ST", "fromleft": 3409, "toleft": 3499, "fromright": 3408, "toright": 3498, "onewaydir": "FT"}}, {"type": "Feature", "geometry": {"type": "LineString", "coordinates": [[-95.3883279260484, 29.7225528167855], [-95.3882287054451, 29.7224937148402], [-95.3874734204247, 29.7220225425025]]}, "properties": {"centerlineid": 10136428, "roadclass": "LOCAL", "fullname": "HERMANN DR", "fromleft": 1301, "toleft": 1399, "fromright": 1300, "toright": 1398, "onewaydir": " "}}, {"type": "Feature", "geometry": {"type": "LineString", "coordinates": [[-95.3975442813272, 29.742307037837], [-95.3975442798117, 29.7420172344472]]}, "properties": {"centerlineid": 10134230, "roadclass": "LOCAL", "fullname": "MULBERRY ST", "fromleft": 3401, "toleft": 3449, "fromright": 3400, "toright": 3448, "onewaydir": " "}}, {"type": "Feature", "geometry": {"type": "LineString", "coordinates": [[-95.3975289958457, 29.7412695203379], [-95.3993522894708, 29.7412503426489]]}, "properties": {"centerlineid": 10134244, "roadclass": "LOCAL", "fullname": "HAROLD ST", "fromleft": 1501, "toleft": 1599, "fromright": 1500, "toright": 1598, "onewaydir": " "}}, {"type": "Feature", "geometry": {"type": "LineString", "coordinates": [[-95.3883279260484, 29.7225528167855], [-95.3885109519849, 29.7223506547469], [-95.3885353806129, 29.7223111760585], [-95.388553115307, 29.722281928377], [-95.3885702825155, 29.7222524239209], [-95.3885868767538, 29.7222226715693], [-95.3886028951599, 29.722192679144], [-95.3886183309974, 29.7221624543621], [-95.3886331813247, 29.7221320072999], [-95.388647440697, 29.7221013457093], [-95.3886611061725, 29.7220704796665], [-95.3886741736379, 29.7220394158311], [-95.3886866388602, 29.7220081642444], [-95.3886984989375, 29.7219767338554], [-95.3887097496768, 29.7219451335781], [-95.3887203894681, 29.7219133723962], [-95.3887304128664, 29.7218814580615], [-95.3887398194734, 29.7218494018474], [-95.388748605136, 29.7218172115405], [-95.388756768244, 29.7217848961244], [-95.3887643058559, 29.7217524656754], [-95.3887712151101, 29.721719928015], [-95.3887774956083, 29.7216872944162], [-95.3887831445286, 29.7216545715732], [-95.3887881601413, 29.7216217718517], [-95.3887925422079, 29.7215889020153], [-95.3887962890781, 29.7215559721752], [-95.3887993991022, 29.7215229924421], [-95.3888018706702, 29.7214899717997], [-95.388803704755, 29.7214569193013], [-95.3888084609539, 29.7213530533005], [-95.3888084942553, 29.7211623309628], [-95.3888771856174, 29.7208552118186]]}, "properties": {"centerlineid": 10136512, "roadclass": "LOCAL", "fullname": "CAROLINE ST", "fromleft": 5801, "toleft": 5899, "fromright": 5800, "toright": 5898, "onewaydir": " "}}, {"type": "Feature", "geometry": {"type": "LineString", "coordinates": [[-95.3892739413009, 29.7231134150266], [-95.3893296029543, 29.723075097469], [-95.3894341157811, 29.7230027414189], [-95.3896173280446, 29.7229112491862], [-95.3898003415219, 29.7228464508939], [-95.3900369450278, 29.7227777944551], [-95.3903039396324, 29.722714795081], [-95.3908227742677, 29.722562149513]]}, "properties": {"centerlineid": 10136520, "roadclass": "LOCAL", "fullname": "SAN JACINTO ST", "fromleft": 5801, "toleft": 5899, "fromright": 5800, "toright": 5898, "onewaydir": "TF"}}, {"type": "Feature", "geometry": {"type": "LineString", "coordinates": [[-95.3854593824882, 29.7406591770449], [-95.3854516019203, 29.7397608504054]]}, "properties": {"centerlineid": 10136634, "roadclass": "LOCAL", "fullname": "GARROTT ST", "fromleft": 3601, "toleft": 3699, "fromright": 3600, "toright": 3698, "onewaydir": " "}}, {"type": "Feature", "geometry": {"type": "LineString", "coordinates": [[-95.387252121554, 29.7312482131176], [-95.3874611251896, 29.7309871638774], [-95.3874962620581, 29.7309431300902]]}, "properties": {"centerlineid": 10136749, "roadclass": "LOCAL", "fullname": "MILAM ST", "fromleft": 4801, "toleft": 4899, "fromright": 4800, "toright": 4898, "onewaydir": " "}}, {"type": "Feature", "geometry": {"type": "LineString", "coordinates": [[-95.3910438923909, 29.7285628489537], [-95.3919061424082, 29.7285475611157]]}, "properties": {"centerlineid": 10136800, "roadclass": "LOCAL", "fullname": "BARKDULL ST", "fromleft": 921, "toleft": 999, "fromright": 920, "toright": 998, "onewaydir": " "}}, {"type": "Feature", "geometry": {"type": "LineString", "coordinates": [[-95.3937600289422, 29.7309393072156], [-95.3937600602252, 29.7301287986099]]}, "properties": {"centerlineid": 10136894, "roadclass": "LOCAL", "fullname": "MT VERNON ST", "fromleft": 4701, "toleft": 4799, "fromright": 4700, "toright": 4798, "onewaydir": " "}}, {"type": "Feature", "geometry": {"type": "LineString", "coordinates": [[-95.3888924445514, 29.7378973906071], [-95.3888696197197, 29.7370467599689]]}, "properties": {"centerlineid": 10136934, "roadclass": "LOCAL", "fullname": "STANFORD ST", "fromleft": 3901, "toleft": 3999, "fromright": 3900, "toright": 3998, "onewaydir": " "}}, {"type": "Feature", "geometry": {"type": "LineString", "coordinates": [[-95.3878702406972, 29.7353566716269], [-95.3888468285976, 29.7353473216007]]}, "properties": {"centerlineid": 10136952, "roadclass": "LOCAL", "fullname": "COLQUITT ST", "fromleft": 701, "toleft": 799, "fromright": 700, "toright": 798, "onewaydir": " "}}, {"type": "Feature", "geometry": {"type": "LineString", "coordinates": [[-95.3887169967231, 29.7252765038792], [-95.3878777473282, 29.7247767878797]]}, "properties": {"centerlineid": 10137002, "roadclass": "MAJOR", "fullname": "BINZ ST", "fromleft": 1101, "toleft": 1199, "fromright": 1100, "toright": 1198, "onewaydir": " "}}, {"type": "Feature", "geometry": {"type": "LineString", "coordinates": [[-95.3865121803795, 29.7405523971059], [-95.3865075679755, 29.7396926786883]]}, "properties": {"centerlineid": 10137070, "roadclass": "LOCAL", "fullname": "AUDUBON PL", "fromleft": 3601, "toleft": 3699, "fromright": 3600, "toright": 3698, "onewaydir": " "}}, {"type": "Feature", "geometry": {"type": "MultiLineString", "coordinates": [[[-95.3803932788944, 29.7325549763136], [-95.3804802071366, 29.7324521055655]], [[-95.3804802071366, 29.7324521055655], [-95.3805635806922, 29.7323534378154]], [[-95.3805635806922, 29.7323534378154], [-95.3809655380542, 29.7318777404135]]]}, "properties": {"centerlineid": 10137139, "roadclass": "LOCAL", "fullname": "CAROLINE ST", "fromleft": 4401, "toleft": 4499, "fromright": 4400, "toright": 4498, "onewaydir": "FT"}}, {"type": "Feature", "geometry": {"type": "LineString", "coordinates": [[-95.3696511617353, 29.7334094658649], [-95.368781379535, 29.7328906149024]]}, "properties": {"centerlineid": 10137180, "roadclass": "LOCAL", "fullname": "BERRY ST", "fromleft": 2101, "toleft": 2199, "fromright": 2100, "toright": 2198, "onewaydir": " "}}, {"type": "Feature", "geometry": {"type": "LineString", "coordinates": [[-95.3830635736113, 29.7276052275514], [-95.3822321041427, 29.7271132701439]]}, "properties": {"centerlineid": 10137207, "roadclass": "LOCAL", "fullname": "WICHITA ST", "fromleft": 1401, "toleft": 1499, "fromright": 1400, "toright": 1498, "onewaydir": " "}}, {"type": "Feature", "geometry": {"type": "LineString", "coordinates": [[-95.3814232412711, 29.724898849501], [-95.3819801827464, 29.7241892387176]]}, "properties": {"centerlineid": 10137216, "roadclass": "LOCAL", "fullname": "JACKSON ST", "fromleft": 5201, "toleft": 5299, "fromright": 5200, "toright": 5298, "onewaydir": " "}}, {"type": "Feature", "geometry": {"type": "LineString", "coordinates": [[-95.3784478482083, 29.7286504862552], [-95.3790123714323, 29.7279371837092]]}, "properties": {"centerlineid": 10137219, "roadclass": "LOCAL", "fullname": "JACKSON ST", "fromleft": 4701, "toleft": 4799, "fromright": 4700, "toright": 4798, "onewaydir": " "}}, {"type": "Feature", "geometry": {"type": "LineString", "coordinates": [[-95.3808128701404, 29.7336935317025], [-95.3812783482462, 29.7331041679246]]}, "properties": {"centerlineid": 10137277, "roadclass": "LOCAL", "fullname": "SAN JACINTO ST", "fromleft": 4301, "toleft": 4399, "fromright": 4300, "toright": 4398, "onewaydir": "TF"}}, {"type": "Feature", "geometry": {"type": "LineString", "coordinates": [[-95.3818124782502, 29.7388757688691], [-95.3819752010036, 29.7386108138792], [-95.3820020948092, 29.7385594303619], [-95.3820213086435, 29.7385054863158], [-95.3820325325681, 29.7384498519475], [-95.3820355855359, 29.7383934247296], [-95.3820304494084, 29.7381196033206], [-95.3820212736221, 29.7380696790317], [-95.381993785605, 29.7380421875307], [-95.3819460067287, 29.7380313432506], [-95.3818540078132, 29.73803268036], [-95.381428282557, 29.7380414821801], [-95.3813395108613, 29.7380479578205], [-95.3812563899283, 29.7380654985105], [-95.3811279661461, 29.7381100336496]]}, "properties": {"centerlineid": 10137307, "roadclass": "LOCAL", "fullname": "SUL ROSS ST", "fromleft": 101, "toleft": 299, "fromright": 100, "toright": 298, "onewaydir": "FT"}}, {"type": "Feature", "geometry": {"type": "LineString", "coordinates": [[-95.3832550845221, 29.7379143842662], [-95.3831834222615, 29.7380213563763], [-95.3831012315514, 29.7381165799611], [-95.3830089170721, 29.7381886028226], [-95.3828922034321, 29.7382695207464], [-95.3827765723273, 29.7383198980146], [-95.3826433760193, 29.7383717089628], [-95.38238594216, 29.7384567963232], [-95.382297353764, 29.7384944871302], [-95.3822013163498, 29.738535285097], [-95.3820641591055, 29.7385935511135], [-95.3818124782502, 29.7388757688691]]}, "properties": {"centerlineid": 10137312, "roadclass": "LOCAL", "fullname": "MILAM ST", "fromleft": 3801, "toleft": 3825, "fromright": 3800, "toright": 3824, "onewaydir": "TF"}}, {"type": "Feature", "geometry": {"type": "LineString", "coordinates": [[-95.3782646504953, 29.7242540575885], [-95.3783716667742, 29.7239432819968]]}, "properties": {"centerlineid": 10137366, "roadclass": "MAJOR", "fullname": "ALMEDA RD", "fromleft": 5015, "toleft": 5099, "fromright": 5014, "toright": 5098, "onewaydir": " "}}, {"type": "Feature", "geometry": {"type": "LineString", "coordinates": [[-95.3777716176314, 29.7327094470738], [-95.3776702729996, 29.7326410128145], [-95.3775552521713, 29.7325681803566], [-95.3770516564015, 29.7322610805495], [-95.3769982702833, 29.7322229814846], [-95.3769829955669, 29.7321848423381]]}, "properties": {"centerlineid": 10137369, "roadclass": "LOCAL", "fullname": "EAGLE ST", "fromleft": 1501, "toleft": 1599, "fromright": 1500, "toright": 1598, "onewaydir": " "}}, {"type": "Feature", "geometry": {"type": "LineString", "coordinates": [[-95.3725121856215, 29.7361655623832], [-95.3723367166419, 29.7360471204785]]}, "properties": {"centerlineid": 10137387, "roadclass": "LOCAL", "fullname": "HOLMAN ST", "fromleft": 1701, "toleft": 1705, "fromright": 1700, "toright": 1704, "onewaydir": " "}}, {"type": "Feature", "geometry": {"type": "LineString", "coordinates": [[-95.3818124782502, 29.7388757688691], [-95.3814726439749, 29.7387772119824], [-95.3814188052794, 29.7387607126768], [-95.3813656351291, 29.7387426374786], [-95.3813131940696, 29.7387230069704], [-95.3812615418163, 29.7387018435059], [-95.3812107371861, 29.7386791711844], [-95.3811608380308, 29.7386550158232], [-95.3811119011709, 29.7386294049286], [-95.3810639823309, 29.7386023676641], [-95.3808434254717, 29.7384732647424]]}, "properties": {"centerlineid": 10137465, "roadclass": "MAJOR", "fullname": "ALABAMA ST", "fromleft": 801, "toleft": 899, "fromright": 800, "toright": 898, "onewaydir": " "}}, {"type": "Feature", "geometry": {"type": "LineString", "coordinates": [[-95.3806145970984, 29.7244162875474], [-95.3811790879391, 29.7236952548862]]}, "properties": {"centerlineid": 10137482, "roadclass": "LOCAL", "fullname": "CHENEVERT ST", "fromleft": 5201, "toleft": 5299, "fromright": 5200, "toright": 5298, "onewaydir": " "}}, {"type": "Feature", "geometry": {"type": "LineString", "coordinates": [[-95.3763192434396, 29.7393202554189], [-95.3767922656887, 29.7387270159381]]}, "properties": {"centerlineid": 10137602, "roadclass": "LOCAL", "fullname": "SAN JACINTO ST", "fromleft": 3401, "toleft": 3499, "fromright": 3400, "toright": 3498, "onewaydir": "FT"}}, {"type": "Feature", "geometry": {"type": "LineString", "coordinates": [[-95.3785393574533, 29.7397665730006], [-95.3791040886462, 29.7390551380163]]}, "properties": {"centerlineid": 10137607, "roadclass": "MAJOR", "fullname": "MAIN ST", "fromleft": 3501, "toleft": 3599, "fromright": 3500, "toright": 3598, "onewaydir": " "}}, {"type": "Feature", "geometry": {"type": "LineString", "coordinates": [[-95.3788980421479, 29.734481199056], [-95.3781656228183, 29.7340522286495], [-95.3780282619733, 29.7339682728611]]}, "properties": {"centerlineid": 10137648, "roadclass": "LOCAL", "fullname": "CLEBURNE ST", "fromleft": 1301, "toleft": 1399, "fromright": 1300, "toright": 1398, "onewaydir": " "}}, {"type": "Feature", "geometry": {"type": "LineString", "coordinates": [[-95.3742364966686, 29.7371898128225], [-95.3743936174833, 29.7369941052311], [-95.3745190225999, 29.7368379010202], [-95.3746409506486, 29.7366860269466], [-95.3748235876699, 29.7364585337042], [-95.3750158310648, 29.7362051433634], [-95.3751209510979, 29.736066584705], [-95.3752283373242, 29.7359250418082]]}, "properties": {"centerlineid": 10137228, "roadclass": "LOCAL", "fullname": "LA BRANCH ST", "fromleft": 3501, "toleft": 3699, "fromright": 3500, "toright": 3698, "onewaydir": "FT"}}, {"type": "Feature", "geometry": {"type": "LineString", "coordinates": [[-95.3937452168266, 29.7378528220641], [-95.3937219174054, 29.7369990752905]]}, "properties": {"centerlineid": 10136682, "roadclass": "PRIVATE", "fullname": "MT VERNON ST", "fromleft": 3901, "toleft": 3999, "fromright": 3900, "toright": 3998, "onewaydir": " "}}, {"type": "Feature", "geometry": {"type": "LineString", "coordinates": [[-95.4012901835469, 29.7437776023207], [-95.4020913059966, 29.743770046876]]}, "properties": {"centerlineid": 10133749, "roadclass": "LOCAL", "fullname": "MISSOURI ST", "fromleft": 1853, "toleft": 1899, "fromright": 1852, "toright": 1898, "onewaydir": " "}}, {"type": "Feature", "geometry": {"type": "LineString", "coordinates": [[-95.4019616807671, 29.7360623955095], [-95.4019539292395, 29.7355264443244], [-95.4019539372024, 29.7352042648174]]}, "properties": {"centerlineid": 10132350, "roadclass": "MAJOR", "fullname": "DUNLAVY ST", "fromleft": 4101, "toleft": 4199, "fromright": 4100, "toright": 4198, "onewaydir": " "}}, {"type": "Feature", "geometry": {"type": "LineString", "coordinates": [[-95.3692315639618, 29.7323240420385], [-95.3697045437098, 29.7317307776628]]}, "properties": {"centerlineid": 10137697, "roadclass": "LOCAL", "fullname": "HUTCHINS ST", "fromleft": 3701, "toleft": 3799, "fromright": 3700, "toright": 3798, "onewaydir": " "}}, {"type": "Feature", "geometry": {"type": "LineString", "coordinates": [[-95.3658365496333, 29.7238536193094], [-95.3663476588375, 29.7232201864202]]}, "properties": {"centerlineid": 10137734, "roadclass": "MAJOR", "fullname": "ENNIS ST", "fromleft": 4401, "toleft": 4499, "fromright": 4400, "toright": 4498, "onewaydir": " "}}, {"type": "Feature", "geometry": {"type": "LineString", "coordinates": [[-95.3784937184419, 29.7414563970455], [-95.3783792058084, 29.7413877115829]]}, "properties": {"centerlineid": 10135735, "roadclass": "LOCAL", "fullname": "STUART ST", "fromleft": 901, "toleft": 905, "fromright": 900, "toright": 904, "onewaydir": " "}}, {"type": "Feature", "geometry": {"type": "LineString", "coordinates": [[-95.3675759354482, 29.7423700044345], [-95.3667291709081, 29.7418570706531]]}, "properties": {"centerlineid": 10135869, "roadclass": "LOCAL", "fullname": "BREMOND ST", "fromleft": 1701, "toleft": 1799, "fromright": 1700, "toright": 1798, "onewaydir": " "}}, {"type": "Feature", "geometry": {"type": "LineString", "coordinates": [[-95.3757013532866, 29.7417197191199], [-95.3748544044405, 29.7411990174626]]}, "properties": {"centerlineid": 10135878, "roadclass": "LOCAL", "fullname": "ROSALIE ST", "fromleft": 1101, "toleft": 1199, "fromright": 1100, "toright": 1198, "onewaydir": " "}}, {"type": "Feature", "geometry": {"type": "LineString", "coordinates": [[-95.3677819766215, 29.7405427880045], [-95.3682168580438, 29.7399669178227]]}, "properties": {"centerlineid": 10136186, "roadclass": "LOCAL", "fullname": "CHENEVERT ST", "fromleft": 2701, "toleft": 2799, "fromright": 2700, "toright": 2798, "onewaydir": " "}}, {"type": "Feature", "geometry": {"type": "LineString", "coordinates": [[-95.3888543579354, 29.744515723607], [-95.388839066221, 29.7435697498079], [-95.388884914853, 29.7434611098452]]}, "properties": {"centerlineid": 10134120, "roadclass": "LOCAL", "fullname": "STANFORD ST", "fromleft": 2801, "toleft": 3299, "fromright": 2800, "toright": 3298, "onewaydir": " "}}, {"type": "Feature", "geometry": {"type": "LineString", "coordinates": [[-95.391227120024, 29.7423720753997], [-95.3926157379706, 29.742345371889]]}, "properties": {"centerlineid": 10134376, "roadclass": "LOCAL", "fullname": "HAWTHORNE ST", "fromleft": 1001, "toleft": 1099, "fromright": 1000, "toright": 1098, "onewaydir": " "}}, {"type": "Feature", "geometry": {"type": "LineString", "coordinates": [[-95.3975137112433, 29.7404207237768], [-95.3975137124866, 29.7395662437588]]}, "properties": {"centerlineid": 10136633, "roadclass": "LOCAL", "fullname": "MULBERRY ST", "fromleft": 3601, "toleft": 3699, "fromright": 3600, "toright": 3698, "onewaydir": " "}}, {"type": "Feature", "geometry": {"type": "LineString", "coordinates": [[-95.399306670126, 29.737786727555], [-95.3992914050171, 29.7369399781482]]}, "properties": {"centerlineid": 10136686, "roadclass": "LOCAL", "fullname": "MANDELL ST", "fromleft": 3901, "toleft": 3999, "fromright": 3900, "toright": 3998, "onewaydir": " "}}, {"type": "Feature", "geometry": {"type": "LineString", "coordinates": [[-95.3871378088616, 29.7272887499623], [-95.3875802525885, 29.7267279076595]]}, "properties": {"centerlineid": 10136771, "roadclass": "MAJOR", "fullname": "FANNIN ST", "fromleft": 5301, "toleft": 5399, "fromright": 5300, "toright": 5398, "onewaydir": "FT"}}, {"type": "Feature", "geometry": {"type": "LineString", "coordinates": [[-95.3937600340726, 29.739606387061], [-95.3947594296302, 29.7395968158424]]}, "properties": {"centerlineid": 10136779, "roadclass": "LOCAL", "fullname": "MARSHALL ST", "fromleft": 1201, "toleft": 1299, "fromright": 1200, "toright": 1298, "onewaydir": " "}}, {"type": "Feature", "geometry": {"type": "LineString", "coordinates": [[-95.3957359900993, 29.7395833200988], [-95.3957207303172, 29.7387251724354]]}, "properties": {"centerlineid": 10136901, "roadclass": "LOCAL", "fullname": "YUPON ST", "fromleft": 3701, "toleft": 3799, "fromright": 3700, "toright": 3798, "onewaydir": " "}}, {"type": "Feature", "geometry": {"type": "LineString", "coordinates": [[-95.3993295229697, 29.7395452377322], [-95.3993219845828, 29.7386985102419]]}, "properties": {"centerlineid": 10136903, "roadclass": "LOCAL", "fullname": "MANDELL ST", "fromleft": 3701, "toleft": 3799, "fromright": 3700, "toright": 3798, "onewaydir": " "}}, {"type": "Feature", "geometry": {"type": "LineString", "coordinates": [[-95.3844369496347, 29.7362492968654], [-95.3842767663203, 29.736215063848]]}, "properties": {"centerlineid": 10136941, "roadclass": "LOCAL", "fullname": "W MAIN ST", "fromleft": 301, "toleft": 399, "fromright": 300, "toright": 398, "onewaydir": " "}}, {"type": "Feature", "geometry": {"type": "LineString", "coordinates": [[-95.3888237601051, 29.7325909923392], [-95.3898081217688, 29.7325796136624]]}, "properties": {"centerlineid": 10136969, "roadclass": "LOCAL", "fullname": "WOODROW ST", "fromleft": 801, "toleft": 899, "fromright": 800, "toright": 898, "onewaydir": " "}}, {"type": "Feature", "geometry": {"type": "LineString", "coordinates": [[-95.3961937286711, 29.7257666044711], [-95.3971399480432, 29.7257513085345], [-95.3971474624222, 29.7257513244692]]}, "properties": {"centerlineid": 10137076, "roadclass": "MAJOR", "fullname": "BISSONNET ST", "fromleft": 1323, "toleft": 1399, "fromright": 1322, "toright": 1398, "onewaydir": " "}}, {"type": "Feature", "geometry": {"type": "LineString", "coordinates": [[-95.3869739383752, 29.7388569298599], [-95.3879322902185, 29.7388268847146]]}, "properties": {"centerlineid": 10137099, "roadclass": "MAJOR", "fullname": "W ALABAMA ST", "fromleft": 613, "toleft": 699, "fromright": 612, "toright": 698, "onewaydir": " "}}, {"type": "Feature", "geometry": {"type": "LineString", "coordinates": [[-95.3836688552547, 29.7364989454907], [-95.3832396222845, 29.7368733098462], [-95.3830502120877, 29.7370286908285], [-95.3828952357141, 29.737139145465], [-95.3827651952059, 29.737225436686], [-95.3826286892937, 29.7373080225339], [-95.3825028663187, 29.7373711446077], [-95.3822818999283, 29.7374697853782]]}, "properties": {"centerlineid": 10137118, "roadclass": "RAMP", "fullname": "SPUR 527 TO TRAVIS", "fromleft": 0, "toleft": 0, "fromright": 0, "toright": 0, "onewaydir": "FT"}}, {"type": "Feature", "geometry": {"type": "LineString", "coordinates": [[-95.3786995309811, 29.7315592137873], [-95.3778527918124, 29.7310481155824]]}, "properties": {"centerlineid": 10137143, "roadclass": "MAJOR", "fullname": "WHEELER ST", "fromleft": 1501, "toleft": 1599, "fromright": 1500, "toright": 1598, "onewaydir": " "}}, {"type": "Feature", "geometry": {"type": "LineString", "coordinates": [[-95.368056674037, 29.7242426243098], [-95.3663476588375, 29.7232201864202]]}, "properties": {"centerlineid": 10137269, "roadclass": "LOCAL", "fullname": "ROSEWOOD ST", "fromleft": 2801, "toleft": 2999, "fromright": 2800, "toright": 2998, "onewaydir": " "}}, {"type": "Feature", "geometry": {"type": "LineString", "coordinates": [[-95.3803704239839, 29.7342676084616], [-95.3804849966808, 29.7341149618401], [-95.3808128701404, 29.7336935317025]]}, "properties": {"centerlineid": 10137279, "roadclass": "LOCAL", "fullname": "SAN JACINTO ST", "fromleft": 4201, "toleft": 4299, "fromright": 4200, "toright": 4298, "onewaydir": "TF"}}, {"type": "Feature", "geometry": {"type": "LineString", "coordinates": [[-95.3722680765579, 29.7396463010244], [-95.3714210749717, 29.739137016703]]}, "properties": {"centerlineid": 10137283, "roadclass": "LOCAL", "fullname": "ROSALIE ST", "fromleft": 1501, "toleft": 1599, "fromright": 1500, "toright": 1598, "onewaydir": " "}}, {"type": "Feature", "geometry": {"type": "LineString", "coordinates": [[-95.3794166883087, 29.7403025381859], [-95.3785393574533, 29.7397665730006]]}, "properties": {"centerlineid": 10137308, "roadclass": "LOCAL", "fullname": "HOLMAN ST", "fromleft": 901, "toleft": 999, "fromright": 900, "toright": 998, "onewaydir": " "}}, {"type": "Feature", "geometry": {"type": "LineString", "coordinates": [[-95.3724588106648, 29.725062710526], [-95.370749818673, 29.7240290722563]]}, "properties": {"centerlineid": 10137343, "roadclass": "MAJOR", "fullname": "BLODGETT ST", "fromleft": 2401, "toleft": 2599, "fromright": 2400, "toright": 2598, "onewaydir": " "}}, {"type": "Feature", "geometry": {"type": "LineString", "coordinates": [[-95.3790123714323, 29.7279371837092], [-95.3782189969395, 29.7274564639986]]}, "properties": {"centerlineid": 10137360, "roadclass": "LOCAL", "fullname": "WENTWORTH ST", "fromleft": 1701, "toleft": 1799, "fromright": 1700, "toright": 1798, "onewaydir": " "}}, {"type": "Feature", "geometry": {"type": "LineString", "coordinates": [[-95.3686058743653, 29.7346814960207], [-95.368483817279, 29.7346185526372], [-95.3681328869431, 29.7344298506434], [-95.3677360980842, 29.7341952950728]]}, "properties": {"centerlineid": 10137406, "roadclass": "LOCAL", "fullname": "FRANCIS ST", "fromleft": 2101, "toleft": 2199, "fromright": 2100, "toright": 2198, "onewaydir": " "}}, {"type": "Feature", "geometry": {"type": "LineString", "coordinates": [[-95.3786614633511, 29.7268919324483], [-95.3776911122505, 29.7263110542915], [-95.3776763094477, 29.7263013158757], [-95.3776625622774, 29.726290462472], [-95.3776499806114, 29.7262785808244], [-95.377638665006, 29.7262657658951], [-95.377628705899, 29.7262521201051], [-95.377620182886, 29.7262377525162], [-95.3776131640854, 29.7262227779588], [-95.3776077055928, 29.7262073161143], [-95.3776008770647, 29.726184372131]]}, "properties": {"centerlineid": 10137425, "roadclass": "LOCAL", "fullname": "ARBOR ST", "fromleft": 1801, "toleft": 1899, "fromright": 1800, "toright": 1898, "onewaydir": " "}}, {"type": "Feature", "geometry": {"type": "LineString", "coordinates": [[-95.3722069043552, 29.7285760891126], [-95.3726876628001, 29.7279714424354]]}, "properties": {"centerlineid": 10137443, "roadclass": "LOCAL", "fullname": "HUTCHINS ST", "fromleft": 4301, "toleft": 4399, "fromright": 4300, "toright": 4398, "onewaydir": " "}}, {"type": "Feature", "geometry": {"type": "LineString", "coordinates": [[-95.3791191675473, 29.7374166323625], [-95.3782724064203, 29.7368806510443]]}, "properties": {"centerlineid": 10137475, "roadclass": "MAJOR", "fullname": "ALABAMA ST", "fromleft": 1101, "toleft": 1199, "fromright": 1100, "toright": 1198, "onewaydir": " "}}, {"type": "Feature", "geometry": {"type": "LineString", "coordinates": [[-95.3758690900672, 29.7398847596213], [-95.3763192434396, 29.7393202554189]]}, "properties": {"centerlineid": 10137603, "roadclass": "LOCAL", "fullname": "SAN JACINTO ST", "fromleft": 3301, "toleft": 3399, "fromright": 3300, "toright": 3398, "onewaydir": "FT"}}, {"type": "Feature", "geometry": {"type": "LineString", "coordinates": [[-95.3721993642134, 29.7349600935135], [-95.3721993954109, 29.7349562341919], [-95.3726570624586, 29.7343992478834]]}, "properties": {"centerlineid": 10137625, "roadclass": "LOCAL", "fullname": "CHENEVERT ST", "fromleft": 3601, "toleft": 3699, "fromright": 3600, "toright": 3698, "onewaydir": " "}}, {"type": "Feature", "geometry": {"type": "LineString", "coordinates": [[-95.3820760501291, 29.7352991250681], [-95.3811868202015, 29.7347636814311]]}, "properties": {"centerlineid": 10137639, "roadclass": "LOCAL", "fullname": "EAGLE ST", "fromleft": 1001, "toleft": 1099, "fromright": 1000, "toright": 1098, "onewaydir": " "}}, {"type": "Feature", "geometry": {"type": "LineString", "coordinates": [[-95.3821252939816, 29.7336058980405], [-95.3812783482462, 29.7331041679246]]}, "properties": {"centerlineid": 10137645, "roadclass": "MAJOR", "fullname": "WHEELER ST", "fromleft": 1101, "toleft": 1199, "fromright": 1100, "toright": 1198, "onewaydir": " "}}, {"type": "Feature", "geometry": {"type": "LineString", "coordinates": [[-95.3995046846681, 29.7344255561777], [-95.3995272629081, 29.7342713974973], [-95.3995202249924, 29.7335504883239]]}, "properties": {"centerlineid": 10136879, "roadclass": "LOCAL", "fullname": "MANDELL ST", "fromleft": 4301, "toleft": 4399, "fromright": 4300, "toright": 4398, "onewaydir": " "}}, {"type": "Feature", "geometry": {"type": "LineString", "coordinates": [[-95.3842143993927, 29.7359686190646], [-95.3846721014975, 29.735403662031], [-95.3853546635711, 29.7345381240935], [-95.3862416467502, 29.7333406313822], [-95.3865116921604, 29.7330126445574], [-95.3869348234715, 29.7326317561796], [-95.3872327864529, 29.732421760831], [-95.3875215477366, 29.7323011374808], [-95.387852390788, 29.7321773096749], [-95.3881328796493, 29.7321136421142], [-95.3888544404156, 29.732045813786], [-95.3896511511311, 29.731981873341], [-95.3910918808312, 29.7318931794809], [-95.3946940883403, 29.7315968990108], [-95.3987376992376, 29.7312667990161], [-95.399496610633, 29.73123118488], [-95.4014417134195, 29.7311398871369], [-95.4021151602459, 29.7311089581752], [-95.404431188745, 29.7309998315563], [-95.4064300099675, 29.7309056202256], [-95.4070039205904, 29.7309010203325], [-95.4128455270063, 29.7308199088257], [-95.4139720082828, 29.7307249375438], [-95.4152444909036, 29.7306474540087], [-95.4153443572846, 29.7306449563033], [-95.4160837109761, 29.7306264629856], [-95.4170950092454, 29.7306096078709], [-95.4172204762217, 29.7306075159246], [-95.4184636497033, 29.7305790419415], [-95.418661937516, 29.7305744995138], [-95.418820350655, 29.7305708699374], [-95.4227898311553, 29.7305600632605], [-95.4228892080329, 29.7305598250263], [-95.4235145797376, 29.7305302954365], [-95.4235757544571, 29.7305274062534], [-95.4236075371678, 29.7305257182453], [-95.4241174160053, 29.7304986516243], [-95.4247078411941, 29.7304572870362], [-95.4252303687711, 29.7303927503677], [-95.4259407570159, 29.730282769506], [-95.4270649718227, 29.7300941300802], [-95.4279203917678, 29.7299329849484], [-95.428125188303, 29.7299004405483], [-95.4283262275461, 29.729868492983], [-95.4288018301454, 29.7297929129886], [-95.4296356325045, 29.7296717057034], [-95.4315006565682, 29.7294005737049], [-95.4316035125348, 29.729390532792], [-95.4317017903076, 29.7293718496173], [-95.4318488355079, 29.7293544642674], [-95.4320251394804, 29.7293378603432], [-95.4321720344915, 29.7293247301908], [-95.433381383971, 29.7292675907348], [-95.4334953894449, 29.7292578271852], [-95.4337803268598, 29.729249802426], [-95.4344304168516, 29.7292314913099], [-95.4357456638121, 29.7291685083281], [-95.4365079109839, 29.7291461845917], [-95.4370020903452, 29.7291124670451], [-95.4382237778345, 29.7290050381513], [-95.4394408588415, 29.7289387679165], [-95.4404162574628, 29.7289092772649], [-95.4412043739374, 29.7288736757429], [-95.441423831546, 29.7288677496042], [-95.4414605702036, 29.7288667577308], [-95.441639781686, 29.7288662365844], [-95.4416878505339, 29.72886609626], [-95.4423795909418, 29.7289116358445], [-95.4426721668432, 29.7289308959091], [-95.4430156855258, 29.7289722709101], [-95.4434960863677, 29.7290301312755], [-95.4442971877999, 29.7291387575796], [-95.4448433729618, 29.7292476130129], [-95.445273787645, 29.7293333940024], [-95.4461743769475, 29.7295118966083], [-95.4474838053101, 29.7297888369469], [-95.4477918259622, 29.7298441873893], [-95.4482002258713, 29.7299147820634], [-95.4484261964224, 29.7299459379255], [-95.449284358485, 29.7300378905709], [-95.449995987484, 29.7300944971272], [-95.4504526468621, 29.7301077797517], [-95.450926985895, 29.7301203478423], [-95.4514118094204, 29.7301278323209], [-95.4515526163182, 29.7301283668155], [-95.4528789198703, 29.7300943525806], [-95.4553027645463, 29.7300552702505], [-95.4560403892491, 29.7300176630532], [-95.4565984366948, 29.7299681604401], [-95.4570190163736, 29.7298721774043], [-95.4574100166109, 29.7297048178476], [-95.4576003424804, 29.7296233517383], [-95.4583240887477, 29.7292783229913], [-95.4587290586658, 29.7291605002547], [-95.4591991695721, 29.7290515383826], [-95.4592168453973, 29.7290477946003], [-95.4594987942454, 29.728982433408], [-95.4596736931357, 29.7289259174612], [-95.4598018577641, 29.7288698666154], [-95.4598870305548, 29.7288341147419], [-95.4599603004615, 29.7288049593988]]}, "properties": {"centerlineid": 10125975, "roadclass": "HOV", "fullname": "S US 59 HOV", "fromleft": 3797, "toleft": 4599, "fromright": 3796, "toright": 4598, "onewaydir": "N"}}, {"type": "Feature", "geometry": {"type": "LineString", "coordinates": [[-95.3630727677907, 29.7443719844702], [-95.3634337315519, 29.7439145640765], [-95.3637177748227, 29.7435531603], [-95.3640396947811, 29.7431287374206], [-95.3640524632103, 29.743111904463], [-95.3643258331147, 29.7427514882127], [-95.3645766066445, 29.7424455533527], [-95.3646539611206, 29.742351080552], [-95.3654625877187, 29.7413457198011], [-95.3659923318132, 29.7407049296338]]}, "properties": {"centerlineid": 10196374, "roadclass": "FREEWAY", "fullname": "S US 59", "fromleft": 0, "toleft": 0, "fromright": 2, "toright": 88, "onewaydir": "FT"}}, {"type": "Feature", "geometry": {"type": "LineString", "coordinates": [[-95.3659923318132, 29.7407049296338], [-95.3660901884309, 29.7405862590299], [-95.3676217718501, 29.7387288534972], [-95.3685753366679, 29.7375044444469], [-95.3690910309242, 29.7368301099392], [-95.369101948334, 29.7368158340183]]}, "properties": {"centerlineid": 10196373, "roadclass": "FREEWAY", "fullname": "S US 59", "fromleft": 0, "toleft": 0, "fromright": 90, "toright": 150, "onewaydir": "FT"}}, {"type": "Feature", "geometry": {"type": "LineString", "coordinates": [[-95.3820641591055, 29.7385935511135], [-95.3828260976432, 29.7382317025065], [-95.3829787055963, 29.7381359881977], [-95.3830971425744, 29.7380219866725], [-95.3831957141449, 29.7378858562411], [-95.3832773774596, 29.7376703251406], [-95.3833359008586, 29.7374993288861], [-95.3834209521255, 29.7373058359464], [-95.3836231469818, 29.7369336538631]]}, "properties": {"centerlineid": 10200150, "roadclass": "RAMP", "fullname": "MILAM SPUR 527 RAMP", "fromleft": 0, "toleft": 0, "fromright": 0, "toright": 0, "onewaydir": "FT"}}, {"type": "Feature", "geometry": {"type": "LineString", "coordinates": [[-95.3891667025198, 29.7318256415687], [-95.3887443820983, 29.7317561427817], [-95.3885240138219, 29.7317404391942], [-95.3883152701138, 29.7317255643236], [-95.3877387677414, 29.7317052658913], [-95.3871548065797, 29.7317417961533], [-95.3866842514028, 29.7318051463842], [-95.3864437019902, 29.7318319276721], [-95.3861555334309, 29.7318194011891], [-95.3859498109179, 29.7317853338209], [-95.3857612503727, 29.7317279679444], [-95.3851693617514, 29.7313912611014]]}, "properties": {"centerlineid": 10200549, "roadclass": "RAMP", "fullname": "59 S NB MAIN EXIT RAMP", "fromleft": 0, "toleft": 0, "fromright": 0, "toright": 0, "onewaydir": "FT"}}, {"type": "Feature", "geometry": {"type": "LineString", "coordinates": [[-95.3842143993927, 29.7359686190646], [-95.3833196792716, 29.737216287385], [-95.3827826605659, 29.73791365979], [-95.3827013607498, 29.7381024546785]]}, "properties": {"centerlineid": 10200960, "roadclass": "RAMP", "fullname": "BAGBY TO US 59 HOV", "fromleft": null, "toleft": null, "fromright": null, "toright": null, "onewaydir": null}}, {"type": "Feature", "geometry": {"type": "LineString", "coordinates": [[-95.3842143993927, 29.7359686190646], [-95.3832060074672, 29.7371958562776], [-95.3825065731558, 29.7380117006272]]}, "properties": {"centerlineid": 10200957, "roadclass": "RAMP", "fullname": "S US 59 HOV TO SPUR 527", "fromleft": null, "toleft": null, "fromright": null, "toright": null, "onewaydir": null}}, {"type": "Feature", "geometry": {"type": "LineString", "coordinates": [[-95.3995933024526, 29.7257275600734], [-95.40078682814, 29.7257054703256]]}, "properties": {"centerlineid": 10201254, "roadclass": "MAJOR", "fullname": "BISSONNET ST", "fromleft": 1607, "toleft": 1631, "fromright": 1606, "toright": 1630, "onewaydir": " "}}, {"type": "Feature", "geometry": {"type": "LineString", "coordinates": [[-95.3934019411324, 29.7319823915358], [-95.393658396915, 29.7319809347509]]}, "properties": {"centerlineid": 10201292, "roadclass": "LOCAL", "fullname": "KENWOOD ST", "fromleft": 1101, "toleft": 1199, "fromright": 1100, "toright": 1198, "onewaydir": ""}}, {"type": "Feature", "geometry": {"type": "LineString", "coordinates": [[-95.393658396915, 29.7319809347509], [-95.3946863055519, 29.7319719869914]]}, "properties": {"centerlineid": 10201293, "roadclass": "LOCAL", "fullname": "KENWOOD ST", "fromleft": 1201, "toleft": 1299, "fromright": 1200, "toright": 1298, "onewaydir": ""}}, {"type": "Feature", "geometry": {"type": "LineString", "coordinates": [[-95.3946863055519, 29.7319719869914], [-95.3946907681651, 29.7318147652148], [-95.3946934225115, 29.7317124902924]]}, "properties": {"centerlineid": 10201294, "roadclass": "LOCAL", "fullname": "GRAUSTARK ST", "fromleft": 4575, "toleft": 4599, "fromright": 4574, "toright": 4598, "onewaydir": " "}}, {"type": "Feature", "geometry": {"type": "LineString", "coordinates": [[-95.3946603931549, 29.732665405052], [-95.3946679228001, 29.7326197406841], [-95.3946863055519, 29.7319719869914]]}, "properties": {"centerlineid": 10201295, "roadclass": "LOCAL", "fullname": "GRAUSTARK ST", "fromleft": 4501, "toleft": 4573, "fromright": 4500, "toright": 4572, "onewaydir": " "}}, {"type": "Feature", "geometry": {"type": "LineString", "coordinates": [[-95.3910975188239, 29.7325681648102], [-95.3910874562744, 29.732054212811]]}, "properties": {"centerlineid": 10201230, "roadclass": "MAJOR", "fullname": "MONTROSE BLVD", "fromleft": 4501, "toleft": 4599, "fromright": 4500, "toright": 4598, "onewaydir": " "}}, {"type": "Feature", "geometry": {"type": "LineString", "coordinates": [[-95.3910874562744, 29.732054212811], [-95.391090975213, 29.7320108293005], [-95.3910918808312, 29.7318931794809], [-95.3910897280539, 29.7317803037627], [-95.3910913680382, 29.7317275741243]]}, "properties": {"centerlineid": 10201232, "roadclass": "MAJOR", "fullname": "MONTROSE BLVD", "fromleft": 0, "toleft": 0, "fromright": 0, "toright": 0, "onewaydir": " "}}, {"type": "Feature", "geometry": {"type": "LineString", "coordinates": [[-95.394692685529, 29.7317369346039], [-95.3946934225115, 29.7317124902924], [-95.3946940883403, 29.7315968990108], [-95.3946996097428, 29.7314741468935], [-95.3947013343608, 29.7314502177448]]}, "properties": {"centerlineid": 10201235, "roadclass": "LOCAL", "fullname": "GRAUSTARK ST", "fromleft": 0, "toleft": 0, "fromright": 0, "toright": 0, "onewaydir": " "}}, {"type": "Feature", "geometry": {"type": "LineString", "coordinates": [[-95.3947013343608, 29.7314502177448], [-95.3947137898699, 29.7309278736602]]}, "properties": {"centerlineid": 10201234, "roadclass": "LOCAL", "fullname": "GRAUSTARK ST", "fromleft": 4601, "toleft": 4699, "fromright": 4600, "toright": 4698, "onewaydir": " "}}, {"type": "Feature", "geometry": {"type": "LineString", "coordinates": [[-95.3936618959357, 29.731249820317], [-95.3936672458432, 29.730940419017]]}, "properties": {"centerlineid": 10201237, "roadclass": "LOCAL", "fullname": "MT VERNON ST", "fromleft": 4601, "toleft": 4699, "fromright": 4600, "toright": 4698, "onewaydir": " "}}, {"type": "Feature", "geometry": {"type": "LineString", "coordinates": [[-95.3936685416971, 29.7326941559702], [-95.393658396915, 29.7319809347509]]}, "properties": {"centerlineid": 10201239, "roadclass": "LOCAL", "fullname": "MT VERNON ST", "fromleft": 4501, "toleft": 4599, "fromright": 4500, "toright": 4598, "onewaydir": " "}}, {"type": "Feature", "geometry": {"type": "LineString", "coordinates": [[-95.3936672458432, 29.730940419017], [-95.3937600289422, 29.7309393072156]]}, "properties": {"centerlineid": 10201241, "roadclass": "LOCAL", "fullname": "AUTREY ST", "fromleft": 1201, "toleft": 1211, "fromright": 1200, "toright": 1210, "onewaydir": " "}}, {"type": "Feature", "geometry": {"type": "LineString", "coordinates": [[-95.3937600289422, 29.7309393072156], [-95.3947137898699, 29.7309278736602]]}, "properties": {"centerlineid": 10201240, "roadclass": "LOCAL", "fullname": "AUTREY ST", "fromleft": 1213, "toleft": 1299, "fromright": 1212, "toright": 1298, "onewaydir": " "}}, {"type": "Feature", "geometry": {"type": "LineString", "coordinates": [[-95.3994946310146, 29.7314343967748], [-95.3994952131989, 29.7313913336404], [-95.399496610633, 29.73123118488], [-95.399497460463, 29.7311338939899]]}, "properties": {"centerlineid": 10201244, "roadclass": "LOCAL", "fullname": "MANDELL ST", "fromleft": 0, "toleft": 0, "fromright": 0, "toright": 0, "onewaydir": " "}}, {"type": "Feature", "geometry": {"type": "LineString", "coordinates": [[-95.399497460463, 29.7311338939899], [-95.3994974506696, 29.7304377579521]]}, "properties": {"centerlineid": 10201245, "roadclass": "LOCAL", "fullname": "MANDELL ST", "fromleft": 4701, "toleft": 4799, "fromright": 4700, "toright": 4798, "onewaydir": " "}}, {"type": "Feature", "geometry": {"type": "LineString", "coordinates": [[-95.3859341390672, 29.7304131664291], [-95.3861505816083, 29.7301381147656]]}, "properties": {"centerlineid": 10201509, "roadclass": "MAJOR", "fullname": "MAIN ST", "fromleft": 4901, "toleft": 4945, "fromright": 4900, "toright": 4944, "onewaydir": " "}}, {"type": "Feature", "geometry": {"type": "LineString", "coordinates": [[-95.3861505816083, 29.7301381147656], [-95.3865121677461, 29.7296786101561]]}, "properties": {"centerlineid": 10201508, "roadclass": "MAJOR", "fullname": "MAIN ST", "fromleft": 4947, "toleft": 4999, "fromright": 4946, "toright": 4998, "onewaydir": " "}}, {"type": "Feature", "geometry": {"type": "LineString", "coordinates": [[-95.4007334301372, 29.7231955732204], [-95.4011577992538, 29.7231045932549], [-95.4013665956897, 29.7230753115979], [-95.4034112459262, 29.7230582180553]]}, "properties": {"centerlineid": 10203800, "roadclass": "LOCAL", "fullname": "SUNSET BLVD", "fromleft": 1701, "toleft": 1799, "fromright": 1700, "toright": 1798, "onewaydir": " "}}, {"type": "Feature", "geometry": {"type": "LineString", "coordinates": [[-95.3898179402016, 29.7284704953315], [-95.389823415318, 29.7285665261689]]}, "properties": {"centerlineid": 10203869, "roadclass": "LOCAL", "fullname": "OAKDALE ST", "fromleft": 95, "toleft": 99, "fromright": 94, "toright": 98, "onewaydir": " "}}, {"type": "Feature", "geometry": {"type": "LineString", "coordinates": [[-95.3884119250744, 29.7282041543905], [-95.3884881466129, 29.7281813694759], [-95.3896401822776, 29.7281642320326], [-95.3897163565681, 29.7281774503302], [-95.3897622475, 29.7282059926132], [-95.3897928166394, 29.7282443099939], [-95.3898080897193, 29.728297704261], [-95.3898179402016, 29.7284704953315]]}, "properties": {"centerlineid": 10203868, "roadclass": "LOCAL", "fullname": "OAKDALE ST", "fromleft": 1, "toleft": 93, "fromright": 2, "toright": 92, "onewaydir": " "}}, {"type": "Feature", "geometry": {"type": "LineString", "coordinates": [[-95.3884740004219, 29.7289842256066], [-95.3896707318731, 29.7289804192939], [-95.3897316818507, 29.7289689898408], [-95.3897850601662, 29.7289366100783], [-95.3898234039619, 29.7288907529305], [-95.389830920571, 29.7288259241439], [-95.389823415318, 29.7285665261689]]}, "properties": {"centerlineid": 10203871, "roadclass": "LOCAL", "fullname": "PINEDALE ST", "fromleft": 11, "toleft": 99, "fromright": 12, "toright": 98, "onewaydir": " "}}, {"type": "Feature", "geometry": {"type": "LineString", "coordinates": [[-95.3926157379706, 29.742345371889], [-95.3926070040234, 29.7417641255578]]}, "properties": {"centerlineid": 10204407, "roadclass": "LOCAL", "fullname": "YOAKUM BLVD", "fromleft": 3401, "toleft": 3457, "fromright": 3400, "toright": 3456, "onewaydir": " "}}, {"type": "Feature", "geometry": {"type": "LineString", "coordinates": [[-95.3925699093116, 29.7387689872389], [-95.3925669947245, 29.7384301065554]]}, "properties": {"centerlineid": 10204410, "roadclass": "LOCAL", "fullname": "YOAKUM BLVD", "fromleft": 3801, "toleft": 3839, "fromright": 3800, "toright": 3838, "onewaydir": " "}}, {"type": "Feature", "geometry": {"type": "LineString", "coordinates": [[-95.3925669947245, 29.7384301065554], [-95.3925621496928, 29.7378668026513]]}, "properties": {"centerlineid": 10204409, "roadclass": "LOCAL", "fullname": "YOAKUM BLVD", "fromleft": 3841, "toleft": 3899, "fromright": 3840, "toright": 3898, "onewaydir": " "}}, {"type": "Feature", "geometry": {"type": "LineString", "coordinates": [[-95.3910438923909, 29.7285628489537], [-95.3910288287496, 29.7277560590049]]}, "properties": {"centerlineid": 10204356, "roadclass": "MAJOR", "fullname": "MONTROSE BLVD", "fromleft": 5001, "toleft": 5099, "fromright": 5000, "toright": 5098, "onewaydir": " "}}, {"type": "Feature", "geometry": {"type": "LineString", "coordinates": [[-95.391028810241, 29.7270054721494], [-95.391028809591, 29.7269624665457]]}, "properties": {"centerlineid": 10204357, "roadclass": "MAJOR", "fullname": "MONTROSE BLVD", "fromleft": 5197, "toleft": 5199, "fromright": 5196, "toright": 5198, "onewaydir": " "}}, {"type": "Feature", "geometry": {"type": "LineString", "coordinates": [[-95.3910288287496, 29.7277560590049], [-95.391028810241, 29.7270054721494]]}, "properties": {"centerlineid": 10204358, "roadclass": "MAJOR", "fullname": "MONTROSE BLVD", "fromleft": 5101, "toleft": 5195, "fromright": 5100, "toright": 5194, "onewaydir": " "}}, {"type": "Feature", "geometry": {"type": "LineString", "coordinates": [[-95.3937778559333, 29.740745291843], [-95.3937753194134, 29.7404588127983]]}, "properties": {"centerlineid": 10204370, "roadclass": "LOCAL", "fullname": "MT VERNON ST", "fromleft": 3569, "toleft": 3599, "fromright": 3568, "toright": 3598, "onewaydir": " "}}, {"type": "Feature", "geometry": {"type": "LineString", "coordinates": [[-95.393782867717, 29.741311497205], [-95.3937778559333, 29.740745291843]]}, "properties": {"centerlineid": 10204369, "roadclass": "LOCAL", "fullname": "MT VERNON ST", "fromleft": 3501, "toleft": 3567, "fromright": 3500, "toright": 3566, "onewaydir": " "}}, {"type": "Feature", "geometry": {"type": "LineString", "coordinates": [[-95.3937503451306, 29.7390688096749], [-95.3937447687032, 29.7387594026349]]}, "properties": {"centerlineid": 10204372, "roadclass": "LOCAL", "fullname": "MT VERNON ST", "fromleft": 3765, "toleft": 3799, "fromright": 3764, "toright": 3798, "onewaydir": " "}}, {"type": "Feature", "geometry": {"type": "LineString", "coordinates": [[-95.3937600340726, 29.739606387061], [-95.3937503451306, 29.7390688096749]]}, "properties": {"centerlineid": 10204371, "roadclass": "LOCAL", "fullname": "MT VERNON ST", "fromleft": 3701, "toleft": 3763, "fromright": 3700, "toright": 3762, "onewaydir": " "}}, {"type": "Feature", "geometry": {"type": "LineString", "coordinates": [[-95.3912043090617, 29.7404836865022], [-95.3925851975118, 29.7404818954543]]}, "properties": {"centerlineid": 10204376, "roadclass": "LOCAL", "fullname": "KIPLING ST", "fromleft": 1001, "toleft": 1099, "fromright": 1000, "toright": 1098, "onewaydir": " "}}, {"type": "Feature", "geometry": {"type": "LineString", "coordinates": [[-95.3926004617663, 29.7413286462628], [-95.3931480456857, 29.7413207063383]]}, "properties": {"centerlineid": 10204427, "roadclass": "LOCAL", "fullname": "HAROLD ST", "fromleft": 1101, "toleft": 1147, "fromright": 1100, "toright": 1146, "onewaydir": " "}}, {"type": "Feature", "geometry": {"type": "LineString", "coordinates": [[-95.3931480456857, 29.7413207063383], [-95.393782867717, 29.741311497205]]}, "properties": {"centerlineid": 10204428, "roadclass": "LOCAL", "fullname": "HAROLD ST", "fromleft": 1149, "toleft": 1199, "fromright": 1148, "toright": 1198, "onewaydir": " "}}, {"type": "Feature", "geometry": {"type": "LineString", "coordinates": [[-95.3912195952471, 29.7413400215798], [-95.3915726044323, 29.7413371136517]]}, "properties": {"centerlineid": 10204430, "roadclass": "LOCAL", "fullname": "HAROLD ST", "fromleft": 1001, "toleft": 1027, "fromright": 1000, "toright": 1026, "onewaydir": " "}}, {"type": "Feature", "geometry": {"type": "LineString", "coordinates": [[-95.3915726044323, 29.7413371136517], [-95.3926004617663, 29.7413286462628]]}, "properties": {"centerlineid": 10204429, "roadclass": "LOCAL", "fullname": "HAROLD ST", "fromleft": 1029, "toleft": 1099, "fromright": 1028, "toright": 1098, "onewaydir": " "}}, {"type": "Feature", "geometry": {"type": "LineString", "coordinates": [[-95.3711396096668, 29.737019989545], [-95.370787918545, 29.7368044405245]]}, "properties": {"centerlineid": 10204439, "roadclass": "LOCAL", "fullname": "STUART ST", "fromleft": 1759, "toleft": 1799, "fromright": 1758, "toright": 1798, "onewaydir": " "}}, {"type": "Feature", "geometry": {"type": "LineString", "coordinates": [[-95.3715889932966, 29.7373080175085], [-95.3716782944273, 29.7372297575116]]}, "properties": {"centerlineid": 10204442, "roadclass": "LOCAL", "fullname": "JACKSON ST", "fromleft": 3301, "toleft": 3317, "fromright": 3300, "toright": 3316, "onewaydir": "FT"}}, {"type": "Feature", "geometry": {"type": "LineString", "coordinates": [[-95.3716782944273, 29.7372297575116], [-95.3716957807191, 29.7372144327612], [-95.3720163766949, 29.7368101308776], [-95.372062025147, 29.7367300531571]]}, "properties": {"centerlineid": 10204441, "roadclass": "LOCAL", "fullname": "JACKSON ST", "fromleft": 3319, "toleft": 3399, "fromright": 3318, "toright": 3398, "onewaydir": "FT"}}, {"type": "Feature", "geometry": {"type": "LineString", "coordinates": [[-95.3684304191582, 29.7381511150208], [-95.3688806058132, 29.7375941256788]]}, "properties": {"centerlineid": 10204444, "roadclass": "LOCAL", "fullname": "HAMILTON ST", "fromleft": 3001, "toleft": 3099, "fromright": 3000, "toright": 3098, "onewaydir": "FT"}}, {"type": "Feature", "geometry": {"type": "LineString", "coordinates": [[-95.3710397821889, 29.7380059818058], [-95.3709257201457, 29.7379380669116]]}, "properties": {"centerlineid": 10204455, "roadclass": "MAJOR", "fullname": "ELGIN ST", "fromleft": 1701, "toleft": 1715, "fromright": 1700, "toright": 1714, "onewaydir": " "}}, {"type": "Feature", "geometry": {"type": "LineString", "coordinates": [[-95.368590470256, 29.7365380174351], [-95.3683918385639, 29.7364224753247], [-95.3680642263959, 29.7362285109112]]}, "properties": {"centerlineid": 10204457, "roadclass": "MAJOR", "fullname": "ELGIN ST", "fromleft": 0, "toleft": 0, "fromright": 0, "toright": 0, "onewaydir": " "}}, {"type": "Feature", "geometry": {"type": "LineString", "coordinates": [[-95.369361159061, 29.736989485173], [-95.3690910309242, 29.7368301099392], [-95.3688642693563, 29.7366964686721], [-95.3686870301364, 29.7365974485439], [-95.3686283991369, 29.7365600818697], [-95.368590470256, 29.7365380174351]]}, "properties": {"centerlineid": 10204458, "roadclass": "MAJOR", "fullname": "ELGIN ST", "fromleft": 0, "toleft": 0, "fromright": 0, "toright": 0, "onewaydir": " "}}, {"type": "Feature", "geometry": {"type": "LineString", "coordinates": [[-95.370787918545, 29.7368044405245], [-95.3709819065925, 29.7366243005641]]}, "properties": {"centerlineid": 10204460, "roadclass": "LOCAL", "fullname": "CHENEVERT ST", "fromleft": 3301, "toleft": 3343, "fromright": 3300, "toright": 3342, "onewaydir": " "}}, {"type": "Feature", "geometry": {"type": "LineString", "coordinates": [[-95.3709819065925, 29.7366243005641], [-95.3711950849994, 29.7363243695886]]}, "properties": {"centerlineid": 10204459, "roadclass": "LOCAL", "fullname": "CHENEVERT ST", "fromleft": 3345, "toleft": 3399, "fromright": 3344, "toright": 3398, "onewaydir": " "}}, {"type": "Feature", "geometry": {"type": "LineString", "coordinates": [[-95.3697122925364, 29.7381091029105], [-95.3702005613769, 29.7375062980027]]}, "properties": {"centerlineid": 10204463, "roadclass": "LOCAL", "fullname": "CHENEVERT ST", "fromleft": 3101, "toleft": 3199, "fromright": 3100, "toright": 3198, "onewaydir": " "}}, {"type": "Feature", "geometry": {"type": "LineString", "coordinates": [[-95.3706361767766, 29.7356820570119], [-95.3704929064711, 29.7358279794456]]}, "properties": {"centerlineid": 10204490, "roadclass": "LOCAL", "fullname": "HAMILTON ST", "fromleft": 3567, "toleft": 3599, "fromright": 3566, "toright": 3598, "onewaydir": "FT"}}, {"type": "Feature", "geometry": {"type": "LineString", "coordinates": [[-95.3713142935368, 29.7349544039032], [-95.3711566767925, 29.7351204229119], [-95.3710562732116, 29.7352424256294], [-95.3709965128381, 29.7353150413353], [-95.3709007370166, 29.7354125933207], [-95.3706361767766, 29.7356820570119]]}, "properties": {"centerlineid": 10204489, "roadclass": "LOCAL", "fullname": "HAMILTON ST", "fromleft": 3401, "toleft": 3565, "fromright": 3400, "toright": 3564, "onewaydir": "FT"}}, {"type": "Feature", "geometry": {"type": "LineString", "coordinates": [[-95.3910494989048, 29.7288521143512], [-95.3910438923909, 29.7285628489537]]}, "properties": {"centerlineid": 10204523, "roadclass": "MAJOR", "fullname": "MONTROSE BLVD", "fromleft": 4965, "toleft": 4999, "fromright": 4964, "toright": 4998, "onewaydir": " "}}, {"type": "Feature", "geometry": {"type": "LineString", "coordinates": [[-95.3910591943984, 29.7293523415895], [-95.3910494989048, 29.7288521143512]]}, "properties": {"centerlineid": 10204524, "roadclass": "MAJOR", "fullname": "MONTROSE BLVD", "fromleft": 4901, "toleft": 4963, "fromright": 4900, "toright": 4962, "onewaydir": " "}}, {"type": "Feature", "geometry": {"type": "LineString", "coordinates": [[-95.3887703573321, 29.7305426808708], [-95.3889077180901, 29.7306207197206], [-95.3890375733173, 29.7306819013594], [-95.3891977152968, 29.7306990115707], [-95.3901360000279, 29.7306894118547], [-95.3910821937827, 29.7306836926222]]}, "properties": {"centerlineid": 10205605, "roadclass": "LOCAL", "fullname": "CHELSEA BLVD", "fromleft": 1, "toleft": 99, "fromright": 2, "toright": 98, "onewaydir": " "}}, {"type": "Feature", "geometry": {"type": "LineString", "coordinates": [[-95.3939334574854, 29.7436878261876], [-95.3938191764407, 29.7435916047501], [-95.3936530296699, 29.7434916017097], [-95.3935045897584, 29.7434326736774]]}, "properties": {"centerlineid": 10206453, "roadclass": "MAJOR", "fullname": "COMMONWEALTH ST", "fromleft": 2867, "toleft": 2899, "fromright": 2866, "toright": 2898, "onewaydir": "FT"}}, {"type": "Feature", "geometry": {"type": "LineString", "coordinates": [[-95.3935045897584, 29.7434326736774], [-95.3936203526613, 29.7434095193267], [-95.3938058853316, 29.7434095441785], [-95.3938099706565, 29.7434095604901]]}, "properties": {"centerlineid": 10206455, "roadclass": "MAJOR", "fullname": "LOVETT BLVD", "fromleft": 1201, "toleft": 1225, "fromright": 1200, "toright": 1224, "onewaydir": " "}}, {"type": "Feature", "geometry": {"type": "LineString", "coordinates": [[-95.3938099706565, 29.7434095604901], [-95.3948053227977, 29.7434134160864]]}, "properties": {"centerlineid": 10206456, "roadclass": "MAJOR", "fullname": "LOVETT BLVD", "fromleft": 1227, "toleft": 1299, "fromright": 1226, "toright": 1298, "onewaydir": " "}}, {"type": "Feature", "geometry": {"type": "LineString", "coordinates": [[-95.3877030272954, 29.7325984585683], [-95.3878549282765, 29.7325987824783]]}, "properties": {"centerlineid": 10210734, "roadclass": "LOCAL", "fullname": "WOODROW ST", "fromleft": 611, "toleft": 699, "fromright": 610, "toright": 698, "onewaydir": ""}}, {"type": "Feature", "geometry": {"type": "LineString", "coordinates": [[-95.3955377160037, 29.7361185242007], [-95.3955377532985, 29.7356257167913], [-95.3955377305344, 29.7354121073589], [-95.3955377577425, 29.7353509844712], [-95.3955149126095, 29.7352975723817]]}, "properties": {"centerlineid": 10210876, "roadclass": "LOCAL", "fullname": "YUPON ST", "fromleft": 4105, "toleft": 4199, "fromright": 4104, "toright": 4198, "onewaydir": " "}}, {"type": "Feature", "geometry": {"type": "LineString", "coordinates": [[-95.3956903815734, 29.7369723660191], [-95.3956903852604, 29.736596551363], [-95.3956597807387, 29.7364610134265], [-95.3955986547234, 29.7363506112112], [-95.3955452435925, 29.7362435782225], [-95.3955377154264, 29.7361368037206], [-95.3955377160037, 29.7361185242007]]}, "properties": {"centerlineid": 10210877, "roadclass": "LOCAL", "fullname": "YUPON ST", "fromleft": 4001, "toleft": 4103, "fromright": 4000, "toright": 4102, "onewaydir": " "}}, {"type": "Feature", "geometry": {"type": "LineString", "coordinates": [[-95.3754152953102, 29.7242836037619], [-95.3756459281607, 29.7238450713599]]}, "properties": {"centerlineid": 10214172, "roadclass": "FRONTAGE", "fullname": "SOUTH FWY", "fromleft": 4949, "toleft": 4999, "fromright": 0, "toright": 0, "onewaydir": "TF"}}, {"type": "Feature", "geometry": {"type": "LineString", "coordinates": [[-95.3724588106648, 29.725062710526], [-95.3727488446589, 29.7246893822897]]}, "properties": {"centerlineid": 10214180, "roadclass": "MAJOR", "fullname": "EMANCIPATION AVE", "fromleft": 4701, "toleft": 4753, "fromright": 4700, "toright": 4752, "onewaydir": " "}}, {"type": "Feature", "geometry": {"type": "LineString", "coordinates": [[-95.3937139330095, 29.7356425566025], [-95.3937066315512, 29.7352900736707]]}, "properties": {"centerlineid": 10217195, "roadclass": "LOCAL", "fullname": "MT VERNON ST", "fromleft": 4161, "toleft": 4199, "fromright": 4160, "toright": 4198, "onewaydir": " "}}, {"type": "Feature", "geometry": {"type": "LineString", "coordinates": [[-95.3715889932966, 29.7373080175085], [-95.3716512537299, 29.7371177066021], [-95.3716933291061, 29.7369349461742], [-95.3716894553915, 29.7368130367475], [-95.3716734571029, 29.7367242360164]]}, "properties": {"centerlineid": 10217304, "roadclass": "RAMP", "fullname": "JACKSON SB 288 ENT RAMP", "fromleft": 0, "toleft": 0, "fromright": 0, "toright": 0, "onewaydir": "FT"}}, {"type": "Feature", "geometry": {"type": "LineString", "coordinates": [[-95.3716734571029, 29.7367242360164], [-95.3715783231139, 29.7365520873794], [-95.3714593478626, 29.7363577985055], [-95.3713762064699, 29.7363101678298], [-95.3712864943003, 29.7362934085701], [-95.3711950849994, 29.7363243695886]]}, "properties": {"centerlineid": 10217305, "roadclass": "RAMP", "fullname": "JACKSON SB 288 ENT RAMP", "fromleft": 0, "toleft": 0, "fromright": 0, "toright": 0, "onewaydir": "FT"}}, {"type": "Feature", "geometry": {"type": "LineString", "coordinates": [[-95.3714398132643, 29.7361375445921], [-95.3713774595274, 29.7360300029137], [-95.3713601308806, 29.7359975994318], [-95.3713067682583, 29.7359004193809], [-95.3712075359256, 29.7356751901401], [-95.3711555928405, 29.7355309794782], [-95.3710914020841, 29.7353539071163], [-95.3710461811628, 29.7352270004351], [-95.3710014472775, 29.7350000303027], [-95.3709992653757, 29.7349640268392], [-95.3709864321652, 29.7348017823284], [-95.3709864258574, 29.7346415744674], [-95.3709959151976, 29.7345971682279], [-95.3710318479202, 29.7344290276887], [-95.3710398186227, 29.7343917308125], [-95.3710931878639, 29.7341799849187], [-95.371184666847, 29.7338633045894], [-95.3712688773234, 29.7335246101746]]}, "properties": {"centerlineid": 10217308, "roadclass": "RAMP", "fullname": "JACKSON SB 288 ENT RAMP", "fromleft": 0, "toleft": 0, "fromright": 0, "toright": 0, "onewaydir": "FT"}}, {"type": "Feature", "geometry": {"type": "LineString", "coordinates": [[-95.3937219157827, 29.736134965186], [-95.394372789991, 29.7361323945107]]}, "properties": {"centerlineid": 10217712, "roadclass": "PRIVATE", "fullname": "W MAIN ST", "fromleft": 1201, "toleft": 1267, "fromright": 1200, "toright": 1266, "onewaydir": " "}}, {"type": "Feature", "geometry": {"type": "LineString", "coordinates": [[-95.373565734821, 29.7236700691338], [-95.3738307425714, 29.7233256098732]]}, "properties": {"centerlineid": 10221434, "roadclass": "MAJOR", "fullname": "EMANCIPATION AVE", "fromleft": 4901, "toleft": 4947, "fromright": 4900, "toright": 4946, "onewaydir": " "}}, {"type": "Feature", "geometry": {"type": "LineString", "coordinates": [[-95.3738307425714, 29.7233256098732], [-95.3741475851397, 29.7229389888971]]}, "properties": {"centerlineid": 10221433, "roadclass": "MAJOR", "fullname": "EMANCIPATION AVE", "fromleft": 4949, "toleft": 4999, "fromright": 4948, "toright": 4998, "onewaydir": " "}}, {"type": "Feature", "geometry": {"type": "LineString", "coordinates": [[-95.3730157886721, 29.7243494138], [-95.3732933715829, 29.7240063556212]]}, "properties": {"centerlineid": 10221437, "roadclass": "MAJOR", "fullname": "EMANCIPATION AVE", "fromleft": 4801, "toleft": 4851, "fromright": 4800, "toright": 4850, "onewaydir": " "}}, {"type": "Feature", "geometry": {"type": "LineString", "coordinates": [[-95.3721181275754, 29.7222980363509], [-95.3722452605043, 29.7221407129675], [-95.3723061323455, 29.7220624442715]]}, "properties": {"centerlineid": 10221440, "roadclass": "LOCAL", "fullname": "LIVE OAK ST", "fromleft": 4965, "toleft": 4999, "fromright": 4964, "toright": 4998, "onewaydir": " "}}, {"type": "Feature", "geometry": {"type": "LineString", "coordinates": [[-95.3717873144146, 29.7227129937886], [-95.371947725081, 29.7225107994456], [-95.3721181275754, 29.7222980363509]]}, "properties": {"centerlineid": 10221439, "roadclass": "LOCAL", "fullname": "LIVE OAK ST", "fromleft": 4901, "toleft": 4963, "fromright": 4900, "toright": 4962, "onewaydir": " "}}, {"type": "Feature", "geometry": {"type": "LineString", "coordinates": [[-95.3715838339613, 29.7229722263407], [-95.3717873144146, 29.7227129937886]]}, "properties": {"centerlineid": 10221442, "roadclass": "LOCAL", "fullname": "LIVE OAK ST", "fromleft": 4861, "toleft": 4899, "fromright": 4860, "toright": 4898, "onewaydir": " "}}, {"type": "Feature", "geometry": {"type": "LineString", "coordinates": [[-95.3713067881559, 29.7233251791623], [-95.3715838339613, 29.7229722263407]]}, "properties": {"centerlineid": 10221441, "roadclass": "LOCAL", "fullname": "LIVE OAK ST", "fromleft": 4801, "toleft": 4859, "fromright": 4800, "toright": 4858, "onewaydir": " "}}, {"type": "Feature", "geometry": {"type": "LineString", "coordinates": [[-95.3955377160231, 29.7361188164481], [-95.3959848034994, 29.7361160940635]]}, "properties": {"centerlineid": 10222624, "roadclass": "LOCAL", "fullname": "W MAIN ST", "fromleft": 1401, "toleft": 1419, "fromright": 1400, "toright": 1418, "onewaydir": ""}}, {"type": "Feature", "geometry": {"type": "LineString", "coordinates": [[-95.3865856759568, 29.7334060965823], [-95.3869141785789, 29.7334056786106]]}, "properties": {"centerlineid": 10231786, "roadclass": "LOCAL", "fullname": "OAKLEY ST", "fromleft": 501, "toleft": 599, "fromright": 500, "toright": 598, "onewaydir": " "}}, {"type": "Feature", "geometry": {"type": "LineString", "coordinates": [[-95.3869141785789, 29.7334056786106], [-95.3870004332359, 29.7334055688505], [-95.3878625042301, 29.7334055577891]]}, "properties": {"centerlineid": 10231787, "roadclass": "LOCAL", "fullname": "OAKLEY ST", "fromleft": 601, "toleft": 699, "fromright": 600, "toright": 698, "onewaydir": " "}}, {"type": "Feature", "geometry": {"type": "LineString", "coordinates": [[-95.3869141785789, 29.7334056786106], [-95.3869129332172, 29.7330901121918]]}, "properties": {"centerlineid": 10231788, "roadclass": "LOCAL", "fullname": "JACK ST", "fromleft": 4401, "toleft": 4499, "fromright": 4400, "toright": 4498, "onewaydir": " "}}, {"type": "Feature", "geometry": {"type": "LineString", "coordinates": [[-95.3869089621945, 29.7344775195326], [-95.3869164527966, 29.7342885808837], [-95.3869141785789, 29.7334056786106]]}, "properties": {"centerlineid": 10231789, "roadclass": "LOCAL", "fullname": "JACK ST", "fromleft": 4301, "toleft": 4399, "fromright": 4300, "toright": 4398, "onewaydir": " "}}, {"type": "Feature", "geometry": {"type": "LineString", "coordinates": [[-95.3949273468051, 29.7301210515429], [-95.3951256368585, 29.7299665533756], [-95.3951827801933, 29.7299228582497], [-95.3952493714333, 29.7298787628919], [-95.3953223921457, 29.7298432604021], [-95.3954003993268, 29.7298170521493], [-95.3954818478562, 29.7298006562184], [-95.3955651270577, 29.7297943971111], [-95.3972237046858, 29.7297719420401], [-95.3981810942978, 29.7297602454472], [-95.3981989944112, 29.7297598917582], [-95.3982168846603, 29.7297592681218], [-95.3982347585472, 29.7297583754915], [-95.3982526135283, 29.7297572126707], [-95.3982704430659, 29.7297557817404], [-95.3982882407018, 29.7297540825267], [-95.3983060025212, 29.729752116053], [-95.3983237233974, 29.729749881053], [-95.3983413967927, 29.7297473796077], [-95.3983590187922, 29.7297446127402], [-95.3983765828981, 29.7297415814042], [-95.3983940839835, 29.7297382843335], [-95.3984115180542, 29.7297347248059], [-95.3984288786122, 29.729730903775], [-95.3984461604909, 29.7297268211019], [-95.3984633597358, 29.7297224789372], [-95.3984804711407, 29.7297178782692], [-95.3984974882075, 29.7297130200516], [-95.3985144069818, 29.729707906435], [-95.3985312209656, 29.7297025383728], [-95.3985479274562, 29.7296969191778], [-95.3985645200354, 29.729691047549], [-95.3985809946689, 29.7296849278913], [-95.3985973448988, 29.7296785600314], [-95.3986135667307, 29.7296719472469], [-95.39862965625, 29.7296650905609], [-95.3986456068791, 29.7296579931818], [-95.3986504814897, 29.7296557772308], [-95.3988030920334, 29.729566147703]]}, "properties": {"centerlineid": 10136624, "roadclass": "LOCAL", "fullname": "BANKS ST", "fromleft": 1305, "toleft": 1529, "fromright": 1304, "toright": 1528, "onewaydir": null}}, {"type": "Feature", "geometry": {"type": "LineString", "coordinates": [[-95.3853982082761, 29.7325052097633], [-95.3851270342851, 29.7325052279177], [-95.385119200243, 29.7325051699734], [-95.3851113703942, 29.732504993663], [-95.3851035433673, 29.7325047012061], [-95.3850957231171, 29.7325042904527], [-95.3850879121869, 29.7325037625997], [-95.38508011316, 29.732503117717], [-95.3850723273281, 29.7325023558393], [-95.3850645598578, 29.7325014771062], [-95.3850568094175, 29.73250048261], [-95.3850490786305, 29.7324993712931], [-95.3850413713318, 29.7324981443875], [-95.3850336901045, 29.7324968019628], [-95.3850260374923, 29.732495345216], [-95.3850184122432, 29.7324937729851], [-95.3850108207357, 29.7324920876988], [-95.3850032630098, 29.73249028823], [-95.3849957416087, 29.7324883757754], [-95.3849882591158, 29.7324863504051], [-95.3849808180745, 29.7324842133158], [-95.3849734197765, 29.7324819645426], [-95.3849660667649, 29.7324796052823], [-95.3849587615434, 29.7324771378594], [-95.3849515055233, 29.7324745589267], [-95.3849443011281, 29.7324718730633], [-95.3849371523128, 29.732469078119], [-95.3849300589575, 29.7324661774758], [-95.3849230223938, 29.7324631700412], [-95.3849160477083, 29.7324600582093], [-95.3849091336095, 29.7324568419452], [-95.3849022852639, 29.7324535213884], [-95.3848955038434, 29.7324500999555], [-95.3845389623885, 29.7322666351001]]}, "properties": {"centerlineid": 10136748, "roadclass": "MAJOR", "fullname": "BLODGETT ST", "fromleft": 801, "toleft": 999, "fromright": 800, "toright": 998, "onewaydir": null}}, {"type": "Feature", "geometry": {"type": "LineString", "coordinates": [[-95.3867541327749, 29.732600980812], [-95.3864560486324, 29.7328830611676], [-95.3864353600547, 29.7329029570549], [-95.3864150413511, 29.732923141624], [-95.3863950992194, 29.7329436082855], [-95.3862108147533, 29.733172360806], [-95.3859866624821, 29.7335039682969], [-95.3857840178495, 29.7337724118178], [-95.3854235441144, 29.734236762586], [-95.3851650492405, 29.7345435420865], [-95.3847650535254, 29.735112513432], [-95.3845335067286, 29.7353978645854], [-95.3842233684272, 29.7358011504105], [-95.3836688552547, 29.7364989454907]]}, "properties": {"centerlineid": 10136637, "roadclass": "HIGHWAY", "fullname": "SPUR 527", "fromleft": 4001, "toleft": 4499, "fromright": 0, "toright": 0, "onewaydir": null}}, {"type": "Feature", "geometry": {"type": "LineString", "coordinates": [[-95.3854142868704, 29.7338464296359], [-95.3855189140261, 29.7337229519853], [-95.3857562840375, 29.7334401495603], [-95.3860110355263, 29.733160813732], [-95.3862446559359, 29.7329430681748], [-95.3862565135408, 29.7329322081613], [-95.3862685833225, 29.7329215265111], [-95.386280862458, 29.7329110299183], [-95.3862933496158, 29.7329007194754], [-95.3863060394298, 29.7328906006793], [-95.386318927985, 29.7328806745527], [-95.3863320099952, 29.7328709443381], [-95.386345284049, 29.7328614133825], [-95.3863587461517, 29.7328520849632], [-95.3863723885135, 29.7328429599983], [-95.3863862122665, 29.7328340430319], [-95.3867541327749, 29.732600980812]]}, "properties": {"centerlineid": 10137117, "roadclass": "RAMP", "fullname": "SPUR 527 TO RICHMOND RAMP", "fromleft": 0, "toleft": 0, "fromright": 0, "toright": 0, "onewaydir": null}}, {"type": "Feature", "geometry": {"type": "LineString", "coordinates": [[-95.3846124153929, 29.7335942894167], [-95.3846095837464, 29.7335799921419], [-95.3846093462237, 29.7335788505908], [-95.3846090852516, 29.7335777140487], [-95.3846088022016, 29.7335765802959], [-95.384608496954, 29.7335754527142], [-95.3846081695885, 29.733574329049], [-95.3846078200652, 29.7335732104277], [-95.3846074470926, 29.7335720968154], [-95.3846070532139, 29.7335709894091], [-95.3846066371375, 29.7335698881738], [-95.3846061988634, 29.7335687931098], [-95.3846057396433, 29.733567705379], [-95.3846052582255, 29.7335666238194], [-95.3846047558218, 29.7335655507203], [-95.3846042311804, 29.7335644849197], [-95.3846036868848, 29.7335634264871], [-95.3846031202715, 29.7335623776077], [-95.3846025339641, 29.7335613372236], [-95.3846019266706, 29.7335603053002], [-95.384601299643, 29.7335592829994], [-95.3846006515895, 29.7335582702865], [-95.3845999838017, 29.7335572671964], [-95.3845992962399, 29.7335562748562], [-95.3845985889038, 29.7335552932662], [-95.3845978617936, 29.7335543224261], [-95.3845971162009, 29.7335533623709], [-95.3845963520857, 29.7335524142278], [-95.3845955694481, 29.7335514779969], [-95.3845947670363, 29.7335505525161], [-95.3845939473537, 29.7335496401096], [-95.3845931091088, 29.7335487407425], [-95.3845922523414, 29.7335478532877], [-95.384591379595, 29.7335469789419], [-95.3845904882461, 29.733546118763], [-95.3845895809182, 29.7335452716932], [-95.3845886562796, 29.7335444388251], [-95.3845877156619, 29.7335436190661], [-95.3845867589853, 29.7335428146708], [-95.3845857862896, 29.7335420245121], [-95.3845847975349, 29.7335412497172], [-95.3845837940528, 29.7335404891935], [-95.3845665404204, 29.7335276475691], [-95.3838183693384, 29.7330821577317]]}, "properties": {"centerlineid": 10137106, "roadclass": "LOCAL", "fullname": "RUTH ST", "fromleft": 901, "toleft": 999, "fromright": 900, "toright": 998, "onewaydir": null}}, {"type": "Feature", "geometry": {"type": "LineString", "coordinates": [[-95.3661797371062, 29.7314485319065], [-95.3654036133822, 29.7309830363547], [-95.3654006550311, 29.7309812296694], [-95.3653977331598, 29.7309793788388], [-95.3653948490197, 29.7309774850251], [-95.3653920013191, 29.7309755481934], [-95.3653891913096, 29.730973569506], [-95.3653864215744, 29.7309715490329], [-95.3653836907817, 29.7309694878665], [-95.3653810015147, 29.7309673860768], [-95.3653783537734, 29.7309652436637], [-95.3653757474776, 29.7309630628821], [-95.3653731852104, 29.7309608438018], [-95.365370667012, 29.7309585852955], [-95.3653681927619, 29.7309562907452], [-95.3653657650434, 29.730953960221], [-95.3653633813135, 29.7309515925255], [-95.3653610453665, 29.7309491900184], [-95.3653587572025, 29.7309467526996], [-95.3653565167412, 29.7309442828238], [-95.3653543253545, 29.7309417781715], [-95.365352182922, 29.7309392421245], [-95.3653500907353, 29.7309366747178], [-95.3653480487943, 29.7309340759515], [-95.3653460583505, 29.730931446988], [-95.3653441193638, 29.7309287889543], [-95.3653422330856, 29.7309261030131], [-95.3653403995159, 29.7309233891641], [-95.3653386199463, 29.7309206474425], [-95.3653368942966, 29.7309178801029], [-95.3653352225666, 29.7309150871452], [-95.3653336060079, 29.7309122697318], [-95.3653320445803, 29.7309094289899], [-95.3653305395754, 29.7309065649548], [-95.3653290896614, 29.7309036787184], [-95.3653276973815, 29.7309007714783], [-95.3653263626954, 29.7308978443618], [-95.3653176821817, 29.7308783248659]]}, "properties": {"centerlineid": 10137171, "roadclass": "LOCAL", "fullname": "BERRY ST", "fromleft": 2501, "toleft": 2599, "fromright": 2500, "toright": 2598, "onewaydir": " "}}, {"type": "Feature", "geometry": {"type": "LineString", "coordinates": [[-95.3949273468051, 29.7301210515429], [-95.3950314748893, 29.7301761537277], [-95.3950386339347, 29.7301800158439], [-95.3950457167873, 29.7301839853609], [-95.3950527196519, 29.7301880599199], [-95.3950596412768, 29.7301922383589], [-95.3950664803704, 29.7301965206431], [-95.3950732344292, 29.7302009044483], [-95.3950798995782, 29.7302053896704], [-95.3950864772286, 29.7302099729623], [-95.3950929621742, 29.7302146553121], [-95.395099355826, 29.7302194333729], [-95.3951056530175, 29.7302243070054], [-95.3951118538286, 29.7302292739553], [-95.3951179570072, 29.7302343330604], [-95.3951239587186, 29.7302394830892], [-95.3951298577107, 29.7302447228796], [-95.3951356528116, 29.730250049015], [-95.3951413426898, 29.730255462588], [-95.3951469261732, 29.7302609601819], [-95.3951523994267, 29.7302665405651], [-95.3951577625299, 29.7302722014832], [-95.3951630128997, 29.7302779428665], [-95.3951681506157, 29.7302837624605], [-95.3951731719226, 29.730289656779], [-95.3951780767803, 29.7302956269493], [-95.395182864017, 29.730301669555], [-95.3951875311289, 29.7303077822717], [-95.3951920768642, 29.7303139639375], [-95.3951965012628, 29.7303202134251], [-95.3952008018211, 29.7303265284104], [-95.3952049773271, 29.730332906604], [-95.3952090265289, 29.7303393468439], [-95.3952129482545, 29.7303458457136], [-95.3952167412122, 29.7303524031781], [-95.3952204054816, 29.730359016983], [-95.395223938599, 29.7303656836769], [-95.3952273405643, 29.7303724032597], [-95.3952306089138, 29.7303791722801], [-95.3952337436872, 29.7303859896108], [-95.3952367436726, 29.7303928529624], [-95.3952396089497, 29.7303997600804], [-95.3952423382664, 29.7304067098026], [-95.3952449291592, 29.7304136986778], [-95.3952473829595, 29.7304207256134], [-95.3952496971635, 29.7304277882853], [-95.3952518731426, 29.7304348844736], [-95.3952539096847, 29.7304420118889], [-95.3952558042465, 29.7304491693347], [-95.3952575581991, 29.7304563545908], [-95.3952591703704, 29.7304635642409], [-95.3952606408002, 29.7304707971574], [-95.3952619682764, 29.7304780510511], [-95.3952631528788, 29.7304853236675], [-95.3952641946868, 29.7304926127519], [-95.3952650924488, 29.7304999171422], [-95.3952783257154, 29.7306170717659]]}, "properties": {"centerlineid": 10136895, "roadclass": "LOCAL", "fullname": "VASSAR ST", "fromleft": 1305, "toleft": 1307, "fromright": 0, "toright": 0, "onewaydir": null}}, {"type": "Feature", "geometry": {"type": "LineString", "coordinates": [[-95.3947137898699, 29.7309278736602], [-95.3948070839579, 29.7309225435063], [-95.3948161637335, 29.7309219551363], [-95.3948252315372, 29.7309212299109], [-95.3948342822024, 29.7309203676911], [-95.3948433156894, 29.7309193696041], [-95.3948523268714, 29.7309182343838], [-95.3948613157086, 29.7309169631573], [-95.3948702770344, 29.7309155557856], [-95.3948792082258, 29.7309140133265], [-95.3948881092429, 29.7309123369072], [-95.3948969749589, 29.7309105252616], [-95.394905802711, 29.7309085805746], [-95.3949145912075, 29.7309065028115], [-95.3949233365736, 29.730904291868], [-95.3949320374777, 29.7309019488367], [-95.3949406899653, 29.7308994758678], [-95.3949492927846, 29.7308968717994], [-95.3949578420208, 29.7308941376544], [-95.3949663363027, 29.7308912756527], [-95.3949747717952, 29.7308882845627], [-95.394983147127, 29.7308851666043], [-95.3949914583834, 29.7308819228006], [-95.3949997055245, 29.7308785542787], [-95.3950078833839, 29.7308750608997], [-95.3950159918818, 29.7308714449182], [-95.3950240258119, 29.7308677073224], [-95.3950319851744, 29.7308638481125], [-95.395039867306, 29.7308598694733], [-95.3950476696237, 29.7308557713356], [-95.3950553881332, 29.7308515569768], [-95.3950630228343, 29.730847226397], [-95.3950705698123, 29.7308427806192], [-95.395078027696, 29.7308382218633], [-95.3950853938624, 29.7308335511871], [-95.3950926656883, 29.7308287696483], [-95.3950998431339, 29.7308238783743], [-95.3951069209133, 29.7308188806079], [-95.3951138990662, 29.7308137752219], [-95.3951207748899, 29.7308085655286], [-95.3951275470133, 29.7308032537479], [-95.3951342116011, 29.7307978386483], [-95.3951407684942, 29.7307923247389], [-95.3951472137778, 29.7307867130428], [-95.395153547452, 29.7307810035599], [-95.395159766814, 29.7307751996028], [-95.3951658705324, 29.7307693022639], [-95.3951718559443, 29.7307633137282], [-95.3951777216784, 29.7307572362158], [-95.3951834664034, 29.7307510708191], [-95.3951890874961, 29.730744818596], [-95.3951945835455, 29.7307384828935], [-95.3951999531803, 29.7307320659315], [-95.3952051938173, 29.7307255676405], [-95.395210305337, 29.7307189914025], [-95.3952152864081, 29.7307123383099], [-95.3952201343278, 29.7307056116752], [-95.3952248477646, 29.730698812591], [-95.3952294253474, 29.7306919432769], [-95.3952783257154, 29.7306170717659]]}, "properties": {"centerlineid": 10136890, "roadclass": "LOCAL", "fullname": "VASSAR ST", "fromleft": 0, "toleft": 0, "fromright": 1300, "toright": 1306, "onewaydir": null}}, {"type": "Feature", "geometry": {"type": "LineString", "coordinates": [[-95.397651083976, 29.7322649639249], [-95.3977091557719, 29.7322347451018], [-95.3977248309762, 29.7322267467517], [-95.3977406620575, 29.7322189839067], [-95.3977566424385, 29.732211459775], [-95.3977727694961, 29.7322041754143], [-95.3977890366132, 29.7321971351602], [-95.3978054399147, 29.7321903389084], [-95.3978219741547, 29.7321837887745], [-95.397838635339, 29.7321774880362], [-95.3978554182613, 29.7321714376817], [-95.3978723176756, 29.7321656398267], [-95.3978893283757, 29.7321600954596], [-95.3979064451154, 29.7321548066959], [-95.3979236639406, 29.732149775686], [-95.3979409783532, 29.7321450033835], [-95.3979583844388, 29.7321404908115], [-95.3979758769512, 29.7321362400857], [-95.3979934506843, 29.7321322521942], [-95.3980111004318, 29.7321285281255], [-95.3980288210273, 29.7321250677408], [-95.3980466058935, 29.732121874248], [-95.3980644511157, 29.7321189486704], [-95.3980823528589, 29.7321162897764], [-95.3981003020023, 29.7321138995775], [-95.3981182972544, 29.7321117780389], [-95.3981363307858, 29.7321099272069], [-95.3981543987218, 29.7321083469773], [-95.3981724946045, 29.7321070371762], [-95.3981906132275, 29.7321059987922], [-95.3982087494245, 29.7321052316864], [-95.3982268992809, 29.7321047368817], [-95.3982450550471, 29.73210451417], [-95.3993828657822, 29.7320990776699], [-95.3994515723461, 29.7320703151997], [-95.3994896916222, 29.7320246829474]]}, "properties": {"centerlineid": 10136974, "roadclass": "LOCAL", "fullname": "CASTLE CT", "fromleft": 1531, "toleft": 1599, "fromright": 1530, "toright": 1598, "onewaydir": " "}}, {"type": "Feature", "geometry": {"type": "LineString", "coordinates": [[-95.3945839896561, 29.7254195716455], [-95.3947355981475, 29.7253892607246], [-95.3947442287797, 29.7253874664677], [-95.3947528227018, 29.7253855403311], [-95.3947613759598, 29.7253834844655], [-95.3947698885534, 29.7253812988706], [-95.3947783552766, 29.7253789845348], [-95.3947867735065, 29.7253765425159], [-95.3947951432829, 29.7253739716864], [-95.3948034606116, 29.7253712753243], [-95.3948117216578, 29.7253684521977], [-95.3948199263417, 29.7253655045613], [-95.3948280694973, 29.7253624322761], [-95.394836152376, 29.7253592365041], [-95.3948441684805, 29.7253559181989], [-95.3948521177309, 29.725352479615], [-95.3948599975443, 29.725348920683], [-95.3948678052975, 29.7253452424607], [-95.3948755370762, 29.725341445971], [-95.394883194132, 29.725337532376], [-95.3948907699674, 29.7253335026292], [-95.3948982657942, 29.7253293590201], [-95.3949056776979, 29.7253251025716], [-95.3949130030955, 29.7253207332143], [-95.3949202405758, 29.7253162542952], [-95.3949273862643, 29.7253116657101], [-95.3949344414127, 29.7253069686212], [-95.3949414007351, 29.7253021662711], [-95.3949482629801, 29.725297257498], [-95.3949550266965, 29.7252922467762], [-95.3949616893414, 29.7252871329089], [-95.3949682495034, 29.7252819192434], [-95.3949747045996, 29.72527660571], [-95.3949810532189, 29.725271195656], [-95.394987291447, 29.7252656901044], [-95.3949934205354, 29.7252600902172], [-95.3949994365299, 29.7252543981448], [-95.3950053367678, 29.7252486160723], [-95.3950111225008, 29.7252427451617], [-95.3950167898144, 29.725236786436], [-95.3950223372975, 29.7252307432425], [-95.395027763619, 29.7252246166737], [-95.3950330661557, 29.7252184077873], [-95.3950382447884, 29.7252121199653], [-95.395043296894, 29.7252057542655], [-95.3950482223929, 29.7251993129425], [-95.3950530173309, 29.7251927981466], [-95.3950576829596, 29.7251862110398], [-95.3950622153248, 29.7251795537726], [-95.395066614347, 29.7251728285995], [-95.3950708786549, 29.7251660377404], [-95.3950750081687, 29.7251591834499], [-95.3950789989345, 29.7251522678783], [-95.3950828509122, 29.7251452921529], [-95.3950865640223, 29.7251382585283], [-95.3950901368538, 29.7251311703517], [-95.3950935667837, 29.7251240286809], [-95.3950968537326, 29.7251168357705], [-95.3950999976206, 29.725109593875], [-95.3951029957454, 29.7251023063069], [-95.3951058481069, 29.7250949730663], [-95.3951085545459, 29.7250875986622], [-95.3951111137709, 29.7250801830598], [-95.3951135243309, 29.7250727307339], [-95.3951157848948, 29.7250652427766], [-95.3951178966744, 29.7250577214777], [-95.3951198582986, 29.7250501690566], [-95.3951216683962, 29.7250425877335], [-95.3951233281393, 29.725034980925], [-95.3951248349051, 29.7250273496887], [-95.3951261899054, 29.7250196963141], [-95.3951273917293, 29.7250120241484], [-95.395128440337, 29.7250043343187], [-95.395129335649, 29.7249966290798], [-95.3951300762143, 29.724988912906], [-95.3951306633245, 29.7249811858322], [-95.3951310968604, 29.7249734512402], [-95.3951313754505, 29.7249657113498], [-95.3951315003468, 29.7249579673231], [-95.3951314700985, 29.7249502236346], [-95.3951312859572, 29.7249424814463], [-95.3951309478434, 29.7249347430127], [-95.3951304543461, 29.7249270116812], [-95.3951298080087, 29.7249192886483], [-95.3951290061682, 29.7249115760993], [-95.3951280512887, 29.7249038774855], [-95.39512694333, 29.7248961939343], [-95.3951256834644, 29.7248885288622], [-95.395124269069, 29.7248808833271], [-95.3951227026075, 29.7248732607803], [-95.3951209852918, 29.7248656635112], [-95.3951191170422, 29.7248580937745], [-95.3951170965275, 29.7248505526626], [-95.3951149275028, 29.7248430436617], [-95.3951126073054, 29.7248355689568], [-95.3951101397304, 29.724828130907], [-95.395107524698, 29.7248207317666], [-95.3951047608771, 29.7248133726283], [-95.3951018520228, 29.7248060569782], [-95.3950987968037, 29.7247987859088], [-95.3950955976436, 29.7247915639989], [-95.395092255874, 29.7247843901559], [-95.395088770044, 29.7247772688543], [-95.3950629478979, 29.7247257532489], [-95.3950629183744, 29.7247257107047], [-95.3950577491904, 29.7247199116824], [-95.3950524647757, 29.7247141908012], [-95.3950470675539, 29.72470855264], [-95.3950415588564, 29.7247029961062], [-95.3950359398554, 29.7246975246163], [-95.395030213094, 29.7246921393671], [-95.3950243798241, 29.7246868415209], [-95.3950184425887, 29.7246816322743], [-95.3950124012685, 29.7246765150092], [-95.3950062597381, 29.7246714898299], [-95.3950000179179, 29.724666558991], [-95.3949936796426, 29.724661723724], [-95.394987246164, 29.724656985191], [-95.3949807187337, 29.724652344554], [-95.3949740998552, 29.7246478041371], [-95.3949673907802, 29.7246433651024], [-95.3949605953435, 29.7246390286815], [-95.3949537148366, 29.724634794909], [-95.3949467504317, 29.7246306672017], [-95.3949397047116, 29.724626645629], [-95.3949325801799, 29.7246227325151], [-95.394925378168, 29.7246189267673], [-95.3949181011393, 29.7246152318372], [-95.3949107529686, 29.7246116478289], [-95.3949033336159, 29.7246081758698], [-95.3948958469559, 29.7246048160641], [-95.3948882928691, 29.7246015717937], [-95.3948806765615, 29.7245984420703], [-95.3948729992846, 29.7245954280561], [-95.3948652622505, 29.7245925320402], [-95.3948574693735, 29.7245897529999], [-95.3948496218655, 29.7245870932242], [-95.3948417223096, 29.7245845527829], [-95.394833773249, 29.7245821328726], [-95.3948257785184, 29.724579834725], [-95.3948177381577, 29.7245776572127], [-95.3948096560016, 29.7245756015674], [-95.3948015332619, 29.7245736700784], [-95.3947933738532, 29.7245718617226], [-95.3947851790271, 29.7245701776622], [-95.3947769526581, 29.7245686180013], [-95.3947686959981, 29.7245671839021], [-95.3947604129214, 29.7245658754688], [-95.3947521047596, 29.724564691609], [-95.3947437739761, 29.7245636357739], [-95.3947354232337, 29.7245627057786], [-95.3947270550755, 29.7245619028198], [-95.3947186720847, 29.7245612269671], [-95.3947102768443, 29.72456067829], [-95.3947018732288, 29.7245602568927], [-95.3946934611985, 29.7245599639027], [-95.3946850446676, 29.7245597982968], [-95.3946766261795, 29.7245597612719], [-95.3946682083969, 29.724559850643], [-95.3946597938231, 29.724560068734], [-95.394651385081, 29.7245604144873], [-95.3946429847934, 29.7245608868452], [-95.3946345941724, 29.7245614880969], [-95.394626217172, 29.7245622160921], [-95.3946178563753, 29.7245630709005], [-95.3946095130739, 29.7245640525567], [-95.3946011911822, 29.7245651600377], [-95.3945928919517, 29.7245663945057], [-95.3945846192971, 29.7245677549376], [-95.3945763745495, 29.7245692402408], [-95.3945681615438, 29.7245708516471], [-95.3945599816909, 29.7245725858092], [-95.3945518362028, 29.7245744450165], [-95.3945437303251, 29.7245764271535], [-95.3945356653495, 29.724578532255], [-95.3945276426072, 29.7245807592284], [-95.3945196659729, 29.724583108178], [-95.3945117367778, 29.7245855780113], [-95.3945038589763, 29.7245881665781], [-95.39449603382, 29.7245908750403], [-95.3944882626403, 29.7245937023055], [-95.394480550683, 29.7245966462582], [-95.3944728966166, 29.7245997079908], [-95.3944653057268, 29.7246028842605], [-95.3944577792654, 29.7246061762295], [-95.394450319895, 29.7246095817127], [-95.3944429289469, 29.7246130996175], [-95.3944356103357, 29.7246167289209], [-95.3944283640613, 29.7246204696231], [-95.3944211927864, 29.7246243195388], [-95.3944141004254, 29.7246282776452], [-95.3944070883097, 29.7246323428497], [-95.3944001577707, 29.7246365140597], [-95.3943933114712, 29.7246407890903], [-95.3943865507025, 29.7246451679762], [-95.394379879419, 29.7246496485671], [-95.3943732976606, 29.7246542297358], [-95.3943668080502, 29.7246589104244], [-95.3943604132105, 29.7246636895753], [-95.3943541132612, 29.7246685638066], [-95.3943479133684, 29.7246735332572], [-95.3943418122803, 29.7246785967653], [-95.3943358126997, 29.7246837510183], [-95.3943299171696, 29.7246889972133], [-95.394324127141, 29.7246943308757], [-95.3943184451969, 29.7246997520751], [-95.3943128714171, 29.7247052585569], [-95.3943074071727, 29.7247108481014], [-95.3943020563384, 29.7247165208127], [-95.3942968190336, 29.7247222733091], [-95.3942941863871, 29.7247252163186], [-95.3942172416368, 29.7248328271438], [-95.3942132868753, 29.7248384663457], [-95.3942094450691, 29.7248441650066], [-95.3942057176291, 29.7248499197795], [-95.3942021058072, 29.7248557318265], [-95.3941986097626, 29.7248615966383], [-95.3941952307869, 29.7248675142498], [-95.3941919702913, 29.7248734813137], [-95.3941888282756, 29.7248794978302], [-95.3941858074425, 29.7248855604868], [-95.3941829077921, 29.7248916692837], [-95.3941801294836, 29.7248978197115], [-95.3941774751001, 29.7249040118398], [-95.3941749434299, 29.7249102433793], [-95.3941725358441, 29.7249165121102], [-95.3941702549657, 29.7249228169747], [-95.3941680982913, 29.7249291556487], [-95.3941660698151, 29.7249355248546], [-95.3941641669539, 29.7249419245228], [-95.3941623923705, 29.7249483524683], [-95.3941607461447, 29.7249548064366], [-95.3941592296875, 29.7249612830805], [-95.394157840376, 29.7249677834577], [-95.3941565822442, 29.7249743031634], [-95.3941554527489, 29.7249808410007], [-95.3941544545528, 29.7249873947846], [-95.3941535877358, 29.7249939622606], [-95.3941528497543, 29.7250005422317], [-95.3941522445232, 29.725007133675], [-95.3941517696184, 29.7250137320117], [-95.3941514276631, 29.7250203361841], [-95.3941512160742, 29.7250269461227], [-95.3941511363025, 29.725033557353], [-95.3941511870964, 29.725040168713], [-95.3941513711187, 29.7250467780176], [-95.3941516858261, 29.7250533840699], [-95.3941521326297, 29.725059983523], [-95.394152710238, 29.7250665763418], [-95.3941534187705, 29.7250731591446], [-95.394154258307, 29.7250797296769], [-95.3941552288871, 29.7250862868112], [-95.3941563305907, 29.725092828293], [-95.3941575609144, 29.7250993517982], [-95.3941589224811, 29.7251058562689], [-95.3941604115357, 29.725112338219], [-95.3941620307011, 29.7251187965908], [-95.3941637774341, 29.7251252301873], [-95.394165653106, 29.7251316367887], [-95.3941676552532, 29.7251380129437], [-95.3941697839154, 29.7251443575249], [-95.3941720391326, 29.725150669405], [-95.3941744184015, 29.7251569462598], [-95.3941769243847, 29.7251631859044], [-95.3941795519559, 29.7251693870722], [-95.3941823038177, 29.7251755464511], [-95.3941851773871, 29.7251816639713], [-95.3941881727836, 29.7251877362511], [-95.3941912887156, 29.7251937632556], [-95.3941945240112, 29.7251997415681], [-95.3941978774186, 29.7252056700268], [-95.3942013490175, 29.7252115463767], [-95.3942049375562, 29.725217369456], [-95.3942086405312, 29.7252231369404], [-95.3942124579826, 29.7252288477027], [-95.3942163886983, 29.7252344994536], [-95.3942204301351, 29.725240090996], [-95.3942245836643, 29.7252456201103], [-95.3942288467425, 29.7252510855996], [-95.3942332168664, 29.7252564851397], [-95.3942376953674, 29.7252618176381], [-95.3942422784106, 29.7252670818632], [-95.3942469647842, 29.7252722755256], [-95.394251754528, 29.725277397498], [-95.3942566463904, 29.7252824466183], [-95.3942616366161, 29.7252874194004], [-95.3942667264569, 29.7252923170062], [-95.3943245529679, 29.7253469984038]]}, "properties": {"centerlineid": 10136731, "roadclass": "LOCAL", "fullname": "SHADOW LAWN ST", "fromleft": 23, "toleft": 99, "fromright": 22, "toright": 98, "onewaydir": " "}}, {"type": "Feature", "geometry": {"type": "LineString", "coordinates": [[-95.3946604346489, 29.7293199500894], [-95.3947366269272, 29.7293085122442], [-95.3949628373297, 29.7292371784342], [-95.3949942865615, 29.729227519696], [-95.395025915981, 29.7292183227892], [-95.3950577190508, 29.7292095897944], [-95.3950896840673, 29.7292013226532], [-95.3951218031619, 29.7291935245387], [-95.3951540685455, 29.7291861963698], [-95.3951864697663, 29.72917934125], [-95.3952189977039, 29.7291729611906], [-95.3952516432777, 29.7291670570755], [-95.3952843973274, 29.7291616320432], [-95.395317252104, 29.729156685885], [-95.3953501959039, 29.7291522205428], [-95.3953832208983, 29.7291482380624], [-95.3954163192982, 29.7291447393626], [-95.3954494781882, 29.7291417240958], [-95.3954826909912, 29.7291391954701], [-95.3955159487064, 29.7291371521147], [-95.3955492396699, 29.7291355948443], [-95.395582556093, 29.7291345245775], [-95.395615888895, 29.7291339421984], [-95.397208640922, 29.7291177774312], [-95.3982385900206, 29.7291063542309], [-95.3983224168179, 29.7291118826694], [-95.3983288099723, 29.7291129775696], [-95.3983351816623, 29.7291141678038], [-95.3983415280133, 29.7291154532675], [-95.3983478490252, 29.7291168339609], [-95.3983541408232, 29.7291183097798], [-95.398360403487, 29.7291198784695], [-95.3983666343538, 29.7291215422153], [-95.3983728309597, 29.7291232975657], [-95.3983789919336, 29.7291251467408], [-95.3983851160635, 29.729127087451], [-95.3983912007663, 29.729129119627], [-95.3983972460418, 29.7291312432689], [-95.3984032467636, 29.7291334571103], [-95.398409204263, 29.7291357600588], [-95.3984151146653, 29.72913815201], [-95.3984209779704, 29.7291406329642], [-95.3984267903832, 29.7291432005624], [-95.3984325531953, 29.7291458548395], [-95.3984382612402, 29.7291485956565], [-95.3984439158495, 29.7291514219208], [-95.3984495131879, 29.729154332401], [-95.3984550520039, 29.7291573259351], [-95.3984605323372, 29.7291604013958], [-95.3984659502731, 29.7291635598061], [-95.3984713058913, 29.7291667989117], [-95.3984765966484, 29.7291701175155], [-95.3984818212926, 29.7291735144557], [-95.3984869785322, 29.7291769896975], [-95.3984920671155, 29.729180542079], [-95.3984970845388, 29.729184169276], [-95.3985020294709, 29.7291878723812], [-95.3985069007393, 29.7291916479779], [-95.3985116983442, 29.7291954960663], [-95.3985164184107, 29.7291994165419], [-95.3985210597666, 29.7292034059883], [-95.3985256236637, 29.7292074655676], [-95.3985301063466, 29.7292115917936], [-95.3985345064839, 29.7292157857589], [-95.3985388241949, 29.7292200440817], [-95.398543058188, 29.7292243667271], [-95.3985472046283, 29.7292287524638], [-95.3985512661387, 29.729233200234], [-95.3985552376324, 29.729237707644], [-95.3985591204408, 29.7292422736013], [-95.398562913312, 29.7292468969441], [-95.3985666149543, 29.7292515776374], [-95.3985702229042, 29.7292563122301], [-95.3985737384927, 29.7292610996294], [-95.3985771578453, 29.7292659397314], [-95.3985804822932, 29.7292708314432], [-95.3985837106641, 29.7292757713485], [-95.3985868404147, 29.7292807582504], [-95.3985898715451, 29.7292857921489], [-95.3985928028429, 29.7292908707548], [-95.398595634388, 29.7292959918134], [-95.3986581903703, 29.7294116737399], [-95.3987191410671, 29.7294953683895], [-95.3988030920334, 29.729566147703]]}, "properties": {"centerlineid": 10136713, "roadclass": "LOCAL", "fullname": "MILFORD ST", "fromleft": 1301, "toleft": 1599, "fromright": 1300, "toright": 1598, "onewaydir": null}}, {"type": "Feature", "geometry": {"type": "LineString", "coordinates": [[-95.3984652133667, 29.7327528328813], [-95.3984645202011, 29.7328321406701], [-95.3984645220445, 29.7328332239515], [-95.3984645445543, 29.7328343077885], [-95.3984645891016, 29.7328353899613], [-95.3984646556466, 29.7328364715972], [-95.3984647428978, 29.7328375526614], [-95.3984648521866, 29.7328386320613], [-95.3984649835129, 29.732839709797], [-95.3984651356249, 29.7328407847064], [-95.3984653085226, 29.7328418567896], [-95.3984655034579, 29.7328429272085], [-95.3984657205103, 29.7328439937086], [-95.3984659583484, 29.7328450573824], [-95.398466217012, 29.7328461171026], [-95.398466496501, 29.7328471728693], [-95.3984667968554, 29.7328482235551], [-95.3984671193269, 29.7328492703221], [-95.3984674613721, 29.7328503119734], [-95.3984678256139, 29.7328513474514], [-95.3984682094295, 29.7328523778137], [-95.39846861415, 29.732853401968], [-95.3984690384841, 29.7328544198792], [-95.3984694837231, 29.7328554315824], [-95.3984699486155, 29.7328564359154], [-95.3984704344526, 29.7328574329129], [-95.3984709386514, 29.7328584225054], [-95.398471463795, 29.7328594047626], [-95.39847200734, 29.7328603784875], [-95.398472570578, 29.7328613437149], [-95.398473153509, 29.7328623004449], [-95.3984737548413, 29.7328632486427], [-95.3984743759065, 29.7328641872156], [-95.3984750141212, 29.7328651160944], [-95.3984756721084, 29.7328660342211], [-95.3984763484971, 29.7328669438155], [-95.3984770421148, 29.7328678414611], [-95.3984777528821, 29.7328687294125], [-95.3984784821302, 29.7328696065771], [-95.3984792286075, 29.7328704717928], [-95.3984799922741, 29.7328713261871], [-95.3984807731697, 29.7328721686325], [-95.3984815700029, 29.7328729990944], [-95.3984823840651, 29.7328738176074], [-95.3984832141045, 29.7328746230095], [-95.3984840600814, 29.7328754164281], [-95.3984849220753, 29.7328761956086], [-95.3984857987149, 29.7328769627708], [-95.3984866913717, 29.7328777156948], [-95.3984875974224, 29.7328784554385], [-95.39848851949, 29.7328791809441], [-95.3984894562433, 29.7328798933041], [-95.3984904051784, 29.7328805901944], [-95.3984913701306, 29.7328812728467], [-95.3984923472249, 29.7328819411566], [-95.3984933377926, 29.7328825940315], [-95.3984943405025, 29.7328832325642], [-95.3984953567256, 29.7328838545346], [-95.3984963850908, 29.7328844621628], [-95.3984974243861, 29.7328850531592], [-95.3984984771548, 29.7328856287209], [-95.3984995395222, 29.7328861887433], [-95.398500614151, 29.7328867310416], [-95.3985016983784, 29.7328872578008], [-95.3985027935358, 29.7328877679283], [-95.3985038983315, 29.7328882613895], [-95.3985050140573, 29.7328887382189], [-95.3985061381297, 29.7328891983474], [-95.3985072705887, 29.7328896406474], [-95.3985084126861, 29.7328900662809], [-95.3985095631699, 29.7328904740862], [-95.3985107207487, 29.7328908640283], [-95.3985118867139, 29.7328912361419], [-95.3985130597342, 29.7328915915198], [-95.3985142398891, 29.7328919279072], [-95.3985154258075, 29.732892247524], [-95.3985166188605, 29.7328925481505], [-95.3985178164251, 29.7328928308443], [-95.3985190197928, 29.7328930956404], [-95.3985202290036, 29.7328933414112], [-95.3985214427259, 29.7328935692494], [-95.3985226609996, 29.7328937780279], [-95.3985238824932, 29.7328939688389], [-95.3985251084983, 29.7328941417174], [-95.398526337803, 29.732894294374], [-95.3985275690359, 29.7328944290286], [-95.3985288034887, 29.7328945457158], [-95.3985300399096, 29.7328946432737], [-95.3985312782985, 29.7328947217023], [-95.3985325173639, 29.7328947809669], [-95.398541581636, 29.7328951487785], [-95.3985426922131, 29.7328951854064], [-95.398543803387, 29.7328952051247], [-95.3985449151578, 29.7328952079337], [-95.3985460275254, 29.7328951938331], [-95.3985471378667, 29.7328951638809], [-95.3985482488446, 29.732895115892], [-95.3985493577964, 29.7328950520515], [-95.3985504660532, 29.7328949712667], [-95.3985515710319, 29.7328948734684], [-95.3985526753158, 29.7328947587258], [-95.3985537763216, 29.7328946269696], [-95.3985548753012, 29.7328944793618], [-95.3985559710026, 29.7328943147404], [-95.3985570634259, 29.7328941331053], [-95.3985581512396, 29.7328939355491], [-95.3985592357354, 29.7328937221066], [-95.3985603156615, 29.7328934916158], [-95.398561390978, 29.7328932452039], [-95.3985624604331, 29.7328929817089], [-95.3985635252786, 29.7328927022928], [-95.3985645841832, 29.7328924080483], [-95.3985656372263, 29.7328920967206], [-95.3985666843682, 29.7328917694371], [-95.3985677243173, 29.7328914261632], [-95.3985687570337, 29.732891068026], [-95.3985697825573, 29.7328906938983], [-95.398570800888, 29.7328903037801], [-95.3985718106547, 29.7328898998913], [-95.3985728119766, 29.7328894788498], [-95.3985738060261, 29.7328890440726], [-95.3985747902994, 29.7328885932353], [-95.3985757660087, 29.7328881286274], [-95.3985767319021, 29.7328876490868], [-95.3985776892711, 29.7328871546482], [-95.3985786355326, 29.7328866452423], [-95.3985795718985, 29.7328861231583], [-95.3985804971569, 29.7328855861069], [-95.3985814125993, 29.7328850341228], [-95.3985823168546, 29.732884469426], [-95.3985832086708, 29.7328838908543], [-95.3985840893, 29.7328832995699], [-95.3985849587817, 29.7328826944452], [-95.3985858157846, 29.7328820765732], [-95.3985866603485, 29.7328814448262], [-95.3985874923938, 29.7328808014591], [-95.3985883106687, 29.7328801453097], [-95.3985891164249, 29.7328794775401], [-95.3985899084108, 29.7328787969883], [-95.3985906866262, 29.7328781036541], [-95.3985914522831, 29.7328773998271], [-95.3985922028382, 29.7328766843104], [-95.3985929382914, 29.7328759571041], [-95.3985936611862, 29.7328752194047], [-95.3985943676477, 29.7328744711083], [-95.3985950590073, 29.7328737111222], [-95.3985957364771, 29.7328729417358], [-95.3985963975136, 29.7328721617523], [-95.3985970433687, 29.7328713723336], [-95.3985976740422, 29.73287057348], [-95.3985982882825, 29.7328697640291], [-95.3985988860098, 29.7328689462358], [-95.398599467264, 29.7328681189727], [-95.3986000320054, 29.7328672833671], [-95.3986005802338, 29.732866439419], [-95.3986011119096, 29.7328655882557], [-95.3986016258206, 29.7328647275878], [-95.398602123179, 29.7328638597047], [-95.3986026039846, 29.7328629846065], [-95.3986030656543, 29.7328621022235], [-95.3986035107315, 29.7328612137527], [-95.3986039379644, 29.7328603180319], [-95.3986043473132, 29.7328594161885], [-95.3986047388177, 29.7328585070951], [-95.3986051123585, 29.7328575941338], [-95.3986054667633, 29.7328566738877], [-95.3986058032044, 29.7328557497736], [-95.3986061217614, 29.7328548195369], [-95.3986064210631, 29.7328538853974], [-95.3986067024011, 29.7328529473899], [-95.3986069645235, 29.7328520043523], [-95.3986072086823, 29.7328510574467], [-95.398607433546, 29.7328501077656], [-95.3986076391543, 29.7328491541817], [-95.3986078254675, 29.7328481978223], [-95.3986079937772, 29.7328472387222], [-95.3986081427919, 29.7328462768467], [-95.3986082724716, 29.7328453133229], [-95.3986083828164, 29.7328443481511], [-95.3986084738264, 29.732843381331], [-95.3986085455014, 29.7328424128627], [-95.3986085990934, 29.7328414439083], [-95.398608632019, 29.7328404743983], [-95.3986086468616, 29.7328395044022], [-95.398608641038, 29.7328385338504], [-95.3986086170914, 29.7328375639398], [-95.3986072835712, 29.7327994840844], [-95.3986072460871, 29.7327986413152], [-95.3986071904405, 29.7327978003145], [-95.3986071192544, 29.7327969600244], [-95.398607031237, 29.7327961204102], [-95.3986069263487, 29.7327952825991], [-95.3986068045895, 29.7327944465912], [-95.3986066672907, 29.732793611294], [-95.3986065130414, 29.7327927800544], [-95.3986063406295, 29.7327919505833], [-95.3986061539299, 29.7327911229848], [-95.3986059489881, 29.7327902994094], [-95.3986057284273, 29.7327894787991], [-95.3986054922473, 29.7327886611541], [-95.398605239077, 29.7327878486941], [-95.3986049702876, 29.7327870391993], [-95.3986046845477, 29.7327862337622], [-95.3986043844406, 29.7327854324524], [-95.3986040673431, 29.7327846363276], [-95.3986037332553, 29.7327838453879], [-95.3986033848003, 29.7327830585753], [-95.3986030206068, 29.7327822781099], [-95.3986026420063, 29.732781502899], [-95.3986022463757, 29.7327807340004], [-95.3986018363381, 29.7327799703564], [-95.3986014105222, 29.7327792141867], [-95.3986009702993, 29.7327784632715], [-95.3986005155897, 29.7327777198654], [-95.398600045102, 29.7327769839338], [-95.3985995614591, 29.7327762544185], [-95.3985990619981, 29.732775533505], [-95.398598549382, 29.732774819008], [-95.3985980209478, 29.7327741131127], [-95.3985974806104, 29.732773414796], [-95.3985969257465, 29.7327727251156], [-95.3985963563563, 29.7327720440717], [-95.3985957737313, 29.7327713716989], [-95.3985951791632, 29.7327707080318], [-95.3985945700688, 29.7327700530013], [-95.3985939476998, 29.732769407769], [-95.3985933146396, 29.7327687724047], [-95.3985926670132, 29.7327681468041], [-95.3985920074039, 29.7327675310366], [-95.3985913371033, 29.732766925137], [-95.3985906535283, 29.7327663290358], [-95.3985899579306, 29.732765743895], [-95.3985892516416, 29.7327651686222], [-95.3985885332902, 29.732764605437], [-95.3985878042475, 29.7327640521197], [-95.398587064434, 29.7327635109248], [-95.3985863138895, 29.7327629807252], [-95.398585552614, 29.7327624615207], [-95.3985847818593, 29.7327619544733], [-95.3985840003735, 29.7327614584212], [-95.3985832094086, 29.7327609745262], [-95.3985824089646, 29.7327605027884], [-95.3985815990015, 29.7327600443351], [-95.3985807808907, 29.7327595969464], [-95.398579953261, 29.7327591628422], [-95.3985791161919, 29.7327587397678], [-95.3985782721473, 29.7327583311747], [-95.3985774199152, 29.7327579347735], [-95.3985765594558, 29.7327575516915], [-95.3985756921005, 29.7327571808362], [-95.3985748177698, 29.7327568244621], [-95.3985739352514, 29.7327564802798], [-95.3985730470892, 29.7327561494862], [-95.3985721519514, 29.7327558331739], [-95.3985712511696, 29.7327555302502], [-95.3985703434521, 29.7327552406804], [-95.3985694313823, 29.732754964534], [-95.3985685136285, 29.7327547029036], [-95.3985675902309, 29.7327544546618], [-95.398566662441, 29.7327542209707], [-95.3985657302987, 29.732754000703], [-95.3985647937642, 29.7327537949859], [-95.3985638528377, 29.7327536038196], [-95.3985629088105, 29.7327534272386], [-95.398561960431, 29.732753264081], [-95.3985610102426, 29.7327531155436], [-95.3985600569536, 29.7327529815915], [-95.3985591005641, 29.7327528622248], [-95.3985581423658, 29.7327527574783], [-95.3985571823983, 29.7327526662246], [-95.3985562205822, 29.7327525907183], [-95.3985552569571, 29.7327525298321], [-95.3985542928547, 29.7327524824736], [-95.3985533269035, 29.7327524508623], [-95.3985523617665, 29.7327524328134], [-95.3985513960725, 29.7327524305467], [-95.3984652133667, 29.7327528328813]]}, "properties": {"centerlineid": 1093821, "roadclass": "PRIVATE", "fullname": "CASTLE COURT PL", "fromleft": 0, "toleft": 0, "fromright": 0, "toright": 0, "onewaydir": " "}}, {"type": "Feature", "geometry": {"type": "LineString", "coordinates": [[-95.3964608913845, 29.7326368638987], [-95.3964761666192, 29.7325818042766], [-95.3964776638094, 29.7325766044142], [-95.3964792649058, 29.7325714276575], [-95.3964809672455, 29.7325662761916], [-95.3964827720803, 29.7325611511785], [-95.3964846780787, 29.7325560537108], [-95.3964866851612, 29.732550986043], [-95.3964887919564, 29.7325459503951], [-95.3964909984643, 29.732540946767], [-95.3964933046451, 29.7325359762859], [-95.3964957090877, 29.7325310422991], [-95.3964982104607, 29.7325261458991], [-95.396500808764, 29.7325212870859], [-95.3965035026264, 29.7325164680792], [-95.3965062919682, 29.7325116911338], [-95.3965091767496, 29.7325069573769], [-95.3965121530957, 29.7325022667042], [-95.3965152234702, 29.7324976225672], [-95.3965183852503, 29.7324930260236], [-95.3965216371441, 29.7324884770386], [-95.396524979072, 29.732483977867], [-95.3965284109544, 29.7324795307631], [-95.3965319289165, 29.7324751356229], [-95.39653553421, 29.7324707936083], [-95.3965392254238, 29.7324665080665], [-95.3965430000144, 29.7324622778007], [-95.3965468591541, 29.7324581062275], [-95.3965508002596, 29.7324539932774], [-95.3965548219995, 29.7324499400429], [-95.3965589230024, 29.732445948744], [-95.3965631032683, 29.7324420193806], [-95.3965673614261, 29.7324381541725], [-95.3965716948526, 29.7324343541775], [-95.3965761035477, 29.7324306193957], [-95.3965805848488, 29.732426952012], [-95.3965851387157, 29.732423353154], [-95.3965897638173, 29.7324198239139], [-95.3965944575303, 29.7324163653497], [-95.3965992185632, 29.7324129774266], [-95.3966040468363, 29.7324096623992], [-95.396608941058, 29.7324064202328], [-95.3966138972737, 29.7324032530776], [-95.3966189167751, 29.7324001609685], [-95.3966239956076, 29.7323971460557], [-95.3966291351028, 29.7323942072468], [-95.3966343312663, 29.7323913478194], [-95.3966395828462, 29.7323885666114], [-95.3966448898028, 29.7323858647501], [-95.3966502495129, 29.7323832432933], [-95.3966556593138, 29.7323807044262], [-95.3966611192452, 29.7323782470213], [-95.3966666279755, 29.7323758721713], [-95.3966721815903, 29.7323735808993], [-95.3966777813413, 29.7323713743672], [-95.3966834233535, 29.7323692524708], [-95.3966891062956, 29.7323672163027], [-95.3966948288361, 29.7323652669555], [-95.3967005897232, 29.7323634032669], [-95.396706386294, 29.7323616274223], [-95.3967122172171, 29.7323599405141], [-95.3967180799887, 29.7323583402183], [-95.3967239744897, 29.7323568299166], [-95.3967298981763, 29.7323554084125], [-95.3967358484257, 29.7323540767635], [-95.3967418252378, 29.7323528349698], [-95.3967478259896, 29.7323516840891], [-95.3967538468458, 29.7323506228899], [-95.3967598889789, 29.7323496547889], [-95.3967659499249, 29.7323487763347], [-95.3967720269811, 29.7323479908397], [-95.3967781188958, 29.7323472971418], [-95.3967842230856, 29.7323466951715], [-95.3967903382192, 29.7323461860214], [-95.3967964630447, 29.7323457685295], [-95.3968025949391, 29.7323454437536], [-95.3968087325709, 29.7323452127862], [-95.3968148747282, 29.7323450733379], [-95.3968210174563, 29.7323450275592], [-95.3971627532302, 29.7323450533348]]}, "properties": {"centerlineid": 10136973, "roadclass": "LOCAL", "fullname": "CASTLE CT", "fromleft": 1401, "toleft": 1499, "fromright": 1400, "toright": 1498, "onewaydir": " "}}, {"type": "Feature", "geometry": {"type": "LineString", "coordinates": [[-95.3971627532302, 29.7323450533348], [-95.3972872785227, 29.732353098678], [-95.3973572479795, 29.7323531107357], [-95.397365431382, 29.7323530498548], [-95.3973736113331, 29.7323528670168], [-95.3973817879523, 29.73235255884], [-95.3973899559536, 29.7323521285673], [-95.3973981153767, 29.7323515750715], [-95.397406261055, 29.7323508982135], [-95.3974143929885, 29.7323500979934], [-95.3974225085541, 29.7323491754689], [-95.3974306038371, 29.7323481316632], [-95.3974386776253, 29.732346964287], [-95.3974467259245, 29.7323456766179], [-95.3974547488142, 29.7323442664014], [-95.3974627423399, 29.7323427357877], [-95.3974707038784, 29.7323410858349], [-95.3974786322177, 29.7323393142535], [-95.3974865233635, 29.7323374243213], [-95.3974943760241, 29.7323354160035], [-95.3975021889476, 29.7323332881379], [-95.397509956848, 29.7323310439678], [-95.3975176797652, 29.7323286823657], [-95.397525355076, 29.7323262043895], [-95.3975329801573, 29.732323611097], [-95.3975405524258, 29.7323209024188], [-95.3975480705103, 29.7323180805746], [-95.3975555304961, 29.7323151465876], [-95.3975629324228, 29.7323120993306], [-95.397570272336, 29.7323089409539], [-95.3975775476126, 29.7323056725154], [-95.3975847582526, 29.7323022940151], [-95.3975919003014, 29.7322988076033], [-95.3975989737192, 29.7322952144074], [-95.3976059732996, 29.7322915154157], [-95.3976128990428, 29.7322877106283], [-95.3976197483254, 29.732283801103], [-95.397626518445, 29.7322797901523], [-95.397651083976, 29.7322649639249]]}, "properties": {"centerlineid": 10136710, "roadclass": "LOCAL", "fullname": "CASTLE CT", "fromleft": 1501, "toleft": 1529, "fromright": 1500, "toright": 1528, "onewaydir": " "}}, {"type": "Feature", "geometry": {"type": "LineString", "coordinates": [[-95.397651083976, 29.7322649639249], [-95.3977183778215, 29.732332267349], [-95.3977242110611, 29.7323382048347], [-95.3977299248702, 29.7323442293779], [-95.3977355193282, 29.732350338724], [-95.3977409918917, 29.7323565316761], [-95.3977463413487, 29.7323628059452], [-95.397751566487, 29.7323691592417], [-95.3977566634318, 29.7323755914616], [-95.3977616348857, 29.7323820992923], [-95.3977664744701, 29.7323886803057], [-95.3977711848081, 29.732395333444], [-95.3977757621042, 29.7324020563484], [-95.3977802063984, 29.7324088478915], [-95.3977845151868, 29.7324157057494], [-95.397788688589, 29.7324226265401], [-95.3977927240612, 29.732429609067], [-95.3977966203518, 29.732436652168], [-95.39780037758, 29.7324437524612], [-95.3978039932421, 29.7324509076226], [-95.3978074673383, 29.7324581176521], [-95.3978107974441, 29.7324653779712], [-95.3978139848912, 29.7324726874873], [-95.3978170258842, 29.7324800438415], [-95.3978199217942, 29.7324874448142], [-95.3978226713694, 29.7324948892431], [-95.3978252721857, 29.7325023725498], [-95.3978277255346, 29.7325098947689], [-95.3978300289523, 29.7325174524491], [-95.3978321837701, 29.7325250444978], [-95.3978341875242, 29.7325326674637], [-95.3978360402941, 29.7325403190922], [-95.3978377408677, 29.732547997094], [-95.3978392892847, 29.7325557003417], [-95.3978406856646, 29.7325634254536], [-95.3978419300471, 29.7325711713022], [-95.397843020008, 29.732578933309], [-95.3978439555474, 29.732586711474], [-95.3978447380761, 29.7325945024499], [-95.3978453663822, 29.7326023039476], [-95.3978458405451, 29.7326101137124], [-95.3978461606445, 29.7326179294897], [-95.3978463254683, 29.7326257489901], [-95.397846335096, 29.7326335699591], [-95.3978461908988, 29.7326413901769], [-95.3978458917044, 29.7326492062267], [-95.3978408180551, 29.7327545461353], [-95.3980564776906, 29.7327503398355], [-95.3984652133667, 29.7327528328813]]}, "properties": {"centerlineid": 10136622, "roadclass": "PRIVATE", "fullname": "CASTLE COURT PL", "fromleft": 4401, "toleft": 4499, "fromright": 4400, "toright": 4498, "onewaydir": " "}}, {"type": "Feature", "geometry": {"type": "LineString", "coordinates": [[-95.3756096259193, 29.7258391657969], [-95.3759975258687, 29.7254733726553], [-95.376065298013, 29.72539957122], [-95.3761317020931, 29.7253248289109], [-95.3761967244742, 29.7252491656718], [-95.3762603450639, 29.7251726012718], [-95.3763225489763, 29.7250951544926], [-95.3763833199539, 29.7250168463353], [-95.3764426430709, 29.7249376967087], [-95.3767466209654, 29.7245249068936]]}, "properties": {"centerlineid": 10137779, "roadclass": "RAMP", "fullname": "SB 288 SOUTHMORE EXIT RAMP", "fromleft": 0, "toleft": 0, "fromright": 0, "toright": 0, "onewaydir": "TF"}}, {"type": "Feature", "geometry": {"type": "LineString", "coordinates": [[-95.3657601193263, 29.7367204706325], [-95.3660906561484, 29.736898605463], [-95.3660976980495, 29.7369023282958], [-95.3661048122648, 29.7369059447657], [-95.3661119975426, 29.7369094537104], [-95.366119250048, 29.7369128538977], [-95.3661265684492, 29.7369161464196], [-95.3661339503233, 29.736919326697], [-95.3661413942984, 29.7369223969494], [-95.3661488978714, 29.7369253548521], [-95.366156458499, 29.7369281992079], [-95.3661640735978, 29.7369309299464], [-95.3661717406247, 29.7369335458705], [-95.3661794595794, 29.7369360469801], [-95.3661872266674, 29.7369384309155], [-95.366195039265, 29.7369406987339], [-95.366202894829, 29.736942849238], [-95.366210792148, 29.7369448801381], [-95.3662187272665, 29.7369467935836], [-95.3662267002649, 29.7369485873201], [-95.366234707268, 29.7369502612423], [-95.3662427457327, 29.736951814153], [-95.3662508130756, 29.736953245982], [-95.3662589079646, 29.7369545578216], [-95.3662670278968, 29.7369557473471], [-95.3662751689971, 29.7369568144535], [-95.3662833312654, 29.7369577591406], [-95.3662915108267, 29.7369585813035], [-95.3662997038058, 29.7369592808369], [-95.3663079102027, 29.736959857741], [-95.3663161274742, 29.7369603108182], [-95.366324351705, 29.7369606410909], [-95.3663325816436, 29.7369608473966], [-95.3663408146664, 29.7369609307927], [-95.3663490469385, 29.7369608900466], [-95.3663572784598, 29.7369607251584], [-95.366365505275, 29.7369604382776], [-95.3663737248809, 29.7369600270795], [-95.366381934654, 29.7369594926213], [-95.3663901333025, 29.7369588348681], [-95.3663983182432, 29.7369580537497], [-95.3664064855206, 29.7369571514155], [-95.3664146339232, 29.7369561255761], [-95.3664227621193, 29.7369549773236], [-95.3664308661935, 29.7369537076803], [-95.3664389435624, 29.7369523165761], [-95.3664469916027, 29.7369508050681], [-95.3664550090626, 29.7369491719941], [-95.3664629945701, 29.7369474195736], [-95.3664709429585, 29.7369455476665], [-95.3664788529361, 29.7369435562378], [-95.366486723171, 29.7369414463797], [-95.3664945510397, 29.7369392191494], [-95.3665023339588, 29.7369368744768], [-95.3665100693046, 29.7369344134193], [-95.3665177544539, 29.736931837034], [-95.3665253881147, 29.7369291452859], [-95.3665329676635, 29.7369263392323], [-95.3665404904768, 29.7369234199303], [-95.3665479552229, 29.7369203884723], [-95.3665553580265, 29.7369172447529], [-95.3665626988074, 29.7369139910271], [-95.366569974942, 29.7369106283518], [-95.3665771825955, 29.7369071554949], [-95.3665843203556, 29.736903575803], [-95.3665913882224, 29.7368998892762], [-95.366598380989, 29.7368960969017], [-95.366605298575, 29.736892200934], [-95.3668512384212, 29.7367510439049], [-95.3671107046095, 29.7365431679895], [-95.3672783594085, 29.7363734121433], [-95.3674004599301, 29.7362360531677], [-95.3675303021102, 29.73605489626], [-95.3676064847124, 29.7359556463314]]}, "properties": {"centerlineid": 10137702, "roadclass": "LOCAL", "fullname": "ST EMANUEL ST", "fromleft": 2901, "toleft": 3199, "fromright": 2900, "toright": 3198, "onewaydir": " "}}, {"type": "Feature", "geometry": {"type": "LineString", "coordinates": [[-95.3820760501291, 29.7352991250681], [-95.3829798483439, 29.7341322955398]]}, "properties": {"centerlineid": 10137519, "roadclass": "MAJOR", "fullname": "MAIN ST", "fromleft": 4151, "toleft": 4399, "fromright": 4150, "toright": 4398, "onewaydir": " "}}, {"type": "Feature", "geometry": {"type": "LineString", "coordinates": [[-95.3689873763613, 29.729459360002], [-95.369475695358, 29.7288240896496]]}, "properties": {"centerlineid": 10137711, "roadclass": "MAJOR", "fullname": "EMANCIPATION AVE", "fromleft": 4001, "toleft": 4049, "fromright": 4000, "toright": 4048, "onewaydir": " "}}, {"type": "Feature", "geometry": {"type": "LineString", "coordinates": [[-95.3815077351944, 29.7360135964585], [-95.3820760501291, 29.7352991250681]]}, "properties": {"centerlineid": 10137523, "roadclass": "MAJOR", "fullname": "MAIN ST", "fromleft": 4101, "toleft": 4149, "fromright": 4100, "toright": 4148, "onewaydir": " "}}, {"type": "Feature", "geometry": {"type": "LineString", "coordinates": [[-95.369475695358, 29.7288240896496], [-95.3699867879058, 29.7281792928764]]}, "properties": {"centerlineid": 10137727, "roadclass": "MAJOR", "fullname": "EMANCIPATION AVE", "fromleft": 4051, "toleft": 4199, "fromright": 4050, "toright": 4198, "onewaydir": " "}}, {"type": "Feature", "geometry": {"type": "LineString", "coordinates": [[-95.3783104907995, 29.7432874964111], [-95.3787912526034, 29.7426866929953]]}, "properties": {"centerlineid": 10136268, "roadclass": "LOCAL", "fullname": "MILAM ST", "fromleft": 3101, "toleft": 3199, "fromright": 3100, "toright": 3198, "onewaydir": "FT"}}, {"type": "Feature", "geometry": {"type": "LineString", "coordinates": [[-95.381408150819, 29.7423738619919], [-95.3806527177878, 29.7419275864499]]}, "properties": {"centerlineid": 10135740, "roadclass": "LOCAL", "fullname": "FRANCIS ST", "fromleft": 607, "toleft": 699, "fromright": 606, "toright": 698, "onewaydir": " "}}, {"type": "Feature", "geometry": {"type": "LineString", "coordinates": [[-95.3729851857072, 29.7419638814563], [-95.3723367514454, 29.7415766475882], [-95.3721154225544, 29.7414450089054]]}, "properties": {"centerlineid": 10135906, "roadclass": "LOCAL", "fullname": "TUAM ST", "fromleft": 1301, "toleft": 1399, "fromright": 1300, "toright": 1398, "onewaydir": " "}}, {"type": "Feature", "geometry": {"type": "LineString", "coordinates": [[-95.3971474624222, 29.7257513244692], [-95.3977977265042, 29.7257434146765], [-95.3984063139425, 29.725736010511]]}, "properties": {"centerlineid": 10137042, "roadclass": "MAJOR", "fullname": "BISSONNET ST", "fromleft": 1401, "toleft": 1499, "fromright": 1400, "toright": 1498, "onewaydir": " "}}, {"type": "Feature", "geometry": {"type": "LineString", "coordinates": [[-95.3859341390672, 29.7304131664291], [-95.3855127442332, 29.7301324533567]]}, "properties": {"centerlineid": 10137013, "roadclass": "LOCAL", "fullname": "ROSEDALE", "fromleft": 1001, "toleft": 1017, "fromright": 1000, "toright": 1016, "onewaydir": " "}}, {"type": "Feature", "geometry": {"type": "LineString", "coordinates": [[-95.3703301780141, 29.7293256368117], [-95.3699564630351, 29.7291006422797], [-95.369475695358, 29.7288240896496]]}, "properties": {"centerlineid": 10137509, "roadclass": "LOCAL", "fullname": "CLEBURNE ST", "fromleft": 2301, "toleft": 2399, "fromright": 2300, "toright": 2398, "onewaydir": " "}}, {"type": "Feature", "geometry": {"type": "LineString", "coordinates": [[-95.3869589627295, 29.7379351140046], [-95.3879236160521, 29.7379202091571]]}, "properties": {"centerlineid": 10137091, "roadclass": "LOCAL", "fullname": "SUL ROSS ST", "fromleft": 601, "toleft": 699, "fromright": 600, "toright": 698, "onewaydir": " "}}, {"type": "Feature", "geometry": {"type": "LineString", "coordinates": [[-95.3869089621945, 29.7344775195326], [-95.3878702237184, 29.7344793473114]]}, "properties": {"centerlineid": 10136961, "roadclass": "MAJOR", "fullname": "RICHMOND AVE", "fromleft": 601, "toleft": 699, "fromright": 600, "toright": 698, "onewaydir": " "}}, {"type": "Feature", "geometry": {"type": "LineString", "coordinates": [[-95.3744575858736, 29.7400851111921], [-95.3736030883677, 29.7395719191425]]}, "properties": {"centerlineid": 10137225, "roadclass": "MAJOR", "fullname": "ELGIN ST", "fromleft": 1301, "toleft": 1399, "fromright": 1300, "toright": 1398, "onewaydir": " "}}, {"type": "Feature", "geometry": {"type": "LineString", "coordinates": [[-95.3947747164576, 29.7404570100783], [-95.3947594296302, 29.7395968158424]]}, "properties": {"centerlineid": 10136632, "roadclass": "LOCAL", "fullname": "GRAUSTARK ST", "fromleft": 3601, "toleft": 3699, "fromright": 3600, "toright": 3698, "onewaydir": " "}}, {"type": "Feature", "geometry": {"type": "LineString", "coordinates": [[-95.3749917481321, 29.7255185911707], [-95.3753748383797, 29.7250246926128], [-95.3754112520324, 29.7249768700656], [-95.3754467241769, 29.7249285108777], [-95.3754812439609, 29.7248796294253], [-95.3755148005726, 29.7248302389569], [-95.3755473843716, 29.724780356138], [-95.3755789858375, 29.7247299942522], [-95.3756095979933, 29.7246791677802], [-95.3756392086557, 29.7246278921903], [-95.3756678108476, 29.724576181963], [-95.3756953950089, 29.7245240515094], [-95.3757219553342, 29.7244715187269], [-95.375747481052, 29.7244185957366], [-95.3757719676486, 29.7243653004711], [-95.3759149468329, 29.7240462063919], [-95.376166603144, 29.7235045216312], [-95.3764412969009, 29.7228482817505], [-95.3766473689377, 29.7221808815382], [-95.3774788409982, 29.7194896045316]]}, "properties": {"centerlineid": 10125941, "roadclass": "FREEWAY", "fullname": "SH 288 HWY", "fromleft": 4801, "toleft": 5499, "fromright": 0, "toright": 0, "onewaydir": "FT"}}, {"type": "Feature", "geometry": {"type": "LineString", "coordinates": [[-95.3741447521712, 29.7388835574508], [-95.3746180229539, 29.7382941459103]]}, "properties": {"centerlineid": 10137591, "roadclass": "LOCAL", "fullname": "AUSTIN ST", "fromleft": 3301, "toleft": 3399, "fromright": 3300, "toright": 3398, "onewaydir": "FT"}}, {"type": "Feature", "geometry": {"type": "LineString", "coordinates": [[-95.3936838466474, 29.7335942642108], [-95.3946679497301, 29.7335828888931]]}, "properties": {"centerlineid": 10136967, "roadclass": "LOCAL", "fullname": "BONNIE BRAE ST", "fromleft": 1201, "toleft": 1399, "fromright": 1200, "toright": 1398, "onewaydir": " "}}, {"type": "Feature", "geometry": {"type": "LineString", "coordinates": [[-95.3778299878926, 29.7255149420826], [-95.377929020071, 29.7252324650112]]}, "properties": {"centerlineid": 10137418, "roadclass": "MAJOR", "fullname": "ALMEDA RD", "fromleft": 4901, "toleft": 4949, "fromright": 4900, "toright": 4948, "onewaydir": " "}}, {"type": "Feature", "geometry": {"type": "LineString", "coordinates": [[-95.3875802525885, 29.7267279076595], [-95.3880532548169, 29.7261136516412]]}, "properties": {"centerlineid": 10136768, "roadclass": "MAJOR", "fullname": "FANNIN ST", "fromleft": 5401, "toleft": 5499, "fromright": 5400, "toright": 5498, "onewaydir": "FT"}}, {"type": "Feature", "geometry": {"type": "LineString", "coordinates": [[-95.3739770374414, 29.734309618761], [-95.3733055291152, 29.7339205533673], [-95.3731225797116, 29.7338327053989]]}, "properties": {"centerlineid": 10137560, "roadclass": "MAJOR", "fullname": "ALABAMA ST", "fromleft": 1701, "toleft": 1799, "fromright": 1700, "toright": 1798, "onewaydir": " "}}, {"type": "Feature", "geometry": {"type": "LineString", "coordinates": [[-95.3835671530768, 29.72379817527], [-95.3837731842356, 29.7235426332241]]}, "properties": {"centerlineid": 10136589, "roadclass": "MAJOR", "fullname": "CRAWFORD ST", "fromleft": 5417, "toleft": 5499, "fromright": 5416, "toright": 5498, "onewaydir": " "}}, {"type": "Feature", "geometry": {"type": "LineString", "coordinates": [[-95.3707878780472, 29.7415154863039], [-95.3699334168973, 29.7410044112607]]}, "properties": {"centerlineid": 10135601, "roadclass": "LOCAL", "fullname": "DREW ST", "fromleft": 1501, "toleft": 1599, "fromright": 1500, "toright": 1598, "onewaydir": " "}}, {"type": "Feature", "geometry": {"type": "LineString", "coordinates": [[-95.3732933715829, 29.7240063556212], [-95.373565734821, 29.7236700691338]]}, "properties": {"centerlineid": 10221438, "roadclass": "MAJOR", "fullname": "EMANCIPATION AVE", "fromleft": 4853, "toleft": 4899, "fromright": 4852, "toright": 4898, "onewaydir": " "}}, {"type": "Feature", "geometry": {"type": "LineString", "coordinates": [[-95.3820760501291, 29.7352991250681], [-95.3821255718868, 29.7353303158015], [-95.3821738514074, 29.7353578903904], [-95.3822209758037, 29.7353794646853], [-95.3822872825899, 29.735400360922], [-95.3823594363781, 29.7354106695508], [-95.3825296584351, 29.7354121226462]]}, "properties": {"centerlineid": 10137222, "roadclass": "LOCAL", "fullname": "COLQUITT ST", "fromleft": 101, "toleft": 199, "fromright": 100, "toright": 198, "onewaydir": " "}}, {"type": "Feature", "geometry": {"type": "LineString", "coordinates": [[-95.3662027827787, 29.738765124943], [-95.3666757622719, 29.7381568004384]]}, "properties": {"centerlineid": 10137690, "roadclass": "LOCAL", "fullname": "CHARTRES ST", "fromleft": 2801, "toleft": 2899, "fromright": 2800, "toright": 2898, "onewaydir": "FT"}}, {"type": "Feature", "geometry": {"type": "LineString", "coordinates": [[-95.3750222947105, 29.7393736446571], [-95.3754647216524, 29.7388091676845]]}, "properties": {"centerlineid": 10137458, "roadclass": "LOCAL", "fullname": "CAROLINE ST", "fromleft": 3301, "toleft": 3399, "fromright": 3300, "toright": 3398, "onewaydir": "FT"}}, {"type": "Feature", "geometry": {"type": "LineString", "coordinates": [[-95.3810290486687, 29.7301952218102], [-95.3801930227363, 29.7296949666503]]}, "properties": {"centerlineid": 10137150, "roadclass": "MAJOR", "fullname": "BLODGETT ST", "fromleft": 1401, "toleft": 1499, "fromright": 1400, "toright": 1498, "onewaydir": " "}}, {"type": "Feature", "geometry": {"type": "LineString", "coordinates": [[-95.3874962620581, 29.7309431300902], [-95.3871681521761, 29.7307505814306]]}, "properties": {"centerlineid": 10136594, "roadclass": "LOCAL", "fullname": "ROSEDALE", "fromleft": 801, "toleft": 815, "fromright": 800, "toright": 814, "onewaydir": " "}}, {"type": "Feature", "geometry": {"type": "LineString", "coordinates": [[-95.3716734571029, 29.7367242360164], [-95.3715814836496, 29.7364115099514], [-95.3714398132643, 29.7361375445921]]}, "properties": {"centerlineid": 10217307, "roadclass": "RAMP", "fullname": "JACKSON SB 288 ENT RAMP", "fromleft": 0, "toleft": 0, "fromright": 0, "toright": 0, "onewaydir": "FT"}}, {"type": "Feature", "geometry": {"type": "LineString", "coordinates": [[-95.3898384628482, 29.7361902010539], [-95.3903497825985, 29.7361902101112], [-95.3911509179318, 29.7361730913623]]}, "properties": {"centerlineid": 10136824, "roadclass": "LOCAL", "fullname": "W MAIN ST", "fromleft": 901, "toleft": 999, "fromright": 900, "toright": 998, "onewaydir": " "}}, {"type": "Feature", "geometry": {"type": "LineString", "coordinates": [[-95.3870079915296, 29.7242522418675], [-95.3876717397612, 29.723414820421]]}, "properties": {"centerlineid": 10136980, "roadclass": "LOCAL", "fullname": "CAROLINE ST", "fromleft": 5601, "toleft": 5699, "fromright": 5600, "toright": 5698, "onewaydir": " "}}, {"type": "Feature", "geometry": {"type": "LineString", "coordinates": [[-95.3874962620581, 29.7309431300902], [-95.3881219163124, 29.7301516152341]]}, "properties": {"centerlineid": 10136834, "roadclass": "LOCAL", "fullname": "MILAM ST", "fromleft": 4901, "toleft": 4999, "fromright": 4900, "toright": 4998, "onewaydir": " "}}, {"type": "Feature", "geometry": {"type": "LineString", "coordinates": [[-95.380202525602, 29.7424920560272], [-95.3806527177878, 29.7419275864499]]}, "properties": {"centerlineid": 10136353, "roadclass": "MAJOR", "fullname": "LOUISIANA ST", "fromleft": 3301, "toleft": 3399, "fromright": 3300, "toright": 3398, "onewaydir": "FT"}}, {"type": "Feature", "geometry": {"type": "LineString", "coordinates": [[-95.3702005768551, 29.7310976208997], [-95.369887742043, 29.730905025476], [-95.3685068747944, 29.7300753975079]]}, "properties": {"centerlineid": 10137405, "roadclass": "LOCAL", "fullname": "TRUXILLO ST", "fromleft": 2201, "toleft": 2399, "fromright": 2200, "toright": 2398, "onewaydir": " "}}, {"type": "Feature", "geometry": {"type": "LineString", "coordinates": [[-95.3869589627295, 29.7379351140046], [-95.3869392934145, 29.737090539044]]}, "properties": {"centerlineid": 10136933, "roadclass": "LOCAL", "fullname": "JACK ST", "fromleft": 3901, "toleft": 3999, "fromright": 3900, "toright": 3998, "onewaydir": " "}}, {"type": "Feature", "geometry": {"type": "LineString", "coordinates": [[-95.3686974076437, 29.7393718165937], [-95.367858175501, 29.73887393242]]}, "properties": {"centerlineid": 10137236, "roadclass": "LOCAL", "fullname": "TUAM ST", "fromleft": 1801, "toleft": 1899, "fromright": 1800, "toright": 1898, "onewaydir": " "}}, {"type": "Feature", "geometry": {"type": "LineString", "coordinates": [[-95.369483222109, 29.7415688926586], [-95.3695137880629, 29.7415307853558], [-95.3699334168973, 29.7410044112607]]}, "properties": {"centerlineid": 10136191, "roadclass": "MAJOR", "fullname": "CRAWFORD ST", "fromleft": 2701, "toleft": 2799, "fromright": 2700, "toright": 2798, "onewaydir": "FT"}}, {"type": "Feature", "geometry": {"type": "LineString", "coordinates": [[-95.3692696681526, 29.7352346302435], [-95.3694324061172, 29.7350459578716], [-95.3697579065908, 29.7346892760142], [-95.369994538427, 29.7344202555344], [-95.3701832461452, 29.7342353438924]]}, "properties": {"centerlineid": 10137759, "roadclass": "FREEWAY", "fullname": "S US 59", "fromleft": 151, "toleft": 199, "fromright": 0, "toright": 0, "onewaydir": "TF"}}, {"type": "Feature", "geometry": {"type": "LineString", "coordinates": [[-95.3820335912768, 29.740697278812], [-95.3820336191278, 29.7403597945354], [-95.3820335781186, 29.7400392384196], [-95.3820413539782, 29.73994771764], [-95.3820566254327, 29.7398868178628], [-95.3820794563444, 29.7398427780917]]}, "properties": {"centerlineid": 10137309, "roadclass": "LOCAL", "fullname": "BURLINGTON ST", "fromleft": 3601, "toleft": 3699, "fromright": 3600, "toright": 3698, "onewaydir": " "}}, {"type": "Feature", "geometry": {"type": "LineString", "coordinates": [[-95.3834473448927, 29.7354042375058], [-95.3834395831803, 29.7348547925913], [-95.3834382340667, 29.734681871768], [-95.3834436574958, 29.7345989306268], [-95.3834692317278, 29.7345296767545], [-95.3835183874593, 29.7344361541056]]}, "properties": {"centerlineid": 10136627, "roadclass": "LOCAL", "fullname": "BRANDT ST", "fromleft": 4201, "toleft": 4299, "fromright": 4200, "toright": 4298, "onewaydir": " "}}, {"type": "Feature", "geometry": {"type": "LineString", "coordinates": [[-95.3902658172283, 29.729358038462], [-95.3905939406932, 29.729354365438], [-95.3910591943984, 29.7293523415895]]}, "properties": {"centerlineid": 10136830, "roadclass": "LOCAL", "fullname": "MILFORD ST", "fromleft": 901, "toleft": 999, "fromright": 900, "toright": 998, "onewaydir": " "}}, {"type": "Feature", "geometry": {"type": "LineString", "coordinates": [[-95.3776545256018, 29.7392515626459], [-95.3782343208154, 29.7385362585457]]}, "properties": {"centerlineid": 10137604, "roadclass": "MAJOR", "fullname": "FANNIN ST", "fromleft": 3501, "toleft": 3599, "fromright": 3500, "toright": 3598, "onewaydir": "FT"}}, {"type": "Feature", "geometry": {"type": "LineString", "coordinates": [[-95.3993219845828, 29.7386985102419], [-95.399306670126, 29.737786727555]]}, "properties": {"centerlineid": 10136687, "roadclass": "LOCAL", "fullname": "MANDELL ST", "fromleft": 3801, "toleft": 3899, "fromright": 3800, "toright": 3898, "onewaydir": " "}}, {"type": "Feature", "geometry": {"type": "LineString", "coordinates": [[-95.3937066315512, 29.7352900736707], [-95.3936991295714, 29.734488930641]]}, "properties": {"centerlineid": 10136873, "roadclass": "LOCAL", "fullname": "MT VERNON ST", "fromleft": 4201, "toleft": 4299, "fromright": 4200, "toright": 4298, "onewaydir": " "}}, {"type": "Feature", "geometry": {"type": "LineString", "coordinates": [[-95.3865274458899, 29.7413991511095], [-95.3865121803795, 29.7405523971059]]}, "properties": {"centerlineid": 10134397, "roadclass": "LOCAL", "fullname": "AUDUBON PL", "fromleft": 3501, "toleft": 3599, "fromright": 3500, "toright": 3598, "onewaydir": " "}}, {"type": "Feature", "geometry": {"type": "LineString", "coordinates": [[-95.3714747046861, 29.7263082755723], [-95.370086021523, 29.7254765879621], [-95.3697579493, 29.7252783225617]]}, "properties": {"centerlineid": 10137354, "roadclass": "LOCAL", "fullname": "ROSEWOOD ST", "fromleft": 2401, "toleft": 2599, "fromright": 2400, "toright": 2598, "onewaydir": " "}}, {"type": "Feature", "geometry": {"type": "LineString", "coordinates": [[-95.3800957465629, 29.7313474756671], [-95.3805533346253, 29.7307925849089]]}, "properties": {"centerlineid": 10137373, "roadclass": "LOCAL", "fullname": "AUSTIN ST", "fromleft": 4501, "toleft": 4599, "fromright": 4500, "toright": 4598, "onewaydir": " "}}, {"type": "Feature", "geometry": {"type": "LineString", "coordinates": [[-95.3783638928924, 29.7303823087635], [-95.3783159177728, 29.7303897802789], [-95.3782653846618, 29.7303872190808], [-95.3782207410413, 29.7303728766531], [-95.3781865815692, 29.7303501077622], [-95.377455905219, 29.729910355878]]}, "properties": {"centerlineid": 10137397, "roadclass": "LOCAL", "fullname": "ROSEWOOD ST", "fromleft": 1601, "toleft": 1699, "fromright": 1600, "toright": 1698, "onewaydir": " "}}, {"type": "Feature", "geometry": {"type": "LineString", "coordinates": [[-95.3995049417039, 29.7327570923032], [-95.3994896916222, 29.7320246829474]]}, "properties": {"centerlineid": 10136916, "roadclass": "LOCAL", "fullname": "MANDELL ST", "fromleft": 4501, "toleft": 4599, "fromright": 4500, "toright": 4598, "onewaydir": " "}}, {"type": "Feature", "geometry": {"type": "LineString", "coordinates": [[-95.3719629842557, 29.7257017892885], [-95.3724588106648, 29.725062710526]]}, "properties": {"centerlineid": 10137515, "roadclass": "MAJOR", "fullname": "EMANCIPATION AVE", "fromleft": 4601, "toleft": 4699, "fromright": 4600, "toright": 4698, "onewaydir": " "}}, {"type": "Feature", "geometry": {"type": "LineString", "coordinates": [[-95.3879464538327, 29.7278570946623], [-95.3884422686957, 29.7272428917275]]}, "properties": {"centerlineid": 10137069, "roadclass": "MAJOR", "fullname": "MAIN ST", "fromleft": 5301, "toleft": 5399, "fromright": 5300, "toright": 5398, "onewaydir": " "}}, {"type": "Feature", "geometry": {"type": "LineString", "coordinates": [[-95.3724587812878, 29.7378191280462], [-95.3729089773696, 29.7372642191427]]}, "properties": {"centerlineid": 10137595, "roadclass": "MAJOR", "fullname": "CRAWFORD ST", "fromleft": 3301, "toleft": 3399, "fromright": 3300, "toright": 3398, "onewaydir": "FT"}}, {"type": "Feature", "geometry": {"type": "LineString", "coordinates": [[-95.3874353414731, 29.7285208881604], [-95.3879464538327, 29.7278570946623]]}, "properties": {"centerlineid": 10137068, "roadclass": "MAJOR", "fullname": "MAIN ST", "fromleft": 5201, "toleft": 5299, "fromright": 5200, "toright": 5298, "onewaydir": " "}}, {"type": "Feature", "geometry": {"type": "LineString", "coordinates": [[-95.3848793742002, 29.7353986602938], [-95.3852227520741, 29.7351259816894], [-95.3853907128081, 29.7349751914297]]}, "properties": {"centerlineid": 10136717, "roadclass": "LOCAL", "fullname": "MILAM ST", "fromleft": 4101, "toleft": 4199, "fromright": 4100, "toright": 4198, "onewaydir": "TF"}}, {"type": "Feature", "geometry": {"type": "LineString", "coordinates": [[-95.3908555543511, 29.7229854613522], [-95.3908227742677, 29.722562149513]]}, "properties": {"centerlineid": 10136524, "roadclass": "LOCAL", "fullname": "HERMANN PARK DR", "fromleft": 5427, "toleft": 5431, "fromright": 0, "toright": 0, "onewaydir": "TF"}}, {"type": "Feature", "geometry": {"type": "LineString", "coordinates": [[-95.3703301716899, 29.7329878062138], [-95.3700935597531, 29.7328429105541]]}, "properties": {"centerlineid": 10137392, "roadclass": "LOCAL", "fullname": "WINBERN ST", "fromleft": 2001, "toleft": 2099, "fromright": 2000, "toright": 2098, "onewaydir": " "}}, {"type": "Feature", "geometry": {"type": "LineString", "coordinates": [[-95.3752283373242, 29.7359250418082], [-95.3743508005533, 29.7354235560462]]}, "properties": {"centerlineid": 10137303, "roadclass": "LOCAL", "fullname": "WINBERN ST", "fromleft": 1501, "toleft": 1599, "fromright": 1500, "toright": 1598, "onewaydir": " "}}, {"type": "Feature", "geometry": {"type": "LineString", "coordinates": [[-95.383368831177, 29.728845123216], [-95.3825065685151, 29.7283223771662]]}, "properties": {"centerlineid": 10137152, "roadclass": "LOCAL", "fullname": "ROSEDALE", "fromleft": 1301, "toleft": 1399, "fromright": 1300, "toright": 1398, "onewaydir": " "}}, {"type": "Feature", "geometry": {"type": "LineString", "coordinates": [[-95.3994896916222, 29.7320246829474], [-95.3994946310146, 29.7314343967748]]}, "properties": {"centerlineid": 10201242, "roadclass": "LOCAL", "fullname": "MANDELL ST", "fromleft": 4601, "toleft": 4699, "fromright": 4600, "toright": 4698, "onewaydir": " "}}, {"type": "Feature", "geometry": {"type": "LineString", "coordinates": [[-95.3888468285976, 29.7353473216007], [-95.389830906054, 29.7353357008151]]}, "properties": {"centerlineid": 10136953, "roadclass": "LOCAL", "fullname": "COLQUITT ST", "fromleft": 801, "toleft": 899, "fromright": 800, "toright": 898, "onewaydir": " "}}, {"type": "Feature", "geometry": {"type": "LineString", "coordinates": [[-95.3718615707552, 29.7302544056169], [-95.3716977229191, 29.7301590376046], [-95.3711967087242, 29.729854933164]]}, "properties": {"centerlineid": 10137215, "roadclass": "LOCAL", "fullname": "CLEBURNE ST", "fromleft": 2101, "toleft": 2199, "fromright": 2100, "toright": 2198, "onewaydir": " "}}, {"type": "Feature", "geometry": {"type": "LineString", "coordinates": [[-95.3690866311849, 29.7340903064518], [-95.3685677853838, 29.7337928081078], [-95.3682168785689, 29.7335810360945]]}, "properties": {"centerlineid": 10137192, "roadclass": "LOCAL", "fullname": "HOLMAN ST", "fromleft": 2101, "toleft": 2199, "fromright": 2100, "toright": 2198, "onewaydir": " "}}, {"type": "Feature", "geometry": {"type": "LineString", "coordinates": [[-95.3786614633511, 29.7268919324483], [-95.3791421726585, 29.72628730965]]}, "properties": {"centerlineid": 10137487, "roadclass": "LOCAL", "fullname": "CHENEVERT ST", "fromleft": 4819, "toleft": 4899, "fromright": 4818, "toright": 4898, "onewaydir": " "}}, {"type": "Feature", "geometry": {"type": "LineString", "coordinates": [[-95.3946145633422, 29.7269300336437], [-95.3946070221066, 29.7262414157637], [-95.3946184155915, 29.7261271037634], [-95.3946220954803, 29.7260908252992]]}, "properties": {"centerlineid": 10136757, "roadclass": "LOCAL", "fullname": "GRAUSTARK ST", "fromleft": 5201, "toleft": 5299, "fromright": 5200, "toright": 5298, "onewaydir": " "}}, {"type": "Feature", "geometry": {"type": "LineString", "coordinates": [[-95.3712761759139, 29.7342771875638], [-95.3714637710388, 29.7340736427945], [-95.3716545987404, 29.73393187693], [-95.3717263476695, 29.7338785806975], [-95.3719664741746, 29.7337252071917], [-95.372176545757, 29.7336305523578], [-95.3722605161207, 29.7335924497667], [-95.3725452558546, 29.7334779598233], [-95.3728111545821, 29.7333710461912], [-95.3730005046436, 29.7332949098257], [-95.3734582238778, 29.7331710045972], [-95.3741753166216, 29.7330736088814], [-95.3748849831207, 29.7330202022749], [-95.3752053270365, 29.7329973779652]]}, "properties": {"centerlineid": 10137752, "roadclass": "FREEWAY", "fullname": "S US 59", "fromleft": 0, "toleft": 0, "fromright": 200, "toright": 298, "onewaydir": "FT"}}, {"type": "Feature", "geometry": {"type": "LineString", "coordinates": [[-95.3789361339208, 29.7408919089001], [-95.3780981049862, 29.7403944945066], [-95.3780588484773, 29.7403711986467]]}, "properties": {"centerlineid": 10135849, "roadclass": "LOCAL", "fullname": "FRANCIS ST", "fromleft": 901, "toleft": 999, "fromright": 900, "toright": 998, "onewaydir": " "}}, {"type": "Feature", "geometry": {"type": "LineString", "coordinates": [[-95.3706277434983, 29.7433198989884], [-95.3711999612311, 29.7426009299583]]}, "properties": {"centerlineid": 10136216, "roadclass": "LOCAL", "fullname": "AUSTIN ST", "fromleft": 2601, "toleft": 2699, "fromright": 2600, "toright": 2698, "onewaydir": "FT"}}, {"type": "Feature", "geometry": {"type": "LineString", "coordinates": [[-95.383933359833, 29.7281336617079], [-95.3843682691345, 29.7275785365849]]}, "properties": {"centerlineid": 10136852, "roadclass": "LOCAL", "fullname": "CAROLINE ST", "fromleft": 5001, "toleft": 5099, "fromright": 5000, "toright": 5098, "onewaydir": " "}}, {"type": "Feature", "geometry": {"type": "LineString", "coordinates": [[-95.3908761654197, 29.7237618862077], [-95.3907846849959, 29.7238515731294], [-95.3907235171766, 29.7239355186906]]}, "properties": {"centerlineid": 10136493, "roadclass": "MAJOR", "fullname": "MAIN ST", "fromleft": 0, "toleft": 0, "fromright": 5800, "toright": 5824, "onewaydir": "FT"}}, {"type": "Feature", "geometry": {"type": "LineString", "coordinates": [[-95.3869089509326, 29.7353644265494], [-95.3878702406972, 29.7353566716269]]}, "properties": {"centerlineid": 10136951, "roadclass": "LOCAL", "fullname": "COLQUITT ST", "fromleft": 601, "toleft": 699, "fromright": 600, "toright": 698, "onewaydir": " "}}, {"type": "Feature", "geometry": {"type": "LineString", "coordinates": [[-95.3776239546686, 29.7409338879522], [-95.3771890273671, 29.7406762802206]]}, "properties": {"centerlineid": 10135736, "roadclass": "LOCAL", "fullname": "STUART ST", "fromleft": 1001, "toleft": 1015, "fromright": 1000, "toright": 1014, "onewaydir": " "}}, {"type": "Feature", "geometry": {"type": "LineString", "coordinates": [[-95.3829186744575, 29.7230143763781], [-95.3820869827822, 29.7225297595352]]}, "properties": {"centerlineid": 10138000, "roadclass": "LOCAL", "fullname": "CALUMET ST", "fromleft": 1701, "toleft": 1799, "fromright": 1700, "toright": 1798, "onewaydir": " "}}, {"type": "Feature", "geometry": {"type": "LineString", "coordinates": [[-95.3704675493328, 29.7275748874489], [-95.3700173663518, 29.7273076754283], [-95.3687585622322, 29.7265389458863]]}, "properties": {"centerlineid": 10137352, "roadclass": "LOCAL", "fullname": "BARBEE ST", "fromleft": 2401, "toleft": 2599, "fromright": 2400, "toright": 2598, "onewaydir": " "}}, {"type": "Feature", "geometry": {"type": "LineString", "coordinates": [[-95.3994744084106, 29.7288145115791], [-95.3994593098847, 29.7278799392286]]}, "properties": {"centerlineid": 10136924, "roadclass": "LOCAL", "fullname": "MANDELL ST", "fromleft": 5001, "toleft": 5099, "fromright": 5000, "toright": 5098, "onewaydir": " "}}, {"type": "Feature", "geometry": {"type": "LineString", "coordinates": [[-95.3854744206255, 29.7245668681669], [-95.3861306569601, 29.7237237617885]]}, "properties": {"centerlineid": 10136978, "roadclass": "LOCAL", "fullname": "AUSTIN ST", "fromleft": 5501, "toleft": 5599, "fromright": 5500, "toright": 5598, "onewaydir": " "}}, {"type": "Feature", "geometry": {"type": "LineString", "coordinates": [[-95.3833001573607, 29.7241376648333], [-95.3824381388273, 29.723622692043]]}, "properties": {"centerlineid": 10137138, "roadclass": "LOCAL", "fullname": "PROSPECT ST", "fromleft": 1601, "toleft": 1699, "fromright": 1600, "toright": 1698, "onewaydir": " "}}, {"type": "Feature", "geometry": {"type": "LineString", "coordinates": [[-95.3814157003661, 29.7313111752052], [-95.3805533346253, 29.7307925849089]]}, "properties": {"centerlineid": 10137145, "roadclass": "LOCAL", "fullname": "RUTH ST", "fromleft": 1301, "toleft": 1399, "fromright": 1300, "toright": 1398, "onewaydir": " "}}, {"type": "Feature", "geometry": {"type": "LineString", "coordinates": [[-95.3854210491796, 29.7371190791508], [-95.3869392934145, 29.737090539044]]}, "properties": {"centerlineid": 10136659, "roadclass": "LOCAL", "fullname": "BRANARD ST", "fromleft": 501, "toleft": 599, "fromright": 500, "toright": 598, "onewaydir": " "}}, {"type": "Feature", "geometry": {"type": "LineString", "coordinates": [[-95.3675530932502, 29.7312883568222], [-95.3679955385223, 29.7307085994251]]}, "properties": {"centerlineid": 10137680, "roadclass": "MAJOR", "fullname": "EMANCIPATION AVE", "fromleft": 3701, "toleft": 3799, "fromright": 3700, "toright": 3798, "onewaydir": " "}}, {"type": "Feature", "geometry": {"type": "LineString", "coordinates": [[-95.377349206907, 29.7269471581653], [-95.3776008770647, 29.726184372131]]}, "properties": {"centerlineid": 10137415, "roadclass": "MAJOR", "fullname": "ALMEDA RD", "fromleft": 4801, "toleft": 4815, "fromright": 4800, "toright": 4814, "onewaydir": " "}}, {"type": "Feature", "geometry": {"type": "LineString", "coordinates": [[-95.3946985017902, 29.7352765800949], [-95.3953775738444, 29.7352729446409], [-95.395453760544, 29.73527090092], [-95.3955149126095, 29.7352975723817]]}, "properties": {"centerlineid": 10136868, "roadclass": "LOCAL", "fullname": "COLQUITT ST", "fromleft": 1301, "toleft": 1399, "fromright": 1300, "toright": 1398, "onewaydir": " "}}, {"type": "Feature", "geometry": {"type": "LineString", "coordinates": [[-95.3798821578096, 29.7284635977403], [-95.3790123714323, 29.7279371837092]]}, "properties": {"centerlineid": 10137359, "roadclass": "LOCAL", "fullname": "WENTWORTH ST", "fromleft": 1601, "toleft": 1699, "fromright": 1600, "toright": 1698, "onewaydir": " "}}, {"type": "Feature", "geometry": {"type": "LineString", "coordinates": [[-95.367400478628, 29.7394708600742], [-95.367858175501, 29.73887393242]]}, "properties": {"centerlineid": 10137256, "roadclass": "LOCAL", "fullname": "HAMILTON ST", "fromleft": 2801, "toleft": 2899, "fromright": 2800, "toright": 2898, "onewaydir": "FT"}}, {"type": "Feature", "geometry": {"type": "LineString", "coordinates": [[-95.3692621036281, 29.7259039477692], [-95.3697579493, 29.7252783225617]]}, "properties": {"centerlineid": 10137539, "roadclass": "LOCAL", "fullname": "LIVE OAK ST", "fromleft": 4401, "toleft": 4499, "fromright": 4400, "toright": 4498, "onewaydir": " "}}, {"type": "Feature", "geometry": {"type": "LineString", "coordinates": [[-95.3755639820354, 29.7435354976571], [-95.3747238665252, 29.743014142311], [-95.3746941917446, 29.7429956633862]]}, "properties": {"centerlineid": 10135969, "roadclass": "LOCAL", "fullname": "TUAM ST", "fromleft": 1001, "toleft": 1099, "fromright": 1000, "toright": 1098, "onewaydir": " "}}, {"type": "Feature", "geometry": {"type": "LineString", "coordinates": [[-95.3947518843451, 29.7387423181032], [-95.394729087286, 29.7378382874171]]}, "properties": {"centerlineid": 10136911, "roadclass": "LOCAL", "fullname": "GRAUSTARK ST", "fromleft": 3801, "toleft": 3899, "fromright": 3800, "toright": 3898, "onewaydir": " "}}, {"type": "Feature", "geometry": {"type": "LineString", "coordinates": [[-95.3979113719259, 29.7361043498525], [-95.3979104752044, 29.7360339066941], [-95.3979105190232, 29.7359919033301], [-95.3979027137763, 29.735589408486], [-95.3978952266952, 29.7352519555231]]}, "properties": {"centerlineid": 10137021, "roadclass": "LOCAL", "fullname": "LORETTO DR", "fromleft": 4101, "toleft": 4199, "fromright": 4100, "toright": 4198, "onewaydir": " "}}, {"type": "Feature", "geometry": {"type": "LineString", "coordinates": [[-95.3797181069331, 29.7302885221921], [-95.3789933696806, 29.7298507605564], [-95.3789504750312, 29.7298257178882], [-95.3789088211951, 29.7298042913329], [-95.3788368860129, 29.729777850885]]}, "properties": {"centerlineid": 10137398, "roadclass": "LOCAL", "fullname": "RUTH ST", "fromleft": 1501, "toleft": 1599, "fromright": 1500, "toright": 1598, "onewaydir": " "}}, {"type": "Feature", "geometry": {"type": "LineString", "coordinates": [[-95.3809655380542, 29.7318777404135], [-95.3814157003661, 29.7313111752052]]}, "properties": {"centerlineid": 10137134, "roadclass": "LOCAL", "fullname": "CAROLINE ST", "fromleft": 4501, "toleft": 4599, "fromright": 4500, "toright": 4598, "onewaydir": " "}}, {"type": "Feature", "geometry": {"type": "LineString", "coordinates": [[-95.3926374303353, 29.7434212688039], [-95.3927681626081, 29.7433924453891], [-95.392877160572, 29.7433751812618], [-95.3930428911149, 29.7433714671995], [-95.3931834735858, 29.7433810405426], [-95.3933633392918, 29.7434026006137], [-95.3935045897584, 29.7434326736774]]}, "properties": {"centerlineid": 10134076, "roadclass": "MAJOR", "fullname": "LOVETT BLVD", "fromleft": 1101, "toleft": 1199, "fromright": 1100, "toright": 1198, "onewaydir": " "}}, {"type": "Feature", "geometry": {"type": "LineString", "coordinates": [[-95.3850853705866, 29.7298730278711], [-95.3856576749116, 29.7291615842495]]}, "properties": {"centerlineid": 10136763, "roadclass": "MAJOR", "fullname": "FANNIN ST", "fromleft": 4901, "toleft": 4999, "fromright": 4900, "toright": 4998, "onewaydir": "FT"}}, {"type": "Feature", "geometry": {"type": "LineString", "coordinates": [[-95.3752179600897, 29.7246620041212], [-95.3751239389972, 29.7246127664323], [-95.3750499128442, 29.7245706391948], [-95.374963071221, 29.7245195668616], [-95.373565734821, 29.7236700691338]]}, "properties": {"centerlineid": 10137426, "roadclass": "LOCAL", "fullname": "ARBOR ST", "fromleft": 2201, "toleft": 2399, "fromright": 2200, "toright": 2398, "onewaydir": " "}}, {"type": "Feature", "geometry": {"type": "LineString", "coordinates": [[-95.3752179600897, 29.7246620041212], [-95.3752978771019, 29.7245228952106], [-95.3753456202986, 29.7244267440018], [-95.3754152953102, 29.7242836037619]]}, "properties": {"centerlineid": 10214173, "roadclass": "FRONTAGE", "fullname": "SOUTH FWY", "fromleft": 4901, "toleft": 4947, "fromright": 0, "toright": 0, "onewaydir": "TF"}}, {"type": "Feature", "geometry": {"type": "LineString", "coordinates": [[-95.3928140324815, 29.7277386935023], [-95.3928063039075, 29.7269396378575]]}, "properties": {"centerlineid": 10137007, "roadclass": "LOCAL", "fullname": "YOAKUM BLVD", "fromleft": 5101, "toleft": 5199, "fromright": 5100, "toright": 5198, "onewaydir": " "}}, {"type": "Feature", "geometry": {"type": "LineString", "coordinates": [[-95.3911509179318, 29.7361730913623], [-95.3911431194815, 29.735694355182], [-95.3911356330965, 29.7353167550656]]}, "properties": {"centerlineid": 10136671, "roadclass": "MAJOR", "fullname": "MONTROSE BLVD", "fromleft": 4101, "toleft": 4199, "fromright": 4100, "toright": 4198, "onewaydir": " "}}, {"type": "Feature", "geometry": {"type": "LineString", "coordinates": [[-95.3683923144925, 29.7317862453727], [-95.3676599125823, 29.7313495407685], [-95.3675530932502, 29.7312883568222]]}, "properties": {"centerlineid": 10137187, "roadclass": "LOCAL", "fullname": "WINBERN ST", "fromleft": 2301, "toleft": 2399, "fromright": 2300, "toright": 2398, "onewaydir": " "}}, {"type": "Feature", "geometry": {"type": "LineString", "coordinates": [[-95.40048928199, 29.7427953174035], [-95.4012598536495, 29.7427953176262]]}, "properties": {"centerlineid": 10134157, "roadclass": "MAJOR", "fullname": "WESTHEIMER RD", "fromleft": 1629, "toleft": 1643, "fromright": 1628, "toright": 1642, "onewaydir": " "}}, {"type": "Feature", "geometry": {"type": "LineString", "coordinates": [[-95.3926070040234, 29.7417641255578], [-95.3926004617663, 29.7413286462628]]}, "properties": {"centerlineid": 10204408, "roadclass": "LOCAL", "fullname": "YOAKUM BLVD", "fromleft": 3459, "toleft": 3499, "fromright": 3458, "toright": 3498, "onewaydir": " "}}, {"type": "Feature", "geometry": {"type": "LineString", "coordinates": [[-95.3957666111442, 29.7434152770679], [-95.3957741338918, 29.742316597116]]}, "properties": {"centerlineid": 10134069, "roadclass": "LOCAL", "fullname": "YUPON ST", "fromleft": 3301, "toleft": 3399, "fromright": 3300, "toright": 3398, "onewaydir": " "}}, {"type": "Feature", "geometry": {"type": "LineString", "coordinates": [[-95.3992760843878, 29.7360948090127], [-95.4019616807671, 29.7360623955095]]}, "properties": {"centerlineid": 10136950, "roadclass": "LOCAL", "fullname": "W MAIN ST", "fromleft": 1601, "toleft": 1699, "fromright": 1600, "toright": 1698, "onewaydir": " "}}, {"type": "Feature", "geometry": {"type": "LineString", "coordinates": [[-95.3969492151233, 29.7428679001645], [-95.3970406872111, 29.7428316099103], [-95.3971474647002, 29.7428162933712], [-95.3974908947598, 29.7428105969919], [-95.3975518328401, 29.7428087918342]]}, "properties": {"centerlineid": 10134191, "roadclass": "MAJOR", "fullname": "WESTHEIMER RD", "fromleft": 1427, "toleft": 1499, "fromright": 1426, "toright": 1498, "onewaydir": " "}}, {"type": "Feature", "geometry": {"type": "LineString", "coordinates": [[-95.3912499183801, 29.7434590606979], [-95.3926374303353, 29.7434212688039]]}, "properties": {"centerlineid": 10134075, "roadclass": "MAJOR", "fullname": "LOVETT BLVD", "fromleft": 1001, "toleft": 1099, "fromright": 1000, "toright": 1098, "onewaydir": " "}}, {"type": "Feature", "geometry": {"type": "LineString", "coordinates": [[-95.3937372282163, 29.7277329891406], [-95.3946145463754, 29.7277329751821]]}, "properties": {"centerlineid": 10136860, "roadclass": "LOCAL", "fullname": "BARTLETT ST", "fromleft": 1201, "toleft": 1299, "fromright": 1200, "toright": 1298, "onewaydir": " "}}, {"type": "Feature", "geometry": {"type": "LineString", "coordinates": [[-95.3765861996135, 29.742234695838], [-95.3760064185918, 29.7418951567118]]}, "properties": {"centerlineid": 10135730, "roadclass": "LOCAL", "fullname": "ROSALIE ST", "fromleft": 1001, "toleft": 1021, "fromright": 1000, "toright": 1020, "onewaydir": " "}}, {"type": "Feature", "geometry": {"type": "LineString", "coordinates": [[-95.3825065685151, 29.7283223771662], [-95.3830635736113, 29.7276052275514]]}, "properties": {"centerlineid": 10137449, "roadclass": "LOCAL", "fullname": "AUSTIN ST", "fromleft": 4901, "toleft": 4999, "fromright": 4900, "toright": 4998, "onewaydir": " "}}, {"type": "Feature", "geometry": {"type": "LineString", "coordinates": [[-95.3697579493, 29.7252783225617], [-95.369903039642, 29.7251010203689], [-95.3701088643021, 29.724843399691], [-95.370238708436, 29.7246661488744]]}, "properties": {"centerlineid": 10137532, "roadclass": "LOCAL", "fullname": "LIVE OAK ST", "fromleft": 4501, "toleft": 4599, "fromright": 4500, "toright": 4598, "onewaydir": " "}}, {"type": "Feature", "geometry": {"type": "LineString", "coordinates": [[-95.389892064654, 29.7405008038669], [-95.3901971308864, 29.7404989761366], [-95.3912043090617, 29.7404836865022]]}, "properties": {"centerlineid": 10136995, "roadclass": "LOCAL", "fullname": "KIPLING ST", "fromleft": 901, "toleft": 999, "fromright": 900, "toright": 998, "onewaydir": " "}}, {"type": "Feature", "geometry": {"type": "LineString", "coordinates": [[-95.3661797371062, 29.7314485319065], [-95.3666527317931, 29.7308612337679]]}, "properties": {"centerlineid": 10137679, "roadclass": "LOCAL", "fullname": "ST CHARLES ST", "fromleft": 3601, "toleft": 3699, "fromright": 3600, "toright": 3698, "onewaydir": " "}}, {"type": "Feature", "geometry": {"type": "LineString", "coordinates": [[-95.3872368042266, 29.7445426811862], [-95.3872292831301, 29.7434649922449]]}, "properties": {"centerlineid": 10134207, "roadclass": "LOCAL", "fullname": "WHITNEY ST", "fromleft": 2801, "toleft": 3299, "fromright": 2800, "toright": 3298, "onewaydir": " "}}, {"type": "Feature", "geometry": {"type": "LineString", "coordinates": [[-95.3885492821627, 29.7295832479199], [-95.3885748125902, 29.7295983105376], [-95.3887400533374, 29.7296957069616], [-95.388785667377, 29.7297185686454], [-95.3888543259249, 29.7297242323245], [-95.3902352321838, 29.7297148883707]]}, "properties": {"centerlineid": 10136754, "roadclass": "LOCAL", "fullname": "PORTLAND ST", "fromleft": 201, "toleft": 399, "fromright": 200, "toright": 398, "onewaydir": " "}}, {"type": "Feature", "geometry": {"type": "LineString", "coordinates": [[-95.3664316479445, 29.7342618859344], [-95.3656152591345, 29.7337526500456]]}, "properties": {"centerlineid": 10137177, "roadclass": "LOCAL", "fullname": "STUART ST", "fromleft": 2301, "toleft": 2399, "fromright": 2300, "toright": 2398, "onewaydir": " "}}, {"type": "Feature", "geometry": {"type": "LineString", "coordinates": [[-95.3842308872733, 29.7293619022823], [-95.3846429497666, 29.7288469074187], [-95.384795625505, 29.7286504903747]]}, "properties": {"centerlineid": 10136698, "roadclass": "LOCAL", "fullname": "SAN JACINTO ST", "fromleft": 4901, "toleft": 4999, "fromright": 4900, "toright": 4998, "onewaydir": "TF"}}, {"type": "Feature", "geometry": {"type": "LineString", "coordinates": [[-95.369483222109, 29.7415688926586], [-95.3686364659543, 29.7410616468381]]}, "properties": {"centerlineid": 10135870, "roadclass": "LOCAL", "fullname": "DENNIS ST", "fromleft": 1601, "toleft": 1699, "fromright": 1600, "toright": 1698, "onewaydir": " "}}, {"type": "Feature", "geometry": {"type": "LineString", "coordinates": [[-95.3715889932966, 29.7373080175085], [-95.3714975164473, 29.7372393460767], [-95.3711396096668, 29.737019989545]]}, "properties": {"centerlineid": 10204440, "roadclass": "LOCAL", "fullname": "STUART ST", "fromleft": 1701, "toleft": 1757, "fromright": 1700, "toright": 1756, "onewaydir": " "}}, {"type": "Feature", "geometry": {"type": "MultiLineString", "coordinates": [[[-95.3804662429743, 29.7326043778033], [-95.3805036246185, 29.7326296873358]], [[-95.3803932788944, 29.7325549763136], [-95.3804662429743, 29.7326043778033]]]}, "properties": {"centerlineid": 10137527, "roadclass": "MAJOR", "fullname": "WHEELER ST", "fromleft": 1291, "toleft": 1299, "fromright": 1290, "toright": 1298, "onewaydir": " "}}, {"type": "Feature", "geometry": {"type": "LineString", "coordinates": [[-95.3981468996466, 29.726687949957], [-95.3994668629817, 29.7266840823969]]}, "properties": {"centerlineid": 10136645, "roadclass": "LOCAL", "fullname": "SOUTH BLVD", "fromleft": 1501, "toleft": 1599, "fromright": 1500, "toright": 1598, "onewaydir": " "}}, {"type": "Feature", "geometry": {"type": "LineString", "coordinates": [[-95.3695671674837, 29.739886803799], [-95.3686974076437, 29.7393718165937]]}, "properties": {"centerlineid": 10137253, "roadclass": "LOCAL", "fullname": "TUAM ST", "fromleft": 1701, "toleft": 1799, "fromright": 1700, "toright": 1798, "onewaydir": " "}}, {"type": "Feature", "geometry": {"type": "LineString", "coordinates": [[-95.372062025147, 29.7367300531571], [-95.3722374862888, 29.7365144041786], [-95.3725121856215, 29.7361655623832]]}, "properties": {"centerlineid": 10137597, "roadclass": "LOCAL", "fullname": "JACKSON ST", "fromleft": 3401, "toleft": 3499, "fromright": 3400, "toright": 3498, "onewaydir": "FT"}}, {"type": "Feature", "geometry": {"type": "LineString", "coordinates": [[-95.3699334168973, 29.7410044112607], [-95.3695368259918, 29.7407680057977], [-95.3690788798783, 29.7404912341494]]}, "properties": {"centerlineid": 10135702, "roadclass": "LOCAL", "fullname": "DREW ST", "fromleft": 1601, "toleft": 1699, "fromright": 1600, "toright": 1698, "onewaydir": " "}}, {"type": "Feature", "geometry": {"type": "LineString", "coordinates": [[-95.3805078213185, 29.7260623226208], [-95.3814003897388, 29.7249255839553], [-95.3814232412711, 29.724898849501]]}, "properties": {"centerlineid": 10137315, "roadclass": "LOCAL", "fullname": "JACKSON ST", "fromleft": 5001, "toleft": 5199, "fromright": 5000, "toright": 5198, "onewaydir": " "}}, {"type": "Feature", "geometry": {"type": "LineString", "coordinates": [[-95.3845389623885, 29.7322666351001], [-95.3845614256912, 29.7322300818639], [-95.384644592224, 29.7320897748495], [-95.3846697973383, 29.732047573625]]}, "properties": {"centerlineid": 10137083, "roadclass": "MAJOR", "fullname": "MAIN ST", "fromleft": 0, "toleft": 0, "fromright": 0, "toright": 0, "onewaydir": " "}}, {"type": "Feature", "geometry": {"type": "LineString", "coordinates": [[-95.3937447687032, 29.7387594026349], [-95.3937600379234, 29.7386697553816], [-95.3937452168266, 29.7378528220641]]}, "properties": {"centerlineid": 10136683, "roadclass": "PRIVATE", "fullname": "MT VERNON ST", "fromleft": 3801, "toleft": 3899, "fromright": 3800, "toright": 3898, "onewaydir": " "}}, {"type": "Feature", "geometry": {"type": "LineString", "coordinates": [[-95.3853982082761, 29.7325052097633], [-95.3856652051395, 29.73248054984], [-95.3858712224057, 29.7324500105539], [-95.3865121424609, 29.7323297479131], [-95.3866801166035, 29.7322973428066], [-95.387085215548, 29.7322113714984]]}, "properties": {"centerlineid": 10137116, "roadclass": "RAMP", "fullname": "GARROTT 59 S SB ENT RAMP", "fromleft": 0, "toleft": 0, "fromright": 0, "toright": 0, "onewaydir": "FT"}}, {"type": "Feature", "geometry": {"type": "LineString", "coordinates": [[-95.3743814099217, 29.7417578278534], [-95.3735421634447, 29.7412485376816]]}, "properties": {"centerlineid": 10135599, "roadclass": "LOCAL", "fullname": "ANITA ST", "fromleft": 1201, "toleft": 1299, "fromright": 1200, "toright": 1298, "onewaydir": " "}}, {"type": "Feature", "geometry": {"type": "LineString", "coordinates": [[-95.3778527918124, 29.7310481155824], [-95.3762505629883, 29.7301134997887]]}, "properties": {"centerlineid": 10137396, "roadclass": "MAJOR", "fullname": "WHEELER ST", "fromleft": 1601, "toleft": 1799, "fromright": 1600, "toright": 1798, "onewaydir": " "}}, {"type": "Feature", "geometry": {"type": "LineString", "coordinates": [[-95.3854340121294, 29.7388803996585], [-95.3854310022039, 29.7379986246965]]}, "properties": {"centerlineid": 10136676, "roadclass": "LOCAL", "fullname": "GARROTT ST", "fromleft": 3801, "toleft": 3899, "fromright": 3800, "toright": 3898, "onewaydir": " "}}, {"type": "Feature", "geometry": {"type": "LineString", "coordinates": [[-95.3911965271698, 29.7396367179578], [-95.3911812217228, 29.7387824750671]]}, "properties": {"centerlineid": 10136741, "roadclass": "MAJOR", "fullname": "MONTROSE BLVD", "fromleft": 3701, "toleft": 3799, "fromright": 3700, "toright": 3798, "onewaydir": " "}}, {"type": "Feature", "geometry": {"type": "LineString", "coordinates": [[-95.3741475851397, 29.7229389888971], [-95.3727104962085, 29.7220738613564], [-95.3724663579789, 29.7219328576731], [-95.3723976616364, 29.721982353034], [-95.3723061323455, 29.7220624442715]]}, "properties": {"centerlineid": 10137845, "roadclass": "LOCAL", "fullname": "ROSEDALE ST", "fromleft": 2401, "toleft": 2599, "fromright": 2400, "toright": 2598, "onewaydir": " "}}, {"type": "Feature", "geometry": {"type": "LineString", "coordinates": [[-95.3726876628001, 29.7279714424354], [-95.3731759643107, 29.7273268540991]]}, "properties": {"centerlineid": 10137444, "roadclass": "LOCAL", "fullname": "SOUTH FWY", "fromleft": 4401, "toleft": 4499, "fromright": 0, "toright": 0, "onewaydir": "TF"}}, {"type": "Feature", "geometry": {"type": "LineString", "coordinates": [[-95.3937753194134, 29.7404588127983], [-95.3940591015609, 29.740458302387], [-95.3947747164576, 29.7404570100783]]}, "properties": {"centerlineid": 10235680, "roadclass": "LOCAL", "fullname": "KIPLING ST", "fromleft": 1201, "toleft": 1299, "fromright": 1200, "toright": 1298, "onewaydir": " "}}, {"type": "Feature", "geometry": {"type": "LineString", "coordinates": [[-95.3796457585866, 29.7432131075497], [-95.3787912526034, 29.7426866929953]]}, "properties": {"centerlineid": 10135615, "roadclass": "MAJOR", "fullname": "ELGIN ST", "fromleft": 701, "toleft": 799, "fromright": 700, "toright": 798, "onewaydir": " "}}, {"type": "Feature", "geometry": {"type": "LineString", "coordinates": [[-95.380202525602, 29.7424920560272], [-95.3800804194205, 29.7424120028452], [-95.3793482356267, 29.741979140327]]}, "properties": {"centerlineid": 10135876, "roadclass": "LOCAL", "fullname": "STUART ST", "fromleft": 701, "toleft": 799, "fromright": 700, "toright": 798, "onewaydir": " "}}, {"type": "Feature", "geometry": {"type": "LineString", "coordinates": [[-95.3722069043552, 29.7285760891126], [-95.3720697505149, 29.7284941769825], [-95.3713448599247, 29.7280592762059]]}, "properties": {"centerlineid": 10137429, "roadclass": "LOCAL", "fullname": "BARBEE ST", "fromleft": 2201, "toleft": 2299, "fromright": 2200, "toright": 2298, "onewaydir": " "}}, {"type": "Feature", "geometry": {"type": "LineString", "coordinates": [[-95.3919061424082, 29.7285475611157], [-95.3918983762162, 29.7277482696893]]}, "properties": {"centerlineid": 10136609, "roadclass": "LOCAL", "fullname": "BAYARD LN", "fromleft": 5001, "toleft": 5099, "fromright": 5000, "toright": 5098, "onewaydir": " "}}, {"type": "Feature", "geometry": {"type": "LineString", "coordinates": [[-95.3854744206255, 29.7245668681669], [-95.384635198931, 29.7240594093369]]}, "properties": {"centerlineid": 10137029, "roadclass": "LOCAL", "fullname": "CALUMET ST", "fromleft": 1401, "toleft": 1499, "fromright": 1400, "toright": 1498, "onewaydir": " "}}, {"type": "Feature", "geometry": {"type": "LineString", "coordinates": [[-95.366561259597, 29.726127125541], [-95.3649667461526, 29.7251754141988], [-95.3648522092647, 29.7251067143442]]}, "properties": {"centerlineid": 10137333, "roadclass": "LOCAL", "fullname": "EAGLE ST", "fromleft": 2801, "toleft": 2999, "fromright": 2800, "toright": 2998, "onewaydir": " "}}, {"type": "Feature", "geometry": {"type": "LineString", "coordinates": [[-95.384452241072, 29.7226995007917], [-95.3839105144651, 29.7223773465358], [-95.3835824465087, 29.722177022257]]}, "properties": {"centerlineid": 10136426, "roadclass": "MAJOR", "fullname": "BINZ ST", "fromleft": 1601, "toleft": 1699, "fromright": 1600, "toright": 1698, "onewaydir": " "}}, {"type": "Feature", "geometry": {"type": "LineString", "coordinates": [[-95.4021218429472, 29.7335276313625], [-95.4021218832268, 29.7327283683855]]}, "properties": {"centerlineid": 10132296, "roadclass": "MAJOR", "fullname": "DUNLAVY ST", "fromleft": 4401, "toleft": 4499, "fromright": 4400, "toright": 4498, "onewaydir": " "}}, {"type": "Feature", "geometry": {"type": "LineString", "coordinates": [[-95.3791040886462, 29.7390551380163], [-95.3795540708957, 29.7384828499465]]}, "properties": {"centerlineid": 10137627, "roadclass": "MAJOR", "fullname": "MAIN ST", "fromleft": 3601, "toleft": 3699, "fromright": 3600, "toright": 3698, "onewaydir": " "}}, {"type": "Feature", "geometry": {"type": "LineString", "coordinates": [[-95.3928215829388, 29.728539792165], [-95.3937372392807, 29.7285379783068]]}, "properties": {"centerlineid": 10136851, "roadclass": "LOCAL", "fullname": "BARKDULL ST", "fromleft": 1101, "toleft": 1199, "fromright": 1100, "toright": 1198, "onewaydir": " "}}, {"type": "Feature", "geometry": {"type": "LineString", "coordinates": [[-95.3746179835344, 29.731912176921], [-95.3737557480248, 29.7313951457254]]}, "properties": {"centerlineid": 10137740, "roadclass": "LOCAL", "fullname": "CLEBURNE ST", "fromleft": 1801, "toleft": 1899, "fromright": 1800, "toright": 1898, "onewaydir": " "}}, {"type": "Feature", "geometry": {"type": "LineString", "coordinates": [[-95.3957437778429, 29.7404417302849], [-95.3974374883131, 29.7404207209408], [-95.3975137112433, 29.7404207237768]]}, "properties": {"centerlineid": 10136702, "roadclass": "LOCAL", "fullname": "KIPLING ST", "fromleft": 1401, "toleft": 1499, "fromright": 1400, "toright": 1498, "onewaydir": " "}}, {"type": "Feature", "geometry": {"type": "LineString", "coordinates": [[-95.3908761654197, 29.7237618862077], [-95.390872312804, 29.723720148875], [-95.3908658630795, 29.7232198615914], [-95.3908555543511, 29.7229854613522]]}, "properties": {"centerlineid": 10136526, "roadclass": "LOCAL", "fullname": "HERMANN PARK DR", "fromleft": 5401, "toleft": 5425, "fromright": 0, "toright": 0, "onewaydir": "TF"}}, {"type": "Feature", "geometry": {"type": "LineString", "coordinates": [[-95.3760855573543, 29.7229384150805], [-95.3747705245948, 29.7221447741743]]}, "properties": {"centerlineid": 10137921, "roadclass": "LOCAL", "fullname": "WICHITA ST", "fromleft": 2201, "toleft": 2399, "fromright": 2200, "toright": 2398, "onewaydir": " "}}, {"type": "Feature", "geometry": {"type": "LineString", "coordinates": [[-95.3937219174054, 29.7369990752905], [-95.3937219157827, 29.736134965186]]}, "properties": {"centerlineid": 10136947, "roadclass": "PRIVATE", "fullname": "MT VERNON ST", "fromleft": 4001, "toleft": 4099, "fromright": 4000, "toright": 4098, "onewaydir": " "}}, {"type": "Feature", "geometry": {"type": "LineString", "coordinates": [[-95.3834681045323, 29.7388986107056], [-95.3838343055634, 29.7388967723231]]}, "properties": {"centerlineid": 10137096, "roadclass": "MAJOR", "fullname": "W ALABAMA ST", "fromleft": 301, "toleft": 309, "fromright": 300, "toright": 308, "onewaydir": " "}}, {"type": "Feature", "geometry": {"type": "LineString", "coordinates": [[-95.3682168580438, 29.7399669178227], [-95.367400478628, 29.7394708600742]]}, "properties": {"centerlineid": 10137251, "roadclass": "LOCAL", "fullname": "DREW ST", "fromleft": 1801, "toleft": 1899, "fromright": 1800, "toright": 1898, "onewaydir": " "}}, {"type": "Feature", "geometry": {"type": "LineString", "coordinates": [[-95.3861000910991, 29.728591397379], [-95.3852533199089, 29.7280839275802]]}, "properties": {"centerlineid": 10136577, "roadclass": "LOCAL", "fullname": "PALM ST", "fromleft": 1101, "toleft": 1199, "fromright": 1100, "toright": 1198, "onewaydir": " "}}, {"type": "Feature", "geometry": {"type": "LineString", "coordinates": [[-95.394372789991, 29.7361323945107], [-95.3947060451204, 29.7361310774849]]}, "properties": {"centerlineid": 10217711, "roadclass": "LOCAL", "fullname": "W MAIN ST", "fromleft": 1269, "toleft": 1299, "fromright": 1268, "toright": 1298, "onewaydir": " "}}, {"type": "Feature", "geometry": {"type": "LineString", "coordinates": [[-95.3663782461347, 29.7407620589454], [-95.3660901884309, 29.7405862590299], [-95.3660895544018, 29.7405858728536], [-95.3658713326978, 29.740452690869], [-95.3658710897046, 29.7404525432306], [-95.365712865648, 29.7403559771195], [-95.36551720434, 29.7402365633819], [-95.3651878905419, 29.7400355807043]]}, "properties": {"centerlineid": 10136107, "roadclass": "LOCAL", "fullname": "MCGOWEN ST", "fromleft": 0, "toleft": 0, "fromright": 0, "toright": 0, "onewaydir": " "}}, {"type": "Feature", "geometry": {"type": "LineString", "coordinates": [[-95.3786308420764, 29.7232087921603], [-95.3775627718997, 29.722566015143]]}, "properties": {"centerlineid": 10137920, "roadclass": "MAJOR", "fullname": "SOUTHMORE BLVD", "fromleft": 2101, "toleft": 2299, "fromright": 2100, "toright": 2298, "onewaydir": " "}}, {"type": "Feature", "geometry": {"type": "LineString", "coordinates": [[-95.3992914050171, 29.7369399781482], [-95.4010310016519, 29.736926482756]]}, "properties": {"centerlineid": 10136665, "roadclass": "LOCAL", "fullname": "BRANARD ST", "fromleft": 1601, "toleft": 1699, "fromright": 1600, "toright": 1698, "onewaydir": " "}}, {"type": "Feature", "geometry": {"type": "LineString", "coordinates": [[-95.3909601677048, 29.7243779520529], [-95.3907693718572, 29.7244352360552], [-95.3906928225738, 29.7244042227766]]}, "properties": {"centerlineid": 10137031, "roadclass": "MAJOR", "fullname": "MAIN ST", "fromleft": 5733, "toleft": 5799, "fromright": 0, "toright": 0, "onewaydir": "FT"}}, {"type": "Feature", "geometry": {"type": "LineString", "coordinates": [[-95.3733666836039, 29.7366748089823], [-95.3729623555187, 29.7364343435118]]}, "properties": {"centerlineid": 10137296, "roadclass": "LOCAL", "fullname": "HOLMAN ST", "fromleft": 1601, "toleft": 1609, "fromright": 1600, "toright": 1608, "onewaydir": " "}}, {"type": "Feature", "geometry": {"type": "LineString", "coordinates": [[-95.3814129896481, 29.7376663419136], [-95.3805917909491, 29.7371763431443]]}, "properties": {"centerlineid": 10137558, "roadclass": "LOCAL", "fullname": "TRUXILLO ST", "fromleft": 901, "toleft": 999, "fromright": 900, "toright": 998, "onewaydir": " "}}, {"type": "Feature", "geometry": {"type": "LineString", "coordinates": [[-95.40078682814, 29.7257054703256], [-95.4007866045322, 29.7257027201262], [-95.4007637651855, 29.7246337358335], [-95.4007637740912, 29.7246259695134], [-95.4007409958991, 29.7239889012217], [-95.4007334301372, 29.7231955732204]]}, "properties": {"centerlineid": 10136758, "roadclass": "LOCAL", "fullname": "CHEROKEE ST", "fromleft": 5301, "toleft": 5399, "fromright": 5300, "toright": 5398, "onewaydir": " "}}, {"type": "Feature", "geometry": {"type": "LineString", "coordinates": [[-95.3756248983757, 29.7425094294563], [-95.3752881221422, 29.7423038259257], [-95.3752434056062, 29.7422766601635]]}, "properties": {"centerlineid": 10135637, "roadclass": "LOCAL", "fullname": "ANITA ST", "fromleft": 1019, "toleft": 1099, "fromright": 1018, "toright": 1098, "onewaydir": " "}}, {"type": "Feature", "geometry": {"type": "LineString", "coordinates": [[-95.3869392934145, 29.737090539044], [-95.3869317812861, 29.736218920919]]}, "properties": {"centerlineid": 10136932, "roadclass": "LOCAL", "fullname": "JACK ST", "fromleft": 4001, "toleft": 4099, "fromright": 4000, "toright": 4098, "onewaydir": " "}}, {"type": "Feature", "geometry": {"type": "LineString", "coordinates": [[-95.3709257201457, 29.7379380669116], [-95.3702005613769, 29.7375062980027]]}, "properties": {"centerlineid": 10204456, "roadclass": "MAJOR", "fullname": "ELGIN ST", "fromleft": 1717, "toleft": 1799, "fromright": 1716, "toright": 1798, "onewaydir": " "}}, {"type": "Feature", "geometry": {"type": "LineString", "coordinates": [[-95.3910913680382, 29.7317275741243], [-95.391082238734, 29.730950658122]]}, "properties": {"centerlineid": 10201233, "roadclass": "MAJOR", "fullname": "MONTROSE BLVD", "fromleft": 4601, "toleft": 4699, "fromright": 4600, "toright": 4698, "onewaydir": " "}}, {"type": "Feature", "geometry": {"type": "LineString", "coordinates": [[-95.391227120024, 29.7423720753997], [-95.3912195952471, 29.7413400215798]]}, "properties": {"centerlineid": 10134073, "roadclass": "MAJOR", "fullname": "MONTROSE BLVD", "fromleft": 3401, "toleft": 3499, "fromright": 3400, "toright": 3498, "onewaydir": " "}}, {"type": "Feature", "geometry": {"type": "LineString", "coordinates": [[-95.3815836593993, 29.7294801190103], [-95.3814996503682, 29.7294383566574], [-95.3807519749647, 29.7289804244963]]}, "properties": {"centerlineid": 10137194, "roadclass": "LOCAL", "fullname": "WENTWORTH ST", "fromleft": 1401, "toleft": 1499, "fromright": 1400, "toright": 1498, "onewaydir": " "}}, {"type": "Feature", "geometry": {"type": "LineString", "coordinates": [[-95.3827216715118, 29.7371485501134], [-95.3830560488365, 29.7369055074371], [-95.383300180318, 29.736676672145], [-95.3834891358782, 29.7364659116963]]}, "properties": {"centerlineid": 10137114, "roadclass": "FRONTAGE", "fullname": "SOUTHWEST FWY", "fromleft": 201, "toleft": 299, "fromright": 200, "toright": 298, "onewaydir": "FT"}}, {"type": "Feature", "geometry": {"type": "LineString", "coordinates": [[-95.3937600602252, 29.7301287986099], [-95.3937524904232, 29.7300715185435], [-95.3937447744895, 29.7293276796099]]}, "properties": {"centerlineid": 10136598, "roadclass": "LOCAL", "fullname": "MT VERNON ST", "fromleft": 4801, "toleft": 4899, "fromright": 4800, "toright": 4898, "onewaydir": " "}}, {"type": "Feature", "geometry": {"type": "LineString", "coordinates": [[-95.3810495114095, 29.7429976983147], [-95.380202525602, 29.7424920560272]]}, "properties": {"centerlineid": 10135616, "roadclass": "LOCAL", "fullname": "STUART ST", "fromleft": 601, "toleft": 699, "fromright": 600, "toright": 698, "onewaydir": " "}}, {"type": "Feature", "geometry": {"type": "LineString", "coordinates": [[-95.3837807289133, 29.729938059962], [-95.3842308872733, 29.7293619022823]]}, "properties": {"centerlineid": 10136695, "roadclass": "LOCAL", "fullname": "SAN JACINTO ST", "fromleft": 4821, "toleft": 4899, "fromright": 4820, "toright": 4898, "onewaydir": "TF"}}, {"type": "Feature", "geometry": {"type": "LineString", "coordinates": [[-95.3978952266952, 29.7352519555231], [-95.3978799412893, 29.7345842953961], [-95.3978799153658, 29.7344355331573]]}, "properties": {"centerlineid": 10136984, "roadclass": "LOCAL", "fullname": "LORETTO DR", "fromleft": 4201, "toleft": 4299, "fromright": 4200, "toright": 4298, "onewaydir": " "}}, {"type": "Feature", "geometry": {"type": "LineString", "coordinates": [[-95.4020303565443, 29.7403787320023], [-95.4020210217498, 29.7398498577951], [-95.4020150615388, 29.7395185399997]]}, "properties": {"centerlineid": 10132172, "roadclass": "MAJOR", "fullname": "DUNLAVY ST", "fromleft": 3601, "toleft": 3699, "fromright": 3600, "toright": 3698, "onewaydir": " "}}, {"type": "Feature", "geometry": {"type": "LineString", "coordinates": [[-95.3925087305665, 29.7344871149138], [-95.3936991295714, 29.734488930641]]}, "properties": {"centerlineid": 10136965, "roadclass": "MAJOR", "fullname": "RICHMOND AVE", "fromleft": 1101, "toleft": 1199, "fromright": 1100, "toright": 1198, "onewaydir": " "}}, {"type": "Feature", "geometry": {"type": "LineString", "coordinates": [[-95.3878855179824, 29.7362093799878], [-95.38787774648, 29.735743901141], [-95.3878702406972, 29.7353566716269]]}, "properties": {"centerlineid": 10136672, "roadclass": "LOCAL", "fullname": "GREELEY ST", "fromleft": 4101, "toleft": 4199, "fromright": 4100, "toright": 4198, "onewaydir": " "}}, {"type": "Feature", "geometry": {"type": "LineString", "coordinates": [[-95.3837731842356, 29.7235426332241], [-95.384452241072, 29.7226995007917]]}, "properties": {"centerlineid": 10136411, "roadclass": "MAJOR", "fullname": "CRAWFORD ST", "fromleft": 5501, "toleft": 5599, "fromright": 5500, "toright": 5598, "onewaydir": " "}}, {"type": "Feature", "geometry": {"type": "LineString", "coordinates": [[-95.3798212325064, 29.7326596728506], [-95.3803630317664, 29.7326132270369], [-95.3804662429743, 29.7326043778033], [-95.3817524743475, 29.7325128651788], [-95.3823998138833, 29.7324385983134], [-95.3830031601184, 29.7323741353385], [-95.3831877802166, 29.7323510620596], [-95.3836435492451, 29.7322973661947], [-95.384489373136, 29.7322353644048], [-95.3845614256912, 29.7322300818639], [-95.3847853535921, 29.7322288992696], [-95.3852227558169, 29.7322115538471], [-95.387085215548, 29.7322113714984]]}, "properties": {"centerlineid": 10125930, "roadclass": "FREEWAY", "fullname": "S US 59", "fromleft": 0, "toleft": 0, "fromright": 500, "toright": 598, "onewaydir": "FT"}}, {"type": "Feature", "geometry": {"type": "LineString", "coordinates": [[-95.3805533346253, 29.7307925849089], [-95.3810290486687, 29.7301952218102]]}, "properties": {"centerlineid": 10137374, "roadclass": "LOCAL", "fullname": "AUSTIN ST", "fromleft": 4601, "toleft": 4699, "fromright": 4600, "toright": 4698, "onewaydir": " "}}, {"type": "Feature", "geometry": {"type": "LineString", "coordinates": [[-95.37035301487, 29.742082060308], [-95.3695062593838, 29.7415880775536], [-95.369483222109, 29.7415688926586]]}, "properties": {"centerlineid": 10135701, "roadclass": "LOCAL", "fullname": "DENNIS ST", "fromleft": 1501, "toleft": 1599, "fromright": 1500, "toright": 1598, "onewaydir": " "}}, {"type": "Feature", "geometry": {"type": "LineString", "coordinates": [[-95.372062025147, 29.7367300531571], [-95.371632116739, 29.7364245758123], [-95.3714398132643, 29.7361375445921]]}, "properties": {"centerlineid": 10137297, "roadclass": "LOCAL", "fullname": "FRANCIS ST", "fromleft": 1701, "toleft": 1799, "fromright": 1700, "toright": 1798, "onewaydir": "FT"}}, {"type": "Feature", "geometry": {"type": "LineString", "coordinates": [[-95.3883126806235, 29.7289918143197], [-95.3884575434658, 29.7289842783917], [-95.3884740004219, 29.7289842256066]]}, "properties": {"centerlineid": 10203870, "roadclass": "LOCAL", "fullname": "PINEDALE ST", "fromleft": 1, "toleft": 9, "fromright": 2, "toright": 10, "onewaydir": " "}}, {"type": "Feature", "geometry": {"type": "LineString", "coordinates": [[-95.3690407601603, 29.7230027594165], [-95.367316485533, 29.7219691243887]]}, "properties": {"centerlineid": 10137829, "roadclass": "MAJOR", "fullname": "BLODGETT ST", "fromleft": 2801, "toleft": 2999, "fromright": 2800, "toright": 2998, "onewaydir": " "}}, {"type": "Feature", "geometry": {"type": "LineString", "coordinates": [[-95.3754572076439, 29.7324197173881], [-95.3746179835344, 29.731912176921]]}, "properties": {"centerlineid": 10137385, "roadclass": "LOCAL", "fullname": "CLEBURNE ST", "fromleft": 1701, "toleft": 1799, "fromright": 1700, "toright": 1798, "onewaydir": " "}}, {"type": "Feature", "geometry": {"type": "LineString", "coordinates": [[-95.3844216240249, 29.7345804325961], [-95.384839169253, 29.7345563507033]]}, "properties": {"centerlineid": 10136623, "roadclass": "MAJOR", "fullname": "RICHMOND AVE", "fromleft": 401, "toleft": 499, "fromright": 400, "toright": 498, "onewaydir": " "}}, {"type": "Feature", "geometry": {"type": "LineString", "coordinates": [[-95.3762886659758, 29.7253335143877], [-95.3764337843068, 29.7251085718183], [-95.3764947210444, 29.7249999260806], [-95.3767466209654, 29.7245249068936]]}, "properties": {"centerlineid": 10137157, "roadclass": "FRONTAGE", "fullname": "SOUTH FWY", "fromleft": 0, "toleft": 0, "fromright": 4900, "toright": 4998, "onewaydir": "FT"}}, {"type": "Feature", "geometry": {"type": "LineString", "coordinates": [[-95.3763192434396, 29.7393202554189], [-95.3754647216524, 29.7388091676845]]}, "properties": {"centerlineid": 10137462, "roadclass": "LOCAL", "fullname": "FRANCIS ST", "fromleft": 1201, "toleft": 1299, "fromright": 1200, "toright": 1298, "onewaydir": " "}}, {"type": "Feature", "geometry": {"type": "LineString", "coordinates": [[-95.388854367251, 29.7362036360417], [-95.3898384628482, 29.7361902010539]]}, "properties": {"centerlineid": 10136667, "roadclass": "LOCAL", "fullname": "W MAIN ST", "fromleft": 801, "toleft": 899, "fromright": 800, "toright": 898, "onewaydir": " "}}, {"type": "Feature", "geometry": {"type": "LineString", "coordinates": [[-95.3893654525246, 29.7244372663843], [-95.3889382840262, 29.7241739503867]]}, "properties": {"centerlineid": 10136566, "roadclass": "LOCAL", "fullname": "EWING ST", "fromleft": 1101, "toleft": 1109, "fromright": 1100, "toright": 1108, "onewaydir": " "}}, {"type": "Feature", "geometry": {"type": "LineString", "coordinates": [[-95.3957056950503, 29.7378305166846], [-95.3956903815734, 29.7369723660191]]}, "properties": {"centerlineid": 10136684, "roadclass": "LOCAL", "fullname": "YUPON ST", "fromleft": 3901, "toleft": 3999, "fromright": 3900, "toright": 3998, "onewaydir": " "}}, {"type": "Feature", "geometry": {"type": "LineString", "coordinates": [[-95.3885339944473, 29.7239298104067], [-95.3891137543164, 29.7232183672646], [-95.3892739413009, 29.7231134150266]]}, "properties": {"centerlineid": 10136439, "roadclass": "LOCAL", "fullname": "SAN JACINTO ST", "fromleft": 5701, "toleft": 5799, "fromright": 5700, "toright": 5798, "onewaydir": "TF"}}, {"type": "Feature", "geometry": {"type": "LineString", "coordinates": [[-95.3710240860485, 29.7325184330914], [-95.3705590216096, 29.7322496743027]]}, "properties": {"centerlineid": 10137472, "roadclass": "MAJOR", "fullname": "ALABAMA ST", "fromleft": 2051, "toleft": 2099, "fromright": 2050, "toright": 2098, "onewaydir": " "}}, {"type": "Feature", "geometry": {"type": "LineString", "coordinates": [[-95.370749818673, 29.7240290722563], [-95.370146956543, 29.7236781329751], [-95.3690407601603, 29.7230027594165]]}, "properties": {"centerlineid": 10137421, "roadclass": "MAJOR", "fullname": "BLODGETT ST", "fromleft": 2601, "toleft": 2799, "fromright": 2600, "toright": 2798, "onewaydir": " "}}, {"type": "Feature", "geometry": {"type": "LineString", "coordinates": [[-95.388854367251, 29.7362036360417], [-95.3888468217104, 29.7357285790985], [-95.3888468285976, 29.7353473216007]]}, "properties": {"centerlineid": 10137018, "roadclass": "LOCAL", "fullname": "STANFORD ST", "fromleft": 4101, "toleft": 4199, "fromright": 4100, "toright": 4198, "onewaydir": " "}}, {"type": "Feature", "geometry": {"type": "LineString", "coordinates": [[-95.3846721014975, 29.735403662031], [-95.3845335067286, 29.7353978645854], [-95.3843381503879, 29.7353968922376]]}, "properties": {"centerlineid": 10137082, "roadclass": "LOCAL", "fullname": "COLQUITT ST", "fromleft": 0, "toleft": 0, "fromright": 0, "toright": 0, "onewaydir": " "}}, {"type": "Feature", "geometry": {"type": "LineString", "coordinates": [[-95.3899224090723, 29.7423834873807], [-95.3899071057042, 29.7413592247725]]}, "properties": {"centerlineid": 10134234, "roadclass": "LOCAL", "fullname": "ROSELAND ST", "fromleft": 3401, "toleft": 3499, "fromright": 3400, "toright": 3498, "onewaydir": " "}}, {"type": "Feature", "geometry": {"type": "LineString", "coordinates": [[-95.3861306569601, 29.7237237617885], [-95.3863710636738, 29.7234239339774], [-95.3867943886212, 29.722895973556]]}, "properties": {"centerlineid": 10136488, "roadclass": "LOCAL", "fullname": "AUSTIN ST", "fromleft": 5601, "toleft": 5699, "fromright": 5600, "toright": 5698, "onewaydir": " "}}, {"type": "Feature", "geometry": {"type": "LineString", "coordinates": [[-95.3844216641807, 29.7243341502238], [-95.3845437051562, 29.7241778404807], [-95.384635198931, 29.7240594093369]]}, "properties": {"centerlineid": 10137026, "roadclass": "LOCAL", "fullname": "LA BRANCH ST", "fromleft": 5407, "toleft": 5499, "fromright": 5406, "toright": 5498, "onewaydir": " "}}, {"type": "Feature", "geometry": {"type": "LineString", "coordinates": [[-95.3697045437098, 29.7317307776628], [-95.3688500338698, 29.7312235530899]]}, "properties": {"centerlineid": 10137408, "roadclass": "MAJOR", "fullname": "ALABAMA ST", "fromleft": 2201, "toleft": 2299, "fromright": 2200, "toright": 2298, "onewaydir": " "}}, {"type": "Feature", "geometry": {"type": "LineString", "coordinates": [[-95.3784478482083, 29.7286504862552], [-95.3776545316294, 29.7281756257145]]}, "properties": {"centerlineid": 10137358, "roadclass": "MAJOR", "fullname": "BLODGETT ST", "fromleft": 1701, "toleft": 1799, "fromright": 1700, "toright": 1798, "onewaydir": " "}}, {"type": "Feature", "geometry": {"type": "LineString", "coordinates": [[-95.3792799096644, 29.73558552895], [-95.378752949701, 29.7352729167356], [-95.3785852045615, 29.7351754866918], [-95.3784325774539, 29.7350801396383]]}, "properties": {"centerlineid": 10137635, "roadclass": "LOCAL", "fullname": "ISABELLA ST", "fromleft": 1201, "toleft": 1299, "fromright": 1200, "toright": 1298, "onewaydir": " "}}, {"type": "Feature", "geometry": {"type": "LineString", "coordinates": [[-95.3819420743925, 29.7421431803478], [-95.3819345824716, 29.7420478046409], [-95.381934548566, 29.7417826980236], [-95.3819345784726, 29.7416300271585]]}, "properties": {"centerlineid": 10135596, "roadclass": "MAJOR", "fullname": "BAGBY ST", "fromleft": 3501, "toleft": 3599, "fromright": 3500, "toright": 3598, "onewaydir": " "}}, {"type": "Feature", "geometry": {"type": "LineString", "coordinates": [[-95.3792799096644, 29.73558552895], [-95.3796914044023, 29.735076485645], [-95.3797753694877, 29.7350114429065]]}, "properties": {"centerlineid": 10137574, "roadclass": "LOCAL", "fullname": "SAN JACINTO ST", "fromleft": 4001, "toleft": 4099, "fromright": 4000, "toright": 4098, "onewaydir": "FT"}}, {"type": "Feature", "geometry": {"type": "LineString", "coordinates": [[-95.3837272993031, 29.7252345042007], [-95.3831552889758, 29.7248988773684], [-95.3828424690642, 29.724711755691]]}, "properties": {"centerlineid": 10136732, "roadclass": "LOCAL", "fullname": "OAKDALE ST", "fromleft": 1501, "toleft": 1599, "fromright": 1500, "toright": 1598, "onewaydir": " "}}, {"type": "Feature", "geometry": {"type": "LineString", "coordinates": [[-95.3992760843878, 29.7360948090127], [-95.3992685539096, 29.7355665857728], [-95.3992685781971, 29.7352366365553]]}, "properties": {"centerlineid": 10136865, "roadclass": "LOCAL", "fullname": "MANDELL ST", "fromleft": 4101, "toleft": 4199, "fromright": 4100, "toright": 4198, "onewaydir": " "}}, {"type": "Feature", "geometry": {"type": "MultiLineString", "coordinates": [[[-95.380197189027, 29.7324468728824], [-95.3800895440344, 29.7323875183748]], [[-95.3800895440344, 29.7323875183748], [-95.3800194998719, 29.7323488959272], [-95.3795237115394, 29.732058903768]]]}, "properties": {"centerlineid": 10137526, "roadclass": "MAJOR", "fullname": "WHEELER ST", "fromleft": 1311, "toleft": 1399, "fromright": 1310, "toright": 1398, "onewaydir": " "}}, {"type": "Feature", "geometry": {"type": "LineString", "coordinates": [[-95.3767007283496, 29.7340579222921], [-95.3771812816976, 29.7334589779733]]}, "properties": {"centerlineid": 10137381, "roadclass": "LOCAL", "fullname": "LA BRANCH ST", "fromleft": 4001, "toleft": 4099, "fromright": 4000, "toright": 4098, "onewaydir": "FT"}}, {"type": "Feature", "geometry": {"type": "LineString", "coordinates": [[-95.3718178716882, 29.7274507486464], [-95.3709711434262, 29.7269471886458]]}, "properties": {"centerlineid": 10137350, "roadclass": "MAJOR", "fullname": "WHEELER ST", "fromleft": 2301, "toleft": 2399, "fromright": 2300, "toright": 2398, "onewaydir": " "}}, {"type": "Feature", "geometry": {"type": "LineString", "coordinates": [[-95.3765222788208, 29.7293465360342], [-95.3767847428876, 29.7286027679234]]}, "properties": {"centerlineid": 10137743, "roadclass": "MAJOR", "fullname": "ALMEDA RD", "fromleft": 4501, "toleft": 4599, "fromright": 4500, "toright": 4598, "onewaydir": " "}}, {"type": "Feature", "geometry": {"type": "LineString", "coordinates": [[-95.3804925220261, 29.7437070708034], [-95.3810495114095, 29.7429976983147]]}, "properties": {"centerlineid": 10136357, "roadclass": "LOCAL", "fullname": "SMITH ST", "fromleft": 3201, "toleft": 3299, "fromright": 3200, "toright": 3298, "onewaydir": "FT"}}, {"type": "Feature", "geometry": {"type": "LineString", "coordinates": [[-95.3995430784139, 29.7231992135718], [-95.3995307944987, 29.7231543353659], [-95.3995279597481, 29.7231443622416], [-95.3995249269761, 29.7231344323143], [-95.3995216972757, 29.7231245512552], [-95.399518270607, 29.7231147201915], [-95.3995146494339, 29.7231049425745], [-95.3995108349683, 29.7230952206936], [-95.3995068270512, 29.7230855590578], [-95.3995026269344, 29.7230759588295], [-95.399498237042, 29.7230664245869], [-95.3994936586256, 29.7230569574921], [-95.3994888915263, 29.7230475620544], [-95.3994839382873, 29.7230382394705], [-95.3994788013724, 29.7230289931916], [-95.3994734806624, 29.7230198265997], [-95.3994679786607, 29.7230107420187], [-95.3994622965396, 29.7230017428652], [-95.3994564368424, 29.722992830336], [-95.3994503994498, 29.722984007813], [-95.3994441881171, 29.7229752787821], [-95.3994378040961, 29.7229666444054], [-95.3994312498107, 29.7229581092614], [-95.3994245265524, 29.7229496733849], [-95.3994176354537, 29.7229413413198], [-95.3994105803097, 29.7229331154248], [-95.3994033623721, 29.7229249968618], [-95.3993959853563, 29.7229169902442], [-95.399388447971, 29.7229090955373], [-95.3993807565543, 29.7229013162965], [-95.3993729110267, 29.7228936547764], [-95.3993649138917, 29.722886113301], [-95.3993567676131, 29.7228786953216], [-95.3993484747738, 29.7228714009077], [-95.3993400391689, 29.7228642324179], [-95.3993314619309, 29.7228571943962], [-95.3993227456426, 29.7228502869118], [-95.3993138940993, 29.7228435123237], [-95.3993049085126, 29.7228368729211], [-95.3992957913864, 29.7228303710279], [-95.3992865478466, 29.7228240079104], [-95.3992771778139, 29.7228177858231], [-95.3992676863746, 29.7228117071594], [-95.3992580747805, 29.7228057730814], [-95.3992483468268, 29.7227999859478], [-95.3992385050564, 29.7227943469553], [-95.3992285520127, 29.7227888573006], [-95.3992184927822, 29.7227835193771], [-95.3992083272853, 29.7227783354395], [-95.3991980606483, 29.7227733067539], [-95.3991876967457, 29.7227684334245], [-95.3991772367894, 29.7227637177404], [-95.3991666832829, 29.7227591620258], [-95.3991560426836, 29.7227547664542], [-95.3991453149121, 29.7227505332802], [-95.3988106319343, 29.7226214973628]]}, "properties": {"centerlineid": 10136444, "roadclass": "LOCAL", "fullname": "SUNSET BLVD", "fromleft": 1511, "toleft": 1599, "fromright": 1510, "toright": 1598, "onewaydir": " "}}, {"type": "Feature", "geometry": {"type": "LineString", "coordinates": [[-95.372741028134, 29.7390512588819], [-95.3718942878996, 29.7385362636254]]}, "properties": {"centerlineid": 10137250, "roadclass": "MAJOR", "fullname": "ELGIN ST", "fromleft": 1501, "toleft": 1599, "fromright": 1500, "toright": 1598, "onewaydir": " "}}, {"type": "Feature", "geometry": {"type": "MultiLineString", "coordinates": [[[-95.3803932788944, 29.7325549763136], [-95.3802355926278, 29.7324680441597]], [[-95.3802355926278, 29.7324680441597], [-95.380197189027, 29.7324468728824]]]}, "properties": {"centerlineid": 10137525, "roadclass": "MAJOR", "fullname": "WHEELER ST", "fromleft": 1301, "toleft": 1309, "fromright": 1300, "toright": 1308, "onewaydir": " "}}, {"type": "Feature", "geometry": {"type": "LineString", "coordinates": [[-95.3816751137742, 29.7278208336085], [-95.3822321041427, 29.7271132701439]]}, "properties": {"centerlineid": 10137483, "roadclass": "LOCAL", "fullname": "LA BRANCH ST", "fromleft": 4901, "toleft": 4999, "fromright": 4900, "toright": 4998, "onewaydir": " "}}, {"type": "Feature", "geometry": {"type": "LineString", "coordinates": [[-95.3759302013606, 29.7382197756216], [-95.3756410652037, 29.73804675991], [-95.3750756990654, 29.7377084507766]]}, "properties": {"centerlineid": 10137273, "roadclass": "LOCAL", "fullname": "HOLMAN ST", "fromleft": 1301, "toleft": 1399, "fromright": 1300, "toright": 1398, "onewaydir": " "}}, {"type": "Feature", "geometry": {"type": "LineString", "coordinates": [[-95.3946373421065, 29.7285283893727], [-95.3951256692157, 29.7280134168539]]}, "properties": {"centerlineid": 10136854, "roadclass": "LOCAL", "fullname": "PARK WAY", "fromleft": 5001, "toleft": 5099, "fromright": 5000, "toright": 5098, "onewaydir": " "}}, {"type": "Feature", "geometry": {"type": "LineString", "coordinates": [[-95.3670723394191, 29.731900567466], [-95.3670267269104, 29.73191970553], [-95.3670036685494, 29.7319235914226], [-95.3669502631314, 29.7319101427419], [-95.3661797371062, 29.7314485319065]]}, "properties": {"centerlineid": 10137186, "roadclass": "LOCAL", "fullname": "BERRY ST", "fromleft": 2401, "toleft": 2499, "fromright": 2400, "toright": 2498, "onewaydir": " "}}, {"type": "Feature", "geometry": {"type": "LineString", "coordinates": [[-95.3707878780472, 29.7415154863039], [-95.371260882343, 29.7409300327865]]}, "properties": {"centerlineid": 10136172, "roadclass": "LOCAL", "fullname": "LA BRANCH ST", "fromleft": 2801, "toleft": 2899, "fromright": 2800, "toright": 2898, "onewaydir": "FT"}}, {"type": "Feature", "geometry": {"type": "LineString", "coordinates": [[-95.3662027827787, 29.738765124943], [-95.3656380440052, 29.7384447402637]]}, "properties": {"centerlineid": 10137258, "roadclass": "LOCAL", "fullname": "DREW ST", "fromleft": 2001, "toleft": 2099, "fromright": 2000, "toright": 2098, "onewaydir": " "}}, {"type": "Feature", "geometry": {"type": "LineString", "coordinates": [[-95.4019922527529, 29.7386583321648], [-95.4019616807671, 29.7360623955095]]}, "properties": {"centerlineid": 10132180, "roadclass": "MAJOR", "fullname": "DUNLAVY ST", "fromleft": 3801, "toleft": 4099, "fromright": 3800, "toright": 4098, "onewaydir": " "}}, {"type": "Feature", "geometry": {"type": "LineString", "coordinates": [[-95.366256200274, 29.7329458333837], [-95.3653099411156, 29.7323794833459]]}, "properties": {"centerlineid": 10137182, "roadclass": "LOCAL", "fullname": "DIVISION ST", "fromleft": 2401, "toleft": 2499, "fromright": 2400, "toright": 2498, "onewaydir": " "}}, {"type": "Feature", "geometry": {"type": "LineString", "coordinates": [[-95.3658822149081, 29.7349790347612], [-95.3650201669826, 29.7344736739498]]}, "properties": {"centerlineid": 10137128, "roadclass": "MAJOR", "fullname": "ELGIN ST", "fromleft": 2301, "toleft": 2399, "fromright": 2300, "toright": 2398, "onewaydir": " "}}, {"type": "Feature", "geometry": {"type": "MultiLineString", "coordinates": [[[-95.3799508479407, 29.7331632430051], [-95.3791619870037, 29.7326991822761]], [[-95.3791619870037, 29.7326991822761], [-95.3790657326497, 29.7326425574406]]]}, "properties": {"centerlineid": 10137647, "roadclass": "LOCAL", "fullname": "BARBEE ST", "fromleft": 1301, "toleft": 1399, "fromright": 1300, "toright": 1398, "onewaydir": " "}}, {"type": "Feature", "geometry": {"type": "LineString", "coordinates": [[-95.3951103777644, 29.726634361571], [-95.3946907410402, 29.7261918938723], [-95.3946389652784, 29.7261157006702], [-95.3946220954803, 29.7260908252992]]}, "properties": {"centerlineid": 10136700, "roadclass": "LOCAL", "fullname": "PARK WAY", "fromleft": 5201, "toleft": 5299, "fromright": 5200, "toright": 5298, "onewaydir": " "}}, {"type": "Feature", "geometry": {"type": "LineString", "coordinates": [[-95.3879236160521, 29.7379202091571], [-95.3888924445514, 29.7378973906071]]}, "properties": {"centerlineid": 10137092, "roadclass": "LOCAL", "fullname": "SUL ROSS ST", "fromleft": 701, "toleft": 799, "fromright": 700, "toright": 798, "onewaydir": " "}}, {"type": "Feature", "geometry": {"type": "LineString", "coordinates": [[-95.3898615074826, 29.7378935065175], [-95.3902886594086, 29.7378878035971], [-95.3905099478962, 29.7378839052486], [-95.3911736962376, 29.7378724824365]]}, "properties": {"centerlineid": 10136635, "roadclass": "LOCAL", "fullname": "SUL ROSS ST", "fromleft": 971, "toleft": 999, "fromright": 970, "toright": 998, "onewaydir": " "}}, {"type": "Feature", "geometry": {"type": "LineString", "coordinates": [[-95.3739845738422, 29.7406819707392], [-95.3744575858736, 29.7400851111921]]}, "properties": {"centerlineid": 10135758, "roadclass": "LOCAL", "fullname": "CAROLINE ST", "fromleft": 3101, "toleft": 3199, "fromright": 3100, "toright": 3198, "onewaydir": "FT"}}, {"type": "Feature", "geometry": {"type": "LineString", "coordinates": [[-95.3936991295714, 29.734488930641], [-95.3936991489366, 29.7344718115715], [-95.3936838466474, 29.7335942642108]]}, "properties": {"centerlineid": 10136986, "roadclass": "LOCAL", "fullname": "MT VERNON ST", "fromleft": 4301, "toleft": 4399, "fromright": 4300, "toright": 4398, "onewaydir": " "}}, {"type": "Feature", "geometry": {"type": "LineString", "coordinates": [[-95.3855127442332, 29.7301324533567], [-95.3850853705866, 29.7298730278711]]}, "properties": {"centerlineid": 10137014, "roadclass": "LOCAL", "fullname": "ROSEDALE ST", "fromleft": 1019, "toleft": 1099, "fromright": 1018, "toright": 1098, "onewaydir": " "}}, {"type": "Feature", "geometry": {"type": "LineString", "coordinates": [[-95.399444020668, 29.7257303221877], [-95.3995933024526, 29.7257275600734]]}, "properties": {"centerlineid": 10201255, "roadclass": "MAJOR", "fullname": "BISSONNET ST", "fromleft": 1601, "toleft": 1605, "fromright": 1600, "toright": 1604, "onewaydir": " "}}, {"type": "Feature", "geometry": {"type": "LineString", "coordinates": [[-95.3770058180642, 29.7433333482469], [-95.3766395942476, 29.743117743331]]}, "properties": {"centerlineid": 10135727, "roadclass": "LOCAL", "fullname": "ANITA ST", "fromleft": 901, "toleft": 913, "fromright": 900, "toright": 912, "onewaydir": " "}}, {"type": "Feature", "geometry": {"type": "LineString", "coordinates": [[-95.3937447744895, 29.7293276796099], [-95.3946604346489, 29.7293199500894]]}, "properties": {"centerlineid": 10136845, "roadclass": "LOCAL", "fullname": "MILFORD ST", "fromleft": 1201, "toleft": 1299, "fromright": 1200, "toright": 1298, "onewaydir": " "}}, {"type": "Feature", "geometry": {"type": "LineString", "coordinates": [[-95.3848793742002, 29.7353986602938], [-95.3853981937592, 29.7353854473467]]}, "properties": {"centerlineid": 10136628, "roadclass": "LOCAL", "fullname": "COLQUITT ST", "fromleft": 401, "toleft": 499, "fromright": 400, "toright": 498, "onewaydir": " "}}, {"type": "Feature", "geometry": {"type": "LineString", "coordinates": [[-95.3726570624586, 29.7343992478834], [-95.3730310416946, 29.7339127957826], [-95.3731225797116, 29.7338327053989]]}, "properties": {"centerlineid": 10137613, "roadclass": "LOCAL", "fullname": "CHENEVERT ST", "fromleft": 3701, "toleft": 3799, "fromright": 3700, "toright": 3798, "onewaydir": " "}}, {"type": "Feature", "geometry": {"type": "LineString", "coordinates": [[-95.3660501457872, 29.7267602802729], [-95.366561259597, 29.726127125541]]}, "properties": {"centerlineid": 10137723, "roadclass": "LOCAL", "fullname": "DELANO ST", "fromleft": 4101, "toleft": 4199, "fromright": 4100, "toright": 4198, "onewaydir": " "}}, {"type": "Feature", "geometry": {"type": "LineString", "coordinates": [[-95.4020990448605, 29.7296288490815], [-95.4020837445454, 29.7287764243288]]}, "properties": {"centerlineid": 10136605, "roadclass": "MAJOR", "fullname": "DUNLAVY ST", "fromleft": 4901, "toleft": 4999, "fromright": 4900, "toright": 4998, "onewaydir": " "}}, {"type": "Feature", "geometry": {"type": "LineString", "coordinates": [[-95.3708946774176, 29.7286162287454], [-95.3701013355666, 29.7281355061866], [-95.3699867879058, 29.7281792928764]]}, "properties": {"centerlineid": 10137348, "roadclass": "LOCAL", "fullname": "EAGLE ST", "fromleft": 2301, "toleft": 2399, "fromright": 2300, "toright": 2398, "onewaydir": " "}}, {"type": "Feature", "geometry": {"type": "LineString", "coordinates": [[-95.3846276781889, 29.7304452646929], [-95.3837807289133, 29.729938059962]]}, "properties": {"centerlineid": 10136574, "roadclass": "LOCAL", "fullname": "ARBOR PL", "fromleft": 1101, "toleft": 1199, "fromright": 1100, "toright": 1198, "onewaydir": " "}}, {"type": "Feature", "geometry": {"type": "LineString", "coordinates": [[-95.3790123714323, 29.7279371837092], [-95.379935541451, 29.7267755581729]]}, "properties": {"centerlineid": 10137218, "roadclass": "LOCAL", "fullname": "JACKSON ST", "fromleft": 4801, "toleft": 4899, "fromright": 4800, "toright": 4898, "onewaydir": " "}}, {"type": "Feature", "geometry": {"type": "LineString", "coordinates": [[-95.3898384628482, 29.7361902010539], [-95.3898309172845, 29.7357135171802], [-95.389830906054, 29.7353357008151]]}, "properties": {"centerlineid": 10136863, "roadclass": "LOCAL", "fullname": "ROSELAND ST", "fromleft": 4101, "toleft": 4199, "fromright": 4100, "toright": 4198, "onewaydir": " "}}, {"type": "Feature", "geometry": {"type": "LineString", "coordinates": [[-95.3896173573429, 29.7257951188125], [-95.3897243552289, 29.72585740583], [-95.389899617289, 29.7259591660148], [-95.3901095393653, 29.726031762995], [-95.3902580647186, 29.726083306146]]}, "properties": {"centerlineid": 10137055, "roadclass": "MAJOR", "fullname": "BISSONNET ST", "fromleft": 801, "toleft": 899, "fromright": 800, "toright": 898, "onewaydir": " "}}, {"type": "Feature", "geometry": {"type": "LineString", "coordinates": [[-95.3957590600532, 29.7412887140923], [-95.3957437778429, 29.7404417302849]]}, "properties": {"centerlineid": 10134238, "roadclass": "LOCAL", "fullname": "YUPON ST", "fromleft": 3501, "toleft": 3599, "fromright": 3500, "toright": 3598, "onewaydir": " "}}, {"type": "Feature", "geometry": {"type": "LineString", "coordinates": [[-95.3854060006932, 29.7362378613203], [-95.3853982161557, 29.735782011182], [-95.3853981937592, 29.7353854473467]]}, "properties": {"centerlineid": 10137016, "roadclass": "LOCAL", "fullname": "GARROTT ST", "fromleft": 4101, "toleft": 4199, "fromright": 4100, "toright": 4198, "onewaydir": " "}}, {"type": "Feature", "geometry": {"type": "LineString", "coordinates": [[-95.3732868586825, 29.7319984856502], [-95.3737557480248, 29.7313951457254]]}, "properties": {"centerlineid": 10137494, "roadclass": "LOCAL", "fullname": "HAMILTON ST", "fromleft": 4001, "toleft": 4099, "fromright": 4000, "toright": 4098, "onewaydir": "FT"}}, {"type": "Feature", "geometry": {"type": "LineString", "coordinates": [[-95.3978799153658, 29.7344355331573], [-95.3995046846681, 29.7344255561777]]}, "properties": {"centerlineid": 10136795, "roadclass": "MAJOR", "fullname": "RICHMOND AVE", "fromleft": 1417, "toleft": 1599, "fromright": 1416, "toright": 1598, "onewaydir": " "}}, {"type": "Feature", "geometry": {"type": "LineString", "coordinates": [[-95.3898767991014, 29.7387975219752], [-95.3898615074826, 29.7378935065175]]}, "properties": {"centerlineid": 10136680, "roadclass": "LOCAL", "fullname": "ROSELAND ST", "fromleft": 3801, "toleft": 3899, "fromright": 3800, "toright": 3898, "onewaydir": " "}}, {"type": "Feature", "geometry": {"type": "LineString", "coordinates": [[-95.3889458641029, 29.7423987563229], [-95.3899224090723, 29.7423834873807]]}, "properties": {"centerlineid": 10134476, "roadclass": "LOCAL", "fullname": "HAWTHORNE ST", "fromleft": 801, "toleft": 899, "fromright": 800, "toright": 898, "onewaydir": " "}}, {"type": "Feature", "geometry": {"type": "LineString", "coordinates": [[-95.3975518328401, 29.7428087918342], [-95.3981774682193, 29.7428012384841]]}, "properties": {"centerlineid": 10134154, "roadclass": "MAJOR", "fullname": "WESTHEIMER RD", "fromleft": 1501, "toleft": 1509, "fromright": 1500, "toright": 1508, "onewaydir": " "}}, {"type": "Feature", "geometry": {"type": "LineString", "coordinates": [[-95.3937753194134, 29.7404588127983], [-95.3937600340726, 29.739606387061]]}, "properties": {"centerlineid": 10136900, "roadclass": "LOCAL", "fullname": "MT VERNON ST", "fromleft": 3601, "toleft": 3699, "fromright": 3600, "toright": 3698, "onewaydir": " "}}, {"type": "Feature", "geometry": {"type": "LineString", "coordinates": [[-95.3820719144388, 29.74219455443], [-95.3820336010797, 29.7415899068605]]}, "properties": {"centerlineid": 10135907, "roadclass": "LOCAL", "fullname": "BURLINGTON ST", "fromleft": 3401, "toleft": 3499, "fromright": 3400, "toright": 3498, "onewaydir": " "}}, {"type": "Feature", "geometry": {"type": "LineString", "coordinates": [[-95.37035301487, 29.742082060308], [-95.3707878780472, 29.7415154863039]]}, "properties": {"centerlineid": 10136173, "roadclass": "LOCAL", "fullname": "LA BRANCH ST", "fromleft": 2701, "toleft": 2799, "fromright": 2700, "toright": 2798, "onewaydir": "FT"}}, {"type": "Feature", "geometry": {"type": "LineString", "coordinates": [[-95.3689873763613, 29.729459360002], [-95.367278373022, 29.7284159110575]]}, "properties": {"centerlineid": 10137344, "roadclass": "LOCAL", "fullname": "ISABELLA ST", "fromleft": 2401, "toleft": 2599, "fromright": 2400, "toright": 2598, "onewaydir": " "}}, {"type": "Feature", "geometry": {"type": "LineString", "coordinates": [[-95.3757013541377, 29.7353167340623], [-95.3762583477184, 29.7346338496722]]}, "properties": {"centerlineid": 10137319, "roadclass": "LOCAL", "fullname": "LA BRANCH ST", "fromleft": 3801, "toleft": 3899, "fromright": 3800, "toright": 3898, "onewaydir": "FT"}}, {"type": "Feature", "geometry": {"type": "LineString", "coordinates": [[-95.3845590219874, 29.7257341833449], [-95.3845743145198, 29.725713197645], [-95.3850014195267, 29.7251658126008]]}, "properties": {"centerlineid": 10137022, "roadclass": "LOCAL", "fullname": "AUSTIN ST", "fromleft": 5301, "toleft": 5399, "fromright": 5300, "toright": 5398, "onewaydir": " "}}, {"type": "Feature", "geometry": {"type": "LineString", "coordinates": [[-95.3765709065549, 29.7358239955617], [-95.3757013541377, 29.7353167340623]]}, "properties": {"centerlineid": 10137302, "roadclass": "MAJOR", "fullname": "ALABAMA ST", "fromleft": 1401, "toleft": 1499, "fromright": 1400, "toright": 1498, "onewaydir": " "}}, {"type": "Feature", "geometry": {"type": "LineString", "coordinates": [[-95.3995049417039, 29.7327570923032], [-95.4020833319745, 29.7327288224093], [-95.4021218832268, 29.7327283683855]]}, "properties": {"centerlineid": 10136747, "roadclass": "LOCAL", "fullname": "NORFOLK ST", "fromleft": 1601, "toleft": 1699, "fromright": 1600, "toright": 1698, "onewaydir": " "}}, {"type": "Feature", "geometry": {"type": "LineString", "coordinates": [[-95.4019616807671, 29.7360623955095], [-95.4020050221406, 29.736062163795], [-95.4044870850341, 29.736039583319]]}, "properties": {"centerlineid": 10132102, "roadclass": "LOCAL", "fullname": "W MAIN ST", "fromleft": 1701, "toleft": 1799, "fromright": 1700, "toright": 1798, "onewaydir": " "}}, {"type": "Feature", "geometry": {"type": "LineString", "coordinates": [[-95.3854821917439, 29.7424272755257], [-95.3854744048596, 29.7415727693223]]}, "properties": {"centerlineid": 10134232, "roadclass": "LOCAL", "fullname": "GARROTT ST", "fromleft": 3401, "toleft": 3499, "fromright": 3400, "toright": 3498, "onewaydir": " "}}, {"type": "Feature", "geometry": {"type": "LineString", "coordinates": [[-95.3695443669963, 29.7223638543536], [-95.3688653211276, 29.7219691163928], [-95.367834953145, 29.7213335599892]]}, "properties": {"centerlineid": 10137854, "roadclass": "LOCAL", "fullname": "WENTWORTH ST", "fromleft": 2801, "toleft": 2999, "fromright": 2800, "toright": 2998, "onewaydir": " "}}, {"type": "Feature", "geometry": {"type": "LineString", "coordinates": [[-95.3727488446589, 29.7246893822897], [-95.3730157886721, 29.7243494138]]}, "properties": {"centerlineid": 10214179, "roadclass": "MAJOR", "fullname": "EMANCIPATION AVE", "fromleft": 4755, "toleft": 4799, "fromright": 4754, "toright": 4798, "onewaydir": " "}}, {"type": "Feature", "geometry": {"type": "MultiLineString", "coordinates": [[[-95.3797525614687, 29.7324995176854], [-95.3800423139208, 29.7323909135391], [-95.3800895440344, 29.7323875183748]], [[-95.3800895440344, 29.7323875183748], [-95.3805635806922, 29.7323534378154]], [[-95.3805635806922, 29.7323534378154], [-95.3814766330756, 29.7322877875392], [-95.3817819314518, 29.7322592378406], [-95.3819801814586, 29.7322268202168]]]}, "properties": {"centerlineid": 10137778, "roadclass": "RAMP", "fullname": "SAN JACINTO 59 S NB ENT RAMP", "fromleft": 0, "toleft": 0, "fromright": 0, "toright": 0, "onewaydir": "TF"}}, {"type": "Feature", "geometry": {"type": "LineString", "coordinates": [[-95.3713448599247, 29.7280592762059], [-95.3705896411152, 29.7275976860323], [-95.3704675493328, 29.7275748874489]]}, "properties": {"centerlineid": 10137349, "roadclass": "LOCAL", "fullname": "BARBEE ST", "fromleft": 2301, "toleft": 2399, "fromright": 2300, "toright": 2398, "onewaydir": " "}}]}